team_abbr,group,title,name,pulled_at
ARI,front_office,Owner/chairman/president,Michael Bidwill,2026-08-31T00:53:23.584622+00:00
ARI,front_office,General manager,Monti Ossenfort,2026-08-31T00:53:23.584622+00:00
ARI,front_office,Assistant general manager,Dave Sears,2026-08-31T00:53:23.584622+00:00
ARI,front_office,Vice president of player personnel,Rob Kisiel,2026-08-31T00:53:23.584622+00:00
ARI,front_office,Vice president of football operations & facilities,Matt Caracciolo,2026-08-31T00:53:23.584622+00:00
ARI,front_office,Vice president of football administration,Matt Harriss,2026-08-31T00:53:23.584622+00:00
ARI,front_office,Director of pro personnel,Glen Fox,2026-08-31T00:53:23.584622+00:00
ARI,front_office,Director of college scouting,Vacant,2026-08-31T00:53:23.584622+00:00
ARI,front_office,Assistant director of college scouting,Alfonza Knight,2026-08-31T00:53:23.584622+00:00
ARI,head_coach,Head coach,Mike LaFleur,2026-08-31T00:53:23.584622+00:00
ARI,offense,Offensive coordinator,Nathaniel Hackett,2026-08-31T00:53:23.584622+00:00
ARI,offense,Quarterbacks,Matt Schaub,2026-08-31T00:53:23.584622+00:00
ARI,offense,Running backs,Matt Merritt,2026-08-31T00:53:23.584622+00:00
ARI,offense,Wide receivers,Tony Sorrentino,2026-08-31T00:53:23.584622+00:00
ARI,offense,Tight ends,Jake Moreland,2026-08-31T00:53:23.584622+00:00
ARI,offense,Offensive line,Justin Frye,2026-08-31T00:53:23.584622+00:00
ARI,offense,Assistant offensive line,Chris Cook,2026-08-31T00:53:23.584622+00:00
ARI,offense,Pass game specialist,Connor Senger,2026-08-31T00:53:23.584622+00:00
ARI,offense,Offensive quality control,Brett Ekkens,2026-08-31T00:53:23.584622+00:00
ARI,offense,Bill Bidwill fellowship,Wendy Laurent,2026-08-31T00:53:23.584622+00:00
ARI,defense,Defensive coordinator,Nick Rallis,2026-08-31T00:53:23.584622+00:00
ARI,defense,Defensive line,Pete Kwiatkowski,2026-08-31T00:53:23.584622+00:00
ARI,defense,Assistant defensive line,Alec Osborne,2026-08-31T00:53:23.584622+00:00
ARI,defense,Outside linebackers,Matt Feeney,2026-08-31T00:53:23.584622+00:00
ARI,defense,Inside linebackers,Rod Wilson,2026-08-31T00:53:23.584622+00:00
ARI,defense,Defensive backs,Cristian Garcia,2026-08-31T00:53:23.584622+00:00
ARI,defense,Cornerbacks,Zac Etheridge,2026-08-31T00:53:23.584622+00:00
ARI,defense,Senior defensive assistant,Teryl Austin,2026-08-31T00:53:23.584622+00:00
ARI,defense,Defensive quality control,Brent Jackson,2026-08-31T00:53:23.584622+00:00
ARI,special_teams,Special teams coordinator,Michael Ghobrial,2026-08-31T00:53:23.584622+00:00
ARI,special_teams,Assistant special teams,Sam Sewell,2026-08-31T00:53:23.584622+00:00
ARI,strength,"Director, football performance",Shea Thompson,2026-08-31T00:53:23.584622+00:00
ARI,strength,Head strength and conditioning,Kyle Sammons,2026-08-31T00:53:23.584622+00:00
ARI,strength,Assistant strength and conditioning,Matt King,2026-08-31T00:53:23.584622+00:00
ARI,strength,Assistant strength and conditioning,Rich Pruett,2026-08-31T00:53:23.584622+00:00
ARI,strength,Reconditioning/Assistant strength and conditioning,Aaron Sanchez,2026-08-31T00:53:23.584622+00:00
ARI,strength,Senior reconditioning coordinator,Buddy Morris,2026-08-31T00:53:23.584622+00:00
ATL,front_office,Owner/chairman,Arthur Blank,2026-08-31T00:53:23.584622+00:00
ATL,front_office,President/CEO,Greg Beadles,2026-08-31T00:53:23.584622+00:00
ATL,front_office,President of football,Matt Ryan,2026-08-31T00:53:23.584622+00:00
ATL,front_office,General manager,Ian Cunningham,2026-08-31T00:53:23.584622+00:00
ATL,front_office,Assistant general manager,Jeff Scott,2026-08-31T00:53:23.584622+00:00
ATL,front_office,Director of scouting,Adetokunbo Abanikanda,2026-08-31T00:53:23.584622+00:00
ATL,front_office,Director of college scouting,Shawn Heinlein,2026-08-31T00:53:23.584622+00:00
ATL,front_office,Assistant director of college scouting,Michael Ross,2026-08-31T00:53:23.584622+00:00
ATL,front_office,Senior vice president of football administration/senior personnel executive,Bryce Johnston,2026-08-31T00:53:23.584622+00:00
ATL,front_office,Senior personnel executive,Ruston Webster,2026-08-31T00:53:23.584622+00:00
ATL,head_coach,Head coach,Kevin Stefanski,2026-08-31T00:53:23.584622+00:00
ATL,offense,Offensive coordinator,Tommy Rees,2026-08-31T00:53:23.584622+00:00
ATL,offense,Passing game coordinator,Tanner Engstrand,2026-08-31T00:53:23.584622+00:00
ATL,offense,Quarterbacks,Alex Van Pelt,2026-08-31T00:53:23.584622+00:00
ATL,offense,Assistant quarterbacks,Jordan Reid,2026-08-31T00:53:23.584622+00:00
ATL,offense,Runningbacks,Michael Pitre,2026-08-31T00:53:23.584622+00:00
ATL,offense,Wide receivers,Robert Prince,2026-08-31T00:53:23.584622+00:00
ATL,offense,Tight ends,Kevin Koger,2026-08-31T00:53:23.584622+00:00
ATL,offense,Offensive line/run game coordinator,Bill Callahan,2026-08-31T00:53:23.584622+00:00
ATL,offense,Assistant offensive line,Nick Jones,2026-08-31T00:53:23.584622+00:00
ATL,offense,Assistant offensive line,Matt Jones,2026-08-31T00:53:23.584622+00:00
ATL,offense,Coaching fellow/offensive assistant,Michael Bearden,2026-08-31T00:53:23.584622+00:00
ATL,defense,Defensive coordinator,Jeff Ulbrich,2026-08-31T00:53:23.584622+00:00
ATL,defense,Defensive passing game coordinator,Patrick Toney,2026-08-31T00:53:23.584622+00:00
ATL,defense,Defensive line,Nate Ollie,2026-08-31T00:53:23.584622+00:00
ATL,defense,Outside linebackers,John Timu,2026-08-31T00:53:23.584622+00:00
ATL,defense,Inside linebackers,Barrett Ruud,2026-08-31T00:53:23.584622+00:00
ATL,defense,Secondary,Justin Hood,2026-08-31T00:53:23.584622+00:00
ATL,defense,Assistant defensive backs/nickels,Ricky Manning,2026-08-31T00:53:23.584622+00:00
ATL,defense,Senior defensive assistant,Dave Huxtable,2026-08-31T00:53:23.584622+00:00
ATL,defense,Defensive quality control,Troy Kruchten,2026-08-31T00:53:23.584622+00:00
ATL,special_teams,Special teams coordinator,Craig Aukerman,2026-08-31T00:53:23.584622+00:00
ATL,special_teams,Assistant special teams,Chase Blackburn,2026-08-31T00:53:23.584622+00:00
ATL,special_teams,Senior advisor to the head coach,Bob Quinn,2026-08-31T00:53:23.584622+00:00
ATL,special_teams,Director of coaching operations,Brian Griffin,2026-08-31T00:53:23.584622+00:00
ATL,special_teams,Manager of coaching operations,Jacqueline Roberts,2026-08-31T00:53:23.584622+00:00
ATL,special_teams,Coordinator of coaching operations,Madison McDoulett,2026-08-31T00:53:23.584622+00:00
ATL,strength,Director of player performance,John Griffin,2026-08-31T00:53:23.584622+00:00
ATL,strength,Assistant director of strength & conditioning,Paul Constantine,2026-08-31T00:53:23.584622+00:00
ATL,strength,Assistant director of strength & conditioning,Erik Jernstrom,2026-08-31T00:53:23.584622+00:00
ATL,strength,Assistant director of strength & conditioning,Josh Nelson,2026-08-31T00:53:23.584622+00:00
BAL,front_office,Owner,Steve Bisciotti,2026-08-31T00:53:23.584622+00:00
BAL,front_office,President,Sashi Brown,2026-08-31T00:53:23.584622+00:00
BAL,front_office,Executive vice president/general manager,Eric DeCosta,2026-08-31T00:53:23.584622+00:00
BAL,front_office,Executive vice president,Ozzie Newsome,2026-08-31T00:53:23.584622+00:00
BAL,front_office,Vice president of football operations,Nick Matteo,2026-08-31T00:53:23.584622+00:00
BAL,front_office,Vice president of player personnel,George Kokinis,2026-08-31T00:53:23.584622+00:00
BAL,front_office,Vice president of football science,David McDonald,2026-08-31T00:53:23.584622+00:00
BAL,front_office,Director of player personnel,Mark Azevedo,2026-08-31T00:53:23.584622+00:00
BAL,front_office,Assistant director of player personnel,Andrew Raphael,2026-08-31T00:53:23.584622+00:00
BAL,front_office,Assistant director of player personnel,Bobby Vega,2026-08-31T00:53:23.584622+00:00
BAL,front_office,Director of college scouting,Joey Cleary,2026-08-31T00:53:23.584622+00:00
BAL,front_office,Director of pro personnel,Corey Frazier,2026-08-31T00:53:23.584622+00:00
BAL,front_office,Director of football innovation,Steve Clagett,2026-08-31T00:53:23.584622+00:00
BAL,front_office,Director of data and decision science,Derrick Yam,2026-08-31T00:53:23.584622+00:00
BAL,front_office,Assistant director of football administration,Sophia Cortese,2026-08-31T00:53:23.584622+00:00
BAL,front_office,Director of football systems,James Oncea,2026-08-31T00:53:23.584622+00:00
BAL,front_office,Senior director of football information,Megan McLaughlin,2026-08-31T00:53:23.584622+00:00
BAL,front_office,Consultant,Pat Moriarty,2026-08-31T00:53:23.584622+00:00
BAL,front_office,Chief of staff to the head coach,Christina Deruyter,2026-08-31T00:53:23.584622+00:00
BAL,head_coach,Head coach,Jesse Minter,2026-08-31T00:53:23.584622+00:00
BAL,offense,Offensive coordinator,Declan Doyle,2026-08-31T00:53:23.584622+00:00
BAL,offense,Pass game coordinator,Marcus Brady,2026-08-31T00:53:23.584622+00:00
BAL,offense,Quarterbacks,Israel Woolfork,2026-08-31T00:53:23.584622+00:00
BAL,offense,Running backs,Eddie Faulkner,2026-08-31T00:53:23.584622+00:00
BAL,offense,Wide receivers,Keary Colbert,2026-08-31T00:53:23.584622+00:00
BAL,offense,Assistant wide receivers,Prentice Gill,2026-08-31T00:53:23.584622+00:00
BAL,offense,Tight ends,Zack Grossi,2026-08-31T00:53:23.584622+00:00
BAL,offense,Offensive line/run game coordinator,Dwayne Ledford,2026-08-31T00:53:23.584622+00:00
BAL,offense,Assistant offensive line,Shawn Flaherty,2026-08-31T00:53:23.584622+00:00
BAL,offense,Senior offensive assistant,Joe Lombardi,2026-08-31T00:53:23.584622+00:00
BAL,offense,Offensive quality control,Patrick Kramer,2026-08-31T00:53:23.584622+00:00
BAL,defense,Defensive coordinator,Anthony Weaver,2026-08-31T00:53:23.584622+00:00
BAL,defense,Defensive line,Lou Esposito,2026-08-31T00:53:23.584622+00:00
BAL,defense,Outside linebackers,Harland Bower,2026-08-31T00:53:23.584622+00:00
BAL,defense,Inside linebackers,Tyler Santucci,2026-08-31T00:53:23.584622+00:00
BAL,defense,Assistant linebackers,Matt O'Donnell,2026-08-31T00:53:23.584622+00:00
BAL,defense,Pass game coordinator/secondary,Mike Mickens,2026-08-31T00:53:23.584622+00:00
BAL,defense,Safeties,P. J. Volker,2026-08-31T00:53:23.584622+00:00
BAL,defense,Assistant defensive backs,Miles Taylor,2026-08-31T00:53:23.584622+00:00
BAL,defense,Football analyst,Rick Minter,2026-08-31T00:53:23.584622+00:00
BAL,defense,Game management coordinator/defensive assistant,Charlie Gelman,2026-08-31T00:53:23.584622+00:00
BAL,defense,Defensive quality control,Andrew Rogan,2026-08-31T00:53:23.584622+00:00
BAL,special_teams,Special teams coordinator,Anthony Levine Sr,2026-08-31T00:53:23.584622+00:00
BAL,special_teams,Senior special teams coach,Randy Brown,2026-08-31T00:53:23.584622+00:00
BAL,special_teams,Senior assistant special teams coach,Ben Kotwica,2026-08-31T00:53:23.584622+00:00
BAL,special_teams,Coaching research engineer,Ben Davis,2026-08-31T00:53:23.584622+00:00
BAL,strength,Strength and conditioning coordinator,Scott Elliott,2026-08-31T00:53:23.584622+00:00
BAL,strength,Assistant strength and conditioning,Kaelyn Buskey,2026-08-31T00:53:23.584622+00:00
BAL,strength,Assistant strength and conditioning,Kevin Hartman,2026-08-31T00:53:23.584622+00:00
BAL,strength,Strength and conditioning,Ron Shrift,2026-08-31T00:53:23.584622+00:00
BAL,strength,Strength and conditioning,Anthony Watson,2026-08-31T00:53:23.584622+00:00
BAL,strength,Applied sports science,Connor Gorny,2026-08-31T00:53:23.584622+00:00
BAL,strength,Director of high performance,Sam Rosengarten,2026-08-31T00:53:23.584622+00:00
BUF,front_office,Owner/CEO/president,Terry Pegula,2026-08-31T00:53:23.584622+00:00
BUF,front_office,Owner,Kim Pegula,2026-08-31T00:53:23.584622+00:00
BUF,front_office,President of football operations/general manager,Brandon Beane,2026-08-31T00:53:23.584622+00:00
BUF,front_office,Assistant general manager,Brian Gaine,2026-08-31T00:53:23.584622+00:00
BUF,front_office,Assistant general manager,Terrance Gray,2026-08-31T00:53:23.584622+00:00
BUF,front_office,Senior advisor to the GM/football operations,Jim Overdorf,2026-08-31T00:53:23.584622+00:00
BUF,front_office,Senior personnel advisor,Malik Boyd,2026-08-31T00:53:23.584622+00:00
BUF,front_office,Co,director of pro scouting – Chris Marrow,2026-08-31T00:53:23.584622+00:00
BUF,front_office,Co,director of pro scouting – Curtis Rukavina,2026-08-31T00:53:23.584622+00:00
BUF,front_office,Assistant director of pro scouting,Asil Mulbah,2026-08-31T00:53:23.584622+00:00
BUF,front_office,Vice president of football administration,Kevin Meganck,2026-08-31T00:53:23.584622+00:00
BUF,front_office,Director of football operations,Brendan Rowe,2026-08-31T00:53:23.584622+00:00
BUF,front_office,Director of college scouting,Matt Bazirgan,2026-08-31T00:53:23.584622+00:00
BUF,front_office,Assistant director of college scouting,Alonzo Dotson,2026-08-31T00:53:23.584622+00:00
BUF,front_office,Vice president of football research,Dennis Lock,2026-08-31T00:53:23.584622+00:00
BUF,front_office,Director of administration,Matt Worswick,2026-08-31T00:53:23.584622+00:00
BUF,head_coach,Head coach,Joe Brady,2026-08-31T00:53:23.584622+00:00
BUF,head_coach,Senior assistant,John Fox,2026-08-31T00:53:23.584622+00:00
BUF,offense,Offensive coordinator,Pete Carmichael,2026-08-31T00:53:23.584622+00:00
BUF,offense,Quarterbacks,Bo Hardegree,2026-08-31T00:53:23.584622+00:00
BUF,offense,Assistant quarterbacks,Kyle Shurmur,2026-08-31T00:53:23.584622+00:00
BUF,offense,Running backs,Kelly Skipper,2026-08-31T00:53:23.584622+00:00
BUF,offense,Wide receivers,Drew Terrell,2026-08-31T00:53:23.584622+00:00
BUF,offense,Assistant wide receivers,DJ Mangas,2026-08-31T00:53:23.584622+00:00
BUF,offense,Run game coordinator/tight ends,Rob Boras,2026-08-31T00:53:23.584622+00:00
BUF,offense,Offensive line,Pat Meyer,2026-08-31T00:53:23.584622+00:00
BUF,offense,Assistant offensive line,Austin Gund,2026-08-31T00:53:23.584622+00:00
BUF,offense,Pass game specialist/game management,Marc Lubick,2026-08-31T00:53:23.584622+00:00
BUF,offense,Offensive assistant,Trace McSorley,2026-08-31T00:53:23.584622+00:00
BUF,offense,Offensive assistant/fellowship,Milli Wilson,2026-08-31T00:53:23.584622+00:00
BUF,defense,Defensive coordinator,Jim Leonhard,2026-08-31T00:53:23.584622+00:00
BUF,defense,Defensive line,Terrance Jamison,2026-08-31T00:53:23.584622+00:00
BUF,defense,Inside linebackers,John Egorugwu,2026-08-31T00:53:23.584622+00:00
BUF,defense,Outside linebackers,Bobby April III,2026-08-31T00:53:23.584622+00:00
BUF,defense,Secondary,Joe Danna,2026-08-31T00:53:23.584622+00:00
BUF,defense,Cornerbacks,Jay Valai,2026-08-31T00:53:23.584622+00:00
BUF,defense,Senior defensive assistant,Jason Rebrovich,2026-08-31T00:53:23.584622+00:00
BUF,defense,Defensive assistant,Alvin Vaughn,2026-08-31T00:53:23.584622+00:00
BUF,defense,Defensive quality control,Craig Robertson,2026-08-31T00:53:23.584622+00:00
BUF,special_teams,Special teams coordinator,Jeff Rodgers,2026-08-31T00:53:23.584622+00:00
BUF,special_teams,Assistant special teams,Turner West,2026-08-31T00:53:23.584622+00:00
BUF,strength,Head strength and conditioning,Will Greenberg,2026-08-31T00:53:23.584622+00:00
BUF,strength,Strength & conditioning assistant,Nick Lacy,2026-08-31T00:53:23.584622+00:00
BUF,strength,Assistant strength & conditioning,Hal Luther,2026-08-31T00:53:23.584622+00:00
BUF,strength,Senior strength and conditioning assistant,Barry Rubin,2026-08-31T00:53:23.584622+00:00
BUF,strength,Strength & conditioning assistant,Jason Oszvart,2026-08-31T00:53:23.584622+00:00
CAR,front_office,Owner,David Tepper,2026-08-31T00:53:23.584622+00:00
CAR,front_office,President,Kristi Coleman,2026-08-31T00:53:23.584622+00:00
CAR,front_office,President of football operations/general manager,Dan Morgan,2026-08-31T00:53:23.584622+00:00
CAR,front_office,Executive vice president of football operations,Brandt Tilis,2026-08-31T00:53:23.584622+00:00
CAR,front_office,Vice president of football analytics,Eric Eager,2026-08-31T00:53:23.584622+00:00
CAR,front_office,Vice president of player development,Brian Decker,2026-08-31T00:53:23.584622+00:00
CAR,front_office,Director of pro scouting,Lee McNeill,2026-08-31T00:53:23.584622+00:00
CAR,front_office,Director of player personnel,Jared Kirksey,2026-08-31T00:53:23.584622+00:00
CAR,front_office,Assistant director of college scouting,Dave Whittington,2026-08-31T00:53:23.584622+00:00
CAR,front_office,Director of data science,Benjamin Brown,2026-08-31T00:53:23.584622+00:00
CAR,front_office,Director of football administration,Justin Davidov,2026-08-31T00:53:23.584622+00:00
CAR,head_coach,Head coach,Dave Canales,2026-08-31T00:53:23.584622+00:00
CAR,head_coach,Assistant head coach/run game coordinator,Harold Goodwin,2026-08-31T00:53:23.584622+00:00
CAR,head_coach,Associate head coach/offensive specialist,Darrell Bevell,2026-08-31T00:53:23.584622+00:00
CAR,offense,Offensive coordinator,Brad Idzik,2026-08-31T00:53:23.584622+00:00
CAR,offense,Pass game coordinator,Mike Bercovici,2026-08-31T00:53:23.584622+00:00
CAR,offense,Quarterbacks,Will Harriger,2026-08-31T00:53:23.584622+00:00
CAR,offense,Running backs,Bernie Parmalee,2026-08-31T00:53:23.584622+00:00
CAR,offense,Wide receivers,Rob Moore,2026-08-31T00:53:23.584622+00:00
CAR,offense,Tight ends,Pat McPherson,2026-08-31T00:53:23.584622+00:00
CAR,offense,Offensive line,Joe Gilbert,2026-08-31T00:53:23.584622+00:00
CAR,offense,Offensive assistant,Keyshawn Colmon,2026-08-31T00:53:23.584622+00:00
CAR,offense,Offensive quality control,Dean Petzing,2026-08-31T00:53:23.584622+00:00
CAR,defense,Defensive coordinator,Ejiro Evero,2026-08-31T00:53:23.584622+00:00
CAR,defense,Defensive passing game coordinator,Jonathan Cooley,2026-08-31T00:53:23.584622+00:00
CAR,defense,Defensive line,Todd Wash,2026-08-31T00:53:23.584622+00:00
CAR,defense,Linebackers,Peter Hansen,2026-08-31T00:53:23.584622+00:00
CAR,defense,Outside linebackers,A.C. Carter,2026-08-31T00:53:23.584622+00:00
CAR,defense,Assistant linebackers coach,Mayur Chaudhari,2026-08-31T00:53:23.584622+00:00
CAR,defense,Secondary,Renaldo Hill,2026-08-31T00:53:23.584622+00:00
CAR,defense,Defensive assistant,Kevin Peterson,2026-08-31T00:53:23.584622+00:00
CAR,special_teams,Special teams coordinator,Tracy Smith,2026-08-31T00:53:23.584622+00:00
CAR,special_teams,Assistant special teams coordinator,Daren Bates,2026-08-31T00:53:23.584622+00:00
CAR,special_teams,Senior coaching advisor,Jim Caldwell,2026-08-31T00:53:23.584622+00:00
CAR,special_teams,Head coach assistant and coaching operations manager,Jessica Beckenstein,2026-08-31T00:53:23.584622+00:00
CAR,special_teams,Coaching assistant,Ilir Emini,2026-08-31T00:53:23.584622+00:00
CAR,special_teams,Director of coaching development,Scott Cooper,2026-08-31T00:53:23.584622+00:00
CAR,special_teams,Game management coordinator,George Li,2026-08-31T00:53:23.584622+00:00
CAR,strength,Strength and conditioning,Jeremy Scott,2026-08-31T00:53:23.584622+00:00
CAR,strength,Strength and conditioning assistant/return to play coordinator,Thomas Barbeau,2026-08-31T00:53:23.584622+00:00
CAR,strength,Human performance assistant,Timothy Rabas,2026-08-31T00:53:23.584622+00:00
CHI,front_office,Chairman,George McCaskey,2026-08-31T00:53:23.584622+00:00
CHI,front_office,President/CEO,Kevin Warren,2026-08-31T00:53:23.584622+00:00
CHI,front_office,General manager,Ryan Poles,2026-08-31T00:53:23.584622+00:00
CHI,front_office,Assistant general manager,Jeff King,2026-08-31T00:53:23.584622+00:00
CHI,front_office,Vice president of football administration,Matt Feinstein,2026-08-31T00:53:23.584622+00:00
CHI,front_office,Senior director of player personnel,Trey Koziol,2026-08-31T00:53:23.584622+00:00
CHI,front_office,Director of player personnel,Breck Ackley,2026-08-31T00:53:23.584622+00:00
CHI,front_office,Assistant director of college scouting,Francis St. Paul,2026-08-31T00:53:23.584622+00:00
CHI,front_office,Director of pro scouting,DJ Hord,2026-08-31T00:53:23.584622+00:00
CHI,front_office,Football administration and analytics manager,Andrea Wright,2026-08-31T00:53:23.584622+00:00
CHI,head_coach,Head coach,Ben Johnson,2026-08-31T00:53:23.584622+00:00
CHI,head_coach,Assistant head coach/wide receivers,Antwaan Randle El,2026-08-31T00:53:23.584622+00:00
CHI,offense,Offensive coordinator,Press Taylor,2026-08-31T00:53:23.584622+00:00
CHI,offense,Quarterbacks,J. T. Barrett,2026-08-31T00:53:23.584622+00:00
CHI,offense,Running backs,Eric Studesville,2026-08-31T00:53:23.584622+00:00
CHI,offense,Tight ends,Jim Dray,2026-08-31T00:53:23.584622+00:00
CHI,offense,Offensive line,Dan Roushar,2026-08-31T00:53:23.584622+00:00
CHI,offense,Assistant offensive line,Kyle DeVan,2026-08-31T00:53:23.584622+00:00
CHI,offense,Offensive analyst,Will Lawing,2026-08-31T00:53:23.584622+00:00
CHI,offense,Offensive assistant,quarterbacks & receivers – Robbie Picazo,2026-08-31T00:53:23.584622+00:00
CHI,offense,Offensive quality control,Matt Aponte,2026-08-31T00:53:23.584622+00:00
CHI,offense,Offensive quality control,Zach Cable,2026-08-31T00:53:23.584622+00:00
CHI,offense,Offensive quality control,Isaiah Ford,2026-08-31T00:53:23.584622+00:00
CHI,defense,Defensive coordinator,Dennis Allen,2026-08-31T00:53:23.584622+00:00
CHI,defense,Defensive line,Jeremy Garrett,2026-08-31T00:53:23.584622+00:00
CHI,defense,Linebackers,Richard Smith,2026-08-31T00:53:23.584622+00:00
CHI,defense,Assistant linebackers,Kevin Koch,2026-08-31T00:53:23.584622+00:00
CHI,defense,Defensive backs/passing game coordinator,Al Harris,2026-08-31T00:53:23.584622+00:00
CHI,defense,Assistant defensive backs/safeties,Matt Giordano,2026-08-31T00:53:23.584622+00:00
CHI,defense,Senior defensive assistant,Bill Johnson,2026-08-31T00:53:23.584622+00:00
CHI,defense,Defensive assistant/nickels,Cannon Matthews,2026-08-31T00:53:23.584622+00:00
CHI,defense,Defensive quality control,Kenny Norton III,2026-08-31T00:53:23.584622+00:00
CHI,special_teams,Special teams coordinator,Richard Hightower,2026-08-31T00:53:23.584622+00:00
CHI,special_teams,Assistant special teams,Anthony Blevins,2026-08-31T00:53:23.584622+00:00
CHI,special_teams,Senior director of coaching operations,Justin Rudd,2026-08-31T00:53:23.584622+00:00
CHI,special_teams,Manager of coaching administration,Chavis Cook,2026-08-31T00:53:23.584622+00:00
CHI,special_teams,Director of research and analysis,Harrison Freid,2026-08-31T00:53:23.584622+00:00
CHI,strength,Head strength and conditioning,Pierre Ngo,2026-08-31T00:53:23.584622+00:00
CHI,strength,Assistant strength and conditioning,Allison Haley,2026-08-31T00:53:23.584622+00:00
CHI,strength,Assistant strength and conditioning,Noble Landry,2026-08-31T00:53:23.584622+00:00
CHI,strength,Assistant strength and conditioning,Reshard Langford,2026-08-31T00:53:23.584622+00:00
CHI,strength,Assistant strength and conditioning,Mark Philippi,2026-08-31T00:53:23.584622+00:00
CIN,front_office,Owner/president,Mike Brown,2026-08-31T00:53:23.584622+00:00
CIN,front_office,Executive vice president,Katie Blackburn,2026-08-31T00:53:23.584622+00:00
CIN,front_office,Vice president,Troy Blackburn,2026-08-31T00:53:23.584622+00:00
CIN,front_office,Vice president of player personnel,Paul H. Brown,2026-08-31T00:53:23.584622+00:00
CIN,front_office,Director of player personnel,Duke Tobin,2026-08-31T00:53:23.584622+00:00
CIN,front_office,Assistant general manager,Trey Brown,2026-08-31T00:53:23.584622+00:00
CIN,front_office,Assistant general manager,Mike Potts,2026-08-31T00:53:23.584622+00:00
CIN,front_office,Assistant general manager,Steven Radicivec,2026-08-31T00:53:23.584622+00:00
CIN,front_office,Scouting executive,Andrew Johnson,2026-08-31T00:53:23.584622+00:00
CIN,front_office,Director of football research,Sam Francis,2026-08-31T00:53:23.584622+00:00
CIN,head_coach,Head coach,Zac Taylor,2026-08-31T00:53:23.584622+00:00
CIN,head_coach,Assistant head coach/special teams coordinator,Darrin Simmons,2026-08-31T00:53:23.584622+00:00
CIN,offense,Offensive coordinator,Dan Pitcher,2026-08-31T00:53:23.584622+00:00
CIN,offense,Passing game coordinator,Justin Rascati,2026-08-31T00:53:23.584622+00:00
CIN,offense,Quarterbacks,Brad Kragthorpe,2026-08-31T00:53:23.584622+00:00
CIN,offense,Assistant quarterbacks,Jordan Salkin,2026-08-31T00:53:23.584622+00:00
CIN,offense,Running backs,Justin Hill,2026-08-31T00:53:23.584622+00:00
CIN,offense,Wide receivers,Troy Walters,2026-08-31T00:53:23.584622+00:00
CIN,offense,Assistant wide receivers,Davis Koetter,2026-08-31T00:53:23.584622+00:00
CIN,offense,Tight ends/run game coordinator,James Casey,2026-08-31T00:53:23.584622+00:00
CIN,offense,Offensive line,Scott Peters,2026-08-31T00:53:23.584622+00:00
CIN,offense,Assistant offensive line,Michael McCarthy,2026-08-31T00:53:23.584622+00:00
CIN,defense,Defensive coordinator,Al Golden,2026-08-31T00:53:23.584622+00:00
CIN,defense,Defensive line/run game coordinator,Jerry Montgomery,2026-08-31T00:53:23.584622+00:00
CIN,defense,Assistant defensive line,Mike Moon,2026-08-31T00:53:23.584622+00:00
CIN,defense,Linebackers,Michael Hodges,2026-08-31T00:53:23.584622+00:00
CIN,defense,Assistant linebackers,Ronnie Regula,2026-08-31T00:53:23.584622+00:00
CIN,defense,Secondary/cornerbacks,Charles Burks,2026-08-31T00:53:23.584622+00:00
CIN,defense,Secondary/safeties,Jordan Kovacs,2026-08-31T00:53:23.584622+00:00
CIN,defense,Senior defensive assistant,Sean Desai,2026-08-31T00:53:23.584622+00:00
CIN,special_teams,Assistant special teams,Ben Jacobs,2026-08-31T00:53:23.584622+00:00
CIN,strength,Strength and conditioning,Joey Boese,2026-08-31T00:53:23.584622+00:00
CIN,strength,Assistant strength and conditioning,Todd Hunt,2026-08-31T00:53:23.584622+00:00
CIN,strength,Assistant strength and conditioning,Garrett Swanson,2026-08-31T00:53:23.584622+00:00
CIN,strength,Chief of coaching staff,Doug Rosfeld,2026-08-31T00:53:23.584622+00:00
CLE,front_office,Principal partners,"Jimmy Haslam, Dee Haslam",2026-08-31T00:53:23.584622+00:00
CLE,front_office,Managing partner,Whitney Haslam Johnson,2026-08-31T00:53:23.584622+00:00
CLE,front_office,Partner/Executive vice president,J. W. Johnson,2026-08-31T00:53:23.584622+00:00
CLE,front_office,Limited partner,Charles Woodson,2026-08-31T00:53:23.584622+00:00
CLE,front_office,President,David Jenkins,2026-08-31T00:53:23.584622+00:00
CLE,front_office,Executive vice president of football operations/general manager,Andrew Berry,2026-08-31T00:53:23.584622+00:00
CLE,front_office,Vice president of football operations/assistant general manager,Catherine Hickman,2026-08-31T00:53:23.584622+00:00
CLE,front_office,Assistant GM/Vice president of player personnel,Glenn Cook,2026-08-31T00:53:23.584622+00:00
CLE,front_office,Senior vice president of football administration,Chris Cooper,2026-08-31T00:53:23.584622+00:00
CLE,front_office,Director of football administration,Taylor Young,2026-08-31T00:53:23.584622+00:00
CLE,front_office,"Vice president, player personnel process and development",Ken Kovash,2026-08-31T00:53:23.584622+00:00
CLE,front_office,Director of player personnel,Adam Al-Khayyal,2026-08-31T00:53:23.584622+00:00
CLE,front_office,Director of college scouting,Max Paulus,2026-08-31T00:53:23.584622+00:00
CLE,front_office,Senior personnel executive,"Jimmy Raye III, Chris Polian",2026-08-31T00:53:23.584622+00:00
CLE,front_office,"Advisor, scouting assessment and development",Kathleen Wood,2026-08-31T00:53:23.584622+00:00
CLE,front_office,Personnel advisor,Tom Telesco,2026-08-31T00:53:23.584622+00:00
CLE,front_office,Senior football advisor,Ryan Grigson,2026-08-31T00:53:23.584622+00:00
CLE,front_office,Director of personnel operations,Megan Rock,2026-08-31T00:53:23.584622+00:00
CLE,front_office,Director of football operations & process,Joy Tapajcik,2026-08-31T00:53:23.584622+00:00
CLE,front_office,Vice President of research and strategy,Dave Giuliani,2026-08-31T00:53:23.584622+00:00
CLE,front_office,Director of scouting research,Zach Wigmore,2026-08-31T00:53:23.584622+00:00
CLE,head_coach,Head coach,Todd Monken,2026-08-31T00:53:23.584622+00:00
CLE,offense,Offensive coordinator,Travis Switzer,2026-08-31T00:53:23.584622+00:00
CLE,offense,Pass game coordinator,Danny Breyer,2026-08-31T00:53:23.584622+00:00
CLE,offense,Quarterbacks,Mike Bajakian,2026-08-31T00:53:23.584622+00:00
CLE,offense,Assistant quarterbacks,Matt Baker,2026-08-31T00:53:23.584622+00:00
CLE,offense,Running backs,Duce Staley,2026-08-31T00:53:23.584622+00:00
CLE,offense,Wide receivers,Christian Jones,2026-08-31T00:53:23.584622+00:00
CLE,offense,Assistant wide receivers,John Wozniak,2026-08-31T00:53:23.584622+00:00
CLE,offense,Tight ends/run game coordinator,Jeff Blasko,2026-08-31T00:53:23.584622+00:00
CLE,offense,Offensive line,George Warhop,2026-08-31T00:53:23.584622+00:00
CLE,offense,Assistant offensive line,Bobby Johnson,2026-08-31T00:53:23.584622+00:00
CLE,offense,Offensive assistant/offensive line,Sanders Davis,2026-08-31T00:53:23.584622+00:00
CLE,offense,Offensive quality control,Ian Kolste,2026-08-31T00:53:23.584622+00:00
CLE,offense,Offensive analyst,Travis Monken,2026-08-31T00:53:23.584622+00:00
CLE,offense,Offensive analyst,Dom Borsani,2026-08-31T00:53:23.584622+00:00
CLE,defense,Defensive coordinator,Mike Rutenberg,2026-08-31T00:53:23.584622+00:00
CLE,defense,Defensive passing game coordinator,Ephraim Banda,2026-08-31T00:53:23.584622+00:00
CLE,defense,Defensive line,Jacques Cesaire,2026-08-31T00:53:23.584622+00:00
CLE,defense,Assistant defensive line,Ralph Street,2026-08-31T00:53:23.584622+00:00
CLE,defense,Linebackers/run game coordinator,Jason Tarver,2026-08-31T00:53:23.584622+00:00
CLE,defense,Defensive backs/pass game specialist,Brandon Lynch,2026-08-31T00:53:23.584622+00:00
CLE,defense,Senior defensive assistant,Dom Capers,2026-08-31T00:53:23.584622+00:00
CLE,defense,Defensive assistant/nickelbacks,Jeff Anderson,2026-08-31T00:53:23.584622+00:00
CLE,defense,Defensive assistant/assistant linebackers,Zach Dunn,2026-08-31T00:53:23.584622+00:00
CLE,defense,Defensive quality control,Paul Worrilow,2026-08-31T00:53:23.584622+00:00
CLE,defense,Defensive analyst,Shaq Wilson,2026-08-31T00:53:23.584622+00:00
CLE,special_teams,Special teams coordinator,Byron Storer,2026-08-31T00:53:23.584622+00:00
CLE,special_teams,Assistant special teams,Keith Tandy,2026-08-31T00:53:23.584622+00:00
CLE,strength,"Director, strength and conditioning",Larry Jackson,2026-08-31T00:53:23.584622+00:00
CLE,strength,Player Development Coordinator,Anthony Fabiano,2026-08-31T00:53:23.584622+00:00
CLE,strength,Assistant strength and conditioning/sports science,Josh Christovich,2026-08-31T00:53:23.584622+00:00
CLE,strength,Assistant strength and conditioning,Monty Gibson,2026-08-31T00:53:23.584622+00:00
CLE,strength,Assistant strength and conditioning,Dale Jones,2026-08-31T00:53:23.584622+00:00
CLE,strength,Assistant strength and conditioning,Ty Taylor,2026-08-31T00:53:23.584622+00:00
CLE,strength,Assistant of Performance Nutrition,Grace Kennedy,2026-08-31T00:53:23.584622+00:00
CLE,strength,Director of performance nutrition,Kelsey Fahy,2026-08-31T00:53:23.584622+00:00
DAL,front_office,Owner/president/general manager,Jerry Jones,2026-08-31T00:53:23.584622+00:00
DAL,front_office,COO/executive vice president/director of player personnel,Stephen Jones,2026-08-31T00:53:23.584622+00:00
DAL,front_office,Executive vice president/chief brand officer,Charlotte Jones Anderson,2026-08-31T00:53:23.584622+00:00
DAL,front_office,Executive vice president/chief of sales,Jerry Jones Jr,2026-08-31T00:53:23.584622+00:00
DAL,front_office,Vice president of player personnel,Will McClay,2026-08-31T00:53:23.584622+00:00
DAL,front_office,Vice president of football operations/football administration,Todd Williams,2026-08-31T00:53:23.584622+00:00
DAL,front_office,Senior director of football administration and technology,Jason McKay,2026-08-31T00:53:23.584622+00:00
DAL,front_office,Director of college scouting,Mitch LaPoint,2026-08-31T00:53:23.584622+00:00
DAL,front_office,Assistant director of college scouting,Chris Vaughn,2026-08-31T00:53:23.584622+00:00
DAL,front_office,Director of pro scouting,Alex Loomis,2026-08-31T00:53:23.584622+00:00
DAL,front_office,Director of advance scouting,Keith O'Quinn,2026-08-31T00:53:23.584622+00:00
DAL,front_office,Vice president of football strategy and operations,John Park,2026-08-31T00:53:23.584622+00:00
DAL,front_office,Senior director of salary cap/player contracts,Adam Prasifka,2026-08-31T00:53:23.584622+00:00
DAL,front_office,Director of player development,Bryan Wansley,2026-08-31T00:53:23.584622+00:00
DAL,head_coach,Head coach,Brian Schottenheimer,2026-08-31T00:53:23.584622+00:00
DAL,offense,Offensive coordinator,Klayton Adams,2026-08-31T00:53:23.584622+00:00
DAL,offense,Quarterbacks,Steve Shimko,2026-08-31T00:53:23.584622+00:00
DAL,offense,Running backs,Derrick Foster,2026-08-31T00:53:23.584622+00:00
DAL,offense,Assistant running backs,Jamel Mutunga,2026-08-31T00:53:23.584622+00:00
DAL,offense,Wide receivers,Junior Adams,2026-08-31T00:53:23.584622+00:00
DAL,offense,Assistant wide receivers,Stephen Bravo-Brown,2026-08-31T00:53:23.584622+00:00
DAL,offense,Tight ends,Lunda Wells,2026-08-31T00:53:23.584622+00:00
DAL,offense,Offensive line,Conor Riley,2026-08-31T00:53:23.584622+00:00
DAL,offense,Assistant offensive line/quality control,Kyle Fuller,2026-08-31T00:53:23.584622+00:00
DAL,offense,Pass game specialist,Ken Dorsey,2026-08-31T00:53:23.584622+00:00
DAL,defense,Defensive coordinator,Christian Parker,2026-08-31T00:53:23.584622+00:00
DAL,defense,Defensive line,Marcus Dixon,2026-08-31T00:53:23.584622+00:00
DAL,defense,Assistant defensive line,Demeitre Brim,2026-08-31T00:53:23.584622+00:00
DAL,defense,Outside linebackers,Chidera Uzo-Diribe,2026-08-31T00:53:23.584622+00:00
DAL,defense,Inside linebackers,Scott Symons,2026-08-31T00:53:23.584622+00:00
DAL,defense,Assistant linebackers,J.J. Clark,2026-08-31T00:53:23.584622+00:00
DAL,defense,Defensive backs/pass game coordinator,Derrick Ansley,2026-08-31T00:53:23.584622+00:00
DAL,defense,Secondary,Ryan Smith,2026-08-31T00:53:23.584622+00:00
DAL,defense,Assistant secondary,Robert Muschamp,2026-08-31T00:53:23.584622+00:00
DAL,defense,Pass rush consultant,Brandon Jordan,2026-08-31T00:53:23.584622+00:00
DAL,special_teams,Special teams coordinator,Nick Sorensen,2026-08-31T00:53:23.584622+00:00
DAL,special_teams,Assistant special teams,Carlos Polk,2026-08-31T00:53:23.584622+00:00
DAL,special_teams,Chief of staff,Tyler Boyles,2026-08-31T00:53:23.584622+00:00
DAL,special_teams,Game management coordinator,Ryan Feder,2026-08-31T00:53:23.584622+00:00
DAL,strength,Strength and conditioning,Harold Nash,2026-08-31T00:53:23.584622+00:00
DAL,strength,Assistant strength and conditioning,Cedric Smith,2026-08-31T00:53:23.584622+00:00
DAL,strength,Assistant strength and conditioning,Kendall Smith,2026-08-31T00:53:23.584622+00:00
DAL,strength,Assistant strength and conditioning/sport science,Braylon Tatum,2026-08-31T00:53:23.584622+00:00
DEN,front_office,Owner,Rob Walton,2026-08-31T00:53:23.584622+00:00
DEN,front_office,Owner / CEO,Greg Penner,2026-08-31T00:53:23.584622+00:00
DEN,front_office,Owner,Carrie Walton Penner,2026-08-31T00:53:23.584622+00:00
DEN,front_office,Owner,Mellody Hobson,2026-08-31T00:53:23.584622+00:00
DEN,front_office,Owner,Condoleezza Rice,2026-08-31T00:53:23.584622+00:00
DEN,front_office,Owner,Lewis Hamilton,2026-08-31T00:53:23.584622+00:00
DEN,front_office,President,Damani Leech,2026-08-31T00:53:23.584622+00:00
DEN,front_office,General manager,George Paton,2026-08-31T00:53:23.584622+00:00
DEN,front_office,Assistant general manager,Reed Burckhardt,2026-08-31T00:53:23.584622+00:00
DEN,front_office,Vice president of player personnel,Cody Rager,2026-08-31T00:53:23.584622+00:00
DEN,front_office,Co,director of player personnel – Cam Williams,2026-08-31T00:53:23.584622+00:00
DEN,front_office,Co,director of player personnel – A. J. Durso,2026-08-31T00:53:23.584622+00:00
DEN,front_office,Director of pro personnel,Jordon Dizon,2026-08-31T00:53:23.584622+00:00
DEN,front_office,Assistant director of pro scouting,Ty Murphy,2026-08-31T00:53:23.584622+00:00
DEN,front_office,Vice president of football operations,Kelly Kleine Van Calligan,2026-08-31T00:53:23.584622+00:00
DEN,front_office,Vice president of football administration,Rich Hurtado,2026-08-31T00:53:23.584622+00:00
DEN,front_office,Vice president of player development,Ray Jackson,2026-08-31T00:53:23.584622+00:00
DEN,front_office,Vice president of football technology and research,Tony Lazzaro,2026-08-31T00:53:23.584622+00:00
DEN,front_office,Director of football analytics,Scott Flaska,2026-08-31T00:53:23.584622+00:00
DEN,front_office,Director of college scouting,Bryan Chesin,2026-08-31T00:53:23.584622+00:00
DEN,front_office,Assistant director of college scouting,Dave Bratten,2026-08-31T00:53:23.584622+00:00
DEN,front_office,Senior personnel executive,Roman Phifer,2026-08-31T00:53:23.584622+00:00
DEN,front_office,Senior personnel executive,Nick Schiralli,2026-08-31T00:53:23.584622+00:00
DEN,head_coach,Head coach,Sean Payton,2026-08-31T00:53:23.584622+00:00
DEN,head_coach,Assistant to the head coach,Paul Kelly,2026-08-31T00:53:23.584622+00:00
DEN,offense,Offensive coordinator,Davis Webb,2026-08-31T00:53:23.584622+00:00
DEN,offense,Offensive pass game coordinator,John Morton,2026-08-31T00:53:23.584622+00:00
DEN,offense,Quarterbacks,Logan Kilgore,2026-08-31T00:53:23.584622+00:00
DEN,offense,Director of game management/assistant quarterbacks,Evan Rothstein,2026-08-31T00:53:23.584622+00:00
DEN,offense,Running backs,Lou Ayeni,2026-08-31T00:53:23.584622+00:00
DEN,offense,Wide receivers,Ronald Curry,2026-08-31T00:53:23.584622+00:00
DEN,offense,Tight ends,Austin King,2026-08-31T00:53:23.584622+00:00
DEN,offense,Offensive run game coordinator/assistant head coach,Zach Strief,2026-08-31T00:53:23.584622+00:00
DEN,offense,Offensive line,Chris Morgan,2026-08-31T00:53:23.584622+00:00
DEN,offense,Offensive quality control,JD Johnson,2026-08-31T00:53:23.584622+00:00
DEN,offense,Offensive quality control,Kyle Kempt,2026-08-31T00:53:23.584622+00:00
DEN,offense,Offensive quality control,Willie Snead IV,2026-08-31T00:53:23.584622+00:00
DEN,defense,Defensive coordinator,Vance Joseph,2026-08-31T00:53:23.584622+00:00
DEN,defense,Defensive line,Jamar Cain,2026-08-31T00:53:23.584622+00:00
DEN,defense,Inside linebackers,Jeff Schmedding,2026-08-31T00:53:23.584622+00:00
DEN,defense,Outside linebackers,Isaac Shewmaker,2026-08-31T00:53:23.584622+00:00
DEN,defense,Defensive pass game coordinator,Robert Livingston,2026-08-31T00:53:23.584622+00:00
DEN,defense,Defensive backs,Doug Belk,2026-08-31T00:53:23.584622+00:00
DEN,defense,Senior defensive assistant,Joe Vitt,2026-08-31T00:53:23.584622+00:00
DEN,defense,Defensive assistant,Michael Wilhoite,2026-08-31T00:53:23.584622+00:00
DEN,defense,Defensive quality control,Todd Davis,2026-08-31T00:53:23.584622+00:00
DEN,defense,Defensive quality control,Brian Niedermeyer,2026-08-31T00:53:23.584622+00:00
DEN,special_teams,Special teams coordinator/assistant head coach,Darren Rizzi,2026-08-31T00:53:23.584622+00:00
DEN,special_teams,Assistant special teams,Marwan Maalouf,2026-08-31T00:53:23.584622+00:00
DEN,special_teams,Special teams quality control,Zach Line,2026-08-31T00:53:23.584622+00:00
DEN,strength,Vice president of player health and performance,Beau Lowery,2026-08-31T00:53:23.584622+00:00
DEN,strength,Director of strength and conditioning,Shaun Snee,2026-08-31T00:53:23.584622+00:00
DEN,strength,Head strength and conditioning,Dan Dalrymple,2026-08-31T00:53:23.584622+00:00
DEN,strength,Assistant strength and conditioning,Zaviar Gooden,2026-08-31T00:53:23.584622+00:00
DEN,strength,Assistant strength and conditioning,Taylor Porter,2026-08-31T00:53:23.584622+00:00
DET,front_office,Owner,Sheila Ford Hamp,2026-08-31T00:53:23.584622+00:00
DET,front_office,Vice chairpeople,"William Clay Ford Jr., Martha Ford Morse, Elizabeth Ford Kontulis",2026-08-31T00:53:23.584622+00:00
DET,front_office,President/CEO,Rod Wood,2026-08-31T00:53:23.584622+00:00
DET,front_office,Executive vice president & general manager,Brad Holmes,2026-08-31T00:53:23.584622+00:00
DET,front_office,Chief operating officer,Mike Disner,2026-08-31T00:53:23.584622+00:00
DET,front_office,Special assistant/chairperson,Chris Spielman,2026-08-31T00:53:23.584622+00:00
DET,front_office,Assistant general manager,Ray Agnew,2026-08-31T00:53:23.584622+00:00
DET,front_office,Vice president of player personnel,Dwayne Joseph,2026-08-31T00:53:23.584622+00:00
DET,front_office,"Vice president, roster operations/evaluations",Rob Lohman,2026-08-31T00:53:23.584622+00:00
DET,front_office,Director of college scouting,Brian Hudspeth,2026-08-31T00:53:23.584622+00:00
DET,front_office,Assistant director of college scouting,Mark Olson,2026-08-31T00:53:23.584622+00:00
DET,front_office,Director of pro scouting,Joe Kelleher,2026-08-31T00:53:23.584622+00:00
DET,front_office,Senior personnel executive,John Dorsey,2026-08-31T00:53:23.584622+00:00
DET,front_office,Personnel advisor,Chris Grier,2026-08-31T00:53:23.584622+00:00
DET,front_office,Senior director of football administration,Charlie Adkins,2026-08-31T00:53:23.584622+00:00
DET,front_office,"Director, Football Information",Caio Brighenti,2026-08-31T00:53:23.584622+00:00
DET,front_office,"Manager, Decision Science & Football Information",Paul Ibrahim,2026-08-31T00:53:23.584622+00:00
DET,head_coach,Head coach,Dan Campbell,2026-08-31T00:53:23.584622+00:00
DET,head_coach,Associate head coach/wide receivers,Scottie Montgomery,2026-08-31T00:53:23.584622+00:00
DET,head_coach,Assistant head coach/safeties,Jim O'Neil,2026-08-31T00:53:23.584622+00:00
DET,offense,Offensive coordinator,Drew Petzing,2026-08-31T00:53:23.584622+00:00
DET,offense,Passing game coordinator,Mike Kafka,2026-08-31T00:53:23.584622+00:00
DET,offense,Quarterbacks,Mark Brunell,2026-08-31T00:53:23.584622+00:00
DET,offense,Running backs,Tashard Choice,2026-08-31T00:53:23.584622+00:00
DET,offense,Assistant wide receivers,Bruce Gradkowski,2026-08-31T00:53:23.584622+00:00
DET,offense,Tight ends,Steve Oliver,2026-08-31T00:53:23.584622+00:00
DET,offense,Run game coordinator/offensive line,Hank Fraley,2026-08-31T00:53:23.584622+00:00
DET,offense,Pass game specialist,David Shaw,2026-08-31T00:53:23.584622+00:00
DET,offense,Offensive assistant,Dan Skipper,2026-08-31T00:53:23.584622+00:00
DET,offense,Offensive assistant,Marques Tuiasosopo,2026-08-31T00:53:23.584622+00:00
DET,offense,Offensive quality control,Justin Mesa,2026-08-31T00:53:23.584622+00:00
DET,defense,Defensive coordinator,Kelvin Sheppard,2026-08-31T00:53:23.584622+00:00
DET,defense,Run game coordinator/defensive line,Kacy Rodgers,2026-08-31T00:53:23.584622+00:00
DET,defense,Linebackers,Shaun Dion Hamilton,2026-08-31T00:53:23.584622+00:00
DET,defense,Passing game coordinator/defensive backs,Deshea Townsend,2026-08-31T00:53:23.584622+00:00
DET,defense,Senior defensive assistant/outside linebackers,David Corrao,2026-08-31T00:53:23.584622+00:00
DET,defense,Defensive assistant,Caleb Collins,2026-08-31T00:53:23.584622+00:00
DET,defense,Defensive assistant,August Mangin,2026-08-31T00:53:23.584622+00:00
DET,defense,Defensive quality control,Dré Thompson,2026-08-31T00:53:23.584622+00:00
DET,special_teams,Special teams coordinator,Dave Fipp,2026-08-31T00:53:23.584622+00:00
DET,special_teams,Assistant special teams,Jett Modkins,2026-08-31T00:53:23.584622+00:00
DET,strength,Director of sports performance,Mike Clark,2026-08-31T00:53:23.584622+00:00
DET,strength,Director of sports science,Jill Costanza,2026-08-31T00:53:23.584622+00:00
DET,strength,Head strength & conditioning,Josh Schuler,2026-08-31T00:53:23.584622+00:00
DET,strength,Assistant strength & conditioning,Thaddeus Jackson,2026-08-31T00:53:23.584622+00:00
DET,strength,Assistant strength & conditioning,Cameron Josse,2026-08-31T00:53:23.584622+00:00
GB,front_office,Executive committee,Board of directors,2026-08-31T00:53:23.584622+00:00
GB,front_office,President/CEO,Ed Policy,2026-08-31T00:53:23.584622+00:00
GB,front_office,General manager,Brian Gutekunst,2026-08-31T00:53:23.584622+00:00
GB,front_office,Executive vice president/Director of football operations,Russ Ball,2026-08-31T00:53:23.584622+00:00
GB,front_office,Vice president of player personnel,Milt Hendrickson,2026-08-31T00:53:23.584622+00:00
GB,front_office,Director of football operations,John Wojciechowski,2026-08-31T00:53:23.584622+00:00
GB,front_office,Director of player personnel,Richmond Williams,2026-08-31T00:53:23.584622+00:00
GB,front_office,Senior player personnel executive,Matt Malaspina,2026-08-31T00:53:23.584622+00:00
GB,front_office,Director of college scouting,Patrick Moore,2026-08-31T00:53:23.584622+00:00
GB,front_office,Senior player personnel executive/Director of pro scouting,Lee Gissendaner,2026-08-31T00:53:23.584622+00:00
GB,front_office,Assistant director of pro scouting,Mike Owen,2026-08-31T00:53:23.584622+00:00
GB,front_office,Senior national scout,Sam Seale,2026-08-31T00:53:23.584622+00:00
GB,front_office,National scout,Luke Benuska,2026-08-31T00:53:23.584622+00:00
GB,front_office,Director of player engagement,Grey Ruegamer,2026-08-31T00:53:23.584622+00:00
GB,front_office,Director of performance psychology/team behavioral health clinician,Chris Carr,2026-08-31T00:53:23.584622+00:00
GB,front_office,Director of football administration/player finance,Melanie Marohl,2026-08-31T00:53:23.584622+00:00
GB,head_coach,Head coach,Matt LaFleur,2026-08-31T00:53:23.584622+00:00
GB,head_coach,Quarterbacks/assistant head coach,offense – Luke Getsy,2026-08-31T00:53:23.584622+00:00
GB,head_coach,Outside linebackers/run game coordinator/assistant head coach,defense – DeMarcus Covington,2026-08-31T00:53:23.584622+00:00
GB,offense,Offensive coordinator,Adam Stenavich,2026-08-31T00:53:23.584622+00:00
GB,offense,Passing game coordinator,Jason Vrable,2026-08-31T00:53:23.584622+00:00
GB,offense,Running backs,Ben Sirmans,2026-08-31T00:53:23.584622+00:00
GB,offense,Wide receivers,Noah Pauley,2026-08-31T00:53:23.584622+00:00
GB,offense,Assistant wide receivers,Rob Grosso,2026-08-31T00:53:23.584622+00:00
GB,offense,Tight ends,John Dunn,2026-08-31T00:53:23.584622+00:00
GB,offense,Offensive line,Luke Butkus,2026-08-31T00:53:23.584622+00:00
GB,offense,Assistant offensive line,Eddie Gordon,2026-08-31T00:53:23.584622+00:00
GB,offense,Pass game specialist/game management,Connor Lewis,2026-08-31T00:53:23.584622+00:00
GB,offense,Offensive assistant,Jeremiah Kolone,2026-08-31T00:53:23.584622+00:00
GB,offense,Offensive quality control,T. C. McCartney,2026-08-31T00:53:23.584622+00:00
GB,defense,Defensive coordinator,Jonathan Gannon,2026-08-31T00:53:23.584622+00:00
GB,defense,Defensive line,Vince Oghobaase,2026-08-31T00:53:23.584622+00:00
GB,defense,Linebackers,Sam Siefkes,2026-08-31T00:53:23.584622+00:00
GB,defense,Secondary/pass game coordinator,Bobby Babich,2026-08-31T00:53:23.584622+00:00
GB,defense,Cornerbacks,Daniel Bullocks,2026-08-31T00:53:23.584622+00:00
GB,defense,Defensive analyst,Scott Fuchs,2026-08-31T00:53:23.584622+00:00
GB,defense,Defensive quality control,Jamael Lett,2026-08-31T00:53:23.584622+00:00
GB,defense,Defensive quality control,Will Smart,2026-08-31T00:53:23.584622+00:00
GB,special_teams,Special teams coordinator,Cameron Achord,2026-08-31T00:53:23.584622+00:00
GB,special_teams,Assistant special teams,Cory Harkey,2026-08-31T00:53:23.584622+00:00
GB,special_teams,Assistant special teams,Jeff Koonz,2026-08-31T00:53:23.584622+00:00
GB,strength,Strength and conditioning coordinator,Aaron Hill,2026-08-31T00:53:23.584622+00:00
GB,strength,Strength and conditioning assistant,Jake Flint,2026-08-31T00:53:23.584622+00:00
GB,strength,Strength and conditioning assistant,Marcus Jones,2026-08-31T00:53:23.584622+00:00
GB,strength,Strength and conditioning assistant,Ben Schumacher,2026-08-31T00:53:23.584622+00:00
HOU,front_office,Owner/CEO/chairman,Cal McNair,2026-08-31T00:53:23.584622+00:00
HOU,front_office,President,Mike Tomon,2026-08-31T00:53:23.584622+00:00
HOU,front_office,Executive vice president/general manager,Nick Caserio,2026-08-31T00:53:23.584622+00:00
HOU,front_office,Executive vice president/general counsel,Greg Kondritz,2026-08-31T00:53:23.584622+00:00
HOU,front_office,Assistant GM,James Liipfert,2026-08-31T00:53:23.584622+00:00
HOU,front_office,Assistant GM,Chris Blanco,2026-08-31T00:53:23.584622+00:00
HOU,front_office,Director of player personnel,D. J. Debick,2026-08-31T00:53:23.584622+00:00
HOU,front_office,Director of college scouting,Mozique McCurtis,2026-08-31T00:53:23.584622+00:00
HOU,front_office,Director of pro scouting,Steve Cargile,2026-08-31T00:53:23.584622+00:00
HOU,front_office,Senior director of football administration,Andrew Brown,2026-08-31T00:53:23.584622+00:00
HOU,front_office,Senior Director of Football Research and Game Management,Frank Edgerly,2026-08-31T00:53:23.584622+00:00
HOU,front_office,Director of college scouting operations,Tom Hayden,2026-08-31T00:53:23.584622+00:00
HOU,front_office,Senior director of football technology and innovation,Tim Brog,2026-08-31T00:53:23.584622+00:00
HOU,front_office,Senior director of research and development,Russel Joyner,2026-08-31T00:53:23.584622+00:00
HOU,front_office,Director of football analytics,Kevin Clark,2026-08-31T00:53:23.584622+00:00
HOU,head_coach,Head coach,DeMeco Ryans,2026-08-31T00:53:23.584622+00:00
HOU,head_coach,Assistant head coach/running backs,Danny Barrett,2026-08-31T00:53:23.584622+00:00
HOU,offense,Offensive coordinator,Nick Caley,2026-08-31T00:53:23.584622+00:00
HOU,offense,Quarterbacks,Jerry Schuplinski,2026-08-31T00:53:23.584622+00:00
HOU,offense,Wide receivers/offensive passing game coordinator,Ben McDaniels,2026-08-31T00:53:23.584622+00:00
HOU,offense,Assistant wide receivers,Tiquan Underwood,2026-08-31T00:53:23.584622+00:00
HOU,offense,Tight ends,James Ferentz,2026-08-31T00:53:23.584622+00:00
HOU,offense,Offensive line/offensive run game coordinator,Cole Popovich,2026-08-31T00:53:23.584622+00:00
HOU,offense,Offensive assistant,Alex Ward,2026-08-31T00:53:23.584622+00:00
HOU,offense,Offensive assistant,Cole Weeks,2026-08-31T00:53:23.584622+00:00
HOU,offense,Offensive assistant,Asauni Rufus,2026-08-31T00:53:23.584622+00:00
HOU,offense,Offensive assistant,Taylor Embree,2026-08-31T00:53:23.584622+00:00
HOU,defense,Defensive coordinator,Matt Burke,2026-08-31T00:53:23.584622+00:00
HOU,defense,Defensive passing game coordinator,Cory Undlin,2026-08-31T00:53:23.584622+00:00
HOU,defense,Defensive line/defensive run game coordinator,Rod Wright,2026-08-31T00:53:23.584622+00:00
HOU,defense,Assistant defensive line,Frank Okam,2026-08-31T00:53:23.584622+00:00
HOU,defense,Linebackers,Billy Davis,2026-08-31T00:53:23.584622+00:00
HOU,defense,Defensive backs,Dino Vasso,2026-08-31T00:53:23.584622+00:00
HOU,defense,Safeties,Stephen Adegoke,2026-08-31T00:53:23.584622+00:00
HOU,defense,Senior defensive assistant,Bill Lazor,2026-08-31T00:53:23.584622+00:00
HOU,defense,Defensive assistant,Mark Sheridan,2026-08-31T00:53:23.584622+00:00
HOU,defense,Defensive assistant,Jay Simpson,2026-08-31T00:53:23.584622+00:00
HOU,special_teams,Special teams coordinator,Frank Ross,2026-08-31T00:53:23.584622+00:00
HOU,special_teams,Special teams/defensive assistant,Sean Baker,2026-08-31T00:53:23.584622+00:00
HOU,special_teams,Assistant special teams,Will Burnham,2026-08-31T00:53:23.584622+00:00
HOU,special_teams,Assistant to the head coach,Jake Olson,2026-08-31T00:53:23.584622+00:00
HOU,special_teams,Director of applied sports science,Marc Lewis,2026-08-31T00:53:23.584622+00:00
HOU,special_teams,Applied sports science coordinator,Cole Gardner,2026-08-31T00:53:23.584622+00:00
HOU,special_teams,Applied sports science apprentice,Tyler Wang,2026-08-31T00:53:23.584622+00:00
HOU,strength,Head strength and conditioning,Mike Eubanks,2026-08-31T00:53:23.584622+00:00
HOU,strength,Assistant strength and conditioning,Chris Cervantes,2026-08-31T00:53:23.584622+00:00
HOU,strength,Assistant strength and conditioning,Joe Distor,2026-08-31T00:53:23.584622+00:00
HOU,strength,Assistant strength and conditioning,Pat Moorer,2026-08-31T00:53:23.584622+00:00
IND,front_office,Owner/CEO,Carlie Irsay-Gordon,2026-08-31T00:53:23.584622+00:00
IND,front_office,Owner/executive vice president,Casey Foyt,2026-08-31T00:53:23.584622+00:00
IND,front_office,Owner/chief brand officer,Kalen Jackson,2026-08-31T00:53:23.584622+00:00
IND,front_office,General manager,Chris Ballard,2026-08-31T00:53:23.584622+00:00
IND,front_office,Assistant general manager,Ed Dodds,2026-08-31T00:53:23.584622+00:00
IND,front_office,Director of player personnel,Kevin Rogers Jr,2026-08-31T00:53:23.584622+00:00
IND,front_office,Director of football administration,Mike Bluem,2026-08-31T00:53:23.584622+00:00
IND,front_office,Director of pro scouting,Jon Shaw,2026-08-31T00:53:23.584622+00:00
IND,front_office,Assistant director of pro scouting,Joey Elliott,2026-08-31T00:53:23.584622+00:00
IND,front_office,Director of college scouting,Matt Terpening,2026-08-31T00:53:23.584622+00:00
IND,front_office,Assistant director of college scouting,Jamie Moore,2026-08-31T00:53:23.584622+00:00
IND,front_office,Senior player personnel scout,Todd Vasvari,2026-08-31T00:53:23.584622+00:00
IND,front_office,Director of football analytics,Greg Starek,2026-08-31T00:53:23.584622+00:00
IND,head_coach,Head coach,Shane Steichen,2026-08-31T00:53:23.584622+00:00
IND,head_coach,Assistant to the head coach,T. J. Ingels,2026-08-31T00:53:23.584622+00:00
IND,offense,Offensive coordinator,Jim Bob Cooter,2026-08-31T00:53:23.584622+00:00
IND,offense,Passing game coordinator,Alex Tanney,2026-08-31T00:53:23.584622+00:00
IND,offense,Quarterbacks,Cameron Turner,2026-08-31T00:53:23.584622+00:00
IND,offense,Running backs,DeAndre Smith,2026-08-31T00:53:23.584622+00:00
IND,offense,Wide receivers,Reggie Wayne,2026-08-31T00:53:23.584622+00:00
IND,offense,Tight ends,Tom Manning,2026-08-31T00:53:23.584622+00:00
IND,offense,Offensive line,Tony Sparano Jr,2026-08-31T00:53:23.584622+00:00
IND,offense,Assistant offensive line,Chris Watt,2026-08-31T00:53:23.584622+00:00
IND,offense,Offensive quality control,Diego Ortiz,2026-08-31T00:53:23.584622+00:00
IND,offense,Offensive quality control,Brent Stocksill,2026-08-31T00:53:23.584622+00:00
IND,defense,Defensive coordinator,Lou Anarumo,2026-08-31T00:53:23.584622+00:00
IND,defense,Defensive line,Marion Hobby,2026-08-31T00:53:23.584622+00:00
IND,defense,Assistant defensive line,Kalon Humphries,2026-08-31T00:53:23.584622+00:00
IND,defense,Linebackers,James Bettcher,2026-08-31T00:53:23.584622+00:00
IND,defense,Assistant linebackers,Cato June,2026-08-31T00:53:23.584622+00:00
IND,defense,Pass game coordinator/secondary,Chris Hewitt,2026-08-31T00:53:23.584622+00:00
IND,defense,Defensive backs,Jerome Henderson,2026-08-31T00:53:23.584622+00:00
IND,defense,Defensive quality control,Jeremy Bruce,2026-08-31T00:53:23.584622+00:00
IND,defense,Defensive quality control,Dillon Doyle,2026-08-31T00:53:23.584622+00:00
IND,special_teams,Special teams coordinator,Brian Mason,2026-08-31T00:53:23.584622+00:00
IND,special_teams,Senior assistant special teams,Joe Hastings,2026-08-31T00:53:23.584622+00:00
IND,special_teams,Harriet P. Irsay fellow,Isabel Diaz,2026-08-31T00:53:23.584622+00:00
IND,special_teams,Game management coordinator,Aditya Krishnan,2026-08-31T00:53:23.584622+00:00
IND,strength,Director of sports performance,Mike Minnis,2026-08-31T00:53:23.584622+00:00
IND,strength,Performance science analyst,Mikey Blazejowski,2026-08-31T00:53:23.584622+00:00
IND,strength,Senior head strength and conditioning,Richard Howell,2026-08-31T00:53:23.584622+00:00
IND,strength,Strength and conditioning assistant,Zane Fakes,2026-08-31T00:53:23.584622+00:00
IND,strength,Strength and conditioning assistant,Tyrell Brown,2026-08-31T00:53:23.584622+00:00
IND,strength,Strength and conditioning assistant/performance therapist,Sam Khym,2026-08-31T00:53:23.584622+00:00
IND,strength,Applied sports science/conditioning,Doug McKenney,2026-08-31T00:53:23.584622+00:00
JAX,front_office,Owner,Shahid Khan,2026-08-31T00:53:23.584622+00:00
JAX,front_office,President,Mark Lamping,2026-08-31T00:53:23.584622+00:00
JAX,front_office,Executive vice president of football operations,Tony Boselli,2026-08-31T00:53:23.584622+00:00
JAX,front_office,General manager,James Gladstone,2026-08-31T00:53:23.584622+00:00
JAX,front_office,Senior advisor to the general manager,Brian Xanders,2026-08-31T00:53:23.584622+00:00
JAX,front_office,Senior advisor to the general manager,JW Jordan,2026-08-31T00:53:23.584622+00:00
JAX,front_office,Director of college scouting,Brian Hill,2026-08-31T00:53:23.584622+00:00
JAX,front_office,Senior personnel executive,Regis Eller,2026-08-31T00:53:23.584622+00:00
JAX,front_office,Personnel executive,"John Stevenson, Ricky Thomas Jr., Ryan Stamper",2026-08-31T00:53:23.584622+00:00
JAX,front_office,Director of pro scouting,DeJuan Polk,2026-08-31T00:53:23.584622+00:00
JAX,front_office,Senior director of football strategy and game management,Jon Dykema,2026-08-31T00:53:23.584622+00:00
JAX,front_office,Senior vice president of football analytics,Jake Temme,2026-08-31T00:53:23.584622+00:00
JAX,front_office,Director of player finance,Trip MacCracken,2026-08-31T00:53:23.584622+00:00
JAX,front_office,Chief football strategy officer,Tony Khan,2026-08-31T00:53:23.584622+00:00
JAX,head_coach,Head coach,Liam Coen,2026-08-31T00:53:23.584622+00:00
JAX,head_coach,Assistant head coach/Pass game coordinator,Shane Waldron,2026-08-31T00:53:23.584622+00:00
JAX,head_coach,Associate head coach/Special teams coordinator,Heath Farwell,2026-08-31T00:53:23.584622+00:00
JAX,offense,Offensive coordinator,Grant Udinski,2026-08-31T00:53:23.584622+00:00
JAX,offense,Run game coordinator,Brian Picucci,2026-08-31T00:53:23.584622+00:00
JAX,offense,Quarterbacks,Spencer Whipple,2026-08-31T00:53:23.584622+00:00
JAX,offense,Running backs,Chad Morton,2026-08-31T00:53:23.584622+00:00
JAX,offense,Wide receivers,Edgar Bennett,2026-08-31T00:53:23.584622+00:00
JAX,offense,Assistant wide receivers,Tyler Tettleton,2026-08-31T00:53:23.584622+00:00
JAX,offense,Tight ends,Richard Angulo,2026-08-31T00:53:23.584622+00:00
JAX,offense,Offensive line,Shaun Sarrett,2026-08-31T00:53:23.584622+00:00
JAX,offense,Pass game specialist,John Van Dam,2026-08-31T00:53:23.584622+00:00
JAX,offense,Offensive assistant,Trevor Mendelson,2026-08-31T00:53:23.584622+00:00
JAX,offense,Offensive assistant,Fred Walker,2026-08-31T00:53:23.584622+00:00
JAX,defense,Defensive coordinator,Anthony Campanile,2026-08-31T00:53:23.584622+00:00
JAX,defense,Defensive pass game coordinator,Mathieu Araujo,2026-08-31T00:53:23.584622+00:00
JAX,defense,Defensive line,Matt Edwards,2026-08-31T00:53:23.584622+00:00
JAX,defense,Assistant defensive line,Derrick LeBlanc,2026-08-31T00:53:23.584622+00:00
JAX,defense,Linebackers,Tem Lukabu,2026-08-31T00:53:23.584622+00:00
JAX,defense,Assistant linebackers,Kevin Wilkins,2026-08-31T00:53:23.584622+00:00
JAX,defense,Defensive backs,Anthony Perkins,2026-08-31T00:53:23.584622+00:00
JAX,defense,Assistant defensive backs,Drew Lascari,2026-08-31T00:53:23.584622+00:00
JAX,defense,Defensive assistant,Grant Morgan,2026-08-31T00:53:23.584622+00:00
JAX,defense,Senior defensive assistant,Bill Sheridan,2026-08-31T00:53:23.584622+00:00
JAX,special_teams,Assistant special teams,Luke Thompson,2026-08-31T00:53:23.584622+00:00
JAX,strength,Head strength and conditioning coach,Eric Ciano,2026-08-31T00:53:23.584622+00:00
JAX,strength,Assistant strength and conditioning coach,Paul Jackson,2026-08-31T00:53:23.584622+00:00
JAX,strength,Assistant strength and conditioning coach,Lanier Coleman,2026-08-31T00:53:23.584622+00:00
KC,front_office,Chairman/CEO,Clark Hunt,2026-08-31T00:53:23.584622+00:00
KC,front_office,President,Mark Donovan,2026-08-31T00:53:23.584622+00:00
KC,front_office,General manager,Brett Veach,2026-08-31T00:53:23.584622+00:00
KC,front_office,Assistant general manager,Chris Shea,2026-08-31T00:53:23.584622+00:00
KC,front_office,Assistant general manager,Mike Bradway,2026-08-31T00:53:23.584622+00:00
KC,front_office,VP of player personnel,Tim Terry,2026-08-31T00:53:23.584622+00:00
KC,front_office,VP of player personnel,Ryne Nutt,2026-08-31T00:53:23.584622+00:00
KC,front_office,Senior personnel executive,Willie Davis,2026-08-31T00:53:23.584622+00:00
KC,front_office,Co,directors of college scouting – Pat Sperduto and David Hinson,2026-08-31T00:53:23.584622+00:00
KC,front_office,Senior college and pro scouting executive,Dru Grigson,2026-08-31T00:53:23.584622+00:00
KC,front_office,Assistant director of football administration amd roster strategy,Jack Wolov,2026-08-31T00:53:23.584622+00:00
KC,front_office,Senior national scouting executive,Terry Delp,2026-08-31T00:53:23.584622+00:00
KC,front_office,Player personnel executive,Jalen Myrick,2026-08-31T00:53:23.584622+00:00
KC,front_office,Senior Football Strategy and Compliance executive,Ryan Herman,2026-08-31T00:53:23.584622+00:00
KC,head_coach,Head coach,Andy Reid,2026-08-31T00:53:23.584622+00:00
KC,head_coach,Assistant head coach/special teams coordinator,Dave Toub,2026-08-31T00:53:23.584622+00:00
KC,offense,Offensive coordinator,Eric Bieniemy,2026-08-31T00:53:23.584622+00:00
KC,offense,Pass game coordinator,Joe Bleymaier,2026-08-31T00:53:23.584622+00:00
KC,offense,Quarterbacks,David Girardi,2026-08-31T00:53:23.584622+00:00
KC,offense,Assistant quarterbacks,Dan Williams,2026-08-31T00:53:23.584622+00:00
KC,offense,Running backs,DeMarco Murray,2026-08-31T00:53:23.584622+00:00
KC,offense,Wide receivers,Chad O'Shea,2026-08-31T00:53:23.584622+00:00
KC,offense,Tight ends,Tom Melvin,2026-08-31T00:53:23.584622+00:00
KC,offense,Offensive line,Andy Heck,2026-08-31T00:53:23.584622+00:00
KC,offense,Assistant offensive line,Corey Matthaei,2026-08-31T00:53:23.584622+00:00
KC,offense,Offensive quality control,Nate Pagan,2026-08-31T00:53:23.584622+00:00
KC,defense,Defensive coordinator,Steve Spagnuolo,2026-08-31T00:53:23.584622+00:00
KC,defense,Defensive line,Joe Cullen,2026-08-31T00:53:23.584622+00:00
KC,defense,Assistant defensive line,Terry Bradden Jr,2026-08-31T00:53:23.584622+00:00
KC,defense,Linebackers,Brendan Daly,2026-08-31T00:53:23.584622+00:00
KC,defense,Outside linebackers,Matt House,2026-08-31T00:53:23.584622+00:00
KC,defense,Defensive backs,Dave Merritt,2026-08-31T00:53:23.584622+00:00
KC,defense,Safeties,Andre Curtis,2026-08-31T00:53:23.584622+00:00
KC,defense,Defensive quality control,Chris Orr,2026-08-31T00:53:23.584622+00:00
KC,defense,Defensive quality control,C.J. Cox,2026-08-31T00:53:23.584622+00:00
KC,special_teams,Assistant special teams,Porter Ellett,2026-08-31T00:53:23.584622+00:00
KC,special_teams,Director of football research and development,Mark Richards,2026-08-31T00:53:23.584622+00:00
KC,special_teams,Statistical analysis coordinator,Mike Frazier,2026-08-31T00:53:23.584622+00:00
KC,strength,Vice President of sports medicine and performance,Rick Burkholder,2026-08-31T00:53:23.584622+00:00
KC,strength,Head strength and conditioning/director of sports science,Ryan Reynolds,2026-08-31T00:53:23.584622+00:00
KC,strength,Assistant strength and conditioning,Greg Carbin,2026-08-31T00:53:23.584622+00:00
KC,strength,Assistant strength and conditioning,Nick Cassetta,2026-08-31T00:53:23.584622+00:00
KC,strength,Assistant strength and conditioning,Spencer Reid,2026-08-31T00:53:23.584622+00:00
LV,front_office,Owner,Mark Davis,2026-08-31T00:53:23.584622+00:00
LV,front_office,President,Sandra Douglass Morgan,2026-08-31T00:53:23.584622+00:00
LV,front_office,General manager,John Spytek,2026-08-31T00:53:23.584622+00:00
LV,front_office,Assistant general manager,Brian Stark,2026-08-31T00:53:23.584622+00:00
LV,front_office,Senior vice president/director of football administration,Tom Delaney,2026-08-31T00:53:23.584622+00:00
LV,front_office,Senior vice president of football operations and strategy,Mark Thewes,2026-08-31T00:53:23.584622+00:00
LV,front_office,Senior personnel executive,Anthony Patch,2026-08-31T00:53:23.584622+00:00
LV,front_office,"VP, player personnel",Brandon Hunt,2026-08-31T00:53:23.584622+00:00
LV,front_office,"VP, football research and development",David Christoff,2026-08-31T00:53:23.584622+00:00
LV,front_office,Director of football strategy,Kunal Singh,2026-08-31T00:53:23.584622+00:00
LV,front_office,Director of football systems,Brad Goldsberry,2026-08-31T00:53:23.584622+00:00
LV,front_office,Director of college scouting,Brandon Yeargan,2026-08-31T00:53:23.584622+00:00
LV,front_office,Assistant director of college scouting,Johnathon Stigall,2026-08-31T00:53:23.584622+00:00
LV,front_office,Director of pro scouting,Ben Chester,2026-08-31T00:53:23.584622+00:00
LV,front_office,Senior national scout,Andy Dengler,2026-08-31T00:53:23.584622+00:00
LV,front_office,Senior national scout,Lenny McGill,2026-08-31T00:53:23.584622+00:00
LV,head_coach,Head coach,Klint Kubiak,2026-08-31T00:53:23.584622+00:00
LV,head_coach,Assistant head coach,Mike McCoy,2026-08-31T00:53:23.584622+00:00
LV,offense,Offensive coordinator,Andrew Janocko,2026-08-31T00:53:23.584622+00:00
LV,offense,Quarterbacks,Mike Sullivan,2026-08-31T00:53:23.584622+00:00
LV,offense,Offensive pass game coordinator,Nick Holz,2026-08-31T00:53:23.584622+00:00
LV,offense,Offensive run game coordinator,Mario Jeberaeel,2026-08-31T00:53:23.584622+00:00
LV,offense,Running backs,Omar Young,2026-08-31T00:53:23.584622+00:00
LV,offense,Wide receivers,Zach Azzanni,2026-08-31T00:53:23.584622+00:00
LV,offense,Tight ends,Luke Steckel,2026-08-31T00:53:23.584622+00:00
LV,offense,Offensive line,Rick Dennison,2026-08-31T00:53:23.584622+00:00
LV,offense,Assistant offensive line,Ben Wilkerson,2026-08-31T00:53:23.584622+00:00
LV,offense,Offensive assistant,Tim Zetts,2026-08-31T00:53:23.584622+00:00
LV,offense,Offensive quality control,Pete Collins,2026-08-31T00:53:23.584622+00:00
LV,offense,Offensive quality control,Conner McQueen,2026-08-31T00:53:23.584622+00:00
LV,offense,Offensive quality control,Torrey Gill,2026-08-31T00:53:23.584622+00:00
LV,defense,Defensive coordinator,Rob Leonard,2026-08-31T00:53:23.584622+00:00
LV,defense,Senior defensive assistant,Al Holcomb,2026-08-31T00:53:23.584622+00:00
LV,defense,Defensive line,Travis Smith,2026-08-31T00:53:23.584622+00:00
LV,defense,Assistant defensive line,Kenyon Jackson,2026-08-31T00:53:23.584622+00:00
LV,defense,Linebackers,Ronell Williams,2026-08-31T00:53:23.584622+00:00
LV,defense,Defensive pass game coordinator/defensive backs,Joe Woods,2026-08-31T00:53:23.584622+00:00
LV,defense,Safeties,Matt Robinson,2026-08-31T00:53:23.584622+00:00
LV,defense,Defensive assistant,Steve Ferentz,2026-08-31T00:53:23.584622+00:00
LV,defense,Defensive quality control,Drew Gaither,2026-08-31T00:53:23.584622+00:00
LV,defense,Defensive quality control,Cody Grimm,2026-08-31T00:53:23.584622+00:00
LV,defense,Defensive quality control,Ketner Kupp,2026-08-31T00:53:23.584622+00:00
LV,special_teams,Special teams coordinator,Joe DeCamillis,2026-08-31T00:53:23.584622+00:00
LV,special_teams,Senior special teams assistant,Marquice Williams,2026-08-31T00:53:23.584622+00:00
LV,special_teams,Assistant special teams,Tim McConnell,2026-08-31T00:53:23.584622+00:00
LV,special_teams,SVP,coaching operations – Matt Capurro,2026-08-31T00:53:23.584622+00:00
LV,special_teams,Director of special projects and game management,Rohit Mogalayapalli,2026-08-31T00:53:23.584622+00:00
LV,strength,Head strength and conditioning,A. J. Neibel,2026-08-31T00:53:23.584622+00:00
LV,strength,Assistant head strength and conditioning,Rick Slate,2026-08-31T00:53:23.584622+00:00
LV,strength,Assistant strength and conditioning,Matthew Fyle,2026-08-31T00:53:23.584622+00:00
LV,strength,Assistant strength and conditioning,Haley Roberts,2026-08-31T00:53:23.584622+00:00
LV,strength,Assistant strength and conditioning,Tevin Duncan,2026-08-31T00:53:23.584622+00:00
LV,strength,Wellness coordinator,Alex Guerrero,2026-08-31T00:53:23.584622+00:00
LAC,front_office,Chairman/owner,Dean Spanos,2026-08-31T00:53:23.584622+00:00
LAC,front_office,Vice chairman/owner,Michael Spanos,2026-08-31T00:53:23.584622+00:00
LAC,front_office,President of business operations,A. G. Spanos,2026-08-31T00:53:23.584622+00:00
LAC,front_office,President of football operations,John Spanos,2026-08-31T00:53:23.584622+00:00
LAC,front_office,Executive vice president/COO,Jeanne Bonk,2026-08-31T00:53:23.584622+00:00
LAC,front_office,Executive vice president of football administration/player finance,Ed McGuire,2026-08-31T00:53:23.584622+00:00
LAC,front_office,General manager,Joe Hortiz,2026-08-31T00:53:23.584622+00:00
LAC,front_office,Assistant general manager,Chad Alexander,2026-08-31T00:53:23.584622+00:00
LAC,front_office,Director of player personnel strategy,Corey Krawiec,2026-08-31T00:53:23.584622+00:00
LAC,front_office,Director of pro scouting,Dennis Abraham,2026-08-31T00:53:23.584622+00:00
LAC,front_office,Senior director of pro personnel,Louis Clark,2026-08-31T00:53:23.584622+00:00
LAC,front_office,Assistant director of pro scouting,Tyler Lyon,2026-08-31T00:53:23.584622+00:00
LAC,front_office,Director of football administration,Katie Sylvan,2026-08-31T00:53:23.584622+00:00
LAC,head_coach,Head coach,Jim Harbaugh,2026-08-31T00:53:23.584622+00:00
LAC,offense,Offensive coordinator,Mike McDaniel,2026-08-31T00:53:23.584622+00:00
LAC,offense,Passing game coordinator/quarterbacks,Shane Day,2026-08-31T00:53:23.584622+00:00
LAC,offense,Running backs,Max McCaffrey,2026-08-31T00:53:23.584622+00:00
LAC,offense,Wide receivers,Sanjay Lal,2026-08-31T00:53:23.584622+00:00
LAC,offense,Assistant wide receivers/special teams,Josh Hammond,2026-08-31T00:53:23.584622+00:00
LAC,offense,Tight ends,Chandler Henley,2026-08-31T00:53:23.584622+00:00
LAC,offense,Offensive line,Butch Barry,2026-08-31T00:53:23.584622+00:00
LAC,offense,Assistant offensive line,Nick Hardwick,2026-08-31T00:53:23.584622+00:00
LAC,offense,Passing game specialist,Adam Gase,2026-08-31T00:53:23.584622+00:00
LAC,offense,Offensive assistant,Kirk Campbell,2026-08-31T00:53:23.584622+00:00
LAC,offense,Offensive assistant,Rob Everett,2026-08-31T00:53:23.584622+00:00
LAC,defense,Defensive coordinator,Chris O'Leary,2026-08-31T00:53:23.584622+00:00
LAC,defense,Run game coordinator/defensive line,Mike Elston,2026-08-31T00:53:23.584622+00:00
LAC,defense,Assistant defensive line,Julian Campenni,2026-08-31T00:53:23.584622+00:00
LAC,defense,Linebackers,Sean Spence,2026-08-31T00:53:23.584622+00:00
LAC,defense,Outside linebackers,Dylan Roney,2026-08-31T00:53:23.584622+00:00
LAC,defense,Assistant outside linebackers,Denzel Martin,2026-08-31T00:53:23.584622+00:00
LAC,defense,Passing game coordinator/defensive backs,Steve Clinkscale,2026-08-31T00:53:23.584622+00:00
LAC,defense,Safeties,Adam Fuller,2026-08-31T00:53:23.584622+00:00
LAC,defense,Run game specialist,Mike Hiestand,2026-08-31T00:53:23.584622+00:00
LAC,special_teams,Special teams coordinator,Ryan Ficken,2026-08-31T00:53:23.584622+00:00
LAC,special_teams,Assistant special teams,Chris Gould,2026-08-31T00:53:23.584622+00:00
LAC,strength,Executive director of player performance,Ben Herbert,2026-08-31T00:53:23.584622+00:00
LAC,strength,Head of strength and conditioning,Jonathan Brooks,2026-08-31T00:53:23.584622+00:00
LAC,strength,Head of strength and conditioning,Devin Woodhouse,2026-08-31T00:53:23.584622+00:00
LAC,strength,Director of performance analytics,Ben Rabe,2026-08-31T00:53:23.584622+00:00
LAC,strength,Performance analyst,Lincoln Dewolf,2026-08-31T00:53:23.584622+00:00
LA,front_office,Owner/CEO,Stan Kroenke,2026-08-31T00:53:23.584622+00:00
LA,front_office,President,Kevin Demoff,2026-08-31T00:53:23.584622+00:00
LA,front_office,General manager,Les Snead,2026-08-31T00:53:23.584622+00:00
LA,front_office,Assistant general manager,John McKay,2026-08-31T00:53:23.584622+00:00
LA,front_office,COO,Tony Pastoors,2026-08-31T00:53:23.584622+00:00
LA,front_office,Senior advisor to general manager,Ray Farmer,2026-08-31T00:53:23.584622+00:00
LA,front_office,Senior personnel executive & deputy chief of college scouting staff,Taylor Morton,2026-08-31T00:53:23.584622+00:00
LA,front_office,Senior personnel executives,"Marty Barrett, Ted Monago, Chris Driggers, Phil Savage",2026-08-31T00:53:23.584622+00:00
LA,front_office,Senior scouting executive,Billy Johnson,2026-08-31T00:53:23.584622+00:00
LA,front_office,Director of pro personnel,Matt Waugh,2026-08-31T00:53:23.584622+00:00
LA,front_office,"Director, scouting, strategy & analytics",Nicole Blake,2026-08-31T00:53:23.584622+00:00
LA,head_coach,Head coach,Sean McVay,2026-08-31T00:53:23.584622+00:00
LA,head_coach,Assistant head coach,Kliff Kingsbury,2026-08-31T00:53:23.584622+00:00
LA,offense,Offensive coordinator,Nathan Scheelhaase,2026-08-31T00:53:23.584622+00:00
LA,offense,Associate coordinator/quarterbacks,Dave Ragone,2026-08-31T00:53:23.584622+00:00
LA,offense,Running backs,Ron Gould,2026-08-31T00:53:23.584622+00:00
LA,offense,Wide receivers,Rob Calabrese,2026-08-31T00:53:23.584622+00:00
LA,offense,Assistant wide receivers,Robert Woods,2026-08-31T00:53:23.584622+00:00
LA,offense,Tight ends,Scott Huff,2026-08-31T00:53:23.584622+00:00
LA,offense,Assistant tight ends/game management coordinator,Dan Shamash,2026-08-31T00:53:23.584622+00:00
LA,offense,Offensive line,Ryan Wendell,2026-08-31T00:53:23.584622+00:00
LA,offense,Assistant offensive line,Brian Allen,2026-08-31T00:53:23.584622+00:00
LA,offense,Assistant offensive line,Zak Kromer,2026-08-31T00:53:23.584622+00:00
LA,offense,Senior offensive assistant,Brian Johnson,2026-08-31T00:53:23.584622+00:00
LA,offense,Senior offensive assistant/wide receivers,Eric Yarber,2026-08-31T00:53:23.584622+00:00
LA,defense,Defensive coordinator,Chris Shula,2026-08-31T00:53:23.584622+00:00
LA,defense,Defensive line/run game coordinator,Giff Smith,2026-08-31T00:53:23.584622+00:00
LA,defense,Outside linebackers,Joe Coniglio,2026-08-31T00:53:23.584622+00:00
LA,defense,Inside linebackers,Greg Williams,2026-08-31T00:53:23.584622+00:00
LA,defense,Defensive backs/pass game coordinator,Jimmy Lake,2026-08-31T00:53:23.584622+00:00
LA,defense,Safeties,Chris Beake,2026-08-31T00:53:23.584622+00:00
LA,defense,Assistant defensive backs,Michael Hunter,2026-08-31T00:53:23.584622+00:00
LA,defense,Pass rush coordinator,Drew Wilkins,2026-08-31T00:53:23.584622+00:00
LA,defense,Senior defensive assistant,Robert Wright,2026-08-31T00:53:23.584622+00:00
LA,special_teams,Special teams coordinator,Ray Ventrone,2026-08-31T00:53:23.584622+00:00
LA,special_teams,Assistant special teams coach,Kyle Hoke,2026-08-31T00:53:23.584622+00:00
LA,strength,Director of strength training and performance,Justin Lovett,2026-08-31T00:53:23.584622+00:00
LA,strength,Assistant strength and conditioning,Dustin Woods,2026-08-31T00:53:23.584622+00:00
MIA,front_office,Chairman/Managing General Partner,Stephen Ross,2026-08-31T00:53:23.584622+00:00
MIA,front_office,Vice Chairman/Partner,Bruce Beal,2026-08-31T00:53:23.584622+00:00
MIA,front_office,"Vice Chairman, President, and CEO",Tom Garfinkel,2026-08-31T00:53:23.584622+00:00
MIA,front_office,"Senior Vice President, Chief Financial Officer",Chris Clements,2026-08-31T00:53:23.584622+00:00
MIA,front_office,General Manager,Jon-Eric Sullivan,2026-08-31T00:53:23.584622+00:00
MIA,front_office,Assistant General Manager,Kyle Smith,2026-08-31T00:53:23.584622+00:00
MIA,front_office,"Executive Vice President, Football Operations",Brandon Shore,2026-08-31T00:53:23.584622+00:00
MIA,front_office,Senior personnel executive,Jon Robinson,2026-08-31T00:53:23.584622+00:00
MIA,front_office,Senior personnel executive,Shaun Herock,2026-08-31T00:53:23.584622+00:00
MIA,front_office,Director of player personnel,Matt Winston,2026-08-31T00:53:23.584622+00:00
MIA,front_office,Assistant director of player personnel,Josh Scobey,2026-08-31T00:53:23.584622+00:00
MIA,front_office,Director of college scouting,Grant Wallace,2026-08-31T00:53:23.584622+00:00
MIA,front_office,Director of pro scouting,Venzell Boulware,2026-08-31T00:53:23.584622+00:00
MIA,front_office,Vice president of football administration and strategy,Max Napolitano,2026-08-31T00:53:23.584622+00:00
MIA,front_office,"Senior director, football operations",Olivia Sheehy,2026-08-31T00:53:23.584622+00:00
MIA,front_office,"Director, football analytics",Ella Summer,2026-08-31T00:53:23.584622+00:00
MIA,front_office,"Director, scouting operations",Minh Luu,2026-08-31T00:53:23.584622+00:00
MIA,front_office,"Manager, football administration",John Glaser,2026-08-31T00:53:23.584622+00:00
MIA,front_office,Senior national scout,Ron Brockington,2026-08-31T00:53:23.584622+00:00
MIA,front_office,"Special Advisor to the Vice Chairman, President and CEO",Dan Marino,2026-08-31T00:53:23.584622+00:00
MIA,head_coach,Head Coach,Jeff Hafley,2026-08-31T00:53:23.584622+00:00
MIA,offense,Offensive Coordinator,Bobby Slowik,2026-08-31T00:53:23.584622+00:00
MIA,offense,Passing Game Coordinator,Kevin Patullo,2026-08-31T00:53:23.584622+00:00
MIA,offense,Quarterbacks,Bush Hamdan,2026-08-31T00:53:23.584622+00:00
MIA,offense,Running Backs,Ladell Betts,2026-08-31T00:53:23.584622+00:00
MIA,offense,Wide Receivers,Tyke Tolbert,2026-08-31T00:53:23.584622+00:00
MIA,offense,Assistant Wide Receivers,Jonathan Krause,2026-08-31T00:53:23.584622+00:00
MIA,offense,Tight Ends,Ron Middleton,2026-08-31T00:53:23.584622+00:00
MIA,offense,Assistant Tight Ends,Lemuel Jeanpierre,2026-08-31T00:53:23.584622+00:00
MIA,offense,Offensive Line,Zach Yenser,2026-08-31T00:53:23.584622+00:00
MIA,offense,Assistant Offensive Line,Matt Applebaum,2026-08-31T00:53:23.584622+00:00
MIA,offense,Offensive Assistant,Leander Wallace,2026-08-31T00:53:23.584622+00:00
MIA,offense,Offensive Assistant,C. J. Conrad,2026-08-31T00:53:23.584622+00:00
MIA,defense,Defensive Coordinator,Sean Duggan,2026-08-31T00:53:23.584622+00:00
MIA,defense,Defensive Line,Austin Clark,2026-08-31T00:53:23.584622+00:00
MIA,defense,Assistant Defensive Line,Chuka Ndulue,2026-08-31T00:53:23.584622+00:00
MIA,defense,Linebackers,Al Washington,2026-08-31T00:53:23.584622+00:00
MIA,defense,Assistant Linebackers,Wendel Davis,2026-08-31T00:53:23.584622+00:00
MIA,defense,Defensive Backs/Passing Game Coordinator,Ryan Downard,2026-08-31T00:53:23.584622+00:00
MIA,defense,Defensive Backs/Cornerbacks,Jahmile Addae,2026-08-31T00:53:23.584622+00:00
MIA,defense,Assistant Defensive Backs/Nickels,DeShawn Shead,2026-08-31T00:53:23.584622+00:00
MIA,defense,Run Game Coordinator/Senior Defensive Assistant,Joe Barry,2026-08-31T00:53:23.584622+00:00
MIA,defense,Defensive Quality Control,Siriki Diabate,2026-08-31T00:53:23.584622+00:00
MIA,special_teams,Special Teams Coordinator,Chris Tabor,2026-08-31T00:53:23.584622+00:00
MIA,special_teams,Assistant Special Teams,Brock Olivo,2026-08-31T00:53:23.584622+00:00
MIA,special_teams,Special Teams Assistant,Darius Eubanks,2026-08-31T00:53:23.584622+00:00
MIA,strength,"Director, Strength and Conditioning",Todd Hunt,2026-08-31T00:53:23.584622+00:00
MIA,strength,"Assistant Director, Strength and Conditioning",Willie Jones,2026-08-31T00:53:23.584622+00:00
MIA,strength,Assistant Strength and Conditioning Coach,"Ike Brown, Andrew Papirio",2026-08-31T00:53:23.584622+00:00
MIN,front_office,Owner/chairman,Zygi Wilf,2026-08-31T00:53:23.584622+00:00
MIN,front_office,Owner/vice chairman,Leonard Wilf,2026-08-31T00:53:23.584622+00:00
MIN,front_office,Owner/president,Mark Wilf,2026-08-31T00:53:23.584622+00:00
MIN,front_office,Chief operating officer,Andrew Miller,2026-08-31T00:53:23.584622+00:00
MIN,front_office,Executive vice president of football operations,Rob Brzezinski,2026-08-31T00:53:23.584622+00:00
MIN,front_office,General manager,Nolan Teasley,2026-08-31T00:53:23.584622+00:00
MIN,front_office,Assistant general manager,Andrew Healy,2026-08-31T00:53:23.584622+00:00
MIN,front_office,Assistant general manager,Trent Kirchner,2026-08-31T00:53:23.584622+00:00
MIN,front_office,Director of scouting strategy,Tyler Hamblin,2026-08-31T00:53:23.584622+00:00
MIN,front_office,Football advisor,Ryan Pace,2026-08-31T00:53:23.584622+00:00
MIN,front_office,Director of player personnel,Ryan Monnens,2026-08-31T00:53:23.584622+00:00
MIN,front_office,Assistant director of player personnel,Chisom Opara,2026-08-31T00:53:23.584622+00:00
MIN,front_office,Director of pro personnel,Sam DeLuca,2026-08-31T00:53:23.584622+00:00
MIN,front_office,Assistant director of pro personnel,Azzaam Kapadia,2026-08-31T00:53:23.584622+00:00
MIN,front_office,Director of college scouting,Mike Sholiton,2026-08-31T00:53:23.584622+00:00
MIN,front_office,"Senior manager, football administration",Emily Badis,2026-08-31T00:53:23.584622+00:00
MIN,front_office,Director of football quantitative methods,Chris French,2026-08-31T00:53:23.584622+00:00
MIN,head_coach,Head coach,Kevin O'Connell,2026-08-31T00:53:23.584622+00:00
MIN,head_coach,Assistant head coach,Frank Smith,2026-08-31T00:53:23.584622+00:00
MIN,offense,Offensive coordinator,Wes Phillips,2026-08-31T00:53:23.584622+00:00
MIN,offense,Assistant offensive coordinator,Chris O'Hara,2026-08-31T00:53:23.584622+00:00
MIN,offense,Offensive passing game coordinator/quarterbacks,Josh McCown,2026-08-31T00:53:23.584622+00:00
MIN,offense,Assistant quarterbacks/passing game specialist,Jordan Traylor,2026-08-31T00:53:23.584622+00:00
MIN,offense,Offensive running game coordinator/running backs,Curtis Modkins,2026-08-31T00:53:23.584622+00:00
MIN,offense,Wide receivers,Keenan McCardell,2026-08-31T00:53:23.584622+00:00
MIN,offense,Assistant wide receivers,Derron Montgomery,2026-08-31T00:53:23.584622+00:00
MIN,offense,Tight ends/game management coordinator,Ryan Cordell,2026-08-31T00:53:23.584622+00:00
MIN,offense,Offensive line,Keith Carter,2026-08-31T00:53:23.584622+00:00
MIN,offense,Assistant offensive line,Derek Warehime,2026-08-31T00:53:23.584622+00:00
MIN,offense,Offensive assistant,Ben Ellefson,2026-08-31T00:53:23.584622+00:00
MIN,offense,Offensive quality control,Kyle Caskey,2026-08-31T00:53:23.584622+00:00
MIN,defense,Defensive coordinator,Brian Flores,2026-08-31T00:53:23.584622+00:00
MIN,defense,Defensive running game coordinator,Ryan Nielsen,2026-08-31T00:53:23.584622+00:00
MIN,defense,Assistant defensive line,Patrick Hill,2026-08-31T00:53:23.584622+00:00
MIN,defense,Outside linebackers,Thad Bogardus,2026-08-31T00:53:23.584622+00:00
MIN,defense,Senior defensive assistant/inside linebackers,Mike Siravo,2026-08-31T00:53:23.584622+00:00
MIN,defense,Assistant linebackers,Dalmin Gibson,2026-08-31T00:53:23.584622+00:00
MIN,defense,Defensive passing game coordinator/defensive backs,Gerald Alexander,2026-08-31T00:53:23.584622+00:00
MIN,defense,Assistant defensive backs,Chenzo Funari,2026-08-31T00:53:23.584622+00:00
MIN,defense,Defensive assistant,"Charlie Frye, Will Johnson",2026-08-31T00:53:23.584622+00:00
MIN,special_teams,Special teams coordinator,Matt Daniels,2026-08-31T00:53:23.584622+00:00
MIN,special_teams,Assistant special teams coordinator,Chili Davis,2026-08-31T00:53:23.584622+00:00
MIN,strength,"Vice president, player health and performance",Tyler Williams,2026-08-31T00:53:23.584622+00:00
MIN,strength,Director of sports medicine,Matt Duhamel,2026-08-31T00:53:23.584622+00:00
MIN,strength,Associate head athletic trainer,Connor Whicker,2026-08-31T00:53:23.584622+00:00
MIN,strength,Head performance dietician,Ben Hawkins,2026-08-31T00:53:23.584622+00:00
MIN,strength,Head strength coach,Joe Distor Jr,2026-08-31T00:53:23.584622+00:00
NE,front_office,Chairman/CEO,Robert Kraft,2026-08-31T00:53:23.584622+00:00
NE,front_office,President,Jonathan Kraft,2026-08-31T00:53:23.584622+00:00
NE,front_office,Executive vice president of player personnel,Eliot Wolf,2026-08-31T00:53:23.584622+00:00
NE,front_office,Vice president of player personnel,Ryan Cowden,2026-08-31T00:53:23.584622+00:00
NE,front_office,Vice president of football administration,Matt Groh,2026-08-31T00:53:23.584622+00:00
NE,front_office,Scouting administration coordinator,Courtney Weiner,2026-08-31T00:53:23.584622+00:00
NE,front_office,Senior personnel executive,Alonzo Highsmith,2026-08-31T00:53:23.584622+00:00
NE,front_office,Director of pro personnel,AJ Highsmith,2026-08-31T00:53:23.584622+00:00
NE,front_office,Assistant director of pro personnel,Sam Fioroni,2026-08-31T00:53:23.584622+00:00
NE,front_office,Director of college scouting,Tony Kinkela,2026-08-31T00:53:23.584622+00:00
NE,front_office,Assistant director of college scouting,Matt Evans,2026-08-31T00:53:23.584622+00:00
NE,front_office,Director of player development,James Mitchell,2026-08-31T00:53:23.584622+00:00
NE,front_office,Director of research,Richard Miller,2026-08-31T00:53:23.584622+00:00
NE,front_office,Director of football operations,Bobby Brown,2026-08-31T00:53:23.584622+00:00
NE,front_office,Personnel coordinator,Brian Smith,2026-08-31T00:53:23.584622+00:00
NE,front_office,Vice president of football operations and strategy,John Streicher,2026-08-31T00:53:23.584622+00:00
NE,front_office,Director of coaching analytics,Ekene Olekanma,2026-08-31T00:53:23.584622+00:00
NE,head_coach,Head coach,Mike Vrabel,2026-08-31T00:53:23.584622+00:00
NE,head_coach,Assistant head coach,Terrell Williams,2026-08-31T00:53:23.584622+00:00
NE,offense,Offensive coordinator,Josh McDaniels,2026-08-31T00:53:23.584622+00:00
NE,offense,Quarterbacks,Ashton Grant,2026-08-31T00:53:23.584622+00:00
NE,offense,Running backs,Tony Dews,2026-08-31T00:53:23.584622+00:00
NE,offense,Wide receivers,Todd Downing,2026-08-31T00:53:23.584622+00:00
NE,offense,Tight ends/passing game coordinator,Thomas Brown,2026-08-31T00:53:23.584622+00:00
NE,offense,Offensive line,Doug Marrone,2026-08-31T00:53:23.584622+00:00
NE,offense,Assistant offensive line,Jason Houghtaling,2026-08-31T00:53:23.584622+00:00
NE,offense,Offensive line assistant,Jonathan Decoster,2026-08-31T00:53:23.584622+00:00
NE,offense,Offensive analyst,Charles London,2026-08-31T00:53:23.584622+00:00
NE,offense,Offensive assistant,Chuckie Keeton,2026-08-31T00:53:23.584622+00:00
NE,offense,Offensive assistant,Riley Larkin,2026-08-31T00:53:23.584622+00:00
NE,defense,Defensive coordinator,Zak Kuhr,2026-08-31T00:53:23.584622+00:00
NE,defense,Defensive line,Clinton McMillan,2026-08-31T00:53:23.584622+00:00
NE,defense,Inside linebackers,Vinny DePalma,2026-08-31T00:53:23.584622+00:00
NE,defense,Outside linebackers,Mike Smith,2026-08-31T00:53:23.584622+00:00
NE,defense,Cornerbacks,Justin Hamilton,2026-08-31T00:53:23.584622+00:00
NE,defense,Secondary,Scott Booker,2026-08-31T00:53:23.584622+00:00
NE,defense,Defensive analyst,Shane Bowen,2026-08-31T00:53:23.584622+00:00
NE,defense,Defensive assistant,B.J. Edmonds,2026-08-31T00:53:23.584622+00:00
NE,defense,Defensive assistant,Kevin Richardson,2026-08-31T00:53:23.584622+00:00
NE,special_teams,Special teams coordinator,Jeremy Springer,2026-08-31T00:53:23.584622+00:00
NE,special_teams,Assistant special teams,Tom Quinn,2026-08-31T00:53:23.584622+00:00
NE,strength,Director of sports performance,Frank Piraino,2026-08-31T00:53:23.584622+00:00
NE,strength,Strength and conditioning,Brandon Martuccio,2026-08-31T00:53:23.584622+00:00
NE,strength,Strength and conditioning,Deron Mayo,2026-08-31T00:53:23.584622+00:00
NE,strength,Strength and conditioning,Brian McDonough,2026-08-31T00:53:23.584622+00:00
NO,front_office,Owner,Gayle Benson,2026-08-31T00:53:23.584622+00:00
NO,front_office,President,Dennis Lauscha,2026-08-31T00:53:23.584622+00:00
NO,front_office,Executive vice president/general manager,Mickey Loomis,2026-08-31T00:53:23.584622+00:00
NO,front_office,Senior VP of football operations/assistant general manager,Khai Harley,2026-08-31T00:53:23.584622+00:00
NO,front_office,Senior VP/assistant general manager,college personnel – Jeff Ireland,2026-08-31T00:53:23.584622+00:00
NO,front_office,Vice president of pro personnel,Michael Parenton,2026-08-31T00:53:23.584622+00:00
NO,front_office,Assistant director of pro scouting,Justin Matthews,2026-08-31T00:53:23.584622+00:00
NO,front_office,Director of football administration,Scott Kuhn,2026-08-31T00:53:23.584622+00:00
NO,front_office,Director of analytics,Zach Stuart,2026-08-31T00:53:23.584622+00:00
NO,front_office,Director of team operations,Derek Stamnos,2026-08-31T00:53:23.584622+00:00
NO,front_office,Senior personnel advisor,Randy Mueller,2026-08-31T00:53:23.584622+00:00
NO,front_office,Consultant,Thomas Dimitroff,2026-08-31T00:53:23.584622+00:00
NO,head_coach,Head coach,Kellen Moore,2026-08-31T00:53:23.584622+00:00
NO,head_coach,Associate head coach/running backs,Joel Thomas,2026-08-31T00:53:23.584622+00:00
NO,head_coach,Assistant to the head coach,Mike Martinez,2026-08-31T00:53:23.584622+00:00
NO,offense,Offensive coordinator,Doug Nussmeier,2026-08-31T00:53:23.584622+00:00
NO,offense,Run game coordinator,T.J. Paganetti,2026-08-31T00:53:23.584622+00:00
NO,offense,Quarterbacks,Scott Tolzien,2026-08-31T00:53:23.584622+00:00
NO,offense,Wide receivers,Keith Williams,2026-08-31T00:53:23.584622+00:00
NO,offense,Assistant wide receivers,Kyle Valero,2026-08-31T00:53:23.584622+00:00
NO,offense,Tight ends,Chase Haslett,2026-08-31T00:53:23.584622+00:00
NO,offense,Offensive line,Brendan Nugent,2026-08-31T00:53:23.584622+00:00
NO,offense,Senior offensive assistant,Scott Linehan,2026-08-31T00:53:23.584622+00:00
NO,offense,Offensive assistant,Tobijah Hughley,2026-08-31T00:53:23.584622+00:00
NO,offense,Offensive assistant,Will Clapp,2026-08-31T00:53:23.584622+00:00
NO,defense,Defensive coordinator,Brandon Staley,2026-08-31T00:53:23.584622+00:00
NO,defense,Defensive pass game coordinator,Terry Joseph,2026-08-31T00:53:23.584622+00:00
NO,defense,Defensive line,Bo Davis,2026-08-31T00:53:23.584622+00:00
NO,defense,Assistant defensive line,Brian Young,2026-08-31T00:53:23.584622+00:00
NO,defense,Edges,Jay Rodgers,2026-08-31T00:53:23.584622+00:00
NO,defense,Linebackers,Peter Sirmon,2026-08-31T00:53:23.584622+00:00
NO,defense,Assistant linebackers,Adam Gristick,2026-08-31T00:53:23.584622+00:00
NO,defense,Cornerbacks,Grady Brown,2026-08-31T00:53:23.584622+00:00
NO,defense,Assistant defensive backs,Robert Blanton,2026-08-31T00:53:23.584622+00:00
NO,defense,Senior defensive assistant,Peter Giunta,2026-08-31T00:53:23.584622+00:00
NO,special_teams,Special teams coordinator,Phil Galiano,2026-08-31T00:53:23.584622+00:00
NO,special_teams,Assistant special teams,Kyle Wilber,2026-08-31T00:53:23.584622+00:00
NO,strength,Director of sports science,Ted Rath,2026-08-31T00:53:23.584622+00:00
NO,strength,Strength and conditioning coach,Matt Clapp,2026-08-31T00:53:23.584622+00:00
NO,strength,Assistant strength and conditioning,Charles Byrd,2026-08-31T00:53:23.584622+00:00
NO,strength,Assistant strength and conditioning,Rob Wenning,2026-08-31T00:53:23.584622+00:00
NYG,front_office,President/CEO,John Mara,2026-08-31T00:53:23.584622+00:00
NYG,front_office,Chairman/executive vice president,Steve Tisch,2026-08-31T00:53:23.584622+00:00
NYG,front_office,Senior vice president of football operations and strategy,Dawn Aponte,2026-08-31T00:53:23.584622+00:00
NYG,front_office,Senior vice president & general manager,Joe Schoen,2026-08-31T00:53:23.584622+00:00
NYG,front_office,Assistant general manager,Brandon Brown,2026-08-31T00:53:23.584622+00:00
NYG,front_office,Senior player personnel executive,Chris Mara,2026-08-31T00:53:23.584622+00:00
NYG,front_office,Director of player personnel,Tim McDonnell,2026-08-31T00:53:23.584622+00:00
NYG,front_office,Director of college scouting,John Ritcher,2026-08-31T00:53:23.584622+00:00
NYG,front_office,Senior personnel executive,Dennis Hickey,2026-08-31T00:53:23.584622+00:00
NYG,front_office,Director of pro scouting,Chris Rosetti,2026-08-31T00:53:23.584622+00:00
NYG,front_office,Assistant director of pro scouting,Nick La Testa,2026-08-31T00:53:23.584622+00:00
NYG,front_office,Director of football operations,Ed Triggs,2026-08-31T00:53:23.584622+00:00
NYG,front_office,Director of football data and innovation,Tyseer Siam,2026-08-31T00:53:23.584622+00:00
NYG,head_coach,Head coach,John Harbaugh,2026-08-31T00:53:23.584622+00:00
NYG,head_coach,Assistant head coach/special teams coordinator,Chris Horton,2026-08-31T00:53:23.584622+00:00
NYG,offense,Offensive coordinator,Matt Nagy,2026-08-31T00:53:23.584622+00:00
NYG,offense,Quarterbacks/pass game coordinator,Brian Callahan,2026-08-31T00:53:23.584622+00:00
NYG,offense,Running backs,Willie Taggart,2026-08-31T00:53:23.584622+00:00
NYG,offense,Wide receivers,Chad Hall,2026-08-31T00:53:23.584622+00:00
NYG,offense,Tight ends,Tim Kelly,2026-08-31T00:53:23.584622+00:00
NYG,offense,Offensive line,Mike Bloomgren,2026-08-31T00:53:23.584622+00:00
NYG,offense,Assistant offensive line,Grant Newsome,2026-08-31T00:53:23.584622+00:00
NYG,offense,Senior offensive assistant,Greg Roman,2026-08-31T00:53:23.584622+00:00
NYG,offense,Offensive quality control,Adam Schrack,2026-08-31T00:53:23.584622+00:00
NYG,offense,Offensive quality control,Mike Snyder,2026-08-31T00:53:23.584622+00:00
NYG,offense,Football analyst/quality control,Noah Riley,2026-08-31T00:53:23.584622+00:00
NYG,defense,Defensive coordinator,Dennard Wilson,2026-08-31T00:53:23.584622+00:00
NYG,defense,Defensive line,Dennis Johnson,2026-08-31T00:53:23.584622+00:00
NYG,defense,Outside linebackers/run game coordinator,Charlie Bullen,2026-08-31T00:53:23.584622+00:00
NYG,defense,Inside linebackers,Frank Bush,2026-08-31T00:53:23.584622+00:00
NYG,defense,Assistant linebackers,Matt Pees,2026-08-31T00:53:23.584622+00:00
NYG,defense,Secondary/pass game coordinator,Donald D'Alesio,2026-08-31T00:53:23.584622+00:00
NYG,defense,Defensive backs,Addison Lynch,2026-08-31T00:53:23.584622+00:00
NYG,defense,Defensive quality control,Brendan Clark,2026-08-31T00:53:23.584622+00:00
NYG,defense,Assistant to the head coach/defensive assistant,Megan Rosburg,2026-08-31T00:53:23.584622+00:00
NYG,special_teams,Assistant special teams,T. J. Weist,2026-08-31T00:53:23.584622+00:00
NYG,special_teams,Football analyst,Bonner Bordelon,2026-08-31T00:53:23.584622+00:00
NYG,special_teams,Football analyst,Taylor Kolste,2026-08-31T00:53:23.584622+00:00
NYG,special_teams,Football analyst,Kyrell Michael,2026-08-31T00:53:23.584622+00:00
NYG,special_teams,Football analyst,Skyler Mornhinweg,2026-08-31T00:53:23.584622+00:00
NYG,special_teams,Football analyst,Patrick Moynahan,2026-08-31T00:53:23.584622+00:00
NYG,special_teams,Executive director of player performance,Aaron Wellman,2026-08-31T00:53:23.584622+00:00
NYG,special_teams,Director of high performance,Sam Rosengarten,2026-08-31T00:53:23.584622+00:00
NYG,special_teams,Director of strength and conditioning,Ron Shrift,2026-08-31T00:53:23.584622+00:00
NYG,special_teams,Assistant director of strength and conditioning,Drew Wilson,2026-08-31T00:53:23.584622+00:00
NYG,special_teams,Performance manager/assistant strength and conditioning,Sam Coad,2026-08-31T00:53:23.584622+00:00
NYG,special_teams,Assistant strength and conditioning,Chris Allen,2026-08-31T00:53:23.584622+00:00
NYG,special_teams,Assistant strength and conditioning,Mark Naylor,2026-08-31T00:53:23.584622+00:00
NYG,special_teams,Assistant strength,Brian Ellis,2026-08-31T00:53:23.584622+00:00
NYG,special_teams,Director of performance nutrition,Matthew Frakes,2026-08-31T00:53:23.584622+00:00
NYJ,front_office,Owner/chairman/CEO,Woody Johnson,2026-08-31T00:53:23.584622+00:00
NYJ,front_office,Vice chairman,Christopher Johnson,2026-08-31T00:53:23.584622+00:00
NYJ,front_office,President,Hymie Elhai,2026-08-31T00:53:23.584622+00:00
NYJ,front_office,Executive vice president/COO,Brian Friedman,2026-08-31T00:53:23.584622+00:00
NYJ,front_office,General manager,Darren Mougey,2026-08-31T00:53:23.584622+00:00
NYJ,front_office,Senior director of football operations,Dan Zbojovsky,2026-08-31T00:53:23.584622+00:00
NYJ,front_office,Senior director of football administration,Nick Sabella,2026-08-31T00:53:23.584622+00:00
NYJ,front_office,Senior personnel/special projects,"Jon Carr, TJ McCreight, Adam Engroff",2026-08-31T00:53:23.584622+00:00
NYJ,front_office,Director of player personnel,Robbie Paton,2026-08-31T00:53:23.584622+00:00
NYJ,front_office,Director of pro scouting,Evan Ardoin,2026-08-31T00:53:23.584622+00:00
NYJ,front_office,Director of college scouting,Jay Mandolesi,2026-08-31T00:53:23.584622+00:00
NYJ,front_office,"Director, football analytics and strategy",Sean Clement,2026-08-31T00:53:23.584622+00:00
NYJ,front_office,Player personnel research and analytics,Brian Shields,2026-08-31T00:53:23.584622+00:00
NYJ,front_office,Senior football advisor,Rick Spielman,2026-08-31T00:53:23.584622+00:00
NYJ,front_office,"Manager, personnel operations",Destiny Rodriguez,2026-08-31T00:53:23.584622+00:00
NYJ,front_office,"Coordinator, Scouting strategy",Donovan Doyle,2026-08-31T00:53:23.584622+00:00
NYJ,head_coach,Head coach,Aaron Glenn,2026-08-31T00:53:23.584622+00:00
NYJ,offense,Offensive coordinator,Frank Reich,2026-08-31T00:53:23.584622+00:00
NYJ,offense,Pass game coordinator,Seth Ryan,2026-08-31T00:53:23.584622+00:00
NYJ,offense,Quarterbacks,Bill Musgrave,2026-08-31T00:53:23.584622+00:00
NYJ,offense,Running backs,Nic McKissic-Luke,2026-08-31T00:53:23.584622+00:00
NYJ,offense,Wide receivers,Shawn Jefferson,2026-08-31T00:53:23.584622+00:00
NYJ,offense,Tight ends,Alfredo Roberts,2026-08-31T00:53:23.584622+00:00
NYJ,offense,Offensive line,Steve Heiden,2026-08-31T00:53:23.584622+00:00
NYJ,offense,Assistant offensive line,Al Netter,2026-08-31T00:53:23.584622+00:00
NYJ,offense,Assistant offensive line,Brian Natkin,2026-08-31T00:53:23.584622+00:00
NYJ,offense,Offensive assistant/assistant quarterbacks,Thomas Merkle,2026-08-31T00:53:23.584622+00:00
NYJ,offense,Offensive assistant,Matthew Sargent,2026-08-31T00:53:23.584622+00:00
NYJ,offense,Offensive assistant,Junior Taylor,2026-08-31T00:53:23.584622+00:00
NYJ,defense,Defensive coordinator,Brian Duker,2026-08-31T00:53:23.584622+00:00
NYJ,defense,Defensive line,Karl Dunbar,2026-08-31T00:53:23.584622+00:00
NYJ,defense,Assistant defensive line,Cameron Davis,2026-08-31T00:53:23.584622+00:00
NYJ,defense,Linebackers,Ben Bolling,2026-08-31T00:53:23.584622+00:00
NYJ,defense,Assistant linebackers,Nathaniel Willingham,2026-08-31T00:53:23.584622+00:00
NYJ,defense,Defensive backs/pass game coordinator,Chris Harris,2026-08-31T00:53:23.584622+00:00
NYJ,defense,Safeties,Ryan Slowik,2026-08-31T00:53:23.584622+00:00
NYJ,defense,Defensive assistant/nickels,Ronald Booker,2026-08-31T00:53:23.584622+00:00
NYJ,defense,Defensive assistant,Collin Bauer,2026-08-31T00:53:23.584622+00:00
NYJ,special_teams,Special teams coordinator,Chris Banjo,2026-08-31T00:53:23.584622+00:00
NYJ,special_teams,Special teams assistant,Kevin O'Dea,2026-08-31T00:53:23.584622+00:00
NYJ,special_teams,Game management,Jon Berger,2026-08-31T00:53:23.584622+00:00
NYJ,special_teams,"Coordinator, Coaching operations",Madilyn Johnson,2026-08-31T00:53:23.584622+00:00
NYJ,strength,Head strength and conditioning,Corey Smith,2026-08-31T00:53:23.584622+00:00
NYJ,strength,Assistant strength and conditioning,Brian Johnson,2026-08-31T00:53:23.584622+00:00
NYJ,strength,Assistant strength and conditioning,Thomas Myslinski,2026-08-31T00:53:23.584622+00:00
PHI,front_office,Chairman/CEO,Jeffrey Lurie,2026-08-31T00:53:23.584622+00:00
PHI,front_office,President,Don Smolenski,2026-08-31T00:53:23.584622+00:00
PHI,front_office,General manager/executive vice president,Howie Roseman,2026-08-31T00:53:23.584622+00:00
PHI,front_office,Assistant general manager,Adam Berry,2026-08-31T00:53:23.584622+00:00
PHI,front_office,Assistant general manager,Jon Ferrari,2026-08-31T00:53:23.584622+00:00
PHI,front_office,Senior advisor to the general manager/chief security officer,Dom DiSandro,2026-08-31T00:53:23.584622+00:00
PHI,front_office,Head of football development and strategy,Connor Barwin,2026-08-31T00:53:23.584622+00:00
PHI,front_office,Senior vice president of player personnel,Joe Douglas,2026-08-31T00:53:23.584622+00:00
PHI,front_office,Vice president of football operations and strategic initiatives,Alan Wolking,2026-08-31T00:53:23.584622+00:00
PHI,front_office,Vice president of player personnel,Charles Walls,2026-08-31T00:53:23.584622+00:00
PHI,front_office,Vice president of player personnel,Phil Bhaya,2026-08-31T00:53:23.584622+00:00
PHI,front_office,Senior personnel director/advisor to the general manager,Matt Russell,2026-08-31T00:53:23.584622+00:00
PHI,front_office,Director of player personnel,Jeremy Gray,2026-08-31T00:53:23.584622+00:00
PHI,front_office,Director of football operations/pro scout,Ameena Soliman,2026-08-31T00:53:23.584622+00:00
PHI,front_office,Director of football administration,Grant Reiter,2026-08-31T00:53:23.584622+00:00
PHI,front_office,Senior director of football analytics and strategy,James Gilman,2026-08-31T00:53:23.584622+00:00
PHI,front_office,Director of football analytics,Jonathan Liu,2026-08-31T00:53:23.584622+00:00
PHI,front_office,Director of football research and strategy,Zachary Steever,2026-08-31T00:53:23.584622+00:00
PHI,front_office,Assistant director of personnel strategy,Zach Drapkin,2026-08-31T00:53:23.584622+00:00
PHI,front_office,Director of college scouting,Ryan Myers,2026-08-31T00:53:23.584622+00:00
PHI,front_office,Assistant director of college scouting,Matt Holland,2026-08-31T00:53:23.584622+00:00
PHI,front_office,Assistant director of pro scouting,Lee DiValerio,2026-08-31T00:53:23.584622+00:00
PHI,front_office,Assistant director of pro scouting,Jarrod Kilburn,2026-08-31T00:53:23.584622+00:00
PHI,front_office,Personnel executive,Mike Maccagnan,2026-08-31T00:53:23.584622+00:00
PHI,head_coach,Head coach,Nick Sirianni,2026-08-31T00:53:23.584622+00:00
PHI,head_coach,Assistant head coach/running backs,Jemal Singleton,2026-08-31T00:53:23.584622+00:00
PHI,head_coach,Associate head coach/senior defensive assistant/defensive line,Clint Hurtt,2026-08-31T00:53:23.584622+00:00
PHI,offense,Offensive coordinator,Sean Mannion,2026-08-31T00:53:23.584622+00:00
PHI,offense,Pass game coordinator,Josh Grizzard,2026-08-31T00:53:23.584622+00:00
PHI,offense,Quarterbacks,Parks Frazier,2026-08-31T00:53:23.584622+00:00
PHI,offense,Wide receivers,Aaron Moorehead,2026-08-31T00:53:23.584622+00:00
PHI,offense,Run game coordinator/tight ends,Ryan Mahaffey,2026-08-31T00:53:23.584622+00:00
PHI,offense,Offensive line,Chris Kuper,2026-08-31T00:53:23.584622+00:00
PHI,offense,Assistant offensive line,Greg Austin,2026-08-31T00:53:23.584622+00:00
PHI,offense,Senior offensive assistant/special projects,Jerrod Johnson,2026-08-31T00:53:23.584622+00:00
PHI,offense,Offensive assistant/assistant quarterbacks,Montgomery VanGorder,2026-08-31T00:53:23.584622+00:00
PHI,offense,Offensive assistant/assistant tight ends,Eric Dickerson,2026-08-31T00:53:23.584622+00:00
PHI,defense,Defensive coordinator,Vic Fangio,2026-08-31T00:53:23.584622+00:00
PHI,defense,Defensive ends/outside linebackers,Jeremiah Washburn,2026-08-31T00:53:23.584622+00:00
PHI,defense,Inside linebackers,Bobby King,2026-08-31T00:53:23.584622+00:00
PHI,defense,Assistant linebackers,Tyler Scudder,2026-08-31T00:53:23.584622+00:00
PHI,defense,Defensive pass game coordinator,Joe Kasper,2026-08-31T00:53:23.584622+00:00
PHI,defense,Secondary,Mike Pellegrino,2026-08-31T00:53:23.584622+00:00
PHI,defense,Cornerbacks,Roy Anderson,2026-08-31T00:53:23.584622+00:00
PHI,defense,Defensive assistant,Beyah Rasool,2026-08-31T00:53:23.584622+00:00
PHI,defense,Defensive assistant,Allen Smith,2026-08-31T00:53:23.584622+00:00
PHI,special_teams,Special teams coordinator,Michael Clay,2026-08-31T00:53:23.584622+00:00
PHI,special_teams,Assistant special teams coordinator/director of team relationships,Joe Pannunzio,2026-08-31T00:53:23.584622+00:00
PHI,special_teams,Special teams assistant,Tyler Brown,2026-08-31T00:53:23.584622+00:00
PHI,strength,Head athletic trainer,Tom Hunkele,2026-08-31T00:53:23.584622+00:00
PHI,strength,Head strength and conditioning,Fernando Noriega,2026-08-31T00:53:23.584622+00:00
PIT,front_office,Owner/president,Art Rooney II,2026-08-31T00:53:23.584622+00:00
PIT,front_office,Vice president,Art Rooney Jr,2026-08-31T00:53:23.584622+00:00
PIT,front_office,Vice president of player personnel,Dan Rooney Jr,2026-08-31T00:53:23.584622+00:00
PIT,front_office,General manager,Omar Khan,2026-08-31T00:53:23.584622+00:00
PIT,front_office,Assistant general manager,Andy Weidl,2026-08-31T00:53:23.584622+00:00
PIT,front_office,Director of player scouting,Mark Sadowski,2026-08-31T00:53:23.584622+00:00
PIT,front_office,Director of pro personnel,Max Gruder,2026-08-31T00:53:23.584622+00:00
PIT,front_office,Senior director of college personnel,Tim Gribble,2026-08-31T00:53:23.584622+00:00
PIT,front_office,Director of college scouting,Dan Colbert,2026-08-31T00:53:23.584622+00:00
PIT,front_office,Senior personnel executive,Sheldon White,2026-08-31T00:53:23.584622+00:00
PIT,front_office,Senior personnel assistant,Quentin Harris,2026-08-31T00:53:23.584622+00:00
PIT,front_office,Senior director of football strategy and administration,Cole Marcoux,2026-08-31T00:53:23.584622+00:00
PIT,front_office,Director of player development,Darrel Young,2026-08-31T00:53:23.584622+00:00
PIT,front_office,Football analytics coordinator,Tosin Kazeem,2026-08-31T00:53:23.584622+00:00
PIT,head_coach,Head coach,Mike McCarthy,2026-08-31T00:53:23.584622+00:00
PIT,head_coach,Assistant head coach/secondary,Joe Whitt Jr,2026-08-31T00:53:23.584622+00:00
PIT,offense,Offensive coordinator,Brian Angelichio,2026-08-31T00:53:23.584622+00:00
PIT,offense,Quarterbacks,Tom Arth,2026-08-31T00:53:23.584622+00:00
PIT,offense,Running backs,Ramon Chinyoung Sr,2026-08-31T00:53:23.584622+00:00
PIT,offense,Wide receivers,Adam Henry,2026-08-31T00:53:23.584622+00:00
PIT,offense,Tight ends,Robert Kugler,2026-08-31T00:53:23.584622+00:00
PIT,offense,Offensive line,James Campen,2026-08-31T00:53:23.584622+00:00
PIT,offense,Assistant offensive line,Jahri Evans,2026-08-31T00:53:23.584622+00:00
PIT,offense,Game management/quarterbacks,Tim Berbenich,2026-08-31T00:53:23.584622+00:00
PIT,offense,Senior offensive assistant,Frank Cignetti Jr,2026-08-31T00:53:23.584622+00:00
PIT,offense,Offensive quality control,Eric Simonelli,2026-08-31T00:53:23.584622+00:00
PIT,defense,Defensive coordinator,Patrick Graham,2026-08-31T00:53:23.584622+00:00
PIT,defense,Defensive line,Domata Peko,2026-08-31T00:53:23.584622+00:00
PIT,defense,Outside linebackers,C. J. Ah You,2026-08-31T00:53:23.584622+00:00
PIT,defense,Inside linebackers,Scott McCurley,2026-08-31T00:53:23.584622+00:00
PIT,defense,Defensive pass game coordinator/defensive backs,Jason Simmons,2026-08-31T00:53:23.584622+00:00
PIT,defense,Defensive assistant,Shawn Howe,2026-08-31T00:53:23.584622+00:00
PIT,defense,Defensive assistant,Pat Reilly,2026-08-31T00:53:23.584622+00:00
PIT,special_teams,Special teams coordinator,Danny Crossman,2026-08-31T00:53:23.584622+00:00
PIT,special_teams,Chief of staff,Steve Scarnecchia,2026-08-31T00:53:23.584622+00:00
PIT,strength,Head strength and conditioning,Mark Lovat,2026-08-31T00:53:23.584622+00:00
PIT,strength,Assistant strength and conditioning,Justus Galac,2026-08-31T00:53:23.584622+00:00
PIT,strength,Assistant strength and conditioning,Abe Munayer,2026-08-31T00:53:23.584622+00:00
PIT,strength,Director of performance integration and sports science,Grant Thorne,2026-08-31T00:53:23.584622+00:00
SF,front_office,Co,chairmen – John and Denise DeBartolo York,2026-08-31T00:53:23.584622+00:00
SF,front_office,Principal owner,Jed York,2026-08-31T00:53:23.584622+00:00
SF,front_office,Chief executive officer,Al Guido,2026-08-31T00:53:23.584622+00:00
SF,front_office,President of football operations/general manager,John Lynch,2026-08-31T00:53:23.584622+00:00
SF,front_office,Vice president and senior advisor,Keena Turner,2026-08-31T00:53:23.584622+00:00
SF,front_office,Assistant general manager,Brian Hampton,2026-08-31T00:53:23.584622+00:00
SF,front_office,Assistant general manager,RJ Gillen,2026-08-31T00:53:23.584622+00:00
SF,front_office,Vice president of player personnel,Tariq Ahmad,2026-08-31T00:53:23.584622+00:00
SF,front_office,Director of scouting and football operations,Josh Williams,2026-08-31T00:53:23.584622+00:00
SF,front_office,Director of college scouting,Dominic DeCiccio,2026-08-31T00:53:23.584622+00:00
SF,front_office,Associate director of college scouting,Justin Chabot,2026-08-31T00:53:23.584622+00:00
SF,front_office,Director of pro scouting,Fred Gammage III,2026-08-31T00:53:23.584622+00:00
SF,front_office,Vice president of football R&D,"Matt Ploenzke, PhD",2026-08-31T00:53:23.584622+00:00
SF,front_office,"Manager, football R&D",Shravan Ramamurthy,2026-08-31T00:53:23.584622+00:00
SF,front_office,Senior personnel advisor,Frank Gore,2026-08-31T00:53:23.584622+00:00
SF,front_office,Personnel executive,Ethan Waugh,2026-08-31T00:53:23.584622+00:00
SF,front_office,Vice president of personnel & strategy,Kwesi Adofo-Mensah,2026-08-31T00:53:23.584622+00:00
SF,head_coach,Head coach,Kyle Shanahan,2026-08-31T00:53:23.584622+00:00
SF,head_coach,Interim head coach/assistant head coach/offensive line,Chris Foerster,2026-08-31T00:53:23.584622+00:00
SF,head_coach,Assistant head coach/defense,Matt Eberflus,2026-08-31T00:53:23.584622+00:00
SF,offense,Offensive coordinator,Klay Kubiak,2026-08-31T00:53:23.584622+00:00
SF,offense,Run game coordinator,Joe Graves,2026-08-31T00:53:23.584622+00:00
SF,offense,Quarterbacks,Mick Lombardi,2026-08-31T00:53:23.584622+00:00
SF,offense,Running backs,Robert Turner Jr,2026-08-31T00:53:23.584622+00:00
SF,offense,Passing game coordinator/wide receivers,Leonard Hankerson,2026-08-31T00:53:23.584622+00:00
SF,offense,Tight ends,Cameron Clemmons,2026-08-31T00:53:23.584622+00:00
SF,offense,Assistant offensive line,Roman Sapolu,2026-08-31T00:53:23.584622+00:00
SF,offense,Offensive assistant/wide receivers,Andrew Hayes-Stoker,2026-08-31T00:53:23.584622+00:00
SF,offense,Offensive assistant,Miguel Reveles,2026-08-31T00:53:23.584622+00:00
SF,offense,Offensive assistant/tight ends,Deuce Schwartz,2026-08-31T00:53:23.584622+00:00
SF,offense,Offensive assistant/quarterbacks,Jacob Webster,2026-08-31T00:53:23.584622+00:00
SF,defense,Defensive coordinator,Raheem Morris,2026-08-31T00:53:23.584622+00:00
SF,defense,Defensive pass game coordinator,Jerry Gray,2026-08-31T00:53:23.584622+00:00
SF,defense,Defensive run game coordinator,Johnny Holland,2026-08-31T00:53:23.584622+00:00
SF,defense,Defensive line,Kris Kocurek,2026-08-31T00:53:23.584622+00:00
SF,defense,Assistant defensive line,Greg Scruggs,2026-08-31T00:53:23.584622+00:00
SF,defense,Linebackers,K. J. Wright,2026-08-31T00:53:23.584622+00:00
SF,defense,Defensive backs/cornerbacks,Ray Brown,2026-08-31T00:53:23.584622+00:00
SF,defense,Defensive quality control,Cameron Brown,2026-08-31T00:53:23.584622+00:00
SF,defense,Defensive quality control,Jake Lynch,2026-08-31T00:53:23.584622+00:00
SF,defense,Defensive quality control,Angel Matute,2026-08-31T00:53:23.584622+00:00
SF,special_teams,Special teams coordinator,Brant Boyer,2026-08-31T00:53:23.584622+00:00
SF,special_teams,Assistant special teams,Colt Anderson,2026-08-31T00:53:23.584622+00:00
SF,special_teams,Special teams quality control,Ronald Blair III,2026-08-31T00:53:23.584622+00:00
SF,special_teams,Chief of staff/football,Patrick Hagedorn,2026-08-31T00:53:23.584622+00:00
SF,special_teams,Coaching operations assistant,Max Molz,2026-08-31T00:53:23.584622+00:00
SF,special_teams,Seasonal coaching assistant,Micah Foerster,2026-08-31T00:53:23.584622+00:00
SF,strength,"Vice president, player health & performance",Dustin Perry,2026-08-31T00:53:23.584622+00:00
SF,strength,Head strength and conditioning,Mike Nicolini,2026-08-31T00:53:23.584622+00:00
SF,strength,Assistant strength and conditioning,Jordan Nieuwsma,2026-08-31T00:53:23.584622+00:00
SF,strength,Assistant strength and conditioning,Greg Segrove,2026-08-31T00:53:23.584622+00:00
SF,strength,Assistant strength and conditioning,Chauncey Scissum,2026-08-31T00:53:23.584622+00:00
SEA,front_office,Controlling owner,Neeru Khosla,2026-08-31T00:53:23.584622+00:00
SEA,front_office,President,Chuck Arnold,2026-08-31T00:53:23.584622+00:00
SEA,front_office,President of football operations/general manager,John Schneider,2026-08-31T00:53:23.584622+00:00
SEA,front_office,Vice president of football administration,Joey Laine,2026-08-31T00:53:23.584622+00:00
SEA,front_office,Vice president of football finance,William Saguilla,2026-08-31T00:53:23.584622+00:00
SEA,front_office,Assistant general manager,Matt Berry,2026-08-31T00:53:23.584622+00:00
SEA,front_office,Assistant general manager,Willie Schneider,2026-08-31T00:53:23.584622+00:00
SEA,front_office,Director of player personnel,Aaron Hineline,2026-08-31T00:53:23.584622+00:00
SEA,front_office,Director of college scouting,Jason Barnes,2026-08-31T00:53:23.584622+00:00
SEA,front_office,Director of pro personnel,Armani Perez,2026-08-31T00:53:23.584622+00:00
SEA,front_office,Director of football analysis and special situations,Brian Eayrs,2026-08-31T00:53:23.584622+00:00
SEA,front_office,VP of research & analytics,Patrick Ward,2026-08-31T00:53:23.584622+00:00
SEA,head_coach,Head coach,Mike Macdonald,2026-08-31T00:53:23.584622+00:00
SEA,head_coach,Assistant head coach,Leslie Frazier,2026-08-31T00:53:23.584622+00:00
SEA,offense,Offensive coordinator,Brian Fleury,2026-08-31T00:53:23.584622+00:00
SEA,offense,Passing game coordinator/quarterbacks,Jake Peetz,2026-08-31T00:53:23.584622+00:00
SEA,offense,Run game coordinator,Justin Outten,2026-08-31T00:53:23.584622+00:00
SEA,offense,Quarterbacks,Tyson Prince,2026-08-31T00:53:23.584622+00:00
SEA,offense,Senior offensive assistant/running backs,Thomas Hammock,2026-08-31T00:53:23.584622+00:00
SEA,offense,Wide receivers,Frisman Jackson,2026-08-31T00:53:23.584622+00:00
SEA,offense,Tight ends,Mack Brown,2026-08-31T00:53:23.584622+00:00
SEA,offense,Assistant tight ends,Michael Byrne,2026-08-31T00:53:23.584622+00:00
SEA,offense,Senior offensive assistant/offensive line,John Benton,2026-08-31T00:53:23.584622+00:00
SEA,offense,Assistant offensive line,Quinshon Odom,2026-08-31T00:53:23.584622+00:00
SEA,offense,Pass game strategist,Daniel Stern,2026-08-31T00:53:23.584622+00:00
SEA,offense,Offensive assistant,Johnathan Williams,2026-08-31T00:53:23.584622+00:00
SEA,offense,Offensive assistant,Jimmie Dougherty,2026-08-31T00:53:23.584622+00:00
SEA,defense,Defensive coordinator,Aden Durde,2026-08-31T00:53:23.584622+00:00
SEA,defense,Defensive run game coordinator,Chris Partridge,2026-08-31T00:53:23.584622+00:00
SEA,defense,Defensive line,Justin Hinds,2026-08-31T00:53:23.584622+00:00
SEA,defense,Outside linebackers,Josh Bynes,2026-08-31T00:53:23.584622+00:00
SEA,defense,Inside linebackers,Zach Orr,2026-08-31T00:53:23.584622+00:00
SEA,defense,Passing game coordinator/defensive backs,Karl Scott,2026-08-31T00:53:23.584622+00:00
SEA,defense,Safeties,Jeff Howard,2026-08-31T00:53:23.584622+00:00
SEA,defense,Senior defensive assistant,Kirk Olivadotti,2026-08-31T00:53:23.584622+00:00
SEA,defense,Defensive assistant/defensive backs,Neiko Thorpe,2026-08-31T00:53:23.584622+00:00
SEA,defense,Defensive assistant,Rob Caprice,2026-08-31T00:53:23.584622+00:00
SEA,defense,Defensive quality control,Keller Chryst,2026-08-31T00:53:23.584622+00:00
SEA,special_teams,Special teams coordinator,Jay Harbaugh,2026-08-31T00:53:23.584622+00:00
SEA,special_teams,Assistant special teams,Devin Fitzsimmons,2026-08-31T00:53:23.584622+00:00
SEA,strength,Director of player performance and development,Ivan Lewis,2026-08-31T00:53:23.584622+00:00
SEA,strength,Head strength coach,Danny Van Dijk,2026-08-31T00:53:23.584622+00:00
SEA,strength,Associate head strength coach,Mark Philipp,2026-08-31T00:53:23.584622+00:00
SEA,strength,Strength & conditioning assistant,Thomas Garcia,2026-08-31T00:53:23.584622+00:00
SEA,strength,Strength & conditioning assistant,Tim Ojeda,2026-08-31T00:53:23.584622+00:00
SEA,strength,Strength & conditioning assistant,Jamie Yanchar,2026-08-31T00:53:23.584622+00:00
TB,front_office,Co,owner/co-chairman – Bryan Glazer,2026-08-31T00:53:23.584622+00:00
TB,front_office,Co,owner/co-chairman – Edward Glazer,2026-08-31T00:53:23.584622+00:00
TB,front_office,Co,owner/co-chairman – Joel Glazer,2026-08-31T00:53:23.584622+00:00
TB,front_office,Co,owner/president – Darcie Glazer Kassewitz,2026-08-31T00:53:23.584622+00:00
TB,front_office,Co,owner – Avram Glazer,2026-08-31T00:53:23.584622+00:00
TB,front_office,Co,owner – Kevin Glazer,2026-08-31T00:53:23.584622+00:00
TB,front_office,General manager,Jason Licht,2026-08-31T00:53:23.584622+00:00
TB,front_office,Assistant general manager,Mike Greenberg,2026-08-31T00:53:23.584622+00:00
TB,front_office,Assistant general manager,Rob McCartney,2026-08-31T00:53:23.584622+00:00
TB,front_office,Vice president of player personnel,Mike Biehl,2026-08-31T00:53:23.584622+00:00
TB,front_office,Vice president of football operations,Shelton Quarles,2026-08-31T00:53:23.584622+00:00
TB,front_office,Senior personnel executive,Byron Kiefer,2026-08-31T00:53:23.584622+00:00
TB,front_office,Vice president of player engagement,Duke Preston,2026-08-31T00:53:23.584622+00:00
TB,front_office,Vice president of football research,Jacqueline Davidson,2026-08-31T00:53:23.584622+00:00
TB,front_office,Senior advisor to the general manager,Bruce Arians,2026-08-31T00:53:23.584622+00:00
TB,front_office,Director of player personnel,Shane Scannell,2026-08-31T00:53:23.584622+00:00
TB,front_office,Assistant director of pro scouting,Sean Conley,2026-08-31T00:53:23.584622+00:00
TB,front_office,Assistant director of pro scouting,Donovan Cotton,2026-08-31T00:53:23.584622+00:00
TB,front_office,Director of college scouting,Tony Hardie,2026-08-31T00:53:23.584622+00:00
TB,front_office,Director of football research,Zach Beistline,2026-08-31T00:53:23.584622+00:00
TB,front_office,Manager of football administration and scouting operations,Peighton Roth,2026-08-31T00:53:23.584622+00:00
TB,front_office,Senior national scout,Andy Speyer,2026-08-31T00:53:23.584622+00:00
TB,head_coach,Head coach,Todd Bowles,2026-08-31T00:53:23.584622+00:00
TB,offense,Offensive coordinator,Zac Robinson,2026-08-31T00:53:23.584622+00:00
TB,offense,Pass game coordinator,T.J. Yates,2026-08-31T00:53:23.584622+00:00
TB,offense,Quarterbacks,Chandler Whitmer,2026-08-31T00:53:23.584622+00:00
TB,offense,Running backs,Skip Peete,2026-08-31T00:53:23.584622+00:00
TB,offense,Wide receivers,Bryan McClendon,2026-08-31T00:53:23.584622+00:00
TB,offense,Tight ends,Justin Peelle,2026-08-31T00:53:23.584622+00:00
TB,offense,Assistant tight ends,Jeff Kastl,2026-08-31T00:53:23.584622+00:00
TB,offense,Run game coordinator/offensive line,Kevin Carberry,2026-08-31T00:53:23.584622+00:00
TB,offense,Assistant offensive line,Andrew Mitchell,2026-08-31T00:53:23.584622+00:00
TB,offense,Senior offensive assistant/pass game specialist,Ken Zampese,2026-08-31T00:53:23.584622+00:00
TB,defense,Pass game coordinator,George Edwards,2026-08-31T00:53:23.584622+00:00
TB,defense,Defensive line,Marcus West,2026-08-31T00:53:23.584622+00:00
TB,defense,Run game coordinator/outside linebackers,Larry Foote,2026-08-31T00:53:23.584622+00:00
TB,defense,Inside linebackers,Mike Caldwell,2026-08-31T00:53:23.584622+00:00
TB,defense,Cornerbacks,Rashad Johnson,2026-08-31T00:53:23.584622+00:00
TB,defense,Safeties,Tim Atkins,2026-08-31T00:53:23.584622+00:00
TB,defense,Defensive assistant,Todd Bowles Jr,2026-08-31T00:53:23.584622+00:00
TB,defense,Defensive quality control,Joey Fitzgerald,2026-08-31T00:53:23.584622+00:00
TB,special_teams,Special teams coordinator,Danny Smith,2026-08-31T00:53:23.584622+00:00
TB,special_teams,Special teams assistant,Luke Smith,2026-08-31T00:53:23.584622+00:00
TB,special_teams,Senior manager of coaching operations,Sarah Evans,2026-08-31T00:53:23.584622+00:00
TB,strength,Head strength and conditioning,Chad Wade,2026-08-31T00:53:23.584622+00:00
TB,strength,Assistant strength and conditioning,Cory Bichey,2026-08-31T00:53:23.584622+00:00
TB,strength,Assistant strength and conditioning,DeAndre Ward Sr,2026-08-31T00:53:23.584622+00:00
TEN,front_office,Owner,KSA Industries,2026-08-31T00:53:23.584622+00:00
TEN,front_office,Controlling owner,Amy Adams Strunk,2026-08-31T00:53:23.584622+00:00
TEN,front_office,President/CEO,Burke Nihill,2026-08-31T00:53:23.584622+00:00
TEN,front_office,General manager,Mike Borgonzi,2026-08-31T00:53:23.584622+00:00
TEN,front_office,Assistant general manager,Dave Ziegler,2026-08-31T00:53:23.584622+00:00
TEN,front_office,Executive vice president of football operations,Dave Gardi,2026-08-31T00:53:23.584622+00:00
TEN,front_office,Senior vice president of football administration/player finance,Vin Marino,2026-08-31T00:53:23.584622+00:00
TEN,front_office,Football Counsel/Head of football research,Bryce Wasserman,2026-08-31T00:53:23.584622+00:00
TEN,front_office,Director of football administration,Leland Taylor,2026-08-31T00:53:23.584622+00:00
TEN,front_office,Vice president of player personnel,Dan Saganey,2026-08-31T00:53:23.584622+00:00
TEN,front_office,Director of player personnel,Jon Salge,2026-08-31T00:53:23.584622+00:00
TEN,front_office,Director of college scouting,Mike Boni,2026-08-31T00:53:23.584622+00:00
TEN,front_office,Director of pro scouting,Shane Normandeau,2026-08-31T00:53:23.584622+00:00
TEN,front_office,Assistant director of college scouting,Dale Thompson,2026-08-31T00:53:23.584622+00:00
TEN,front_office,Vice president/football advisor,Reggie McKenzie,2026-08-31T00:53:23.584622+00:00
TEN,front_office,"Director, Strategy and analytics",Benjamin Contrino,2026-08-31T00:53:23.584622+00:00
TEN,front_office,"Coordinator, football research and development",Erin Psajdl Davis,2026-08-31T00:53:23.584622+00:00
TEN,head_coach,Head coach,Robert Saleh,2026-08-31T00:53:23.584622+00:00
TEN,head_coach,Assistant head coach/special teams coordinator,John Fassel,2026-08-31T00:53:23.584622+00:00
TEN,offense,Offensive coordinator,Brian Daboll,2026-08-31T00:53:23.584622+00:00
TEN,offense,Quarterbacks,Shea Tierney,2026-08-31T00:53:23.584622+00:00
TEN,offense,Running backs/Bill Walsh diversity coaching fellowship coordinator,Randy Jordan,2026-08-31T00:53:23.584622+00:00
TEN,offense,Wide receivers,Greg Lewis,2026-08-31T00:53:23.584622+00:00
TEN,offense,Tight ends,Luke Stocker,2026-08-31T00:53:23.584622+00:00
TEN,offense,Offensive line,Carmen Bricillo,2026-08-31T00:53:23.584622+00:00
TEN,offense,Assistant offensive line,Isaac Williams,2026-08-31T00:53:23.584622+00:00
TEN,offense,Offensive assistant/game management,Cade Knox,2026-08-31T00:53:23.584622+00:00
TEN,offense,Offensive assistant,Trevor Browder,2026-08-31T00:53:23.584622+00:00
TEN,offense,Offensive assistant,John Rudnicki,2026-08-31T00:53:23.584622+00:00
TEN,defense,Defensive coordinator,Gus Bradley,2026-08-31T00:53:23.584622+00:00
TEN,defense,Defensive line,Aaron Whitecotton,2026-08-31T00:53:23.584622+00:00
TEN,defense,Assistant defensive line,Tanzel Smart,2026-08-31T00:53:23.584622+00:00
TEN,defense,Linebackers,Dave Borgonzi,2026-08-31T00:53:23.584622+00:00
TEN,defense,Passing game coordinator/cornerbacks,Tony Oden,2026-08-31T00:53:23.584622+00:00
TEN,defense,Defensive backs/safeties,Marquand Manuel,2026-08-31T00:53:23.584622+00:00
TEN,defense,Defensive backs/nickels,Dalton Hilliard,2026-08-31T00:53:23.584622+00:00
TEN,defense,Senior defensive assistant,Ben Bloom,2026-08-31T00:53:23.584622+00:00
TEN,defense,Defensive assistant,Ahmed Saleh,2026-08-31T00:53:23.584622+00:00
TEN,special_teams,Assistant special teams,Rayna Stewart,2026-08-31T00:53:23.584622+00:00
TEN,special_teams,Assistant to the head coach,Tom Jones,2026-08-31T00:53:23.584622+00:00
TEN,strength,Director of sports performance,Zac Woodfin,2026-08-31T00:53:23.584622+00:00
TEN,strength,Assistant director of sports performance,Brian Bell,2026-08-31T00:53:23.584622+00:00
TEN,strength,Senior assistant of sports performance,Dave Poluka,2026-08-31T00:53:23.584622+00:00
TEN,strength,Assistant of sports performance,Brent Callaway,2026-08-31T00:53:23.584622+00:00
TEN,strength,Assistant of sports performance & speed training,John Shaw,2026-08-31T00:53:23.584622+00:00
WAS,front_office,Managing partner,Josh Harris,2026-08-31T00:53:23.584622+00:00
WAS,front_office,Limited partners,"Mitchell Rales, Magic Johnson, Mark Ein",2026-08-31T00:53:23.584622+00:00
WAS,front_office,General manager,Adam Peters,2026-08-31T00:53:23.584622+00:00
WAS,front_office,Assistant general manager,Lance Newmark,2026-08-31T00:53:23.584622+00:00
WAS,front_office,Senior vice president of football operations,Brandon Sosna,2026-08-31T00:53:23.584622+00:00
WAS,front_office,Senior advisor to the general manager,Doug Williams,2026-08-31T00:53:23.584622+00:00
WAS,front_office,President,Mark Clouse,2026-08-31T00:53:23.584622+00:00
WAS,front_office,Vice president of football administration,Rob Rogers,2026-08-31T00:53:23.584622+00:00
WAS,front_office,Director of player personnel,David Blackburn,2026-08-31T00:53:23.584622+00:00
WAS,front_office,Director of college scouting,Ryan Kessenich,2026-08-31T00:53:23.584622+00:00
WAS,front_office,Director of pro scouting,Chris White,2026-08-31T00:53:23.584622+00:00
WAS,front_office,Senior personnel executive,Demitrius Washington,2026-08-31T00:53:23.584622+00:00
WAS,front_office,National scouts,"Dwaune Jones, Jeff Beathard",2026-08-31T00:53:23.584622+00:00
WAS,front_office,Special advisor,Bob Myers,2026-08-31T00:53:23.584622+00:00
WAS,head_coach,Head coach,Dan Quinn,2026-08-31T00:53:23.584622+00:00
WAS,offense,Offensive coordinator,David Blough,2026-08-31T00:53:23.584622+00:00
WAS,offense,Offensive pass game coordinator,David Raih,2026-08-31T00:53:23.584622+00:00
WAS,offense,Quarterbacks,D. J. Williams,2026-08-31T00:53:23.584622+00:00
WAS,offense,Assistant quarterbacks,Danny Etling,2026-08-31T00:53:23.584622+00:00
WAS,offense,Running backs,Anthony Lynn,2026-08-31T00:53:23.584622+00:00
WAS,offense,Assistant running backs,Jesse Madden,2026-08-31T00:53:23.584622+00:00
WAS,offense,Wide receivers,Bobby Engram,2026-08-31T00:53:23.584622+00:00
WAS,offense,Assistant wide receivers/returners,Andre Coleman,2026-08-31T00:53:23.584622+00:00
WAS,offense,Tight ends,Wes Welker,2026-08-31T00:53:23.584622+00:00
WAS,offense,Offensive line,Darnell Stapleton,2026-08-31T00:53:23.584622+00:00
WAS,offense,Assistant offensive line,Shane Toub,2026-08-31T00:53:23.584622+00:00
WAS,offense,Offensive quality control,Brian Stoldt,2026-08-31T00:53:23.584622+00:00
WAS,offense,Offensive assistant,Nick Charlton,2026-08-31T00:53:23.584622+00:00
WAS,defense,Defensive coordinator,Daronte Jones,2026-08-31T00:53:23.584622+00:00
WAS,defense,Defensive line/run game coordinator,Eric Henderson,2026-08-31T00:53:23.584622+00:00
WAS,defense,Assistant defensive line,Darryl Tapp,2026-08-31T00:53:23.584622+00:00
WAS,defense,Linebackers,Ken Norton Jr,2026-08-31T00:53:23.584622+00:00
WAS,defense,Outside linebackers,John Pagano,2026-08-31T00:53:23.584622+00:00
WAS,defense,Assistant linebackers,George Banko,2026-08-31T00:53:23.584622+00:00
WAS,defense,Cornerbacks,William Gay,2026-08-31T00:53:23.584622+00:00
WAS,defense,Safeties,Tommy Donatell,2026-08-31T00:53:23.584622+00:00
WAS,defense,Defensive quality control,Luke Johnson,2026-08-31T00:53:23.584622+00:00
WAS,special_teams,Special teams coordinator,Larry Izzo,2026-08-31T00:53:23.584622+00:00
WAS,special_teams,Assistant special teams,"Brian Schneider, John Glenn",2026-08-31T00:53:23.584622+00:00
WAS,special_teams,Senior director of football operations,Bryan Porter,2026-08-31T00:53:23.584622+00:00
WAS,special_teams,Senior director of team support and advancement,Dylan Thompson,2026-08-31T00:53:23.584622+00:00
WAS,special_teams,Senior director of player health and performance,Geoff Kaplan,2026-08-31T00:53:23.584622+00:00
WAS,special_teams,Head strength and conditioning,Chad Englehart,2026-08-31T00:53:23.584622+00:00
WAS,special_teams,Head athletic trainer,Al Bellamy,2026-08-31T00:53:23.584622+00:00
WAS,special_teams,Director of player performance,Brett Nenaber,2026-08-31T00:53:23.584622+00:00
WAS,special_teams,Director of process innovation,Cody Cejda,2026-08-31T00:53:23.584622+00:00
WAS,special_teams,Director of football solutions,Seenu Tulluri,2026-08-31T00:53:23.584622+00:00
WAS,special_teams,Director of football R&D,Doug Drewry,2026-08-31T00:53:23.584622+00:00
WAS,special_teams,Coaching chief of staff,Sarah Hogan,2026-08-31T00:53:23.584622+00:00
