game_id,season,week,season_type,team,coach,opponent,opp_coach,points_for,points_against,is_home,won,tied
2014_01_BUF_CHI,2014,1,REG,CHI,Marc Trestman,BUF,Doug Marrone,20.0,23.0,True,0,0
2014_01_BUF_CHI,2014,1,REG,BUF,Doug Marrone,CHI,Marc Trestman,23.0,20.0,False,1,0
2014_01_CAR_TB,2014,1,REG,TB,Lovie Smith,CAR,Ron Rivera,14.0,20.0,True,0,0
2014_01_CAR_TB,2014,1,REG,CAR,Ron Rivera,TB,Lovie Smith,20.0,14.0,False,1,0
2014_01_CIN_BAL,2014,1,REG,BAL,John Harbaugh,CIN,Marvin Lewis,16.0,23.0,True,0,0
2014_01_CIN_BAL,2014,1,REG,CIN,Marvin Lewis,BAL,John Harbaugh,23.0,16.0,False,1,0
2014_01_CLE_PIT,2014,1,REG,PIT,Mike Tomlin,CLE,Mike Pettine,30.0,27.0,True,1,0
2014_01_CLE_PIT,2014,1,REG,CLE,Mike Pettine,PIT,Mike Tomlin,27.0,30.0,False,0,0
2014_01_GB_SEA,2014,1,REG,SEA,Pete Carroll,GB,Mike McCarthy,36.0,16.0,True,1,0
2014_01_GB_SEA,2014,1,REG,GB,Mike McCarthy,SEA,Pete Carroll,16.0,36.0,False,0,0
2014_01_IND_DEN,2014,1,REG,DEN,John Fox,IND,Chuck Pagano,31.0,24.0,True,1,0
2014_01_IND_DEN,2014,1,REG,IND,Chuck Pagano,DEN,John Fox,24.0,31.0,False,0,0
2014_01_JAX_PHI,2014,1,REG,PHI,Chip Kelly,JAX,Gus Bradley,34.0,17.0,True,1,0
2014_01_JAX_PHI,2014,1,REG,JAX,Gus Bradley,PHI,Chip Kelly,17.0,34.0,False,0,0
2014_01_MIN_STL,2014,1,REG,LA,Jeff Fisher,MIN,Mike Zimmer,6.0,34.0,True,0,0
2014_01_MIN_STL,2014,1,REG,MIN,Mike Zimmer,LA,Jeff Fisher,34.0,6.0,False,1,0
2014_01_NE_MIA,2014,1,REG,MIA,Joe Philbin,NE,Bill Belichick,33.0,20.0,True,1,0
2014_01_NE_MIA,2014,1,REG,NE,Bill Belichick,MIA,Joe Philbin,20.0,33.0,False,0,0
2014_01_NO_ATL,2014,1,REG,ATL,Mike Smith,NO,Sean Payton,37.0,34.0,True,1,0
2014_01_NO_ATL,2014,1,REG,NO,Sean Payton,ATL,Mike Smith,34.0,37.0,False,0,0
2014_01_NYG_DET,2014,1,REG,DET,Jim Caldwell,NYG,Tom Coughlin,35.0,14.0,True,1,0
2014_01_NYG_DET,2014,1,REG,NYG,Tom Coughlin,DET,Jim Caldwell,14.0,35.0,False,0,0
2014_01_OAK_NYJ,2014,1,REG,NYJ,Rex Ryan,LV,Dennis Allen,19.0,14.0,True,1,0
2014_01_OAK_NYJ,2014,1,REG,LV,Dennis Allen,NYJ,Rex Ryan,14.0,19.0,False,0,0
2014_01_SD_ARI,2014,1,REG,ARI,Bruce Arians,LAC,Mike McCoy,18.0,17.0,True,1,0
2014_01_SD_ARI,2014,1,REG,LAC,Mike McCoy,ARI,Bruce Arians,17.0,18.0,False,0,0
2014_01_SF_DAL,2014,1,REG,DAL,Jason Garrett,SF,Jim Harbaugh,17.0,28.0,True,0,0
2014_01_SF_DAL,2014,1,REG,SF,Jim Harbaugh,DAL,Jason Garrett,28.0,17.0,False,1,0
2014_01_TEN_KC,2014,1,REG,KC,Andy Reid,TEN,Ken Whisenhunt,10.0,26.0,True,0,0
2014_01_TEN_KC,2014,1,REG,TEN,Ken Whisenhunt,KC,Andy Reid,26.0,10.0,False,1,0
2014_01_WAS_HOU,2014,1,REG,HOU,Bill O'Brien,WAS,Jay Gruden,17.0,6.0,True,1,0
2014_01_WAS_HOU,2014,1,REG,WAS,Jay Gruden,HOU,Bill O'Brien,6.0,17.0,False,0,0
2014_02_ARI_NYG,2014,2,REG,NYG,Tom Coughlin,ARI,Bruce Arians,14.0,25.0,True,0,0
2014_02_ARI_NYG,2014,2,REG,ARI,Bruce Arians,NYG,Tom Coughlin,25.0,14.0,False,1,0
2014_02_ATL_CIN,2014,2,REG,CIN,Marvin Lewis,ATL,Mike Smith,24.0,10.0,True,1,0
2014_02_ATL_CIN,2014,2,REG,ATL,Mike Smith,CIN,Marvin Lewis,10.0,24.0,False,0,0
2014_02_CHI_SF,2014,2,REG,SF,Jim Harbaugh,CHI,Marc Trestman,20.0,28.0,True,0,0
2014_02_CHI_SF,2014,2,REG,CHI,Marc Trestman,SF,Jim Harbaugh,28.0,20.0,False,1,0
2014_02_DAL_TEN,2014,2,REG,TEN,Ken Whisenhunt,DAL,Jason Garrett,10.0,26.0,True,0,0
2014_02_DAL_TEN,2014,2,REG,DAL,Jason Garrett,TEN,Ken Whisenhunt,26.0,10.0,False,1,0
2014_02_DET_CAR,2014,2,REG,CAR,Ron Rivera,DET,Jim Caldwell,24.0,7.0,True,1,0
2014_02_DET_CAR,2014,2,REG,DET,Jim Caldwell,CAR,Ron Rivera,7.0,24.0,False,0,0
2014_02_HOU_OAK,2014,2,REG,LV,Dennis Allen,HOU,Bill O'Brien,14.0,30.0,True,0,0
2014_02_HOU_OAK,2014,2,REG,HOU,Bill O'Brien,LV,Dennis Allen,30.0,14.0,False,1,0
2014_02_JAX_WAS,2014,2,REG,WAS,Jay Gruden,JAX,Gus Bradley,41.0,10.0,True,1,0
2014_02_JAX_WAS,2014,2,REG,JAX,Gus Bradley,WAS,Jay Gruden,10.0,41.0,False,0,0
2014_02_KC_DEN,2014,2,REG,DEN,John Fox,KC,Andy Reid,24.0,17.0,True,1,0
2014_02_KC_DEN,2014,2,REG,KC,Andy Reid,DEN,John Fox,17.0,24.0,False,0,0
2014_02_MIA_BUF,2014,2,REG,BUF,Doug Marrone,MIA,Joe Philbin,29.0,10.0,True,1,0
2014_02_MIA_BUF,2014,2,REG,MIA,Joe Philbin,BUF,Doug Marrone,10.0,29.0,False,0,0
2014_02_NE_MIN,2014,2,REG,MIN,Mike Zimmer,NE,Bill Belichick,7.0,30.0,True,0,0
2014_02_NE_MIN,2014,2,REG,NE,Bill Belichick,MIN,Mike Zimmer,30.0,7.0,False,1,0
2014_02_NO_CLE,2014,2,REG,CLE,Mike Pettine,NO,Sean Payton,26.0,24.0,True,1,0
2014_02_NO_CLE,2014,2,REG,NO,Sean Payton,CLE,Mike Pettine,24.0,26.0,False,0,0
2014_02_NYJ_GB,2014,2,REG,GB,Mike McCarthy,NYJ,Rex Ryan,31.0,24.0,True,1,0
2014_02_NYJ_GB,2014,2,REG,NYJ,Rex Ryan,GB,Mike McCarthy,24.0,31.0,False,0,0
2014_02_PHI_IND,2014,2,REG,IND,Chuck Pagano,PHI,Chip Kelly,27.0,30.0,True,0,0
2014_02_PHI_IND,2014,2,REG,PHI,Chip Kelly,IND,Chuck Pagano,30.0,27.0,False,1,0
2014_02_PIT_BAL,2014,2,REG,BAL,John Harbaugh,PIT,Mike Tomlin,26.0,6.0,True,1,0
2014_02_PIT_BAL,2014,2,REG,PIT,Mike Tomlin,BAL,John Harbaugh,6.0,26.0,False,0,0
2014_02_SEA_SD,2014,2,REG,LAC,Mike McCoy,SEA,Pete Carroll,30.0,21.0,True,1,0
2014_02_SEA_SD,2014,2,REG,SEA,Pete Carroll,LAC,Mike McCoy,21.0,30.0,False,0,0
2014_02_STL_TB,2014,2,REG,TB,Lovie Smith,LA,Jeff Fisher,17.0,19.0,True,0,0
2014_02_STL_TB,2014,2,REG,LA,Jeff Fisher,TB,Lovie Smith,19.0,17.0,False,1,0
2014_03_BAL_CLE,2014,3,REG,CLE,Mike Pettine,BAL,John Harbaugh,21.0,23.0,True,0,0
2014_03_BAL_CLE,2014,3,REG,BAL,John Harbaugh,CLE,Mike Pettine,23.0,21.0,False,1,0
2014_03_CHI_NYJ,2014,3,REG,NYJ,Rex Ryan,CHI,Marc Trestman,19.0,27.0,True,0,0
2014_03_CHI_NYJ,2014,3,REG,CHI,Marc Trestman,NYJ,Rex Ryan,27.0,19.0,False,1,0
2014_03_DAL_STL,2014,3,REG,LA,Jeff Fisher,DAL,Jason Garrett,31.0,34.0,True,0,0
2014_03_DAL_STL,2014,3,REG,DAL,Jason Garrett,LA,Jeff Fisher,34.0,31.0,False,1,0
2014_03_DEN_SEA,2014,3,REG,SEA,Pete Carroll,DEN,John Fox,26.0,20.0,True,1,0
2014_03_DEN_SEA,2014,3,REG,DEN,John Fox,SEA,Pete Carroll,20.0,26.0,False,0,0
2014_03_GB_DET,2014,3,REG,DET,Jim Caldwell,GB,Mike McCarthy,19.0,7.0,True,1,0
2014_03_GB_DET,2014,3,REG,GB,Mike McCarthy,DET,Jim Caldwell,7.0,19.0,False,0,0
2014_03_HOU_NYG,2014,3,REG,NYG,Tom Coughlin,HOU,Bill O'Brien,30.0,17.0,True,1,0
2014_03_HOU_NYG,2014,3,REG,HOU,Bill O'Brien,NYG,Tom Coughlin,17.0,30.0,False,0,0
2014_03_IND_JAX,2014,3,REG,JAX,Gus Bradley,IND,Chuck Pagano,17.0,44.0,True,0,0
2014_03_IND_JAX,2014,3,REG,IND,Chuck Pagano,JAX,Gus Bradley,44.0,17.0,False,1,0
2014_03_KC_MIA,2014,3,REG,MIA,Joe Philbin,KC,Andy Reid,15.0,34.0,True,0,0
2014_03_KC_MIA,2014,3,REG,KC,Andy Reid,MIA,Joe Philbin,34.0,15.0,False,1,0
2014_03_MIN_NO,2014,3,REG,NO,Sean Payton,MIN,Mike Zimmer,20.0,9.0,True,1,0
2014_03_MIN_NO,2014,3,REG,MIN,Mike Zimmer,NO,Sean Payton,9.0,20.0,False,0,0
2014_03_OAK_NE,2014,3,REG,NE,Bill Belichick,LV,Dennis Allen,16.0,9.0,True,1,0
2014_03_OAK_NE,2014,3,REG,LV,Dennis Allen,NE,Bill Belichick,9.0,16.0,False,0,0
2014_03_PIT_CAR,2014,3,REG,CAR,Ron Rivera,PIT,Mike Tomlin,19.0,37.0,True,0,0
2014_03_PIT_CAR,2014,3,REG,PIT,Mike Tomlin,CAR,Ron Rivera,37.0,19.0,False,1,0
2014_03_SD_BUF,2014,3,REG,BUF,Doug Marrone,LAC,Mike McCoy,10.0,22.0,True,0,0
2014_03_SD_BUF,2014,3,REG,LAC,Mike McCoy,BUF,Doug Marrone,22.0,10.0,False,1,0
2014_03_SF_ARI,2014,3,REG,ARI,Bruce Arians,SF,Jim Harbaugh,23.0,14.0,True,1,0
2014_03_SF_ARI,2014,3,REG,SF,Jim Harbaugh,ARI,Bruce Arians,14.0,23.0,False,0,0
2014_03_TB_ATL,2014,3,REG,ATL,Mike Smith,TB,Lovie Smith,56.0,14.0,True,1,0
2014_03_TB_ATL,2014,3,REG,TB,Lovie Smith,ATL,Mike Smith,14.0,56.0,False,0,0
2014_03_TEN_CIN,2014,3,REG,CIN,Marvin Lewis,TEN,Ken Whisenhunt,33.0,7.0,True,1,0
2014_03_TEN_CIN,2014,3,REG,TEN,Ken Whisenhunt,CIN,Marvin Lewis,7.0,33.0,False,0,0
2014_03_WAS_PHI,2014,3,REG,PHI,Chip Kelly,WAS,Jay Gruden,37.0,34.0,True,1,0
2014_03_WAS_PHI,2014,3,REG,WAS,Jay Gruden,PHI,Chip Kelly,34.0,37.0,False,0,0
2014_04_ATL_MIN,2014,4,REG,MIN,Mike Zimmer,ATL,Mike Smith,41.0,28.0,True,1,0
2014_04_ATL_MIN,2014,4,REG,ATL,Mike Smith,MIN,Mike Zimmer,28.0,41.0,False,0,0
2014_04_BUF_HOU,2014,4,REG,HOU,Bill O'Brien,BUF,Doug Marrone,23.0,17.0,True,1,0
2014_04_BUF_HOU,2014,4,REG,BUF,Doug Marrone,HOU,Bill O'Brien,17.0,23.0,False,0,0
2014_04_CAR_BAL,2014,4,REG,BAL,John Harbaugh,CAR,Ron Rivera,38.0,10.0,True,1,0
2014_04_CAR_BAL,2014,4,REG,CAR,Ron Rivera,BAL,John Harbaugh,10.0,38.0,False,0,0
2014_04_DET_NYJ,2014,4,REG,NYJ,Rex Ryan,DET,Jim Caldwell,17.0,24.0,True,0,0
2014_04_DET_NYJ,2014,4,REG,DET,Jim Caldwell,NYJ,Rex Ryan,24.0,17.0,False,1,0
2014_04_GB_CHI,2014,4,REG,CHI,Marc Trestman,GB,Mike McCarthy,17.0,38.0,True,0,0
2014_04_GB_CHI,2014,4,REG,GB,Mike McCarthy,CHI,Marc Trestman,38.0,17.0,False,1,0
2014_04_JAX_SD,2014,4,REG,LAC,Mike McCoy,JAX,Gus Bradley,33.0,14.0,True,1,0
2014_04_JAX_SD,2014,4,REG,JAX,Gus Bradley,LAC,Mike McCoy,14.0,33.0,False,0,0
2014_04_MIA_OAK,2014,4,REG,LV,Dennis Allen,MIA,Joe Philbin,14.0,38.0,True,0,0
2014_04_MIA_OAK,2014,4,REG,MIA,Joe Philbin,LV,Dennis Allen,38.0,14.0,False,1,0
2014_04_NE_KC,2014,4,REG,KC,Andy Reid,NE,Bill Belichick,41.0,14.0,True,1,0
2014_04_NE_KC,2014,4,REG,NE,Bill Belichick,KC,Andy Reid,14.0,41.0,False,0,0
2014_04_NO_DAL,2014,4,REG,DAL,Jason Garrett,NO,Sean Payton,38.0,17.0,True,1,0
2014_04_NO_DAL,2014,4,REG,NO,Sean Payton,DAL,Jason Garrett,17.0,38.0,False,0,0
2014_04_NYG_WAS,2014,4,REG,WAS,Jay Gruden,NYG,Tom Coughlin,14.0,45.0,True,0,0
2014_04_NYG_WAS,2014,4,REG,NYG,Tom Coughlin,WAS,Jay Gruden,45.0,14.0,False,1,0
2014_04_PHI_SF,2014,4,REG,SF,Jim Harbaugh,PHI,Chip Kelly,26.0,21.0,True,1,0
2014_04_PHI_SF,2014,4,REG,PHI,Chip Kelly,SF,Jim Harbaugh,21.0,26.0,False,0,0
2014_04_TB_PIT,2014,4,REG,PIT,Mike Tomlin,TB,Lovie Smith,24.0,27.0,True,0,0
2014_04_TB_PIT,2014,4,REG,TB,Lovie Smith,PIT,Mike Tomlin,27.0,24.0,False,1,0
2014_04_TEN_IND,2014,4,REG,IND,Chuck Pagano,TEN,Ken Whisenhunt,41.0,17.0,True,1,0
2014_04_TEN_IND,2014,4,REG,TEN,Ken Whisenhunt,IND,Chuck Pagano,17.0,41.0,False,0,0
2014_05_ARI_DEN,2014,5,REG,DEN,John Fox,ARI,Bruce Arians,41.0,20.0,True,1,0
2014_05_ARI_DEN,2014,5,REG,ARI,Bruce Arians,DEN,John Fox,20.0,41.0,False,0,0
2014_05_ATL_NYG,2014,5,REG,NYG,Tom Coughlin,ATL,Mike Smith,30.0,20.0,True,1,0
2014_05_ATL_NYG,2014,5,REG,ATL,Mike Smith,NYG,Tom Coughlin,20.0,30.0,False,0,0
2014_05_BAL_IND,2014,5,REG,IND,Chuck Pagano,BAL,John Harbaugh,20.0,13.0,True,1,0
2014_05_BAL_IND,2014,5,REG,BAL,John Harbaugh,IND,Chuck Pagano,13.0,20.0,False,0,0
2014_05_BUF_DET,2014,5,REG,DET,Jim Caldwell,BUF,Doug Marrone,14.0,17.0,True,0,0
2014_05_BUF_DET,2014,5,REG,BUF,Doug Marrone,DET,Jim Caldwell,17.0,14.0,False,1,0
2014_05_CHI_CAR,2014,5,REG,CAR,Ron Rivera,CHI,Marc Trestman,31.0,24.0,True,1,0
2014_05_CHI_CAR,2014,5,REG,CHI,Marc Trestman,CAR,Ron Rivera,24.0,31.0,False,0,0
2014_05_CIN_NE,2014,5,REG,NE,Bill Belichick,CIN,Marvin Lewis,43.0,17.0,True,1,0
2014_05_CIN_NE,2014,5,REG,CIN,Marvin Lewis,NE,Bill Belichick,17.0,43.0,False,0,0
2014_05_CLE_TEN,2014,5,REG,TEN,Ken Whisenhunt,CLE,Mike Pettine,28.0,29.0,True,0,0
2014_05_CLE_TEN,2014,5,REG,CLE,Mike Pettine,TEN,Ken Whisenhunt,29.0,28.0,False,1,0
2014_05_HOU_DAL,2014,5,REG,DAL,Jason Garrett,HOU,Bill O'Brien,20.0,17.0,True,1,0
2014_05_HOU_DAL,2014,5,REG,HOU,Bill O'Brien,DAL,Jason Garrett,17.0,20.0,False,0,0
2014_05_KC_SF,2014,5,REG,SF,Jim Harbaugh,KC,Andy Reid,22.0,17.0,True,1,0
2014_05_KC_SF,2014,5,REG,KC,Andy Reid,SF,Jim Harbaugh,17.0,22.0,False,0,0
2014_05_MIN_GB,2014,5,REG,GB,Mike McCarthy,MIN,Mike Zimmer,42.0,10.0,True,1,0
2014_05_MIN_GB,2014,5,REG,MIN,Mike Zimmer,GB,Mike McCarthy,10.0,42.0,False,0,0
2014_05_NYJ_SD,2014,5,REG,LAC,Mike McCoy,NYJ,Rex Ryan,31.0,0.0,True,1,0
2014_05_NYJ_SD,2014,5,REG,NYJ,Rex Ryan,LAC,Mike McCoy,0.0,31.0,False,0,0
2014_05_PIT_JAX,2014,5,REG,JAX,Gus Bradley,PIT,Mike Tomlin,9.0,17.0,True,0,0
2014_05_PIT_JAX,2014,5,REG,PIT,Mike Tomlin,JAX,Gus Bradley,17.0,9.0,False,1,0
2014_05_SEA_WAS,2014,5,REG,WAS,Jay Gruden,SEA,Pete Carroll,17.0,27.0,True,0,0
2014_05_SEA_WAS,2014,5,REG,SEA,Pete Carroll,WAS,Jay Gruden,27.0,17.0,False,1,0
2014_05_STL_PHI,2014,5,REG,PHI,Chip Kelly,LA,Jeff Fisher,34.0,28.0,True,1,0
2014_05_STL_PHI,2014,5,REG,LA,Jeff Fisher,PHI,Chip Kelly,28.0,34.0,False,0,0
2014_05_TB_NO,2014,5,REG,NO,Sean Payton,TB,Lovie Smith,37.0,31.0,True,1,0
2014_05_TB_NO,2014,5,REG,TB,Lovie Smith,NO,Sean Payton,31.0,37.0,False,0,0
2014_06_BAL_TB,2014,6,REG,TB,Lovie Smith,BAL,John Harbaugh,17.0,48.0,True,0,0
2014_06_BAL_TB,2014,6,REG,BAL,John Harbaugh,TB,Lovie Smith,48.0,17.0,False,1,0
2014_06_CAR_CIN,2014,6,REG,CIN,Marvin Lewis,CAR,Ron Rivera,37.0,37.0,True,0,1
2014_06_CAR_CIN,2014,6,REG,CAR,Ron Rivera,CIN,Marvin Lewis,37.0,37.0,False,0,1
2014_06_CHI_ATL,2014,6,REG,ATL,Mike Smith,CHI,Marc Trestman,13.0,27.0,True,0,0
2014_06_CHI_ATL,2014,6,REG,CHI,Marc Trestman,ATL,Mike Smith,27.0,13.0,False,1,0
2014_06_DAL_SEA,2014,6,REG,SEA,Pete Carroll,DAL,Jason Garrett,23.0,30.0,True,0,0
2014_06_DAL_SEA,2014,6,REG,DAL,Jason Garrett,SEA,Pete Carroll,30.0,23.0,False,1,0
2014_06_DEN_NYJ,2014,6,REG,NYJ,Rex Ryan,DEN,John Fox,17.0,31.0,True,0,0
2014_06_DEN_NYJ,2014,6,REG,DEN,John Fox,NYJ,Rex Ryan,31.0,17.0,False,1,0
2014_06_DET_MIN,2014,6,REG,MIN,Mike Zimmer,DET,Jim Caldwell,3.0,17.0,True,0,0
2014_06_DET_MIN,2014,6,REG,DET,Jim Caldwell,MIN,Mike Zimmer,17.0,3.0,False,1,0
2014_06_GB_MIA,2014,6,REG,MIA,Joe Philbin,GB,Mike McCarthy,24.0,27.0,True,0,0
2014_06_GB_MIA,2014,6,REG,GB,Mike McCarthy,MIA,Joe Philbin,27.0,24.0,False,1,0
2014_06_IND_HOU,2014,6,REG,HOU,Bill O'Brien,IND,Chuck Pagano,28.0,33.0,True,0,0
2014_06_IND_HOU,2014,6,REG,IND,Chuck Pagano,HOU,Bill O'Brien,33.0,28.0,False,1,0
2014_06_JAX_TEN,2014,6,REG,TEN,Ken Whisenhunt,JAX,Gus Bradley,16.0,14.0,True,1,0
2014_06_JAX_TEN,2014,6,REG,JAX,Gus Bradley,TEN,Ken Whisenhunt,14.0,16.0,False,0,0
2014_06_NE_BUF,2014,6,REG,BUF,Doug Marrone,NE,Bill Belichick,22.0,37.0,True,0,0
2014_06_NE_BUF,2014,6,REG,NE,Bill Belichick,BUF,Doug Marrone,37.0,22.0,False,1,0
2014_06_NYG_PHI,2014,6,REG,PHI,Chip Kelly,NYG,Tom Coughlin,27.0,0.0,True,1,0
2014_06_NYG_PHI,2014,6,REG,NYG,Tom Coughlin,PHI,Chip Kelly,0.0,27.0,False,0,0
2014_06_PIT_CLE,2014,6,REG,CLE,Mike Pettine,PIT,Mike Tomlin,31.0,10.0,True,1,0
2014_06_PIT_CLE,2014,6,REG,PIT,Mike Tomlin,CLE,Mike Pettine,10.0,31.0,False,0,0
2014_06_SD_OAK,2014,6,REG,LV,Tony Sparano,LAC,Mike McCoy,28.0,31.0,True,0,0
2014_06_SD_OAK,2014,6,REG,LAC,Mike McCoy,LV,Tony Sparano,31.0,28.0,False,1,0
2014_06_SF_STL,2014,6,REG,LA,Jeff Fisher,SF,Jim Harbaugh,17.0,31.0,True,0,0
2014_06_SF_STL,2014,6,REG,SF,Jim Harbaugh,LA,Jeff Fisher,31.0,17.0,False,1,0
2014_06_WAS_ARI,2014,6,REG,ARI,Bruce Arians,WAS,Jay Gruden,30.0,20.0,True,1,0
2014_06_WAS_ARI,2014,6,REG,WAS,Jay Gruden,ARI,Bruce Arians,20.0,30.0,False,0,0
2014_07_ARI_OAK,2014,7,REG,LV,Tony Sparano,ARI,Bruce Arians,13.0,24.0,True,0,0
2014_07_ARI_OAK,2014,7,REG,ARI,Bruce Arians,LV,Tony Sparano,24.0,13.0,False,1,0
2014_07_ATL_BAL,2014,7,REG,BAL,John Harbaugh,ATL,Mike Smith,29.0,7.0,True,1,0
2014_07_ATL_BAL,2014,7,REG,ATL,Mike Smith,BAL,John Harbaugh,7.0,29.0,False,0,0
2014_07_CAR_GB,2014,7,REG,GB,Mike McCarthy,CAR,Ron Rivera,38.0,17.0,True,1,0
2014_07_CAR_GB,2014,7,REG,CAR,Ron Rivera,GB,Mike McCarthy,17.0,38.0,False,0,0
2014_07_CIN_IND,2014,7,REG,IND,Chuck Pagano,CIN,Marvin Lewis,27.0,0.0,True,1,0
2014_07_CIN_IND,2014,7,REG,CIN,Marvin Lewis,IND,Chuck Pagano,0.0,27.0,False,0,0
2014_07_CLE_JAX,2014,7,REG,JAX,Gus Bradley,CLE,Mike Pettine,24.0,6.0,True,1,0
2014_07_CLE_JAX,2014,7,REG,CLE,Mike Pettine,JAX,Gus Bradley,6.0,24.0,False,0,0
2014_07_HOU_PIT,2014,7,REG,PIT,Mike Tomlin,HOU,Bill O'Brien,30.0,23.0,True,1,0
2014_07_HOU_PIT,2014,7,REG,HOU,Bill O'Brien,PIT,Mike Tomlin,23.0,30.0,False,0,0
2014_07_KC_SD,2014,7,REG,LAC,Mike McCoy,KC,Andy Reid,20.0,23.0,True,0,0
2014_07_KC_SD,2014,7,REG,KC,Andy Reid,LAC,Mike McCoy,23.0,20.0,False,1,0
2014_07_MIA_CHI,2014,7,REG,CHI,Marc Trestman,MIA,Joe Philbin,14.0,27.0,True,0,0
2014_07_MIA_CHI,2014,7,REG,MIA,Joe Philbin,CHI,Marc Trestman,27.0,14.0,False,1,0
2014_07_MIN_BUF,2014,7,REG,BUF,Doug Marrone,MIN,Mike Zimmer,17.0,16.0,True,1,0
2014_07_MIN_BUF,2014,7,REG,MIN,Mike Zimmer,BUF,Doug Marrone,16.0,17.0,False,0,0
2014_07_NO_DET,2014,7,REG,DET,Jim Caldwell,NO,Sean Payton,24.0,23.0,True,1,0
2014_07_NO_DET,2014,7,REG,NO,Sean Payton,DET,Jim Caldwell,23.0,24.0,False,0,0
2014_07_NYG_DAL,2014,7,REG,DAL,Jason Garrett,NYG,Tom Coughlin,31.0,21.0,True,1,0
2014_07_NYG_DAL,2014,7,REG,NYG,Tom Coughlin,DAL,Jason Garrett,21.0,31.0,False,0,0
2014_07_NYJ_NE,2014,7,REG,NE,Bill Belichick,NYJ,Rex Ryan,27.0,25.0,True,1,0
2014_07_NYJ_NE,2014,7,REG,NYJ,Rex Ryan,NE,Bill Belichick,25.0,27.0,False,0,0
2014_07_SEA_STL,2014,7,REG,LA,Jeff Fisher,SEA,Pete Carroll,28.0,26.0,True,1,0
2014_07_SEA_STL,2014,7,REG,SEA,Pete Carroll,LA,Jeff Fisher,26.0,28.0,False,0,0
2014_07_SF_DEN,2014,7,REG,DEN,John Fox,SF,Jim Harbaugh,42.0,17.0,True,1,0
2014_07_SF_DEN,2014,7,REG,SF,Jim Harbaugh,DEN,John Fox,17.0,42.0,False,0,0
2014_07_TEN_WAS,2014,7,REG,WAS,Jay Gruden,TEN,Ken Whisenhunt,19.0,17.0,True,1,0
2014_07_TEN_WAS,2014,7,REG,TEN,Ken Whisenhunt,WAS,Jay Gruden,17.0,19.0,False,0,0
2014_08_BAL_CIN,2014,8,REG,CIN,Marvin Lewis,BAL,John Harbaugh,27.0,24.0,True,1,0
2014_08_BAL_CIN,2014,8,REG,BAL,John Harbaugh,CIN,Marvin Lewis,24.0,27.0,False,0,0
2014_08_BUF_NYJ,2014,8,REG,NYJ,Rex Ryan,BUF,Doug Marrone,23.0,43.0,True,0,0
2014_08_BUF_NYJ,2014,8,REG,BUF,Doug Marrone,NYJ,Rex Ryan,43.0,23.0,False,1,0
2014_08_CHI_NE,2014,8,REG,NE,Bill Belichick,CHI,Marc Trestman,51.0,23.0,True,1,0
2014_08_CHI_NE,2014,8,REG,CHI,Marc Trestman,NE,Bill Belichick,23.0,51.0,False,0,0
2014_08_DET_ATL,2014,8,REG,ATL,Mike Smith,DET,Jim Caldwell,21.0,22.0,True,0,0
2014_08_DET_ATL,2014,8,REG,DET,Jim Caldwell,ATL,Mike Smith,22.0,21.0,False,1,0
2014_08_GB_NO,2014,8,REG,NO,Sean Payton,GB,Mike McCarthy,44.0,23.0,True,1,0
2014_08_GB_NO,2014,8,REG,GB,Mike McCarthy,NO,Sean Payton,23.0,44.0,False,0,0
2014_08_HOU_TEN,2014,8,REG,TEN,Ken Whisenhunt,HOU,Bill O'Brien,16.0,30.0,True,0,0
2014_08_HOU_TEN,2014,8,REG,HOU,Bill O'Brien,TEN,Ken Whisenhunt,30.0,16.0,False,1,0
2014_08_IND_PIT,2014,8,REG,PIT,Mike Tomlin,IND,Chuck Pagano,51.0,34.0,True,1,0
2014_08_IND_PIT,2014,8,REG,IND,Chuck Pagano,PIT,Mike Tomlin,34.0,51.0,False,0,0
2014_08_MIA_JAX,2014,8,REG,JAX,Gus Bradley,MIA,Joe Philbin,13.0,27.0,True,0,0
2014_08_MIA_JAX,2014,8,REG,MIA,Joe Philbin,JAX,Gus Bradley,27.0,13.0,False,1,0
2014_08_MIN_TB,2014,8,REG,TB,Lovie Smith,MIN,Mike Zimmer,13.0,19.0,True,0,0
2014_08_MIN_TB,2014,8,REG,MIN,Mike Zimmer,TB,Lovie Smith,19.0,13.0,False,1,0
2014_08_OAK_CLE,2014,8,REG,CLE,Mike Pettine,LV,Tony Sparano,23.0,13.0,True,1,0
2014_08_OAK_CLE,2014,8,REG,LV,Tony Sparano,CLE,Mike Pettine,13.0,23.0,False,0,0
2014_08_PHI_ARI,2014,8,REG,ARI,Bruce Arians,PHI,Chip Kelly,24.0,20.0,True,1,0
2014_08_PHI_ARI,2014,8,REG,PHI,Chip Kelly,ARI,Bruce Arians,20.0,24.0,False,0,0
2014_08_SD_DEN,2014,8,REG,DEN,John Fox,LAC,Mike McCoy,35.0,21.0,True,1,0
2014_08_SD_DEN,2014,8,REG,LAC,Mike McCoy,DEN,John Fox,21.0,35.0,False,0,0
2014_08_SEA_CAR,2014,8,REG,CAR,Ron Rivera,SEA,Pete Carroll,9.0,13.0,True,0,0
2014_08_SEA_CAR,2014,8,REG,SEA,Pete Carroll,CAR,Ron Rivera,13.0,9.0,False,1,0
2014_08_STL_KC,2014,8,REG,KC,Andy Reid,LA,Jeff Fisher,34.0,7.0,True,1,0
2014_08_STL_KC,2014,8,REG,LA,Jeff Fisher,KC,Andy Reid,7.0,34.0,False,0,0
2014_08_WAS_DAL,2014,8,REG,DAL,Jason Garrett,WAS,Jay Gruden,17.0,20.0,True,0,0
2014_08_WAS_DAL,2014,8,REG,WAS,Jay Gruden,DAL,Jason Garrett,20.0,17.0,False,1,0
2014_09_ARI_DAL,2014,9,REG,DAL,Jason Garrett,ARI,Bruce Arians,17.0,28.0,True,0,0
2014_09_ARI_DAL,2014,9,REG,ARI,Bruce Arians,DAL,Jason Garrett,28.0,17.0,False,1,0
2014_09_BAL_PIT,2014,9,REG,PIT,Mike Tomlin,BAL,John Harbaugh,43.0,23.0,True,1,0
2014_09_BAL_PIT,2014,9,REG,BAL,John Harbaugh,PIT,Mike Tomlin,23.0,43.0,False,0,0
2014_09_DEN_NE,2014,9,REG,NE,Bill Belichick,DEN,John Fox,43.0,21.0,True,1,0
2014_09_DEN_NE,2014,9,REG,DEN,John Fox,NE,Bill Belichick,21.0,43.0,False,0,0
2014_09_IND_NYG,2014,9,REG,NYG,Tom Coughlin,IND,Chuck Pagano,24.0,40.0,True,0,0
2014_09_IND_NYG,2014,9,REG,IND,Chuck Pagano,NYG,Tom Coughlin,40.0,24.0,False,1,0
2014_09_JAX_CIN,2014,9,REG,CIN,Marvin Lewis,JAX,Gus Bradley,33.0,23.0,True,1,0
2014_09_JAX_CIN,2014,9,REG,JAX,Gus Bradley,CIN,Marvin Lewis,23.0,33.0,False,0,0
2014_09_NO_CAR,2014,9,REG,CAR,Ron Rivera,NO,Sean Payton,10.0,28.0,True,0,0
2014_09_NO_CAR,2014,9,REG,NO,Sean Payton,CAR,Ron Rivera,28.0,10.0,False,1,0
2014_09_NYJ_KC,2014,9,REG,KC,Andy Reid,NYJ,Rex Ryan,24.0,10.0,True,1,0
2014_09_NYJ_KC,2014,9,REG,NYJ,Rex Ryan,KC,Andy Reid,10.0,24.0,False,0,0
2014_09_OAK_SEA,2014,9,REG,SEA,Pete Carroll,LV,Tony Sparano,30.0,24.0,True,1,0
2014_09_OAK_SEA,2014,9,REG,LV,Tony Sparano,SEA,Pete Carroll,24.0,30.0,False,0,0
2014_09_PHI_HOU,2014,9,REG,HOU,Bill O'Brien,PHI,Chip Kelly,21.0,31.0,True,0,0
2014_09_PHI_HOU,2014,9,REG,PHI,Chip Kelly,HOU,Bill O'Brien,31.0,21.0,False,1,0
2014_09_SD_MIA,2014,9,REG,MIA,Joe Philbin,LAC,Mike McCoy,37.0,0.0,True,1,0
2014_09_SD_MIA,2014,9,REG,LAC,Mike McCoy,MIA,Joe Philbin,0.0,37.0,False,0,0
2014_09_STL_SF,2014,9,REG,SF,Jim Harbaugh,LA,Jeff Fisher,10.0,13.0,True,0,0
2014_09_STL_SF,2014,9,REG,LA,Jeff Fisher,SF,Jim Harbaugh,13.0,10.0,False,1,0
2014_09_TB_CLE,2014,9,REG,CLE,Mike Pettine,TB,Lovie Smith,22.0,17.0,True,1,0
2014_09_TB_CLE,2014,9,REG,TB,Lovie Smith,CLE,Mike Pettine,17.0,22.0,False,0,0
2014_09_WAS_MIN,2014,9,REG,MIN,Mike Zimmer,WAS,Jay Gruden,29.0,26.0,True,1,0
2014_09_WAS_MIN,2014,9,REG,WAS,Jay Gruden,MIN,Mike Zimmer,26.0,29.0,False,0,0
2014_10_ATL_TB,2014,10,REG,TB,Lovie Smith,ATL,Mike Smith,17.0,27.0,True,0,0
2014_10_ATL_TB,2014,10,REG,ATL,Mike Smith,TB,Lovie Smith,27.0,17.0,False,1,0
2014_10_CAR_PHI,2014,10,REG,PHI,Chip Kelly,CAR,Ron Rivera,45.0,21.0,True,1,0
2014_10_CAR_PHI,2014,10,REG,CAR,Ron Rivera,PHI,Chip Kelly,21.0,45.0,False,0,0
2014_10_CHI_GB,2014,10,REG,GB,Mike McCarthy,CHI,Marc Trestman,55.0,14.0,True,1,0
2014_10_CHI_GB,2014,10,REG,CHI,Marc Trestman,GB,Mike McCarthy,14.0,55.0,False,0,0
2014_10_CLE_CIN,2014,10,REG,CIN,Marvin Lewis,CLE,Mike Pettine,3.0,24.0,True,0,0
2014_10_CLE_CIN,2014,10,REG,CLE,Mike Pettine,CIN,Marvin Lewis,24.0,3.0,False,1,0
2014_10_DAL_JAX,2014,10,REG,JAX,Gus Bradley,DAL,Jason Garrett,17.0,31.0,True,0,0
2014_10_DAL_JAX,2014,10,REG,DAL,Jason Garrett,JAX,Gus Bradley,31.0,17.0,False,1,0
2014_10_DEN_OAK,2014,10,REG,LV,Tony Sparano,DEN,John Fox,17.0,41.0,True,0,0
2014_10_DEN_OAK,2014,10,REG,DEN,John Fox,LV,Tony Sparano,41.0,17.0,False,1,0
2014_10_KC_BUF,2014,10,REG,BUF,Doug Marrone,KC,Andy Reid,13.0,17.0,True,0,0
2014_10_KC_BUF,2014,10,REG,KC,Andy Reid,BUF,Doug Marrone,17.0,13.0,False,1,0
2014_10_MIA_DET,2014,10,REG,DET,Jim Caldwell,MIA,Joe Philbin,20.0,16.0,True,1,0
2014_10_MIA_DET,2014,10,REG,MIA,Joe Philbin,DET,Jim Caldwell,16.0,20.0,False,0,0
2014_10_NYG_SEA,2014,10,REG,SEA,Pete Carroll,NYG,Tom Coughlin,38.0,17.0,True,1,0
2014_10_NYG_SEA,2014,10,REG,NYG,Tom Coughlin,SEA,Pete Carroll,17.0,38.0,False,0,0
2014_10_PIT_NYJ,2014,10,REG,NYJ,Rex Ryan,PIT,Mike Tomlin,20.0,13.0,True,1,0
2014_10_PIT_NYJ,2014,10,REG,PIT,Mike Tomlin,NYJ,Rex Ryan,13.0,20.0,False,0,0
2014_10_SF_NO,2014,10,REG,NO,Sean Payton,SF,Jim Harbaugh,24.0,27.0,True,0,0
2014_10_SF_NO,2014,10,REG,SF,Jim Harbaugh,NO,Sean Payton,27.0,24.0,False,1,0
2014_10_STL_ARI,2014,10,REG,ARI,Bruce Arians,LA,Jeff Fisher,31.0,14.0,True,1,0
2014_10_STL_ARI,2014,10,REG,LA,Jeff Fisher,ARI,Bruce Arians,14.0,31.0,False,0,0
2014_10_TEN_BAL,2014,10,REG,BAL,John Harbaugh,TEN,Ken Whisenhunt,21.0,7.0,True,1,0
2014_10_TEN_BAL,2014,10,REG,TEN,Ken Whisenhunt,BAL,John Harbaugh,7.0,21.0,False,0,0
2014_11_ATL_CAR,2014,11,REG,CAR,Ron Rivera,ATL,Mike Smith,17.0,19.0,True,0,0
2014_11_ATL_CAR,2014,11,REG,ATL,Mike Smith,CAR,Ron Rivera,19.0,17.0,False,1,0
2014_11_BUF_MIA,2014,11,REG,MIA,Joe Philbin,BUF,Doug Marrone,22.0,9.0,True,1,0
2014_11_BUF_MIA,2014,11,REG,BUF,Doug Marrone,MIA,Joe Philbin,9.0,22.0,False,0,0
2014_11_CIN_NO,2014,11,REG,NO,Sean Payton,CIN,Marvin Lewis,10.0,27.0,True,0,0
2014_11_CIN_NO,2014,11,REG,CIN,Marvin Lewis,NO,Sean Payton,27.0,10.0,False,1,0
2014_11_DEN_STL,2014,11,REG,LA,Jeff Fisher,DEN,John Fox,22.0,7.0,True,1,0
2014_11_DEN_STL,2014,11,REG,DEN,John Fox,LA,Jeff Fisher,7.0,22.0,False,0,0
2014_11_DET_ARI,2014,11,REG,ARI,Bruce Arians,DET,Jim Caldwell,14.0,6.0,True,1,0
2014_11_DET_ARI,2014,11,REG,DET,Jim Caldwell,ARI,Bruce Arians,6.0,14.0,False,0,0
2014_11_HOU_CLE,2014,11,REG,CLE,Mike Pettine,HOU,Bill O'Brien,7.0,23.0,True,0,0
2014_11_HOU_CLE,2014,11,REG,HOU,Bill O'Brien,CLE,Mike Pettine,23.0,7.0,False,1,0
2014_11_MIN_CHI,2014,11,REG,CHI,Marc Trestman,MIN,Mike Zimmer,21.0,13.0,True,1,0
2014_11_MIN_CHI,2014,11,REG,MIN,Mike Zimmer,CHI,Marc Trestman,13.0,21.0,False,0,0
2014_11_NE_IND,2014,11,REG,IND,Chuck Pagano,NE,Bill Belichick,20.0,42.0,True,0,0
2014_11_NE_IND,2014,11,REG,NE,Bill Belichick,IND,Chuck Pagano,42.0,20.0,False,1,0
2014_11_OAK_SD,2014,11,REG,LAC,Mike McCoy,LV,Tony Sparano,13.0,6.0,True,1,0
2014_11_OAK_SD,2014,11,REG,LV,Tony Sparano,LAC,Mike McCoy,6.0,13.0,False,0,0
2014_11_PHI_GB,2014,11,REG,GB,Mike McCarthy,PHI,Chip Kelly,53.0,20.0,True,1,0
2014_11_PHI_GB,2014,11,REG,PHI,Chip Kelly,GB,Mike McCarthy,20.0,53.0,False,0,0
2014_11_PIT_TEN,2014,11,REG,TEN,Ken Whisenhunt,PIT,Mike Tomlin,24.0,27.0,True,0,0
2014_11_PIT_TEN,2014,11,REG,PIT,Mike Tomlin,TEN,Ken Whisenhunt,27.0,24.0,False,1,0
2014_11_SEA_KC,2014,11,REG,KC,Andy Reid,SEA,Pete Carroll,24.0,20.0,True,1,0
2014_11_SEA_KC,2014,11,REG,SEA,Pete Carroll,KC,Andy Reid,20.0,24.0,False,0,0
2014_11_SF_NYG,2014,11,REG,NYG,Tom Coughlin,SF,Jim Harbaugh,10.0,16.0,True,0,0
2014_11_SF_NYG,2014,11,REG,SF,Jim Harbaugh,NYG,Tom Coughlin,16.0,10.0,False,1,0
2014_11_TB_WAS,2014,11,REG,WAS,Jay Gruden,TB,Lovie Smith,7.0,27.0,True,0,0
2014_11_TB_WAS,2014,11,REG,TB,Lovie Smith,WAS,Jay Gruden,27.0,7.0,False,1,0
2014_12_ARI_SEA,2014,12,REG,SEA,Pete Carroll,ARI,Bruce Arians,19.0,3.0,True,1,0
2014_12_ARI_SEA,2014,12,REG,ARI,Bruce Arians,SEA,Pete Carroll,3.0,19.0,False,0,0
2014_12_BAL_NO,2014,12,REG,NO,Sean Payton,BAL,John Harbaugh,27.0,34.0,True,0,0
2014_12_BAL_NO,2014,12,REG,BAL,John Harbaugh,NO,Sean Payton,34.0,27.0,False,1,0
2014_12_CIN_HOU,2014,12,REG,HOU,Bill O'Brien,CIN,Marvin Lewis,13.0,22.0,True,0,0
2014_12_CIN_HOU,2014,12,REG,CIN,Marvin Lewis,HOU,Bill O'Brien,22.0,13.0,False,1,0
2014_12_CLE_ATL,2014,12,REG,ATL,Mike Smith,CLE,Mike Pettine,24.0,26.0,True,0,0
2014_12_CLE_ATL,2014,12,REG,CLE,Mike Pettine,ATL,Mike Smith,26.0,24.0,False,1,0
2014_12_DAL_NYG,2014,12,REG,NYG,Tom Coughlin,DAL,Jason Garrett,28.0,31.0,True,0,0
2014_12_DAL_NYG,2014,12,REG,DAL,Jason Garrett,NYG,Tom Coughlin,31.0,28.0,False,1,0
2014_12_DET_NE,2014,12,REG,NE,Bill Belichick,DET,Jim Caldwell,34.0,9.0,True,1,0
2014_12_DET_NE,2014,12,REG,DET,Jim Caldwell,NE,Bill Belichick,9.0,34.0,False,0,0
2014_12_GB_MIN,2014,12,REG,MIN,Mike Zimmer,GB,Mike McCarthy,21.0,24.0,True,0,0
2014_12_GB_MIN,2014,12,REG,GB,Mike McCarthy,MIN,Mike Zimmer,24.0,21.0,False,1,0
2014_12_JAX_IND,2014,12,REG,IND,Chuck Pagano,JAX,Gus Bradley,23.0,3.0,True,1,0
2014_12_JAX_IND,2014,12,REG,JAX,Gus Bradley,IND,Chuck Pagano,3.0,23.0,False,0,0
2014_12_KC_OAK,2014,12,REG,LV,Tony Sparano,KC,Andy Reid,24.0,20.0,True,1,0
2014_12_KC_OAK,2014,12,REG,KC,Andy Reid,LV,Tony Sparano,20.0,24.0,False,0,0
2014_12_MIA_DEN,2014,12,REG,DEN,John Fox,MIA,Joe Philbin,39.0,36.0,True,1,0
2014_12_MIA_DEN,2014,12,REG,MIA,Joe Philbin,DEN,John Fox,36.0,39.0,False,0,0
2014_12_NYJ_BUF,2014,12,REG,BUF,Doug Marrone,NYJ,Rex Ryan,38.0,3.0,True,1,0
2014_12_NYJ_BUF,2014,12,REG,NYJ,Rex Ryan,BUF,Doug Marrone,3.0,38.0,False,0,0
2014_12_STL_SD,2014,12,REG,LAC,Mike McCoy,LA,Jeff Fisher,27.0,24.0,True,1,0
2014_12_STL_SD,2014,12,REG,LA,Jeff Fisher,LAC,Mike McCoy,24.0,27.0,False,0,0
2014_12_TB_CHI,2014,12,REG,CHI,Marc Trestman,TB,Lovie Smith,21.0,13.0,True,1,0
2014_12_TB_CHI,2014,12,REG,TB,Lovie Smith,CHI,Marc Trestman,13.0,21.0,False,0,0
2014_12_TEN_PHI,2014,12,REG,PHI,Chip Kelly,TEN,Ken Whisenhunt,43.0,24.0,True,1,0
2014_12_TEN_PHI,2014,12,REG,TEN,Ken Whisenhunt,PHI,Chip Kelly,24.0,43.0,False,0,0
2014_12_WAS_SF,2014,12,REG,SF,Jim Harbaugh,WAS,Jay Gruden,17.0,13.0,True,1,0
2014_12_WAS_SF,2014,12,REG,WAS,Jay Gruden,SF,Jim Harbaugh,13.0,17.0,False,0,0
2014_13_ARI_ATL,2014,13,REG,ATL,Mike Smith,ARI,Bruce Arians,29.0,18.0,True,1,0
2014_13_ARI_ATL,2014,13,REG,ARI,Bruce Arians,ATL,Mike Smith,18.0,29.0,False,0,0
2014_13_CAR_MIN,2014,13,REG,MIN,Mike Zimmer,CAR,Ron Rivera,31.0,13.0,True,1,0
2014_13_CAR_MIN,2014,13,REG,CAR,Ron Rivera,MIN,Mike Zimmer,13.0,31.0,False,0,0
2014_13_CHI_DET,2014,13,REG,DET,Jim Caldwell,CHI,Marc Trestman,34.0,17.0,True,1,0
2014_13_CHI_DET,2014,13,REG,CHI,Marc Trestman,DET,Jim Caldwell,17.0,34.0,False,0,0
2014_13_CIN_TB,2014,13,REG,TB,Lovie Smith,CIN,Marvin Lewis,13.0,14.0,True,0,0
2014_13_CIN_TB,2014,13,REG,CIN,Marvin Lewis,TB,Lovie Smith,14.0,13.0,False,1,0
2014_13_CLE_BUF,2014,13,REG,BUF,Doug Marrone,CLE,Mike Pettine,26.0,10.0,True,1,0
2014_13_CLE_BUF,2014,13,REG,CLE,Mike Pettine,BUF,Doug Marrone,10.0,26.0,False,0,0
2014_13_DEN_KC,2014,13,REG,KC,Andy Reid,DEN,John Fox,16.0,29.0,True,0,0
2014_13_DEN_KC,2014,13,REG,DEN,John Fox,KC,Andy Reid,29.0,16.0,False,1,0
2014_13_MIA_NYJ,2014,13,REG,NYJ,Rex Ryan,MIA,Joe Philbin,13.0,16.0,True,0,0
2014_13_MIA_NYJ,2014,13,REG,MIA,Joe Philbin,NYJ,Rex Ryan,16.0,13.0,False,1,0
2014_13_NE_GB,2014,13,REG,GB,Mike McCarthy,NE,Bill Belichick,26.0,21.0,True,1,0
2014_13_NE_GB,2014,13,REG,NE,Bill Belichick,GB,Mike McCarthy,21.0,26.0,False,0,0
2014_13_NO_PIT,2014,13,REG,PIT,Mike Tomlin,NO,Sean Payton,32.0,35.0,True,0,0
2014_13_NO_PIT,2014,13,REG,NO,Sean Payton,PIT,Mike Tomlin,35.0,32.0,False,1,0
2014_13_NYG_JAX,2014,13,REG,JAX,Gus Bradley,NYG,Tom Coughlin,25.0,24.0,True,1,0
2014_13_NYG_JAX,2014,13,REG,NYG,Tom Coughlin,JAX,Gus Bradley,24.0,25.0,False,0,0
2014_13_OAK_STL,2014,13,REG,LA,Jeff Fisher,LV,Tony Sparano,52.0,0.0,True,1,0
2014_13_OAK_STL,2014,13,REG,LV,Tony Sparano,LA,Jeff Fisher,0.0,52.0,False,0,0
2014_13_PHI_DAL,2014,13,REG,DAL,Jason Garrett,PHI,Chip Kelly,10.0,33.0,True,0,0
2014_13_PHI_DAL,2014,13,REG,PHI,Chip Kelly,DAL,Jason Garrett,33.0,10.0,False,1,0
2014_13_SD_BAL,2014,13,REG,BAL,John Harbaugh,LAC,Mike McCoy,33.0,34.0,True,0,0
2014_13_SD_BAL,2014,13,REG,LAC,Mike McCoy,BAL,John Harbaugh,34.0,33.0,False,1,0
2014_13_SEA_SF,2014,13,REG,SF,Jim Harbaugh,SEA,Pete Carroll,3.0,19.0,True,0,0
2014_13_SEA_SF,2014,13,REG,SEA,Pete Carroll,SF,Jim Harbaugh,19.0,3.0,False,1,0
2014_13_TEN_HOU,2014,13,REG,HOU,Bill O'Brien,TEN,Ken Whisenhunt,45.0,21.0,True,1,0
2014_13_TEN_HOU,2014,13,REG,TEN,Ken Whisenhunt,HOU,Bill O'Brien,21.0,45.0,False,0,0
2014_13_WAS_IND,2014,13,REG,IND,Chuck Pagano,WAS,Jay Gruden,49.0,27.0,True,1,0
2014_13_WAS_IND,2014,13,REG,WAS,Jay Gruden,IND,Chuck Pagano,27.0,49.0,False,0,0
2014_14_ATL_GB,2014,14,REG,GB,Mike McCarthy,ATL,Mike Smith,43.0,37.0,True,1,0
2014_14_ATL_GB,2014,14,REG,ATL,Mike Smith,GB,Mike McCarthy,37.0,43.0,False,0,0
2014_14_BAL_MIA,2014,14,REG,MIA,Joe Philbin,BAL,John Harbaugh,13.0,28.0,True,0,0
2014_14_BAL_MIA,2014,14,REG,BAL,John Harbaugh,MIA,Joe Philbin,28.0,13.0,False,1,0
2014_14_BUF_DEN,2014,14,REG,DEN,John Fox,BUF,Doug Marrone,24.0,17.0,True,1,0
2014_14_BUF_DEN,2014,14,REG,BUF,Doug Marrone,DEN,John Fox,17.0,24.0,False,0,0
2014_14_CAR_NO,2014,14,REG,NO,Sean Payton,CAR,Ron Rivera,10.0,41.0,True,0,0
2014_14_CAR_NO,2014,14,REG,CAR,Ron Rivera,NO,Sean Payton,41.0,10.0,False,1,0
2014_14_DAL_CHI,2014,14,REG,CHI,Marc Trestman,DAL,Jason Garrett,28.0,41.0,True,0,0
2014_14_DAL_CHI,2014,14,REG,DAL,Jason Garrett,CHI,Marc Trestman,41.0,28.0,False,1,0
2014_14_HOU_JAX,2014,14,REG,JAX,Gus Bradley,HOU,Bill O'Brien,13.0,27.0,True,0,0
2014_14_HOU_JAX,2014,14,REG,HOU,Bill O'Brien,JAX,Gus Bradley,27.0,13.0,False,1,0
2014_14_IND_CLE,2014,14,REG,CLE,Mike Pettine,IND,Chuck Pagano,24.0,25.0,True,0,0
2014_14_IND_CLE,2014,14,REG,IND,Chuck Pagano,CLE,Mike Pettine,25.0,24.0,False,1,0
2014_14_KC_ARI,2014,14,REG,ARI,Bruce Arians,KC,Andy Reid,17.0,14.0,True,1,0
2014_14_KC_ARI,2014,14,REG,KC,Andy Reid,ARI,Bruce Arians,14.0,17.0,False,0,0
2014_14_NE_SD,2014,14,REG,LAC,Mike McCoy,NE,Bill Belichick,14.0,23.0,True,0,0
2014_14_NE_SD,2014,14,REG,NE,Bill Belichick,LAC,Mike McCoy,23.0,14.0,False,1,0
2014_14_NYG_TEN,2014,14,REG,TEN,Ken Whisenhunt,NYG,Tom Coughlin,7.0,36.0,True,0,0
2014_14_NYG_TEN,2014,14,REG,NYG,Tom Coughlin,TEN,Ken Whisenhunt,36.0,7.0,False,1,0
2014_14_NYJ_MIN,2014,14,REG,MIN,Mike Zimmer,NYJ,Rex Ryan,30.0,24.0,True,1,0
2014_14_NYJ_MIN,2014,14,REG,NYJ,Rex Ryan,MIN,Mike Zimmer,24.0,30.0,False,0,0
2014_14_PIT_CIN,2014,14,REG,CIN,Marvin Lewis,PIT,Mike Tomlin,21.0,42.0,True,0,0
2014_14_PIT_CIN,2014,14,REG,PIT,Mike Tomlin,CIN,Marvin Lewis,42.0,21.0,False,1,0
2014_14_SEA_PHI,2014,14,REG,PHI,Chip Kelly,SEA,Pete Carroll,14.0,24.0,True,0,0
2014_14_SEA_PHI,2014,14,REG,SEA,Pete Carroll,PHI,Chip Kelly,24.0,14.0,False,1,0
2014_14_SF_OAK,2014,14,REG,LV,Tony Sparano,SF,Jim Harbaugh,24.0,13.0,True,1,0
2014_14_SF_OAK,2014,14,REG,SF,Jim Harbaugh,LV,Tony Sparano,13.0,24.0,False,0,0
2014_14_STL_WAS,2014,14,REG,WAS,Jay Gruden,LA,Jeff Fisher,0.0,24.0,True,0,0
2014_14_STL_WAS,2014,14,REG,LA,Jeff Fisher,WAS,Jay Gruden,24.0,0.0,False,1,0
2014_14_TB_DET,2014,14,REG,DET,Jim Caldwell,TB,Lovie Smith,34.0,17.0,True,1,0
2014_14_TB_DET,2014,14,REG,TB,Lovie Smith,DET,Jim Caldwell,17.0,34.0,False,0,0
2014_15_ARI_STL,2014,15,REG,LA,Jeff Fisher,ARI,Bruce Arians,6.0,12.0,True,0,0
2014_15_ARI_STL,2014,15,REG,ARI,Bruce Arians,LA,Jeff Fisher,12.0,6.0,False,1,0
2014_15_CIN_CLE,2014,15,REG,CLE,Mike Pettine,CIN,Marvin Lewis,0.0,30.0,True,0,0
2014_15_CIN_CLE,2014,15,REG,CIN,Marvin Lewis,CLE,Mike Pettine,30.0,0.0,False,1,0
2014_15_DAL_PHI,2014,15,REG,PHI,Chip Kelly,DAL,Jason Garrett,27.0,38.0,True,0,0
2014_15_DAL_PHI,2014,15,REG,DAL,Jason Garrett,PHI,Chip Kelly,38.0,27.0,False,1,0
2014_15_DEN_SD,2014,15,REG,LAC,Mike McCoy,DEN,John Fox,10.0,22.0,True,0,0
2014_15_DEN_SD,2014,15,REG,DEN,John Fox,LAC,Mike McCoy,22.0,10.0,False,1,0
2014_15_GB_BUF,2014,15,REG,BUF,Doug Marrone,GB,Mike McCarthy,21.0,13.0,True,1,0
2014_15_GB_BUF,2014,15,REG,GB,Mike McCarthy,BUF,Doug Marrone,13.0,21.0,False,0,0
2014_15_HOU_IND,2014,15,REG,IND,Chuck Pagano,HOU,Bill O'Brien,17.0,10.0,True,1,0
2014_15_HOU_IND,2014,15,REG,HOU,Bill O'Brien,IND,Chuck Pagano,10.0,17.0,False,0,0
2014_15_JAX_BAL,2014,15,REG,BAL,John Harbaugh,JAX,Gus Bradley,20.0,12.0,True,1,0
2014_15_JAX_BAL,2014,15,REG,JAX,Gus Bradley,BAL,John Harbaugh,12.0,20.0,False,0,0
2014_15_MIA_NE,2014,15,REG,NE,Bill Belichick,MIA,Joe Philbin,41.0,13.0,True,1,0
2014_15_MIA_NE,2014,15,REG,MIA,Joe Philbin,NE,Bill Belichick,13.0,41.0,False,0,0
2014_15_MIN_DET,2014,15,REG,DET,Jim Caldwell,MIN,Mike Zimmer,16.0,14.0,True,1,0
2014_15_MIN_DET,2014,15,REG,MIN,Mike Zimmer,DET,Jim Caldwell,14.0,16.0,False,0,0
2014_15_NO_CHI,2014,15,REG,CHI,Marc Trestman,NO,Sean Payton,15.0,31.0,True,0,0
2014_15_NO_CHI,2014,15,REG,NO,Sean Payton,CHI,Marc Trestman,31.0,15.0,False,1,0
2014_15_NYJ_TEN,2014,15,REG,TEN,Ken Whisenhunt,NYJ,Rex Ryan,11.0,16.0,True,0,0
2014_15_NYJ_TEN,2014,15,REG,NYJ,Rex Ryan,TEN,Ken Whisenhunt,16.0,11.0,False,1,0
2014_15_OAK_KC,2014,15,REG,KC,Andy Reid,LV,Tony Sparano,31.0,13.0,True,1,0
2014_15_OAK_KC,2014,15,REG,LV,Tony Sparano,KC,Andy Reid,13.0,31.0,False,0,0
2014_15_PIT_ATL,2014,15,REG,ATL,Mike Smith,PIT,Mike Tomlin,20.0,27.0,True,0,0
2014_15_PIT_ATL,2014,15,REG,PIT,Mike Tomlin,ATL,Mike Smith,27.0,20.0,False,1,0
2014_15_SF_SEA,2014,15,REG,SEA,Pete Carroll,SF,Jim Harbaugh,17.0,7.0,True,1,0
2014_15_SF_SEA,2014,15,REG,SF,Jim Harbaugh,SEA,Pete Carroll,7.0,17.0,False,0,0
2014_15_TB_CAR,2014,15,REG,CAR,Ron Rivera,TB,Lovie Smith,19.0,17.0,True,1,0
2014_15_TB_CAR,2014,15,REG,TB,Lovie Smith,CAR,Ron Rivera,17.0,19.0,False,0,0
2014_15_WAS_NYG,2014,15,REG,NYG,Tom Coughlin,WAS,Jay Gruden,24.0,13.0,True,1,0
2014_15_WAS_NYG,2014,15,REG,WAS,Jay Gruden,NYG,Tom Coughlin,13.0,24.0,False,0,0
2014_16_ATL_NO,2014,16,REG,NO,Sean Payton,ATL,Mike Smith,14.0,30.0,True,0,0
2014_16_ATL_NO,2014,16,REG,ATL,Mike Smith,NO,Sean Payton,30.0,14.0,False,1,0
2014_16_BAL_HOU,2014,16,REG,HOU,Bill O'Brien,BAL,John Harbaugh,25.0,13.0,True,1,0
2014_16_BAL_HOU,2014,16,REG,BAL,John Harbaugh,HOU,Bill O'Brien,13.0,25.0,False,0,0
2014_16_BUF_OAK,2014,16,REG,LV,Tony Sparano,BUF,Doug Marrone,26.0,24.0,True,1,0
2014_16_BUF_OAK,2014,16,REG,BUF,Doug Marrone,LV,Tony Sparano,24.0,26.0,False,0,0
2014_16_CLE_CAR,2014,16,REG,CAR,Ron Rivera,CLE,Mike Pettine,17.0,13.0,True,1,0
2014_16_CLE_CAR,2014,16,REG,CLE,Mike Pettine,CAR,Ron Rivera,13.0,17.0,False,0,0
2014_16_DEN_CIN,2014,16,REG,CIN,Marvin Lewis,DEN,John Fox,37.0,28.0,True,1,0
2014_16_DEN_CIN,2014,16,REG,DEN,John Fox,CIN,Marvin Lewis,28.0,37.0,False,0,0
2014_16_DET_CHI,2014,16,REG,CHI,Marc Trestman,DET,Jim Caldwell,14.0,20.0,True,0,0
2014_16_DET_CHI,2014,16,REG,DET,Jim Caldwell,CHI,Marc Trestman,20.0,14.0,False,1,0
2014_16_GB_TB,2014,16,REG,TB,Lovie Smith,GB,Mike McCarthy,3.0,20.0,True,0,0
2014_16_GB_TB,2014,16,REG,GB,Mike McCarthy,TB,Lovie Smith,20.0,3.0,False,1,0
2014_16_IND_DAL,2014,16,REG,DAL,Jason Garrett,IND,Chuck Pagano,42.0,7.0,True,1,0
2014_16_IND_DAL,2014,16,REG,IND,Chuck Pagano,DAL,Jason Garrett,7.0,42.0,False,0,0
2014_16_KC_PIT,2014,16,REG,PIT,Mike Tomlin,KC,Andy Reid,20.0,12.0,True,1,0
2014_16_KC_PIT,2014,16,REG,KC,Andy Reid,PIT,Mike Tomlin,12.0,20.0,False,0,0
2014_16_MIN_MIA,2014,16,REG,MIA,Joe Philbin,MIN,Mike Zimmer,37.0,35.0,True,1,0
2014_16_MIN_MIA,2014,16,REG,MIN,Mike Zimmer,MIA,Joe Philbin,35.0,37.0,False,0,0
2014_16_NE_NYJ,2014,16,REG,NYJ,Rex Ryan,NE,Bill Belichick,16.0,17.0,True,0,0
2014_16_NE_NYJ,2014,16,REG,NE,Bill Belichick,NYJ,Rex Ryan,17.0,16.0,False,1,0
2014_16_NYG_STL,2014,16,REG,LA,Jeff Fisher,NYG,Tom Coughlin,27.0,37.0,True,0,0
2014_16_NYG_STL,2014,16,REG,NYG,Tom Coughlin,LA,Jeff Fisher,37.0,27.0,False,1,0
2014_16_PHI_WAS,2014,16,REG,WAS,Jay Gruden,PHI,Chip Kelly,27.0,24.0,True,1,0
2014_16_PHI_WAS,2014,16,REG,PHI,Chip Kelly,WAS,Jay Gruden,24.0,27.0,False,0,0
2014_16_SD_SF,2014,16,REG,SF,Jim Harbaugh,LAC,Mike McCoy,35.0,38.0,True,0,0
2014_16_SD_SF,2014,16,REG,LAC,Mike McCoy,SF,Jim Harbaugh,38.0,35.0,False,1,0
2014_16_SEA_ARI,2014,16,REG,ARI,Bruce Arians,SEA,Pete Carroll,6.0,35.0,True,0,0
2014_16_SEA_ARI,2014,16,REG,SEA,Pete Carroll,ARI,Bruce Arians,35.0,6.0,False,1,0
2014_16_TEN_JAX,2014,16,REG,JAX,Gus Bradley,TEN,Ken Whisenhunt,21.0,13.0,True,1,0
2014_16_TEN_JAX,2014,16,REG,TEN,Ken Whisenhunt,JAX,Gus Bradley,13.0,21.0,False,0,0
2014_17_ARI_SF,2014,17,REG,SF,Jim Harbaugh,ARI,Bruce Arians,20.0,17.0,True,1,0
2014_17_ARI_SF,2014,17,REG,ARI,Bruce Arians,SF,Jim Harbaugh,17.0,20.0,False,0,0
2014_17_BUF_NE,2014,17,REG,NE,Bill Belichick,BUF,Doug Marrone,9.0,17.0,True,0,0
2014_17_BUF_NE,2014,17,REG,BUF,Doug Marrone,NE,Bill Belichick,17.0,9.0,False,1,0
2014_17_CAR_ATL,2014,17,REG,ATL,Mike Smith,CAR,Ron Rivera,3.0,34.0,True,0,0
2014_17_CAR_ATL,2014,17,REG,CAR,Ron Rivera,ATL,Mike Smith,34.0,3.0,False,1,0
2014_17_CHI_MIN,2014,17,REG,MIN,Mike Zimmer,CHI,Marc Trestman,13.0,9.0,True,1,0
2014_17_CHI_MIN,2014,17,REG,CHI,Marc Trestman,MIN,Mike Zimmer,9.0,13.0,False,0,0
2014_17_CIN_PIT,2014,17,REG,PIT,Mike Tomlin,CIN,Marvin Lewis,27.0,17.0,True,1,0
2014_17_CIN_PIT,2014,17,REG,CIN,Marvin Lewis,PIT,Mike Tomlin,17.0,27.0,False,0,0
2014_17_CLE_BAL,2014,17,REG,BAL,John Harbaugh,CLE,Mike Pettine,20.0,10.0,True,1,0
2014_17_CLE_BAL,2014,17,REG,CLE,Mike Pettine,BAL,John Harbaugh,10.0,20.0,False,0,0
2014_17_DAL_WAS,2014,17,REG,WAS,Jay Gruden,DAL,Jason Garrett,17.0,44.0,True,0,0
2014_17_DAL_WAS,2014,17,REG,DAL,Jason Garrett,WAS,Jay Gruden,44.0,17.0,False,1,0
2014_17_DET_GB,2014,17,REG,GB,Mike McCarthy,DET,Jim Caldwell,30.0,20.0,True,1,0
2014_17_DET_GB,2014,17,REG,DET,Jim Caldwell,GB,Mike McCarthy,20.0,30.0,False,0,0
2014_17_IND_TEN,2014,17,REG,TEN,Ken Whisenhunt,IND,Chuck Pagano,10.0,27.0,True,0,0
2014_17_IND_TEN,2014,17,REG,IND,Chuck Pagano,TEN,Ken Whisenhunt,27.0,10.0,False,1,0
2014_17_JAX_HOU,2014,17,REG,HOU,Bill O'Brien,JAX,Gus Bradley,23.0,17.0,True,1,0
2014_17_JAX_HOU,2014,17,REG,JAX,Gus Bradley,HOU,Bill O'Brien,17.0,23.0,False,0,0
2014_17_NO_TB,2014,17,REG,TB,Lovie Smith,NO,Sean Payton,20.0,23.0,True,0,0
2014_17_NO_TB,2014,17,REG,NO,Sean Payton,TB,Lovie Smith,23.0,20.0,False,1,0
2014_17_NYJ_MIA,2014,17,REG,MIA,Joe Philbin,NYJ,Rex Ryan,24.0,37.0,True,0,0
2014_17_NYJ_MIA,2014,17,REG,NYJ,Rex Ryan,MIA,Joe Philbin,37.0,24.0,False,1,0
2014_17_OAK_DEN,2014,17,REG,DEN,John Fox,LV,Tony Sparano,47.0,14.0,True,1,0
2014_17_OAK_DEN,2014,17,REG,LV,Tony Sparano,DEN,John Fox,14.0,47.0,False,0,0
2014_17_PHI_NYG,2014,17,REG,NYG,Tom Coughlin,PHI,Chip Kelly,26.0,34.0,True,0,0
2014_17_PHI_NYG,2014,17,REG,PHI,Chip Kelly,NYG,Tom Coughlin,34.0,26.0,False,1,0
2014_17_SD_KC,2014,17,REG,KC,Andy Reid,LAC,Mike McCoy,19.0,7.0,True,1,0
2014_17_SD_KC,2014,17,REG,LAC,Mike McCoy,KC,Andy Reid,7.0,19.0,False,0,0
2014_17_STL_SEA,2014,17,REG,SEA,Pete Carroll,LA,Jeff Fisher,20.0,6.0,True,1,0
2014_17_STL_SEA,2014,17,REG,LA,Jeff Fisher,SEA,Pete Carroll,6.0,20.0,False,0,0
2014_18_ARI_CAR,2014,18,POST,CAR,Ron Rivera,ARI,Bruce Arians,27.0,16.0,True,1,0
2014_18_ARI_CAR,2014,18,POST,ARI,Bruce Arians,CAR,Ron Rivera,16.0,27.0,False,0,0
2014_18_BAL_PIT,2014,18,POST,PIT,Mike Tomlin,BAL,John Harbaugh,17.0,30.0,True,0,0
2014_18_BAL_PIT,2014,18,POST,BAL,John Harbaugh,PIT,Mike Tomlin,30.0,17.0,False,1,0
2014_18_CIN_IND,2014,18,POST,IND,Chuck Pagano,CIN,Marvin Lewis,26.0,10.0,True,1,0
2014_18_CIN_IND,2014,18,POST,CIN,Marvin Lewis,IND,Chuck Pagano,10.0,26.0,False,0,0
2014_18_DET_DAL,2014,18,POST,DAL,Jason Garrett,DET,Jim Caldwell,24.0,20.0,True,1,0
2014_18_DET_DAL,2014,18,POST,DET,Jim Caldwell,DAL,Jason Garrett,20.0,24.0,False,0,0
2014_19_BAL_NE,2014,19,POST,NE,Bill Belichick,BAL,John Harbaugh,35.0,31.0,True,1,0
2014_19_BAL_NE,2014,19,POST,BAL,John Harbaugh,NE,Bill Belichick,31.0,35.0,False,0,0
2014_19_CAR_SEA,2014,19,POST,SEA,Pete Carroll,CAR,Ron Rivera,31.0,17.0,True,1,0
2014_19_CAR_SEA,2014,19,POST,CAR,Ron Rivera,SEA,Pete Carroll,17.0,31.0,False,0,0
2014_19_DAL_GB,2014,19,POST,GB,Mike McCarthy,DAL,Jason Garrett,26.0,21.0,True,1,0
2014_19_DAL_GB,2014,19,POST,DAL,Jason Garrett,GB,Mike McCarthy,21.0,26.0,False,0,0
2014_19_IND_DEN,2014,19,POST,DEN,John Fox,IND,Chuck Pagano,13.0,24.0,True,0,0
2014_19_IND_DEN,2014,19,POST,IND,Chuck Pagano,DEN,John Fox,24.0,13.0,False,1,0
2014_20_GB_SEA,2014,20,POST,SEA,Pete Carroll,GB,Mike McCarthy,28.0,22.0,True,1,0
2014_20_GB_SEA,2014,20,POST,GB,Mike McCarthy,SEA,Pete Carroll,22.0,28.0,False,0,0
2014_20_IND_NE,2014,20,POST,NE,Bill Belichick,IND,Chuck Pagano,45.0,7.0,True,1,0
2014_20_IND_NE,2014,20,POST,IND,Chuck Pagano,NE,Bill Belichick,7.0,45.0,False,0,0
2014_21_NE_SEA,2014,21,POST,SEA,Pete Carroll,NE,Bill Belichick,24.0,28.0,True,0,0
2014_21_NE_SEA,2014,21,POST,NE,Bill Belichick,SEA,Pete Carroll,28.0,24.0,False,1,0
2015_01_BAL_DEN,2015,1,REG,DEN,Gary Kubiak,BAL,John Harbaugh,19.0,13.0,True,1,0
2015_01_BAL_DEN,2015,1,REG,BAL,John Harbaugh,DEN,Gary Kubiak,13.0,19.0,False,0,0
2015_01_CAR_JAX,2015,1,REG,JAX,Gus Bradley,CAR,Ron Rivera,9.0,20.0,True,0,0
2015_01_CAR_JAX,2015,1,REG,CAR,Ron Rivera,JAX,Gus Bradley,20.0,9.0,False,1,0
2015_01_CIN_OAK,2015,1,REG,LV,Jack Del Rio,CIN,Marvin Lewis,13.0,33.0,True,0,0
2015_01_CIN_OAK,2015,1,REG,CIN,Marvin Lewis,LV,Jack Del Rio,33.0,13.0,False,1,0
2015_01_CLE_NYJ,2015,1,REG,NYJ,Todd Bowles,CLE,Mike Pettine,31.0,10.0,True,1,0
2015_01_CLE_NYJ,2015,1,REG,CLE,Mike Pettine,NYJ,Todd Bowles,10.0,31.0,False,0,0
2015_01_DET_SD,2015,1,REG,LAC,Mike McCoy,DET,Jim Caldwell,33.0,28.0,True,1,0
2015_01_DET_SD,2015,1,REG,DET,Jim Caldwell,LAC,Mike McCoy,28.0,33.0,False,0,0
2015_01_GB_CHI,2015,1,REG,CHI,John Fox,GB,Mike McCarthy,23.0,31.0,True,0,0
2015_01_GB_CHI,2015,1,REG,GB,Mike McCarthy,CHI,John Fox,31.0,23.0,False,1,0
2015_01_IND_BUF,2015,1,REG,BUF,Rex Ryan,IND,Chuck Pagano,27.0,14.0,True,1,0
2015_01_IND_BUF,2015,1,REG,IND,Chuck Pagano,BUF,Rex Ryan,14.0,27.0,False,0,0
2015_01_KC_HOU,2015,1,REG,HOU,Bill O'Brien,KC,Andy Reid,20.0,27.0,True,0,0
2015_01_KC_HOU,2015,1,REG,KC,Andy Reid,HOU,Bill O'Brien,27.0,20.0,False,1,0
2015_01_MIA_WAS,2015,1,REG,WAS,Jay Gruden,MIA,Joe Philbin,10.0,17.0,True,0,0
2015_01_MIA_WAS,2015,1,REG,MIA,Joe Philbin,WAS,Jay Gruden,17.0,10.0,False,1,0
2015_01_MIN_SF,2015,1,REG,SF,Jim Tomsula,MIN,Mike Zimmer,20.0,3.0,True,1,0
2015_01_MIN_SF,2015,1,REG,MIN,Mike Zimmer,SF,Jim Tomsula,3.0,20.0,False,0,0
2015_01_NO_ARI,2015,1,REG,ARI,Bruce Arians,NO,Sean Payton,31.0,19.0,True,1,0
2015_01_NO_ARI,2015,1,REG,NO,Sean Payton,ARI,Bruce Arians,19.0,31.0,False,0,0
2015_01_NYG_DAL,2015,1,REG,DAL,Jason Garrett,NYG,Tom Coughlin,27.0,26.0,True,1,0
2015_01_NYG_DAL,2015,1,REG,NYG,Tom Coughlin,DAL,Jason Garrett,26.0,27.0,False,0,0
2015_01_PHI_ATL,2015,1,REG,ATL,Dan Quinn,PHI,Chip Kelly,26.0,24.0,True,1,0
2015_01_PHI_ATL,2015,1,REG,PHI,Chip Kelly,ATL,Dan Quinn,24.0,26.0,False,0,0
2015_01_PIT_NE,2015,1,REG,NE,Bill Belichick,PIT,Mike Tomlin,28.0,21.0,True,1,0
2015_01_PIT_NE,2015,1,REG,PIT,Mike Tomlin,NE,Bill Belichick,21.0,28.0,False,0,0
2015_01_SEA_STL,2015,1,REG,LA,Jeff Fisher,SEA,Pete Carroll,34.0,31.0,True,1,0
2015_01_SEA_STL,2015,1,REG,SEA,Pete Carroll,LA,Jeff Fisher,31.0,34.0,False,0,0
2015_01_TEN_TB,2015,1,REG,TB,Lovie Smith,TEN,Ken Whisenhunt,14.0,42.0,True,0,0
2015_01_TEN_TB,2015,1,REG,TEN,Ken Whisenhunt,TB,Lovie Smith,42.0,14.0,False,1,0
2015_02_ARI_CHI,2015,2,REG,CHI,John Fox,ARI,Bruce Arians,23.0,48.0,True,0,0
2015_02_ARI_CHI,2015,2,REG,ARI,Bruce Arians,CHI,John Fox,48.0,23.0,False,1,0
2015_02_ATL_NYG,2015,2,REG,NYG,Tom Coughlin,ATL,Dan Quinn,20.0,24.0,True,0,0
2015_02_ATL_NYG,2015,2,REG,ATL,Dan Quinn,NYG,Tom Coughlin,24.0,20.0,False,1,0
2015_02_BAL_OAK,2015,2,REG,LV,Jack Del Rio,BAL,John Harbaugh,37.0,33.0,True,1,0
2015_02_BAL_OAK,2015,2,REG,BAL,John Harbaugh,LV,Jack Del Rio,33.0,37.0,False,0,0
2015_02_DAL_PHI,2015,2,REG,PHI,Chip Kelly,DAL,Jason Garrett,10.0,20.0,True,0,0
2015_02_DAL_PHI,2015,2,REG,DAL,Jason Garrett,PHI,Chip Kelly,20.0,10.0,False,1,0
2015_02_DEN_KC,2015,2,REG,KC,Andy Reid,DEN,Gary Kubiak,24.0,31.0,True,0,0
2015_02_DEN_KC,2015,2,REG,DEN,Gary Kubiak,KC,Andy Reid,31.0,24.0,False,1,0
2015_02_DET_MIN,2015,2,REG,MIN,Mike Zimmer,DET,Jim Caldwell,26.0,16.0,True,1,0
2015_02_DET_MIN,2015,2,REG,DET,Jim Caldwell,MIN,Mike Zimmer,16.0,26.0,False,0,0
2015_02_HOU_CAR,2015,2,REG,CAR,Ron Rivera,HOU,Bill O'Brien,24.0,17.0,True,1,0
2015_02_HOU_CAR,2015,2,REG,HOU,Bill O'Brien,CAR,Ron Rivera,17.0,24.0,False,0,0
2015_02_MIA_JAX,2015,2,REG,JAX,Gus Bradley,MIA,Joe Philbin,23.0,20.0,True,1,0
2015_02_MIA_JAX,2015,2,REG,MIA,Joe Philbin,JAX,Gus Bradley,20.0,23.0,False,0,0
2015_02_NE_BUF,2015,2,REG,BUF,Rex Ryan,NE,Bill Belichick,32.0,40.0,True,0,0
2015_02_NE_BUF,2015,2,REG,NE,Bill Belichick,BUF,Rex Ryan,40.0,32.0,False,1,0
2015_02_NYJ_IND,2015,2,REG,IND,Chuck Pagano,NYJ,Todd Bowles,7.0,20.0,True,0,0
2015_02_NYJ_IND,2015,2,REG,NYJ,Todd Bowles,IND,Chuck Pagano,20.0,7.0,False,1,0
2015_02_SD_CIN,2015,2,REG,CIN,Marvin Lewis,LAC,Mike McCoy,24.0,19.0,True,1,0
2015_02_SD_CIN,2015,2,REG,LAC,Mike McCoy,CIN,Marvin Lewis,19.0,24.0,False,0,0
2015_02_SEA_GB,2015,2,REG,GB,Mike McCarthy,SEA,Pete Carroll,27.0,17.0,True,1,0
2015_02_SEA_GB,2015,2,REG,SEA,Pete Carroll,GB,Mike McCarthy,17.0,27.0,False,0,0
2015_02_SF_PIT,2015,2,REG,PIT,Mike Tomlin,SF,Jim Tomsula,43.0,18.0,True,1,0
2015_02_SF_PIT,2015,2,REG,SF,Jim Tomsula,PIT,Mike Tomlin,18.0,43.0,False,0,0
2015_02_STL_WAS,2015,2,REG,WAS,Jay Gruden,LA,Jeff Fisher,24.0,10.0,True,1,0
2015_02_STL_WAS,2015,2,REG,LA,Jeff Fisher,WAS,Jay Gruden,10.0,24.0,False,0,0
2015_02_TB_NO,2015,2,REG,NO,Sean Payton,TB,Lovie Smith,19.0,26.0,True,0,0
2015_02_TB_NO,2015,2,REG,TB,Lovie Smith,NO,Sean Payton,26.0,19.0,False,1,0
2015_02_TEN_CLE,2015,2,REG,CLE,Mike Pettine,TEN,Ken Whisenhunt,28.0,14.0,True,1,0
2015_02_TEN_CLE,2015,2,REG,TEN,Ken Whisenhunt,CLE,Mike Pettine,14.0,28.0,False,0,0
2015_03_ATL_DAL,2015,3,REG,DAL,Jason Garrett,ATL,Dan Quinn,28.0,39.0,True,0,0
2015_03_ATL_DAL,2015,3,REG,ATL,Dan Quinn,DAL,Jason Garrett,39.0,28.0,False,1,0
2015_03_BUF_MIA,2015,3,REG,MIA,Joe Philbin,BUF,Rex Ryan,14.0,41.0,True,0,0
2015_03_BUF_MIA,2015,3,REG,BUF,Rex Ryan,MIA,Joe Philbin,41.0,14.0,False,1,0
2015_03_CHI_SEA,2015,3,REG,SEA,Pete Carroll,CHI,John Fox,26.0,0.0,True,1,0
2015_03_CHI_SEA,2015,3,REG,CHI,John Fox,SEA,Pete Carroll,0.0,26.0,False,0,0
2015_03_CIN_BAL,2015,3,REG,BAL,John Harbaugh,CIN,Marvin Lewis,24.0,28.0,True,0,0
2015_03_CIN_BAL,2015,3,REG,CIN,Marvin Lewis,BAL,John Harbaugh,28.0,24.0,False,1,0
2015_03_DEN_DET,2015,3,REG,DET,Jim Caldwell,DEN,Gary Kubiak,12.0,24.0,True,0,0
2015_03_DEN_DET,2015,3,REG,DEN,Gary Kubiak,DET,Jim Caldwell,24.0,12.0,False,1,0
2015_03_IND_TEN,2015,3,REG,TEN,Ken Whisenhunt,IND,Chuck Pagano,33.0,35.0,True,0,0
2015_03_IND_TEN,2015,3,REG,IND,Chuck Pagano,TEN,Ken Whisenhunt,35.0,33.0,False,1,0
2015_03_JAX_NE,2015,3,REG,NE,Bill Belichick,JAX,Gus Bradley,51.0,17.0,True,1,0
2015_03_JAX_NE,2015,3,REG,JAX,Gus Bradley,NE,Bill Belichick,17.0,51.0,False,0,0
2015_03_KC_GB,2015,3,REG,GB,Mike McCarthy,KC,Andy Reid,38.0,28.0,True,1,0
2015_03_KC_GB,2015,3,REG,KC,Andy Reid,GB,Mike McCarthy,28.0,38.0,False,0,0
2015_03_NO_CAR,2015,3,REG,CAR,Ron Rivera,NO,Sean Payton,27.0,22.0,True,1,0
2015_03_NO_CAR,2015,3,REG,NO,Sean Payton,CAR,Ron Rivera,22.0,27.0,False,0,0
2015_03_OAK_CLE,2015,3,REG,CLE,Mike Pettine,LV,Jack Del Rio,20.0,27.0,True,0,0
2015_03_OAK_CLE,2015,3,REG,LV,Jack Del Rio,CLE,Mike Pettine,27.0,20.0,False,1,0
2015_03_PHI_NYJ,2015,3,REG,NYJ,Todd Bowles,PHI,Chip Kelly,17.0,24.0,True,0,0
2015_03_PHI_NYJ,2015,3,REG,PHI,Chip Kelly,NYJ,Todd Bowles,24.0,17.0,False,1,0
2015_03_PIT_STL,2015,3,REG,LA,Jeff Fisher,PIT,Mike Tomlin,6.0,12.0,True,0,0
2015_03_PIT_STL,2015,3,REG,PIT,Mike Tomlin,LA,Jeff Fisher,12.0,6.0,False,1,0
2015_03_SD_MIN,2015,3,REG,MIN,Mike Zimmer,LAC,Mike McCoy,31.0,14.0,True,1,0
2015_03_SD_MIN,2015,3,REG,LAC,Mike McCoy,MIN,Mike Zimmer,14.0,31.0,False,0,0
2015_03_SF_ARI,2015,3,REG,ARI,Bruce Arians,SF,Jim Tomsula,47.0,7.0,True,1,0
2015_03_SF_ARI,2015,3,REG,SF,Jim Tomsula,ARI,Bruce Arians,7.0,47.0,False,0,0
2015_03_TB_HOU,2015,3,REG,HOU,Bill O'Brien,TB,Lovie Smith,19.0,9.0,True,1,0
2015_03_TB_HOU,2015,3,REG,TB,Lovie Smith,HOU,Bill O'Brien,9.0,19.0,False,0,0
2015_03_WAS_NYG,2015,3,REG,NYG,Tom Coughlin,WAS,Jay Gruden,32.0,21.0,True,1,0
2015_03_WAS_NYG,2015,3,REG,WAS,Jay Gruden,NYG,Tom Coughlin,21.0,32.0,False,0,0
2015_04_BAL_PIT,2015,4,REG,PIT,Mike Tomlin,BAL,John Harbaugh,20.0,23.0,True,0,0
2015_04_BAL_PIT,2015,4,REG,BAL,John Harbaugh,PIT,Mike Tomlin,23.0,20.0,False,1,0
2015_04_CAR_TB,2015,4,REG,TB,Lovie Smith,CAR,Ron Rivera,23.0,37.0,True,0,0
2015_04_CAR_TB,2015,4,REG,CAR,Ron Rivera,TB,Lovie Smith,37.0,23.0,False,1,0
2015_04_CLE_SD,2015,4,REG,LAC,Mike McCoy,CLE,Mike Pettine,30.0,27.0,True,1,0
2015_04_CLE_SD,2015,4,REG,CLE,Mike Pettine,LAC,Mike McCoy,27.0,30.0,False,0,0
2015_04_DAL_NO,2015,4,REG,NO,Sean Payton,DAL,Jason Garrett,26.0,20.0,True,1,0
2015_04_DAL_NO,2015,4,REG,DAL,Jason Garrett,NO,Sean Payton,20.0,26.0,False,0,0
2015_04_DET_SEA,2015,4,REG,SEA,Pete Carroll,DET,Jim Caldwell,13.0,10.0,True,1,0
2015_04_DET_SEA,2015,4,REG,DET,Jim Caldwell,SEA,Pete Carroll,10.0,13.0,False,0,0
2015_04_GB_SF,2015,4,REG,SF,Jim Tomsula,GB,Mike McCarthy,3.0,17.0,True,0,0
2015_04_GB_SF,2015,4,REG,GB,Mike McCarthy,SF,Jim Tomsula,17.0,3.0,False,1,0
2015_04_HOU_ATL,2015,4,REG,ATL,Dan Quinn,HOU,Bill O'Brien,48.0,21.0,True,1,0
2015_04_HOU_ATL,2015,4,REG,HOU,Bill O'Brien,ATL,Dan Quinn,21.0,48.0,False,0,0
2015_04_JAX_IND,2015,4,REG,IND,Chuck Pagano,JAX,Gus Bradley,16.0,13.0,True,1,0
2015_04_JAX_IND,2015,4,REG,JAX,Gus Bradley,IND,Chuck Pagano,13.0,16.0,False,0,0
2015_04_KC_CIN,2015,4,REG,CIN,Marvin Lewis,KC,Andy Reid,36.0,21.0,True,1,0
2015_04_KC_CIN,2015,4,REG,KC,Andy Reid,CIN,Marvin Lewis,21.0,36.0,False,0,0
2015_04_MIN_DEN,2015,4,REG,DEN,Gary Kubiak,MIN,Mike Zimmer,23.0,20.0,True,1,0
2015_04_MIN_DEN,2015,4,REG,MIN,Mike Zimmer,DEN,Gary Kubiak,20.0,23.0,False,0,0
2015_04_NYG_BUF,2015,4,REG,BUF,Rex Ryan,NYG,Tom Coughlin,10.0,24.0,True,0,0
2015_04_NYG_BUF,2015,4,REG,NYG,Tom Coughlin,BUF,Rex Ryan,24.0,10.0,False,1,0
2015_04_NYJ_MIA,2015,4,REG,MIA,Joe Philbin,NYJ,Todd Bowles,14.0,27.0,True,0,0
2015_04_NYJ_MIA,2015,4,REG,NYJ,Todd Bowles,MIA,Joe Philbin,27.0,14.0,False,1,0
2015_04_OAK_CHI,2015,4,REG,CHI,John Fox,LV,Jack Del Rio,22.0,20.0,True,1,0
2015_04_OAK_CHI,2015,4,REG,LV,Jack Del Rio,CHI,John Fox,20.0,22.0,False,0,0
2015_04_PHI_WAS,2015,4,REG,WAS,Jay Gruden,PHI,Chip Kelly,23.0,20.0,True,1,0
2015_04_PHI_WAS,2015,4,REG,PHI,Chip Kelly,WAS,Jay Gruden,20.0,23.0,False,0,0
2015_04_STL_ARI,2015,4,REG,ARI,Bruce Arians,LA,Jeff Fisher,22.0,24.0,True,0,0
2015_04_STL_ARI,2015,4,REG,LA,Jeff Fisher,ARI,Bruce Arians,24.0,22.0,False,1,0
2015_05_ARI_DET,2015,5,REG,DET,Jim Caldwell,ARI,Bruce Arians,17.0,42.0,True,0,0
2015_05_ARI_DET,2015,5,REG,ARI,Bruce Arians,DET,Jim Caldwell,42.0,17.0,False,1,0
2015_05_BUF_TEN,2015,5,REG,TEN,Ken Whisenhunt,BUF,Rex Ryan,13.0,14.0,True,0,0
2015_05_BUF_TEN,2015,5,REG,BUF,Rex Ryan,TEN,Ken Whisenhunt,14.0,13.0,False,1,0
2015_05_CHI_KC,2015,5,REG,KC,Andy Reid,CHI,John Fox,17.0,18.0,True,0,0
2015_05_CHI_KC,2015,5,REG,CHI,John Fox,KC,Andy Reid,18.0,17.0,False,1,0
2015_05_CLE_BAL,2015,5,REG,BAL,John Harbaugh,CLE,Mike Pettine,30.0,33.0,True,0,0
2015_05_CLE_BAL,2015,5,REG,CLE,Mike Pettine,BAL,John Harbaugh,33.0,30.0,False,1,0
2015_05_DEN_OAK,2015,5,REG,LV,Jack Del Rio,DEN,Gary Kubiak,10.0,16.0,True,0,0
2015_05_DEN_OAK,2015,5,REG,DEN,Gary Kubiak,LV,Jack Del Rio,16.0,10.0,False,1,0
2015_05_IND_HOU,2015,5,REG,HOU,Bill O'Brien,IND,Chuck Pagano,20.0,27.0,True,0,0
2015_05_IND_HOU,2015,5,REG,IND,Chuck Pagano,HOU,Bill O'Brien,27.0,20.0,False,1,0
2015_05_JAX_TB,2015,5,REG,TB,Lovie Smith,JAX,Gus Bradley,38.0,31.0,True,1,0
2015_05_JAX_TB,2015,5,REG,JAX,Gus Bradley,TB,Lovie Smith,31.0,38.0,False,0,0
2015_05_NE_DAL,2015,5,REG,DAL,Jason Garrett,NE,Bill Belichick,6.0,30.0,True,0,0
2015_05_NE_DAL,2015,5,REG,NE,Bill Belichick,DAL,Jason Garrett,30.0,6.0,False,1,0
2015_05_NO_PHI,2015,5,REG,PHI,Chip Kelly,NO,Sean Payton,39.0,17.0,True,1,0
2015_05_NO_PHI,2015,5,REG,NO,Sean Payton,PHI,Chip Kelly,17.0,39.0,False,0,0
2015_05_PIT_SD,2015,5,REG,LAC,Mike McCoy,PIT,Mike Tomlin,20.0,24.0,True,0,0
2015_05_PIT_SD,2015,5,REG,PIT,Mike Tomlin,LAC,Mike McCoy,24.0,20.0,False,1,0
2015_05_SEA_CIN,2015,5,REG,CIN,Marvin Lewis,SEA,Pete Carroll,27.0,24.0,True,1,0
2015_05_SEA_CIN,2015,5,REG,SEA,Pete Carroll,CIN,Marvin Lewis,24.0,27.0,False,0,0
2015_05_SF_NYG,2015,5,REG,NYG,Tom Coughlin,SF,Jim Tomsula,30.0,27.0,True,1,0
2015_05_SF_NYG,2015,5,REG,SF,Jim Tomsula,NYG,Tom Coughlin,27.0,30.0,False,0,0
2015_05_STL_GB,2015,5,REG,GB,Mike McCarthy,LA,Jeff Fisher,24.0,10.0,True,1,0
2015_05_STL_GB,2015,5,REG,LA,Jeff Fisher,GB,Mike McCarthy,10.0,24.0,False,0,0
2015_05_WAS_ATL,2015,5,REG,ATL,Dan Quinn,WAS,Jay Gruden,25.0,19.0,True,1,0
2015_05_WAS_ATL,2015,5,REG,WAS,Jay Gruden,ATL,Dan Quinn,19.0,25.0,False,0,0
2015_06_ARI_PIT,2015,6,REG,PIT,Mike Tomlin,ARI,Bruce Arians,25.0,13.0,True,1,0
2015_06_ARI_PIT,2015,6,REG,ARI,Bruce Arians,PIT,Mike Tomlin,13.0,25.0,False,0,0
2015_06_ATL_NO,2015,6,REG,NO,Sean Payton,ATL,Dan Quinn,31.0,21.0,True,1,0
2015_06_ATL_NO,2015,6,REG,ATL,Dan Quinn,NO,Sean Payton,21.0,31.0,False,0,0
2015_06_BAL_SF,2015,6,REG,SF,Jim Tomsula,BAL,John Harbaugh,25.0,20.0,True,1,0
2015_06_BAL_SF,2015,6,REG,BAL,John Harbaugh,SF,Jim Tomsula,20.0,25.0,False,0,0
2015_06_CAR_SEA,2015,6,REG,SEA,Pete Carroll,CAR,Ron Rivera,23.0,27.0,True,0,0
2015_06_CAR_SEA,2015,6,REG,CAR,Ron Rivera,SEA,Pete Carroll,27.0,23.0,False,1,0
2015_06_CHI_DET,2015,6,REG,DET,Jim Caldwell,CHI,John Fox,37.0,34.0,True,1,0
2015_06_CHI_DET,2015,6,REG,CHI,John Fox,DET,Jim Caldwell,34.0,37.0,False,0,0
2015_06_CIN_BUF,2015,6,REG,BUF,Rex Ryan,CIN,Marvin Lewis,21.0,34.0,True,0,0
2015_06_CIN_BUF,2015,6,REG,CIN,Marvin Lewis,BUF,Rex Ryan,34.0,21.0,False,1,0
2015_06_DEN_CLE,2015,6,REG,CLE,Mike Pettine,DEN,Gary Kubiak,23.0,26.0,True,0,0
2015_06_DEN_CLE,2015,6,REG,DEN,Gary Kubiak,CLE,Mike Pettine,26.0,23.0,False,1,0
2015_06_HOU_JAX,2015,6,REG,JAX,Gus Bradley,HOU,Bill O'Brien,20.0,31.0,True,0,0
2015_06_HOU_JAX,2015,6,REG,HOU,Bill O'Brien,JAX,Gus Bradley,31.0,20.0,False,1,0
2015_06_KC_MIN,2015,6,REG,MIN,Mike Zimmer,KC,Andy Reid,16.0,10.0,True,1,0
2015_06_KC_MIN,2015,6,REG,KC,Andy Reid,MIN,Mike Zimmer,10.0,16.0,False,0,0
2015_06_MIA_TEN,2015,6,REG,TEN,Ken Whisenhunt,MIA,Joe Philbin,10.0,38.0,True,0,0
2015_06_MIA_TEN,2015,6,REG,MIA,Joe Philbin,TEN,Ken Whisenhunt,38.0,10.0,False,1,0
2015_06_NE_IND,2015,6,REG,IND,Chuck Pagano,NE,Bill Belichick,27.0,34.0,True,0,0
2015_06_NE_IND,2015,6,REG,NE,Bill Belichick,IND,Chuck Pagano,34.0,27.0,False,1,0
2015_06_NYG_PHI,2015,6,REG,PHI,Chip Kelly,NYG,Tom Coughlin,27.0,7.0,True,1,0
2015_06_NYG_PHI,2015,6,REG,NYG,Tom Coughlin,PHI,Chip Kelly,7.0,27.0,False,0,0
2015_06_SD_GB,2015,6,REG,GB,Mike McCarthy,LAC,Mike McCoy,27.0,20.0,True,1,0
2015_06_SD_GB,2015,6,REG,LAC,Mike McCoy,GB,Mike McCarthy,20.0,27.0,False,0,0
2015_06_WAS_NYJ,2015,6,REG,NYJ,Todd Bowles,WAS,Jay Gruden,34.0,20.0,True,1,0
2015_06_WAS_NYJ,2015,6,REG,WAS,Jay Gruden,NYJ,Todd Bowles,20.0,34.0,False,0,0
2015_07_ATL_TEN,2015,7,REG,TEN,Ken Whisenhunt,ATL,Dan Quinn,7.0,10.0,True,0,0
2015_07_ATL_TEN,2015,7,REG,ATL,Dan Quinn,TEN,Ken Whisenhunt,10.0,7.0,False,1,0
2015_07_BAL_ARI,2015,7,REG,ARI,Bruce Arians,BAL,John Harbaugh,26.0,18.0,True,1,0
2015_07_BAL_ARI,2015,7,REG,BAL,John Harbaugh,ARI,Bruce Arians,18.0,26.0,False,0,0
2015_07_BUF_JAX,2015,7,REG,JAX,Gus Bradley,BUF,Rex Ryan,34.0,31.0,True,1,0
2015_07_BUF_JAX,2015,7,REG,BUF,Rex Ryan,JAX,Gus Bradley,31.0,34.0,False,0,0
2015_07_CLE_STL,2015,7,REG,LA,Jeff Fisher,CLE,Mike Pettine,24.0,6.0,True,1,0
2015_07_CLE_STL,2015,7,REG,CLE,Mike Pettine,LA,Jeff Fisher,6.0,24.0,False,0,0
2015_07_DAL_NYG,2015,7,REG,NYG,Tom Coughlin,DAL,Jason Garrett,27.0,20.0,True,1,0
2015_07_DAL_NYG,2015,7,REG,DAL,Jason Garrett,NYG,Tom Coughlin,20.0,27.0,False,0,0
2015_07_HOU_MIA,2015,7,REG,MIA,Joe Philbin,HOU,Bill O'Brien,44.0,26.0,True,1,0
2015_07_HOU_MIA,2015,7,REG,HOU,Bill O'Brien,MIA,Joe Philbin,26.0,44.0,False,0,0
2015_07_MIN_DET,2015,7,REG,DET,Jim Caldwell,MIN,Mike Zimmer,19.0,28.0,True,0,0
2015_07_MIN_DET,2015,7,REG,MIN,Mike Zimmer,DET,Jim Caldwell,28.0,19.0,False,1,0
2015_07_NO_IND,2015,7,REG,IND,Chuck Pagano,NO,Sean Payton,21.0,27.0,True,0,0
2015_07_NO_IND,2015,7,REG,NO,Sean Payton,IND,Chuck Pagano,27.0,21.0,False,1,0
2015_07_NYJ_NE,2015,7,REG,NE,Bill Belichick,NYJ,Todd Bowles,30.0,23.0,True,1,0
2015_07_NYJ_NE,2015,7,REG,NYJ,Todd Bowles,NE,Bill Belichick,23.0,30.0,False,0,0
2015_07_OAK_SD,2015,7,REG,LAC,Mike McCoy,LV,Jack Del Rio,29.0,37.0,True,0,0
2015_07_OAK_SD,2015,7,REG,LV,Jack Del Rio,LAC,Mike McCoy,37.0,29.0,False,1,0
2015_07_PHI_CAR,2015,7,REG,CAR,Ron Rivera,PHI,Chip Kelly,27.0,16.0,True,1,0
2015_07_PHI_CAR,2015,7,REG,PHI,Chip Kelly,CAR,Ron Rivera,16.0,27.0,False,0,0
2015_07_PIT_KC,2015,7,REG,KC,Andy Reid,PIT,Mike Tomlin,23.0,13.0,True,1,0
2015_07_PIT_KC,2015,7,REG,PIT,Mike Tomlin,KC,Andy Reid,13.0,23.0,False,0,0
2015_07_SEA_SF,2015,7,REG,SF,Jim Tomsula,SEA,Pete Carroll,3.0,20.0,True,0,0
2015_07_SEA_SF,2015,7,REG,SEA,Pete Carroll,SF,Jim Tomsula,20.0,3.0,False,1,0
2015_07_TB_WAS,2015,7,REG,WAS,Jay Gruden,TB,Lovie Smith,31.0,30.0,True,1,0
2015_07_TB_WAS,2015,7,REG,TB,Lovie Smith,WAS,Jay Gruden,30.0,31.0,False,0,0
2015_08_ARI_CLE,2015,8,REG,CLE,Mike Pettine,ARI,Bruce Arians,20.0,34.0,True,0,0
2015_08_ARI_CLE,2015,8,REG,ARI,Bruce Arians,CLE,Mike Pettine,34.0,20.0,False,1,0
2015_08_CIN_PIT,2015,8,REG,PIT,Mike Tomlin,CIN,Marvin Lewis,10.0,16.0,True,0,0
2015_08_CIN_PIT,2015,8,REG,CIN,Marvin Lewis,PIT,Mike Tomlin,16.0,10.0,False,1,0
2015_08_DET_KC,2015,8,REG,KC,Andy Reid,DET,Jim Caldwell,45.0,10.0,True,1,0
2015_08_DET_KC,2015,8,REG,DET,Jim Caldwell,KC,Andy Reid,10.0,45.0,False,0,0
2015_08_GB_DEN,2015,8,REG,DEN,Gary Kubiak,GB,Mike McCarthy,29.0,10.0,True,1,0
2015_08_GB_DEN,2015,8,REG,GB,Mike McCarthy,DEN,Gary Kubiak,10.0,29.0,False,0,0
2015_08_IND_CAR,2015,8,REG,CAR,Ron Rivera,IND,Chuck Pagano,29.0,26.0,True,1,0
2015_08_IND_CAR,2015,8,REG,IND,Chuck Pagano,CAR,Ron Rivera,26.0,29.0,False,0,0
2015_08_MIA_NE,2015,8,REG,NE,Bill Belichick,MIA,Joe Philbin,36.0,7.0,True,1,0
2015_08_MIA_NE,2015,8,REG,MIA,Joe Philbin,NE,Bill Belichick,7.0,36.0,False,0,0
2015_08_MIN_CHI,2015,8,REG,CHI,John Fox,MIN,Mike Zimmer,20.0,23.0,True,0,0
2015_08_MIN_CHI,2015,8,REG,MIN,Mike Zimmer,CHI,John Fox,23.0,20.0,False,1,0
2015_08_NYG_NO,2015,8,REG,NO,Sean Payton,NYG,Tom Coughlin,52.0,49.0,True,1,0
2015_08_NYG_NO,2015,8,REG,NYG,Tom Coughlin,NO,Sean Payton,49.0,52.0,False,0,0
2015_08_NYJ_OAK,2015,8,REG,LV,Jack Del Rio,NYJ,Todd Bowles,34.0,20.0,True,1,0
2015_08_NYJ_OAK,2015,8,REG,NYJ,Todd Bowles,LV,Jack Del Rio,20.0,34.0,False,0,0
2015_08_SD_BAL,2015,8,REG,BAL,John Harbaugh,LAC,Mike McCoy,29.0,26.0,True,1,0
2015_08_SD_BAL,2015,8,REG,LAC,Mike McCoy,BAL,John Harbaugh,26.0,29.0,False,0,0
2015_08_SEA_DAL,2015,8,REG,DAL,Jason Garrett,SEA,Pete Carroll,12.0,13.0,True,0,0
2015_08_SEA_DAL,2015,8,REG,SEA,Pete Carroll,DAL,Jason Garrett,13.0,12.0,False,1,0
2015_08_SF_STL,2015,8,REG,LA,Jeff Fisher,SF,Jim Tomsula,27.0,6.0,True,1,0
2015_08_SF_STL,2015,8,REG,SF,Jim Tomsula,LA,Jeff Fisher,6.0,27.0,False,0,0
2015_08_TB_ATL,2015,8,REG,ATL,Dan Quinn,TB,Lovie Smith,20.0,23.0,True,0,0
2015_08_TB_ATL,2015,8,REG,TB,Lovie Smith,ATL,Dan Quinn,23.0,20.0,False,1,0
2015_08_TEN_HOU,2015,8,REG,HOU,Bill O'Brien,TEN,Ken Whisenhunt,20.0,6.0,True,1,0
2015_08_TEN_HOU,2015,8,REG,TEN,Ken Whisenhunt,HOU,Bill O'Brien,6.0,20.0,False,0,0
2015_09_ATL_SF,2015,9,REG,SF,Jim Tomsula,ATL,Dan Quinn,17.0,16.0,True,1,0
2015_09_ATL_SF,2015,9,REG,ATL,Dan Quinn,SF,Jim Tomsula,16.0,17.0,False,0,0
2015_09_CHI_SD,2015,9,REG,LAC,Mike McCoy,CHI,John Fox,19.0,22.0,True,0,0
2015_09_CHI_SD,2015,9,REG,CHI,John Fox,LAC,Mike McCoy,22.0,19.0,False,1,0
2015_09_CLE_CIN,2015,9,REG,CIN,Marvin Lewis,CLE,Mike Pettine,31.0,10.0,True,1,0
2015_09_CLE_CIN,2015,9,REG,CLE,Mike Pettine,CIN,Marvin Lewis,10.0,31.0,False,0,0
2015_09_DEN_IND,2015,9,REG,IND,Chuck Pagano,DEN,Gary Kubiak,27.0,24.0,True,1,0
2015_09_DEN_IND,2015,9,REG,DEN,Gary Kubiak,IND,Chuck Pagano,24.0,27.0,False,0,0
2015_09_GB_CAR,2015,9,REG,CAR,Ron Rivera,GB,Mike McCarthy,37.0,29.0,True,1,0
2015_09_GB_CAR,2015,9,REG,GB,Mike McCarthy,CAR,Ron Rivera,29.0,37.0,False,0,0
2015_09_JAX_NYJ,2015,9,REG,NYJ,Todd Bowles,JAX,Gus Bradley,28.0,23.0,True,1,0
2015_09_JAX_NYJ,2015,9,REG,JAX,Gus Bradley,NYJ,Todd Bowles,23.0,28.0,False,0,0
2015_09_MIA_BUF,2015,9,REG,BUF,Rex Ryan,MIA,Joe Philbin,33.0,17.0,True,1,0
2015_09_MIA_BUF,2015,9,REG,MIA,Joe Philbin,BUF,Rex Ryan,17.0,33.0,False,0,0
2015_09_NYG_TB,2015,9,REG,TB,Lovie Smith,NYG,Tom Coughlin,18.0,32.0,True,0,0
2015_09_NYG_TB,2015,9,REG,NYG,Tom Coughlin,TB,Lovie Smith,32.0,18.0,False,1,0
2015_09_OAK_PIT,2015,9,REG,PIT,Mike Tomlin,LV,Jack Del Rio,38.0,35.0,True,1,0
2015_09_OAK_PIT,2015,9,REG,LV,Jack Del Rio,PIT,Mike Tomlin,35.0,38.0,False,0,0
2015_09_PHI_DAL,2015,9,REG,DAL,Jason Garrett,PHI,Chip Kelly,27.0,33.0,True,0,0
2015_09_PHI_DAL,2015,9,REG,PHI,Chip Kelly,DAL,Jason Garrett,33.0,27.0,False,1,0
2015_09_STL_MIN,2015,9,REG,MIN,Mike Zimmer,LA,Jeff Fisher,21.0,18.0,True,1,0
2015_09_STL_MIN,2015,9,REG,LA,Jeff Fisher,MIN,Mike Zimmer,18.0,21.0,False,0,0
2015_09_TEN_NO,2015,9,REG,NO,Sean Payton,TEN,Ken Whisenhunt,28.0,34.0,True,0,0
2015_09_TEN_NO,2015,9,REG,TEN,Ken Whisenhunt,NO,Sean Payton,34.0,28.0,False,1,0
2015_09_WAS_NE,2015,9,REG,NE,Bill Belichick,WAS,Jay Gruden,27.0,10.0,True,1,0
2015_09_WAS_NE,2015,9,REG,WAS,Jay Gruden,NE,Bill Belichick,10.0,27.0,False,0,0
2015_10_ARI_SEA,2015,10,REG,SEA,Pete Carroll,ARI,Bruce Arians,32.0,39.0,True,0,0
2015_10_ARI_SEA,2015,10,REG,ARI,Bruce Arians,SEA,Pete Carroll,39.0,32.0,False,1,0
2015_10_BUF_NYJ,2015,10,REG,NYJ,Todd Bowles,BUF,Rex Ryan,17.0,22.0,True,0,0
2015_10_BUF_NYJ,2015,10,REG,BUF,Rex Ryan,NYJ,Todd Bowles,22.0,17.0,False,1,0
2015_10_CAR_TEN,2015,10,REG,TEN,Ken Whisenhunt,CAR,Ron Rivera,10.0,27.0,True,0,0
2015_10_CAR_TEN,2015,10,REG,CAR,Ron Rivera,TEN,Ken Whisenhunt,27.0,10.0,False,1,0
2015_10_CHI_STL,2015,10,REG,LA,Jeff Fisher,CHI,John Fox,13.0,37.0,True,0,0
2015_10_CHI_STL,2015,10,REG,CHI,John Fox,LA,Jeff Fisher,37.0,13.0,False,1,0
2015_10_CLE_PIT,2015,10,REG,PIT,Mike Tomlin,CLE,Mike Pettine,30.0,9.0,True,1,0
2015_10_CLE_PIT,2015,10,REG,CLE,Mike Pettine,PIT,Mike Tomlin,9.0,30.0,False,0,0
2015_10_DAL_TB,2015,10,REG,TB,Lovie Smith,DAL,Jason Garrett,10.0,6.0,True,1,0
2015_10_DAL_TB,2015,10,REG,DAL,Jason Garrett,TB,Lovie Smith,6.0,10.0,False,0,0
2015_10_DET_GB,2015,10,REG,GB,Mike McCarthy,DET,Jim Caldwell,16.0,18.0,True,0,0
2015_10_DET_GB,2015,10,REG,DET,Jim Caldwell,GB,Mike McCarthy,18.0,16.0,False,1,0
2015_10_HOU_CIN,2015,10,REG,CIN,Marvin Lewis,HOU,Bill O'Brien,6.0,10.0,True,0,0
2015_10_HOU_CIN,2015,10,REG,HOU,Bill O'Brien,CIN,Marvin Lewis,10.0,6.0,False,1,0
2015_10_JAX_BAL,2015,10,REG,BAL,John Harbaugh,JAX,Gus Bradley,20.0,22.0,True,0,0
2015_10_JAX_BAL,2015,10,REG,JAX,Gus Bradley,BAL,John Harbaugh,22.0,20.0,False,1,0
2015_10_KC_DEN,2015,10,REG,DEN,Gary Kubiak,KC,Andy Reid,13.0,29.0,True,0,0
2015_10_KC_DEN,2015,10,REG,KC,Andy Reid,DEN,Gary Kubiak,29.0,13.0,False,1,0
2015_10_MIA_PHI,2015,10,REG,PHI,Chip Kelly,MIA,Joe Philbin,19.0,20.0,True,0,0
2015_10_MIA_PHI,2015,10,REG,MIA,Joe Philbin,PHI,Chip Kelly,20.0,19.0,False,1,0
2015_10_MIN_OAK,2015,10,REG,LV,Jack Del Rio,MIN,Mike Zimmer,14.0,30.0,True,0,0
2015_10_MIN_OAK,2015,10,REG,MIN,Mike Zimmer,LV,Jack Del Rio,30.0,14.0,False,1,0
2015_10_NE_NYG,2015,10,REG,NYG,Tom Coughlin,NE,Bill Belichick,26.0,27.0,True,0,0
2015_10_NE_NYG,2015,10,REG,NE,Bill Belichick,NYG,Tom Coughlin,27.0,26.0,False,1,0
2015_10_NO_WAS,2015,10,REG,WAS,Jay Gruden,NO,Sean Payton,47.0,14.0,True,1,0
2015_10_NO_WAS,2015,10,REG,NO,Sean Payton,WAS,Jay Gruden,14.0,47.0,False,0,0
2015_11_BUF_NE,2015,11,REG,NE,Bill Belichick,BUF,Rex Ryan,20.0,13.0,True,1,0
2015_11_BUF_NE,2015,11,REG,BUF,Rex Ryan,NE,Bill Belichick,13.0,20.0,False,0,0
2015_11_CIN_ARI,2015,11,REG,ARI,Bruce Arians,CIN,Marvin Lewis,34.0,31.0,True,1,0
2015_11_CIN_ARI,2015,11,REG,CIN,Marvin Lewis,ARI,Bruce Arians,31.0,34.0,False,0,0
2015_11_DAL_MIA,2015,11,REG,MIA,Joe Philbin,DAL,Jason Garrett,14.0,24.0,True,0,0
2015_11_DAL_MIA,2015,11,REG,DAL,Jason Garrett,MIA,Joe Philbin,24.0,14.0,False,1,0
2015_11_DEN_CHI,2015,11,REG,CHI,John Fox,DEN,Gary Kubiak,15.0,17.0,True,0,0
2015_11_DEN_CHI,2015,11,REG,DEN,Gary Kubiak,CHI,John Fox,17.0,15.0,False,1,0
2015_11_GB_MIN,2015,11,REG,MIN,Mike Zimmer,GB,Mike McCarthy,13.0,30.0,True,0,0
2015_11_GB_MIN,2015,11,REG,GB,Mike McCarthy,MIN,Mike Zimmer,30.0,13.0,False,1,0
2015_11_IND_ATL,2015,11,REG,ATL,Dan Quinn,IND,Chuck Pagano,21.0,24.0,True,0,0
2015_11_IND_ATL,2015,11,REG,IND,Chuck Pagano,ATL,Dan Quinn,24.0,21.0,False,1,0
2015_11_KC_SD,2015,11,REG,LAC,Mike McCoy,KC,Andy Reid,3.0,33.0,True,0,0
2015_11_KC_SD,2015,11,REG,KC,Andy Reid,LAC,Mike McCoy,33.0,3.0,False,1,0
2015_11_NYJ_HOU,2015,11,REG,HOU,Bill O'Brien,NYJ,Todd Bowles,24.0,17.0,True,1,0
2015_11_NYJ_HOU,2015,11,REG,NYJ,Todd Bowles,HOU,Bill O'Brien,17.0,24.0,False,0,0
2015_11_OAK_DET,2015,11,REG,DET,Jim Caldwell,LV,Jack Del Rio,18.0,13.0,True,1,0
2015_11_OAK_DET,2015,11,REG,LV,Jack Del Rio,DET,Jim Caldwell,13.0,18.0,False,0,0
2015_11_SF_SEA,2015,11,REG,SEA,Pete Carroll,SF,Jim Tomsula,29.0,13.0,True,1,0
2015_11_SF_SEA,2015,11,REG,SF,Jim Tomsula,SEA,Pete Carroll,13.0,29.0,False,0,0
2015_11_STL_BAL,2015,11,REG,BAL,John Harbaugh,LA,Jeff Fisher,16.0,13.0,True,1,0
2015_11_STL_BAL,2015,11,REG,LA,Jeff Fisher,BAL,John Harbaugh,13.0,16.0,False,0,0
2015_11_TB_PHI,2015,11,REG,PHI,Chip Kelly,TB,Lovie Smith,17.0,45.0,True,0,0
2015_11_TB_PHI,2015,11,REG,TB,Lovie Smith,PHI,Chip Kelly,45.0,17.0,False,1,0
2015_11_TEN_JAX,2015,11,REG,JAX,Gus Bradley,TEN,Ken Whisenhunt,19.0,13.0,True,1,0
2015_11_TEN_JAX,2015,11,REG,TEN,Ken Whisenhunt,JAX,Gus Bradley,13.0,19.0,False,0,0
2015_11_WAS_CAR,2015,11,REG,CAR,Ron Rivera,WAS,Jay Gruden,44.0,16.0,True,1,0
2015_11_WAS_CAR,2015,11,REG,WAS,Jay Gruden,CAR,Ron Rivera,16.0,44.0,False,0,0
2015_12_ARI_SF,2015,12,REG,SF,Jim Tomsula,ARI,Bruce Arians,13.0,19.0,True,0,0
2015_12_ARI_SF,2015,12,REG,ARI,Bruce Arians,SF,Jim Tomsula,19.0,13.0,False,1,0
2015_12_BAL_CLE,2015,12,REG,CLE,Mike Pettine,BAL,John Harbaugh,27.0,33.0,True,0,0
2015_12_BAL_CLE,2015,12,REG,BAL,John Harbaugh,CLE,Mike Pettine,33.0,27.0,False,1,0
2015_12_BUF_KC,2015,12,REG,KC,Andy Reid,BUF,Rex Ryan,30.0,22.0,True,1,0
2015_12_BUF_KC,2015,12,REG,BUF,Rex Ryan,KC,Andy Reid,22.0,30.0,False,0,0
2015_12_CAR_DAL,2015,12,REG,DAL,Jason Garrett,CAR,Ron Rivera,14.0,33.0,True,0,0
2015_12_CAR_DAL,2015,12,REG,CAR,Ron Rivera,DAL,Jason Garrett,33.0,14.0,False,1,0
2015_12_CHI_GB,2015,12,REG,GB,Mike McCarthy,CHI,John Fox,13.0,17.0,True,0,0
2015_12_CHI_GB,2015,12,REG,CHI,John Fox,GB,Mike McCarthy,17.0,13.0,False,1,0
2015_12_MIA_NYJ,2015,12,REG,NYJ,Todd Bowles,MIA,Joe Philbin,38.0,20.0,True,1,0
2015_12_MIA_NYJ,2015,12,REG,MIA,Joe Philbin,NYJ,Todd Bowles,20.0,38.0,False,0,0
2015_12_MIN_ATL,2015,12,REG,ATL,Dan Quinn,MIN,Mike Zimmer,10.0,20.0,True,0,0
2015_12_MIN_ATL,2015,12,REG,MIN,Mike Zimmer,ATL,Dan Quinn,20.0,10.0,False,1,0
2015_12_NE_DEN,2015,12,REG,DEN,Gary Kubiak,NE,Bill Belichick,30.0,24.0,True,1,0
2015_12_NE_DEN,2015,12,REG,NE,Bill Belichick,DEN,Gary Kubiak,24.0,30.0,False,0,0
2015_12_NO_HOU,2015,12,REG,HOU,Bill O'Brien,NO,Sean Payton,24.0,6.0,True,1,0
2015_12_NO_HOU,2015,12,REG,NO,Sean Payton,HOU,Bill O'Brien,6.0,24.0,False,0,0
2015_12_NYG_WAS,2015,12,REG,WAS,Jay Gruden,NYG,Tom Coughlin,20.0,14.0,True,1,0
2015_12_NYG_WAS,2015,12,REG,NYG,Tom Coughlin,WAS,Jay Gruden,14.0,20.0,False,0,0
2015_12_OAK_TEN,2015,12,REG,TEN,Ken Whisenhunt,LV,Jack Del Rio,21.0,24.0,True,0,0
2015_12_OAK_TEN,2015,12,REG,LV,Jack Del Rio,TEN,Ken Whisenhunt,24.0,21.0,False,1,0
2015_12_PHI_DET,2015,12,REG,DET,Jim Caldwell,PHI,Chip Kelly,45.0,14.0,True,1,0
2015_12_PHI_DET,2015,12,REG,PHI,Chip Kelly,DET,Jim Caldwell,14.0,45.0,False,0,0
2015_12_PIT_SEA,2015,12,REG,SEA,Pete Carroll,PIT,Mike Tomlin,39.0,30.0,True,1,0
2015_12_PIT_SEA,2015,12,REG,PIT,Mike Tomlin,SEA,Pete Carroll,30.0,39.0,False,0,0
2015_12_SD_JAX,2015,12,REG,JAX,Gus Bradley,LAC,Mike McCoy,25.0,31.0,True,0,0
2015_12_SD_JAX,2015,12,REG,LAC,Mike McCoy,JAX,Gus Bradley,31.0,25.0,False,1,0
2015_12_STL_CIN,2015,12,REG,CIN,Marvin Lewis,LA,Jeff Fisher,31.0,7.0,True,1,0
2015_12_STL_CIN,2015,12,REG,LA,Jeff Fisher,CIN,Marvin Lewis,7.0,31.0,False,0,0
2015_12_TB_IND,2015,12,REG,IND,Chuck Pagano,TB,Lovie Smith,25.0,12.0,True,1,0
2015_12_TB_IND,2015,12,REG,TB,Lovie Smith,IND,Chuck Pagano,12.0,25.0,False,0,0
2015_13_ARI_STL,2015,13,REG,LA,Jeff Fisher,ARI,Bruce Arians,3.0,27.0,True,0,0
2015_13_ARI_STL,2015,13,REG,ARI,Bruce Arians,LA,Jeff Fisher,27.0,3.0,False,1,0
2015_13_ATL_TB,2015,13,REG,TB,Lovie Smith,ATL,Dan Quinn,23.0,19.0,True,1,0
2015_13_ATL_TB,2015,13,REG,ATL,Dan Quinn,TB,Lovie Smith,19.0,23.0,False,0,0
2015_13_BAL_MIA,2015,13,REG,MIA,Joe Philbin,BAL,John Harbaugh,15.0,13.0,True,1,0
2015_13_BAL_MIA,2015,13,REG,BAL,John Harbaugh,MIA,Joe Philbin,13.0,15.0,False,0,0
2015_13_CAR_NO,2015,13,REG,NO,Sean Payton,CAR,Ron Rivera,38.0,41.0,True,0,0
2015_13_CAR_NO,2015,13,REG,CAR,Ron Rivera,NO,Sean Payton,41.0,38.0,False,1,0
2015_13_CIN_CLE,2015,13,REG,CLE,Mike Pettine,CIN,Marvin Lewis,3.0,37.0,True,0,0
2015_13_CIN_CLE,2015,13,REG,CIN,Marvin Lewis,CLE,Mike Pettine,37.0,3.0,False,1,0
2015_13_DAL_WAS,2015,13,REG,WAS,Jay Gruden,DAL,Jason Garrett,16.0,19.0,True,0,0
2015_13_DAL_WAS,2015,13,REG,DAL,Jason Garrett,WAS,Jay Gruden,19.0,16.0,False,1,0
2015_13_DEN_SD,2015,13,REG,LAC,Mike McCoy,DEN,Gary Kubiak,3.0,17.0,True,0,0
2015_13_DEN_SD,2015,13,REG,DEN,Gary Kubiak,LAC,Mike McCoy,17.0,3.0,False,1,0
2015_13_GB_DET,2015,13,REG,DET,Jim Caldwell,GB,Mike McCarthy,23.0,27.0,True,0,0
2015_13_GB_DET,2015,13,REG,GB,Mike McCarthy,DET,Jim Caldwell,27.0,23.0,False,1,0
2015_13_HOU_BUF,2015,13,REG,BUF,Rex Ryan,HOU,Bill O'Brien,30.0,21.0,True,1,0
2015_13_HOU_BUF,2015,13,REG,HOU,Bill O'Brien,BUF,Rex Ryan,21.0,30.0,False,0,0
2015_13_IND_PIT,2015,13,REG,PIT,Mike Tomlin,IND,Chuck Pagano,45.0,10.0,True,1,0
2015_13_IND_PIT,2015,13,REG,IND,Chuck Pagano,PIT,Mike Tomlin,10.0,45.0,False,0,0
2015_13_JAX_TEN,2015,13,REG,TEN,Ken Whisenhunt,JAX,Gus Bradley,42.0,39.0,True,1,0
2015_13_JAX_TEN,2015,13,REG,JAX,Gus Bradley,TEN,Ken Whisenhunt,39.0,42.0,False,0,0
2015_13_KC_OAK,2015,13,REG,LV,Jack Del Rio,KC,Andy Reid,20.0,34.0,True,0,0
2015_13_KC_OAK,2015,13,REG,KC,Andy Reid,LV,Jack Del Rio,34.0,20.0,False,1,0
2015_13_NYJ_NYG,2015,13,REG,NYG,Tom Coughlin,NYJ,Todd Bowles,20.0,23.0,True,0,0
2015_13_NYJ_NYG,2015,13,REG,NYJ,Todd Bowles,NYG,Tom Coughlin,23.0,20.0,False,1,0
2015_13_PHI_NE,2015,13,REG,NE,Bill Belichick,PHI,Chip Kelly,28.0,35.0,True,0,0
2015_13_PHI_NE,2015,13,REG,PHI,Chip Kelly,NE,Bill Belichick,35.0,28.0,False,1,0
2015_13_SEA_MIN,2015,13,REG,MIN,Mike Zimmer,SEA,Pete Carroll,7.0,38.0,True,0,0
2015_13_SEA_MIN,2015,13,REG,SEA,Pete Carroll,MIN,Mike Zimmer,38.0,7.0,False,1,0
2015_13_SF_CHI,2015,13,REG,CHI,John Fox,SF,Jim Tomsula,20.0,26.0,True,0,0
2015_13_SF_CHI,2015,13,REG,SF,Jim Tomsula,CHI,John Fox,26.0,20.0,False,1,0
2015_14_ATL_CAR,2015,14,REG,CAR,Ron Rivera,ATL,Dan Quinn,38.0,0.0,True,1,0
2015_14_ATL_CAR,2015,14,REG,ATL,Dan Quinn,CAR,Ron Rivera,0.0,38.0,False,0,0
2015_14_BUF_PHI,2015,14,REG,PHI,Chip Kelly,BUF,Rex Ryan,23.0,20.0,True,1,0
2015_14_BUF_PHI,2015,14,REG,BUF,Rex Ryan,PHI,Chip Kelly,20.0,23.0,False,0,0
2015_14_DAL_GB,2015,14,REG,GB,Mike McCarthy,DAL,Jason Garrett,28.0,7.0,True,1,0
2015_14_DAL_GB,2015,14,REG,DAL,Jason Garrett,GB,Mike McCarthy,7.0,28.0,False,0,0
2015_14_DET_STL,2015,14,REG,LA,Jeff Fisher,DET,Jim Caldwell,21.0,14.0,True,1,0
2015_14_DET_STL,2015,14,REG,DET,Jim Caldwell,LA,Jeff Fisher,14.0,21.0,False,0,0
2015_14_IND_JAX,2015,14,REG,JAX,Gus Bradley,IND,Chuck Pagano,51.0,16.0,True,1,0
2015_14_IND_JAX,2015,14,REG,IND,Chuck Pagano,JAX,Gus Bradley,16.0,51.0,False,0,0
2015_14_MIN_ARI,2015,14,REG,ARI,Bruce Arians,MIN,Mike Zimmer,23.0,20.0,True,1,0
2015_14_MIN_ARI,2015,14,REG,MIN,Mike Zimmer,ARI,Bruce Arians,20.0,23.0,False,0,0
2015_14_NE_HOU,2015,14,REG,HOU,Bill O'Brien,NE,Bill Belichick,6.0,27.0,True,0,0
2015_14_NE_HOU,2015,14,REG,NE,Bill Belichick,HOU,Bill O'Brien,27.0,6.0,False,1,0
2015_14_NO_TB,2015,14,REG,TB,Lovie Smith,NO,Sean Payton,17.0,24.0,True,0,0
2015_14_NO_TB,2015,14,REG,NO,Sean Payton,TB,Lovie Smith,24.0,17.0,False,1,0
2015_14_NYG_MIA,2015,14,REG,MIA,Joe Philbin,NYG,Tom Coughlin,24.0,31.0,True,0,0
2015_14_NYG_MIA,2015,14,REG,NYG,Tom Coughlin,MIA,Joe Philbin,31.0,24.0,False,1,0
2015_14_OAK_DEN,2015,14,REG,DEN,Gary Kubiak,LV,Jack Del Rio,12.0,15.0,True,0,0
2015_14_OAK_DEN,2015,14,REG,LV,Jack Del Rio,DEN,Gary Kubiak,15.0,12.0,False,1,0
2015_14_PIT_CIN,2015,14,REG,CIN,Marvin Lewis,PIT,Mike Tomlin,20.0,33.0,True,0,0
2015_14_PIT_CIN,2015,14,REG,PIT,Mike Tomlin,CIN,Marvin Lewis,33.0,20.0,False,1,0
2015_14_SD_KC,2015,14,REG,KC,Andy Reid,LAC,Mike McCoy,10.0,3.0,True,1,0
2015_14_SD_KC,2015,14,REG,LAC,Mike McCoy,KC,Andy Reid,3.0,10.0,False,0,0
2015_14_SEA_BAL,2015,14,REG,BAL,John Harbaugh,SEA,Pete Carroll,6.0,35.0,True,0,0
2015_14_SEA_BAL,2015,14,REG,SEA,Pete Carroll,BAL,John Harbaugh,35.0,6.0,False,1,0
2015_14_SF_CLE,2015,14,REG,CLE,Mike Pettine,SF,Jim Tomsula,24.0,10.0,True,1,0
2015_14_SF_CLE,2015,14,REG,SF,Jim Tomsula,CLE,Mike Pettine,10.0,24.0,False,0,0
2015_14_TEN_NYJ,2015,14,REG,NYJ,Todd Bowles,TEN,Ken Whisenhunt,30.0,8.0,True,1,0
2015_14_TEN_NYJ,2015,14,REG,TEN,Ken Whisenhunt,NYJ,Todd Bowles,8.0,30.0,False,0,0
2015_14_WAS_CHI,2015,14,REG,CHI,John Fox,WAS,Jay Gruden,21.0,24.0,True,0,0
2015_14_WAS_CHI,2015,14,REG,WAS,Jay Gruden,CHI,John Fox,24.0,21.0,False,1,0
2015_15_ARI_PHI,2015,15,REG,PHI,Chip Kelly,ARI,Bruce Arians,17.0,40.0,True,0,0
2015_15_ARI_PHI,2015,15,REG,ARI,Bruce Arians,PHI,Chip Kelly,40.0,17.0,False,1,0
2015_15_ATL_JAX,2015,15,REG,JAX,Gus Bradley,ATL,Dan Quinn,17.0,23.0,True,0,0
2015_15_ATL_JAX,2015,15,REG,ATL,Dan Quinn,JAX,Gus Bradley,23.0,17.0,False,1,0
2015_15_BUF_WAS,2015,15,REG,WAS,Jay Gruden,BUF,Rex Ryan,35.0,25.0,True,1,0
2015_15_BUF_WAS,2015,15,REG,BUF,Rex Ryan,WAS,Jay Gruden,25.0,35.0,False,0,0
2015_15_CAR_NYG,2015,15,REG,NYG,Tom Coughlin,CAR,Ron Rivera,35.0,38.0,True,0,0
2015_15_CAR_NYG,2015,15,REG,CAR,Ron Rivera,NYG,Tom Coughlin,38.0,35.0,False,1,0
2015_15_CHI_MIN,2015,15,REG,MIN,Mike Zimmer,CHI,John Fox,38.0,17.0,True,1,0
2015_15_CHI_MIN,2015,15,REG,CHI,John Fox,MIN,Mike Zimmer,17.0,38.0,False,0,0
2015_15_CIN_SF,2015,15,REG,SF,Jim Tomsula,CIN,Marvin Lewis,14.0,24.0,True,0,0
2015_15_CIN_SF,2015,15,REG,CIN,Marvin Lewis,SF,Jim Tomsula,24.0,14.0,False,1,0
2015_15_CLE_SEA,2015,15,REG,SEA,Pete Carroll,CLE,Mike Pettine,30.0,13.0,True,1,0
2015_15_CLE_SEA,2015,15,REG,CLE,Mike Pettine,SEA,Pete Carroll,13.0,30.0,False,0,0
2015_15_DEN_PIT,2015,15,REG,PIT,Mike Tomlin,DEN,Gary Kubiak,34.0,27.0,True,1,0
2015_15_DEN_PIT,2015,15,REG,DEN,Gary Kubiak,PIT,Mike Tomlin,27.0,34.0,False,0,0
2015_15_DET_NO,2015,15,REG,NO,Sean Payton,DET,Jim Caldwell,27.0,35.0,True,0,0
2015_15_DET_NO,2015,15,REG,DET,Jim Caldwell,NO,Sean Payton,35.0,27.0,False,1,0
2015_15_GB_OAK,2015,15,REG,LV,Jack Del Rio,GB,Mike McCarthy,20.0,30.0,True,0,0
2015_15_GB_OAK,2015,15,REG,GB,Mike McCarthy,LV,Jack Del Rio,30.0,20.0,False,1,0
2015_15_HOU_IND,2015,15,REG,IND,Chuck Pagano,HOU,Bill O'Brien,10.0,16.0,True,0,0
2015_15_HOU_IND,2015,15,REG,HOU,Bill O'Brien,IND,Chuck Pagano,16.0,10.0,False,1,0
2015_15_KC_BAL,2015,15,REG,BAL,John Harbaugh,KC,Andy Reid,14.0,34.0,True,0,0
2015_15_KC_BAL,2015,15,REG,KC,Andy Reid,BAL,John Harbaugh,34.0,14.0,False,1,0
2015_15_MIA_SD,2015,15,REG,LAC,Mike McCoy,MIA,Joe Philbin,30.0,14.0,True,1,0
2015_15_MIA_SD,2015,15,REG,MIA,Joe Philbin,LAC,Mike McCoy,14.0,30.0,False,0,0
2015_15_NYJ_DAL,2015,15,REG,DAL,Jason Garrett,NYJ,Todd Bowles,16.0,19.0,True,0,0
2015_15_NYJ_DAL,2015,15,REG,NYJ,Todd Bowles,DAL,Jason Garrett,19.0,16.0,False,1,0
2015_15_TB_STL,2015,15,REG,LA,Jeff Fisher,TB,Lovie Smith,31.0,23.0,True,1,0
2015_15_TB_STL,2015,15,REG,TB,Lovie Smith,LA,Jeff Fisher,23.0,31.0,False,0,0
2015_15_TEN_NE,2015,15,REG,NE,Bill Belichick,TEN,Ken Whisenhunt,33.0,16.0,True,1,0
2015_15_TEN_NE,2015,15,REG,TEN,Ken Whisenhunt,NE,Bill Belichick,16.0,33.0,False,0,0
2015_16_CAR_ATL,2015,16,REG,ATL,Dan Quinn,CAR,Ron Rivera,20.0,13.0,True,1,0
2015_16_CAR_ATL,2015,16,REG,CAR,Ron Rivera,ATL,Dan Quinn,13.0,20.0,False,0,0
2015_16_CHI_TB,2015,16,REG,TB,Lovie Smith,CHI,John Fox,21.0,26.0,True,0,0
2015_16_CHI_TB,2015,16,REG,CHI,John Fox,TB,Lovie Smith,26.0,21.0,False,1,0
2015_16_CIN_DEN,2015,16,REG,DEN,Gary Kubiak,CIN,Marvin Lewis,20.0,17.0,True,1,0
2015_16_CIN_DEN,2015,16,REG,CIN,Marvin Lewis,DEN,Gary Kubiak,17.0,20.0,False,0,0
2015_16_CLE_KC,2015,16,REG,KC,Andy Reid,CLE,Mike Pettine,17.0,13.0,True,1,0
2015_16_CLE_KC,2015,16,REG,CLE,Mike Pettine,KC,Andy Reid,13.0,17.0,False,0,0
2015_16_DAL_BUF,2015,16,REG,BUF,Rex Ryan,DAL,Jason Garrett,16.0,6.0,True,1,0
2015_16_DAL_BUF,2015,16,REG,DAL,Jason Garrett,BUF,Rex Ryan,6.0,16.0,False,0,0
2015_16_GB_ARI,2015,16,REG,ARI,Bruce Arians,GB,Mike McCarthy,38.0,8.0,True,1,0
2015_16_GB_ARI,2015,16,REG,GB,Mike McCarthy,ARI,Bruce Arians,8.0,38.0,False,0,0
2015_16_HOU_TEN,2015,16,REG,TEN,Ken Whisenhunt,HOU,Bill O'Brien,6.0,34.0,True,0,0
2015_16_HOU_TEN,2015,16,REG,HOU,Bill O'Brien,TEN,Ken Whisenhunt,34.0,6.0,False,1,0
2015_16_IND_MIA,2015,16,REG,MIA,Joe Philbin,IND,Chuck Pagano,12.0,18.0,True,0,0
2015_16_IND_MIA,2015,16,REG,IND,Chuck Pagano,MIA,Joe Philbin,18.0,12.0,False,1,0
2015_16_JAX_NO,2015,16,REG,NO,Sean Payton,JAX,Gus Bradley,38.0,27.0,True,1,0
2015_16_JAX_NO,2015,16,REG,JAX,Gus Bradley,NO,Sean Payton,27.0,38.0,False,0,0
2015_16_NE_NYJ,2015,16,REG,NYJ,Todd Bowles,NE,Bill Belichick,26.0,20.0,True,1,0
2015_16_NE_NYJ,2015,16,REG,NE,Bill Belichick,NYJ,Todd Bowles,20.0,26.0,False,0,0
2015_16_NYG_MIN,2015,16,REG,MIN,Mike Zimmer,NYG,Tom Coughlin,49.0,17.0,True,1,0
2015_16_NYG_MIN,2015,16,REG,NYG,Tom Coughlin,MIN,Mike Zimmer,17.0,49.0,False,0,0
2015_16_PIT_BAL,2015,16,REG,BAL,John Harbaugh,PIT,Mike Tomlin,20.0,17.0,True,1,0
2015_16_PIT_BAL,2015,16,REG,PIT,Mike Tomlin,BAL,John Harbaugh,17.0,20.0,False,0,0
2015_16_SD_OAK,2015,16,REG,LV,Jack Del Rio,LAC,Mike McCoy,23.0,20.0,True,1,0
2015_16_SD_OAK,2015,16,REG,LAC,Mike McCoy,LV,Jack Del Rio,20.0,23.0,False,0,0
2015_16_SF_DET,2015,16,REG,DET,Jim Caldwell,SF,Jim Tomsula,32.0,17.0,True,1,0
2015_16_SF_DET,2015,16,REG,SF,Jim Tomsula,DET,Jim Caldwell,17.0,32.0,False,0,0
2015_16_STL_SEA,2015,16,REG,SEA,Pete Carroll,LA,Jeff Fisher,17.0,23.0,True,0,0
2015_16_STL_SEA,2015,16,REG,LA,Jeff Fisher,SEA,Pete Carroll,23.0,17.0,False,1,0
2015_16_WAS_PHI,2015,16,REG,PHI,Chip Kelly,WAS,Jay Gruden,24.0,38.0,True,0,0
2015_16_WAS_PHI,2015,16,REG,WAS,Jay Gruden,PHI,Chip Kelly,38.0,24.0,False,1,0
2015_17_BAL_CIN,2015,17,REG,CIN,Marvin Lewis,BAL,John Harbaugh,24.0,16.0,True,1,0
2015_17_BAL_CIN,2015,17,REG,BAL,John Harbaugh,CIN,Marvin Lewis,16.0,24.0,False,0,0
2015_17_DET_CHI,2015,17,REG,CHI,John Fox,DET,Jim Caldwell,20.0,24.0,True,0,0
2015_17_DET_CHI,2015,17,REG,DET,Jim Caldwell,CHI,John Fox,24.0,20.0,False,1,0
2015_17_JAX_HOU,2015,17,REG,HOU,Bill O'Brien,JAX,Gus Bradley,30.0,6.0,True,1,0
2015_17_JAX_HOU,2015,17,REG,JAX,Gus Bradley,HOU,Bill O'Brien,6.0,30.0,False,0,0
2015_17_MIN_GB,2015,17,REG,GB,Mike McCarthy,MIN,Mike Zimmer,13.0,20.0,True,0,0
2015_17_MIN_GB,2015,17,REG,MIN,Mike Zimmer,GB,Mike McCarthy,20.0,13.0,False,1,0
2015_17_NE_MIA,2015,17,REG,MIA,Joe Philbin,NE,Bill Belichick,20.0,10.0,True,1,0
2015_17_NE_MIA,2015,17,REG,NE,Bill Belichick,MIA,Joe Philbin,10.0,20.0,False,0,0
2015_17_NO_ATL,2015,17,REG,ATL,Dan Quinn,NO,Sean Payton,17.0,20.0,True,0,0
2015_17_NO_ATL,2015,17,REG,NO,Sean Payton,ATL,Dan Quinn,20.0,17.0,False,1,0
2015_17_NYJ_BUF,2015,17,REG,BUF,Rex Ryan,NYJ,Todd Bowles,22.0,17.0,True,1,0
2015_17_NYJ_BUF,2015,17,REG,NYJ,Todd Bowles,BUF,Rex Ryan,17.0,22.0,False,0,0
2015_17_OAK_KC,2015,17,REG,KC,Andy Reid,LV,Jack Del Rio,23.0,17.0,True,1,0
2015_17_OAK_KC,2015,17,REG,LV,Jack Del Rio,KC,Andy Reid,17.0,23.0,False,0,0
2015_17_PHI_NYG,2015,17,REG,NYG,Tom Coughlin,PHI,Pat Shurmur,30.0,35.0,True,0,0
2015_17_PHI_NYG,2015,17,REG,PHI,Pat Shurmur,NYG,Tom Coughlin,35.0,30.0,False,1,0
2015_17_PIT_CLE,2015,17,REG,CLE,Mike Pettine,PIT,Mike Tomlin,12.0,28.0,True,0,0
2015_17_PIT_CLE,2015,17,REG,PIT,Mike Tomlin,CLE,Mike Pettine,28.0,12.0,False,1,0
2015_17_SD_DEN,2015,17,REG,DEN,Gary Kubiak,LAC,Mike McCoy,27.0,20.0,True,1,0
2015_17_SD_DEN,2015,17,REG,LAC,Mike McCoy,DEN,Gary Kubiak,20.0,27.0,False,0,0
2015_17_SEA_ARI,2015,17,REG,ARI,Bruce Arians,SEA,Pete Carroll,6.0,36.0,True,0,0
2015_17_SEA_ARI,2015,17,REG,SEA,Pete Carroll,ARI,Bruce Arians,36.0,6.0,False,1,0
2015_17_STL_SF,2015,17,REG,SF,Jim Tomsula,LA,Jeff Fisher,19.0,16.0,True,1,0
2015_17_STL_SF,2015,17,REG,LA,Jeff Fisher,SF,Jim Tomsula,16.0,19.0,False,0,0
2015_17_TB_CAR,2015,17,REG,CAR,Ron Rivera,TB,Lovie Smith,38.0,10.0,True,1,0
2015_17_TB_CAR,2015,17,REG,TB,Lovie Smith,CAR,Ron Rivera,10.0,38.0,False,0,0
2015_17_TEN_IND,2015,17,REG,IND,Chuck Pagano,TEN,Ken Whisenhunt,30.0,24.0,True,1,0
2015_17_TEN_IND,2015,17,REG,TEN,Ken Whisenhunt,IND,Chuck Pagano,24.0,30.0,False,0,0
2015_17_WAS_DAL,2015,17,REG,DAL,Jason Garrett,WAS,Jay Gruden,23.0,34.0,True,0,0
2015_17_WAS_DAL,2015,17,REG,WAS,Jay Gruden,DAL,Jason Garrett,34.0,23.0,False,1,0
2015_18_GB_WAS,2015,18,POST,WAS,Jay Gruden,GB,Mike McCarthy,18.0,35.0,True,0,0
2015_18_GB_WAS,2015,18,POST,GB,Mike McCarthy,WAS,Jay Gruden,35.0,18.0,False,1,0
2015_18_KC_HOU,2015,18,POST,HOU,Bill O'Brien,KC,Andy Reid,0.0,30.0,True,0,0
2015_18_KC_HOU,2015,18,POST,KC,Andy Reid,HOU,Bill O'Brien,30.0,0.0,False,1,0
2015_18_PIT_CIN,2015,18,POST,CIN,Marvin Lewis,PIT,Mike Tomlin,16.0,18.0,True,0,0
2015_18_PIT_CIN,2015,18,POST,PIT,Mike Tomlin,CIN,Marvin Lewis,18.0,16.0,False,1,0
2015_18_SEA_MIN,2015,18,POST,MIN,Mike Zimmer,SEA,Pete Carroll,9.0,10.0,True,0,0
2015_18_SEA_MIN,2015,18,POST,SEA,Pete Carroll,MIN,Mike Zimmer,10.0,9.0,False,1,0
2015_19_GB_ARI,2015,19,POST,ARI,Bruce Arians,GB,Mike McCarthy,26.0,20.0,True,1,0
2015_19_GB_ARI,2015,19,POST,GB,Mike McCarthy,ARI,Bruce Arians,20.0,26.0,False,0,0
2015_19_KC_NE,2015,19,POST,NE,Bill Belichick,KC,Andy Reid,27.0,20.0,True,1,0
2015_19_KC_NE,2015,19,POST,KC,Andy Reid,NE,Bill Belichick,20.0,27.0,False,0,0
2015_19_PIT_DEN,2015,19,POST,DEN,Gary Kubiak,PIT,Mike Tomlin,23.0,16.0,True,1,0
2015_19_PIT_DEN,2015,19,POST,PIT,Mike Tomlin,DEN,Gary Kubiak,16.0,23.0,False,0,0
2015_19_SEA_CAR,2015,19,POST,CAR,Ron Rivera,SEA,Pete Carroll,31.0,24.0,True,1,0
2015_19_SEA_CAR,2015,19,POST,SEA,Pete Carroll,CAR,Ron Rivera,24.0,31.0,False,0,0
2015_20_ARI_CAR,2015,20,POST,CAR,Ron Rivera,ARI,Bruce Arians,49.0,15.0,True,1,0
2015_20_ARI_CAR,2015,20,POST,ARI,Bruce Arians,CAR,Ron Rivera,15.0,49.0,False,0,0
2015_20_NE_DEN,2015,20,POST,DEN,Gary Kubiak,NE,Bill Belichick,20.0,18.0,True,1,0
2015_20_NE_DEN,2015,20,POST,NE,Bill Belichick,DEN,Gary Kubiak,18.0,20.0,False,0,0
2015_21_CAR_DEN,2015,21,POST,DEN,Gary Kubiak,CAR,Ron Rivera,24.0,10.0,True,1,0
2015_21_CAR_DEN,2015,21,POST,CAR,Ron Rivera,DEN,Gary Kubiak,10.0,24.0,False,0,0
2016_01_BUF_BAL,2016,1,REG,BAL,John Harbaugh,BUF,Rex Ryan,13.0,7.0,True,1,0
2016_01_BUF_BAL,2016,1,REG,BUF,Rex Ryan,BAL,John Harbaugh,7.0,13.0,False,0,0
2016_01_CAR_DEN,2016,1,REG,DEN,Gary Kubiak,CAR,Ron Rivera,21.0,20.0,True,1,0
2016_01_CAR_DEN,2016,1,REG,CAR,Ron Rivera,DEN,Gary Kubiak,20.0,21.0,False,0,0
2016_01_CHI_HOU,2016,1,REG,HOU,Bill O'Brien,CHI,John Fox,23.0,14.0,True,1,0
2016_01_CHI_HOU,2016,1,REG,CHI,John Fox,HOU,Bill O'Brien,14.0,23.0,False,0,0
2016_01_CIN_NYJ,2016,1,REG,NYJ,Todd Bowles,CIN,Marvin Lewis,22.0,23.0,True,0,0
2016_01_CIN_NYJ,2016,1,REG,CIN,Marvin Lewis,NYJ,Todd Bowles,23.0,22.0,False,1,0
2016_01_CLE_PHI,2016,1,REG,PHI,Doug Pederson,CLE,Hue Jackson,29.0,10.0,True,1,0
2016_01_CLE_PHI,2016,1,REG,CLE,Hue Jackson,PHI,Doug Pederson,10.0,29.0,False,0,0
2016_01_DET_IND,2016,1,REG,IND,Chuck Pagano,DET,Jim Caldwell,35.0,39.0,True,0,0
2016_01_DET_IND,2016,1,REG,DET,Jim Caldwell,IND,Chuck Pagano,39.0,35.0,False,1,0
2016_01_GB_JAX,2016,1,REG,JAX,Gus Bradley,GB,Mike McCarthy,23.0,27.0,True,0,0
2016_01_GB_JAX,2016,1,REG,GB,Mike McCarthy,JAX,Gus Bradley,27.0,23.0,False,1,0
2016_01_LA_SF,2016,1,REG,SF,Chip Kelly,LA,Jeff Fisher,28.0,0.0,True,1,0
2016_01_LA_SF,2016,1,REG,LA,Jeff Fisher,SF,Chip Kelly,0.0,28.0,False,0,0
2016_01_MIA_SEA,2016,1,REG,SEA,Pete Carroll,MIA,Adam Gase,12.0,10.0,True,1,0
2016_01_MIA_SEA,2016,1,REG,MIA,Adam Gase,SEA,Pete Carroll,10.0,12.0,False,0,0
2016_01_MIN_TEN,2016,1,REG,TEN,Mike Mularkey,MIN,Mike Zimmer,16.0,25.0,True,0,0
2016_01_MIN_TEN,2016,1,REG,MIN,Mike Zimmer,TEN,Mike Mularkey,25.0,16.0,False,1,0
2016_01_NE_ARI,2016,1,REG,ARI,Bruce Arians,NE,Bill Belichick,21.0,23.0,True,0,0
2016_01_NE_ARI,2016,1,REG,NE,Bill Belichick,ARI,Bruce Arians,23.0,21.0,False,1,0
2016_01_NYG_DAL,2016,1,REG,DAL,Jason Garrett,NYG,Ben McAdoo,19.0,20.0,True,0,0
2016_01_NYG_DAL,2016,1,REG,NYG,Ben McAdoo,DAL,Jason Garrett,20.0,19.0,False,1,0
2016_01_OAK_NO,2016,1,REG,NO,Sean Payton,LV,Jack Del Rio,34.0,35.0,True,0,0
2016_01_OAK_NO,2016,1,REG,LV,Jack Del Rio,NO,Sean Payton,35.0,34.0,False,1,0
2016_01_PIT_WAS,2016,1,REG,WAS,Jay Gruden,PIT,Mike Tomlin,16.0,38.0,True,0,0
2016_01_PIT_WAS,2016,1,REG,PIT,Mike Tomlin,WAS,Jay Gruden,38.0,16.0,False,1,0
2016_01_SD_KC,2016,1,REG,KC,Andy Reid,LAC,Mike McCoy,33.0,27.0,True,1,0
2016_01_SD_KC,2016,1,REG,LAC,Mike McCoy,KC,Andy Reid,27.0,33.0,False,0,0
2016_01_TB_ATL,2016,1,REG,ATL,Dan Quinn,TB,Dirk Koetter,24.0,31.0,True,0,0
2016_01_TB_ATL,2016,1,REG,TB,Dirk Koetter,ATL,Dan Quinn,31.0,24.0,False,1,0
2016_02_ATL_OAK,2016,2,REG,LV,Jack Del Rio,ATL,Dan Quinn,28.0,35.0,True,0,0
2016_02_ATL_OAK,2016,2,REG,ATL,Dan Quinn,LV,Jack Del Rio,35.0,28.0,False,1,0
2016_02_BAL_CLE,2016,2,REG,CLE,Hue Jackson,BAL,John Harbaugh,20.0,25.0,True,0,0
2016_02_BAL_CLE,2016,2,REG,BAL,John Harbaugh,CLE,Hue Jackson,25.0,20.0,False,1,0
2016_02_CIN_PIT,2016,2,REG,PIT,Mike Tomlin,CIN,Marvin Lewis,24.0,16.0,True,1,0
2016_02_CIN_PIT,2016,2,REG,CIN,Marvin Lewis,PIT,Mike Tomlin,16.0,24.0,False,0,0
2016_02_DAL_WAS,2016,2,REG,WAS,Jay Gruden,DAL,Jason Garrett,23.0,27.0,True,0,0
2016_02_DAL_WAS,2016,2,REG,DAL,Jason Garrett,WAS,Jay Gruden,27.0,23.0,False,1,0
2016_02_GB_MIN,2016,2,REG,MIN,Mike Zimmer,GB,Mike McCarthy,17.0,14.0,True,1,0
2016_02_GB_MIN,2016,2,REG,GB,Mike McCarthy,MIN,Mike Zimmer,14.0,17.0,False,0,0
2016_02_IND_DEN,2016,2,REG,DEN,Gary Kubiak,IND,Chuck Pagano,34.0,20.0,True,1,0
2016_02_IND_DEN,2016,2,REG,IND,Chuck Pagano,DEN,Gary Kubiak,20.0,34.0,False,0,0
2016_02_JAX_SD,2016,2,REG,LAC,Mike McCoy,JAX,Gus Bradley,38.0,14.0,True,1,0
2016_02_JAX_SD,2016,2,REG,JAX,Gus Bradley,LAC,Mike McCoy,14.0,38.0,False,0,0
2016_02_KC_HOU,2016,2,REG,HOU,Bill O'Brien,KC,Andy Reid,19.0,12.0,True,1,0
2016_02_KC_HOU,2016,2,REG,KC,Andy Reid,HOU,Bill O'Brien,12.0,19.0,False,0,0
2016_02_MIA_NE,2016,2,REG,NE,Bill Belichick,MIA,Adam Gase,31.0,24.0,True,1,0
2016_02_MIA_NE,2016,2,REG,MIA,Adam Gase,NE,Bill Belichick,24.0,31.0,False,0,0
2016_02_NO_NYG,2016,2,REG,NYG,Ben McAdoo,NO,Sean Payton,16.0,13.0,True,1,0
2016_02_NO_NYG,2016,2,REG,NO,Sean Payton,NYG,Ben McAdoo,13.0,16.0,False,0,0
2016_02_NYJ_BUF,2016,2,REG,BUF,Rex Ryan,NYJ,Todd Bowles,31.0,37.0,True,0,0
2016_02_NYJ_BUF,2016,2,REG,NYJ,Todd Bowles,BUF,Rex Ryan,37.0,31.0,False,1,0
2016_02_PHI_CHI,2016,2,REG,CHI,John Fox,PHI,Doug Pederson,14.0,29.0,True,0,0
2016_02_PHI_CHI,2016,2,REG,PHI,Doug Pederson,CHI,John Fox,29.0,14.0,False,1,0
2016_02_SEA_LA,2016,2,REG,LA,Jeff Fisher,SEA,Pete Carroll,9.0,3.0,True,1,0
2016_02_SEA_LA,2016,2,REG,SEA,Pete Carroll,LA,Jeff Fisher,3.0,9.0,False,0,0
2016_02_SF_CAR,2016,2,REG,CAR,Ron Rivera,SF,Chip Kelly,46.0,27.0,True,1,0
2016_02_SF_CAR,2016,2,REG,SF,Chip Kelly,CAR,Ron Rivera,27.0,46.0,False,0,0
2016_02_TB_ARI,2016,2,REG,ARI,Bruce Arians,TB,Dirk Koetter,40.0,7.0,True,1,0
2016_02_TB_ARI,2016,2,REG,TB,Dirk Koetter,ARI,Bruce Arians,7.0,40.0,False,0,0
2016_02_TEN_DET,2016,2,REG,DET,Jim Caldwell,TEN,Mike Mularkey,15.0,16.0,True,0,0
2016_02_TEN_DET,2016,2,REG,TEN,Mike Mularkey,DET,Jim Caldwell,16.0,15.0,False,1,0
2016_03_ARI_BUF,2016,3,REG,BUF,Rex Ryan,ARI,Bruce Arians,33.0,18.0,True,1,0
2016_03_ARI_BUF,2016,3,REG,ARI,Bruce Arians,BUF,Rex Ryan,18.0,33.0,False,0,0
2016_03_ATL_NO,2016,3,REG,NO,Sean Payton,ATL,Dan Quinn,32.0,45.0,True,0,0
2016_03_ATL_NO,2016,3,REG,ATL,Dan Quinn,NO,Sean Payton,45.0,32.0,False,1,0
2016_03_BAL_JAX,2016,3,REG,JAX,Gus Bradley,BAL,John Harbaugh,17.0,19.0,True,0,0
2016_03_BAL_JAX,2016,3,REG,BAL,John Harbaugh,JAX,Gus Bradley,19.0,17.0,False,1,0
2016_03_CHI_DAL,2016,3,REG,DAL,Jason Garrett,CHI,John Fox,31.0,17.0,True,1,0
2016_03_CHI_DAL,2016,3,REG,CHI,John Fox,DAL,Jason Garrett,17.0,31.0,False,0,0
2016_03_CLE_MIA,2016,3,REG,MIA,Adam Gase,CLE,Hue Jackson,30.0,24.0,True,1,0
2016_03_CLE_MIA,2016,3,REG,CLE,Hue Jackson,MIA,Adam Gase,24.0,30.0,False,0,0
2016_03_DEN_CIN,2016,3,REG,CIN,Marvin Lewis,DEN,Gary Kubiak,17.0,29.0,True,0,0
2016_03_DEN_CIN,2016,3,REG,DEN,Gary Kubiak,CIN,Marvin Lewis,29.0,17.0,False,1,0
2016_03_DET_GB,2016,3,REG,GB,Mike McCarthy,DET,Jim Caldwell,34.0,27.0,True,1,0
2016_03_DET_GB,2016,3,REG,DET,Jim Caldwell,GB,Mike McCarthy,27.0,34.0,False,0,0
2016_03_HOU_NE,2016,3,REG,NE,Bill Belichick,HOU,Bill O'Brien,27.0,0.0,True,1,0
2016_03_HOU_NE,2016,3,REG,HOU,Bill O'Brien,NE,Bill Belichick,0.0,27.0,False,0,0
2016_03_LA_TB,2016,3,REG,TB,Dirk Koetter,LA,Jeff Fisher,32.0,37.0,True,0,0
2016_03_LA_TB,2016,3,REG,LA,Jeff Fisher,TB,Dirk Koetter,37.0,32.0,False,1,0
2016_03_MIN_CAR,2016,3,REG,CAR,Ron Rivera,MIN,Mike Zimmer,10.0,22.0,True,0,0
2016_03_MIN_CAR,2016,3,REG,MIN,Mike Zimmer,CAR,Ron Rivera,22.0,10.0,False,1,0
2016_03_NYJ_KC,2016,3,REG,KC,Andy Reid,NYJ,Todd Bowles,24.0,3.0,True,1,0
2016_03_NYJ_KC,2016,3,REG,NYJ,Todd Bowles,KC,Andy Reid,3.0,24.0,False,0,0
2016_03_OAK_TEN,2016,3,REG,TEN,Mike Mularkey,LV,Jack Del Rio,10.0,17.0,True,0,0
2016_03_OAK_TEN,2016,3,REG,LV,Jack Del Rio,TEN,Mike Mularkey,17.0,10.0,False,1,0
2016_03_PIT_PHI,2016,3,REG,PHI,Doug Pederson,PIT,Mike Tomlin,34.0,3.0,True,1,0
2016_03_PIT_PHI,2016,3,REG,PIT,Mike Tomlin,PHI,Doug Pederson,3.0,34.0,False,0,0
2016_03_SD_IND,2016,3,REG,IND,Chuck Pagano,LAC,Mike McCoy,26.0,22.0,True,1,0
2016_03_SD_IND,2016,3,REG,LAC,Mike McCoy,IND,Chuck Pagano,22.0,26.0,False,0,0
2016_03_SF_SEA,2016,3,REG,SEA,Pete Carroll,SF,Chip Kelly,37.0,18.0,True,1,0
2016_03_SF_SEA,2016,3,REG,SF,Chip Kelly,SEA,Pete Carroll,18.0,37.0,False,0,0
2016_03_WAS_NYG,2016,3,REG,NYG,Ben McAdoo,WAS,Jay Gruden,27.0,29.0,True,0,0
2016_03_WAS_NYG,2016,3,REG,WAS,Jay Gruden,NYG,Ben McAdoo,29.0,27.0,False,1,0
2016_04_BUF_NE,2016,4,REG,NE,Bill Belichick,BUF,Rex Ryan,0.0,16.0,True,0,0
2016_04_BUF_NE,2016,4,REG,BUF,Rex Ryan,NE,Bill Belichick,16.0,0.0,False,1,0
2016_04_CAR_ATL,2016,4,REG,ATL,Dan Quinn,CAR,Ron Rivera,48.0,33.0,True,1,0
2016_04_CAR_ATL,2016,4,REG,CAR,Ron Rivera,ATL,Dan Quinn,33.0,48.0,False,0,0
2016_04_CLE_WAS,2016,4,REG,WAS,Jay Gruden,CLE,Hue Jackson,31.0,20.0,True,1,0
2016_04_CLE_WAS,2016,4,REG,CLE,Hue Jackson,WAS,Jay Gruden,20.0,31.0,False,0,0
2016_04_DAL_SF,2016,4,REG,SF,Chip Kelly,DAL,Jason Garrett,17.0,24.0,True,0,0
2016_04_DAL_SF,2016,4,REG,DAL,Jason Garrett,SF,Chip Kelly,24.0,17.0,False,1,0
2016_04_DEN_TB,2016,4,REG,TB,Dirk Koetter,DEN,Gary Kubiak,7.0,27.0,True,0,0
2016_04_DEN_TB,2016,4,REG,DEN,Gary Kubiak,TB,Dirk Koetter,27.0,7.0,False,1,0
2016_04_DET_CHI,2016,4,REG,CHI,John Fox,DET,Jim Caldwell,17.0,14.0,True,1,0
2016_04_DET_CHI,2016,4,REG,DET,Jim Caldwell,CHI,John Fox,14.0,17.0,False,0,0
2016_04_IND_JAX,2016,4,REG,JAX,Gus Bradley,IND,Chuck Pagano,30.0,27.0,True,1,0
2016_04_IND_JAX,2016,4,REG,IND,Chuck Pagano,JAX,Gus Bradley,27.0,30.0,False,0,0
2016_04_KC_PIT,2016,4,REG,PIT,Mike Tomlin,KC,Andy Reid,43.0,14.0,True,1,0
2016_04_KC_PIT,2016,4,REG,KC,Andy Reid,PIT,Mike Tomlin,14.0,43.0,False,0,0
2016_04_LA_ARI,2016,4,REG,ARI,Bruce Arians,LA,Jeff Fisher,13.0,17.0,True,0,0
2016_04_LA_ARI,2016,4,REG,LA,Jeff Fisher,ARI,Bruce Arians,17.0,13.0,False,1,0
2016_04_MIA_CIN,2016,4,REG,CIN,Marvin Lewis,MIA,Adam Gase,22.0,7.0,True,1,0
2016_04_MIA_CIN,2016,4,REG,MIA,Adam Gase,CIN,Marvin Lewis,7.0,22.0,False,0,0
2016_04_NO_SD,2016,4,REG,LAC,Mike McCoy,NO,Sean Payton,34.0,35.0,True,0,0
2016_04_NO_SD,2016,4,REG,NO,Sean Payton,LAC,Mike McCoy,35.0,34.0,False,1,0
2016_04_NYG_MIN,2016,4,REG,MIN,Mike Zimmer,NYG,Ben McAdoo,24.0,10.0,True,1,0
2016_04_NYG_MIN,2016,4,REG,NYG,Ben McAdoo,MIN,Mike Zimmer,10.0,24.0,False,0,0
2016_04_OAK_BAL,2016,4,REG,BAL,John Harbaugh,LV,Jack Del Rio,27.0,28.0,True,0,0
2016_04_OAK_BAL,2016,4,REG,LV,Jack Del Rio,BAL,John Harbaugh,28.0,27.0,False,1,0
2016_04_SEA_NYJ,2016,4,REG,NYJ,Todd Bowles,SEA,Pete Carroll,17.0,27.0,True,0,0
2016_04_SEA_NYJ,2016,4,REG,SEA,Pete Carroll,NYJ,Todd Bowles,27.0,17.0,False,1,0
2016_04_TEN_HOU,2016,4,REG,HOU,Bill O'Brien,TEN,Mike Mularkey,27.0,20.0,True,1,0
2016_04_TEN_HOU,2016,4,REG,TEN,Mike Mularkey,HOU,Bill O'Brien,20.0,27.0,False,0,0
2016_05_ARI_SF,2016,5,REG,SF,Chip Kelly,ARI,Bruce Arians,21.0,33.0,True,0,0
2016_05_ARI_SF,2016,5,REG,ARI,Bruce Arians,SF,Chip Kelly,33.0,21.0,False,1,0
2016_05_ATL_DEN,2016,5,REG,DEN,Gary Kubiak,ATL,Dan Quinn,16.0,23.0,True,0,0
2016_05_ATL_DEN,2016,5,REG,ATL,Dan Quinn,DEN,Gary Kubiak,23.0,16.0,False,1,0
2016_05_BUF_LA,2016,5,REG,LA,Jeff Fisher,BUF,Rex Ryan,19.0,30.0,True,0,0
2016_05_BUF_LA,2016,5,REG,BUF,Rex Ryan,LA,Jeff Fisher,30.0,19.0,False,1,0
2016_05_CHI_IND,2016,5,REG,IND,Chuck Pagano,CHI,John Fox,29.0,23.0,True,1,0
2016_05_CHI_IND,2016,5,REG,CHI,John Fox,IND,Chuck Pagano,23.0,29.0,False,0,0
2016_05_CIN_DAL,2016,5,REG,DAL,Jason Garrett,CIN,Marvin Lewis,28.0,14.0,True,1,0
2016_05_CIN_DAL,2016,5,REG,CIN,Marvin Lewis,DAL,Jason Garrett,14.0,28.0,False,0,0
2016_05_HOU_MIN,2016,5,REG,MIN,Mike Zimmer,HOU,Bill O'Brien,31.0,13.0,True,1,0
2016_05_HOU_MIN,2016,5,REG,HOU,Bill O'Brien,MIN,Mike Zimmer,13.0,31.0,False,0,0
2016_05_NE_CLE,2016,5,REG,CLE,Hue Jackson,NE,Bill Belichick,13.0,33.0,True,0,0
2016_05_NE_CLE,2016,5,REG,NE,Bill Belichick,CLE,Hue Jackson,33.0,13.0,False,1,0
2016_05_NYG_GB,2016,5,REG,GB,Mike McCarthy,NYG,Ben McAdoo,23.0,16.0,True,1,0
2016_05_NYG_GB,2016,5,REG,NYG,Ben McAdoo,GB,Mike McCarthy,16.0,23.0,False,0,0
2016_05_NYJ_PIT,2016,5,REG,PIT,Mike Tomlin,NYJ,Todd Bowles,31.0,13.0,True,1,0
2016_05_NYJ_PIT,2016,5,REG,NYJ,Todd Bowles,PIT,Mike Tomlin,13.0,31.0,False,0,0
2016_05_PHI_DET,2016,5,REG,DET,Jim Caldwell,PHI,Doug Pederson,24.0,23.0,True,1,0
2016_05_PHI_DET,2016,5,REG,PHI,Doug Pederson,DET,Jim Caldwell,23.0,24.0,False,0,0
2016_05_SD_OAK,2016,5,REG,LV,Jack Del Rio,LAC,Mike McCoy,34.0,31.0,True,1,0
2016_05_SD_OAK,2016,5,REG,LAC,Mike McCoy,LV,Jack Del Rio,31.0,34.0,False,0,0
2016_05_TB_CAR,2016,5,REG,CAR,Ron Rivera,TB,Dirk Koetter,14.0,17.0,True,0,0
2016_05_TB_CAR,2016,5,REG,TB,Dirk Koetter,CAR,Ron Rivera,17.0,14.0,False,1,0
2016_05_TEN_MIA,2016,5,REG,MIA,Adam Gase,TEN,Mike Mularkey,17.0,30.0,True,0,0
2016_05_TEN_MIA,2016,5,REG,TEN,Mike Mularkey,MIA,Adam Gase,30.0,17.0,False,1,0
2016_05_WAS_BAL,2016,5,REG,BAL,John Harbaugh,WAS,Jay Gruden,10.0,16.0,True,0,0
2016_05_WAS_BAL,2016,5,REG,WAS,Jay Gruden,BAL,John Harbaugh,16.0,10.0,False,1,0
2016_06_ATL_SEA,2016,6,REG,SEA,Pete Carroll,ATL,Dan Quinn,26.0,24.0,True,1,0
2016_06_ATL_SEA,2016,6,REG,ATL,Dan Quinn,SEA,Pete Carroll,24.0,26.0,False,0,0
2016_06_BAL_NYG,2016,6,REG,NYG,Ben McAdoo,BAL,John Harbaugh,27.0,23.0,True,1,0
2016_06_BAL_NYG,2016,6,REG,BAL,John Harbaugh,NYG,Ben McAdoo,23.0,27.0,False,0,0
2016_06_CAR_NO,2016,6,REG,NO,Sean Payton,CAR,Ron Rivera,41.0,38.0,True,1,0
2016_06_CAR_NO,2016,6,REG,CAR,Ron Rivera,NO,Sean Payton,38.0,41.0,False,0,0
2016_06_CIN_NE,2016,6,REG,NE,Bill Belichick,CIN,Marvin Lewis,35.0,17.0,True,1,0
2016_06_CIN_NE,2016,6,REG,CIN,Marvin Lewis,NE,Bill Belichick,17.0,35.0,False,0,0
2016_06_CLE_TEN,2016,6,REG,TEN,Mike Mularkey,CLE,Hue Jackson,28.0,26.0,True,1,0
2016_06_CLE_TEN,2016,6,REG,CLE,Hue Jackson,TEN,Mike Mularkey,26.0,28.0,False,0,0
2016_06_DAL_GB,2016,6,REG,GB,Mike McCarthy,DAL,Jason Garrett,16.0,30.0,True,0,0
2016_06_DAL_GB,2016,6,REG,DAL,Jason Garrett,GB,Mike McCarthy,30.0,16.0,False,1,0
2016_06_DEN_SD,2016,6,REG,LAC,Mike McCoy,DEN,Gary Kubiak,21.0,13.0,True,1,0
2016_06_DEN_SD,2016,6,REG,DEN,Gary Kubiak,LAC,Mike McCoy,13.0,21.0,False,0,0
2016_06_IND_HOU,2016,6,REG,HOU,Bill O'Brien,IND,Chuck Pagano,26.0,23.0,True,1,0
2016_06_IND_HOU,2016,6,REG,IND,Chuck Pagano,HOU,Bill O'Brien,23.0,26.0,False,0,0
2016_06_JAX_CHI,2016,6,REG,CHI,John Fox,JAX,Gus Bradley,16.0,17.0,True,0,0
2016_06_JAX_CHI,2016,6,REG,JAX,Gus Bradley,CHI,John Fox,17.0,16.0,False,1,0
2016_06_KC_OAK,2016,6,REG,LV,Jack Del Rio,KC,Andy Reid,10.0,26.0,True,0,0
2016_06_KC_OAK,2016,6,REG,KC,Andy Reid,LV,Jack Del Rio,26.0,10.0,False,1,0
2016_06_LA_DET,2016,6,REG,DET,Jim Caldwell,LA,Jeff Fisher,31.0,28.0,True,1,0
2016_06_LA_DET,2016,6,REG,LA,Jeff Fisher,DET,Jim Caldwell,28.0,31.0,False,0,0
2016_06_NYJ_ARI,2016,6,REG,ARI,Bruce Arians,NYJ,Todd Bowles,28.0,3.0,True,1,0
2016_06_NYJ_ARI,2016,6,REG,NYJ,Todd Bowles,ARI,Bruce Arians,3.0,28.0,False,0,0
2016_06_PHI_WAS,2016,6,REG,WAS,Jay Gruden,PHI,Doug Pederson,27.0,20.0,True,1,0
2016_06_PHI_WAS,2016,6,REG,PHI,Doug Pederson,WAS,Jay Gruden,20.0,27.0,False,0,0
2016_06_PIT_MIA,2016,6,REG,MIA,Adam Gase,PIT,Mike Tomlin,30.0,15.0,True,1,0
2016_06_PIT_MIA,2016,6,REG,PIT,Mike Tomlin,MIA,Adam Gase,15.0,30.0,False,0,0
2016_06_SF_BUF,2016,6,REG,BUF,Rex Ryan,SF,Chip Kelly,45.0,16.0,True,1,0
2016_06_SF_BUF,2016,6,REG,SF,Chip Kelly,BUF,Rex Ryan,16.0,45.0,False,0,0
2016_07_BAL_NYJ,2016,7,REG,NYJ,Todd Bowles,BAL,John Harbaugh,24.0,16.0,True,1,0
2016_07_BAL_NYJ,2016,7,REG,BAL,John Harbaugh,NYJ,Todd Bowles,16.0,24.0,False,0,0
2016_07_BUF_MIA,2016,7,REG,MIA,Adam Gase,BUF,Rex Ryan,28.0,25.0,True,1,0
2016_07_BUF_MIA,2016,7,REG,BUF,Rex Ryan,MIA,Adam Gase,25.0,28.0,False,0,0
2016_07_CHI_GB,2016,7,REG,GB,Mike McCarthy,CHI,John Fox,26.0,10.0,True,1,0
2016_07_CHI_GB,2016,7,REG,CHI,John Fox,GB,Mike McCarthy,10.0,26.0,False,0,0
2016_07_CLE_CIN,2016,7,REG,CIN,Marvin Lewis,CLE,Hue Jackson,31.0,17.0,True,1,0
2016_07_CLE_CIN,2016,7,REG,CLE,Hue Jackson,CIN,Marvin Lewis,17.0,31.0,False,0,0
2016_07_HOU_DEN,2016,7,REG,DEN,Gary Kubiak,HOU,Bill O'Brien,27.0,9.0,True,1,0
2016_07_HOU_DEN,2016,7,REG,HOU,Bill O'Brien,DEN,Gary Kubiak,9.0,27.0,False,0,0
2016_07_IND_TEN,2016,7,REG,TEN,Mike Mularkey,IND,Chuck Pagano,26.0,34.0,True,0,0
2016_07_IND_TEN,2016,7,REG,IND,Chuck Pagano,TEN,Mike Mularkey,34.0,26.0,False,1,0
2016_07_MIN_PHI,2016,7,REG,PHI,Doug Pederson,MIN,Mike Zimmer,21.0,10.0,True,1,0
2016_07_MIN_PHI,2016,7,REG,MIN,Mike Zimmer,PHI,Doug Pederson,10.0,21.0,False,0,0
2016_07_NE_PIT,2016,7,REG,PIT,Mike Tomlin,NE,Bill Belichick,16.0,27.0,True,0,0
2016_07_NE_PIT,2016,7,REG,NE,Bill Belichick,PIT,Mike Tomlin,27.0,16.0,False,1,0
2016_07_NO_KC,2016,7,REG,KC,Andy Reid,NO,Sean Payton,27.0,21.0,True,1,0
2016_07_NO_KC,2016,7,REG,NO,Sean Payton,KC,Andy Reid,21.0,27.0,False,0,0
2016_07_NYG_LA,2016,7,REG,LA,Jeff Fisher,NYG,Ben McAdoo,10.0,17.0,True,0,0
2016_07_NYG_LA,2016,7,REG,NYG,Ben McAdoo,LA,Jeff Fisher,17.0,10.0,False,1,0
2016_07_OAK_JAX,2016,7,REG,JAX,Gus Bradley,LV,Jack Del Rio,16.0,33.0,True,0,0
2016_07_OAK_JAX,2016,7,REG,LV,Jack Del Rio,JAX,Gus Bradley,33.0,16.0,False,1,0
2016_07_SD_ATL,2016,7,REG,ATL,Dan Quinn,LAC,Mike McCoy,30.0,33.0,True,0,0
2016_07_SD_ATL,2016,7,REG,LAC,Mike McCoy,ATL,Dan Quinn,33.0,30.0,False,1,0
2016_07_SEA_ARI,2016,7,REG,ARI,Bruce Arians,SEA,Pete Carroll,6.0,6.0,True,0,1
2016_07_SEA_ARI,2016,7,REG,SEA,Pete Carroll,ARI,Bruce Arians,6.0,6.0,False,0,1
2016_07_TB_SF,2016,7,REG,SF,Chip Kelly,TB,Dirk Koetter,17.0,34.0,True,0,0
2016_07_TB_SF,2016,7,REG,TB,Dirk Koetter,SF,Chip Kelly,34.0,17.0,False,1,0
2016_07_WAS_DET,2016,7,REG,DET,Jim Caldwell,WAS,Jay Gruden,20.0,17.0,True,1,0
2016_07_WAS_DET,2016,7,REG,WAS,Jay Gruden,DET,Jim Caldwell,17.0,20.0,False,0,0
2016_08_ARI_CAR,2016,8,REG,CAR,Ron Rivera,ARI,Bruce Arians,30.0,20.0,True,1,0
2016_08_ARI_CAR,2016,8,REG,ARI,Bruce Arians,CAR,Ron Rivera,20.0,30.0,False,0,0
2016_08_DET_HOU,2016,8,REG,HOU,Bill O'Brien,DET,Jim Caldwell,20.0,13.0,True,1,0
2016_08_DET_HOU,2016,8,REG,DET,Jim Caldwell,HOU,Bill O'Brien,13.0,20.0,False,0,0
2016_08_GB_ATL,2016,8,REG,ATL,Dan Quinn,GB,Mike McCarthy,33.0,32.0,True,1,0
2016_08_GB_ATL,2016,8,REG,GB,Mike McCarthy,ATL,Dan Quinn,32.0,33.0,False,0,0
2016_08_JAX_TEN,2016,8,REG,TEN,Mike Mularkey,JAX,Gus Bradley,36.0,22.0,True,1,0
2016_08_JAX_TEN,2016,8,REG,JAX,Gus Bradley,TEN,Mike Mularkey,22.0,36.0,False,0,0
2016_08_KC_IND,2016,8,REG,IND,Chuck Pagano,KC,Andy Reid,14.0,30.0,True,0,0
2016_08_KC_IND,2016,8,REG,KC,Andy Reid,IND,Chuck Pagano,30.0,14.0,False,1,0
2016_08_MIN_CHI,2016,8,REG,CHI,John Fox,MIN,Mike Zimmer,20.0,10.0,True,1,0
2016_08_MIN_CHI,2016,8,REG,MIN,Mike Zimmer,CHI,John Fox,10.0,20.0,False,0,0
2016_08_NE_BUF,2016,8,REG,BUF,Rex Ryan,NE,Bill Belichick,25.0,41.0,True,0,0
2016_08_NE_BUF,2016,8,REG,NE,Bill Belichick,BUF,Rex Ryan,41.0,25.0,False,1,0
2016_08_NYJ_CLE,2016,8,REG,CLE,Hue Jackson,NYJ,Todd Bowles,28.0,31.0,True,0,0
2016_08_NYJ_CLE,2016,8,REG,NYJ,Todd Bowles,CLE,Hue Jackson,31.0,28.0,False,1,0
2016_08_OAK_TB,2016,8,REG,TB,Dirk Koetter,LV,Jack Del Rio,24.0,30.0,True,0,0
2016_08_OAK_TB,2016,8,REG,LV,Jack Del Rio,TB,Dirk Koetter,30.0,24.0,False,1,0
2016_08_PHI_DAL,2016,8,REG,DAL,Jason Garrett,PHI,Doug Pederson,29.0,23.0,True,1,0
2016_08_PHI_DAL,2016,8,REG,PHI,Doug Pederson,DAL,Jason Garrett,23.0,29.0,False,0,0
2016_08_SD_DEN,2016,8,REG,DEN,Gary Kubiak,LAC,Mike McCoy,27.0,19.0,True,1,0
2016_08_SD_DEN,2016,8,REG,LAC,Mike McCoy,DEN,Gary Kubiak,19.0,27.0,False,0,0
2016_08_SEA_NO,2016,8,REG,NO,Sean Payton,SEA,Pete Carroll,25.0,20.0,True,1,0
2016_08_SEA_NO,2016,8,REG,SEA,Pete Carroll,NO,Sean Payton,20.0,25.0,False,0,0
2016_08_WAS_CIN,2016,8,REG,CIN,Marvin Lewis,WAS,Jay Gruden,27.0,27.0,True,0,1
2016_08_WAS_CIN,2016,8,REG,WAS,Jay Gruden,CIN,Marvin Lewis,27.0,27.0,False,0,1
2016_09_ATL_TB,2016,9,REG,TB,Dirk Koetter,ATL,Dan Quinn,28.0,43.0,True,0,0
2016_09_ATL_TB,2016,9,REG,ATL,Dan Quinn,TB,Dirk Koetter,43.0,28.0,False,1,0
2016_09_BUF_SEA,2016,9,REG,SEA,Pete Carroll,BUF,Rex Ryan,31.0,25.0,True,1,0
2016_09_BUF_SEA,2016,9,REG,BUF,Rex Ryan,SEA,Pete Carroll,25.0,31.0,False,0,0
2016_09_CAR_LA,2016,9,REG,LA,Jeff Fisher,CAR,Ron Rivera,10.0,13.0,True,0,0
2016_09_CAR_LA,2016,9,REG,CAR,Ron Rivera,LA,Jeff Fisher,13.0,10.0,False,1,0
2016_09_DAL_CLE,2016,9,REG,CLE,Hue Jackson,DAL,Jason Garrett,10.0,35.0,True,0,0
2016_09_DAL_CLE,2016,9,REG,DAL,Jason Garrett,CLE,Hue Jackson,35.0,10.0,False,1,0
2016_09_DEN_OAK,2016,9,REG,LV,Jack Del Rio,DEN,Gary Kubiak,30.0,20.0,True,1,0
2016_09_DEN_OAK,2016,9,REG,DEN,Gary Kubiak,LV,Jack Del Rio,20.0,30.0,False,0,0
2016_09_DET_MIN,2016,9,REG,MIN,Mike Zimmer,DET,Jim Caldwell,16.0,22.0,True,0,0
2016_09_DET_MIN,2016,9,REG,DET,Jim Caldwell,MIN,Mike Zimmer,22.0,16.0,False,1,0
2016_09_IND_GB,2016,9,REG,GB,Mike McCarthy,IND,Chuck Pagano,26.0,31.0,True,0,0
2016_09_IND_GB,2016,9,REG,IND,Chuck Pagano,GB,Mike McCarthy,31.0,26.0,False,1,0
2016_09_JAX_KC,2016,9,REG,KC,Andy Reid,JAX,Gus Bradley,19.0,14.0,True,1,0
2016_09_JAX_KC,2016,9,REG,JAX,Gus Bradley,KC,Andy Reid,14.0,19.0,False,0,0
2016_09_NO_SF,2016,9,REG,SF,Chip Kelly,NO,Sean Payton,23.0,41.0,True,0,0
2016_09_NO_SF,2016,9,REG,NO,Sean Payton,SF,Chip Kelly,41.0,23.0,False,1,0
2016_09_NYJ_MIA,2016,9,REG,MIA,Adam Gase,NYJ,Todd Bowles,27.0,23.0,True,1,0
2016_09_NYJ_MIA,2016,9,REG,NYJ,Todd Bowles,MIA,Adam Gase,23.0,27.0,False,0,0
2016_09_PHI_NYG,2016,9,REG,NYG,Ben McAdoo,PHI,Doug Pederson,28.0,23.0,True,1,0
2016_09_PHI_NYG,2016,9,REG,PHI,Doug Pederson,NYG,Ben McAdoo,23.0,28.0,False,0,0
2016_09_PIT_BAL,2016,9,REG,BAL,John Harbaugh,PIT,Mike Tomlin,21.0,14.0,True,1,0
2016_09_PIT_BAL,2016,9,REG,PIT,Mike Tomlin,BAL,John Harbaugh,14.0,21.0,False,0,0
2016_09_TEN_SD,2016,9,REG,LAC,Mike McCoy,TEN,Mike Mularkey,43.0,35.0,True,1,0
2016_09_TEN_SD,2016,9,REG,TEN,Mike Mularkey,LAC,Mike McCoy,35.0,43.0,False,0,0
2016_10_ATL_PHI,2016,10,REG,PHI,Doug Pederson,ATL,Dan Quinn,24.0,15.0,True,1,0
2016_10_ATL_PHI,2016,10,REG,ATL,Dan Quinn,PHI,Doug Pederson,15.0,24.0,False,0,0
2016_10_CHI_TB,2016,10,REG,TB,Dirk Koetter,CHI,John Fox,36.0,10.0,True,1,0
2016_10_CHI_TB,2016,10,REG,CHI,John Fox,TB,Dirk Koetter,10.0,36.0,False,0,0
2016_10_CIN_NYG,2016,10,REG,NYG,Ben McAdoo,CIN,Marvin Lewis,21.0,20.0,True,1,0
2016_10_CIN_NYG,2016,10,REG,CIN,Marvin Lewis,NYG,Ben McAdoo,20.0,21.0,False,0,0
2016_10_CLE_BAL,2016,10,REG,BAL,John Harbaugh,CLE,Hue Jackson,28.0,7.0,True,1,0
2016_10_CLE_BAL,2016,10,REG,CLE,Hue Jackson,BAL,John Harbaugh,7.0,28.0,False,0,0
2016_10_DAL_PIT,2016,10,REG,PIT,Mike Tomlin,DAL,Jason Garrett,30.0,35.0,True,0,0
2016_10_DAL_PIT,2016,10,REG,DAL,Jason Garrett,PIT,Mike Tomlin,35.0,30.0,False,1,0
2016_10_DEN_NO,2016,10,REG,NO,Sean Payton,DEN,Gary Kubiak,23.0,25.0,True,0,0
2016_10_DEN_NO,2016,10,REG,DEN,Gary Kubiak,NO,Sean Payton,25.0,23.0,False,1,0
2016_10_GB_TEN,2016,10,REG,TEN,Mike Mularkey,GB,Mike McCarthy,47.0,25.0,True,1,0
2016_10_GB_TEN,2016,10,REG,GB,Mike McCarthy,TEN,Mike Mularkey,25.0,47.0,False,0,0
2016_10_HOU_JAX,2016,10,REG,JAX,Gus Bradley,HOU,Bill O'Brien,21.0,24.0,True,0,0
2016_10_HOU_JAX,2016,10,REG,HOU,Bill O'Brien,JAX,Gus Bradley,24.0,21.0,False,1,0
2016_10_KC_CAR,2016,10,REG,CAR,Ron Rivera,KC,Andy Reid,17.0,20.0,True,0,0
2016_10_KC_CAR,2016,10,REG,KC,Andy Reid,CAR,Ron Rivera,20.0,17.0,False,1,0
2016_10_LA_NYJ,2016,10,REG,NYJ,Todd Bowles,LA,Jeff Fisher,6.0,9.0,True,0,0
2016_10_LA_NYJ,2016,10,REG,LA,Jeff Fisher,NYJ,Todd Bowles,9.0,6.0,False,1,0
2016_10_MIA_SD,2016,10,REG,LAC,Mike McCoy,MIA,Adam Gase,24.0,31.0,True,0,0
2016_10_MIA_SD,2016,10,REG,MIA,Adam Gase,LAC,Mike McCoy,31.0,24.0,False,1,0
2016_10_MIN_WAS,2016,10,REG,WAS,Jay Gruden,MIN,Mike Zimmer,26.0,20.0,True,1,0
2016_10_MIN_WAS,2016,10,REG,MIN,Mike Zimmer,WAS,Jay Gruden,20.0,26.0,False,0,0
2016_10_SEA_NE,2016,10,REG,NE,Bill Belichick,SEA,Pete Carroll,24.0,31.0,True,0,0
2016_10_SEA_NE,2016,10,REG,SEA,Pete Carroll,NE,Bill Belichick,31.0,24.0,False,1,0
2016_10_SF_ARI,2016,10,REG,ARI,Bruce Arians,SF,Chip Kelly,23.0,20.0,True,1,0
2016_10_SF_ARI,2016,10,REG,SF,Chip Kelly,ARI,Bruce Arians,20.0,23.0,False,0,0
2016_11_ARI_MIN,2016,11,REG,MIN,Mike Zimmer,ARI,Bruce Arians,30.0,24.0,True,1,0
2016_11_ARI_MIN,2016,11,REG,ARI,Bruce Arians,MIN,Mike Zimmer,24.0,30.0,False,0,0
2016_11_BAL_DAL,2016,11,REG,DAL,Jason Garrett,BAL,John Harbaugh,27.0,17.0,True,1,0
2016_11_BAL_DAL,2016,11,REG,BAL,John Harbaugh,DAL,Jason Garrett,17.0,27.0,False,0,0
2016_11_BUF_CIN,2016,11,REG,CIN,Marvin Lewis,BUF,Rex Ryan,12.0,16.0,True,0,0
2016_11_BUF_CIN,2016,11,REG,BUF,Rex Ryan,CIN,Marvin Lewis,16.0,12.0,False,1,0
2016_11_CHI_NYG,2016,11,REG,NYG,Ben McAdoo,CHI,John Fox,22.0,16.0,True,1,0
2016_11_CHI_NYG,2016,11,REG,CHI,John Fox,NYG,Ben McAdoo,16.0,22.0,False,0,0
2016_11_GB_WAS,2016,11,REG,WAS,Jay Gruden,GB,Mike McCarthy,42.0,24.0,True,1,0
2016_11_GB_WAS,2016,11,REG,GB,Mike McCarthy,WAS,Jay Gruden,24.0,42.0,False,0,0
2016_11_HOU_OAK,2016,11,REG,LV,Jack Del Rio,HOU,Bill O'Brien,27.0,20.0,True,1,0
2016_11_HOU_OAK,2016,11,REG,HOU,Bill O'Brien,LV,Jack Del Rio,20.0,27.0,False,0,0
2016_11_JAX_DET,2016,11,REG,DET,Jim Caldwell,JAX,Gus Bradley,26.0,19.0,True,1,0
2016_11_JAX_DET,2016,11,REG,JAX,Gus Bradley,DET,Jim Caldwell,19.0,26.0,False,0,0
2016_11_MIA_LA,2016,11,REG,LA,Jeff Fisher,MIA,Adam Gase,10.0,14.0,True,0,0
2016_11_MIA_LA,2016,11,REG,MIA,Adam Gase,LA,Jeff Fisher,14.0,10.0,False,1,0
2016_11_NE_SF,2016,11,REG,SF,Chip Kelly,NE,Bill Belichick,17.0,30.0,True,0,0
2016_11_NE_SF,2016,11,REG,NE,Bill Belichick,SF,Chip Kelly,30.0,17.0,False,1,0
2016_11_NO_CAR,2016,11,REG,CAR,Ron Rivera,NO,Sean Payton,23.0,20.0,True,1,0
2016_11_NO_CAR,2016,11,REG,NO,Sean Payton,CAR,Ron Rivera,20.0,23.0,False,0,0
2016_11_PHI_SEA,2016,11,REG,SEA,Pete Carroll,PHI,Doug Pederson,26.0,15.0,True,1,0
2016_11_PHI_SEA,2016,11,REG,PHI,Doug Pederson,SEA,Pete Carroll,15.0,26.0,False,0,0
2016_11_PIT_CLE,2016,11,REG,CLE,Hue Jackson,PIT,Mike Tomlin,9.0,24.0,True,0,0
2016_11_PIT_CLE,2016,11,REG,PIT,Mike Tomlin,CLE,Hue Jackson,24.0,9.0,False,1,0
2016_11_TB_KC,2016,11,REG,KC,Andy Reid,TB,Dirk Koetter,17.0,19.0,True,0,0
2016_11_TB_KC,2016,11,REG,TB,Dirk Koetter,KC,Andy Reid,19.0,17.0,False,1,0
2016_11_TEN_IND,2016,11,REG,IND,Chuck Pagano,TEN,Mike Mularkey,24.0,17.0,True,1,0
2016_11_TEN_IND,2016,11,REG,TEN,Mike Mularkey,IND,Chuck Pagano,17.0,24.0,False,0,0
2016_12_ARI_ATL,2016,12,REG,ATL,Dan Quinn,ARI,Bruce Arians,38.0,19.0,True,1,0
2016_12_ARI_ATL,2016,12,REG,ARI,Bruce Arians,ATL,Dan Quinn,19.0,38.0,False,0,0
2016_12_CAR_OAK,2016,12,REG,LV,Jack Del Rio,CAR,Ron Rivera,35.0,32.0,True,1,0
2016_12_CAR_OAK,2016,12,REG,CAR,Ron Rivera,LV,Jack Del Rio,32.0,35.0,False,0,0
2016_12_CIN_BAL,2016,12,REG,BAL,John Harbaugh,CIN,Marvin Lewis,19.0,14.0,True,1,0
2016_12_CIN_BAL,2016,12,REG,CIN,Marvin Lewis,BAL,John Harbaugh,14.0,19.0,False,0,0
2016_12_GB_PHI,2016,12,REG,PHI,Doug Pederson,GB,Mike McCarthy,13.0,27.0,True,0,0
2016_12_GB_PHI,2016,12,REG,GB,Mike McCarthy,PHI,Doug Pederson,27.0,13.0,False,1,0
2016_12_JAX_BUF,2016,12,REG,BUF,Rex Ryan,JAX,Gus Bradley,28.0,21.0,True,1,0
2016_12_JAX_BUF,2016,12,REG,JAX,Gus Bradley,BUF,Rex Ryan,21.0,28.0,False,0,0
2016_12_KC_DEN,2016,12,REG,DEN,Gary Kubiak,KC,Andy Reid,27.0,30.0,True,0,0
2016_12_KC_DEN,2016,12,REG,KC,Andy Reid,DEN,Gary Kubiak,30.0,27.0,False,1,0
2016_12_LA_NO,2016,12,REG,NO,Sean Payton,LA,Jeff Fisher,49.0,21.0,True,1,0
2016_12_LA_NO,2016,12,REG,LA,Jeff Fisher,NO,Sean Payton,21.0,49.0,False,0,0
2016_12_MIN_DET,2016,12,REG,DET,Jim Caldwell,MIN,Mike Zimmer,16.0,13.0,True,1,0
2016_12_MIN_DET,2016,12,REG,MIN,Mike Zimmer,DET,Jim Caldwell,13.0,16.0,False,0,0
2016_12_NE_NYJ,2016,12,REG,NYJ,Todd Bowles,NE,Bill Belichick,17.0,22.0,True,0,0
2016_12_NE_NYJ,2016,12,REG,NE,Bill Belichick,NYJ,Todd Bowles,22.0,17.0,False,1,0
2016_12_NYG_CLE,2016,12,REG,CLE,Hue Jackson,NYG,Ben McAdoo,13.0,27.0,True,0,0
2016_12_NYG_CLE,2016,12,REG,NYG,Ben McAdoo,CLE,Hue Jackson,27.0,13.0,False,1,0
2016_12_PIT_IND,2016,12,REG,IND,Chuck Pagano,PIT,Mike Tomlin,7.0,28.0,True,0,0
2016_12_PIT_IND,2016,12,REG,PIT,Mike Tomlin,IND,Chuck Pagano,28.0,7.0,False,1,0
2016_12_SD_HOU,2016,12,REG,HOU,Bill O'Brien,LAC,Mike McCoy,13.0,21.0,True,0,0
2016_12_SD_HOU,2016,12,REG,LAC,Mike McCoy,HOU,Bill O'Brien,21.0,13.0,False,1,0
2016_12_SEA_TB,2016,12,REG,TB,Dirk Koetter,SEA,Pete Carroll,14.0,5.0,True,1,0
2016_12_SEA_TB,2016,12,REG,SEA,Pete Carroll,TB,Dirk Koetter,5.0,14.0,False,0,0
2016_12_SF_MIA,2016,12,REG,MIA,Adam Gase,SF,Chip Kelly,31.0,24.0,True,1,0
2016_12_SF_MIA,2016,12,REG,SF,Chip Kelly,MIA,Adam Gase,24.0,31.0,False,0,0
2016_12_TEN_CHI,2016,12,REG,CHI,John Fox,TEN,Mike Mularkey,21.0,27.0,True,0,0
2016_12_TEN_CHI,2016,12,REG,TEN,Mike Mularkey,CHI,John Fox,27.0,21.0,False,1,0
2016_12_WAS_DAL,2016,12,REG,DAL,Jason Garrett,WAS,Jay Gruden,31.0,26.0,True,1,0
2016_12_WAS_DAL,2016,12,REG,WAS,Jay Gruden,DAL,Jason Garrett,26.0,31.0,False,0,0
2016_13_BUF_OAK,2016,13,REG,LV,Jack Del Rio,BUF,Rex Ryan,38.0,24.0,True,1,0
2016_13_BUF_OAK,2016,13,REG,BUF,Rex Ryan,LV,Jack Del Rio,24.0,38.0,False,0,0
2016_13_CAR_SEA,2016,13,REG,SEA,Pete Carroll,CAR,Ron Rivera,40.0,7.0,True,1,0
2016_13_CAR_SEA,2016,13,REG,CAR,Ron Rivera,SEA,Pete Carroll,7.0,40.0,False,0,0
2016_13_DAL_MIN,2016,13,REG,MIN,Mike Zimmer,DAL,Jason Garrett,15.0,17.0,True,0,0
2016_13_DAL_MIN,2016,13,REG,DAL,Jason Garrett,MIN,Mike Zimmer,17.0,15.0,False,1,0
2016_13_DEN_JAX,2016,13,REG,JAX,Gus Bradley,DEN,Gary Kubiak,10.0,20.0,True,0,0
2016_13_DEN_JAX,2016,13,REG,DEN,Gary Kubiak,JAX,Gus Bradley,20.0,10.0,False,1,0
2016_13_DET_NO,2016,13,REG,NO,Sean Payton,DET,Jim Caldwell,13.0,28.0,True,0,0
2016_13_DET_NO,2016,13,REG,DET,Jim Caldwell,NO,Sean Payton,28.0,13.0,False,1,0
2016_13_HOU_GB,2016,13,REG,GB,Mike McCarthy,HOU,Bill O'Brien,21.0,13.0,True,1,0
2016_13_HOU_GB,2016,13,REG,HOU,Bill O'Brien,GB,Mike McCarthy,13.0,21.0,False,0,0
2016_13_IND_NYJ,2016,13,REG,NYJ,Todd Bowles,IND,Chuck Pagano,10.0,41.0,True,0,0
2016_13_IND_NYJ,2016,13,REG,IND,Chuck Pagano,NYJ,Todd Bowles,41.0,10.0,False,1,0
2016_13_KC_ATL,2016,13,REG,ATL,Dan Quinn,KC,Andy Reid,28.0,29.0,True,0,0
2016_13_KC_ATL,2016,13,REG,KC,Andy Reid,ATL,Dan Quinn,29.0,28.0,False,1,0
2016_13_LA_NE,2016,13,REG,NE,Bill Belichick,LA,Jeff Fisher,26.0,10.0,True,1,0
2016_13_LA_NE,2016,13,REG,LA,Jeff Fisher,NE,Bill Belichick,10.0,26.0,False,0,0
2016_13_MIA_BAL,2016,13,REG,BAL,John Harbaugh,MIA,Adam Gase,38.0,6.0,True,1,0
2016_13_MIA_BAL,2016,13,REG,MIA,Adam Gase,BAL,John Harbaugh,6.0,38.0,False,0,0
2016_13_NYG_PIT,2016,13,REG,PIT,Mike Tomlin,NYG,Ben McAdoo,24.0,14.0,True,1,0
2016_13_NYG_PIT,2016,13,REG,NYG,Ben McAdoo,PIT,Mike Tomlin,14.0,24.0,False,0,0
2016_13_PHI_CIN,2016,13,REG,CIN,Marvin Lewis,PHI,Doug Pederson,32.0,14.0,True,1,0
2016_13_PHI_CIN,2016,13,REG,PHI,Doug Pederson,CIN,Marvin Lewis,14.0,32.0,False,0,0
2016_13_SF_CHI,2016,13,REG,CHI,John Fox,SF,Chip Kelly,26.0,6.0,True,1,0
2016_13_SF_CHI,2016,13,REG,SF,Chip Kelly,CHI,John Fox,6.0,26.0,False,0,0
2016_13_TB_SD,2016,13,REG,LAC,Mike McCoy,TB,Dirk Koetter,21.0,28.0,True,0,0
2016_13_TB_SD,2016,13,REG,TB,Dirk Koetter,LAC,Mike McCoy,28.0,21.0,False,1,0
2016_13_WAS_ARI,2016,13,REG,ARI,Bruce Arians,WAS,Jay Gruden,31.0,23.0,True,1,0
2016_13_WAS_ARI,2016,13,REG,WAS,Jay Gruden,ARI,Bruce Arians,23.0,31.0,False,0,0
2016_14_ARI_MIA,2016,14,REG,MIA,Adam Gase,ARI,Bruce Arians,26.0,23.0,True,1,0
2016_14_ARI_MIA,2016,14,REG,ARI,Bruce Arians,MIA,Adam Gase,23.0,26.0,False,0,0
2016_14_ATL_LA,2016,14,REG,LA,Jeff Fisher,ATL,Dan Quinn,14.0,42.0,True,0,0
2016_14_ATL_LA,2016,14,REG,ATL,Dan Quinn,LA,Jeff Fisher,42.0,14.0,False,1,0
2016_14_BAL_NE,2016,14,REG,NE,Bill Belichick,BAL,John Harbaugh,30.0,23.0,True,1,0
2016_14_BAL_NE,2016,14,REG,BAL,John Harbaugh,NE,Bill Belichick,23.0,30.0,False,0,0
2016_14_CHI_DET,2016,14,REG,DET,Jim Caldwell,CHI,John Fox,20.0,17.0,True,1,0
2016_14_CHI_DET,2016,14,REG,CHI,John Fox,DET,Jim Caldwell,17.0,20.0,False,0,0
2016_14_CIN_CLE,2016,14,REG,CLE,Hue Jackson,CIN,Marvin Lewis,10.0,23.0,True,0,0
2016_14_CIN_CLE,2016,14,REG,CIN,Marvin Lewis,CLE,Hue Jackson,23.0,10.0,False,1,0
2016_14_DAL_NYG,2016,14,REG,NYG,Ben McAdoo,DAL,Jason Garrett,10.0,7.0,True,1,0
2016_14_DAL_NYG,2016,14,REG,DAL,Jason Garrett,NYG,Ben McAdoo,7.0,10.0,False,0,0
2016_14_DEN_TEN,2016,14,REG,TEN,Mike Mularkey,DEN,Gary Kubiak,13.0,10.0,True,1,0
2016_14_DEN_TEN,2016,14,REG,DEN,Gary Kubiak,TEN,Mike Mularkey,10.0,13.0,False,0,0
2016_14_HOU_IND,2016,14,REG,IND,Chuck Pagano,HOU,Bill O'Brien,17.0,22.0,True,0,0
2016_14_HOU_IND,2016,14,REG,HOU,Bill O'Brien,IND,Chuck Pagano,22.0,17.0,False,1,0
2016_14_MIN_JAX,2016,14,REG,JAX,Gus Bradley,MIN,Mike Zimmer,16.0,25.0,True,0,0
2016_14_MIN_JAX,2016,14,REG,MIN,Mike Zimmer,JAX,Gus Bradley,25.0,16.0,False,1,0
2016_14_NO_TB,2016,14,REG,TB,Dirk Koetter,NO,Sean Payton,16.0,11.0,True,1,0
2016_14_NO_TB,2016,14,REG,NO,Sean Payton,TB,Dirk Koetter,11.0,16.0,False,0,0
2016_14_NYJ_SF,2016,14,REG,SF,Chip Kelly,NYJ,Todd Bowles,17.0,23.0,True,0,0
2016_14_NYJ_SF,2016,14,REG,NYJ,Todd Bowles,SF,Chip Kelly,23.0,17.0,False,1,0
2016_14_OAK_KC,2016,14,REG,KC,Andy Reid,LV,Jack Del Rio,21.0,13.0,True,1,0
2016_14_OAK_KC,2016,14,REG,LV,Jack Del Rio,KC,Andy Reid,13.0,21.0,False,0,0
2016_14_PIT_BUF,2016,14,REG,BUF,Rex Ryan,PIT,Mike Tomlin,20.0,27.0,True,0,0
2016_14_PIT_BUF,2016,14,REG,PIT,Mike Tomlin,BUF,Rex Ryan,27.0,20.0,False,1,0
2016_14_SD_CAR,2016,14,REG,CAR,Ron Rivera,LAC,Mike McCoy,28.0,16.0,True,1,0
2016_14_SD_CAR,2016,14,REG,LAC,Mike McCoy,CAR,Ron Rivera,16.0,28.0,False,0,0
2016_14_SEA_GB,2016,14,REG,GB,Mike McCarthy,SEA,Pete Carroll,38.0,10.0,True,1,0
2016_14_SEA_GB,2016,14,REG,SEA,Pete Carroll,GB,Mike McCarthy,10.0,38.0,False,0,0
2016_14_WAS_PHI,2016,14,REG,PHI,Doug Pederson,WAS,Jay Gruden,22.0,27.0,True,0,0
2016_14_WAS_PHI,2016,14,REG,WAS,Jay Gruden,PHI,Doug Pederson,27.0,22.0,False,1,0
2016_15_CAR_WAS,2016,15,REG,WAS,Jay Gruden,CAR,Ron Rivera,15.0,26.0,True,0,0
2016_15_CAR_WAS,2016,15,REG,CAR,Ron Rivera,WAS,Jay Gruden,26.0,15.0,False,1,0
2016_15_CLE_BUF,2016,15,REG,BUF,Rex Ryan,CLE,Hue Jackson,33.0,13.0,True,1,0
2016_15_CLE_BUF,2016,15,REG,CLE,Hue Jackson,BUF,Rex Ryan,13.0,33.0,False,0,0
2016_15_DET_NYG,2016,15,REG,NYG,Ben McAdoo,DET,Jim Caldwell,17.0,6.0,True,1,0
2016_15_DET_NYG,2016,15,REG,DET,Jim Caldwell,NYG,Ben McAdoo,6.0,17.0,False,0,0
2016_15_GB_CHI,2016,15,REG,CHI,John Fox,GB,Mike McCarthy,27.0,30.0,True,0,0
2016_15_GB_CHI,2016,15,REG,GB,Mike McCarthy,CHI,John Fox,30.0,27.0,False,1,0
2016_15_IND_MIN,2016,15,REG,MIN,Mike Zimmer,IND,Chuck Pagano,6.0,34.0,True,0,0
2016_15_IND_MIN,2016,15,REG,IND,Chuck Pagano,MIN,Mike Zimmer,34.0,6.0,False,1,0
2016_15_JAX_HOU,2016,15,REG,HOU,Bill O'Brien,JAX,Gus Bradley,21.0,20.0,True,1,0
2016_15_JAX_HOU,2016,15,REG,JAX,Gus Bradley,HOU,Bill O'Brien,20.0,21.0,False,0,0
2016_15_LA_SEA,2016,15,REG,SEA,Pete Carroll,LA,Jeff Fisher,24.0,3.0,True,1,0
2016_15_LA_SEA,2016,15,REG,LA,Jeff Fisher,SEA,Pete Carroll,3.0,24.0,False,0,0
2016_15_MIA_NYJ,2016,15,REG,NYJ,Todd Bowles,MIA,Adam Gase,13.0,34.0,True,0,0
2016_15_MIA_NYJ,2016,15,REG,MIA,Adam Gase,NYJ,Todd Bowles,34.0,13.0,False,1,0
2016_15_NE_DEN,2016,15,REG,DEN,Gary Kubiak,NE,Bill Belichick,3.0,16.0,True,0,0
2016_15_NE_DEN,2016,15,REG,NE,Bill Belichick,DEN,Gary Kubiak,16.0,3.0,False,1,0
2016_15_NO_ARI,2016,15,REG,ARI,Bruce Arians,NO,Sean Payton,41.0,48.0,True,0,0
2016_15_NO_ARI,2016,15,REG,NO,Sean Payton,ARI,Bruce Arians,48.0,41.0,False,1,0
2016_15_OAK_SD,2016,15,REG,LAC,Mike McCoy,LV,Jack Del Rio,16.0,19.0,True,0,0
2016_15_OAK_SD,2016,15,REG,LV,Jack Del Rio,LAC,Mike McCoy,19.0,16.0,False,1,0
2016_15_PHI_BAL,2016,15,REG,BAL,John Harbaugh,PHI,Doug Pederson,27.0,26.0,True,1,0
2016_15_PHI_BAL,2016,15,REG,PHI,Doug Pederson,BAL,John Harbaugh,26.0,27.0,False,0,0
2016_15_PIT_CIN,2016,15,REG,CIN,Marvin Lewis,PIT,Mike Tomlin,20.0,24.0,True,0,0
2016_15_PIT_CIN,2016,15,REG,PIT,Mike Tomlin,CIN,Marvin Lewis,24.0,20.0,False,1,0
2016_15_SF_ATL,2016,15,REG,ATL,Dan Quinn,SF,Chip Kelly,41.0,13.0,True,1,0
2016_15_SF_ATL,2016,15,REG,SF,Chip Kelly,ATL,Dan Quinn,13.0,41.0,False,0,0
2016_15_TB_DAL,2016,15,REG,DAL,Jason Garrett,TB,Dirk Koetter,26.0,20.0,True,1,0
2016_15_TB_DAL,2016,15,REG,TB,Dirk Koetter,DAL,Jason Garrett,20.0,26.0,False,0,0
2016_15_TEN_KC,2016,15,REG,KC,Andy Reid,TEN,Mike Mularkey,17.0,19.0,True,0,0
2016_15_TEN_KC,2016,15,REG,TEN,Mike Mularkey,KC,Andy Reid,19.0,17.0,False,1,0
2016_16_ARI_SEA,2016,16,REG,SEA,Pete Carroll,ARI,Bruce Arians,31.0,34.0,True,0,0
2016_16_ARI_SEA,2016,16,REG,ARI,Bruce Arians,SEA,Pete Carroll,34.0,31.0,False,1,0
2016_16_ATL_CAR,2016,16,REG,CAR,Ron Rivera,ATL,Dan Quinn,16.0,33.0,True,0,0
2016_16_ATL_CAR,2016,16,REG,ATL,Dan Quinn,CAR,Ron Rivera,33.0,16.0,False,1,0
2016_16_BAL_PIT,2016,16,REG,PIT,Mike Tomlin,BAL,John Harbaugh,31.0,27.0,True,1,0
2016_16_BAL_PIT,2016,16,REG,BAL,John Harbaugh,PIT,Mike Tomlin,27.0,31.0,False,0,0
2016_16_CIN_HOU,2016,16,REG,HOU,Bill O'Brien,CIN,Marvin Lewis,12.0,10.0,True,1,0
2016_16_CIN_HOU,2016,16,REG,CIN,Marvin Lewis,HOU,Bill O'Brien,10.0,12.0,False,0,0
2016_16_DEN_KC,2016,16,REG,KC,Andy Reid,DEN,Gary Kubiak,33.0,10.0,True,1,0
2016_16_DEN_KC,2016,16,REG,DEN,Gary Kubiak,KC,Andy Reid,10.0,33.0,False,0,0
2016_16_DET_DAL,2016,16,REG,DAL,Jason Garrett,DET,Jim Caldwell,42.0,21.0,True,1,0
2016_16_DET_DAL,2016,16,REG,DET,Jim Caldwell,DAL,Jason Garrett,21.0,42.0,False,0,0
2016_16_IND_OAK,2016,16,REG,LV,Jack Del Rio,IND,Chuck Pagano,33.0,25.0,True,1,0
2016_16_IND_OAK,2016,16,REG,IND,Chuck Pagano,LV,Jack Del Rio,25.0,33.0,False,0,0
2016_16_MIA_BUF,2016,16,REG,BUF,Rex Ryan,MIA,Adam Gase,31.0,34.0,True,0,0
2016_16_MIA_BUF,2016,16,REG,MIA,Adam Gase,BUF,Rex Ryan,34.0,31.0,False,1,0
2016_16_MIN_GB,2016,16,REG,GB,Mike McCarthy,MIN,Mike Zimmer,38.0,25.0,True,1,0
2016_16_MIN_GB,2016,16,REG,MIN,Mike Zimmer,GB,Mike McCarthy,25.0,38.0,False,0,0
2016_16_NYG_PHI,2016,16,REG,PHI,Doug Pederson,NYG,Ben McAdoo,24.0,19.0,True,1,0
2016_16_NYG_PHI,2016,16,REG,NYG,Ben McAdoo,PHI,Doug Pederson,19.0,24.0,False,0,0
2016_16_NYJ_NE,2016,16,REG,NE,Bill Belichick,NYJ,Todd Bowles,41.0,3.0,True,1,0
2016_16_NYJ_NE,2016,16,REG,NYJ,Todd Bowles,NE,Bill Belichick,3.0,41.0,False,0,0
2016_16_SD_CLE,2016,16,REG,CLE,Hue Jackson,LAC,Mike McCoy,20.0,17.0,True,1,0
2016_16_SD_CLE,2016,16,REG,LAC,Mike McCoy,CLE,Hue Jackson,17.0,20.0,False,0,0
2016_16_SF_LA,2016,16,REG,LA,Jeff Fisher,SF,Chip Kelly,21.0,22.0,True,0,0
2016_16_SF_LA,2016,16,REG,SF,Chip Kelly,LA,Jeff Fisher,22.0,21.0,False,1,0
2016_16_TB_NO,2016,16,REG,NO,Sean Payton,TB,Dirk Koetter,31.0,24.0,True,1,0
2016_16_TB_NO,2016,16,REG,TB,Dirk Koetter,NO,Sean Payton,24.0,31.0,False,0,0
2016_16_TEN_JAX,2016,16,REG,JAX,Doug Marrone,TEN,Mike Mularkey,38.0,17.0,True,1,0
2016_16_TEN_JAX,2016,16,REG,TEN,Mike Mularkey,JAX,Doug Marrone,17.0,38.0,False,0,0
2016_16_WAS_CHI,2016,16,REG,CHI,John Fox,WAS,Jay Gruden,21.0,41.0,True,0,0
2016_16_WAS_CHI,2016,16,REG,WAS,Jay Gruden,CHI,John Fox,41.0,21.0,False,1,0
2016_17_ARI_LA,2016,17,REG,LA,Jeff Fisher,ARI,Bruce Arians,6.0,44.0,True,0,0
2016_17_ARI_LA,2016,17,REG,ARI,Bruce Arians,LA,Jeff Fisher,44.0,6.0,False,1,0
2016_17_BAL_CIN,2016,17,REG,CIN,Marvin Lewis,BAL,John Harbaugh,27.0,10.0,True,1,0
2016_17_BAL_CIN,2016,17,REG,BAL,John Harbaugh,CIN,Marvin Lewis,10.0,27.0,False,0,0
2016_17_BUF_NYJ,2016,17,REG,NYJ,Todd Bowles,BUF,Anthony Lynn,30.0,10.0,True,1,0
2016_17_BUF_NYJ,2016,17,REG,BUF,Anthony Lynn,NYJ,Todd Bowles,10.0,30.0,False,0,0
2016_17_CAR_TB,2016,17,REG,TB,Dirk Koetter,CAR,Ron Rivera,17.0,16.0,True,1,0
2016_17_CAR_TB,2016,17,REG,CAR,Ron Rivera,TB,Dirk Koetter,16.0,17.0,False,0,0
2016_17_CHI_MIN,2016,17,REG,MIN,Mike Zimmer,CHI,John Fox,38.0,10.0,True,1,0
2016_17_CHI_MIN,2016,17,REG,CHI,John Fox,MIN,Mike Zimmer,10.0,38.0,False,0,0
2016_17_CLE_PIT,2016,17,REG,PIT,Mike Tomlin,CLE,Hue Jackson,27.0,24.0,True,1,0
2016_17_CLE_PIT,2016,17,REG,CLE,Hue Jackson,PIT,Mike Tomlin,24.0,27.0,False,0,0
2016_17_DAL_PHI,2016,17,REG,PHI,Doug Pederson,DAL,Jason Garrett,27.0,13.0,True,1,0
2016_17_DAL_PHI,2016,17,REG,DAL,Jason Garrett,PHI,Doug Pederson,13.0,27.0,False,0,0
2016_17_GB_DET,2016,17,REG,DET,Jim Caldwell,GB,Mike McCarthy,24.0,31.0,True,0,0
2016_17_GB_DET,2016,17,REG,GB,Mike McCarthy,DET,Jim Caldwell,31.0,24.0,False,1,0
2016_17_HOU_TEN,2016,17,REG,TEN,Mike Mularkey,HOU,Bill O'Brien,24.0,17.0,True,1,0
2016_17_HOU_TEN,2016,17,REG,HOU,Bill O'Brien,TEN,Mike Mularkey,17.0,24.0,False,0,0
2016_17_JAX_IND,2016,17,REG,IND,Chuck Pagano,JAX,Doug Marrone,24.0,20.0,True,1,0
2016_17_JAX_IND,2016,17,REG,JAX,Doug Marrone,IND,Chuck Pagano,20.0,24.0,False,0,0
2016_17_KC_SD,2016,17,REG,LAC,Mike McCoy,KC,Andy Reid,27.0,37.0,True,0,0
2016_17_KC_SD,2016,17,REG,KC,Andy Reid,LAC,Mike McCoy,37.0,27.0,False,1,0
2016_17_NE_MIA,2016,17,REG,MIA,Adam Gase,NE,Bill Belichick,14.0,35.0,True,0,0
2016_17_NE_MIA,2016,17,REG,NE,Bill Belichick,MIA,Adam Gase,35.0,14.0,False,1,0
2016_17_NO_ATL,2016,17,REG,ATL,Dan Quinn,NO,Sean Payton,38.0,32.0,True,1,0
2016_17_NO_ATL,2016,17,REG,NO,Sean Payton,ATL,Dan Quinn,32.0,38.0,False,0,0
2016_17_NYG_WAS,2016,17,REG,WAS,Jay Gruden,NYG,Ben McAdoo,10.0,19.0,True,0,0
2016_17_NYG_WAS,2016,17,REG,NYG,Ben McAdoo,WAS,Jay Gruden,19.0,10.0,False,1,0
2016_17_OAK_DEN,2016,17,REG,DEN,Gary Kubiak,LV,Jack Del Rio,24.0,6.0,True,1,0
2016_17_OAK_DEN,2016,17,REG,LV,Jack Del Rio,DEN,Gary Kubiak,6.0,24.0,False,0,0
2016_17_SEA_SF,2016,17,REG,SF,Chip Kelly,SEA,Pete Carroll,23.0,25.0,True,0,0
2016_17_SEA_SF,2016,17,REG,SEA,Pete Carroll,SF,Chip Kelly,25.0,23.0,False,1,0
2016_18_DET_SEA,2016,18,POST,SEA,Pete Carroll,DET,Jim Caldwell,26.0,6.0,True,1,0
2016_18_DET_SEA,2016,18,POST,DET,Jim Caldwell,SEA,Pete Carroll,6.0,26.0,False,0,0
2016_18_MIA_PIT,2016,18,POST,PIT,Mike Tomlin,MIA,Adam Gase,30.0,12.0,True,1,0
2016_18_MIA_PIT,2016,18,POST,MIA,Adam Gase,PIT,Mike Tomlin,12.0,30.0,False,0,0
2016_18_NYG_GB,2016,18,POST,GB,Mike McCarthy,NYG,Ben McAdoo,38.0,13.0,True,1,0
2016_18_NYG_GB,2016,18,POST,NYG,Ben McAdoo,GB,Mike McCarthy,13.0,38.0,False,0,0
2016_18_OAK_HOU,2016,18,POST,HOU,Bill O'Brien,LV,Jack Del Rio,27.0,14.0,True,1,0
2016_18_OAK_HOU,2016,18,POST,LV,Jack Del Rio,HOU,Bill O'Brien,14.0,27.0,False,0,0
2016_19_GB_DAL,2016,19,POST,DAL,Jason Garrett,GB,Mike McCarthy,31.0,34.0,True,0,0
2016_19_GB_DAL,2016,19,POST,GB,Mike McCarthy,DAL,Jason Garrett,34.0,31.0,False,1,0
2016_19_HOU_NE,2016,19,POST,NE,Bill Belichick,HOU,Bill O'Brien,34.0,16.0,True,1,0
2016_19_HOU_NE,2016,19,POST,HOU,Bill O'Brien,NE,Bill Belichick,16.0,34.0,False,0,0
2016_19_PIT_KC,2016,19,POST,KC,Andy Reid,PIT,Mike Tomlin,16.0,18.0,True,0,0
2016_19_PIT_KC,2016,19,POST,PIT,Mike Tomlin,KC,Andy Reid,18.0,16.0,False,1,0
2016_19_SEA_ATL,2016,19,POST,ATL,Dan Quinn,SEA,Pete Carroll,36.0,20.0,True,1,0
2016_19_SEA_ATL,2016,19,POST,SEA,Pete Carroll,ATL,Dan Quinn,20.0,36.0,False,0,0
2016_20_GB_ATL,2016,20,POST,ATL,Dan Quinn,GB,Mike McCarthy,44.0,21.0,True,1,0
2016_20_GB_ATL,2016,20,POST,GB,Mike McCarthy,ATL,Dan Quinn,21.0,44.0,False,0,0
2016_20_PIT_NE,2016,20,POST,NE,Bill Belichick,PIT,Mike Tomlin,36.0,17.0,True,1,0
2016_20_PIT_NE,2016,20,POST,PIT,Mike Tomlin,NE,Bill Belichick,17.0,36.0,False,0,0
2016_21_NE_ATL,2016,21,POST,ATL,Dan Quinn,NE,Bill Belichick,28.0,34.0,True,0,0
2016_21_NE_ATL,2016,21,POST,NE,Bill Belichick,ATL,Dan Quinn,34.0,28.0,False,1,0
2017_01_ARI_DET,2017,1,REG,DET,Jim Caldwell,ARI,Bruce Arians,35.0,23.0,True,1,0
2017_01_ARI_DET,2017,1,REG,ARI,Bruce Arians,DET,Jim Caldwell,23.0,35.0,False,0,0
2017_01_ATL_CHI,2017,1,REG,CHI,John Fox,ATL,Dan Quinn,17.0,23.0,True,0,0
2017_01_ATL_CHI,2017,1,REG,ATL,Dan Quinn,CHI,John Fox,23.0,17.0,False,1,0
2017_01_BAL_CIN,2017,1,REG,CIN,Marvin Lewis,BAL,John Harbaugh,0.0,20.0,True,0,0
2017_01_BAL_CIN,2017,1,REG,BAL,John Harbaugh,CIN,Marvin Lewis,20.0,0.0,False,1,0
2017_01_CAR_SF,2017,1,REG,SF,Kyle Shanahan,CAR,Ron Rivera,3.0,23.0,True,0,0
2017_01_CAR_SF,2017,1,REG,CAR,Ron Rivera,SF,Kyle Shanahan,23.0,3.0,False,1,0
2017_01_IND_LA,2017,1,REG,LA,Sean McVay,IND,Chuck Pagano,46.0,9.0,True,1,0
2017_01_IND_LA,2017,1,REG,IND,Chuck Pagano,LA,Sean McVay,9.0,46.0,False,0,0
2017_01_JAX_HOU,2017,1,REG,HOU,Bill O'Brien,JAX,Doug Marrone,7.0,29.0,True,0,0
2017_01_JAX_HOU,2017,1,REG,JAX,Doug Marrone,HOU,Bill O'Brien,29.0,7.0,False,1,0
2017_01_KC_NE,2017,1,REG,NE,Bill Belichick,KC,Andy Reid,27.0,42.0,True,0,0
2017_01_KC_NE,2017,1,REG,KC,Andy Reid,NE,Bill Belichick,42.0,27.0,False,1,0
2017_01_LAC_DEN,2017,1,REG,DEN,Vance Joseph,LAC,Anthony Lynn,24.0,21.0,True,1,0
2017_01_LAC_DEN,2017,1,REG,LAC,Anthony Lynn,DEN,Vance Joseph,21.0,24.0,False,0,0
2017_01_NO_MIN,2017,1,REG,MIN,Mike Zimmer,NO,Sean Payton,29.0,19.0,True,1,0
2017_01_NO_MIN,2017,1,REG,NO,Sean Payton,MIN,Mike Zimmer,19.0,29.0,False,0,0
2017_01_NYG_DAL,2017,1,REG,DAL,Jason Garrett,NYG,Ben McAdoo,19.0,3.0,True,1,0
2017_01_NYG_DAL,2017,1,REG,NYG,Ben McAdoo,DAL,Jason Garrett,3.0,19.0,False,0,0
2017_01_NYJ_BUF,2017,1,REG,BUF,Sean McDermott,NYJ,Todd Bowles,21.0,12.0,True,1,0
2017_01_NYJ_BUF,2017,1,REG,NYJ,Todd Bowles,BUF,Sean McDermott,12.0,21.0,False,0,0
2017_01_OAK_TEN,2017,1,REG,TEN,Mike Mularkey,LV,Jack Del Rio,16.0,26.0,True,0,0
2017_01_OAK_TEN,2017,1,REG,LV,Jack Del Rio,TEN,Mike Mularkey,26.0,16.0,False,1,0
2017_01_PHI_WAS,2017,1,REG,WAS,Jay Gruden,PHI,Doug Pederson,17.0,30.0,True,0,0
2017_01_PHI_WAS,2017,1,REG,PHI,Doug Pederson,WAS,Jay Gruden,30.0,17.0,False,1,0
2017_01_PIT_CLE,2017,1,REG,CLE,Hue Jackson,PIT,Mike Tomlin,18.0,21.0,True,0,0
2017_01_PIT_CLE,2017,1,REG,PIT,Mike Tomlin,CLE,Hue Jackson,21.0,18.0,False,1,0
2017_01_SEA_GB,2017,1,REG,GB,Mike McCarthy,SEA,Pete Carroll,17.0,9.0,True,1,0
2017_01_SEA_GB,2017,1,REG,SEA,Pete Carroll,GB,Mike McCarthy,9.0,17.0,False,0,0
2017_02_ARI_IND,2017,2,REG,IND,Chuck Pagano,ARI,Bruce Arians,13.0,16.0,True,0,0
2017_02_ARI_IND,2017,2,REG,ARI,Bruce Arians,IND,Chuck Pagano,16.0,13.0,False,1,0
2017_02_BUF_CAR,2017,2,REG,CAR,Ron Rivera,BUF,Sean McDermott,9.0,3.0,True,1,0
2017_02_BUF_CAR,2017,2,REG,BUF,Sean McDermott,CAR,Ron Rivera,3.0,9.0,False,0,0
2017_02_CHI_TB,2017,2,REG,TB,Dirk Koetter,CHI,John Fox,29.0,7.0,True,1,0
2017_02_CHI_TB,2017,2,REG,CHI,John Fox,TB,Dirk Koetter,7.0,29.0,False,0,0
2017_02_CLE_BAL,2017,2,REG,BAL,John Harbaugh,CLE,Hue Jackson,24.0,10.0,True,1,0
2017_02_CLE_BAL,2017,2,REG,CLE,Hue Jackson,BAL,John Harbaugh,10.0,24.0,False,0,0
2017_02_DAL_DEN,2017,2,REG,DEN,Vance Joseph,DAL,Jason Garrett,42.0,17.0,True,1,0
2017_02_DAL_DEN,2017,2,REG,DAL,Jason Garrett,DEN,Vance Joseph,17.0,42.0,False,0,0
2017_02_DET_NYG,2017,2,REG,NYG,Ben McAdoo,DET,Jim Caldwell,10.0,24.0,True,0,0
2017_02_DET_NYG,2017,2,REG,DET,Jim Caldwell,NYG,Ben McAdoo,24.0,10.0,False,1,0
2017_02_GB_ATL,2017,2,REG,ATL,Dan Quinn,GB,Mike McCarthy,34.0,23.0,True,1,0
2017_02_GB_ATL,2017,2,REG,GB,Mike McCarthy,ATL,Dan Quinn,23.0,34.0,False,0,0
2017_02_HOU_CIN,2017,2,REG,CIN,Marvin Lewis,HOU,Bill O'Brien,9.0,13.0,True,0,0
2017_02_HOU_CIN,2017,2,REG,HOU,Bill O'Brien,CIN,Marvin Lewis,13.0,9.0,False,1,0
2017_02_MIA_LAC,2017,2,REG,LAC,Anthony Lynn,MIA,Adam Gase,17.0,19.0,True,0,0
2017_02_MIA_LAC,2017,2,REG,MIA,Adam Gase,LAC,Anthony Lynn,19.0,17.0,False,1,0
2017_02_MIN_PIT,2017,2,REG,PIT,Mike Tomlin,MIN,Mike Zimmer,26.0,9.0,True,1,0
2017_02_MIN_PIT,2017,2,REG,MIN,Mike Zimmer,PIT,Mike Tomlin,9.0,26.0,False,0,0
2017_02_NE_NO,2017,2,REG,NO,Sean Payton,NE,Bill Belichick,20.0,36.0,True,0,0
2017_02_NE_NO,2017,2,REG,NE,Bill Belichick,NO,Sean Payton,36.0,20.0,False,1,0
2017_02_NYJ_OAK,2017,2,REG,LV,Jack Del Rio,NYJ,Todd Bowles,45.0,20.0,True,1,0
2017_02_NYJ_OAK,2017,2,REG,NYJ,Todd Bowles,LV,Jack Del Rio,20.0,45.0,False,0,0
2017_02_PHI_KC,2017,2,REG,KC,Andy Reid,PHI,Doug Pederson,27.0,20.0,True,1,0
2017_02_PHI_KC,2017,2,REG,PHI,Doug Pederson,KC,Andy Reid,20.0,27.0,False,0,0
2017_02_SF_SEA,2017,2,REG,SEA,Pete Carroll,SF,Kyle Shanahan,12.0,9.0,True,1,0
2017_02_SF_SEA,2017,2,REG,SF,Kyle Shanahan,SEA,Pete Carroll,9.0,12.0,False,0,0
2017_02_TEN_JAX,2017,2,REG,JAX,Doug Marrone,TEN,Mike Mularkey,16.0,37.0,True,0,0
2017_02_TEN_JAX,2017,2,REG,TEN,Mike Mularkey,JAX,Doug Marrone,37.0,16.0,False,1,0
2017_02_WAS_LA,2017,2,REG,LA,Sean McVay,WAS,Jay Gruden,20.0,27.0,True,0,0
2017_02_WAS_LA,2017,2,REG,WAS,Jay Gruden,LA,Sean McVay,27.0,20.0,False,1,0
2017_03_ATL_DET,2017,3,REG,DET,Jim Caldwell,ATL,Dan Quinn,26.0,30.0,True,0,0
2017_03_ATL_DET,2017,3,REG,ATL,Dan Quinn,DET,Jim Caldwell,30.0,26.0,False,1,0
2017_03_BAL_JAX,2017,3,REG,JAX,Doug Marrone,BAL,John Harbaugh,44.0,7.0,True,1,0
2017_03_BAL_JAX,2017,3,REG,BAL,John Harbaugh,JAX,Doug Marrone,7.0,44.0,False,0,0
2017_03_CIN_GB,2017,3,REG,GB,Mike McCarthy,CIN,Marvin Lewis,27.0,24.0,True,1,0
2017_03_CIN_GB,2017,3,REG,CIN,Marvin Lewis,GB,Mike McCarthy,24.0,27.0,False,0,0
2017_03_CLE_IND,2017,3,REG,IND,Chuck Pagano,CLE,Hue Jackson,31.0,28.0,True,1,0
2017_03_CLE_IND,2017,3,REG,CLE,Hue Jackson,IND,Chuck Pagano,28.0,31.0,False,0,0
2017_03_DAL_ARI,2017,3,REG,ARI,Bruce Arians,DAL,Jason Garrett,17.0,28.0,True,0,0
2017_03_DAL_ARI,2017,3,REG,DAL,Jason Garrett,ARI,Bruce Arians,28.0,17.0,False,1,0
2017_03_DEN_BUF,2017,3,REG,BUF,Sean McDermott,DEN,Vance Joseph,26.0,16.0,True,1,0
2017_03_DEN_BUF,2017,3,REG,DEN,Vance Joseph,BUF,Sean McDermott,16.0,26.0,False,0,0
2017_03_HOU_NE,2017,3,REG,NE,Bill Belichick,HOU,Bill O'Brien,36.0,33.0,True,1,0
2017_03_HOU_NE,2017,3,REG,HOU,Bill O'Brien,NE,Bill Belichick,33.0,36.0,False,0,0
2017_03_KC_LAC,2017,3,REG,LAC,Anthony Lynn,KC,Andy Reid,10.0,24.0,True,0,0
2017_03_KC_LAC,2017,3,REG,KC,Andy Reid,LAC,Anthony Lynn,24.0,10.0,False,1,0
2017_03_LA_SF,2017,3,REG,SF,Kyle Shanahan,LA,Sean McVay,39.0,41.0,True,0,0
2017_03_LA_SF,2017,3,REG,LA,Sean McVay,SF,Kyle Shanahan,41.0,39.0,False,1,0
2017_03_MIA_NYJ,2017,3,REG,NYJ,Todd Bowles,MIA,Adam Gase,20.0,6.0,True,1,0
2017_03_MIA_NYJ,2017,3,REG,MIA,Adam Gase,NYJ,Todd Bowles,6.0,20.0,False,0,0
2017_03_NO_CAR,2017,3,REG,CAR,Ron Rivera,NO,Sean Payton,13.0,34.0,True,0,0
2017_03_NO_CAR,2017,3,REG,NO,Sean Payton,CAR,Ron Rivera,34.0,13.0,False,1,0
2017_03_NYG_PHI,2017,3,REG,PHI,Doug Pederson,NYG,Ben McAdoo,27.0,24.0,True,1,0
2017_03_NYG_PHI,2017,3,REG,NYG,Ben McAdoo,PHI,Doug Pederson,24.0,27.0,False,0,0
2017_03_OAK_WAS,2017,3,REG,WAS,Jay Gruden,LV,Jack Del Rio,27.0,10.0,True,1,0
2017_03_OAK_WAS,2017,3,REG,LV,Jack Del Rio,WAS,Jay Gruden,10.0,27.0,False,0,0
2017_03_PIT_CHI,2017,3,REG,CHI,John Fox,PIT,Mike Tomlin,23.0,17.0,True,1,0
2017_03_PIT_CHI,2017,3,REG,PIT,Mike Tomlin,CHI,John Fox,17.0,23.0,False,0,0
2017_03_SEA_TEN,2017,3,REG,TEN,Mike Mularkey,SEA,Pete Carroll,33.0,27.0,True,1,0
2017_03_SEA_TEN,2017,3,REG,SEA,Pete Carroll,TEN,Mike Mularkey,27.0,33.0,False,0,0
2017_03_TB_MIN,2017,3,REG,MIN,Mike Zimmer,TB,Dirk Koetter,34.0,17.0,True,1,0
2017_03_TB_MIN,2017,3,REG,TB,Dirk Koetter,MIN,Mike Zimmer,17.0,34.0,False,0,0
2017_04_BUF_ATL,2017,4,REG,ATL,Dan Quinn,BUF,Sean McDermott,17.0,23.0,True,0,0
2017_04_BUF_ATL,2017,4,REG,BUF,Sean McDermott,ATL,Dan Quinn,23.0,17.0,False,1,0
2017_04_CAR_NE,2017,4,REG,NE,Bill Belichick,CAR,Ron Rivera,30.0,33.0,True,0,0
2017_04_CAR_NE,2017,4,REG,CAR,Ron Rivera,NE,Bill Belichick,33.0,30.0,False,1,0
2017_04_CHI_GB,2017,4,REG,GB,Mike McCarthy,CHI,John Fox,35.0,14.0,True,1,0
2017_04_CHI_GB,2017,4,REG,CHI,John Fox,GB,Mike McCarthy,14.0,35.0,False,0,0
2017_04_CIN_CLE,2017,4,REG,CLE,Hue Jackson,CIN,Marvin Lewis,7.0,31.0,True,0,0
2017_04_CIN_CLE,2017,4,REG,CIN,Marvin Lewis,CLE,Hue Jackson,31.0,7.0,False,1,0
2017_04_DET_MIN,2017,4,REG,MIN,Mike Zimmer,DET,Jim Caldwell,7.0,14.0,True,0,0
2017_04_DET_MIN,2017,4,REG,DET,Jim Caldwell,MIN,Mike Zimmer,14.0,7.0,False,1,0
2017_04_IND_SEA,2017,4,REG,SEA,Pete Carroll,IND,Chuck Pagano,46.0,18.0,True,1,0
2017_04_IND_SEA,2017,4,REG,IND,Chuck Pagano,SEA,Pete Carroll,18.0,46.0,False,0,0
2017_04_JAX_NYJ,2017,4,REG,NYJ,Todd Bowles,JAX,Doug Marrone,23.0,20.0,True,1,0
2017_04_JAX_NYJ,2017,4,REG,JAX,Doug Marrone,NYJ,Todd Bowles,20.0,23.0,False,0,0
2017_04_LA_DAL,2017,4,REG,DAL,Jason Garrett,LA,Sean McVay,30.0,35.0,True,0,0
2017_04_LA_DAL,2017,4,REG,LA,Sean McVay,DAL,Jason Garrett,35.0,30.0,False,1,0
2017_04_NO_MIA,2017,4,REG,MIA,Adam Gase,NO,Sean Payton,0.0,20.0,True,0,0
2017_04_NO_MIA,2017,4,REG,NO,Sean Payton,MIA,Adam Gase,20.0,0.0,False,1,0
2017_04_NYG_TB,2017,4,REG,TB,Dirk Koetter,NYG,Ben McAdoo,25.0,23.0,True,1,0
2017_04_NYG_TB,2017,4,REG,NYG,Ben McAdoo,TB,Dirk Koetter,23.0,25.0,False,0,0
2017_04_OAK_DEN,2017,4,REG,DEN,Vance Joseph,LV,Jack Del Rio,16.0,10.0,True,1,0
2017_04_OAK_DEN,2017,4,REG,LV,Jack Del Rio,DEN,Vance Joseph,10.0,16.0,False,0,0
2017_04_PHI_LAC,2017,4,REG,LAC,Anthony Lynn,PHI,Doug Pederson,24.0,26.0,True,0,0
2017_04_PHI_LAC,2017,4,REG,PHI,Doug Pederson,LAC,Anthony Lynn,26.0,24.0,False,1,0
2017_04_PIT_BAL,2017,4,REG,BAL,John Harbaugh,PIT,Mike Tomlin,9.0,26.0,True,0,0
2017_04_PIT_BAL,2017,4,REG,PIT,Mike Tomlin,BAL,John Harbaugh,26.0,9.0,False,1,0
2017_04_SF_ARI,2017,4,REG,ARI,Bruce Arians,SF,Kyle Shanahan,18.0,15.0,True,1,0
2017_04_SF_ARI,2017,4,REG,SF,Kyle Shanahan,ARI,Bruce Arians,15.0,18.0,False,0,0
2017_04_TEN_HOU,2017,4,REG,HOU,Bill O'Brien,TEN,Mike Mularkey,57.0,14.0,True,1,0
2017_04_TEN_HOU,2017,4,REG,TEN,Mike Mularkey,HOU,Bill O'Brien,14.0,57.0,False,0,0
2017_04_WAS_KC,2017,4,REG,KC,Andy Reid,WAS,Jay Gruden,29.0,20.0,True,1,0
2017_04_WAS_KC,2017,4,REG,WAS,Jay Gruden,KC,Andy Reid,20.0,29.0,False,0,0
2017_05_ARI_PHI,2017,5,REG,PHI,Doug Pederson,ARI,Bruce Arians,34.0,7.0,True,1,0
2017_05_ARI_PHI,2017,5,REG,ARI,Bruce Arians,PHI,Doug Pederson,7.0,34.0,False,0,0
2017_05_BAL_OAK,2017,5,REG,LV,Jack Del Rio,BAL,John Harbaugh,17.0,30.0,True,0,0
2017_05_BAL_OAK,2017,5,REG,BAL,John Harbaugh,LV,Jack Del Rio,30.0,17.0,False,1,0
2017_05_BUF_CIN,2017,5,REG,CIN,Marvin Lewis,BUF,Sean McDermott,20.0,16.0,True,1,0
2017_05_BUF_CIN,2017,5,REG,BUF,Sean McDermott,CIN,Marvin Lewis,16.0,20.0,False,0,0
2017_05_CAR_DET,2017,5,REG,DET,Jim Caldwell,CAR,Ron Rivera,24.0,27.0,True,0,0
2017_05_CAR_DET,2017,5,REG,CAR,Ron Rivera,DET,Jim Caldwell,27.0,24.0,False,1,0
2017_05_GB_DAL,2017,5,REG,DAL,Jason Garrett,GB,Mike McCarthy,31.0,35.0,True,0,0
2017_05_GB_DAL,2017,5,REG,GB,Mike McCarthy,DAL,Jason Garrett,35.0,31.0,False,1,0
2017_05_JAX_PIT,2017,5,REG,PIT,Mike Tomlin,JAX,Doug Marrone,9.0,30.0,True,0,0
2017_05_JAX_PIT,2017,5,REG,JAX,Doug Marrone,PIT,Mike Tomlin,30.0,9.0,False,1,0
2017_05_KC_HOU,2017,5,REG,HOU,Bill O'Brien,KC,Andy Reid,34.0,42.0,True,0,0
2017_05_KC_HOU,2017,5,REG,KC,Andy Reid,HOU,Bill O'Brien,42.0,34.0,False,1,0
2017_05_LAC_NYG,2017,5,REG,NYG,Ben McAdoo,LAC,Anthony Lynn,22.0,27.0,True,0,0
2017_05_LAC_NYG,2017,5,REG,LAC,Anthony Lynn,NYG,Ben McAdoo,27.0,22.0,False,1,0
2017_05_MIN_CHI,2017,5,REG,CHI,John Fox,MIN,Mike Zimmer,17.0,20.0,True,0,0
2017_05_MIN_CHI,2017,5,REG,MIN,Mike Zimmer,CHI,John Fox,20.0,17.0,False,1,0
2017_05_NE_TB,2017,5,REG,TB,Dirk Koetter,NE,Bill Belichick,14.0,19.0,True,0,0
2017_05_NE_TB,2017,5,REG,NE,Bill Belichick,TB,Dirk Koetter,19.0,14.0,False,1,0
2017_05_NYJ_CLE,2017,5,REG,CLE,Hue Jackson,NYJ,Todd Bowles,14.0,17.0,True,0,0
2017_05_NYJ_CLE,2017,5,REG,NYJ,Todd Bowles,CLE,Hue Jackson,17.0,14.0,False,1,0
2017_05_SEA_LA,2017,5,REG,LA,Sean McVay,SEA,Pete Carroll,10.0,16.0,True,0,0
2017_05_SEA_LA,2017,5,REG,SEA,Pete Carroll,LA,Sean McVay,16.0,10.0,False,1,0
2017_05_SF_IND,2017,5,REG,IND,Chuck Pagano,SF,Kyle Shanahan,26.0,23.0,True,1,0
2017_05_SF_IND,2017,5,REG,SF,Kyle Shanahan,IND,Chuck Pagano,23.0,26.0,False,0,0
2017_05_TEN_MIA,2017,5,REG,MIA,Adam Gase,TEN,Mike Mularkey,16.0,10.0,True,1,0
2017_05_TEN_MIA,2017,5,REG,TEN,Mike Mularkey,MIA,Adam Gase,10.0,16.0,False,0,0
2017_06_CHI_BAL,2017,6,REG,BAL,John Harbaugh,CHI,John Fox,24.0,27.0,True,0,0
2017_06_CHI_BAL,2017,6,REG,CHI,John Fox,BAL,John Harbaugh,27.0,24.0,False,1,0
2017_06_CLE_HOU,2017,6,REG,HOU,Bill O'Brien,CLE,Hue Jackson,33.0,17.0,True,1,0
2017_06_CLE_HOU,2017,6,REG,CLE,Hue Jackson,HOU,Bill O'Brien,17.0,33.0,False,0,0
2017_06_DET_NO,2017,6,REG,NO,Sean Payton,DET,Jim Caldwell,52.0,38.0,True,1,0
2017_06_DET_NO,2017,6,REG,DET,Jim Caldwell,NO,Sean Payton,38.0,52.0,False,0,0
2017_06_GB_MIN,2017,6,REG,MIN,Mike Zimmer,GB,Mike McCarthy,23.0,10.0,True,1,0
2017_06_GB_MIN,2017,6,REG,GB,Mike McCarthy,MIN,Mike Zimmer,10.0,23.0,False,0,0
2017_06_IND_TEN,2017,6,REG,TEN,Mike Mularkey,IND,Chuck Pagano,36.0,22.0,True,1,0
2017_06_IND_TEN,2017,6,REG,IND,Chuck Pagano,TEN,Mike Mularkey,22.0,36.0,False,0,0
2017_06_LAC_OAK,2017,6,REG,LV,Jack Del Rio,LAC,Anthony Lynn,16.0,17.0,True,0,0
2017_06_LAC_OAK,2017,6,REG,LAC,Anthony Lynn,LV,Jack Del Rio,17.0,16.0,False,1,0
2017_06_LA_JAX,2017,6,REG,JAX,Doug Marrone,LA,Sean McVay,17.0,27.0,True,0,0
2017_06_LA_JAX,2017,6,REG,LA,Sean McVay,JAX,Doug Marrone,27.0,17.0,False,1,0
2017_06_MIA_ATL,2017,6,REG,ATL,Dan Quinn,MIA,Adam Gase,17.0,20.0,True,0,0
2017_06_MIA_ATL,2017,6,REG,MIA,Adam Gase,ATL,Dan Quinn,20.0,17.0,False,1,0
2017_06_NE_NYJ,2017,6,REG,NYJ,Todd Bowles,NE,Bill Belichick,17.0,24.0,True,0,0
2017_06_NE_NYJ,2017,6,REG,NE,Bill Belichick,NYJ,Todd Bowles,24.0,17.0,False,1,0
2017_06_NYG_DEN,2017,6,REG,DEN,Vance Joseph,NYG,Ben McAdoo,10.0,23.0,True,0,0
2017_06_NYG_DEN,2017,6,REG,NYG,Ben McAdoo,DEN,Vance Joseph,23.0,10.0,False,1,0
2017_06_PHI_CAR,2017,6,REG,CAR,Ron Rivera,PHI,Doug Pederson,23.0,28.0,True,0,0
2017_06_PHI_CAR,2017,6,REG,PHI,Doug Pederson,CAR,Ron Rivera,28.0,23.0,False,1,0
2017_06_PIT_KC,2017,6,REG,KC,Andy Reid,PIT,Mike Tomlin,13.0,19.0,True,0,0
2017_06_PIT_KC,2017,6,REG,PIT,Mike Tomlin,KC,Andy Reid,19.0,13.0,False,1,0
2017_06_SF_WAS,2017,6,REG,WAS,Jay Gruden,SF,Kyle Shanahan,26.0,24.0,True,1,0
2017_06_SF_WAS,2017,6,REG,SF,Kyle Shanahan,WAS,Jay Gruden,24.0,26.0,False,0,0
2017_06_TB_ARI,2017,6,REG,ARI,Bruce Arians,TB,Dirk Koetter,38.0,33.0,True,1,0
2017_06_TB_ARI,2017,6,REG,TB,Dirk Koetter,ARI,Bruce Arians,33.0,38.0,False,0,0
2017_07_ARI_LA,2017,7,REG,LA,Sean McVay,ARI,Bruce Arians,33.0,0.0,True,1,0
2017_07_ARI_LA,2017,7,REG,ARI,Bruce Arians,LA,Sean McVay,0.0,33.0,False,0,0
2017_07_ATL_NE,2017,7,REG,NE,Bill Belichick,ATL,Dan Quinn,23.0,7.0,True,1,0
2017_07_ATL_NE,2017,7,REG,ATL,Dan Quinn,NE,Bill Belichick,7.0,23.0,False,0,0
2017_07_BAL_MIN,2017,7,REG,MIN,Mike Zimmer,BAL,John Harbaugh,24.0,16.0,True,1,0
2017_07_BAL_MIN,2017,7,REG,BAL,John Harbaugh,MIN,Mike Zimmer,16.0,24.0,False,0,0
2017_07_CAR_CHI,2017,7,REG,CHI,John Fox,CAR,Ron Rivera,17.0,3.0,True,1,0
2017_07_CAR_CHI,2017,7,REG,CAR,Ron Rivera,CHI,John Fox,3.0,17.0,False,0,0
2017_07_CIN_PIT,2017,7,REG,PIT,Mike Tomlin,CIN,Marvin Lewis,29.0,14.0,True,1,0
2017_07_CIN_PIT,2017,7,REG,CIN,Marvin Lewis,PIT,Mike Tomlin,14.0,29.0,False,0,0
2017_07_DAL_SF,2017,7,REG,SF,Kyle Shanahan,DAL,Jason Garrett,10.0,40.0,True,0,0
2017_07_DAL_SF,2017,7,REG,DAL,Jason Garrett,SF,Kyle Shanahan,40.0,10.0,False,1,0
2017_07_DEN_LAC,2017,7,REG,LAC,Anthony Lynn,DEN,Vance Joseph,21.0,0.0,True,1,0
2017_07_DEN_LAC,2017,7,REG,DEN,Vance Joseph,LAC,Anthony Lynn,0.0,21.0,False,0,0
2017_07_JAX_IND,2017,7,REG,IND,Chuck Pagano,JAX,Doug Marrone,0.0,27.0,True,0,0
2017_07_JAX_IND,2017,7,REG,JAX,Doug Marrone,IND,Chuck Pagano,27.0,0.0,False,1,0
2017_07_KC_OAK,2017,7,REG,LV,Jack Del Rio,KC,Andy Reid,31.0,30.0,True,1,0
2017_07_KC_OAK,2017,7,REG,KC,Andy Reid,LV,Jack Del Rio,30.0,31.0,False,0,0
2017_07_NO_GB,2017,7,REG,GB,Mike McCarthy,NO,Sean Payton,17.0,26.0,True,0,0
2017_07_NO_GB,2017,7,REG,NO,Sean Payton,GB,Mike McCarthy,26.0,17.0,False,1,0
2017_07_NYJ_MIA,2017,7,REG,MIA,Adam Gase,NYJ,Todd Bowles,31.0,28.0,True,1,0
2017_07_NYJ_MIA,2017,7,REG,NYJ,Todd Bowles,MIA,Adam Gase,28.0,31.0,False,0,0
2017_07_SEA_NYG,2017,7,REG,NYG,Ben McAdoo,SEA,Pete Carroll,7.0,24.0,True,0,0
2017_07_SEA_NYG,2017,7,REG,SEA,Pete Carroll,NYG,Ben McAdoo,24.0,7.0,False,1,0
2017_07_TB_BUF,2017,7,REG,BUF,Sean McDermott,TB,Dirk Koetter,30.0,27.0,True,1,0
2017_07_TB_BUF,2017,7,REG,TB,Dirk Koetter,BUF,Sean McDermott,27.0,30.0,False,0,0
2017_07_TEN_CLE,2017,7,REG,CLE,Hue Jackson,TEN,Mike Mularkey,9.0,12.0,True,0,0
2017_07_TEN_CLE,2017,7,REG,TEN,Mike Mularkey,CLE,Hue Jackson,12.0,9.0,False,1,0
2017_07_WAS_PHI,2017,7,REG,PHI,Doug Pederson,WAS,Jay Gruden,34.0,24.0,True,1,0
2017_07_WAS_PHI,2017,7,REG,WAS,Jay Gruden,PHI,Doug Pederson,24.0,34.0,False,0,0
2017_08_ATL_NYJ,2017,8,REG,NYJ,Todd Bowles,ATL,Dan Quinn,20.0,25.0,True,0,0
2017_08_ATL_NYJ,2017,8,REG,ATL,Dan Quinn,NYJ,Todd Bowles,25.0,20.0,False,1,0
2017_08_CAR_TB,2017,8,REG,TB,Dirk Koetter,CAR,Ron Rivera,3.0,17.0,True,0,0
2017_08_CAR_TB,2017,8,REG,CAR,Ron Rivera,TB,Dirk Koetter,17.0,3.0,False,1,0
2017_08_CHI_NO,2017,8,REG,NO,Sean Payton,CHI,John Fox,20.0,12.0,True,1,0
2017_08_CHI_NO,2017,8,REG,CHI,John Fox,NO,Sean Payton,12.0,20.0,False,0,0
2017_08_DAL_WAS,2017,8,REG,WAS,Jay Gruden,DAL,Jason Garrett,19.0,33.0,True,0,0
2017_08_DAL_WAS,2017,8,REG,DAL,Jason Garrett,WAS,Jay Gruden,33.0,19.0,False,1,0
2017_08_DEN_KC,2017,8,REG,KC,Andy Reid,DEN,Vance Joseph,29.0,19.0,True,1,0
2017_08_DEN_KC,2017,8,REG,DEN,Vance Joseph,KC,Andy Reid,19.0,29.0,False,0,0
2017_08_HOU_SEA,2017,8,REG,SEA,Pete Carroll,HOU,Bill O'Brien,41.0,38.0,True,1,0
2017_08_HOU_SEA,2017,8,REG,HOU,Bill O'Brien,SEA,Pete Carroll,38.0,41.0,False,0,0
2017_08_IND_CIN,2017,8,REG,CIN,Marvin Lewis,IND,Chuck Pagano,24.0,23.0,True,1,0
2017_08_IND_CIN,2017,8,REG,IND,Chuck Pagano,CIN,Marvin Lewis,23.0,24.0,False,0,0
2017_08_LAC_NE,2017,8,REG,NE,Bill Belichick,LAC,Anthony Lynn,21.0,13.0,True,1,0
2017_08_LAC_NE,2017,8,REG,LAC,Anthony Lynn,NE,Bill Belichick,13.0,21.0,False,0,0
2017_08_MIA_BAL,2017,8,REG,BAL,John Harbaugh,MIA,Adam Gase,40.0,0.0,True,1,0
2017_08_MIA_BAL,2017,8,REG,MIA,Adam Gase,BAL,John Harbaugh,0.0,40.0,False,0,0
2017_08_MIN_CLE,2017,8,REG,CLE,Hue Jackson,MIN,Mike Zimmer,16.0,33.0,True,0,0
2017_08_MIN_CLE,2017,8,REG,MIN,Mike Zimmer,CLE,Hue Jackson,33.0,16.0,False,1,0
2017_08_OAK_BUF,2017,8,REG,BUF,Sean McDermott,LV,Jack Del Rio,34.0,14.0,True,1,0
2017_08_OAK_BUF,2017,8,REG,LV,Jack Del Rio,BUF,Sean McDermott,14.0,34.0,False,0,0
2017_08_PIT_DET,2017,8,REG,DET,Jim Caldwell,PIT,Mike Tomlin,15.0,20.0,True,0,0
2017_08_PIT_DET,2017,8,REG,PIT,Mike Tomlin,DET,Jim Caldwell,20.0,15.0,False,1,0
2017_08_SF_PHI,2017,8,REG,PHI,Doug Pederson,SF,Kyle Shanahan,33.0,10.0,True,1,0
2017_08_SF_PHI,2017,8,REG,SF,Kyle Shanahan,PHI,Doug Pederson,10.0,33.0,False,0,0
2017_09_ARI_SF,2017,9,REG,SF,Kyle Shanahan,ARI,Bruce Arians,10.0,20.0,True,0,0
2017_09_ARI_SF,2017,9,REG,ARI,Bruce Arians,SF,Kyle Shanahan,20.0,10.0,False,1,0
2017_09_ATL_CAR,2017,9,REG,CAR,Ron Rivera,ATL,Dan Quinn,20.0,17.0,True,1,0
2017_09_ATL_CAR,2017,9,REG,ATL,Dan Quinn,CAR,Ron Rivera,17.0,20.0,False,0,0
2017_09_BAL_TEN,2017,9,REG,TEN,Mike Mularkey,BAL,John Harbaugh,23.0,20.0,True,1,0
2017_09_BAL_TEN,2017,9,REG,BAL,John Harbaugh,TEN,Mike Mularkey,20.0,23.0,False,0,0
2017_09_BUF_NYJ,2017,9,REG,NYJ,Todd Bowles,BUF,Sean McDermott,34.0,21.0,True,1,0
2017_09_BUF_NYJ,2017,9,REG,BUF,Sean McDermott,NYJ,Todd Bowles,21.0,34.0,False,0,0
2017_09_CIN_JAX,2017,9,REG,JAX,Doug Marrone,CIN,Marvin Lewis,23.0,7.0,True,1,0
2017_09_CIN_JAX,2017,9,REG,CIN,Marvin Lewis,JAX,Doug Marrone,7.0,23.0,False,0,0
2017_09_DEN_PHI,2017,9,REG,PHI,Doug Pederson,DEN,Vance Joseph,51.0,23.0,True,1,0
2017_09_DEN_PHI,2017,9,REG,DEN,Vance Joseph,PHI,Doug Pederson,23.0,51.0,False,0,0
2017_09_DET_GB,2017,9,REG,GB,Mike McCarthy,DET,Jim Caldwell,17.0,30.0,True,0,0
2017_09_DET_GB,2017,9,REG,DET,Jim Caldwell,GB,Mike McCarthy,30.0,17.0,False,1,0
2017_09_IND_HOU,2017,9,REG,HOU,Bill O'Brien,IND,Chuck Pagano,14.0,20.0,True,0,0
2017_09_IND_HOU,2017,9,REG,IND,Chuck Pagano,HOU,Bill O'Brien,20.0,14.0,False,1,0
2017_09_KC_DAL,2017,9,REG,DAL,Jason Garrett,KC,Andy Reid,28.0,17.0,True,1,0
2017_09_KC_DAL,2017,9,REG,KC,Andy Reid,DAL,Jason Garrett,17.0,28.0,False,0,0
2017_09_LA_NYG,2017,9,REG,NYG,Ben McAdoo,LA,Sean McVay,17.0,51.0,True,0,0
2017_09_LA_NYG,2017,9,REG,LA,Sean McVay,NYG,Ben McAdoo,51.0,17.0,False,1,0
2017_09_OAK_MIA,2017,9,REG,MIA,Adam Gase,LV,Jack Del Rio,24.0,27.0,True,0,0
2017_09_OAK_MIA,2017,9,REG,LV,Jack Del Rio,MIA,Adam Gase,27.0,24.0,False,1,0
2017_09_TB_NO,2017,9,REG,NO,Sean Payton,TB,Dirk Koetter,30.0,10.0,True,1,0
2017_09_TB_NO,2017,9,REG,TB,Dirk Koetter,NO,Sean Payton,10.0,30.0,False,0,0
2017_09_WAS_SEA,2017,9,REG,SEA,Pete Carroll,WAS,Jay Gruden,14.0,17.0,True,0,0
2017_09_WAS_SEA,2017,9,REG,WAS,Jay Gruden,SEA,Pete Carroll,17.0,14.0,False,1,0
2017_10_CIN_TEN,2017,10,REG,TEN,Mike Mularkey,CIN,Marvin Lewis,24.0,20.0,True,1,0
2017_10_CIN_TEN,2017,10,REG,CIN,Marvin Lewis,TEN,Mike Mularkey,20.0,24.0,False,0,0
2017_10_CLE_DET,2017,10,REG,DET,Jim Caldwell,CLE,Hue Jackson,38.0,24.0,True,1,0
2017_10_CLE_DET,2017,10,REG,CLE,Hue Jackson,DET,Jim Caldwell,24.0,38.0,False,0,0
2017_10_DAL_ATL,2017,10,REG,ATL,Dan Quinn,DAL,Jason Garrett,27.0,7.0,True,1,0
2017_10_DAL_ATL,2017,10,REG,DAL,Jason Garrett,ATL,Dan Quinn,7.0,27.0,False,0,0
2017_10_GB_CHI,2017,10,REG,CHI,John Fox,GB,Mike McCarthy,16.0,23.0,True,0,0
2017_10_GB_CHI,2017,10,REG,GB,Mike McCarthy,CHI,John Fox,23.0,16.0,False,1,0
2017_10_HOU_LA,2017,10,REG,LA,Sean McVay,HOU,Bill O'Brien,33.0,7.0,True,1,0
2017_10_HOU_LA,2017,10,REG,HOU,Bill O'Brien,LA,Sean McVay,7.0,33.0,False,0,0
2017_10_LAC_JAX,2017,10,REG,JAX,Doug Marrone,LAC,Anthony Lynn,20.0,17.0,True,1,0
2017_10_LAC_JAX,2017,10,REG,LAC,Anthony Lynn,JAX,Doug Marrone,17.0,20.0,False,0,0
2017_10_MIA_CAR,2017,10,REG,CAR,Ron Rivera,MIA,Adam Gase,45.0,21.0,True,1,0
2017_10_MIA_CAR,2017,10,REG,MIA,Adam Gase,CAR,Ron Rivera,21.0,45.0,False,0,0
2017_10_MIN_WAS,2017,10,REG,WAS,Jay Gruden,MIN,Mike Zimmer,30.0,38.0,True,0,0
2017_10_MIN_WAS,2017,10,REG,MIN,Mike Zimmer,WAS,Jay Gruden,38.0,30.0,False,1,0
2017_10_NE_DEN,2017,10,REG,DEN,Vance Joseph,NE,Bill Belichick,16.0,41.0,True,0,0
2017_10_NE_DEN,2017,10,REG,NE,Bill Belichick,DEN,Vance Joseph,41.0,16.0,False,1,0
2017_10_NO_BUF,2017,10,REG,BUF,Sean McDermott,NO,Sean Payton,10.0,47.0,True,0,0
2017_10_NO_BUF,2017,10,REG,NO,Sean Payton,BUF,Sean McDermott,47.0,10.0,False,1,0
2017_10_NYG_SF,2017,10,REG,SF,Kyle Shanahan,NYG,Ben McAdoo,31.0,21.0,True,1,0
2017_10_NYG_SF,2017,10,REG,NYG,Ben McAdoo,SF,Kyle Shanahan,21.0,31.0,False,0,0
2017_10_NYJ_TB,2017,10,REG,TB,Dirk Koetter,NYJ,Todd Bowles,15.0,10.0,True,1,0
2017_10_NYJ_TB,2017,10,REG,NYJ,Todd Bowles,TB,Dirk Koetter,10.0,15.0,False,0,0
2017_10_PIT_IND,2017,10,REG,IND,Chuck Pagano,PIT,Mike Tomlin,17.0,20.0,True,0,0
2017_10_PIT_IND,2017,10,REG,PIT,Mike Tomlin,IND,Chuck Pagano,20.0,17.0,False,1,0
2017_10_SEA_ARI,2017,10,REG,ARI,Bruce Arians,SEA,Pete Carroll,16.0,22.0,True,0,0
2017_10_SEA_ARI,2017,10,REG,SEA,Pete Carroll,ARI,Bruce Arians,22.0,16.0,False,1,0
2017_11_ARI_HOU,2017,11,REG,HOU,Bill O'Brien,ARI,Bruce Arians,31.0,21.0,True,1,0
2017_11_ARI_HOU,2017,11,REG,ARI,Bruce Arians,HOU,Bill O'Brien,21.0,31.0,False,0,0
2017_11_ATL_SEA,2017,11,REG,SEA,Pete Carroll,ATL,Dan Quinn,31.0,34.0,True,0,0
2017_11_ATL_SEA,2017,11,REG,ATL,Dan Quinn,SEA,Pete Carroll,34.0,31.0,False,1,0
2017_11_BAL_GB,2017,11,REG,GB,Mike McCarthy,BAL,John Harbaugh,0.0,23.0,True,0,0
2017_11_BAL_GB,2017,11,REG,BAL,John Harbaugh,GB,Mike McCarthy,23.0,0.0,False,1,0
2017_11_BUF_LAC,2017,11,REG,LAC,Anthony Lynn,BUF,Sean McDermott,54.0,24.0,True,1,0
2017_11_BUF_LAC,2017,11,REG,BUF,Sean McDermott,LAC,Anthony Lynn,24.0,54.0,False,0,0
2017_11_CIN_DEN,2017,11,REG,DEN,Vance Joseph,CIN,Marvin Lewis,17.0,20.0,True,0,0
2017_11_CIN_DEN,2017,11,REG,CIN,Marvin Lewis,DEN,Vance Joseph,20.0,17.0,False,1,0
2017_11_DET_CHI,2017,11,REG,CHI,John Fox,DET,Jim Caldwell,24.0,27.0,True,0,0
2017_11_DET_CHI,2017,11,REG,DET,Jim Caldwell,CHI,John Fox,27.0,24.0,False,1,0
2017_11_JAX_CLE,2017,11,REG,CLE,Hue Jackson,JAX,Doug Marrone,7.0,19.0,True,0,0
2017_11_JAX_CLE,2017,11,REG,JAX,Doug Marrone,CLE,Hue Jackson,19.0,7.0,False,1,0
2017_11_KC_NYG,2017,11,REG,NYG,Ben McAdoo,KC,Andy Reid,12.0,9.0,True,1,0
2017_11_KC_NYG,2017,11,REG,KC,Andy Reid,NYG,Ben McAdoo,9.0,12.0,False,0,0
2017_11_LA_MIN,2017,11,REG,MIN,Mike Zimmer,LA,Sean McVay,24.0,7.0,True,1,0
2017_11_LA_MIN,2017,11,REG,LA,Sean McVay,MIN,Mike Zimmer,7.0,24.0,False,0,0
2017_11_NE_OAK,2017,11,REG,LV,Jack Del Rio,NE,Bill Belichick,8.0,33.0,True,0,0
2017_11_NE_OAK,2017,11,REG,NE,Bill Belichick,LV,Jack Del Rio,33.0,8.0,False,1,0
2017_11_PHI_DAL,2017,11,REG,DAL,Jason Garrett,PHI,Doug Pederson,9.0,37.0,True,0,0
2017_11_PHI_DAL,2017,11,REG,PHI,Doug Pederson,DAL,Jason Garrett,37.0,9.0,False,1,0
2017_11_TB_MIA,2017,11,REG,MIA,Adam Gase,TB,Dirk Koetter,20.0,30.0,True,0,0
2017_11_TB_MIA,2017,11,REG,TB,Dirk Koetter,MIA,Adam Gase,30.0,20.0,False,1,0
2017_11_TEN_PIT,2017,11,REG,PIT,Mike Tomlin,TEN,Mike Mularkey,40.0,17.0,True,1,0
2017_11_TEN_PIT,2017,11,REG,TEN,Mike Mularkey,PIT,Mike Tomlin,17.0,40.0,False,0,0
2017_11_WAS_NO,2017,11,REG,NO,Sean Payton,WAS,Jay Gruden,34.0,31.0,True,1,0
2017_11_WAS_NO,2017,11,REG,WAS,Jay Gruden,NO,Sean Payton,31.0,34.0,False,0,0
2017_12_BUF_KC,2017,12,REG,KC,Andy Reid,BUF,Sean McDermott,10.0,16.0,True,0,0
2017_12_BUF_KC,2017,12,REG,BUF,Sean McDermott,KC,Andy Reid,16.0,10.0,False,1,0
2017_12_CAR_NYJ,2017,12,REG,NYJ,Todd Bowles,CAR,Ron Rivera,27.0,35.0,True,0,0
2017_12_CAR_NYJ,2017,12,REG,CAR,Ron Rivera,NYJ,Todd Bowles,35.0,27.0,False,1,0
2017_12_CHI_PHI,2017,12,REG,PHI,Doug Pederson,CHI,John Fox,31.0,3.0,True,1,0
2017_12_CHI_PHI,2017,12,REG,CHI,John Fox,PHI,Doug Pederson,3.0,31.0,False,0,0
2017_12_CLE_CIN,2017,12,REG,CIN,Marvin Lewis,CLE,Hue Jackson,30.0,16.0,True,1,0
2017_12_CLE_CIN,2017,12,REG,CLE,Hue Jackson,CIN,Marvin Lewis,16.0,30.0,False,0,0
2017_12_DEN_OAK,2017,12,REG,LV,Jack Del Rio,DEN,Vance Joseph,21.0,14.0,True,1,0
2017_12_DEN_OAK,2017,12,REG,DEN,Vance Joseph,LV,Jack Del Rio,14.0,21.0,False,0,0
2017_12_GB_PIT,2017,12,REG,PIT,Mike Tomlin,GB,Mike McCarthy,31.0,28.0,True,1,0
2017_12_GB_PIT,2017,12,REG,GB,Mike McCarthy,PIT,Mike Tomlin,28.0,31.0,False,0,0
2017_12_HOU_BAL,2017,12,REG,BAL,John Harbaugh,HOU,Bill O'Brien,23.0,16.0,True,1,0
2017_12_HOU_BAL,2017,12,REG,HOU,Bill O'Brien,BAL,John Harbaugh,16.0,23.0,False,0,0
2017_12_JAX_ARI,2017,12,REG,ARI,Bruce Arians,JAX,Doug Marrone,27.0,24.0,True,1,0
2017_12_JAX_ARI,2017,12,REG,JAX,Doug Marrone,ARI,Bruce Arians,24.0,27.0,False,0,0
2017_12_LAC_DAL,2017,12,REG,DAL,Jason Garrett,LAC,Anthony Lynn,6.0,28.0,True,0,0
2017_12_LAC_DAL,2017,12,REG,LAC,Anthony Lynn,DAL,Jason Garrett,28.0,6.0,False,1,0
2017_12_MIA_NE,2017,12,REG,NE,Bill Belichick,MIA,Adam Gase,35.0,17.0,True,1,0
2017_12_MIA_NE,2017,12,REG,MIA,Adam Gase,NE,Bill Belichick,17.0,35.0,False,0,0
2017_12_MIN_DET,2017,12,REG,DET,Jim Caldwell,MIN,Mike Zimmer,23.0,30.0,True,0,0
2017_12_MIN_DET,2017,12,REG,MIN,Mike Zimmer,DET,Jim Caldwell,30.0,23.0,False,1,0
2017_12_NO_LA,2017,12,REG,LA,Sean McVay,NO,Sean Payton,26.0,20.0,True,1,0
2017_12_NO_LA,2017,12,REG,NO,Sean Payton,LA,Sean McVay,20.0,26.0,False,0,0
2017_12_NYG_WAS,2017,12,REG,WAS,Jay Gruden,NYG,Ben McAdoo,20.0,10.0,True,1,0
2017_12_NYG_WAS,2017,12,REG,NYG,Ben McAdoo,WAS,Jay Gruden,10.0,20.0,False,0,0
2017_12_SEA_SF,2017,12,REG,SF,Kyle Shanahan,SEA,Pete Carroll,13.0,24.0,True,0,0
2017_12_SEA_SF,2017,12,REG,SEA,Pete Carroll,SF,Kyle Shanahan,24.0,13.0,False,1,0
2017_12_TB_ATL,2017,12,REG,ATL,Dan Quinn,TB,Dirk Koetter,34.0,20.0,True,1,0
2017_12_TB_ATL,2017,12,REG,TB,Dirk Koetter,ATL,Dan Quinn,20.0,34.0,False,0,0
2017_12_TEN_IND,2017,12,REG,IND,Chuck Pagano,TEN,Mike Mularkey,16.0,20.0,True,0,0
2017_12_TEN_IND,2017,12,REG,TEN,Mike Mularkey,IND,Chuck Pagano,20.0,16.0,False,1,0
2017_13_CAR_NO,2017,13,REG,NO,Sean Payton,CAR,Ron Rivera,31.0,21.0,True,1,0
2017_13_CAR_NO,2017,13,REG,CAR,Ron Rivera,NO,Sean Payton,21.0,31.0,False,0,0
2017_13_CLE_LAC,2017,13,REG,LAC,Anthony Lynn,CLE,Hue Jackson,19.0,10.0,True,1,0
2017_13_CLE_LAC,2017,13,REG,CLE,Hue Jackson,LAC,Anthony Lynn,10.0,19.0,False,0,0
2017_13_DEN_MIA,2017,13,REG,MIA,Adam Gase,DEN,Vance Joseph,35.0,9.0,True,1,0
2017_13_DEN_MIA,2017,13,REG,DEN,Vance Joseph,MIA,Adam Gase,9.0,35.0,False,0,0
2017_13_DET_BAL,2017,13,REG,BAL,John Harbaugh,DET,Jim Caldwell,44.0,20.0,True,1,0
2017_13_DET_BAL,2017,13,REG,DET,Jim Caldwell,BAL,John Harbaugh,20.0,44.0,False,0,0
2017_13_HOU_TEN,2017,13,REG,TEN,Mike Mularkey,HOU,Bill O'Brien,24.0,13.0,True,1,0
2017_13_HOU_TEN,2017,13,REG,HOU,Bill O'Brien,TEN,Mike Mularkey,13.0,24.0,False,0,0
2017_13_IND_JAX,2017,13,REG,JAX,Doug Marrone,IND,Chuck Pagano,30.0,10.0,True,1,0
2017_13_IND_JAX,2017,13,REG,IND,Chuck Pagano,JAX,Doug Marrone,10.0,30.0,False,0,0
2017_13_KC_NYJ,2017,13,REG,NYJ,Todd Bowles,KC,Andy Reid,38.0,31.0,True,1,0
2017_13_KC_NYJ,2017,13,REG,KC,Andy Reid,NYJ,Todd Bowles,31.0,38.0,False,0,0
2017_13_LA_ARI,2017,13,REG,ARI,Bruce Arians,LA,Sean McVay,16.0,32.0,True,0,0
2017_13_LA_ARI,2017,13,REG,LA,Sean McVay,ARI,Bruce Arians,32.0,16.0,False,1,0
2017_13_MIN_ATL,2017,13,REG,ATL,Dan Quinn,MIN,Mike Zimmer,9.0,14.0,True,0,0
2017_13_MIN_ATL,2017,13,REG,MIN,Mike Zimmer,ATL,Dan Quinn,14.0,9.0,False,1,0
2017_13_NE_BUF,2017,13,REG,BUF,Sean McDermott,NE,Bill Belichick,3.0,23.0,True,0,0
2017_13_NE_BUF,2017,13,REG,NE,Bill Belichick,BUF,Sean McDermott,23.0,3.0,False,1,0
2017_13_NYG_OAK,2017,13,REG,LV,Jack Del Rio,NYG,Ben McAdoo,24.0,17.0,True,1,0
2017_13_NYG_OAK,2017,13,REG,NYG,Ben McAdoo,LV,Jack Del Rio,17.0,24.0,False,0,0
2017_13_PHI_SEA,2017,13,REG,SEA,Pete Carroll,PHI,Doug Pederson,24.0,10.0,True,1,0
2017_13_PHI_SEA,2017,13,REG,PHI,Doug Pederson,SEA,Pete Carroll,10.0,24.0,False,0,0
2017_13_PIT_CIN,2017,13,REG,CIN,Marvin Lewis,PIT,Mike Tomlin,20.0,23.0,True,0,0
2017_13_PIT_CIN,2017,13,REG,PIT,Mike Tomlin,CIN,Marvin Lewis,23.0,20.0,False,1,0
2017_13_SF_CHI,2017,13,REG,CHI,John Fox,SF,Kyle Shanahan,14.0,15.0,True,0,0
2017_13_SF_CHI,2017,13,REG,SF,Kyle Shanahan,CHI,John Fox,15.0,14.0,False,1,0
2017_13_TB_GB,2017,13,REG,GB,Mike McCarthy,TB,Dirk Koetter,26.0,20.0,True,1,0
2017_13_TB_GB,2017,13,REG,TB,Dirk Koetter,GB,Mike McCarthy,20.0,26.0,False,0,0
2017_13_WAS_DAL,2017,13,REG,DAL,Jason Garrett,WAS,Jay Gruden,38.0,14.0,True,1,0
2017_13_WAS_DAL,2017,13,REG,WAS,Jay Gruden,DAL,Jason Garrett,14.0,38.0,False,0,0
2017_14_BAL_PIT,2017,14,REG,PIT,Mike Tomlin,BAL,John Harbaugh,39.0,38.0,True,1,0
2017_14_BAL_PIT,2017,14,REG,BAL,John Harbaugh,PIT,Mike Tomlin,38.0,39.0,False,0,0
2017_14_CHI_CIN,2017,14,REG,CIN,Marvin Lewis,CHI,John Fox,7.0,33.0,True,0,0
2017_14_CHI_CIN,2017,14,REG,CHI,John Fox,CIN,Marvin Lewis,33.0,7.0,False,1,0
2017_14_DAL_NYG,2017,14,REG,NYG,Steve Spagnuolo,DAL,Jason Garrett,10.0,30.0,True,0,0
2017_14_DAL_NYG,2017,14,REG,DAL,Jason Garrett,NYG,Steve Spagnuolo,30.0,10.0,False,1,0
2017_14_DET_TB,2017,14,REG,TB,Dirk Koetter,DET,Jim Caldwell,21.0,24.0,True,0,0
2017_14_DET_TB,2017,14,REG,DET,Jim Caldwell,TB,Dirk Koetter,24.0,21.0,False,1,0
2017_14_GB_CLE,2017,14,REG,CLE,Hue Jackson,GB,Mike McCarthy,21.0,27.0,True,0,0
2017_14_GB_CLE,2017,14,REG,GB,Mike McCarthy,CLE,Hue Jackson,27.0,21.0,False,1,0
2017_14_IND_BUF,2017,14,REG,BUF,Sean McDermott,IND,Chuck Pagano,13.0,7.0,True,1,0
2017_14_IND_BUF,2017,14,REG,IND,Chuck Pagano,BUF,Sean McDermott,7.0,13.0,False,0,0
2017_14_MIN_CAR,2017,14,REG,CAR,Ron Rivera,MIN,Mike Zimmer,31.0,24.0,True,1,0
2017_14_MIN_CAR,2017,14,REG,MIN,Mike Zimmer,CAR,Ron Rivera,24.0,31.0,False,0,0
2017_14_NE_MIA,2017,14,REG,MIA,Adam Gase,NE,Bill Belichick,27.0,20.0,True,1,0
2017_14_NE_MIA,2017,14,REG,NE,Bill Belichick,MIA,Adam Gase,20.0,27.0,False,0,0
2017_14_NO_ATL,2017,14,REG,ATL,Dan Quinn,NO,Sean Payton,20.0,17.0,True,1,0
2017_14_NO_ATL,2017,14,REG,NO,Sean Payton,ATL,Dan Quinn,17.0,20.0,False,0,0
2017_14_NYJ_DEN,2017,14,REG,DEN,Vance Joseph,NYJ,Todd Bowles,23.0,0.0,True,1,0
2017_14_NYJ_DEN,2017,14,REG,NYJ,Todd Bowles,DEN,Vance Joseph,0.0,23.0,False,0,0
2017_14_OAK_KC,2017,14,REG,KC,Andy Reid,LV,Jack Del Rio,26.0,15.0,True,1,0
2017_14_OAK_KC,2017,14,REG,LV,Jack Del Rio,KC,Andy Reid,15.0,26.0,False,0,0
2017_14_PHI_LA,2017,14,REG,LA,Sean McVay,PHI,Doug Pederson,35.0,43.0,True,0,0
2017_14_PHI_LA,2017,14,REG,PHI,Doug Pederson,LA,Sean McVay,43.0,35.0,False,1,0
2017_14_SEA_JAX,2017,14,REG,JAX,Doug Marrone,SEA,Pete Carroll,30.0,24.0,True,1,0
2017_14_SEA_JAX,2017,14,REG,SEA,Pete Carroll,JAX,Doug Marrone,24.0,30.0,False,0,0
2017_14_SF_HOU,2017,14,REG,HOU,Bill O'Brien,SF,Kyle Shanahan,16.0,26.0,True,0,0
2017_14_SF_HOU,2017,14,REG,SF,Kyle Shanahan,HOU,Bill O'Brien,26.0,16.0,False,1,0
2017_14_TEN_ARI,2017,14,REG,ARI,Bruce Arians,TEN,Mike Mularkey,12.0,7.0,True,1,0
2017_14_TEN_ARI,2017,14,REG,TEN,Mike Mularkey,ARI,Bruce Arians,7.0,12.0,False,0,0
2017_14_WAS_LAC,2017,14,REG,LAC,Anthony Lynn,WAS,Jay Gruden,30.0,13.0,True,1,0
2017_14_WAS_LAC,2017,14,REG,WAS,Jay Gruden,LAC,Anthony Lynn,13.0,30.0,False,0,0
2017_15_ARI_WAS,2017,15,REG,WAS,Jay Gruden,ARI,Bruce Arians,20.0,15.0,True,1,0
2017_15_ARI_WAS,2017,15,REG,ARI,Bruce Arians,WAS,Jay Gruden,15.0,20.0,False,0,0
2017_15_ATL_TB,2017,15,REG,TB,Dirk Koetter,ATL,Dan Quinn,21.0,24.0,True,0,0
2017_15_ATL_TB,2017,15,REG,ATL,Dan Quinn,TB,Dirk Koetter,24.0,21.0,False,1,0
2017_15_BAL_CLE,2017,15,REG,CLE,Hue Jackson,BAL,John Harbaugh,10.0,27.0,True,0,0
2017_15_BAL_CLE,2017,15,REG,BAL,John Harbaugh,CLE,Hue Jackson,27.0,10.0,False,1,0
2017_15_CHI_DET,2017,15,REG,DET,Jim Caldwell,CHI,John Fox,20.0,10.0,True,1,0
2017_15_CHI_DET,2017,15,REG,CHI,John Fox,DET,Jim Caldwell,10.0,20.0,False,0,0
2017_15_CIN_MIN,2017,15,REG,MIN,Mike Zimmer,CIN,Marvin Lewis,34.0,7.0,True,1,0
2017_15_CIN_MIN,2017,15,REG,CIN,Marvin Lewis,MIN,Mike Zimmer,7.0,34.0,False,0,0
2017_15_DAL_OAK,2017,15,REG,LV,Jack Del Rio,DAL,Jason Garrett,17.0,20.0,True,0,0
2017_15_DAL_OAK,2017,15,REG,DAL,Jason Garrett,LV,Jack Del Rio,20.0,17.0,False,1,0
2017_15_DEN_IND,2017,15,REG,IND,Chuck Pagano,DEN,Vance Joseph,13.0,25.0,True,0,0
2017_15_DEN_IND,2017,15,REG,DEN,Vance Joseph,IND,Chuck Pagano,25.0,13.0,False,1,0
2017_15_GB_CAR,2017,15,REG,CAR,Ron Rivera,GB,Mike McCarthy,31.0,24.0,True,1,0
2017_15_GB_CAR,2017,15,REG,GB,Mike McCarthy,CAR,Ron Rivera,24.0,31.0,False,0,0
2017_15_HOU_JAX,2017,15,REG,JAX,Doug Marrone,HOU,Bill O'Brien,45.0,7.0,True,1,0
2017_15_HOU_JAX,2017,15,REG,HOU,Bill O'Brien,JAX,Doug Marrone,7.0,45.0,False,0,0
2017_15_LAC_KC,2017,15,REG,KC,Andy Reid,LAC,Anthony Lynn,30.0,13.0,True,1,0
2017_15_LAC_KC,2017,15,REG,LAC,Anthony Lynn,KC,Andy Reid,13.0,30.0,False,0,0
2017_15_LA_SEA,2017,15,REG,SEA,Pete Carroll,LA,Sean McVay,7.0,42.0,True,0,0
2017_15_LA_SEA,2017,15,REG,LA,Sean McVay,SEA,Pete Carroll,42.0,7.0,False,1,0
2017_15_MIA_BUF,2017,15,REG,BUF,Sean McDermott,MIA,Adam Gase,24.0,16.0,True,1,0
2017_15_MIA_BUF,2017,15,REG,MIA,Adam Gase,BUF,Sean McDermott,16.0,24.0,False,0,0
2017_15_NE_PIT,2017,15,REG,PIT,Mike Tomlin,NE,Bill Belichick,24.0,27.0,True,0,0
2017_15_NE_PIT,2017,15,REG,NE,Bill Belichick,PIT,Mike Tomlin,27.0,24.0,False,1,0
2017_15_NYJ_NO,2017,15,REG,NO,Sean Payton,NYJ,Todd Bowles,31.0,19.0,True,1,0
2017_15_NYJ_NO,2017,15,REG,NYJ,Todd Bowles,NO,Sean Payton,19.0,31.0,False,0,0
2017_15_PHI_NYG,2017,15,REG,NYG,Steve Spagnuolo,PHI,Doug Pederson,29.0,34.0,True,0,0
2017_15_PHI_NYG,2017,15,REG,PHI,Doug Pederson,NYG,Steve Spagnuolo,34.0,29.0,False,1,0
2017_15_TEN_SF,2017,15,REG,SF,Kyle Shanahan,TEN,Mike Mularkey,25.0,23.0,True,1,0
2017_15_TEN_SF,2017,15,REG,TEN,Mike Mularkey,SF,Kyle Shanahan,23.0,25.0,False,0,0
2017_16_ATL_NO,2017,16,REG,NO,Sean Payton,ATL,Dan Quinn,23.0,13.0,True,1,0
2017_16_ATL_NO,2017,16,REG,ATL,Dan Quinn,NO,Sean Payton,13.0,23.0,False,0,0
2017_16_BUF_NE,2017,16,REG,NE,Bill Belichick,BUF,Sean McDermott,37.0,16.0,True,1,0
2017_16_BUF_NE,2017,16,REG,BUF,Sean McDermott,NE,Bill Belichick,16.0,37.0,False,0,0
2017_16_CLE_CHI,2017,16,REG,CHI,John Fox,CLE,Hue Jackson,20.0,3.0,True,1,0
2017_16_CLE_CHI,2017,16,REG,CLE,Hue Jackson,CHI,John Fox,3.0,20.0,False,0,0
2017_16_DEN_WAS,2017,16,REG,WAS,Jay Gruden,DEN,Vance Joseph,27.0,11.0,True,1,0
2017_16_DEN_WAS,2017,16,REG,DEN,Vance Joseph,WAS,Jay Gruden,11.0,27.0,False,0,0
2017_16_DET_CIN,2017,16,REG,CIN,Marvin Lewis,DET,Jim Caldwell,26.0,17.0,True,1,0
2017_16_DET_CIN,2017,16,REG,DET,Jim Caldwell,CIN,Marvin Lewis,17.0,26.0,False,0,0
2017_16_IND_BAL,2017,16,REG,BAL,John Harbaugh,IND,Chuck Pagano,23.0,16.0,True,1,0
2017_16_IND_BAL,2017,16,REG,IND,Chuck Pagano,BAL,John Harbaugh,16.0,23.0,False,0,0
2017_16_JAX_SF,2017,16,REG,SF,Kyle Shanahan,JAX,Doug Marrone,44.0,33.0,True,1,0
2017_16_JAX_SF,2017,16,REG,JAX,Doug Marrone,SF,Kyle Shanahan,33.0,44.0,False,0,0
2017_16_LAC_NYJ,2017,16,REG,NYJ,Todd Bowles,LAC,Anthony Lynn,7.0,14.0,True,0,0
2017_16_LAC_NYJ,2017,16,REG,LAC,Anthony Lynn,NYJ,Todd Bowles,14.0,7.0,False,1,0
2017_16_LA_TEN,2017,16,REG,TEN,Mike Mularkey,LA,Sean McVay,23.0,27.0,True,0,0
2017_16_LA_TEN,2017,16,REG,LA,Sean McVay,TEN,Mike Mularkey,27.0,23.0,False,1,0
2017_16_MIA_KC,2017,16,REG,KC,Andy Reid,MIA,Adam Gase,29.0,13.0,True,1,0
2017_16_MIA_KC,2017,16,REG,MIA,Adam Gase,KC,Andy Reid,13.0,29.0,False,0,0
2017_16_MIN_GB,2017,16,REG,GB,Mike McCarthy,MIN,Mike Zimmer,0.0,16.0,True,0,0
2017_16_MIN_GB,2017,16,REG,MIN,Mike Zimmer,GB,Mike McCarthy,16.0,0.0,False,1,0
2017_16_NYG_ARI,2017,16,REG,ARI,Bruce Arians,NYG,Steve Spagnuolo,23.0,0.0,True,1,0
2017_16_NYG_ARI,2017,16,REG,NYG,Steve Spagnuolo,ARI,Bruce Arians,0.0,23.0,False,0,0
2017_16_OAK_PHI,2017,16,REG,PHI,Doug Pederson,LV,Jack Del Rio,19.0,10.0,True,1,0
2017_16_OAK_PHI,2017,16,REG,LV,Jack Del Rio,PHI,Doug Pederson,10.0,19.0,False,0,0
2017_16_PIT_HOU,2017,16,REG,HOU,Bill O'Brien,PIT,Mike Tomlin,6.0,34.0,True,0,0
2017_16_PIT_HOU,2017,16,REG,PIT,Mike Tomlin,HOU,Bill O'Brien,34.0,6.0,False,1,0
2017_16_SEA_DAL,2017,16,REG,DAL,Jason Garrett,SEA,Pete Carroll,12.0,21.0,True,0,0
2017_16_SEA_DAL,2017,16,REG,SEA,Pete Carroll,DAL,Jason Garrett,21.0,12.0,False,1,0
2017_16_TB_CAR,2017,16,REG,CAR,Ron Rivera,TB,Dirk Koetter,22.0,19.0,True,1,0
2017_16_TB_CAR,2017,16,REG,TB,Dirk Koetter,CAR,Ron Rivera,19.0,22.0,False,0,0
2017_17_ARI_SEA,2017,17,REG,SEA,Pete Carroll,ARI,Bruce Arians,24.0,26.0,True,0,0
2017_17_ARI_SEA,2017,17,REG,ARI,Bruce Arians,SEA,Pete Carroll,26.0,24.0,False,1,0
2017_17_BUF_MIA,2017,17,REG,MIA,Adam Gase,BUF,Sean McDermott,16.0,22.0,True,0,0
2017_17_BUF_MIA,2017,17,REG,BUF,Sean McDermott,MIA,Adam Gase,22.0,16.0,False,1,0
2017_17_CAR_ATL,2017,17,REG,ATL,Dan Quinn,CAR,Ron Rivera,22.0,10.0,True,1,0
2017_17_CAR_ATL,2017,17,REG,CAR,Ron Rivera,ATL,Dan Quinn,10.0,22.0,False,0,0
2017_17_CHI_MIN,2017,17,REG,MIN,Mike Zimmer,CHI,John Fox,23.0,10.0,True,1,0
2017_17_CHI_MIN,2017,17,REG,CHI,John Fox,MIN,Mike Zimmer,10.0,23.0,False,0,0
2017_17_CIN_BAL,2017,17,REG,BAL,John Harbaugh,CIN,Marvin Lewis,27.0,31.0,True,0,0
2017_17_CIN_BAL,2017,17,REG,CIN,Marvin Lewis,BAL,John Harbaugh,31.0,27.0,False,1,0
2017_17_CLE_PIT,2017,17,REG,PIT,Mike Tomlin,CLE,Hue Jackson,28.0,24.0,True,1,0
2017_17_CLE_PIT,2017,17,REG,CLE,Hue Jackson,PIT,Mike Tomlin,24.0,28.0,False,0,0
2017_17_DAL_PHI,2017,17,REG,PHI,Doug Pederson,DAL,Jason Garrett,0.0,6.0,True,0,0
2017_17_DAL_PHI,2017,17,REG,DAL,Jason Garrett,PHI,Doug Pederson,6.0,0.0,False,1,0
2017_17_GB_DET,2017,17,REG,DET,Jim Caldwell,GB,Mike McCarthy,35.0,11.0,True,1,0
2017_17_GB_DET,2017,17,REG,GB,Mike McCarthy,DET,Jim Caldwell,11.0,35.0,False,0,0
2017_17_HOU_IND,2017,17,REG,IND,Chuck Pagano,HOU,Bill O'Brien,22.0,13.0,True,1,0
2017_17_HOU_IND,2017,17,REG,HOU,Bill O'Brien,IND,Chuck Pagano,13.0,22.0,False,0,0
2017_17_JAX_TEN,2017,17,REG,TEN,Mike Mularkey,JAX,Doug Marrone,15.0,10.0,True,1,0
2017_17_JAX_TEN,2017,17,REG,JAX,Doug Marrone,TEN,Mike Mularkey,10.0,15.0,False,0,0
2017_17_KC_DEN,2017,17,REG,DEN,Vance Joseph,KC,Andy Reid,24.0,27.0,True,0,0
2017_17_KC_DEN,2017,17,REG,KC,Andy Reid,DEN,Vance Joseph,27.0,24.0,False,1,0
2017_17_NO_TB,2017,17,REG,TB,Dirk Koetter,NO,Sean Payton,31.0,24.0,True,1,0
2017_17_NO_TB,2017,17,REG,NO,Sean Payton,TB,Dirk Koetter,24.0,31.0,False,0,0
2017_17_NYJ_NE,2017,17,REG,NE,Bill Belichick,NYJ,Todd Bowles,26.0,6.0,True,1,0
2017_17_NYJ_NE,2017,17,REG,NYJ,Todd Bowles,NE,Bill Belichick,6.0,26.0,False,0,0
2017_17_OAK_LAC,2017,17,REG,LAC,Anthony Lynn,LV,Jack Del Rio,30.0,10.0,True,1,0
2017_17_OAK_LAC,2017,17,REG,LV,Jack Del Rio,LAC,Anthony Lynn,10.0,30.0,False,0,0
2017_17_SF_LA,2017,17,REG,LA,Sean McVay,SF,Kyle Shanahan,13.0,34.0,True,0,0
2017_17_SF_LA,2017,17,REG,SF,Kyle Shanahan,LA,Sean McVay,34.0,13.0,False,1,0
2017_17_WAS_NYG,2017,17,REG,NYG,Steve Spagnuolo,WAS,Jay Gruden,18.0,10.0,True,1,0
2017_17_WAS_NYG,2017,17,REG,WAS,Jay Gruden,NYG,Steve Spagnuolo,10.0,18.0,False,0,0
2017_18_ATL_LA,2017,18,POST,LA,Sean McVay,ATL,Dan Quinn,13.0,26.0,True,0,0
2017_18_ATL_LA,2017,18,POST,ATL,Dan Quinn,LA,Sean McVay,26.0,13.0,False,1,0
2017_18_BUF_JAX,2017,18,POST,JAX,Doug Marrone,BUF,Sean McDermott,10.0,3.0,True,1,0
2017_18_BUF_JAX,2017,18,POST,BUF,Sean McDermott,JAX,Doug Marrone,3.0,10.0,False,0,0
2017_18_CAR_NO,2017,18,POST,NO,Sean Payton,CAR,Ron Rivera,31.0,26.0,True,1,0
2017_18_CAR_NO,2017,18,POST,CAR,Ron Rivera,NO,Sean Payton,26.0,31.0,False,0,0
2017_18_TEN_KC,2017,18,POST,KC,Andy Reid,TEN,Mike Mularkey,21.0,22.0,True,0,0
2017_18_TEN_KC,2017,18,POST,TEN,Mike Mularkey,KC,Andy Reid,22.0,21.0,False,1,0
2017_19_ATL_PHI,2017,19,POST,PHI,Doug Pederson,ATL,Dan Quinn,15.0,10.0,True,1,0
2017_19_ATL_PHI,2017,19,POST,ATL,Dan Quinn,PHI,Doug Pederson,10.0,15.0,False,0,0
2017_19_JAX_PIT,2017,19,POST,PIT,Mike Tomlin,JAX,Doug Marrone,42.0,45.0,True,0,0
2017_19_JAX_PIT,2017,19,POST,JAX,Doug Marrone,PIT,Mike Tomlin,45.0,42.0,False,1,0
2017_19_NO_MIN,2017,19,POST,MIN,Mike Zimmer,NO,Sean Payton,29.0,24.0,True,1,0
2017_19_NO_MIN,2017,19,POST,NO,Sean Payton,MIN,Mike Zimmer,24.0,29.0,False,0,0
2017_19_TEN_NE,2017,19,POST,NE,Bill Belichick,TEN,Mike Mularkey,35.0,14.0,True,1,0
2017_19_TEN_NE,2017,19,POST,TEN,Mike Mularkey,NE,Bill Belichick,14.0,35.0,False,0,0
2017_20_JAX_NE,2017,20,POST,NE,Bill Belichick,JAX,Doug Marrone,24.0,20.0,True,1,0
2017_20_JAX_NE,2017,20,POST,JAX,Doug Marrone,NE,Bill Belichick,20.0,24.0,False,0,0
2017_20_MIN_PHI,2017,20,POST,PHI,Doug Pederson,MIN,Mike Zimmer,38.0,7.0,True,1,0
2017_20_MIN_PHI,2017,20,POST,MIN,Mike Zimmer,PHI,Doug Pederson,7.0,38.0,False,0,0
2017_21_PHI_NE,2017,21,POST,NE,Bill Belichick,PHI,Doug Pederson,33.0,41.0,True,0,0
2017_21_PHI_NE,2017,21,POST,PHI,Doug Pederson,NE,Bill Belichick,41.0,33.0,False,1,0
2018_01_ATL_PHI,2018,1,REG,PHI,Doug Pederson,ATL,Dan Quinn,18.0,12.0,True,1,0
2018_01_ATL_PHI,2018,1,REG,ATL,Dan Quinn,PHI,Doug Pederson,12.0,18.0,False,0,0
2018_01_BUF_BAL,2018,1,REG,BAL,John Harbaugh,BUF,Sean McDermott,47.0,3.0,True,1,0
2018_01_BUF_BAL,2018,1,REG,BUF,Sean McDermott,BAL,John Harbaugh,3.0,47.0,False,0,0
2018_01_CHI_GB,2018,1,REG,GB,Mike McCarthy,CHI,Matt Nagy,24.0,23.0,True,1,0
2018_01_CHI_GB,2018,1,REG,CHI,Matt Nagy,GB,Mike McCarthy,23.0,24.0,False,0,0
2018_01_CIN_IND,2018,1,REG,IND,Frank Reich,CIN,Marvin Lewis,23.0,34.0,True,0,0
2018_01_CIN_IND,2018,1,REG,CIN,Marvin Lewis,IND,Frank Reich,34.0,23.0,False,1,0
2018_01_DAL_CAR,2018,1,REG,CAR,Ron Rivera,DAL,Jason Garrett,16.0,8.0,True,1,0
2018_01_DAL_CAR,2018,1,REG,DAL,Jason Garrett,CAR,Ron Rivera,8.0,16.0,False,0,0
2018_01_HOU_NE,2018,1,REG,NE,Bill Belichick,HOU,Bill O'Brien,27.0,20.0,True,1,0
2018_01_HOU_NE,2018,1,REG,HOU,Bill O'Brien,NE,Bill Belichick,20.0,27.0,False,0,0
2018_01_JAX_NYG,2018,1,REG,NYG,Pat Shurmur,JAX,Doug Marrone,15.0,20.0,True,0,0
2018_01_JAX_NYG,2018,1,REG,JAX,Doug Marrone,NYG,Pat Shurmur,20.0,15.0,False,1,0
2018_01_KC_LAC,2018,1,REG,LAC,Anthony Lynn,KC,Andy Reid,28.0,38.0,True,0,0
2018_01_KC_LAC,2018,1,REG,KC,Andy Reid,LAC,Anthony Lynn,38.0,28.0,False,1,0
2018_01_LA_OAK,2018,1,REG,LV,Jon Gruden,LA,Sean McVay,13.0,33.0,True,0,0
2018_01_LA_OAK,2018,1,REG,LA,Sean McVay,LV,Jon Gruden,33.0,13.0,False,1,0
2018_01_NYJ_DET,2018,1,REG,DET,Matt Patricia,NYJ,Todd Bowles,17.0,48.0,True,0,0
2018_01_NYJ_DET,2018,1,REG,NYJ,Todd Bowles,DET,Matt Patricia,48.0,17.0,False,1,0
2018_01_PIT_CLE,2018,1,REG,CLE,Hue Jackson,PIT,Mike Tomlin,21.0,21.0,True,0,1
2018_01_PIT_CLE,2018,1,REG,PIT,Mike Tomlin,CLE,Hue Jackson,21.0,21.0,False,0,1
2018_01_SEA_DEN,2018,1,REG,DEN,Vance Joseph,SEA,Pete Carroll,27.0,24.0,True,1,0
2018_01_SEA_DEN,2018,1,REG,SEA,Pete Carroll,DEN,Vance Joseph,24.0,27.0,False,0,0
2018_01_SF_MIN,2018,1,REG,MIN,Mike Zimmer,SF,Kyle Shanahan,24.0,16.0,True,1,0
2018_01_SF_MIN,2018,1,REG,SF,Kyle Shanahan,MIN,Mike Zimmer,16.0,24.0,False,0,0
2018_01_TB_NO,2018,1,REG,NO,Sean Payton,TB,Dirk Koetter,40.0,48.0,True,0,0
2018_01_TB_NO,2018,1,REG,TB,Dirk Koetter,NO,Sean Payton,48.0,40.0,False,1,0
2018_01_TEN_MIA,2018,1,REG,MIA,Adam Gase,TEN,Mike Vrabel,27.0,20.0,True,1,0
2018_01_TEN_MIA,2018,1,REG,TEN,Mike Vrabel,MIA,Adam Gase,20.0,27.0,False,0,0
2018_01_WAS_ARI,2018,1,REG,ARI,Steve Wilks,WAS,Jay Gruden,6.0,24.0,True,0,0
2018_01_WAS_ARI,2018,1,REG,WAS,Jay Gruden,ARI,Steve Wilks,24.0,6.0,False,1,0
2018_02_ARI_LA,2018,2,REG,LA,Sean McVay,ARI,Steve Wilks,34.0,0.0,True,1,0
2018_02_ARI_LA,2018,2,REG,ARI,Steve Wilks,LA,Sean McVay,0.0,34.0,False,0,0
2018_02_BAL_CIN,2018,2,REG,CIN,Marvin Lewis,BAL,John Harbaugh,34.0,23.0,True,1,0
2018_02_BAL_CIN,2018,2,REG,BAL,John Harbaugh,CIN,Marvin Lewis,23.0,34.0,False,0,0
2018_02_CAR_ATL,2018,2,REG,ATL,Dan Quinn,CAR,Ron Rivera,31.0,24.0,True,1,0
2018_02_CAR_ATL,2018,2,REG,CAR,Ron Rivera,ATL,Dan Quinn,24.0,31.0,False,0,0
2018_02_CLE_NO,2018,2,REG,NO,Sean Payton,CLE,Hue Jackson,21.0,18.0,True,1,0
2018_02_CLE_NO,2018,2,REG,CLE,Hue Jackson,NO,Sean Payton,18.0,21.0,False,0,0
2018_02_DET_SF,2018,2,REG,SF,Kyle Shanahan,DET,Matt Patricia,30.0,27.0,True,1,0
2018_02_DET_SF,2018,2,REG,DET,Matt Patricia,SF,Kyle Shanahan,27.0,30.0,False,0,0
2018_02_HOU_TEN,2018,2,REG,TEN,Mike Vrabel,HOU,Bill O'Brien,20.0,17.0,True,1,0
2018_02_HOU_TEN,2018,2,REG,HOU,Bill O'Brien,TEN,Mike Vrabel,17.0,20.0,False,0,0
2018_02_IND_WAS,2018,2,REG,WAS,Jay Gruden,IND,Frank Reich,9.0,21.0,True,0,0
2018_02_IND_WAS,2018,2,REG,IND,Frank Reich,WAS,Jay Gruden,21.0,9.0,False,1,0
2018_02_KC_PIT,2018,2,REG,PIT,Mike Tomlin,KC,Andy Reid,37.0,42.0,True,0,0
2018_02_KC_PIT,2018,2,REG,KC,Andy Reid,PIT,Mike Tomlin,42.0,37.0,False,1,0
2018_02_LAC_BUF,2018,2,REG,BUF,Sean McDermott,LAC,Anthony Lynn,20.0,31.0,True,0,0
2018_02_LAC_BUF,2018,2,REG,LAC,Anthony Lynn,BUF,Sean McDermott,31.0,20.0,False,1,0
2018_02_MIA_NYJ,2018,2,REG,NYJ,Todd Bowles,MIA,Adam Gase,12.0,20.0,True,0,0
2018_02_MIA_NYJ,2018,2,REG,MIA,Adam Gase,NYJ,Todd Bowles,20.0,12.0,False,1,0
2018_02_MIN_GB,2018,2,REG,GB,Mike McCarthy,MIN,Mike Zimmer,29.0,29.0,True,0,1
2018_02_MIN_GB,2018,2,REG,MIN,Mike Zimmer,GB,Mike McCarthy,29.0,29.0,False,0,1
2018_02_NE_JAX,2018,2,REG,JAX,Doug Marrone,NE,Bill Belichick,31.0,20.0,True,1,0
2018_02_NE_JAX,2018,2,REG,NE,Bill Belichick,JAX,Doug Marrone,20.0,31.0,False,0,0
2018_02_NYG_DAL,2018,2,REG,DAL,Jason Garrett,NYG,Pat Shurmur,20.0,13.0,True,1,0
2018_02_NYG_DAL,2018,2,REG,NYG,Pat Shurmur,DAL,Jason Garrett,13.0,20.0,False,0,0
2018_02_OAK_DEN,2018,2,REG,DEN,Vance Joseph,LV,Jon Gruden,20.0,19.0,True,1,0
2018_02_OAK_DEN,2018,2,REG,LV,Jon Gruden,DEN,Vance Joseph,19.0,20.0,False,0,0
2018_02_PHI_TB,2018,2,REG,TB,Dirk Koetter,PHI,Doug Pederson,27.0,21.0,True,1,0
2018_02_PHI_TB,2018,2,REG,PHI,Doug Pederson,TB,Dirk Koetter,21.0,27.0,False,0,0
2018_02_SEA_CHI,2018,2,REG,CHI,Matt Nagy,SEA,Pete Carroll,24.0,17.0,True,1,0
2018_02_SEA_CHI,2018,2,REG,SEA,Pete Carroll,CHI,Matt Nagy,17.0,24.0,False,0,0
2018_03_BUF_MIN,2018,3,REG,MIN,Mike Zimmer,BUF,Sean McDermott,6.0,27.0,True,0,0
2018_03_BUF_MIN,2018,3,REG,BUF,Sean McDermott,MIN,Mike Zimmer,27.0,6.0,False,1,0
2018_03_CHI_ARI,2018,3,REG,ARI,Steve Wilks,CHI,Matt Nagy,14.0,16.0,True,0,0
2018_03_CHI_ARI,2018,3,REG,CHI,Matt Nagy,ARI,Steve Wilks,16.0,14.0,False,1,0
2018_03_CIN_CAR,2018,3,REG,CAR,Ron Rivera,CIN,Marvin Lewis,31.0,21.0,True,1,0
2018_03_CIN_CAR,2018,3,REG,CIN,Marvin Lewis,CAR,Ron Rivera,21.0,31.0,False,0,0
2018_03_DAL_SEA,2018,3,REG,SEA,Pete Carroll,DAL,Jason Garrett,24.0,13.0,True,1,0
2018_03_DAL_SEA,2018,3,REG,DAL,Jason Garrett,SEA,Pete Carroll,13.0,24.0,False,0,0
2018_03_DEN_BAL,2018,3,REG,BAL,John Harbaugh,DEN,Vance Joseph,27.0,14.0,True,1,0
2018_03_DEN_BAL,2018,3,REG,DEN,Vance Joseph,BAL,John Harbaugh,14.0,27.0,False,0,0
2018_03_GB_WAS,2018,3,REG,WAS,Jay Gruden,GB,Mike McCarthy,31.0,17.0,True,1,0
2018_03_GB_WAS,2018,3,REG,GB,Mike McCarthy,WAS,Jay Gruden,17.0,31.0,False,0,0
2018_03_IND_PHI,2018,3,REG,PHI,Doug Pederson,IND,Frank Reich,20.0,16.0,True,1,0
2018_03_IND_PHI,2018,3,REG,IND,Frank Reich,PHI,Doug Pederson,16.0,20.0,False,0,0
2018_03_LAC_LA,2018,3,REG,LA,Sean McVay,LAC,Anthony Lynn,35.0,23.0,True,1,0
2018_03_LAC_LA,2018,3,REG,LAC,Anthony Lynn,LA,Sean McVay,23.0,35.0,False,0,0
2018_03_NE_DET,2018,3,REG,DET,Matt Patricia,NE,Bill Belichick,26.0,10.0,True,1,0
2018_03_NE_DET,2018,3,REG,NE,Bill Belichick,DET,Matt Patricia,10.0,26.0,False,0,0
2018_03_NO_ATL,2018,3,REG,ATL,Dan Quinn,NO,Sean Payton,37.0,43.0,True,0,0
2018_03_NO_ATL,2018,3,REG,NO,Sean Payton,ATL,Dan Quinn,43.0,37.0,False,1,0
2018_03_NYG_HOU,2018,3,REG,HOU,Bill O'Brien,NYG,Pat Shurmur,22.0,27.0,True,0,0
2018_03_NYG_HOU,2018,3,REG,NYG,Pat Shurmur,HOU,Bill O'Brien,27.0,22.0,False,1,0
2018_03_NYJ_CLE,2018,3,REG,CLE,Hue Jackson,NYJ,Todd Bowles,21.0,17.0,True,1,0
2018_03_NYJ_CLE,2018,3,REG,NYJ,Todd Bowles,CLE,Hue Jackson,17.0,21.0,False,0,0
2018_03_OAK_MIA,2018,3,REG,MIA,Adam Gase,LV,Jon Gruden,28.0,20.0,True,1,0
2018_03_OAK_MIA,2018,3,REG,LV,Jon Gruden,MIA,Adam Gase,20.0,28.0,False,0,0
2018_03_PIT_TB,2018,3,REG,TB,Dirk Koetter,PIT,Mike Tomlin,27.0,30.0,True,0,0
2018_03_PIT_TB,2018,3,REG,PIT,Mike Tomlin,TB,Dirk Koetter,30.0,27.0,False,1,0
2018_03_SF_KC,2018,3,REG,KC,Andy Reid,SF,Kyle Shanahan,38.0,27.0,True,1,0
2018_03_SF_KC,2018,3,REG,SF,Kyle Shanahan,KC,Andy Reid,27.0,38.0,False,0,0
2018_03_TEN_JAX,2018,3,REG,JAX,Doug Marrone,TEN,Mike Vrabel,6.0,9.0,True,0,0
2018_03_TEN_JAX,2018,3,REG,TEN,Mike Vrabel,JAX,Doug Marrone,9.0,6.0,False,1,0
2018_04_BAL_PIT,2018,4,REG,PIT,Mike Tomlin,BAL,John Harbaugh,14.0,26.0,True,0,0
2018_04_BAL_PIT,2018,4,REG,BAL,John Harbaugh,PIT,Mike Tomlin,26.0,14.0,False,1,0
2018_04_BUF_GB,2018,4,REG,GB,Mike McCarthy,BUF,Sean McDermott,22.0,0.0,True,1,0
2018_04_BUF_GB,2018,4,REG,BUF,Sean McDermott,GB,Mike McCarthy,0.0,22.0,False,0,0
2018_04_CIN_ATL,2018,4,REG,ATL,Dan Quinn,CIN,Marvin Lewis,36.0,37.0,True,0,0
2018_04_CIN_ATL,2018,4,REG,CIN,Marvin Lewis,ATL,Dan Quinn,37.0,36.0,False,1,0
2018_04_CLE_OAK,2018,4,REG,LV,Jon Gruden,CLE,Hue Jackson,45.0,42.0,True,1,0
2018_04_CLE_OAK,2018,4,REG,CLE,Hue Jackson,LV,Jon Gruden,42.0,45.0,False,0,0
2018_04_DET_DAL,2018,4,REG,DAL,Jason Garrett,DET,Matt Patricia,26.0,24.0,True,1,0
2018_04_DET_DAL,2018,4,REG,DET,Matt Patricia,DAL,Jason Garrett,24.0,26.0,False,0,0
2018_04_HOU_IND,2018,4,REG,IND,Frank Reich,HOU,Bill O'Brien,34.0,37.0,True,0,0
2018_04_HOU_IND,2018,4,REG,HOU,Bill O'Brien,IND,Frank Reich,37.0,34.0,False,1,0
2018_04_KC_DEN,2018,4,REG,DEN,Vance Joseph,KC,Andy Reid,23.0,27.0,True,0,0
2018_04_KC_DEN,2018,4,REG,KC,Andy Reid,DEN,Vance Joseph,27.0,23.0,False,1,0
2018_04_MIA_NE,2018,4,REG,NE,Bill Belichick,MIA,Adam Gase,38.0,7.0,True,1,0
2018_04_MIA_NE,2018,4,REG,MIA,Adam Gase,NE,Bill Belichick,7.0,38.0,False,0,0
2018_04_MIN_LA,2018,4,REG,LA,Sean McVay,MIN,Mike Zimmer,38.0,31.0,True,1,0
2018_04_MIN_LA,2018,4,REG,MIN,Mike Zimmer,LA,Sean McVay,31.0,38.0,False,0,0
2018_04_NO_NYG,2018,4,REG,NYG,Pat Shurmur,NO,Sean Payton,18.0,33.0,True,0,0
2018_04_NO_NYG,2018,4,REG,NO,Sean Payton,NYG,Pat Shurmur,33.0,18.0,False,1,0
2018_04_NYJ_JAX,2018,4,REG,JAX,Doug Marrone,NYJ,Todd Bowles,31.0,12.0,True,1,0
2018_04_NYJ_JAX,2018,4,REG,NYJ,Todd Bowles,JAX,Doug Marrone,12.0,31.0,False,0,0
2018_04_PHI_TEN,2018,4,REG,TEN,Mike Vrabel,PHI,Doug Pederson,26.0,23.0,True,1,0
2018_04_PHI_TEN,2018,4,REG,PHI,Doug Pederson,TEN,Mike Vrabel,23.0,26.0,False,0,0
2018_04_SEA_ARI,2018,4,REG,ARI,Steve Wilks,SEA,Pete Carroll,17.0,20.0,True,0,0
2018_04_SEA_ARI,2018,4,REG,SEA,Pete Carroll,ARI,Steve Wilks,20.0,17.0,False,1,0
2018_04_SF_LAC,2018,4,REG,LAC,Anthony Lynn,SF,Kyle Shanahan,29.0,27.0,True,1,0
2018_04_SF_LAC,2018,4,REG,SF,Kyle Shanahan,LAC,Anthony Lynn,27.0,29.0,False,0,0
2018_04_TB_CHI,2018,4,REG,CHI,Matt Nagy,TB,Dirk Koetter,48.0,10.0,True,1,0
2018_04_TB_CHI,2018,4,REG,TB,Dirk Koetter,CHI,Matt Nagy,10.0,48.0,False,0,0
2018_05_ARI_SF,2018,5,REG,SF,Kyle Shanahan,ARI,Steve Wilks,18.0,28.0,True,0,0
2018_05_ARI_SF,2018,5,REG,ARI,Steve Wilks,SF,Kyle Shanahan,28.0,18.0,False,1,0
2018_05_ATL_PIT,2018,5,REG,PIT,Mike Tomlin,ATL,Dan Quinn,41.0,17.0,True,1,0
2018_05_ATL_PIT,2018,5,REG,ATL,Dan Quinn,PIT,Mike Tomlin,17.0,41.0,False,0,0
2018_05_BAL_CLE,2018,5,REG,CLE,Hue Jackson,BAL,John Harbaugh,12.0,9.0,True,1,0
2018_05_BAL_CLE,2018,5,REG,BAL,John Harbaugh,CLE,Hue Jackson,9.0,12.0,False,0,0
2018_05_DAL_HOU,2018,5,REG,HOU,Bill O'Brien,DAL,Jason Garrett,19.0,16.0,True,1,0
2018_05_DAL_HOU,2018,5,REG,DAL,Jason Garrett,HOU,Bill O'Brien,16.0,19.0,False,0,0
2018_05_DEN_NYJ,2018,5,REG,NYJ,Todd Bowles,DEN,Vance Joseph,34.0,16.0,True,1,0
2018_05_DEN_NYJ,2018,5,REG,DEN,Vance Joseph,NYJ,Todd Bowles,16.0,34.0,False,0,0
2018_05_GB_DET,2018,5,REG,DET,Matt Patricia,GB,Mike McCarthy,31.0,23.0,True,1,0
2018_05_GB_DET,2018,5,REG,GB,Mike McCarthy,DET,Matt Patricia,23.0,31.0,False,0,0
2018_05_IND_NE,2018,5,REG,NE,Bill Belichick,IND,Frank Reich,38.0,24.0,True,1,0
2018_05_IND_NE,2018,5,REG,IND,Frank Reich,NE,Bill Belichick,24.0,38.0,False,0,0
2018_05_JAX_KC,2018,5,REG,KC,Andy Reid,JAX,Doug Marrone,30.0,14.0,True,1,0
2018_05_JAX_KC,2018,5,REG,JAX,Doug Marrone,KC,Andy Reid,14.0,30.0,False,0,0
2018_05_LA_SEA,2018,5,REG,SEA,Pete Carroll,LA,Sean McVay,31.0,33.0,True,0,0
2018_05_LA_SEA,2018,5,REG,LA,Sean McVay,SEA,Pete Carroll,33.0,31.0,False,1,0
2018_05_MIA_CIN,2018,5,REG,CIN,Marvin Lewis,MIA,Adam Gase,27.0,17.0,True,1,0
2018_05_MIA_CIN,2018,5,REG,MIA,Adam Gase,CIN,Marvin Lewis,17.0,27.0,False,0,0
2018_05_MIN_PHI,2018,5,REG,PHI,Doug Pederson,MIN,Mike Zimmer,21.0,23.0,True,0,0
2018_05_MIN_PHI,2018,5,REG,MIN,Mike Zimmer,PHI,Doug Pederson,23.0,21.0,False,1,0
2018_05_NYG_CAR,2018,5,REG,CAR,Ron Rivera,NYG,Pat Shurmur,33.0,31.0,True,1,0
2018_05_NYG_CAR,2018,5,REG,NYG,Pat Shurmur,CAR,Ron Rivera,31.0,33.0,False,0,0
2018_05_OAK_LAC,2018,5,REG,LAC,Anthony Lynn,LV,Jon Gruden,26.0,10.0,True,1,0
2018_05_OAK_LAC,2018,5,REG,LV,Jon Gruden,LAC,Anthony Lynn,10.0,26.0,False,0,0
2018_05_TEN_BUF,2018,5,REG,BUF,Sean McDermott,TEN,Mike Vrabel,13.0,12.0,True,1,0
2018_05_TEN_BUF,2018,5,REG,TEN,Mike Vrabel,BUF,Sean McDermott,12.0,13.0,False,0,0
2018_05_WAS_NO,2018,5,REG,NO,Sean Payton,WAS,Jay Gruden,43.0,19.0,True,1,0
2018_05_WAS_NO,2018,5,REG,WAS,Jay Gruden,NO,Sean Payton,19.0,43.0,False,0,0
2018_06_ARI_MIN,2018,6,REG,MIN,Mike Zimmer,ARI,Steve Wilks,27.0,17.0,True,1,0
2018_06_ARI_MIN,2018,6,REG,ARI,Steve Wilks,MIN,Mike Zimmer,17.0,27.0,False,0,0
2018_06_BAL_TEN,2018,6,REG,TEN,Mike Vrabel,BAL,John Harbaugh,0.0,21.0,True,0,0
2018_06_BAL_TEN,2018,6,REG,BAL,John Harbaugh,TEN,Mike Vrabel,21.0,0.0,False,1,0
2018_06_BUF_HOU,2018,6,REG,HOU,Bill O'Brien,BUF,Sean McDermott,20.0,13.0,True,1,0
2018_06_BUF_HOU,2018,6,REG,BUF,Sean McDermott,HOU,Bill O'Brien,13.0,20.0,False,0,0
2018_06_CAR_WAS,2018,6,REG,WAS,Jay Gruden,CAR,Ron Rivera,23.0,17.0,True,1,0
2018_06_CAR_WAS,2018,6,REG,CAR,Ron Rivera,WAS,Jay Gruden,17.0,23.0,False,0,0
2018_06_CHI_MIA,2018,6,REG,MIA,Adam Gase,CHI,Matt Nagy,31.0,28.0,True,1,0
2018_06_CHI_MIA,2018,6,REG,CHI,Matt Nagy,MIA,Adam Gase,28.0,31.0,False,0,0
2018_06_IND_NYJ,2018,6,REG,NYJ,Todd Bowles,IND,Frank Reich,42.0,34.0,True,1,0
2018_06_IND_NYJ,2018,6,REG,IND,Frank Reich,NYJ,Todd Bowles,34.0,42.0,False,0,0
2018_06_JAX_DAL,2018,6,REG,DAL,Jason Garrett,JAX,Doug Marrone,40.0,7.0,True,1,0
2018_06_JAX_DAL,2018,6,REG,JAX,Doug Marrone,DAL,Jason Garrett,7.0,40.0,False,0,0
2018_06_KC_NE,2018,6,REG,NE,Bill Belichick,KC,Andy Reid,43.0,40.0,True,1,0
2018_06_KC_NE,2018,6,REG,KC,Andy Reid,NE,Bill Belichick,40.0,43.0,False,0,0
2018_06_LAC_CLE,2018,6,REG,CLE,Hue Jackson,LAC,Anthony Lynn,14.0,38.0,True,0,0
2018_06_LAC_CLE,2018,6,REG,LAC,Anthony Lynn,CLE,Hue Jackson,38.0,14.0,False,1,0
2018_06_LA_DEN,2018,6,REG,DEN,Vance Joseph,LA,Sean McVay,20.0,23.0,True,0,0
2018_06_LA_DEN,2018,6,REG,LA,Sean McVay,DEN,Vance Joseph,23.0,20.0,False,1,0
2018_06_PHI_NYG,2018,6,REG,NYG,Pat Shurmur,PHI,Doug Pederson,13.0,34.0,True,0,0
2018_06_PHI_NYG,2018,6,REG,PHI,Doug Pederson,NYG,Pat Shurmur,34.0,13.0,False,1,0
2018_06_PIT_CIN,2018,6,REG,CIN,Marvin Lewis,PIT,Mike Tomlin,21.0,28.0,True,0,0
2018_06_PIT_CIN,2018,6,REG,PIT,Mike Tomlin,CIN,Marvin Lewis,28.0,21.0,False,1,0
2018_06_SEA_OAK,2018,6,REG,LV,Jon Gruden,SEA,Pete Carroll,3.0,27.0,True,0,0
2018_06_SEA_OAK,2018,6,REG,SEA,Pete Carroll,LV,Jon Gruden,27.0,3.0,False,1,0
2018_06_SF_GB,2018,6,REG,GB,Mike McCarthy,SF,Kyle Shanahan,33.0,30.0,True,1,0
2018_06_SF_GB,2018,6,REG,SF,Kyle Shanahan,GB,Mike McCarthy,30.0,33.0,False,0,0
2018_06_TB_ATL,2018,6,REG,ATL,Dan Quinn,TB,Dirk Koetter,34.0,29.0,True,1,0
2018_06_TB_ATL,2018,6,REG,TB,Dirk Koetter,ATL,Dan Quinn,29.0,34.0,False,0,0
2018_07_BUF_IND,2018,7,REG,IND,Frank Reich,BUF,Sean McDermott,37.0,5.0,True,1,0
2018_07_BUF_IND,2018,7,REG,BUF,Sean McDermott,IND,Frank Reich,5.0,37.0,False,0,0
2018_07_CAR_PHI,2018,7,REG,PHI,Doug Pederson,CAR,Ron Rivera,17.0,21.0,True,0,0
2018_07_CAR_PHI,2018,7,REG,CAR,Ron Rivera,PHI,Doug Pederson,21.0,17.0,False,1,0
2018_07_CIN_KC,2018,7,REG,KC,Andy Reid,CIN,Marvin Lewis,45.0,10.0,True,1,0
2018_07_CIN_KC,2018,7,REG,CIN,Marvin Lewis,KC,Andy Reid,10.0,45.0,False,0,0
2018_07_CLE_TB,2018,7,REG,TB,Dirk Koetter,CLE,Hue Jackson,26.0,23.0,True,1,0
2018_07_CLE_TB,2018,7,REG,CLE,Hue Jackson,TB,Dirk Koetter,23.0,26.0,False,0,0
2018_07_DAL_WAS,2018,7,REG,WAS,Jay Gruden,DAL,Jason Garrett,20.0,17.0,True,1,0
2018_07_DAL_WAS,2018,7,REG,DAL,Jason Garrett,WAS,Jay Gruden,17.0,20.0,False,0,0
2018_07_DEN_ARI,2018,7,REG,ARI,Steve Wilks,DEN,Vance Joseph,10.0,45.0,True,0,0
2018_07_DEN_ARI,2018,7,REG,DEN,Vance Joseph,ARI,Steve Wilks,45.0,10.0,False,1,0
2018_07_DET_MIA,2018,7,REG,MIA,Adam Gase,DET,Matt Patricia,21.0,32.0,True,0,0
2018_07_DET_MIA,2018,7,REG,DET,Matt Patricia,MIA,Adam Gase,32.0,21.0,False,1,0
2018_07_HOU_JAX,2018,7,REG,JAX,Doug Marrone,HOU,Bill O'Brien,7.0,20.0,True,0,0
2018_07_HOU_JAX,2018,7,REG,HOU,Bill O'Brien,JAX,Doug Marrone,20.0,7.0,False,1,0
2018_07_LA_SF,2018,7,REG,SF,Kyle Shanahan,LA,Sean McVay,10.0,39.0,True,0,0
2018_07_LA_SF,2018,7,REG,LA,Sean McVay,SF,Kyle Shanahan,39.0,10.0,False,1,0
2018_07_MIN_NYJ,2018,7,REG,NYJ,Todd Bowles,MIN,Mike Zimmer,17.0,37.0,True,0,0
2018_07_MIN_NYJ,2018,7,REG,MIN,Mike Zimmer,NYJ,Todd Bowles,37.0,17.0,False,1,0
2018_07_NE_CHI,2018,7,REG,CHI,Matt Nagy,NE,Bill Belichick,31.0,38.0,True,0,0
2018_07_NE_CHI,2018,7,REG,NE,Bill Belichick,CHI,Matt Nagy,38.0,31.0,False,1,0
2018_07_NO_BAL,2018,7,REG,BAL,John Harbaugh,NO,Sean Payton,23.0,24.0,True,0,0
2018_07_NO_BAL,2018,7,REG,NO,Sean Payton,BAL,John Harbaugh,24.0,23.0,False,1,0
2018_07_NYG_ATL,2018,7,REG,ATL,Dan Quinn,NYG,Pat Shurmur,23.0,20.0,True,1,0
2018_07_NYG_ATL,2018,7,REG,NYG,Pat Shurmur,ATL,Dan Quinn,20.0,23.0,False,0,0
2018_07_TEN_LAC,2018,7,REG,LAC,Anthony Lynn,TEN,Mike Vrabel,20.0,19.0,True,1,0
2018_07_TEN_LAC,2018,7,REG,TEN,Mike Vrabel,LAC,Anthony Lynn,19.0,20.0,False,0,0
2018_08_BAL_CAR,2018,8,REG,CAR,Ron Rivera,BAL,John Harbaugh,36.0,21.0,True,1,0
2018_08_BAL_CAR,2018,8,REG,BAL,John Harbaugh,CAR,Ron Rivera,21.0,36.0,False,0,0
2018_08_CLE_PIT,2018,8,REG,PIT,Mike Tomlin,CLE,Hue Jackson,33.0,18.0,True,1,0
2018_08_CLE_PIT,2018,8,REG,CLE,Hue Jackson,PIT,Mike Tomlin,18.0,33.0,False,0,0
2018_08_DEN_KC,2018,8,REG,KC,Andy Reid,DEN,Vance Joseph,30.0,23.0,True,1,0
2018_08_DEN_KC,2018,8,REG,DEN,Vance Joseph,KC,Andy Reid,23.0,30.0,False,0,0
2018_08_GB_LA,2018,8,REG,LA,Sean McVay,GB,Mike McCarthy,29.0,27.0,True,1,0
2018_08_GB_LA,2018,8,REG,GB,Mike McCarthy,LA,Sean McVay,27.0,29.0,False,0,0
2018_08_IND_OAK,2018,8,REG,LV,Jon Gruden,IND,Frank Reich,28.0,42.0,True,0,0
2018_08_IND_OAK,2018,8,REG,IND,Frank Reich,LV,Jon Gruden,42.0,28.0,False,1,0
2018_08_MIA_HOU,2018,8,REG,HOU,Bill O'Brien,MIA,Adam Gase,42.0,23.0,True,1,0
2018_08_MIA_HOU,2018,8,REG,MIA,Adam Gase,HOU,Bill O'Brien,23.0,42.0,False,0,0
2018_08_NE_BUF,2018,8,REG,BUF,Sean McDermott,NE,Bill Belichick,6.0,25.0,True,0,0
2018_08_NE_BUF,2018,8,REG,NE,Bill Belichick,BUF,Sean McDermott,25.0,6.0,False,1,0
2018_08_NO_MIN,2018,8,REG,MIN,Mike Zimmer,NO,Sean Payton,20.0,30.0,True,0,0
2018_08_NO_MIN,2018,8,REG,NO,Sean Payton,MIN,Mike Zimmer,30.0,20.0,False,1,0
2018_08_NYJ_CHI,2018,8,REG,CHI,Matt Nagy,NYJ,Todd Bowles,24.0,10.0,True,1,0
2018_08_NYJ_CHI,2018,8,REG,NYJ,Todd Bowles,CHI,Matt Nagy,10.0,24.0,False,0,0
2018_08_PHI_JAX,2018,8,REG,JAX,Doug Marrone,PHI,Doug Pederson,18.0,24.0,True,0,0
2018_08_PHI_JAX,2018,8,REG,PHI,Doug Pederson,JAX,Doug Marrone,24.0,18.0,False,1,0
2018_08_SEA_DET,2018,8,REG,DET,Matt Patricia,SEA,Pete Carroll,14.0,28.0,True,0,0
2018_08_SEA_DET,2018,8,REG,SEA,Pete Carroll,DET,Matt Patricia,28.0,14.0,False,1,0
2018_08_SF_ARI,2018,8,REG,ARI,Steve Wilks,SF,Kyle Shanahan,18.0,15.0,True,1,0
2018_08_SF_ARI,2018,8,REG,SF,Kyle Shanahan,ARI,Steve Wilks,15.0,18.0,False,0,0
2018_08_TB_CIN,2018,8,REG,CIN,Marvin Lewis,TB,Dirk Koetter,37.0,34.0,True,1,0
2018_08_TB_CIN,2018,8,REG,TB,Dirk Koetter,CIN,Marvin Lewis,34.0,37.0,False,0,0
2018_08_WAS_NYG,2018,8,REG,NYG,Pat Shurmur,WAS,Jay Gruden,13.0,20.0,True,0,0
2018_08_WAS_NYG,2018,8,REG,WAS,Jay Gruden,NYG,Pat Shurmur,20.0,13.0,False,1,0
2018_09_ATL_WAS,2018,9,REG,WAS,Jay Gruden,ATL,Dan Quinn,14.0,38.0,True,0,0
2018_09_ATL_WAS,2018,9,REG,ATL,Dan Quinn,WAS,Jay Gruden,38.0,14.0,False,1,0
2018_09_CHI_BUF,2018,9,REG,BUF,Sean McDermott,CHI,Matt Nagy,9.0,41.0,True,0,0
2018_09_CHI_BUF,2018,9,REG,CHI,Matt Nagy,BUF,Sean McDermott,41.0,9.0,False,1,0
2018_09_DET_MIN,2018,9,REG,MIN,Mike Zimmer,DET,Matt Patricia,24.0,9.0,True,1,0
2018_09_DET_MIN,2018,9,REG,DET,Matt Patricia,MIN,Mike Zimmer,9.0,24.0,False,0,0
2018_09_GB_NE,2018,9,REG,NE,Bill Belichick,GB,Mike McCarthy,31.0,17.0,True,1,0
2018_09_GB_NE,2018,9,REG,GB,Mike McCarthy,NE,Bill Belichick,17.0,31.0,False,0,0
2018_09_HOU_DEN,2018,9,REG,DEN,Vance Joseph,HOU,Bill O'Brien,17.0,19.0,True,0,0
2018_09_HOU_DEN,2018,9,REG,HOU,Bill O'Brien,DEN,Vance Joseph,19.0,17.0,False,1,0
2018_09_KC_CLE,2018,9,REG,CLE,Gregg Williams,KC,Andy Reid,21.0,37.0,True,0,0
2018_09_KC_CLE,2018,9,REG,KC,Andy Reid,CLE,Gregg Williams,37.0,21.0,False,1,0
2018_09_LAC_SEA,2018,9,REG,SEA,Pete Carroll,LAC,Anthony Lynn,17.0,25.0,True,0,0
2018_09_LAC_SEA,2018,9,REG,LAC,Anthony Lynn,SEA,Pete Carroll,25.0,17.0,False,1,0
2018_09_LA_NO,2018,9,REG,NO,Sean Payton,LA,Sean McVay,45.0,35.0,True,1,0
2018_09_LA_NO,2018,9,REG,LA,Sean McVay,NO,Sean Payton,35.0,45.0,False,0,0
2018_09_NYJ_MIA,2018,9,REG,MIA,Adam Gase,NYJ,Todd Bowles,13.0,6.0,True,1,0
2018_09_NYJ_MIA,2018,9,REG,NYJ,Todd Bowles,MIA,Adam Gase,6.0,13.0,False,0,0
2018_09_OAK_SF,2018,9,REG,SF,Kyle Shanahan,LV,Jon Gruden,34.0,3.0,True,1,0
2018_09_OAK_SF,2018,9,REG,LV,Jon Gruden,SF,Kyle Shanahan,3.0,34.0,False,0,0
2018_09_PIT_BAL,2018,9,REG,BAL,John Harbaugh,PIT,Mike Tomlin,16.0,23.0,True,0,0
2018_09_PIT_BAL,2018,9,REG,PIT,Mike Tomlin,BAL,John Harbaugh,23.0,16.0,False,1,0
2018_09_TB_CAR,2018,9,REG,CAR,Ron Rivera,TB,Dirk Koetter,42.0,28.0,True,1,0
2018_09_TB_CAR,2018,9,REG,TB,Dirk Koetter,CAR,Ron Rivera,28.0,42.0,False,0,0
2018_09_TEN_DAL,2018,9,REG,DAL,Jason Garrett,TEN,Mike Vrabel,14.0,28.0,True,0,0
2018_09_TEN_DAL,2018,9,REG,TEN,Mike Vrabel,DAL,Jason Garrett,28.0,14.0,False,1,0
2018_10_ARI_KC,2018,10,REG,KC,Andy Reid,ARI,Steve Wilks,26.0,14.0,True,1,0
2018_10_ARI_KC,2018,10,REG,ARI,Steve Wilks,KC,Andy Reid,14.0,26.0,False,0,0
2018_10_ATL_CLE,2018,10,REG,CLE,Gregg Williams,ATL,Dan Quinn,28.0,16.0,True,1,0
2018_10_ATL_CLE,2018,10,REG,ATL,Dan Quinn,CLE,Gregg Williams,16.0,28.0,False,0,0
2018_10_BUF_NYJ,2018,10,REG,NYJ,Todd Bowles,BUF,Sean McDermott,10.0,41.0,True,0,0
2018_10_BUF_NYJ,2018,10,REG,BUF,Sean McDermott,NYJ,Todd Bowles,41.0,10.0,False,1,0
2018_10_CAR_PIT,2018,10,REG,PIT,Mike Tomlin,CAR,Ron Rivera,52.0,21.0,True,1,0
2018_10_CAR_PIT,2018,10,REG,CAR,Ron Rivera,PIT,Mike Tomlin,21.0,52.0,False,0,0
2018_10_DAL_PHI,2018,10,REG,PHI,Doug Pederson,DAL,Jason Garrett,20.0,27.0,True,0,0
2018_10_DAL_PHI,2018,10,REG,DAL,Jason Garrett,PHI,Doug Pederson,27.0,20.0,False,1,0
2018_10_DET_CHI,2018,10,REG,CHI,Matt Nagy,DET,Matt Patricia,34.0,22.0,True,1,0
2018_10_DET_CHI,2018,10,REG,DET,Matt Patricia,CHI,Matt Nagy,22.0,34.0,False,0,0
2018_10_JAX_IND,2018,10,REG,IND,Frank Reich,JAX,Doug Marrone,29.0,26.0,True,1,0
2018_10_JAX_IND,2018,10,REG,JAX,Doug Marrone,IND,Frank Reich,26.0,29.0,False,0,0
2018_10_LAC_OAK,2018,10,REG,LV,Jon Gruden,LAC,Anthony Lynn,6.0,20.0,True,0,0
2018_10_LAC_OAK,2018,10,REG,LAC,Anthony Lynn,LV,Jon Gruden,20.0,6.0,False,1,0
2018_10_MIA_GB,2018,10,REG,GB,Mike McCarthy,MIA,Adam Gase,31.0,12.0,True,1,0
2018_10_MIA_GB,2018,10,REG,MIA,Adam Gase,GB,Mike McCarthy,12.0,31.0,False,0,0
2018_10_NE_TEN,2018,10,REG,TEN,Mike Vrabel,NE,Bill Belichick,34.0,10.0,True,1,0
2018_10_NE_TEN,2018,10,REG,NE,Bill Belichick,TEN,Mike Vrabel,10.0,34.0,False,0,0
2018_10_NO_CIN,2018,10,REG,CIN,Marvin Lewis,NO,Sean Payton,14.0,51.0,True,0,0
2018_10_NO_CIN,2018,10,REG,NO,Sean Payton,CIN,Marvin Lewis,51.0,14.0,False,1,0
2018_10_NYG_SF,2018,10,REG,SF,Kyle Shanahan,NYG,Pat Shurmur,23.0,27.0,True,0,0
2018_10_NYG_SF,2018,10,REG,NYG,Pat Shurmur,SF,Kyle Shanahan,27.0,23.0,False,1,0
2018_10_SEA_LA,2018,10,REG,LA,Sean McVay,SEA,Pete Carroll,36.0,31.0,True,1,0
2018_10_SEA_LA,2018,10,REG,SEA,Pete Carroll,LA,Sean McVay,31.0,36.0,False,0,0
2018_10_WAS_TB,2018,10,REG,TB,Dirk Koetter,WAS,Jay Gruden,3.0,16.0,True,0,0
2018_10_WAS_TB,2018,10,REG,WAS,Jay Gruden,TB,Dirk Koetter,16.0,3.0,False,1,0
2018_11_CAR_DET,2018,11,REG,DET,Matt Patricia,CAR,Ron Rivera,20.0,19.0,True,1,0
2018_11_CAR_DET,2018,11,REG,CAR,Ron Rivera,DET,Matt Patricia,19.0,20.0,False,0,0
2018_11_CIN_BAL,2018,11,REG,BAL,John Harbaugh,CIN,Marvin Lewis,24.0,21.0,True,1,0
2018_11_CIN_BAL,2018,11,REG,CIN,Marvin Lewis,BAL,John Harbaugh,21.0,24.0,False,0,0
2018_11_DAL_ATL,2018,11,REG,ATL,Dan Quinn,DAL,Jason Garrett,19.0,22.0,True,0,0
2018_11_DAL_ATL,2018,11,REG,DAL,Jason Garrett,ATL,Dan Quinn,22.0,19.0,False,1,0
2018_11_DEN_LAC,2018,11,REG,LAC,Anthony Lynn,DEN,Vance Joseph,22.0,23.0,True,0,0
2018_11_DEN_LAC,2018,11,REG,DEN,Vance Joseph,LAC,Anthony Lynn,23.0,22.0,False,1,0
2018_11_GB_SEA,2018,11,REG,SEA,Pete Carroll,GB,Mike McCarthy,27.0,24.0,True,1,0
2018_11_GB_SEA,2018,11,REG,GB,Mike McCarthy,SEA,Pete Carroll,24.0,27.0,False,0,0
2018_11_HOU_WAS,2018,11,REG,WAS,Jay Gruden,HOU,Bill O'Brien,21.0,23.0,True,0,0
2018_11_HOU_WAS,2018,11,REG,HOU,Bill O'Brien,WAS,Jay Gruden,23.0,21.0,False,1,0
2018_11_KC_LA,2018,11,REG,LA,Sean McVay,KC,Andy Reid,54.0,51.0,True,1,0
2018_11_KC_LA,2018,11,REG,KC,Andy Reid,LA,Sean McVay,51.0,54.0,False,0,0
2018_11_MIN_CHI,2018,11,REG,CHI,Matt Nagy,MIN,Mike Zimmer,25.0,20.0,True,1,0
2018_11_MIN_CHI,2018,11,REG,MIN,Mike Zimmer,CHI,Matt Nagy,20.0,25.0,False,0,0
2018_11_OAK_ARI,2018,11,REG,ARI,Steve Wilks,LV,Jon Gruden,21.0,23.0,True,0,0
2018_11_OAK_ARI,2018,11,REG,LV,Jon Gruden,ARI,Steve Wilks,23.0,21.0,False,1,0
2018_11_PHI_NO,2018,11,REG,NO,Sean Payton,PHI,Doug Pederson,48.0,7.0,True,1,0
2018_11_PHI_NO,2018,11,REG,PHI,Doug Pederson,NO,Sean Payton,7.0,48.0,False,0,0
2018_11_PIT_JAX,2018,11,REG,JAX,Doug Marrone,PIT,Mike Tomlin,16.0,20.0,True,0,0
2018_11_PIT_JAX,2018,11,REG,PIT,Mike Tomlin,JAX,Doug Marrone,20.0,16.0,False,1,0
2018_11_TB_NYG,2018,11,REG,NYG,Pat Shurmur,TB,Dirk Koetter,38.0,35.0,True,1,0
2018_11_TB_NYG,2018,11,REG,TB,Dirk Koetter,NYG,Pat Shurmur,35.0,38.0,False,0,0
2018_11_TEN_IND,2018,11,REG,IND,Frank Reich,TEN,Mike Vrabel,38.0,10.0,True,1,0
2018_11_TEN_IND,2018,11,REG,TEN,Mike Vrabel,IND,Frank Reich,10.0,38.0,False,0,0
2018_12_ARI_LAC,2018,12,REG,LAC,Anthony Lynn,ARI,Steve Wilks,45.0,10.0,True,1,0
2018_12_ARI_LAC,2018,12,REG,ARI,Steve Wilks,LAC,Anthony Lynn,10.0,45.0,False,0,0
2018_12_ATL_NO,2018,12,REG,NO,Sean Payton,ATL,Dan Quinn,31.0,17.0,True,1,0
2018_12_ATL_NO,2018,12,REG,ATL,Dan Quinn,NO,Sean Payton,17.0,31.0,False,0,0
2018_12_CHI_DET,2018,12,REG,DET,Matt Patricia,CHI,Matt Nagy,16.0,23.0,True,0,0
2018_12_CHI_DET,2018,12,REG,CHI,Matt Nagy,DET,Matt Patricia,23.0,16.0,False,1,0
2018_12_CLE_CIN,2018,12,REG,CIN,Marvin Lewis,CLE,Gregg Williams,20.0,35.0,True,0,0
2018_12_CLE_CIN,2018,12,REG,CLE,Gregg Williams,CIN,Marvin Lewis,35.0,20.0,False,1,0
2018_12_GB_MIN,2018,12,REG,MIN,Mike Zimmer,GB,Mike McCarthy,24.0,17.0,True,1,0
2018_12_GB_MIN,2018,12,REG,GB,Mike McCarthy,MIN,Mike Zimmer,17.0,24.0,False,0,0
2018_12_JAX_BUF,2018,12,REG,BUF,Sean McDermott,JAX,Doug Marrone,24.0,21.0,True,1,0
2018_12_JAX_BUF,2018,12,REG,JAX,Doug Marrone,BUF,Sean McDermott,21.0,24.0,False,0,0
2018_12_MIA_IND,2018,12,REG,IND,Frank Reich,MIA,Adam Gase,27.0,24.0,True,1,0
2018_12_MIA_IND,2018,12,REG,MIA,Adam Gase,IND,Frank Reich,24.0,27.0,False,0,0
2018_12_NE_NYJ,2018,12,REG,NYJ,Todd Bowles,NE,Bill Belichick,13.0,27.0,True,0,0
2018_12_NE_NYJ,2018,12,REG,NE,Bill Belichick,NYJ,Todd Bowles,27.0,13.0,False,1,0
2018_12_NYG_PHI,2018,12,REG,PHI,Doug Pederson,NYG,Pat Shurmur,25.0,22.0,True,1,0
2018_12_NYG_PHI,2018,12,REG,NYG,Pat Shurmur,PHI,Doug Pederson,22.0,25.0,False,0,0
2018_12_OAK_BAL,2018,12,REG,BAL,John Harbaugh,LV,Jon Gruden,34.0,17.0,True,1,0
2018_12_OAK_BAL,2018,12,REG,LV,Jon Gruden,BAL,John Harbaugh,17.0,34.0,False,0,0
2018_12_PIT_DEN,2018,12,REG,DEN,Vance Joseph,PIT,Mike Tomlin,24.0,17.0,True,1,0
2018_12_PIT_DEN,2018,12,REG,PIT,Mike Tomlin,DEN,Vance Joseph,17.0,24.0,False,0,0
2018_12_SEA_CAR,2018,12,REG,CAR,Ron Rivera,SEA,Pete Carroll,27.0,30.0,True,0,0
2018_12_SEA_CAR,2018,12,REG,SEA,Pete Carroll,CAR,Ron Rivera,30.0,27.0,False,1,0
2018_12_SF_TB,2018,12,REG,TB,Dirk Koetter,SF,Kyle Shanahan,27.0,9.0,True,1,0
2018_12_SF_TB,2018,12,REG,SF,Kyle Shanahan,TB,Dirk Koetter,9.0,27.0,False,0,0
2018_12_TEN_HOU,2018,12,REG,HOU,Bill O'Brien,TEN,Mike Vrabel,34.0,17.0,True,1,0
2018_12_TEN_HOU,2018,12,REG,TEN,Mike Vrabel,HOU,Bill O'Brien,17.0,34.0,False,0,0
2018_12_WAS_DAL,2018,12,REG,DAL,Jason Garrett,WAS,Jay Gruden,31.0,23.0,True,1,0
2018_12_WAS_DAL,2018,12,REG,WAS,Jay Gruden,DAL,Jason Garrett,23.0,31.0,False,0,0
2018_13_ARI_GB,2018,13,REG,GB,Mike McCarthy,ARI,Steve Wilks,17.0,20.0,True,0,0
2018_13_ARI_GB,2018,13,REG,ARI,Steve Wilks,GB,Mike McCarthy,20.0,17.0,False,1,0
2018_13_BAL_ATL,2018,13,REG,ATL,Dan Quinn,BAL,John Harbaugh,16.0,26.0,True,0,0
2018_13_BAL_ATL,2018,13,REG,BAL,John Harbaugh,ATL,Dan Quinn,26.0,16.0,False,1,0
2018_13_BUF_MIA,2018,13,REG,MIA,Adam Gase,BUF,Sean McDermott,21.0,17.0,True,1,0
2018_13_BUF_MIA,2018,13,REG,BUF,Sean McDermott,MIA,Adam Gase,17.0,21.0,False,0,0
2018_13_CAR_TB,2018,13,REG,TB,Dirk Koetter,CAR,Ron Rivera,24.0,17.0,True,1,0
2018_13_CAR_TB,2018,13,REG,CAR,Ron Rivera,TB,Dirk Koetter,17.0,24.0,False,0,0
2018_13_CHI_NYG,2018,13,REG,NYG,Pat Shurmur,CHI,Matt Nagy,30.0,27.0,True,1,0
2018_13_CHI_NYG,2018,13,REG,CHI,Matt Nagy,NYG,Pat Shurmur,27.0,30.0,False,0,0
2018_13_CLE_HOU,2018,13,REG,HOU,Bill O'Brien,CLE,Gregg Williams,29.0,13.0,True,1,0
2018_13_CLE_HOU,2018,13,REG,CLE,Gregg Williams,HOU,Bill O'Brien,13.0,29.0,False,0,0
2018_13_DEN_CIN,2018,13,REG,CIN,Marvin Lewis,DEN,Vance Joseph,10.0,24.0,True,0,0
2018_13_DEN_CIN,2018,13,REG,DEN,Vance Joseph,CIN,Marvin Lewis,24.0,10.0,False,1,0
2018_13_IND_JAX,2018,13,REG,JAX,Doug Marrone,IND,Frank Reich,6.0,0.0,True,1,0
2018_13_IND_JAX,2018,13,REG,IND,Frank Reich,JAX,Doug Marrone,0.0,6.0,False,0,0
2018_13_KC_OAK,2018,13,REG,LV,Jon Gruden,KC,Andy Reid,33.0,40.0,True,0,0
2018_13_KC_OAK,2018,13,REG,KC,Andy Reid,LV,Jon Gruden,40.0,33.0,False,1,0
2018_13_LAC_PIT,2018,13,REG,PIT,Mike Tomlin,LAC,Anthony Lynn,30.0,33.0,True,0,0
2018_13_LAC_PIT,2018,13,REG,LAC,Anthony Lynn,PIT,Mike Tomlin,33.0,30.0,False,1,0
2018_13_LA_DET,2018,13,REG,DET,Matt Patricia,LA,Sean McVay,16.0,30.0,True,0,0
2018_13_LA_DET,2018,13,REG,LA,Sean McVay,DET,Matt Patricia,30.0,16.0,False,1,0
2018_13_MIN_NE,2018,13,REG,NE,Bill Belichick,MIN,Mike Zimmer,24.0,10.0,True,1,0
2018_13_MIN_NE,2018,13,REG,MIN,Mike Zimmer,NE,Bill Belichick,10.0,24.0,False,0,0
2018_13_NO_DAL,2018,13,REG,DAL,Jason Garrett,NO,Sean Payton,13.0,10.0,True,1,0
2018_13_NO_DAL,2018,13,REG,NO,Sean Payton,DAL,Jason Garrett,10.0,13.0,False,0,0
2018_13_NYJ_TEN,2018,13,REG,TEN,Mike Vrabel,NYJ,Todd Bowles,26.0,22.0,True,1,0
2018_13_NYJ_TEN,2018,13,REG,NYJ,Todd Bowles,TEN,Mike Vrabel,22.0,26.0,False,0,0
2018_13_SF_SEA,2018,13,REG,SEA,Pete Carroll,SF,Kyle Shanahan,43.0,16.0,True,1,0
2018_13_SF_SEA,2018,13,REG,SF,Kyle Shanahan,SEA,Pete Carroll,16.0,43.0,False,0,0
2018_13_WAS_PHI,2018,13,REG,PHI,Doug Pederson,WAS,Jay Gruden,28.0,13.0,True,1,0
2018_13_WAS_PHI,2018,13,REG,WAS,Jay Gruden,PHI,Doug Pederson,13.0,28.0,False,0,0
2018_14_ATL_GB,2018,14,REG,GB,Joe Philbin,ATL,Dan Quinn,34.0,20.0,True,1,0
2018_14_ATL_GB,2018,14,REG,ATL,Dan Quinn,GB,Joe Philbin,20.0,34.0,False,0,0
2018_14_BAL_KC,2018,14,REG,KC,Andy Reid,BAL,John Harbaugh,27.0,24.0,True,1,0
2018_14_BAL_KC,2018,14,REG,BAL,John Harbaugh,KC,Andy Reid,24.0,27.0,False,0,0
2018_14_CAR_CLE,2018,14,REG,CLE,Gregg Williams,CAR,Ron Rivera,26.0,20.0,True,1,0
2018_14_CAR_CLE,2018,14,REG,CAR,Ron Rivera,CLE,Gregg Williams,20.0,26.0,False,0,0
2018_14_CIN_LAC,2018,14,REG,LAC,Anthony Lynn,CIN,Marvin Lewis,26.0,21.0,True,1,0
2018_14_CIN_LAC,2018,14,REG,CIN,Marvin Lewis,LAC,Anthony Lynn,21.0,26.0,False,0,0
2018_14_DEN_SF,2018,14,REG,SF,Kyle Shanahan,DEN,Vance Joseph,20.0,14.0,True,1,0
2018_14_DEN_SF,2018,14,REG,DEN,Vance Joseph,SF,Kyle Shanahan,14.0,20.0,False,0,0
2018_14_DET_ARI,2018,14,REG,ARI,Steve Wilks,DET,Matt Patricia,3.0,17.0,True,0,0
2018_14_DET_ARI,2018,14,REG,DET,Matt Patricia,ARI,Steve Wilks,17.0,3.0,False,1,0
2018_14_IND_HOU,2018,14,REG,HOU,Bill O'Brien,IND,Frank Reich,21.0,24.0,True,0,0
2018_14_IND_HOU,2018,14,REG,IND,Frank Reich,HOU,Bill O'Brien,24.0,21.0,False,1,0
2018_14_JAX_TEN,2018,14,REG,TEN,Mike Vrabel,JAX,Doug Marrone,30.0,9.0,True,1,0
2018_14_JAX_TEN,2018,14,REG,JAX,Doug Marrone,TEN,Mike Vrabel,9.0,30.0,False,0,0
2018_14_LA_CHI,2018,14,REG,CHI,Matt Nagy,LA,Sean McVay,15.0,6.0,True,1,0
2018_14_LA_CHI,2018,14,REG,LA,Sean McVay,CHI,Matt Nagy,6.0,15.0,False,0,0
2018_14_MIN_SEA,2018,14,REG,SEA,Pete Carroll,MIN,Mike Zimmer,21.0,7.0,True,1,0
2018_14_MIN_SEA,2018,14,REG,MIN,Mike Zimmer,SEA,Pete Carroll,7.0,21.0,False,0,0
2018_14_NE_MIA,2018,14,REG,MIA,Adam Gase,NE,Bill Belichick,34.0,33.0,True,1,0
2018_14_NE_MIA,2018,14,REG,NE,Bill Belichick,MIA,Adam Gase,33.0,34.0,False,0,0
2018_14_NO_TB,2018,14,REG,TB,Dirk Koetter,NO,Sean Payton,14.0,28.0,True,0,0
2018_14_NO_TB,2018,14,REG,NO,Sean Payton,TB,Dirk Koetter,28.0,14.0,False,1,0
2018_14_NYG_WAS,2018,14,REG,WAS,Jay Gruden,NYG,Pat Shurmur,16.0,40.0,True,0,0
2018_14_NYG_WAS,2018,14,REG,NYG,Pat Shurmur,WAS,Jay Gruden,40.0,16.0,False,1,0
2018_14_NYJ_BUF,2018,14,REG,BUF,Sean McDermott,NYJ,Todd Bowles,23.0,27.0,True,0,0
2018_14_NYJ_BUF,2018,14,REG,NYJ,Todd Bowles,BUF,Sean McDermott,27.0,23.0,False,1,0
2018_14_PHI_DAL,2018,14,REG,DAL,Jason Garrett,PHI,Doug Pederson,29.0,23.0,True,1,0
2018_14_PHI_DAL,2018,14,REG,PHI,Doug Pederson,DAL,Jason Garrett,23.0,29.0,False,0,0
2018_14_PIT_OAK,2018,14,REG,LV,Jon Gruden,PIT,Mike Tomlin,24.0,21.0,True,1,0
2018_14_PIT_OAK,2018,14,REG,PIT,Mike Tomlin,LV,Jon Gruden,21.0,24.0,False,0,0
2018_15_ARI_ATL,2018,15,REG,ATL,Dan Quinn,ARI,Steve Wilks,40.0,14.0,True,1,0
2018_15_ARI_ATL,2018,15,REG,ARI,Steve Wilks,ATL,Dan Quinn,14.0,40.0,False,0,0
2018_15_CLE_DEN,2018,15,REG,DEN,Vance Joseph,CLE,Gregg Williams,16.0,17.0,True,0,0
2018_15_CLE_DEN,2018,15,REG,CLE,Gregg Williams,DEN,Vance Joseph,17.0,16.0,False,1,0
2018_15_DAL_IND,2018,15,REG,IND,Frank Reich,DAL,Jason Garrett,23.0,0.0,True,1,0
2018_15_DAL_IND,2018,15,REG,DAL,Jason Garrett,IND,Frank Reich,0.0,23.0,False,0,0
2018_15_DET_BUF,2018,15,REG,BUF,Sean McDermott,DET,Matt Patricia,14.0,13.0,True,1,0
2018_15_DET_BUF,2018,15,REG,DET,Matt Patricia,BUF,Sean McDermott,13.0,14.0,False,0,0
2018_15_GB_CHI,2018,15,REG,CHI,Matt Nagy,GB,Joe Philbin,24.0,17.0,True,1,0
2018_15_GB_CHI,2018,15,REG,GB,Joe Philbin,CHI,Matt Nagy,17.0,24.0,False,0,0
2018_15_HOU_NYJ,2018,15,REG,NYJ,Todd Bowles,HOU,Bill O'Brien,22.0,29.0,True,0,0
2018_15_HOU_NYJ,2018,15,REG,HOU,Bill O'Brien,NYJ,Todd Bowles,29.0,22.0,False,1,0
2018_15_LAC_KC,2018,15,REG,KC,Andy Reid,LAC,Anthony Lynn,28.0,29.0,True,0,0
2018_15_LAC_KC,2018,15,REG,LAC,Anthony Lynn,KC,Andy Reid,29.0,28.0,False,1,0
2018_15_MIA_MIN,2018,15,REG,MIN,Mike Zimmer,MIA,Adam Gase,41.0,17.0,True,1,0
2018_15_MIA_MIN,2018,15,REG,MIA,Adam Gase,MIN,Mike Zimmer,17.0,41.0,False,0,0
2018_15_NE_PIT,2018,15,REG,PIT,Mike Tomlin,NE,Bill Belichick,17.0,10.0,True,1,0
2018_15_NE_PIT,2018,15,REG,NE,Bill Belichick,PIT,Mike Tomlin,10.0,17.0,False,0,0
2018_15_NO_CAR,2018,15,REG,CAR,Ron Rivera,NO,Sean Payton,9.0,12.0,True,0,0
2018_15_NO_CAR,2018,15,REG,NO,Sean Payton,CAR,Ron Rivera,12.0,9.0,False,1,0
2018_15_OAK_CIN,2018,15,REG,CIN,Marvin Lewis,LV,Jon Gruden,30.0,16.0,True,1,0
2018_15_OAK_CIN,2018,15,REG,LV,Jon Gruden,CIN,Marvin Lewis,16.0,30.0,False,0,0
2018_15_PHI_LA,2018,15,REG,LA,Sean McVay,PHI,Doug Pederson,23.0,30.0,True,0,0
2018_15_PHI_LA,2018,15,REG,PHI,Doug Pederson,LA,Sean McVay,30.0,23.0,False,1,0
2018_15_SEA_SF,2018,15,REG,SF,Kyle Shanahan,SEA,Pete Carroll,26.0,23.0,True,1,0
2018_15_SEA_SF,2018,15,REG,SEA,Pete Carroll,SF,Kyle Shanahan,23.0,26.0,False,0,0
2018_15_TB_BAL,2018,15,REG,BAL,John Harbaugh,TB,Dirk Koetter,20.0,12.0,True,1,0
2018_15_TB_BAL,2018,15,REG,TB,Dirk Koetter,BAL,John Harbaugh,12.0,20.0,False,0,0
2018_15_TEN_NYG,2018,15,REG,NYG,Pat Shurmur,TEN,Mike Vrabel,0.0,17.0,True,0,0
2018_15_TEN_NYG,2018,15,REG,TEN,Mike Vrabel,NYG,Pat Shurmur,17.0,0.0,False,1,0
2018_15_WAS_JAX,2018,15,REG,JAX,Doug Marrone,WAS,Jay Gruden,13.0,16.0,True,0,0
2018_15_WAS_JAX,2018,15,REG,WAS,Jay Gruden,JAX,Doug Marrone,16.0,13.0,False,1,0
2018_16_ATL_CAR,2018,16,REG,CAR,Ron Rivera,ATL,Dan Quinn,10.0,24.0,True,0,0
2018_16_ATL_CAR,2018,16,REG,ATL,Dan Quinn,CAR,Ron Rivera,24.0,10.0,False,1,0
2018_16_BAL_LAC,2018,16,REG,LAC,Anthony Lynn,BAL,John Harbaugh,10.0,22.0,True,0,0
2018_16_BAL_LAC,2018,16,REG,BAL,John Harbaugh,LAC,Anthony Lynn,22.0,10.0,False,1,0
2018_16_BUF_NE,2018,16,REG,NE,Bill Belichick,BUF,Sean McDermott,24.0,12.0,True,1,0
2018_16_BUF_NE,2018,16,REG,BUF,Sean McDermott,NE,Bill Belichick,12.0,24.0,False,0,0
2018_16_CHI_SF,2018,16,REG,SF,Kyle Shanahan,CHI,Matt Nagy,9.0,14.0,True,0,0
2018_16_CHI_SF,2018,16,REG,CHI,Matt Nagy,SF,Kyle Shanahan,14.0,9.0,False,1,0
2018_16_CIN_CLE,2018,16,REG,CLE,Gregg Williams,CIN,Marvin Lewis,26.0,18.0,True,1,0
2018_16_CIN_CLE,2018,16,REG,CIN,Marvin Lewis,CLE,Gregg Williams,18.0,26.0,False,0,0
2018_16_DEN_OAK,2018,16,REG,LV,Jon Gruden,DEN,Vance Joseph,27.0,14.0,True,1,0
2018_16_DEN_OAK,2018,16,REG,DEN,Vance Joseph,LV,Jon Gruden,14.0,27.0,False,0,0
2018_16_GB_NYJ,2018,16,REG,NYJ,Todd Bowles,GB,Joe Philbin,38.0,44.0,True,0,0
2018_16_GB_NYJ,2018,16,REG,GB,Joe Philbin,NYJ,Todd Bowles,44.0,38.0,False,1,0
2018_16_HOU_PHI,2018,16,REG,PHI,Doug Pederson,HOU,Bill O'Brien,32.0,30.0,True,1,0
2018_16_HOU_PHI,2018,16,REG,HOU,Bill O'Brien,PHI,Doug Pederson,30.0,32.0,False,0,0
2018_16_JAX_MIA,2018,16,REG,MIA,Adam Gase,JAX,Doug Marrone,7.0,17.0,True,0,0
2018_16_JAX_MIA,2018,16,REG,JAX,Doug Marrone,MIA,Adam Gase,17.0,7.0,False,1,0
2018_16_KC_SEA,2018,16,REG,SEA,Pete Carroll,KC,Andy Reid,38.0,31.0,True,1,0
2018_16_KC_SEA,2018,16,REG,KC,Andy Reid,SEA,Pete Carroll,31.0,38.0,False,0,0
2018_16_LA_ARI,2018,16,REG,ARI,Steve Wilks,LA,Sean McVay,9.0,31.0,True,0,0
2018_16_LA_ARI,2018,16,REG,LA,Sean McVay,ARI,Steve Wilks,31.0,9.0,False,1,0
2018_16_MIN_DET,2018,16,REG,DET,Matt Patricia,MIN,Mike Zimmer,9.0,27.0,True,0,0
2018_16_MIN_DET,2018,16,REG,MIN,Mike Zimmer,DET,Matt Patricia,27.0,9.0,False,1,0
2018_16_NYG_IND,2018,16,REG,IND,Frank Reich,NYG,Pat Shurmur,28.0,27.0,True,1,0
2018_16_NYG_IND,2018,16,REG,NYG,Pat Shurmur,IND,Frank Reich,27.0,28.0,False,0,0
2018_16_PIT_NO,2018,16,REG,NO,Sean Payton,PIT,Mike Tomlin,31.0,28.0,True,1,0
2018_16_PIT_NO,2018,16,REG,PIT,Mike Tomlin,NO,Sean Payton,28.0,31.0,False,0,0
2018_16_TB_DAL,2018,16,REG,DAL,Jason Garrett,TB,Dirk Koetter,27.0,20.0,True,1,0
2018_16_TB_DAL,2018,16,REG,TB,Dirk Koetter,DAL,Jason Garrett,20.0,27.0,False,0,0
2018_16_WAS_TEN,2018,16,REG,TEN,Mike Vrabel,WAS,Jay Gruden,25.0,16.0,True,1,0
2018_16_WAS_TEN,2018,16,REG,WAS,Jay Gruden,TEN,Mike Vrabel,16.0,25.0,False,0,0
2018_17_ARI_SEA,2018,17,REG,SEA,Pete Carroll,ARI,Steve Wilks,27.0,24.0,True,1,0
2018_17_ARI_SEA,2018,17,REG,ARI,Steve Wilks,SEA,Pete Carroll,24.0,27.0,False,0,0
2018_17_ATL_TB,2018,17,REG,TB,Dirk Koetter,ATL,Dan Quinn,32.0,34.0,True,0,0
2018_17_ATL_TB,2018,17,REG,ATL,Dan Quinn,TB,Dirk Koetter,34.0,32.0,False,1,0
2018_17_CAR_NO,2018,17,REG,NO,Sean Payton,CAR,Ron Rivera,14.0,33.0,True,0,0
2018_17_CAR_NO,2018,17,REG,CAR,Ron Rivera,NO,Sean Payton,33.0,14.0,False,1,0
2018_17_CHI_MIN,2018,17,REG,MIN,Mike Zimmer,CHI,Matt Nagy,10.0,24.0,True,0,0
2018_17_CHI_MIN,2018,17,REG,CHI,Matt Nagy,MIN,Mike Zimmer,24.0,10.0,False,1,0
2018_17_CIN_PIT,2018,17,REG,PIT,Mike Tomlin,CIN,Marvin Lewis,16.0,13.0,True,1,0
2018_17_CIN_PIT,2018,17,REG,CIN,Marvin Lewis,PIT,Mike Tomlin,13.0,16.0,False,0,0
2018_17_CLE_BAL,2018,17,REG,BAL,John Harbaugh,CLE,Gregg Williams,26.0,24.0,True,1,0
2018_17_CLE_BAL,2018,17,REG,CLE,Gregg Williams,BAL,John Harbaugh,24.0,26.0,False,0,0
2018_17_DAL_NYG,2018,17,REG,NYG,Pat Shurmur,DAL,Jason Garrett,35.0,36.0,True,0,0
2018_17_DAL_NYG,2018,17,REG,DAL,Jason Garrett,NYG,Pat Shurmur,36.0,35.0,False,1,0
2018_17_DET_GB,2018,17,REG,GB,Joe Philbin,DET,Matt Patricia,0.0,31.0,True,0,0
2018_17_DET_GB,2018,17,REG,DET,Matt Patricia,GB,Joe Philbin,31.0,0.0,False,1,0
2018_17_IND_TEN,2018,17,REG,TEN,Mike Vrabel,IND,Frank Reich,17.0,33.0,True,0,0
2018_17_IND_TEN,2018,17,REG,IND,Frank Reich,TEN,Mike Vrabel,33.0,17.0,False,1,0
2018_17_JAX_HOU,2018,17,REG,HOU,Bill O'Brien,JAX,Doug Marrone,20.0,3.0,True,1,0
2018_17_JAX_HOU,2018,17,REG,JAX,Doug Marrone,HOU,Bill O'Brien,3.0,20.0,False,0,0
2018_17_LAC_DEN,2018,17,REG,DEN,Vance Joseph,LAC,Anthony Lynn,9.0,23.0,True,0,0
2018_17_LAC_DEN,2018,17,REG,LAC,Anthony Lynn,DEN,Vance Joseph,23.0,9.0,False,1,0
2018_17_MIA_BUF,2018,17,REG,BUF,Sean McDermott,MIA,Adam Gase,42.0,17.0,True,1,0
2018_17_MIA_BUF,2018,17,REG,MIA,Adam Gase,BUF,Sean McDermott,17.0,42.0,False,0,0
2018_17_NYJ_NE,2018,17,REG,NE,Bill Belichick,NYJ,Todd Bowles,38.0,3.0,True,1,0
2018_17_NYJ_NE,2018,17,REG,NYJ,Todd Bowles,NE,Bill Belichick,3.0,38.0,False,0,0
2018_17_OAK_KC,2018,17,REG,KC,Andy Reid,LV,Jon Gruden,35.0,3.0,True,1,0
2018_17_OAK_KC,2018,17,REG,LV,Jon Gruden,KC,Andy Reid,3.0,35.0,False,0,0
2018_17_PHI_WAS,2018,17,REG,WAS,Jay Gruden,PHI,Doug Pederson,0.0,24.0,True,0,0
2018_17_PHI_WAS,2018,17,REG,PHI,Doug Pederson,WAS,Jay Gruden,24.0,0.0,False,1,0
2018_17_SF_LA,2018,17,REG,LA,Sean McVay,SF,Kyle Shanahan,48.0,32.0,True,1,0
2018_17_SF_LA,2018,17,REG,SF,Kyle Shanahan,LA,Sean McVay,32.0,48.0,False,0,0
2018_18_IND_HOU,2018,18,POST,HOU,Bill O'Brien,IND,Frank Reich,7.0,21.0,True,0,0
2018_18_IND_HOU,2018,18,POST,IND,Frank Reich,HOU,Bill O'Brien,21.0,7.0,False,1,0
2018_18_LAC_BAL,2018,18,POST,BAL,John Harbaugh,LAC,Anthony Lynn,17.0,23.0,True,0,0
2018_18_LAC_BAL,2018,18,POST,LAC,Anthony Lynn,BAL,John Harbaugh,23.0,17.0,False,1,0
2018_18_PHI_CHI,2018,18,POST,CHI,Matt Nagy,PHI,Doug Pederson,15.0,16.0,True,0,0
2018_18_PHI_CHI,2018,18,POST,PHI,Doug Pederson,CHI,Matt Nagy,16.0,15.0,False,1,0
2018_18_SEA_DAL,2018,18,POST,DAL,Jason Garrett,SEA,Pete Carroll,24.0,22.0,True,1,0
2018_18_SEA_DAL,2018,18,POST,SEA,Pete Carroll,DAL,Jason Garrett,22.0,24.0,False,0,0
2018_19_DAL_LA,2018,19,POST,LA,Sean McVay,DAL,Jason Garrett,30.0,22.0,True,1,0
2018_19_DAL_LA,2018,19,POST,DAL,Jason Garrett,LA,Sean McVay,22.0,30.0,False,0,0
2018_19_IND_KC,2018,19,POST,KC,Andy Reid,IND,Frank Reich,31.0,13.0,True,1,0
2018_19_IND_KC,2018,19,POST,IND,Frank Reich,KC,Andy Reid,13.0,31.0,False,0,0
2018_19_LAC_NE,2018,19,POST,NE,Bill Belichick,LAC,Anthony Lynn,41.0,28.0,True,1,0
2018_19_LAC_NE,2018,19,POST,LAC,Anthony Lynn,NE,Bill Belichick,28.0,41.0,False,0,0
2018_19_PHI_NO,2018,19,POST,NO,Sean Payton,PHI,Doug Pederson,20.0,14.0,True,1,0
2018_19_PHI_NO,2018,19,POST,PHI,Doug Pederson,NO,Sean Payton,14.0,20.0,False,0,0
2018_20_LA_NO,2018,20,POST,NO,Sean Payton,LA,Sean McVay,23.0,26.0,True,0,0
2018_20_LA_NO,2018,20,POST,LA,Sean McVay,NO,Sean Payton,26.0,23.0,False,1,0
2018_20_NE_KC,2018,20,POST,KC,Andy Reid,NE,Bill Belichick,31.0,37.0,True,0,0
2018_20_NE_KC,2018,20,POST,NE,Bill Belichick,KC,Andy Reid,37.0,31.0,False,1,0
2018_21_NE_LA,2018,21,POST,LA,Sean McVay,NE,Bill Belichick,3.0,13.0,True,0,0
2018_21_NE_LA,2018,21,POST,NE,Bill Belichick,LA,Sean McVay,13.0,3.0,False,1,0
2019_01_ATL_MIN,2019,1,REG,MIN,Mike Zimmer,ATL,Dan Quinn,28.0,12.0,True,1,0
2019_01_ATL_MIN,2019,1,REG,ATL,Dan Quinn,MIN,Mike Zimmer,12.0,28.0,False,0,0
2019_01_BAL_MIA,2019,1,REG,MIA,Brian Flores,BAL,John Harbaugh,10.0,59.0,True,0,0
2019_01_BAL_MIA,2019,1,REG,BAL,John Harbaugh,MIA,Brian Flores,59.0,10.0,False,1,0
2019_01_BUF_NYJ,2019,1,REG,NYJ,Adam Gase,BUF,Sean McDermott,16.0,17.0,True,0,0
2019_01_BUF_NYJ,2019,1,REG,BUF,Sean McDermott,NYJ,Adam Gase,17.0,16.0,False,1,0
2019_01_CIN_SEA,2019,1,REG,SEA,Pete Carroll,CIN,Zac Taylor,21.0,20.0,True,1,0
2019_01_CIN_SEA,2019,1,REG,CIN,Zac Taylor,SEA,Pete Carroll,20.0,21.0,False,0,0
2019_01_DEN_OAK,2019,1,REG,LV,Jon Gruden,DEN,Vic Fangio,24.0,16.0,True,1,0
2019_01_DEN_OAK,2019,1,REG,DEN,Vic Fangio,LV,Jon Gruden,16.0,24.0,False,0,0
2019_01_DET_ARI,2019,1,REG,ARI,Kliff Kingsbury,DET,Matt Patricia,27.0,27.0,True,0,1
2019_01_DET_ARI,2019,1,REG,DET,Matt Patricia,ARI,Kliff Kingsbury,27.0,27.0,False,0,1
2019_01_GB_CHI,2019,1,REG,CHI,Matt Nagy,GB,Matt LaFleur,3.0,10.0,True,0,0
2019_01_GB_CHI,2019,1,REG,GB,Matt LaFleur,CHI,Matt Nagy,10.0,3.0,False,1,0
2019_01_HOU_NO,2019,1,REG,NO,Sean Payton,HOU,Bill O'Brien,30.0,28.0,True,1,0
2019_01_HOU_NO,2019,1,REG,HOU,Bill O'Brien,NO,Sean Payton,28.0,30.0,False,0,0
2019_01_IND_LAC,2019,1,REG,LAC,Anthony Lynn,IND,Frank Reich,30.0,24.0,True,1,0
2019_01_IND_LAC,2019,1,REG,IND,Frank Reich,LAC,Anthony Lynn,24.0,30.0,False,0,0
2019_01_KC_JAX,2019,1,REG,JAX,Doug Marrone,KC,Andy Reid,26.0,40.0,True,0,0
2019_01_KC_JAX,2019,1,REG,KC,Andy Reid,JAX,Doug Marrone,40.0,26.0,False,1,0
2019_01_LA_CAR,2019,1,REG,CAR,Ron Rivera,LA,Sean McVay,27.0,30.0,True,0,0
2019_01_LA_CAR,2019,1,REG,LA,Sean McVay,CAR,Ron Rivera,30.0,27.0,False,1,0
2019_01_NYG_DAL,2019,1,REG,DAL,Jason Garrett,NYG,Pat Shurmur,35.0,17.0,True,1,0
2019_01_NYG_DAL,2019,1,REG,NYG,Pat Shurmur,DAL,Jason Garrett,17.0,35.0,False,0,0
2019_01_PIT_NE,2019,1,REG,NE,Bill Belichick,PIT,Mike Tomlin,33.0,3.0,True,1,0
2019_01_PIT_NE,2019,1,REG,PIT,Mike Tomlin,NE,Bill Belichick,3.0,33.0,False,0,0
2019_01_SF_TB,2019,1,REG,TB,Bruce Arians,SF,Kyle Shanahan,17.0,31.0,True,0,0
2019_01_SF_TB,2019,1,REG,SF,Kyle Shanahan,TB,Bruce Arians,31.0,17.0,False,1,0
2019_01_TEN_CLE,2019,1,REG,CLE,Freddie Kitchens,TEN,Mike Vrabel,13.0,43.0,True,0,0
2019_01_TEN_CLE,2019,1,REG,TEN,Mike Vrabel,CLE,Freddie Kitchens,43.0,13.0,False,1,0
2019_01_WAS_PHI,2019,1,REG,PHI,Doug Pederson,WAS,Jay Gruden,32.0,27.0,True,1,0
2019_01_WAS_PHI,2019,1,REG,WAS,Jay Gruden,PHI,Doug Pederson,27.0,32.0,False,0,0
2019_02_ARI_BAL,2019,2,REG,BAL,John Harbaugh,ARI,Kliff Kingsbury,23.0,17.0,True,1,0
2019_02_ARI_BAL,2019,2,REG,ARI,Kliff Kingsbury,BAL,John Harbaugh,17.0,23.0,False,0,0
2019_02_BUF_NYG,2019,2,REG,NYG,Pat Shurmur,BUF,Sean McDermott,14.0,28.0,True,0,0
2019_02_BUF_NYG,2019,2,REG,BUF,Sean McDermott,NYG,Pat Shurmur,28.0,14.0,False,1,0
2019_02_CHI_DEN,2019,2,REG,DEN,Vic Fangio,CHI,Matt Nagy,14.0,16.0,True,0,0
2019_02_CHI_DEN,2019,2,REG,CHI,Matt Nagy,DEN,Vic Fangio,16.0,14.0,False,1,0
2019_02_CLE_NYJ,2019,2,REG,NYJ,Adam Gase,CLE,Freddie Kitchens,3.0,23.0,True,0,0
2019_02_CLE_NYJ,2019,2,REG,CLE,Freddie Kitchens,NYJ,Adam Gase,23.0,3.0,False,1,0
2019_02_DAL_WAS,2019,2,REG,WAS,Jay Gruden,DAL,Jason Garrett,21.0,31.0,True,0,0
2019_02_DAL_WAS,2019,2,REG,DAL,Jason Garrett,WAS,Jay Gruden,31.0,21.0,False,1,0
2019_02_IND_TEN,2019,2,REG,TEN,Mike Vrabel,IND,Frank Reich,17.0,19.0,True,0,0
2019_02_IND_TEN,2019,2,REG,IND,Frank Reich,TEN,Mike Vrabel,19.0,17.0,False,1,0
2019_02_JAX_HOU,2019,2,REG,HOU,Bill O'Brien,JAX,Doug Marrone,13.0,12.0,True,1,0
2019_02_JAX_HOU,2019,2,REG,JAX,Doug Marrone,HOU,Bill O'Brien,12.0,13.0,False,0,0
2019_02_KC_OAK,2019,2,REG,LV,Jon Gruden,KC,Andy Reid,10.0,28.0,True,0,0
2019_02_KC_OAK,2019,2,REG,KC,Andy Reid,LV,Jon Gruden,28.0,10.0,False,1,0
2019_02_LAC_DET,2019,2,REG,DET,Matt Patricia,LAC,Anthony Lynn,13.0,10.0,True,1,0
2019_02_LAC_DET,2019,2,REG,LAC,Anthony Lynn,DET,Matt Patricia,10.0,13.0,False,0,0
2019_02_MIN_GB,2019,2,REG,GB,Matt LaFleur,MIN,Mike Zimmer,21.0,16.0,True,1,0
2019_02_MIN_GB,2019,2,REG,MIN,Mike Zimmer,GB,Matt LaFleur,16.0,21.0,False,0,0
2019_02_NE_MIA,2019,2,REG,MIA,Brian Flores,NE,Bill Belichick,0.0,43.0,True,0,0
2019_02_NE_MIA,2019,2,REG,NE,Bill Belichick,MIA,Brian Flores,43.0,0.0,False,1,0
2019_02_NO_LA,2019,2,REG,LA,Sean McVay,NO,Sean Payton,27.0,9.0,True,1,0
2019_02_NO_LA,2019,2,REG,NO,Sean Payton,LA,Sean McVay,9.0,27.0,False,0,0
2019_02_PHI_ATL,2019,2,REG,ATL,Dan Quinn,PHI,Doug Pederson,24.0,20.0,True,1,0
2019_02_PHI_ATL,2019,2,REG,PHI,Doug Pederson,ATL,Dan Quinn,20.0,24.0,False,0,0
2019_02_SEA_PIT,2019,2,REG,PIT,Mike Tomlin,SEA,Pete Carroll,26.0,28.0,True,0,0
2019_02_SEA_PIT,2019,2,REG,SEA,Pete Carroll,PIT,Mike Tomlin,28.0,26.0,False,1,0
2019_02_SF_CIN,2019,2,REG,CIN,Zac Taylor,SF,Kyle Shanahan,17.0,41.0,True,0,0
2019_02_SF_CIN,2019,2,REG,SF,Kyle Shanahan,CIN,Zac Taylor,41.0,17.0,False,1,0
2019_02_TB_CAR,2019,2,REG,CAR,Ron Rivera,TB,Bruce Arians,14.0,20.0,True,0,0
2019_02_TB_CAR,2019,2,REG,TB,Bruce Arians,CAR,Ron Rivera,20.0,14.0,False,1,0
2019_03_ATL_IND,2019,3,REG,IND,Frank Reich,ATL,Dan Quinn,27.0,24.0,True,1,0
2019_03_ATL_IND,2019,3,REG,ATL,Dan Quinn,IND,Frank Reich,24.0,27.0,False,0,0
2019_03_BAL_KC,2019,3,REG,KC,Andy Reid,BAL,John Harbaugh,33.0,28.0,True,1,0
2019_03_BAL_KC,2019,3,REG,BAL,John Harbaugh,KC,Andy Reid,28.0,33.0,False,0,0
2019_03_CAR_ARI,2019,3,REG,ARI,Kliff Kingsbury,CAR,Ron Rivera,20.0,38.0,True,0,0
2019_03_CAR_ARI,2019,3,REG,CAR,Ron Rivera,ARI,Kliff Kingsbury,38.0,20.0,False,1,0
2019_03_CHI_WAS,2019,3,REG,WAS,Jay Gruden,CHI,Matt Nagy,15.0,31.0,True,0,0
2019_03_CHI_WAS,2019,3,REG,CHI,Matt Nagy,WAS,Jay Gruden,31.0,15.0,False,1,0
2019_03_CIN_BUF,2019,3,REG,BUF,Sean McDermott,CIN,Zac Taylor,21.0,17.0,True,1,0
2019_03_CIN_BUF,2019,3,REG,CIN,Zac Taylor,BUF,Sean McDermott,17.0,21.0,False,0,0
2019_03_DEN_GB,2019,3,REG,GB,Matt LaFleur,DEN,Vic Fangio,27.0,16.0,True,1,0
2019_03_DEN_GB,2019,3,REG,DEN,Vic Fangio,GB,Matt LaFleur,16.0,27.0,False,0,0
2019_03_DET_PHI,2019,3,REG,PHI,Doug Pederson,DET,Matt Patricia,24.0,27.0,True,0,0
2019_03_DET_PHI,2019,3,REG,DET,Matt Patricia,PHI,Doug Pederson,27.0,24.0,False,1,0
2019_03_HOU_LAC,2019,3,REG,LAC,Anthony Lynn,HOU,Bill O'Brien,20.0,27.0,True,0,0
2019_03_HOU_LAC,2019,3,REG,HOU,Bill O'Brien,LAC,Anthony Lynn,27.0,20.0,False,1,0
2019_03_LA_CLE,2019,3,REG,CLE,Freddie Kitchens,LA,Sean McVay,13.0,20.0,True,0,0
2019_03_LA_CLE,2019,3,REG,LA,Sean McVay,CLE,Freddie Kitchens,20.0,13.0,False,1,0
2019_03_MIA_DAL,2019,3,REG,DAL,Jason Garrett,MIA,Brian Flores,31.0,6.0,True,1,0
2019_03_MIA_DAL,2019,3,REG,MIA,Brian Flores,DAL,Jason Garrett,6.0,31.0,False,0,0
2019_03_NO_SEA,2019,3,REG,SEA,Pete Carroll,NO,Sean Payton,27.0,33.0,True,0,0
2019_03_NO_SEA,2019,3,REG,NO,Sean Payton,SEA,Pete Carroll,33.0,27.0,False,1,0
2019_03_NYG_TB,2019,3,REG,TB,Bruce Arians,NYG,Pat Shurmur,31.0,32.0,True,0,0
2019_03_NYG_TB,2019,3,REG,NYG,Pat Shurmur,TB,Bruce Arians,32.0,31.0,False,1,0
2019_03_NYJ_NE,2019,3,REG,NE,Bill Belichick,NYJ,Adam Gase,30.0,14.0,True,1,0
2019_03_NYJ_NE,2019,3,REG,NYJ,Adam Gase,NE,Bill Belichick,14.0,30.0,False,0,0
2019_03_OAK_MIN,2019,3,REG,MIN,Mike Zimmer,LV,Jon Gruden,34.0,14.0,True,1,0
2019_03_OAK_MIN,2019,3,REG,LV,Jon Gruden,MIN,Mike Zimmer,14.0,34.0,False,0,0
2019_03_PIT_SF,2019,3,REG,SF,Kyle Shanahan,PIT,Mike Tomlin,24.0,20.0,True,1,0
2019_03_PIT_SF,2019,3,REG,PIT,Mike Tomlin,SF,Kyle Shanahan,20.0,24.0,False,0,0
2019_03_TEN_JAX,2019,3,REG,JAX,Doug Marrone,TEN,Mike Vrabel,20.0,7.0,True,1,0
2019_03_TEN_JAX,2019,3,REG,TEN,Mike Vrabel,JAX,Doug Marrone,7.0,20.0,False,0,0
2019_04_CAR_HOU,2019,4,REG,HOU,Bill O'Brien,CAR,Ron Rivera,10.0,16.0,True,0,0
2019_04_CAR_HOU,2019,4,REG,CAR,Ron Rivera,HOU,Bill O'Brien,16.0,10.0,False,1,0
2019_04_CIN_PIT,2019,4,REG,PIT,Mike Tomlin,CIN,Zac Taylor,27.0,3.0,True,1,0
2019_04_CIN_PIT,2019,4,REG,CIN,Zac Taylor,PIT,Mike Tomlin,3.0,27.0,False,0,0
2019_04_CLE_BAL,2019,4,REG,BAL,John Harbaugh,CLE,Freddie Kitchens,25.0,40.0,True,0,0
2019_04_CLE_BAL,2019,4,REG,CLE,Freddie Kitchens,BAL,John Harbaugh,40.0,25.0,False,1,0
2019_04_DAL_NO,2019,4,REG,NO,Sean Payton,DAL,Jason Garrett,12.0,10.0,True,1,0
2019_04_DAL_NO,2019,4,REG,DAL,Jason Garrett,NO,Sean Payton,10.0,12.0,False,0,0
2019_04_JAX_DEN,2019,4,REG,DEN,Vic Fangio,JAX,Doug Marrone,24.0,26.0,True,0,0
2019_04_JAX_DEN,2019,4,REG,JAX,Doug Marrone,DEN,Vic Fangio,26.0,24.0,False,1,0
2019_04_KC_DET,2019,4,REG,DET,Matt Patricia,KC,Andy Reid,30.0,34.0,True,0,0
2019_04_KC_DET,2019,4,REG,KC,Andy Reid,DET,Matt Patricia,34.0,30.0,False,1,0
2019_04_LAC_MIA,2019,4,REG,MIA,Brian Flores,LAC,Anthony Lynn,10.0,30.0,True,0,0
2019_04_LAC_MIA,2019,4,REG,LAC,Anthony Lynn,MIA,Brian Flores,30.0,10.0,False,1,0
2019_04_MIN_CHI,2019,4,REG,CHI,Matt Nagy,MIN,Mike Zimmer,16.0,6.0,True,1,0
2019_04_MIN_CHI,2019,4,REG,MIN,Mike Zimmer,CHI,Matt Nagy,6.0,16.0,False,0,0
2019_04_NE_BUF,2019,4,REG,BUF,Sean McDermott,NE,Bill Belichick,10.0,16.0,True,0,0
2019_04_NE_BUF,2019,4,REG,NE,Bill Belichick,BUF,Sean McDermott,16.0,10.0,False,1,0
2019_04_OAK_IND,2019,4,REG,IND,Frank Reich,LV,Jon Gruden,24.0,31.0,True,0,0
2019_04_OAK_IND,2019,4,REG,LV,Jon Gruden,IND,Frank Reich,31.0,24.0,False,1,0
2019_04_PHI_GB,2019,4,REG,GB,Matt LaFleur,PHI,Doug Pederson,27.0,34.0,True,0,0
2019_04_PHI_GB,2019,4,REG,PHI,Doug Pederson,GB,Matt LaFleur,34.0,27.0,False,1,0
2019_04_SEA_ARI,2019,4,REG,ARI,Kliff Kingsbury,SEA,Pete Carroll,10.0,27.0,True,0,0
2019_04_SEA_ARI,2019,4,REG,SEA,Pete Carroll,ARI,Kliff Kingsbury,27.0,10.0,False,1,0
2019_04_TB_LA,2019,4,REG,LA,Sean McVay,TB,Bruce Arians,40.0,55.0,True,0,0
2019_04_TB_LA,2019,4,REG,TB,Bruce Arians,LA,Sean McVay,55.0,40.0,False,1,0
2019_04_TEN_ATL,2019,4,REG,ATL,Dan Quinn,TEN,Mike Vrabel,10.0,24.0,True,0,0
2019_04_TEN_ATL,2019,4,REG,TEN,Mike Vrabel,ATL,Dan Quinn,24.0,10.0,False,1,0
2019_04_WAS_NYG,2019,4,REG,NYG,Pat Shurmur,WAS,Jay Gruden,24.0,3.0,True,1,0
2019_04_WAS_NYG,2019,4,REG,WAS,Jay Gruden,NYG,Pat Shurmur,3.0,24.0,False,0,0
2019_05_ARI_CIN,2019,5,REG,CIN,Zac Taylor,ARI,Kliff Kingsbury,23.0,26.0,True,0,0
2019_05_ARI_CIN,2019,5,REG,ARI,Kliff Kingsbury,CIN,Zac Taylor,26.0,23.0,False,1,0
2019_05_ATL_HOU,2019,5,REG,HOU,Bill O'Brien,ATL,Dan Quinn,53.0,32.0,True,1,0
2019_05_ATL_HOU,2019,5,REG,ATL,Dan Quinn,HOU,Bill O'Brien,32.0,53.0,False,0,0
2019_05_BAL_PIT,2019,5,REG,PIT,Mike Tomlin,BAL,John Harbaugh,23.0,26.0,True,0,0
2019_05_BAL_PIT,2019,5,REG,BAL,John Harbaugh,PIT,Mike Tomlin,26.0,23.0,False,1,0
2019_05_BUF_TEN,2019,5,REG,TEN,Mike Vrabel,BUF,Sean McDermott,7.0,14.0,True,0,0
2019_05_BUF_TEN,2019,5,REG,BUF,Sean McDermott,TEN,Mike Vrabel,14.0,7.0,False,1,0
2019_05_CHI_OAK,2019,5,REG,LV,Jon Gruden,CHI,Matt Nagy,24.0,21.0,True,1,0
2019_05_CHI_OAK,2019,5,REG,CHI,Matt Nagy,LV,Jon Gruden,21.0,24.0,False,0,0
2019_05_CLE_SF,2019,5,REG,SF,Kyle Shanahan,CLE,Freddie Kitchens,31.0,3.0,True,1,0
2019_05_CLE_SF,2019,5,REG,CLE,Freddie Kitchens,SF,Kyle Shanahan,3.0,31.0,False,0,0
2019_05_DEN_LAC,2019,5,REG,LAC,Anthony Lynn,DEN,Vic Fangio,13.0,20.0,True,0,0
2019_05_DEN_LAC,2019,5,REG,DEN,Vic Fangio,LAC,Anthony Lynn,20.0,13.0,False,1,0
2019_05_GB_DAL,2019,5,REG,DAL,Jason Garrett,GB,Matt LaFleur,24.0,34.0,True,0,0
2019_05_GB_DAL,2019,5,REG,GB,Matt LaFleur,DAL,Jason Garrett,34.0,24.0,False,1,0
2019_05_IND_KC,2019,5,REG,KC,Andy Reid,IND,Frank Reich,13.0,19.0,True,0,0
2019_05_IND_KC,2019,5,REG,IND,Frank Reich,KC,Andy Reid,19.0,13.0,False,1,0
2019_05_JAX_CAR,2019,5,REG,CAR,Ron Rivera,JAX,Doug Marrone,34.0,27.0,True,1,0
2019_05_JAX_CAR,2019,5,REG,JAX,Doug Marrone,CAR,Ron Rivera,27.0,34.0,False,0,0
2019_05_LA_SEA,2019,5,REG,SEA,Pete Carroll,LA,Sean McVay,30.0,29.0,True,1,0
2019_05_LA_SEA,2019,5,REG,LA,Sean McVay,SEA,Pete Carroll,29.0,30.0,False,0,0
2019_05_MIN_NYG,2019,5,REG,NYG,Pat Shurmur,MIN,Mike Zimmer,10.0,28.0,True,0,0
2019_05_MIN_NYG,2019,5,REG,MIN,Mike Zimmer,NYG,Pat Shurmur,28.0,10.0,False,1,0
2019_05_NE_WAS,2019,5,REG,WAS,Jay Gruden,NE,Bill Belichick,7.0,33.0,True,0,0
2019_05_NE_WAS,2019,5,REG,NE,Bill Belichick,WAS,Jay Gruden,33.0,7.0,False,1,0
2019_05_NYJ_PHI,2019,5,REG,PHI,Doug Pederson,NYJ,Adam Gase,31.0,6.0,True,1,0
2019_05_NYJ_PHI,2019,5,REG,NYJ,Adam Gase,PHI,Doug Pederson,6.0,31.0,False,0,0
2019_05_TB_NO,2019,5,REG,NO,Sean Payton,TB,Bruce Arians,31.0,24.0,True,1,0
2019_05_TB_NO,2019,5,REG,TB,Bruce Arians,NO,Sean Payton,24.0,31.0,False,0,0
2019_06_ATL_ARI,2019,6,REG,ARI,Kliff Kingsbury,ATL,Dan Quinn,34.0,33.0,True,1,0
2019_06_ATL_ARI,2019,6,REG,ATL,Dan Quinn,ARI,Kliff Kingsbury,33.0,34.0,False,0,0
2019_06_CAR_TB,2019,6,REG,TB,Bruce Arians,CAR,Ron Rivera,26.0,37.0,True,0,0
2019_06_CAR_TB,2019,6,REG,CAR,Ron Rivera,TB,Bruce Arians,37.0,26.0,False,1,0
2019_06_CIN_BAL,2019,6,REG,BAL,John Harbaugh,CIN,Zac Taylor,23.0,17.0,True,1,0
2019_06_CIN_BAL,2019,6,REG,CIN,Zac Taylor,BAL,John Harbaugh,17.0,23.0,False,0,0
2019_06_DAL_NYJ,2019,6,REG,NYJ,Adam Gase,DAL,Jason Garrett,24.0,22.0,True,1,0
2019_06_DAL_NYJ,2019,6,REG,DAL,Jason Garrett,NYJ,Adam Gase,22.0,24.0,False,0,0
2019_06_DET_GB,2019,6,REG,GB,Matt LaFleur,DET,Matt Patricia,23.0,22.0,True,1,0
2019_06_DET_GB,2019,6,REG,DET,Matt Patricia,GB,Matt LaFleur,22.0,23.0,False,0,0
2019_06_HOU_KC,2019,6,REG,KC,Andy Reid,HOU,Bill O'Brien,24.0,31.0,True,0,0
2019_06_HOU_KC,2019,6,REG,HOU,Bill O'Brien,KC,Andy Reid,31.0,24.0,False,1,0
2019_06_NO_JAX,2019,6,REG,JAX,Doug Marrone,NO,Sean Payton,6.0,13.0,True,0,0
2019_06_NO_JAX,2019,6,REG,NO,Sean Payton,JAX,Doug Marrone,13.0,6.0,False,1,0
2019_06_NYG_NE,2019,6,REG,NE,Bill Belichick,NYG,Pat Shurmur,35.0,14.0,True,1,0
2019_06_NYG_NE,2019,6,REG,NYG,Pat Shurmur,NE,Bill Belichick,14.0,35.0,False,0,0
2019_06_PHI_MIN,2019,6,REG,MIN,Mike Zimmer,PHI,Doug Pederson,38.0,20.0,True,1,0
2019_06_PHI_MIN,2019,6,REG,PHI,Doug Pederson,MIN,Mike Zimmer,20.0,38.0,False,0,0
2019_06_PIT_LAC,2019,6,REG,LAC,Anthony Lynn,PIT,Mike Tomlin,17.0,24.0,True,0,0
2019_06_PIT_LAC,2019,6,REG,PIT,Mike Tomlin,LAC,Anthony Lynn,24.0,17.0,False,1,0
2019_06_SEA_CLE,2019,6,REG,CLE,Freddie Kitchens,SEA,Pete Carroll,28.0,32.0,True,0,0
2019_06_SEA_CLE,2019,6,REG,SEA,Pete Carroll,CLE,Freddie Kitchens,32.0,28.0,False,1,0
2019_06_SF_LA,2019,6,REG,LA,Sean McVay,SF,Kyle Shanahan,7.0,20.0,True,0,0
2019_06_SF_LA,2019,6,REG,SF,Kyle Shanahan,LA,Sean McVay,20.0,7.0,False,1,0
2019_06_TEN_DEN,2019,6,REG,DEN,Vic Fangio,TEN,Mike Vrabel,16.0,0.0,True,1,0
2019_06_TEN_DEN,2019,6,REG,TEN,Mike Vrabel,DEN,Vic Fangio,0.0,16.0,False,0,0
2019_06_WAS_MIA,2019,6,REG,MIA,Brian Flores,WAS,Bill Callahan,16.0,17.0,True,0,0
2019_06_WAS_MIA,2019,6,REG,WAS,Bill Callahan,MIA,Brian Flores,17.0,16.0,False,1,0
2019_07_ARI_NYG,2019,7,REG,NYG,Pat Shurmur,ARI,Kliff Kingsbury,21.0,27.0,True,0,0
2019_07_ARI_NYG,2019,7,REG,ARI,Kliff Kingsbury,NYG,Pat Shurmur,27.0,21.0,False,1,0
2019_07_BAL_SEA,2019,7,REG,SEA,Pete Carroll,BAL,John Harbaugh,16.0,30.0,True,0,0
2019_07_BAL_SEA,2019,7,REG,BAL,John Harbaugh,SEA,Pete Carroll,30.0,16.0,False,1,0
2019_07_HOU_IND,2019,7,REG,IND,Frank Reich,HOU,Bill O'Brien,30.0,23.0,True,1,0
2019_07_HOU_IND,2019,7,REG,HOU,Bill O'Brien,IND,Frank Reich,23.0,30.0,False,0,0
2019_07_JAX_CIN,2019,7,REG,CIN,Zac Taylor,JAX,Doug Marrone,17.0,27.0,True,0,0
2019_07_JAX_CIN,2019,7,REG,JAX,Doug Marrone,CIN,Zac Taylor,27.0,17.0,False,1,0
2019_07_KC_DEN,2019,7,REG,DEN,Vic Fangio,KC,Andy Reid,6.0,30.0,True,0,0
2019_07_KC_DEN,2019,7,REG,KC,Andy Reid,DEN,Vic Fangio,30.0,6.0,False,1,0
2019_07_LAC_TEN,2019,7,REG,TEN,Mike Vrabel,LAC,Anthony Lynn,23.0,20.0,True,1,0
2019_07_LAC_TEN,2019,7,REG,LAC,Anthony Lynn,TEN,Mike Vrabel,20.0,23.0,False,0,0
2019_07_LA_ATL,2019,7,REG,ATL,Dan Quinn,LA,Sean McVay,10.0,37.0,True,0,0
2019_07_LA_ATL,2019,7,REG,LA,Sean McVay,ATL,Dan Quinn,37.0,10.0,False,1,0
2019_07_MIA_BUF,2019,7,REG,BUF,Sean McDermott,MIA,Brian Flores,31.0,21.0,True,1,0
2019_07_MIA_BUF,2019,7,REG,MIA,Brian Flores,BUF,Sean McDermott,21.0,31.0,False,0,0
2019_07_MIN_DET,2019,7,REG,DET,Matt Patricia,MIN,Mike Zimmer,30.0,42.0,True,0,0
2019_07_MIN_DET,2019,7,REG,MIN,Mike Zimmer,DET,Matt Patricia,42.0,30.0,False,1,0
2019_07_NE_NYJ,2019,7,REG,NYJ,Adam Gase,NE,Bill Belichick,0.0,33.0,True,0,0
2019_07_NE_NYJ,2019,7,REG,NE,Bill Belichick,NYJ,Adam Gase,33.0,0.0,False,1,0
2019_07_NO_CHI,2019,7,REG,CHI,Matt Nagy,NO,Sean Payton,25.0,36.0,True,0,0
2019_07_NO_CHI,2019,7,REG,NO,Sean Payton,CHI,Matt Nagy,36.0,25.0,False,1,0
2019_07_OAK_GB,2019,7,REG,GB,Matt LaFleur,LV,Jon Gruden,42.0,24.0,True,1,0
2019_07_OAK_GB,2019,7,REG,LV,Jon Gruden,GB,Matt LaFleur,24.0,42.0,False,0,0
2019_07_PHI_DAL,2019,7,REG,DAL,Jason Garrett,PHI,Doug Pederson,37.0,10.0,True,1,0
2019_07_PHI_DAL,2019,7,REG,PHI,Doug Pederson,DAL,Jason Garrett,10.0,37.0,False,0,0
2019_07_SF_WAS,2019,7,REG,WAS,Bill Callahan,SF,Kyle Shanahan,0.0,9.0,True,0,0
2019_07_SF_WAS,2019,7,REG,SF,Kyle Shanahan,WAS,Bill Callahan,9.0,0.0,False,1,0
2019_08_ARI_NO,2019,8,REG,NO,Sean Payton,ARI,Kliff Kingsbury,31.0,9.0,True,1,0
2019_08_ARI_NO,2019,8,REG,ARI,Kliff Kingsbury,NO,Sean Payton,9.0,31.0,False,0,0
2019_08_CAR_SF,2019,8,REG,SF,Kyle Shanahan,CAR,Ron Rivera,51.0,13.0,True,1,0
2019_08_CAR_SF,2019,8,REG,CAR,Ron Rivera,SF,Kyle Shanahan,13.0,51.0,False,0,0
2019_08_CIN_LA,2019,8,REG,LA,Sean McVay,CIN,Zac Taylor,24.0,10.0,True,1,0
2019_08_CIN_LA,2019,8,REG,CIN,Zac Taylor,LA,Sean McVay,10.0,24.0,False,0,0
2019_08_CLE_NE,2019,8,REG,NE,Bill Belichick,CLE,Freddie Kitchens,27.0,13.0,True,1,0
2019_08_CLE_NE,2019,8,REG,CLE,Freddie Kitchens,NE,Bill Belichick,13.0,27.0,False,0,0
2019_08_DEN_IND,2019,8,REG,IND,Frank Reich,DEN,Vic Fangio,15.0,13.0,True,1,0
2019_08_DEN_IND,2019,8,REG,DEN,Vic Fangio,IND,Frank Reich,13.0,15.0,False,0,0
2019_08_GB_KC,2019,8,REG,KC,Andy Reid,GB,Matt LaFleur,24.0,31.0,True,0,0
2019_08_GB_KC,2019,8,REG,GB,Matt LaFleur,KC,Andy Reid,31.0,24.0,False,1,0
2019_08_LAC_CHI,2019,8,REG,CHI,Matt Nagy,LAC,Anthony Lynn,16.0,17.0,True,0,0
2019_08_LAC_CHI,2019,8,REG,LAC,Anthony Lynn,CHI,Matt Nagy,17.0,16.0,False,1,0
2019_08_MIA_PIT,2019,8,REG,PIT,Mike Tomlin,MIA,Brian Flores,27.0,14.0,True,1,0
2019_08_MIA_PIT,2019,8,REG,MIA,Brian Flores,PIT,Mike Tomlin,14.0,27.0,False,0,0
2019_08_NYG_DET,2019,8,REG,DET,Matt Patricia,NYG,Pat Shurmur,31.0,26.0,True,1,0
2019_08_NYG_DET,2019,8,REG,NYG,Pat Shurmur,DET,Matt Patricia,26.0,31.0,False,0,0
2019_08_NYJ_JAX,2019,8,REG,JAX,Doug Marrone,NYJ,Adam Gase,29.0,15.0,True,1,0
2019_08_NYJ_JAX,2019,8,REG,NYJ,Adam Gase,JAX,Doug Marrone,15.0,29.0,False,0,0
2019_08_OAK_HOU,2019,8,REG,HOU,Bill O'Brien,LV,Jon Gruden,27.0,24.0,True,1,0
2019_08_OAK_HOU,2019,8,REG,LV,Jon Gruden,HOU,Bill O'Brien,24.0,27.0,False,0,0
2019_08_PHI_BUF,2019,8,REG,BUF,Sean McDermott,PHI,Doug Pederson,13.0,31.0,True,0,0
2019_08_PHI_BUF,2019,8,REG,PHI,Doug Pederson,BUF,Sean McDermott,31.0,13.0,False,1,0
2019_08_SEA_ATL,2019,8,REG,ATL,Dan Quinn,SEA,Pete Carroll,20.0,27.0,True,0,0
2019_08_SEA_ATL,2019,8,REG,SEA,Pete Carroll,ATL,Dan Quinn,27.0,20.0,False,1,0
2019_08_TB_TEN,2019,8,REG,TEN,Mike Vrabel,TB,Bruce Arians,27.0,23.0,True,1,0
2019_08_TB_TEN,2019,8,REG,TB,Bruce Arians,TEN,Mike Vrabel,23.0,27.0,False,0,0
2019_08_WAS_MIN,2019,8,REG,MIN,Mike Zimmer,WAS,Bill Callahan,19.0,9.0,True,1,0
2019_08_WAS_MIN,2019,8,REG,WAS,Bill Callahan,MIN,Mike Zimmer,9.0,19.0,False,0,0
2019_09_CHI_PHI,2019,9,REG,PHI,Doug Pederson,CHI,Matt Nagy,22.0,14.0,True,1,0
2019_09_CHI_PHI,2019,9,REG,CHI,Matt Nagy,PHI,Doug Pederson,14.0,22.0,False,0,0
2019_09_CLE_DEN,2019,9,REG,DEN,Vic Fangio,CLE,Freddie Kitchens,24.0,19.0,True,1,0
2019_09_CLE_DEN,2019,9,REG,CLE,Freddie Kitchens,DEN,Vic Fangio,19.0,24.0,False,0,0
2019_09_DAL_NYG,2019,9,REG,NYG,Pat Shurmur,DAL,Jason Garrett,18.0,37.0,True,0,0
2019_09_DAL_NYG,2019,9,REG,DAL,Jason Garrett,NYG,Pat Shurmur,37.0,18.0,False,1,0
2019_09_DET_OAK,2019,9,REG,LV,Jon Gruden,DET,Matt Patricia,31.0,24.0,True,1,0
2019_09_DET_OAK,2019,9,REG,DET,Matt Patricia,LV,Jon Gruden,24.0,31.0,False,0,0
2019_09_GB_LAC,2019,9,REG,LAC,Anthony Lynn,GB,Matt LaFleur,26.0,11.0,True,1,0
2019_09_GB_LAC,2019,9,REG,GB,Matt LaFleur,LAC,Anthony Lynn,11.0,26.0,False,0,0
2019_09_HOU_JAX,2019,9,REG,JAX,Doug Marrone,HOU,Bill O'Brien,3.0,26.0,True,0,0
2019_09_HOU_JAX,2019,9,REG,HOU,Bill O'Brien,JAX,Doug Marrone,26.0,3.0,False,1,0
2019_09_IND_PIT,2019,9,REG,PIT,Mike Tomlin,IND,Frank Reich,26.0,24.0,True,1,0
2019_09_IND_PIT,2019,9,REG,IND,Frank Reich,PIT,Mike Tomlin,24.0,26.0,False,0,0
2019_09_MIN_KC,2019,9,REG,KC,Andy Reid,MIN,Mike Zimmer,26.0,23.0,True,1,0
2019_09_MIN_KC,2019,9,REG,MIN,Mike Zimmer,KC,Andy Reid,23.0,26.0,False,0,0
2019_09_NE_BAL,2019,9,REG,BAL,John Harbaugh,NE,Bill Belichick,37.0,20.0,True,1,0
2019_09_NE_BAL,2019,9,REG,NE,Bill Belichick,BAL,John Harbaugh,20.0,37.0,False,0,0
2019_09_NYJ_MIA,2019,9,REG,MIA,Brian Flores,NYJ,Adam Gase,26.0,18.0,True,1,0
2019_09_NYJ_MIA,2019,9,REG,NYJ,Adam Gase,MIA,Brian Flores,18.0,26.0,False,0,0
2019_09_SF_ARI,2019,9,REG,ARI,Kliff Kingsbury,SF,Kyle Shanahan,25.0,28.0,True,0,0
2019_09_SF_ARI,2019,9,REG,SF,Kyle Shanahan,ARI,Kliff Kingsbury,28.0,25.0,False,1,0
2019_09_TB_SEA,2019,9,REG,SEA,Pete Carroll,TB,Bruce Arians,40.0,34.0,True,1,0
2019_09_TB_SEA,2019,9,REG,TB,Bruce Arians,SEA,Pete Carroll,34.0,40.0,False,0,0
2019_09_TEN_CAR,2019,9,REG,CAR,Ron Rivera,TEN,Mike Vrabel,30.0,20.0,True,1,0
2019_09_TEN_CAR,2019,9,REG,TEN,Mike Vrabel,CAR,Ron Rivera,20.0,30.0,False,0,0
2019_09_WAS_BUF,2019,9,REG,BUF,Sean McDermott,WAS,Bill Callahan,24.0,9.0,True,1,0
2019_09_WAS_BUF,2019,9,REG,WAS,Bill Callahan,BUF,Sean McDermott,9.0,24.0,False,0,0
2019_10_ARI_TB,2019,10,REG,TB,Bruce Arians,ARI,Kliff Kingsbury,30.0,27.0,True,1,0
2019_10_ARI_TB,2019,10,REG,ARI,Kliff Kingsbury,TB,Bruce Arians,27.0,30.0,False,0,0
2019_10_ATL_NO,2019,10,REG,NO,Sean Payton,ATL,Dan Quinn,9.0,26.0,True,0,0
2019_10_ATL_NO,2019,10,REG,ATL,Dan Quinn,NO,Sean Payton,26.0,9.0,False,1,0
2019_10_BAL_CIN,2019,10,REG,CIN,Zac Taylor,BAL,John Harbaugh,13.0,49.0,True,0,0
2019_10_BAL_CIN,2019,10,REG,BAL,John Harbaugh,CIN,Zac Taylor,49.0,13.0,False,1,0
2019_10_BUF_CLE,2019,10,REG,CLE,Freddie Kitchens,BUF,Sean McDermott,19.0,16.0,True,1,0
2019_10_BUF_CLE,2019,10,REG,BUF,Sean McDermott,CLE,Freddie Kitchens,16.0,19.0,False,0,0
2019_10_CAR_GB,2019,10,REG,GB,Matt LaFleur,CAR,Ron Rivera,24.0,16.0,True,1,0
2019_10_CAR_GB,2019,10,REG,CAR,Ron Rivera,GB,Matt LaFleur,16.0,24.0,False,0,0
2019_10_DET_CHI,2019,10,REG,CHI,Matt Nagy,DET,Matt Patricia,20.0,13.0,True,1,0
2019_10_DET_CHI,2019,10,REG,DET,Matt Patricia,CHI,Matt Nagy,13.0,20.0,False,0,0
2019_10_KC_TEN,2019,10,REG,TEN,Mike Vrabel,KC,Andy Reid,35.0,32.0,True,1,0
2019_10_KC_TEN,2019,10,REG,KC,Andy Reid,TEN,Mike Vrabel,32.0,35.0,False,0,0
2019_10_LAC_OAK,2019,10,REG,LV,Jon Gruden,LAC,Anthony Lynn,26.0,24.0,True,1,0
2019_10_LAC_OAK,2019,10,REG,LAC,Anthony Lynn,LV,Jon Gruden,24.0,26.0,False,0,0
2019_10_LA_PIT,2019,10,REG,PIT,Mike Tomlin,LA,Sean McVay,17.0,12.0,True,1,0
2019_10_LA_PIT,2019,10,REG,LA,Sean McVay,PIT,Mike Tomlin,12.0,17.0,False,0,0
2019_10_MIA_IND,2019,10,REG,IND,Frank Reich,MIA,Brian Flores,12.0,16.0,True,0,0
2019_10_MIA_IND,2019,10,REG,MIA,Brian Flores,IND,Frank Reich,16.0,12.0,False,1,0
2019_10_MIN_DAL,2019,10,REG,DAL,Jason Garrett,MIN,Mike Zimmer,24.0,28.0,True,0,0
2019_10_MIN_DAL,2019,10,REG,MIN,Mike Zimmer,DAL,Jason Garrett,28.0,24.0,False,1,0
2019_10_NYG_NYJ,2019,10,REG,NYJ,Adam Gase,NYG,Pat Shurmur,34.0,27.0,True,1,0
2019_10_NYG_NYJ,2019,10,REG,NYG,Pat Shurmur,NYJ,Adam Gase,27.0,34.0,False,0,0
2019_10_SEA_SF,2019,10,REG,SF,Kyle Shanahan,SEA,Pete Carroll,24.0,27.0,True,0,0
2019_10_SEA_SF,2019,10,REG,SEA,Pete Carroll,SF,Kyle Shanahan,27.0,24.0,False,1,0
2019_11_ARI_SF,2019,11,REG,SF,Kyle Shanahan,ARI,Kliff Kingsbury,36.0,26.0,True,1,0
2019_11_ARI_SF,2019,11,REG,ARI,Kliff Kingsbury,SF,Kyle Shanahan,26.0,36.0,False,0,0
2019_11_ATL_CAR,2019,11,REG,CAR,Ron Rivera,ATL,Dan Quinn,3.0,29.0,True,0,0
2019_11_ATL_CAR,2019,11,REG,ATL,Dan Quinn,CAR,Ron Rivera,29.0,3.0,False,1,0
2019_11_BUF_MIA,2019,11,REG,MIA,Brian Flores,BUF,Sean McDermott,20.0,37.0,True,0,0
2019_11_BUF_MIA,2019,11,REG,BUF,Sean McDermott,MIA,Brian Flores,37.0,20.0,False,1,0
2019_11_CHI_LA,2019,11,REG,LA,Sean McVay,CHI,Matt Nagy,17.0,7.0,True,1,0
2019_11_CHI_LA,2019,11,REG,CHI,Matt Nagy,LA,Sean McVay,7.0,17.0,False,0,0
2019_11_CIN_OAK,2019,11,REG,LV,Jon Gruden,CIN,Zac Taylor,17.0,10.0,True,1,0
2019_11_CIN_OAK,2019,11,REG,CIN,Zac Taylor,LV,Jon Gruden,10.0,17.0,False,0,0
2019_11_DAL_DET,2019,11,REG,DET,Matt Patricia,DAL,Jason Garrett,27.0,35.0,True,0,0
2019_11_DAL_DET,2019,11,REG,DAL,Jason Garrett,DET,Matt Patricia,35.0,27.0,False,1,0
2019_11_DEN_MIN,2019,11,REG,MIN,Mike Zimmer,DEN,Vic Fangio,27.0,23.0,True,1,0
2019_11_DEN_MIN,2019,11,REG,DEN,Vic Fangio,MIN,Mike Zimmer,23.0,27.0,False,0,0
2019_11_HOU_BAL,2019,11,REG,BAL,John Harbaugh,HOU,Bill O'Brien,41.0,7.0,True,1,0
2019_11_HOU_BAL,2019,11,REG,HOU,Bill O'Brien,BAL,John Harbaugh,7.0,41.0,False,0,0
2019_11_JAX_IND,2019,11,REG,IND,Frank Reich,JAX,Doug Marrone,33.0,13.0,True,1,0
2019_11_JAX_IND,2019,11,REG,JAX,Doug Marrone,IND,Frank Reich,13.0,33.0,False,0,0
2019_11_KC_LAC,2019,11,REG,LAC,Anthony Lynn,KC,Andy Reid,17.0,24.0,True,0,0
2019_11_KC_LAC,2019,11,REG,KC,Andy Reid,LAC,Anthony Lynn,24.0,17.0,False,1,0
2019_11_NE_PHI,2019,11,REG,PHI,Doug Pederson,NE,Bill Belichick,10.0,17.0,True,0,0
2019_11_NE_PHI,2019,11,REG,NE,Bill Belichick,PHI,Doug Pederson,17.0,10.0,False,1,0
2019_11_NO_TB,2019,11,REG,TB,Bruce Arians,NO,Sean Payton,17.0,34.0,True,0,0
2019_11_NO_TB,2019,11,REG,NO,Sean Payton,TB,Bruce Arians,34.0,17.0,False,1,0
2019_11_NYJ_WAS,2019,11,REG,WAS,Bill Callahan,NYJ,Adam Gase,17.0,34.0,True,0,0
2019_11_NYJ_WAS,2019,11,REG,NYJ,Adam Gase,WAS,Bill Callahan,34.0,17.0,False,1,0
2019_11_PIT_CLE,2019,11,REG,CLE,Freddie Kitchens,PIT,Mike Tomlin,21.0,7.0,True,1,0
2019_11_PIT_CLE,2019,11,REG,PIT,Mike Tomlin,CLE,Freddie Kitchens,7.0,21.0,False,0,0
2019_12_BAL_LA,2019,12,REG,LA,Sean McVay,BAL,John Harbaugh,6.0,45.0,True,0,0
2019_12_BAL_LA,2019,12,REG,BAL,John Harbaugh,LA,Sean McVay,45.0,6.0,False,1,0
2019_12_CAR_NO,2019,12,REG,NO,Sean Payton,CAR,Ron Rivera,34.0,31.0,True,1,0
2019_12_CAR_NO,2019,12,REG,CAR,Ron Rivera,NO,Sean Payton,31.0,34.0,False,0,0
2019_12_DAL_NE,2019,12,REG,NE,Bill Belichick,DAL,Jason Garrett,13.0,9.0,True,1,0
2019_12_DAL_NE,2019,12,REG,DAL,Jason Garrett,NE,Bill Belichick,9.0,13.0,False,0,0
2019_12_DEN_BUF,2019,12,REG,BUF,Sean McDermott,DEN,Vic Fangio,20.0,3.0,True,1,0
2019_12_DEN_BUF,2019,12,REG,DEN,Vic Fangio,BUF,Sean McDermott,3.0,20.0,False,0,0
2019_12_DET_WAS,2019,12,REG,WAS,Bill Callahan,DET,Matt Patricia,19.0,16.0,True,1,0
2019_12_DET_WAS,2019,12,REG,DET,Matt Patricia,WAS,Bill Callahan,16.0,19.0,False,0,0
2019_12_GB_SF,2019,12,REG,SF,Kyle Shanahan,GB,Matt LaFleur,37.0,8.0,True,1,0
2019_12_GB_SF,2019,12,REG,GB,Matt LaFleur,SF,Kyle Shanahan,8.0,37.0,False,0,0
2019_12_IND_HOU,2019,12,REG,HOU,Bill O'Brien,IND,Frank Reich,20.0,17.0,True,1,0
2019_12_IND_HOU,2019,12,REG,IND,Frank Reich,HOU,Bill O'Brien,17.0,20.0,False,0,0
2019_12_JAX_TEN,2019,12,REG,TEN,Mike Vrabel,JAX,Doug Marrone,42.0,20.0,True,1,0
2019_12_JAX_TEN,2019,12,REG,JAX,Doug Marrone,TEN,Mike Vrabel,20.0,42.0,False,0,0
2019_12_MIA_CLE,2019,12,REG,CLE,Freddie Kitchens,MIA,Brian Flores,41.0,24.0,True,1,0
2019_12_MIA_CLE,2019,12,REG,MIA,Brian Flores,CLE,Freddie Kitchens,24.0,41.0,False,0,0
2019_12_NYG_CHI,2019,12,REG,CHI,Matt Nagy,NYG,Pat Shurmur,19.0,14.0,True,1,0
2019_12_NYG_CHI,2019,12,REG,NYG,Pat Shurmur,CHI,Matt Nagy,14.0,19.0,False,0,0
2019_12_OAK_NYJ,2019,12,REG,NYJ,Adam Gase,LV,Jon Gruden,34.0,3.0,True,1,0
2019_12_OAK_NYJ,2019,12,REG,LV,Jon Gruden,NYJ,Adam Gase,3.0,34.0,False,0,0
2019_12_PIT_CIN,2019,12,REG,CIN,Zac Taylor,PIT,Mike Tomlin,10.0,16.0,True,0,0
2019_12_PIT_CIN,2019,12,REG,PIT,Mike Tomlin,CIN,Zac Taylor,16.0,10.0,False,1,0
2019_12_SEA_PHI,2019,12,REG,PHI,Doug Pederson,SEA,Pete Carroll,9.0,17.0,True,0,0
2019_12_SEA_PHI,2019,12,REG,SEA,Pete Carroll,PHI,Doug Pederson,17.0,9.0,False,1,0
2019_12_TB_ATL,2019,12,REG,ATL,Dan Quinn,TB,Bruce Arians,22.0,35.0,True,0,0
2019_12_TB_ATL,2019,12,REG,TB,Bruce Arians,ATL,Dan Quinn,35.0,22.0,False,1,0
2019_13_BUF_DAL,2019,13,REG,DAL,Jason Garrett,BUF,Sean McDermott,15.0,26.0,True,0,0
2019_13_BUF_DAL,2019,13,REG,BUF,Sean McDermott,DAL,Jason Garrett,26.0,15.0,False,1,0
2019_13_CHI_DET,2019,13,REG,DET,Matt Patricia,CHI,Matt Nagy,20.0,24.0,True,0,0
2019_13_CHI_DET,2019,13,REG,CHI,Matt Nagy,DET,Matt Patricia,24.0,20.0,False,1,0
2019_13_CLE_PIT,2019,13,REG,PIT,Mike Tomlin,CLE,Freddie Kitchens,20.0,13.0,True,1,0
2019_13_CLE_PIT,2019,13,REG,CLE,Freddie Kitchens,PIT,Mike Tomlin,13.0,20.0,False,0,0
2019_13_GB_NYG,2019,13,REG,NYG,Pat Shurmur,GB,Matt LaFleur,13.0,31.0,True,0,0
2019_13_GB_NYG,2019,13,REG,GB,Matt LaFleur,NYG,Pat Shurmur,31.0,13.0,False,1,0
2019_13_LAC_DEN,2019,13,REG,DEN,Vic Fangio,LAC,Anthony Lynn,23.0,20.0,True,1,0
2019_13_LAC_DEN,2019,13,REG,LAC,Anthony Lynn,DEN,Vic Fangio,20.0,23.0,False,0,0
2019_13_LA_ARI,2019,13,REG,ARI,Kliff Kingsbury,LA,Sean McVay,7.0,34.0,True,0,0
2019_13_LA_ARI,2019,13,REG,LA,Sean McVay,ARI,Kliff Kingsbury,34.0,7.0,False,1,0
2019_13_MIN_SEA,2019,13,REG,SEA,Pete Carroll,MIN,Mike Zimmer,37.0,30.0,True,1,0
2019_13_MIN_SEA,2019,13,REG,MIN,Mike Zimmer,SEA,Pete Carroll,30.0,37.0,False,0,0
2019_13_NE_HOU,2019,13,REG,HOU,Bill O'Brien,NE,Bill Belichick,28.0,22.0,True,1,0
2019_13_NE_HOU,2019,13,REG,NE,Bill Belichick,HOU,Bill O'Brien,22.0,28.0,False,0,0
2019_13_NO_ATL,2019,13,REG,ATL,Dan Quinn,NO,Sean Payton,18.0,26.0,True,0,0
2019_13_NO_ATL,2019,13,REG,NO,Sean Payton,ATL,Dan Quinn,26.0,18.0,False,1,0
2019_13_NYJ_CIN,2019,13,REG,CIN,Zac Taylor,NYJ,Adam Gase,22.0,6.0,True,1,0
2019_13_NYJ_CIN,2019,13,REG,NYJ,Adam Gase,CIN,Zac Taylor,6.0,22.0,False,0,0
2019_13_OAK_KC,2019,13,REG,KC,Andy Reid,LV,Jon Gruden,40.0,9.0,True,1,0
2019_13_OAK_KC,2019,13,REG,LV,Jon Gruden,KC,Andy Reid,9.0,40.0,False,0,0
2019_13_PHI_MIA,2019,13,REG,MIA,Brian Flores,PHI,Doug Pederson,37.0,31.0,True,1,0
2019_13_PHI_MIA,2019,13,REG,PHI,Doug Pederson,MIA,Brian Flores,31.0,37.0,False,0,0
2019_13_SF_BAL,2019,13,REG,BAL,John Harbaugh,SF,Kyle Shanahan,20.0,17.0,True,1,0
2019_13_SF_BAL,2019,13,REG,SF,Kyle Shanahan,BAL,John Harbaugh,17.0,20.0,False,0,0
2019_13_TB_JAX,2019,13,REG,JAX,Doug Marrone,TB,Bruce Arians,11.0,28.0,True,0,0
2019_13_TB_JAX,2019,13,REG,TB,Bruce Arians,JAX,Doug Marrone,28.0,11.0,False,1,0
2019_13_TEN_IND,2019,13,REG,IND,Frank Reich,TEN,Mike Vrabel,17.0,31.0,True,0,0
2019_13_TEN_IND,2019,13,REG,TEN,Mike Vrabel,IND,Frank Reich,31.0,17.0,False,1,0
2019_13_WAS_CAR,2019,13,REG,CAR,Ron Rivera,WAS,Bill Callahan,21.0,29.0,True,0,0
2019_13_WAS_CAR,2019,13,REG,WAS,Bill Callahan,CAR,Ron Rivera,29.0,21.0,False,1,0
2019_14_BAL_BUF,2019,14,REG,BUF,Sean McDermott,BAL,John Harbaugh,17.0,24.0,True,0,0
2019_14_BAL_BUF,2019,14,REG,BAL,John Harbaugh,BUF,Sean McDermott,24.0,17.0,False,1,0
2019_14_CAR_ATL,2019,14,REG,ATL,Dan Quinn,CAR,Ron Rivera,40.0,20.0,True,1,0
2019_14_CAR_ATL,2019,14,REG,CAR,Ron Rivera,ATL,Dan Quinn,20.0,40.0,False,0,0
2019_14_CIN_CLE,2019,14,REG,CLE,Freddie Kitchens,CIN,Zac Taylor,27.0,19.0,True,1,0
2019_14_CIN_CLE,2019,14,REG,CIN,Zac Taylor,CLE,Freddie Kitchens,19.0,27.0,False,0,0
2019_14_DAL_CHI,2019,14,REG,CHI,Matt Nagy,DAL,Jason Garrett,31.0,24.0,True,1,0
2019_14_DAL_CHI,2019,14,REG,DAL,Jason Garrett,CHI,Matt Nagy,24.0,31.0,False,0,0
2019_14_DEN_HOU,2019,14,REG,HOU,Bill O'Brien,DEN,Vic Fangio,24.0,38.0,True,0,0
2019_14_DEN_HOU,2019,14,REG,DEN,Vic Fangio,HOU,Bill O'Brien,38.0,24.0,False,1,0
2019_14_DET_MIN,2019,14,REG,MIN,Mike Zimmer,DET,Matt Patricia,20.0,7.0,True,1,0
2019_14_DET_MIN,2019,14,REG,DET,Matt Patricia,MIN,Mike Zimmer,7.0,20.0,False,0,0
2019_14_IND_TB,2019,14,REG,TB,Bruce Arians,IND,Frank Reich,38.0,35.0,True,1,0
2019_14_IND_TB,2019,14,REG,IND,Frank Reich,TB,Bruce Arians,35.0,38.0,False,0,0
2019_14_KC_NE,2019,14,REG,NE,Bill Belichick,KC,Andy Reid,16.0,23.0,True,0,0
2019_14_KC_NE,2019,14,REG,KC,Andy Reid,NE,Bill Belichick,23.0,16.0,False,1,0
2019_14_LAC_JAX,2019,14,REG,JAX,Doug Marrone,LAC,Anthony Lynn,10.0,45.0,True,0,0
2019_14_LAC_JAX,2019,14,REG,LAC,Anthony Lynn,JAX,Doug Marrone,45.0,10.0,False,1,0
2019_14_MIA_NYJ,2019,14,REG,NYJ,Adam Gase,MIA,Brian Flores,22.0,21.0,True,1,0
2019_14_MIA_NYJ,2019,14,REG,MIA,Brian Flores,NYJ,Adam Gase,21.0,22.0,False,0,0
2019_14_NYG_PHI,2019,14,REG,PHI,Doug Pederson,NYG,Pat Shurmur,23.0,17.0,True,1,0
2019_14_NYG_PHI,2019,14,REG,NYG,Pat Shurmur,PHI,Doug Pederson,17.0,23.0,False,0,0
2019_14_PIT_ARI,2019,14,REG,ARI,Kliff Kingsbury,PIT,Mike Tomlin,17.0,23.0,True,0,0
2019_14_PIT_ARI,2019,14,REG,PIT,Mike Tomlin,ARI,Kliff Kingsbury,23.0,17.0,False,1,0
2019_14_SEA_LA,2019,14,REG,LA,Sean McVay,SEA,Pete Carroll,28.0,12.0,True,1,0
2019_14_SEA_LA,2019,14,REG,SEA,Pete Carroll,LA,Sean McVay,12.0,28.0,False,0,0
2019_14_SF_NO,2019,14,REG,NO,Sean Payton,SF,Kyle Shanahan,46.0,48.0,True,0,0
2019_14_SF_NO,2019,14,REG,SF,Kyle Shanahan,NO,Sean Payton,48.0,46.0,False,1,0
2019_14_TEN_OAK,2019,14,REG,LV,Jon Gruden,TEN,Mike Vrabel,21.0,42.0,True,0,0
2019_14_TEN_OAK,2019,14,REG,TEN,Mike Vrabel,LV,Jon Gruden,42.0,21.0,False,1,0
2019_14_WAS_GB,2019,14,REG,GB,Matt LaFleur,WAS,Bill Callahan,20.0,15.0,True,1,0
2019_14_WAS_GB,2019,14,REG,WAS,Bill Callahan,GB,Matt LaFleur,15.0,20.0,False,0,0
2019_15_ATL_SF,2019,15,REG,SF,Kyle Shanahan,ATL,Dan Quinn,22.0,29.0,True,0,0
2019_15_ATL_SF,2019,15,REG,ATL,Dan Quinn,SF,Kyle Shanahan,29.0,22.0,False,1,0
2019_15_BUF_PIT,2019,15,REG,PIT,Mike Tomlin,BUF,Sean McDermott,10.0,17.0,True,0,0
2019_15_BUF_PIT,2019,15,REG,BUF,Sean McDermott,PIT,Mike Tomlin,17.0,10.0,False,1,0
2019_15_CHI_GB,2019,15,REG,GB,Matt LaFleur,CHI,Matt Nagy,21.0,13.0,True,1,0
2019_15_CHI_GB,2019,15,REG,CHI,Matt Nagy,GB,Matt LaFleur,13.0,21.0,False,0,0
2019_15_CLE_ARI,2019,15,REG,ARI,Kliff Kingsbury,CLE,Freddie Kitchens,38.0,24.0,True,1,0
2019_15_CLE_ARI,2019,15,REG,CLE,Freddie Kitchens,ARI,Kliff Kingsbury,24.0,38.0,False,0,0
2019_15_DEN_KC,2019,15,REG,KC,Andy Reid,DEN,Vic Fangio,23.0,3.0,True,1,0
2019_15_DEN_KC,2019,15,REG,DEN,Vic Fangio,KC,Andy Reid,3.0,23.0,False,0,0
2019_15_HOU_TEN,2019,15,REG,TEN,Mike Vrabel,HOU,Bill O'Brien,21.0,24.0,True,0,0
2019_15_HOU_TEN,2019,15,REG,HOU,Bill O'Brien,TEN,Mike Vrabel,24.0,21.0,False,1,0
2019_15_IND_NO,2019,15,REG,NO,Sean Payton,IND,Frank Reich,34.0,7.0,True,1,0
2019_15_IND_NO,2019,15,REG,IND,Frank Reich,NO,Sean Payton,7.0,34.0,False,0,0
2019_15_JAX_OAK,2019,15,REG,LV,Jon Gruden,JAX,Doug Marrone,16.0,20.0,True,0,0
2019_15_JAX_OAK,2019,15,REG,JAX,Doug Marrone,LV,Jon Gruden,20.0,16.0,False,1,0
2019_15_LA_DAL,2019,15,REG,DAL,Jason Garrett,LA,Sean McVay,44.0,21.0,True,1,0
2019_15_LA_DAL,2019,15,REG,LA,Sean McVay,DAL,Jason Garrett,21.0,44.0,False,0,0
2019_15_MIA_NYG,2019,15,REG,NYG,Pat Shurmur,MIA,Brian Flores,36.0,20.0,True,1,0
2019_15_MIA_NYG,2019,15,REG,MIA,Brian Flores,NYG,Pat Shurmur,20.0,36.0,False,0,0
2019_15_MIN_LAC,2019,15,REG,LAC,Anthony Lynn,MIN,Mike Zimmer,10.0,39.0,True,0,0
2019_15_MIN_LAC,2019,15,REG,MIN,Mike Zimmer,LAC,Anthony Lynn,39.0,10.0,False,1,0
2019_15_NE_CIN,2019,15,REG,CIN,Zac Taylor,NE,Bill Belichick,13.0,34.0,True,0,0
2019_15_NE_CIN,2019,15,REG,NE,Bill Belichick,CIN,Zac Taylor,34.0,13.0,False,1,0
2019_15_NYJ_BAL,2019,15,REG,BAL,John Harbaugh,NYJ,Adam Gase,42.0,21.0,True,1,0
2019_15_NYJ_BAL,2019,15,REG,NYJ,Adam Gase,BAL,John Harbaugh,21.0,42.0,False,0,0
2019_15_PHI_WAS,2019,15,REG,WAS,Bill Callahan,PHI,Doug Pederson,27.0,37.0,True,0,0
2019_15_PHI_WAS,2019,15,REG,PHI,Doug Pederson,WAS,Bill Callahan,37.0,27.0,False,1,0
2019_15_SEA_CAR,2019,15,REG,CAR,Ron Rivera,SEA,Pete Carroll,24.0,30.0,True,0,0
2019_15_SEA_CAR,2019,15,REG,SEA,Pete Carroll,CAR,Ron Rivera,30.0,24.0,False,1,0
2019_15_TB_DET,2019,15,REG,DET,Matt Patricia,TB,Bruce Arians,17.0,38.0,True,0,0
2019_15_TB_DET,2019,15,REG,TB,Bruce Arians,DET,Matt Patricia,38.0,17.0,False,1,0
2019_16_ARI_SEA,2019,16,REG,SEA,Pete Carroll,ARI,Kliff Kingsbury,13.0,27.0,True,0,0
2019_16_ARI_SEA,2019,16,REG,ARI,Kliff Kingsbury,SEA,Pete Carroll,27.0,13.0,False,1,0
2019_16_BAL_CLE,2019,16,REG,CLE,Freddie Kitchens,BAL,John Harbaugh,15.0,31.0,True,0,0
2019_16_BAL_CLE,2019,16,REG,BAL,John Harbaugh,CLE,Freddie Kitchens,31.0,15.0,False,1,0
2019_16_BUF_NE,2019,16,REG,NE,Bill Belichick,BUF,Sean McDermott,24.0,17.0,True,1,0
2019_16_BUF_NE,2019,16,REG,BUF,Sean McDermott,NE,Bill Belichick,17.0,24.0,False,0,0
2019_16_CAR_IND,2019,16,REG,IND,Frank Reich,CAR,Ron Rivera,38.0,6.0,True,1,0
2019_16_CAR_IND,2019,16,REG,CAR,Ron Rivera,IND,Frank Reich,6.0,38.0,False,0,0
2019_16_CIN_MIA,2019,16,REG,MIA,Brian Flores,CIN,Zac Taylor,38.0,35.0,True,1,0
2019_16_CIN_MIA,2019,16,REG,CIN,Zac Taylor,MIA,Brian Flores,35.0,38.0,False,0,0
2019_16_DAL_PHI,2019,16,REG,PHI,Doug Pederson,DAL,Jason Garrett,17.0,9.0,True,1,0
2019_16_DAL_PHI,2019,16,REG,DAL,Jason Garrett,PHI,Doug Pederson,9.0,17.0,False,0,0
2019_16_DET_DEN,2019,16,REG,DEN,Vic Fangio,DET,Matt Patricia,27.0,17.0,True,1,0
2019_16_DET_DEN,2019,16,REG,DET,Matt Patricia,DEN,Vic Fangio,17.0,27.0,False,0,0
2019_16_GB_MIN,2019,16,REG,MIN,Mike Zimmer,GB,Matt LaFleur,10.0,23.0,True,0,0
2019_16_GB_MIN,2019,16,REG,GB,Matt LaFleur,MIN,Mike Zimmer,23.0,10.0,False,1,0
2019_16_HOU_TB,2019,16,REG,TB,Bruce Arians,HOU,Bill O'Brien,20.0,23.0,True,0,0
2019_16_HOU_TB,2019,16,REG,HOU,Bill O'Brien,TB,Bruce Arians,23.0,20.0,False,1,0
2019_16_JAX_ATL,2019,16,REG,ATL,Dan Quinn,JAX,Doug Marrone,24.0,12.0,True,1,0
2019_16_JAX_ATL,2019,16,REG,JAX,Doug Marrone,ATL,Dan Quinn,12.0,24.0,False,0,0
2019_16_KC_CHI,2019,16,REG,CHI,Matt Nagy,KC,Andy Reid,3.0,26.0,True,0,0
2019_16_KC_CHI,2019,16,REG,KC,Andy Reid,CHI,Matt Nagy,26.0,3.0,False,1,0
2019_16_LA_SF,2019,16,REG,SF,Kyle Shanahan,LA,Sean McVay,34.0,31.0,True,1,0
2019_16_LA_SF,2019,16,REG,LA,Sean McVay,SF,Kyle Shanahan,31.0,34.0,False,0,0
2019_16_NO_TEN,2019,16,REG,TEN,Mike Vrabel,NO,Sean Payton,28.0,38.0,True,0,0
2019_16_NO_TEN,2019,16,REG,NO,Sean Payton,TEN,Mike Vrabel,38.0,28.0,False,1,0
2019_16_NYG_WAS,2019,16,REG,WAS,Bill Callahan,NYG,Pat Shurmur,35.0,41.0,True,0,0
2019_16_NYG_WAS,2019,16,REG,NYG,Pat Shurmur,WAS,Bill Callahan,41.0,35.0,False,1,0
2019_16_OAK_LAC,2019,16,REG,LAC,Anthony Lynn,LV,Jon Gruden,17.0,24.0,True,0,0
2019_16_OAK_LAC,2019,16,REG,LV,Jon Gruden,LAC,Anthony Lynn,24.0,17.0,False,1,0
2019_16_PIT_NYJ,2019,16,REG,NYJ,Adam Gase,PIT,Mike Tomlin,16.0,10.0,True,1,0
2019_16_PIT_NYJ,2019,16,REG,PIT,Mike Tomlin,NYJ,Adam Gase,10.0,16.0,False,0,0
2019_17_ARI_LA,2019,17,REG,LA,Sean McVay,ARI,Kliff Kingsbury,31.0,24.0,True,1,0
2019_17_ARI_LA,2019,17,REG,ARI,Kliff Kingsbury,LA,Sean McVay,24.0,31.0,False,0,0
2019_17_ATL_TB,2019,17,REG,TB,Bruce Arians,ATL,Dan Quinn,22.0,28.0,True,0,0
2019_17_ATL_TB,2019,17,REG,ATL,Dan Quinn,TB,Bruce Arians,28.0,22.0,False,1,0
2019_17_CHI_MIN,2019,17,REG,MIN,Mike Zimmer,CHI,Matt Nagy,19.0,21.0,True,0,0
2019_17_CHI_MIN,2019,17,REG,CHI,Matt Nagy,MIN,Mike Zimmer,21.0,19.0,False,1,0
2019_17_CLE_CIN,2019,17,REG,CIN,Zac Taylor,CLE,Freddie Kitchens,33.0,23.0,True,1,0
2019_17_CLE_CIN,2019,17,REG,CLE,Freddie Kitchens,CIN,Zac Taylor,23.0,33.0,False,0,0
2019_17_GB_DET,2019,17,REG,DET,Matt Patricia,GB,Matt LaFleur,20.0,23.0,True,0,0
2019_17_GB_DET,2019,17,REG,GB,Matt LaFleur,DET,Matt Patricia,23.0,20.0,False,1,0
2019_17_IND_JAX,2019,17,REG,JAX,Doug Marrone,IND,Frank Reich,38.0,20.0,True,1,0
2019_17_IND_JAX,2019,17,REG,IND,Frank Reich,JAX,Doug Marrone,20.0,38.0,False,0,0
2019_17_LAC_KC,2019,17,REG,KC,Andy Reid,LAC,Anthony Lynn,31.0,21.0,True,1,0
2019_17_LAC_KC,2019,17,REG,LAC,Anthony Lynn,KC,Andy Reid,21.0,31.0,False,0,0
2019_17_MIA_NE,2019,17,REG,NE,Bill Belichick,MIA,Brian Flores,24.0,27.0,True,0,0
2019_17_MIA_NE,2019,17,REG,MIA,Brian Flores,NE,Bill Belichick,27.0,24.0,False,1,0
2019_17_NO_CAR,2019,17,REG,CAR,Ron Rivera,NO,Sean Payton,10.0,42.0,True,0,0
2019_17_NO_CAR,2019,17,REG,NO,Sean Payton,CAR,Ron Rivera,42.0,10.0,False,1,0
2019_17_NYJ_BUF,2019,17,REG,BUF,Sean McDermott,NYJ,Adam Gase,6.0,13.0,True,0,0
2019_17_NYJ_BUF,2019,17,REG,NYJ,Adam Gase,BUF,Sean McDermott,13.0,6.0,False,1,0
2019_17_OAK_DEN,2019,17,REG,DEN,Vic Fangio,LV,Jon Gruden,16.0,15.0,True,1,0
2019_17_OAK_DEN,2019,17,REG,LV,Jon Gruden,DEN,Vic Fangio,15.0,16.0,False,0,0
2019_17_PHI_NYG,2019,17,REG,NYG,Pat Shurmur,PHI,Doug Pederson,17.0,34.0,True,0,0
2019_17_PHI_NYG,2019,17,REG,PHI,Doug Pederson,NYG,Pat Shurmur,34.0,17.0,False,1,0
2019_17_PIT_BAL,2019,17,REG,BAL,John Harbaugh,PIT,Mike Tomlin,28.0,10.0,True,1,0
2019_17_PIT_BAL,2019,17,REG,PIT,Mike Tomlin,BAL,John Harbaugh,10.0,28.0,False,0,0
2019_17_SF_SEA,2019,17,REG,SEA,Pete Carroll,SF,Kyle Shanahan,21.0,26.0,True,0,0
2019_17_SF_SEA,2019,17,REG,SF,Kyle Shanahan,SEA,Pete Carroll,26.0,21.0,False,1,0
2019_17_TEN_HOU,2019,17,REG,HOU,Bill O'Brien,TEN,Mike Vrabel,14.0,35.0,True,0,0
2019_17_TEN_HOU,2019,17,REG,TEN,Mike Vrabel,HOU,Bill O'Brien,35.0,14.0,False,1,0
2019_17_WAS_DAL,2019,17,REG,DAL,Jason Garrett,WAS,Bill Callahan,47.0,16.0,True,1,0
2019_17_WAS_DAL,2019,17,REG,WAS,Bill Callahan,DAL,Jason Garrett,16.0,47.0,False,0,0
2019_18_BUF_HOU,2019,18,POST,HOU,Bill O'Brien,BUF,Sean McDermott,22.0,19.0,True,1,0
2019_18_BUF_HOU,2019,18,POST,BUF,Sean McDermott,HOU,Bill O'Brien,19.0,22.0,False,0,0
2019_18_MIN_NO,2019,18,POST,NO,Sean Payton,MIN,Mike Zimmer,20.0,26.0,True,0,0
2019_18_MIN_NO,2019,18,POST,MIN,Mike Zimmer,NO,Sean Payton,26.0,20.0,False,1,0
2019_18_SEA_PHI,2019,18,POST,PHI,Doug Pederson,SEA,Pete Carroll,9.0,17.0,True,0,0
2019_18_SEA_PHI,2019,18,POST,SEA,Pete Carroll,PHI,Doug Pederson,17.0,9.0,False,1,0
2019_18_TEN_NE,2019,18,POST,NE,Bill Belichick,TEN,Mike Vrabel,13.0,20.0,True,0,0
2019_18_TEN_NE,2019,18,POST,TEN,Mike Vrabel,NE,Bill Belichick,20.0,13.0,False,1,0
2019_19_HOU_KC,2019,19,POST,KC,Andy Reid,HOU,Bill O'Brien,51.0,31.0,True,1,0
2019_19_HOU_KC,2019,19,POST,HOU,Bill O'Brien,KC,Andy Reid,31.0,51.0,False,0,0
2019_19_MIN_SF,2019,19,POST,SF,Kyle Shanahan,MIN,Mike Zimmer,27.0,10.0,True,1,0
2019_19_MIN_SF,2019,19,POST,MIN,Mike Zimmer,SF,Kyle Shanahan,10.0,27.0,False,0,0
2019_19_SEA_GB,2019,19,POST,GB,Matt LaFleur,SEA,Pete Carroll,28.0,23.0,True,1,0
2019_19_SEA_GB,2019,19,POST,SEA,Pete Carroll,GB,Matt LaFleur,23.0,28.0,False,0,0
2019_19_TEN_BAL,2019,19,POST,BAL,John Harbaugh,TEN,Mike Vrabel,12.0,28.0,True,0,0
2019_19_TEN_BAL,2019,19,POST,TEN,Mike Vrabel,BAL,John Harbaugh,28.0,12.0,False,1,0
2019_20_GB_SF,2019,20,POST,SF,Kyle Shanahan,GB,Matt LaFleur,37.0,20.0,True,1,0
2019_20_GB_SF,2019,20,POST,GB,Matt LaFleur,SF,Kyle Shanahan,20.0,37.0,False,0,0
2019_20_TEN_KC,2019,20,POST,KC,Andy Reid,TEN,Mike Vrabel,35.0,24.0,True,1,0
2019_20_TEN_KC,2019,20,POST,TEN,Mike Vrabel,KC,Andy Reid,24.0,35.0,False,0,0
2019_21_SF_KC,2019,21,POST,KC,Andy Reid,SF,Kyle Shanahan,31.0,20.0,True,1,0
2019_21_SF_KC,2019,21,POST,SF,Kyle Shanahan,KC,Andy Reid,20.0,31.0,False,0,0
2020_01_ARI_SF,2020,1,REG,SF,Kyle Shanahan,ARI,Kliff Kingsbury,20.0,24.0,True,0,0
2020_01_ARI_SF,2020,1,REG,ARI,Kliff Kingsbury,SF,Kyle Shanahan,24.0,20.0,False,1,0
2020_01_CHI_DET,2020,1,REG,DET,Matt Patricia,CHI,Matt Nagy,23.0,27.0,True,0,0
2020_01_CHI_DET,2020,1,REG,CHI,Matt Nagy,DET,Matt Patricia,27.0,23.0,False,1,0
2020_01_CLE_BAL,2020,1,REG,BAL,John Harbaugh,CLE,Kevin Stefanski,38.0,6.0,True,1,0
2020_01_CLE_BAL,2020,1,REG,CLE,Kevin Stefanski,BAL,John Harbaugh,6.0,38.0,False,0,0
2020_01_DAL_LA,2020,1,REG,LA,Sean McVay,DAL,Mike McCarthy,20.0,17.0,True,1,0
2020_01_DAL_LA,2020,1,REG,DAL,Mike McCarthy,LA,Sean McVay,17.0,20.0,False,0,0
2020_01_GB_MIN,2020,1,REG,MIN,Mike Zimmer,GB,Matt LaFleur,34.0,43.0,True,0,0
2020_01_GB_MIN,2020,1,REG,GB,Matt LaFleur,MIN,Mike Zimmer,43.0,34.0,False,1,0
2020_01_HOU_KC,2020,1,REG,KC,Andy Reid,HOU,Bill O'Brien,34.0,20.0,True,1,0
2020_01_HOU_KC,2020,1,REG,HOU,Bill O'Brien,KC,Andy Reid,20.0,34.0,False,0,0
2020_01_IND_JAX,2020,1,REG,JAX,Doug Marrone,IND,Frank Reich,27.0,20.0,True,1,0
2020_01_IND_JAX,2020,1,REG,IND,Frank Reich,JAX,Doug Marrone,20.0,27.0,False,0,0
2020_01_LAC_CIN,2020,1,REG,CIN,Zac Taylor,LAC,Anthony Lynn,13.0,16.0,True,0,0
2020_01_LAC_CIN,2020,1,REG,LAC,Anthony Lynn,CIN,Zac Taylor,16.0,13.0,False,1,0
2020_01_LV_CAR,2020,1,REG,CAR,Matt Rhule,LV,Jon Gruden,30.0,34.0,True,0,0
2020_01_LV_CAR,2020,1,REG,LV,Jon Gruden,CAR,Matt Rhule,34.0,30.0,False,1,0
2020_01_MIA_NE,2020,1,REG,NE,Bill Belichick,MIA,Brian Flores,21.0,11.0,True,1,0
2020_01_MIA_NE,2020,1,REG,MIA,Brian Flores,NE,Bill Belichick,11.0,21.0,False,0,0
2020_01_NYJ_BUF,2020,1,REG,BUF,Sean McDermott,NYJ,Adam Gase,27.0,17.0,True,1,0
2020_01_NYJ_BUF,2020,1,REG,NYJ,Adam Gase,BUF,Sean McDermott,17.0,27.0,False,0,0
2020_01_PHI_WAS,2020,1,REG,WAS,Ron Rivera,PHI,Doug Pederson,27.0,17.0,True,1,0
2020_01_PHI_WAS,2020,1,REG,PHI,Doug Pederson,WAS,Ron Rivera,17.0,27.0,False,0,0
2020_01_PIT_NYG,2020,1,REG,NYG,Joe Judge,PIT,Mike Tomlin,16.0,26.0,True,0,0
2020_01_PIT_NYG,2020,1,REG,PIT,Mike Tomlin,NYG,Joe Judge,26.0,16.0,False,1,0
2020_01_SEA_ATL,2020,1,REG,ATL,Dan Quinn,SEA,Pete Carroll,25.0,38.0,True,0,0
2020_01_SEA_ATL,2020,1,REG,SEA,Pete Carroll,ATL,Dan Quinn,38.0,25.0,False,1,0
2020_01_TB_NO,2020,1,REG,NO,Sean Payton,TB,Bruce Arians,34.0,23.0,True,1,0
2020_01_TB_NO,2020,1,REG,TB,Bruce Arians,NO,Sean Payton,23.0,34.0,False,0,0
2020_01_TEN_DEN,2020,1,REG,DEN,Vic Fangio,TEN,Mike Vrabel,14.0,16.0,True,0,0
2020_01_TEN_DEN,2020,1,REG,TEN,Mike Vrabel,DEN,Vic Fangio,16.0,14.0,False,1,0
2020_02_ATL_DAL,2020,2,REG,DAL,Mike McCarthy,ATL,Dan Quinn,40.0,39.0,True,1,0
2020_02_ATL_DAL,2020,2,REG,ATL,Dan Quinn,DAL,Mike McCarthy,39.0,40.0,False,0,0
2020_02_BAL_HOU,2020,2,REG,HOU,Bill O'Brien,BAL,John Harbaugh,16.0,33.0,True,0,0
2020_02_BAL_HOU,2020,2,REG,BAL,John Harbaugh,HOU,Bill O'Brien,33.0,16.0,False,1,0
2020_02_BUF_MIA,2020,2,REG,MIA,Brian Flores,BUF,Sean McDermott,28.0,31.0,True,0,0
2020_02_BUF_MIA,2020,2,REG,BUF,Sean McDermott,MIA,Brian Flores,31.0,28.0,False,1,0
2020_02_CAR_TB,2020,2,REG,TB,Bruce Arians,CAR,Matt Rhule,31.0,17.0,True,1,0
2020_02_CAR_TB,2020,2,REG,CAR,Matt Rhule,TB,Bruce Arians,17.0,31.0,False,0,0
2020_02_CIN_CLE,2020,2,REG,CLE,Kevin Stefanski,CIN,Zac Taylor,35.0,30.0,True,1,0
2020_02_CIN_CLE,2020,2,REG,CIN,Zac Taylor,CLE,Kevin Stefanski,30.0,35.0,False,0,0
2020_02_DEN_PIT,2020,2,REG,PIT,Mike Tomlin,DEN,Vic Fangio,26.0,21.0,True,1,0
2020_02_DEN_PIT,2020,2,REG,DEN,Vic Fangio,PIT,Mike Tomlin,21.0,26.0,False,0,0
2020_02_DET_GB,2020,2,REG,GB,Matt LaFleur,DET,Matt Patricia,42.0,21.0,True,1,0
2020_02_DET_GB,2020,2,REG,DET,Matt Patricia,GB,Matt LaFleur,21.0,42.0,False,0,0
2020_02_JAX_TEN,2020,2,REG,TEN,Mike Vrabel,JAX,Doug Marrone,33.0,30.0,True,1,0
2020_02_JAX_TEN,2020,2,REG,JAX,Doug Marrone,TEN,Mike Vrabel,30.0,33.0,False,0,0
2020_02_KC_LAC,2020,2,REG,LAC,Anthony Lynn,KC,Andy Reid,20.0,23.0,True,0,0
2020_02_KC_LAC,2020,2,REG,KC,Andy Reid,LAC,Anthony Lynn,23.0,20.0,False,1,0
2020_02_LA_PHI,2020,2,REG,PHI,Doug Pederson,LA,Sean McVay,19.0,37.0,True,0,0
2020_02_LA_PHI,2020,2,REG,LA,Sean McVay,PHI,Doug Pederson,37.0,19.0,False,1,0
2020_02_MIN_IND,2020,2,REG,IND,Frank Reich,MIN,Mike Zimmer,28.0,11.0,True,1,0
2020_02_MIN_IND,2020,2,REG,MIN,Mike Zimmer,IND,Frank Reich,11.0,28.0,False,0,0
2020_02_NE_SEA,2020,2,REG,SEA,Pete Carroll,NE,Bill Belichick,35.0,30.0,True,1,0
2020_02_NE_SEA,2020,2,REG,NE,Bill Belichick,SEA,Pete Carroll,30.0,35.0,False,0,0
2020_02_NO_LV,2020,2,REG,LV,Jon Gruden,NO,Sean Payton,34.0,24.0,True,1,0
2020_02_NO_LV,2020,2,REG,NO,Sean Payton,LV,Jon Gruden,24.0,34.0,False,0,0
2020_02_NYG_CHI,2020,2,REG,CHI,Matt Nagy,NYG,Joe Judge,17.0,13.0,True,1,0
2020_02_NYG_CHI,2020,2,REG,NYG,Joe Judge,CHI,Matt Nagy,13.0,17.0,False,0,0
2020_02_SF_NYJ,2020,2,REG,NYJ,Adam Gase,SF,Kyle Shanahan,13.0,31.0,True,0,0
2020_02_SF_NYJ,2020,2,REG,SF,Kyle Shanahan,NYJ,Adam Gase,31.0,13.0,False,1,0
2020_02_WAS_ARI,2020,2,REG,ARI,Kliff Kingsbury,WAS,Ron Rivera,30.0,15.0,True,1,0
2020_02_WAS_ARI,2020,2,REG,WAS,Ron Rivera,ARI,Kliff Kingsbury,15.0,30.0,False,0,0
2020_03_CAR_LAC,2020,3,REG,LAC,Anthony Lynn,CAR,Matt Rhule,16.0,21.0,True,0,0
2020_03_CAR_LAC,2020,3,REG,CAR,Matt Rhule,LAC,Anthony Lynn,21.0,16.0,False,1,0
2020_03_CHI_ATL,2020,3,REG,ATL,Dan Quinn,CHI,Matt Nagy,26.0,30.0,True,0,0
2020_03_CHI_ATL,2020,3,REG,CHI,Matt Nagy,ATL,Dan Quinn,30.0,26.0,False,1,0
2020_03_CIN_PHI,2020,3,REG,PHI,Doug Pederson,CIN,Zac Taylor,23.0,23.0,True,0,1
2020_03_CIN_PHI,2020,3,REG,CIN,Zac Taylor,PHI,Doug Pederson,23.0,23.0,False,0,1
2020_03_DAL_SEA,2020,3,REG,SEA,Pete Carroll,DAL,Mike McCarthy,38.0,31.0,True,1,0
2020_03_DAL_SEA,2020,3,REG,DAL,Mike McCarthy,SEA,Pete Carroll,31.0,38.0,False,0,0
2020_03_DET_ARI,2020,3,REG,ARI,Kliff Kingsbury,DET,Matt Patricia,23.0,26.0,True,0,0
2020_03_DET_ARI,2020,3,REG,DET,Matt Patricia,ARI,Kliff Kingsbury,26.0,23.0,False,1,0
2020_03_GB_NO,2020,3,REG,NO,Sean Payton,GB,Matt LaFleur,30.0,37.0,True,0,0
2020_03_GB_NO,2020,3,REG,GB,Matt LaFleur,NO,Sean Payton,37.0,30.0,False,1,0
2020_03_HOU_PIT,2020,3,REG,PIT,Mike Tomlin,HOU,Bill O'Brien,28.0,21.0,True,1,0
2020_03_HOU_PIT,2020,3,REG,HOU,Bill O'Brien,PIT,Mike Tomlin,21.0,28.0,False,0,0
2020_03_KC_BAL,2020,3,REG,BAL,John Harbaugh,KC,Andy Reid,20.0,34.0,True,0,0
2020_03_KC_BAL,2020,3,REG,KC,Andy Reid,BAL,John Harbaugh,34.0,20.0,False,1,0
2020_03_LA_BUF,2020,3,REG,BUF,Sean McDermott,LA,Sean McVay,35.0,32.0,True,1,0
2020_03_LA_BUF,2020,3,REG,LA,Sean McVay,BUF,Sean McDermott,32.0,35.0,False,0,0
2020_03_LV_NE,2020,3,REG,NE,Bill Belichick,LV,Jon Gruden,36.0,20.0,True,1,0
2020_03_LV_NE,2020,3,REG,LV,Jon Gruden,NE,Bill Belichick,20.0,36.0,False,0,0
2020_03_MIA_JAX,2020,3,REG,JAX,Doug Marrone,MIA,Brian Flores,13.0,31.0,True,0,0
2020_03_MIA_JAX,2020,3,REG,MIA,Brian Flores,JAX,Doug Marrone,31.0,13.0,False,1,0
2020_03_NYJ_IND,2020,3,REG,IND,Frank Reich,NYJ,Adam Gase,36.0,7.0,True,1,0
2020_03_NYJ_IND,2020,3,REG,NYJ,Adam Gase,IND,Frank Reich,7.0,36.0,False,0,0
2020_03_SF_NYG,2020,3,REG,NYG,Joe Judge,SF,Kyle Shanahan,9.0,36.0,True,0,0
2020_03_SF_NYG,2020,3,REG,SF,Kyle Shanahan,NYG,Joe Judge,36.0,9.0,False,1,0
2020_03_TB_DEN,2020,3,REG,DEN,Vic Fangio,TB,Bruce Arians,10.0,28.0,True,0,0
2020_03_TB_DEN,2020,3,REG,TB,Bruce Arians,DEN,Vic Fangio,28.0,10.0,False,1,0
2020_03_TEN_MIN,2020,3,REG,MIN,Mike Zimmer,TEN,Mike Vrabel,30.0,31.0,True,0,0
2020_03_TEN_MIN,2020,3,REG,TEN,Mike Vrabel,MIN,Mike Zimmer,31.0,30.0,False,1,0
2020_03_WAS_CLE,2020,3,REG,CLE,Kevin Stefanski,WAS,Ron Rivera,34.0,20.0,True,1,0
2020_03_WAS_CLE,2020,3,REG,WAS,Ron Rivera,CLE,Kevin Stefanski,20.0,34.0,False,0,0
2020_04_ARI_CAR,2020,4,REG,CAR,Matt Rhule,ARI,Kliff Kingsbury,31.0,21.0,True,1,0
2020_04_ARI_CAR,2020,4,REG,ARI,Kliff Kingsbury,CAR,Matt Rhule,21.0,31.0,False,0,0
2020_04_ATL_GB,2020,4,REG,GB,Matt LaFleur,ATL,Dan Quinn,30.0,16.0,True,1,0
2020_04_ATL_GB,2020,4,REG,ATL,Dan Quinn,GB,Matt LaFleur,16.0,30.0,False,0,0
2020_04_BAL_WAS,2020,4,REG,WAS,Ron Rivera,BAL,John Harbaugh,17.0,31.0,True,0,0
2020_04_BAL_WAS,2020,4,REG,BAL,John Harbaugh,WAS,Ron Rivera,31.0,17.0,False,1,0
2020_04_BUF_LV,2020,4,REG,LV,Jon Gruden,BUF,Sean McDermott,23.0,30.0,True,0,0
2020_04_BUF_LV,2020,4,REG,BUF,Sean McDermott,LV,Jon Gruden,30.0,23.0,False,1,0
2020_04_CLE_DAL,2020,4,REG,DAL,Mike McCarthy,CLE,Kevin Stefanski,38.0,49.0,True,0,0
2020_04_CLE_DAL,2020,4,REG,CLE,Kevin Stefanski,DAL,Mike McCarthy,49.0,38.0,False,1,0
2020_04_DEN_NYJ,2020,4,REG,NYJ,Adam Gase,DEN,Vic Fangio,28.0,37.0,True,0,0
2020_04_DEN_NYJ,2020,4,REG,DEN,Vic Fangio,NYJ,Adam Gase,37.0,28.0,False,1,0
2020_04_IND_CHI,2020,4,REG,CHI,Matt Nagy,IND,Frank Reich,11.0,19.0,True,0,0
2020_04_IND_CHI,2020,4,REG,IND,Frank Reich,CHI,Matt Nagy,19.0,11.0,False,1,0
2020_04_JAX_CIN,2020,4,REG,CIN,Zac Taylor,JAX,Doug Marrone,33.0,25.0,True,1,0
2020_04_JAX_CIN,2020,4,REG,JAX,Doug Marrone,CIN,Zac Taylor,25.0,33.0,False,0,0
2020_04_LAC_TB,2020,4,REG,TB,Bruce Arians,LAC,Anthony Lynn,38.0,31.0,True,1,0
2020_04_LAC_TB,2020,4,REG,LAC,Anthony Lynn,TB,Bruce Arians,31.0,38.0,False,0,0
2020_04_MIN_HOU,2020,4,REG,HOU,Bill O'Brien,MIN,Mike Zimmer,23.0,31.0,True,0,0
2020_04_MIN_HOU,2020,4,REG,MIN,Mike Zimmer,HOU,Bill O'Brien,31.0,23.0,False,1,0
2020_04_NE_KC,2020,4,REG,KC,Andy Reid,NE,Bill Belichick,26.0,10.0,True,1,0
2020_04_NE_KC,2020,4,REG,NE,Bill Belichick,KC,Andy Reid,10.0,26.0,False,0,0
2020_04_NO_DET,2020,4,REG,DET,Matt Patricia,NO,Sean Payton,29.0,35.0,True,0,0
2020_04_NO_DET,2020,4,REG,NO,Sean Payton,DET,Matt Patricia,35.0,29.0,False,1,0
2020_04_NYG_LA,2020,4,REG,LA,Sean McVay,NYG,Joe Judge,17.0,9.0,True,1,0
2020_04_NYG_LA,2020,4,REG,NYG,Joe Judge,LA,Sean McVay,9.0,17.0,False,0,0
2020_04_PHI_SF,2020,4,REG,SF,Kyle Shanahan,PHI,Doug Pederson,20.0,25.0,True,0,0
2020_04_PHI_SF,2020,4,REG,PHI,Doug Pederson,SF,Kyle Shanahan,25.0,20.0,False,1,0
2020_04_SEA_MIA,2020,4,REG,MIA,Brian Flores,SEA,Pete Carroll,23.0,31.0,True,0,0
2020_04_SEA_MIA,2020,4,REG,SEA,Pete Carroll,MIA,Brian Flores,31.0,23.0,False,1,0
2020_05_ARI_NYJ,2020,5,REG,NYJ,Adam Gase,ARI,Kliff Kingsbury,10.0,30.0,True,0,0
2020_05_ARI_NYJ,2020,5,REG,ARI,Kliff Kingsbury,NYJ,Adam Gase,30.0,10.0,False,1,0
2020_05_BUF_TEN,2020,5,REG,TEN,Mike Vrabel,BUF,Sean McDermott,42.0,16.0,True,1,0
2020_05_BUF_TEN,2020,5,REG,BUF,Sean McDermott,TEN,Mike Vrabel,16.0,42.0,False,0,0
2020_05_CAR_ATL,2020,5,REG,ATL,Dan Quinn,CAR,Matt Rhule,16.0,23.0,True,0,0
2020_05_CAR_ATL,2020,5,REG,CAR,Matt Rhule,ATL,Dan Quinn,23.0,16.0,False,1,0
2020_05_CIN_BAL,2020,5,REG,BAL,John Harbaugh,CIN,Zac Taylor,27.0,3.0,True,1,0
2020_05_CIN_BAL,2020,5,REG,CIN,Zac Taylor,BAL,John Harbaugh,3.0,27.0,False,0,0
2020_05_IND_CLE,2020,5,REG,CLE,Kevin Stefanski,IND,Frank Reich,32.0,23.0,True,1,0
2020_05_IND_CLE,2020,5,REG,IND,Frank Reich,CLE,Kevin Stefanski,23.0,32.0,False,0,0
2020_05_JAX_HOU,2020,5,REG,HOU,Romeo Crennel,JAX,Doug Marrone,30.0,14.0,True,1,0
2020_05_JAX_HOU,2020,5,REG,JAX,Doug Marrone,HOU,Romeo Crennel,14.0,30.0,False,0,0
2020_05_LAC_NO,2020,5,REG,NO,Sean Payton,LAC,Anthony Lynn,30.0,27.0,True,1,0
2020_05_LAC_NO,2020,5,REG,LAC,Anthony Lynn,NO,Sean Payton,27.0,30.0,False,0,0
2020_05_LA_WAS,2020,5,REG,WAS,Ron Rivera,LA,Sean McVay,10.0,30.0,True,0,0
2020_05_LA_WAS,2020,5,REG,LA,Sean McVay,WAS,Ron Rivera,30.0,10.0,False,1,0
2020_05_LV_KC,2020,5,REG,KC,Andy Reid,LV,Jon Gruden,32.0,40.0,True,0,0
2020_05_LV_KC,2020,5,REG,LV,Jon Gruden,KC,Andy Reid,40.0,32.0,False,1,0
2020_05_MIA_SF,2020,5,REG,SF,Kyle Shanahan,MIA,Brian Flores,17.0,43.0,True,0,0
2020_05_MIA_SF,2020,5,REG,MIA,Brian Flores,SF,Kyle Shanahan,43.0,17.0,False,1,0
2020_05_MIN_SEA,2020,5,REG,SEA,Pete Carroll,MIN,Mike Zimmer,27.0,26.0,True,1,0
2020_05_MIN_SEA,2020,5,REG,MIN,Mike Zimmer,SEA,Pete Carroll,26.0,27.0,False,0,0
2020_05_NYG_DAL,2020,5,REG,DAL,Mike McCarthy,NYG,Joe Judge,37.0,34.0,True,1,0
2020_05_NYG_DAL,2020,5,REG,NYG,Joe Judge,DAL,Mike McCarthy,34.0,37.0,False,0,0
2020_05_PHI_PIT,2020,5,REG,PIT,Mike Tomlin,PHI,Doug Pederson,38.0,29.0,True,1,0
2020_05_PHI_PIT,2020,5,REG,PHI,Doug Pederson,PIT,Mike Tomlin,29.0,38.0,False,0,0
2020_05_TB_CHI,2020,5,REG,CHI,Matt Nagy,TB,Bruce Arians,20.0,19.0,True,1,0
2020_05_TB_CHI,2020,5,REG,TB,Bruce Arians,CHI,Matt Nagy,19.0,20.0,False,0,0
2020_06_ARI_DAL,2020,6,REG,DAL,Mike McCarthy,ARI,Kliff Kingsbury,10.0,38.0,True,0,0
2020_06_ARI_DAL,2020,6,REG,ARI,Kliff Kingsbury,DAL,Mike McCarthy,38.0,10.0,False,1,0
2020_06_ATL_MIN,2020,6,REG,MIN,Mike Zimmer,ATL,Raheem Morris,23.0,40.0,True,0,0
2020_06_ATL_MIN,2020,6,REG,ATL,Raheem Morris,MIN,Mike Zimmer,40.0,23.0,False,1,0
2020_06_BAL_PHI,2020,6,REG,PHI,Doug Pederson,BAL,John Harbaugh,28.0,30.0,True,0,0
2020_06_BAL_PHI,2020,6,REG,BAL,John Harbaugh,PHI,Doug Pederson,30.0,28.0,False,1,0
2020_06_CHI_CAR,2020,6,REG,CAR,Matt Rhule,CHI,Matt Nagy,16.0,23.0,True,0,0
2020_06_CHI_CAR,2020,6,REG,CHI,Matt Nagy,CAR,Matt Rhule,23.0,16.0,False,1,0
2020_06_CIN_IND,2020,6,REG,IND,Frank Reich,CIN,Zac Taylor,31.0,27.0,True,1,0
2020_06_CIN_IND,2020,6,REG,CIN,Zac Taylor,IND,Frank Reich,27.0,31.0,False,0,0
2020_06_CLE_PIT,2020,6,REG,PIT,Mike Tomlin,CLE,Kevin Stefanski,38.0,7.0,True,1,0
2020_06_CLE_PIT,2020,6,REG,CLE,Kevin Stefanski,PIT,Mike Tomlin,7.0,38.0,False,0,0
2020_06_DEN_NE,2020,6,REG,NE,Bill Belichick,DEN,Vic Fangio,12.0,18.0,True,0,0
2020_06_DEN_NE,2020,6,REG,DEN,Vic Fangio,NE,Bill Belichick,18.0,12.0,False,1,0
2020_06_DET_JAX,2020,6,REG,JAX,Doug Marrone,DET,Matt Patricia,16.0,34.0,True,0,0
2020_06_DET_JAX,2020,6,REG,DET,Matt Patricia,JAX,Doug Marrone,34.0,16.0,False,1,0
2020_06_GB_TB,2020,6,REG,TB,Bruce Arians,GB,Matt LaFleur,38.0,10.0,True,1,0
2020_06_GB_TB,2020,6,REG,GB,Matt LaFleur,TB,Bruce Arians,10.0,38.0,False,0,0
2020_06_HOU_TEN,2020,6,REG,TEN,Mike Vrabel,HOU,Romeo Crennel,42.0,36.0,True,1,0
2020_06_HOU_TEN,2020,6,REG,HOU,Romeo Crennel,TEN,Mike Vrabel,36.0,42.0,False,0,0
2020_06_KC_BUF,2020,6,REG,BUF,Sean McDermott,KC,Andy Reid,17.0,26.0,True,0,0
2020_06_KC_BUF,2020,6,REG,KC,Andy Reid,BUF,Sean McDermott,26.0,17.0,False,1,0
2020_06_LA_SF,2020,6,REG,SF,Kyle Shanahan,LA,Sean McVay,24.0,16.0,True,1,0
2020_06_LA_SF,2020,6,REG,LA,Sean McVay,SF,Kyle Shanahan,16.0,24.0,False,0,0
2020_06_NYJ_MIA,2020,6,REG,MIA,Brian Flores,NYJ,Adam Gase,24.0,0.0,True,1,0
2020_06_NYJ_MIA,2020,6,REG,NYJ,Adam Gase,MIA,Brian Flores,0.0,24.0,False,0,0
2020_06_WAS_NYG,2020,6,REG,NYG,Joe Judge,WAS,Ron Rivera,20.0,19.0,True,1,0
2020_06_WAS_NYG,2020,6,REG,WAS,Ron Rivera,NYG,Joe Judge,19.0,20.0,False,0,0
2020_07_BUF_NYJ,2020,7,REG,NYJ,Adam Gase,BUF,Sean McDermott,10.0,18.0,True,0,0
2020_07_BUF_NYJ,2020,7,REG,BUF,Sean McDermott,NYJ,Adam Gase,18.0,10.0,False,1,0
2020_07_CAR_NO,2020,7,REG,NO,Sean Payton,CAR,Matt Rhule,27.0,24.0,True,1,0
2020_07_CAR_NO,2020,7,REG,CAR,Matt Rhule,NO,Sean Payton,24.0,27.0,False,0,0
2020_07_CHI_LA,2020,7,REG,LA,Sean McVay,CHI,Matt Nagy,24.0,10.0,True,1,0
2020_07_CHI_LA,2020,7,REG,CHI,Matt Nagy,LA,Sean McVay,10.0,24.0,False,0,0
2020_07_CLE_CIN,2020,7,REG,CIN,Zac Taylor,CLE,Kevin Stefanski,34.0,37.0,True,0,0
2020_07_CLE_CIN,2020,7,REG,CLE,Kevin Stefanski,CIN,Zac Taylor,37.0,34.0,False,1,0
2020_07_DAL_WAS,2020,7,REG,WAS,Ron Rivera,DAL,Mike McCarthy,25.0,3.0,True,1,0
2020_07_DAL_WAS,2020,7,REG,DAL,Mike McCarthy,WAS,Ron Rivera,3.0,25.0,False,0,0
2020_07_DET_ATL,2020,7,REG,ATL,Raheem Morris,DET,Matt Patricia,22.0,23.0,True,0,0
2020_07_DET_ATL,2020,7,REG,DET,Matt Patricia,ATL,Raheem Morris,23.0,22.0,False,1,0
2020_07_GB_HOU,2020,7,REG,HOU,Romeo Crennel,GB,Matt LaFleur,20.0,35.0,True,0,0
2020_07_GB_HOU,2020,7,REG,GB,Matt LaFleur,HOU,Romeo Crennel,35.0,20.0,False,1,0
2020_07_JAX_LAC,2020,7,REG,LAC,Anthony Lynn,JAX,Doug Marrone,39.0,29.0,True,1,0
2020_07_JAX_LAC,2020,7,REG,JAX,Doug Marrone,LAC,Anthony Lynn,29.0,39.0,False,0,0
2020_07_KC_DEN,2020,7,REG,DEN,Vic Fangio,KC,Andy Reid,16.0,43.0,True,0,0
2020_07_KC_DEN,2020,7,REG,KC,Andy Reid,DEN,Vic Fangio,43.0,16.0,False,1,0
2020_07_NYG_PHI,2020,7,REG,PHI,Doug Pederson,NYG,Joe Judge,22.0,21.0,True,1,0
2020_07_NYG_PHI,2020,7,REG,NYG,Joe Judge,PHI,Doug Pederson,21.0,22.0,False,0,0
2020_07_PIT_TEN,2020,7,REG,TEN,Mike Vrabel,PIT,Mike Tomlin,24.0,27.0,True,0,0
2020_07_PIT_TEN,2020,7,REG,PIT,Mike Tomlin,TEN,Mike Vrabel,27.0,24.0,False,1,0
2020_07_SEA_ARI,2020,7,REG,ARI,Kliff Kingsbury,SEA,Pete Carroll,37.0,34.0,True,1,0
2020_07_SEA_ARI,2020,7,REG,SEA,Pete Carroll,ARI,Kliff Kingsbury,34.0,37.0,False,0,0
2020_07_SF_NE,2020,7,REG,NE,Bill Belichick,SF,Kyle Shanahan,6.0,33.0,True,0,0
2020_07_SF_NE,2020,7,REG,SF,Kyle Shanahan,NE,Bill Belichick,33.0,6.0,False,1,0
2020_07_TB_LV,2020,7,REG,LV,Jon Gruden,TB,Bruce Arians,20.0,45.0,True,0,0
2020_07_TB_LV,2020,7,REG,TB,Bruce Arians,LV,Jon Gruden,45.0,20.0,False,1,0
2020_08_ATL_CAR,2020,8,REG,CAR,Matt Rhule,ATL,Raheem Morris,17.0,25.0,True,0,0
2020_08_ATL_CAR,2020,8,REG,ATL,Raheem Morris,CAR,Matt Rhule,25.0,17.0,False,1,0
2020_08_DAL_PHI,2020,8,REG,PHI,Doug Pederson,DAL,Mike McCarthy,23.0,9.0,True,1,0
2020_08_DAL_PHI,2020,8,REG,DAL,Mike McCarthy,PHI,Doug Pederson,9.0,23.0,False,0,0
2020_08_IND_DET,2020,8,REG,DET,Matt Patricia,IND,Frank Reich,21.0,41.0,True,0,0
2020_08_IND_DET,2020,8,REG,IND,Frank Reich,DET,Matt Patricia,41.0,21.0,False,1,0
2020_08_LAC_DEN,2020,8,REG,DEN,Vic Fangio,LAC,Anthony Lynn,31.0,30.0,True,1,0
2020_08_LAC_DEN,2020,8,REG,LAC,Anthony Lynn,DEN,Vic Fangio,30.0,31.0,False,0,0
2020_08_LA_MIA,2020,8,REG,MIA,Brian Flores,LA,Sean McVay,28.0,17.0,True,1,0
2020_08_LA_MIA,2020,8,REG,LA,Sean McVay,MIA,Brian Flores,17.0,28.0,False,0,0
2020_08_LV_CLE,2020,8,REG,CLE,Kevin Stefanski,LV,Jon Gruden,6.0,16.0,True,0,0
2020_08_LV_CLE,2020,8,REG,LV,Jon Gruden,CLE,Kevin Stefanski,16.0,6.0,False,1,0
2020_08_MIN_GB,2020,8,REG,GB,Matt LaFleur,MIN,Mike Zimmer,22.0,28.0,True,0,0
2020_08_MIN_GB,2020,8,REG,MIN,Mike Zimmer,GB,Matt LaFleur,28.0,22.0,False,1,0
2020_08_NE_BUF,2020,8,REG,BUF,Sean McDermott,NE,Bill Belichick,24.0,21.0,True,1,0
2020_08_NE_BUF,2020,8,REG,NE,Bill Belichick,BUF,Sean McDermott,21.0,24.0,False,0,0
2020_08_NO_CHI,2020,8,REG,CHI,Matt Nagy,NO,Sean Payton,23.0,26.0,True,0,0
2020_08_NO_CHI,2020,8,REG,NO,Sean Payton,CHI,Matt Nagy,26.0,23.0,False,1,0
2020_08_NYJ_KC,2020,8,REG,KC,Andy Reid,NYJ,Adam Gase,35.0,9.0,True,1,0
2020_08_NYJ_KC,2020,8,REG,NYJ,Adam Gase,KC,Andy Reid,9.0,35.0,False,0,0
2020_08_PIT_BAL,2020,8,REG,BAL,John Harbaugh,PIT,Mike Tomlin,24.0,28.0,True,0,0
2020_08_PIT_BAL,2020,8,REG,PIT,Mike Tomlin,BAL,John Harbaugh,28.0,24.0,False,1,0
2020_08_SF_SEA,2020,8,REG,SEA,Pete Carroll,SF,Kyle Shanahan,37.0,27.0,True,1,0
2020_08_SF_SEA,2020,8,REG,SF,Kyle Shanahan,SEA,Pete Carroll,27.0,37.0,False,0,0
2020_08_TB_NYG,2020,8,REG,NYG,Joe Judge,TB,Bruce Arians,23.0,25.0,True,0,0
2020_08_TB_NYG,2020,8,REG,TB,Bruce Arians,NYG,Joe Judge,25.0,23.0,False,1,0
2020_08_TEN_CIN,2020,8,REG,CIN,Zac Taylor,TEN,Mike Vrabel,31.0,20.0,True,1,0
2020_08_TEN_CIN,2020,8,REG,TEN,Mike Vrabel,CIN,Zac Taylor,20.0,31.0,False,0,0
2020_09_BAL_IND,2020,9,REG,IND,Frank Reich,BAL,John Harbaugh,10.0,24.0,True,0,0
2020_09_BAL_IND,2020,9,REG,BAL,John Harbaugh,IND,Frank Reich,24.0,10.0,False,1,0
2020_09_CAR_KC,2020,9,REG,KC,Andy Reid,CAR,Matt Rhule,33.0,31.0,True,1,0
2020_09_CAR_KC,2020,9,REG,CAR,Matt Rhule,KC,Andy Reid,31.0,33.0,False,0,0
2020_09_CHI_TEN,2020,9,REG,TEN,Mike Vrabel,CHI,Matt Nagy,24.0,17.0,True,1,0
2020_09_CHI_TEN,2020,9,REG,CHI,Matt Nagy,TEN,Mike Vrabel,17.0,24.0,False,0,0
2020_09_DEN_ATL,2020,9,REG,ATL,Raheem Morris,DEN,Vic Fangio,34.0,27.0,True,1,0
2020_09_DEN_ATL,2020,9,REG,DEN,Vic Fangio,ATL,Raheem Morris,27.0,34.0,False,0,0
2020_09_DET_MIN,2020,9,REG,MIN,Mike Zimmer,DET,Matt Patricia,34.0,20.0,True,1,0
2020_09_DET_MIN,2020,9,REG,DET,Matt Patricia,MIN,Mike Zimmer,20.0,34.0,False,0,0
2020_09_GB_SF,2020,9,REG,SF,Kyle Shanahan,GB,Matt LaFleur,17.0,34.0,True,0,0
2020_09_GB_SF,2020,9,REG,GB,Matt LaFleur,SF,Kyle Shanahan,34.0,17.0,False,1,0
2020_09_HOU_JAX,2020,9,REG,JAX,Doug Marrone,HOU,Romeo Crennel,25.0,27.0,True,0,0
2020_09_HOU_JAX,2020,9,REG,HOU,Romeo Crennel,JAX,Doug Marrone,27.0,25.0,False,1,0
2020_09_LV_LAC,2020,9,REG,LAC,Anthony Lynn,LV,Jon Gruden,26.0,31.0,True,0,0
2020_09_LV_LAC,2020,9,REG,LV,Jon Gruden,LAC,Anthony Lynn,31.0,26.0,False,1,0
2020_09_MIA_ARI,2020,9,REG,ARI,Kliff Kingsbury,MIA,Brian Flores,31.0,34.0,True,0,0
2020_09_MIA_ARI,2020,9,REG,MIA,Brian Flores,ARI,Kliff Kingsbury,34.0,31.0,False,1,0
2020_09_NE_NYJ,2020,9,REG,NYJ,Adam Gase,NE,Bill Belichick,27.0,30.0,True,0,0
2020_09_NE_NYJ,2020,9,REG,NE,Bill Belichick,NYJ,Adam Gase,30.0,27.0,False,1,0
2020_09_NO_TB,2020,9,REG,TB,Bruce Arians,NO,Sean Payton,3.0,38.0,True,0,0
2020_09_NO_TB,2020,9,REG,NO,Sean Payton,TB,Bruce Arians,38.0,3.0,False,1,0
2020_09_NYG_WAS,2020,9,REG,WAS,Ron Rivera,NYG,Joe Judge,20.0,23.0,True,0,0
2020_09_NYG_WAS,2020,9,REG,NYG,Joe Judge,WAS,Ron Rivera,23.0,20.0,False,1,0
2020_09_PIT_DAL,2020,9,REG,DAL,Mike McCarthy,PIT,Mike Tomlin,19.0,24.0,True,0,0
2020_09_PIT_DAL,2020,9,REG,PIT,Mike Tomlin,DAL,Mike McCarthy,24.0,19.0,False,1,0
2020_09_SEA_BUF,2020,9,REG,BUF,Sean McDermott,SEA,Pete Carroll,44.0,34.0,True,1,0
2020_09_SEA_BUF,2020,9,REG,SEA,Pete Carroll,BUF,Sean McDermott,34.0,44.0,False,0,0
2020_10_BAL_NE,2020,10,REG,NE,Bill Belichick,BAL,John Harbaugh,23.0,17.0,True,1,0
2020_10_BAL_NE,2020,10,REG,BAL,John Harbaugh,NE,Bill Belichick,17.0,23.0,False,0,0
2020_10_BUF_ARI,2020,10,REG,ARI,Kliff Kingsbury,BUF,Sean McDermott,32.0,30.0,True,1,0
2020_10_BUF_ARI,2020,10,REG,BUF,Sean McDermott,ARI,Kliff Kingsbury,30.0,32.0,False,0,0
2020_10_CIN_PIT,2020,10,REG,PIT,Mike Tomlin,CIN,Zac Taylor,36.0,10.0,True,1,0
2020_10_CIN_PIT,2020,10,REG,CIN,Zac Taylor,PIT,Mike Tomlin,10.0,36.0,False,0,0
2020_10_DEN_LV,2020,10,REG,LV,Jon Gruden,DEN,Vic Fangio,37.0,12.0,True,1,0
2020_10_DEN_LV,2020,10,REG,DEN,Vic Fangio,LV,Jon Gruden,12.0,37.0,False,0,0
2020_10_HOU_CLE,2020,10,REG,CLE,Kevin Stefanski,HOU,Romeo Crennel,10.0,7.0,True,1,0
2020_10_HOU_CLE,2020,10,REG,HOU,Romeo Crennel,CLE,Kevin Stefanski,7.0,10.0,False,0,0
2020_10_IND_TEN,2020,10,REG,TEN,Mike Vrabel,IND,Frank Reich,17.0,34.0,True,0,0
2020_10_IND_TEN,2020,10,REG,IND,Frank Reich,TEN,Mike Vrabel,34.0,17.0,False,1,0
2020_10_JAX_GB,2020,10,REG,GB,Matt LaFleur,JAX,Doug Marrone,24.0,20.0,True,1,0
2020_10_JAX_GB,2020,10,REG,JAX,Doug Marrone,GB,Matt LaFleur,20.0,24.0,False,0,0
2020_10_LAC_MIA,2020,10,REG,MIA,Brian Flores,LAC,Anthony Lynn,29.0,21.0,True,1,0
2020_10_LAC_MIA,2020,10,REG,LAC,Anthony Lynn,MIA,Brian Flores,21.0,29.0,False,0,0
2020_10_MIN_CHI,2020,10,REG,CHI,Matt Nagy,MIN,Mike Zimmer,13.0,19.0,True,0,0
2020_10_MIN_CHI,2020,10,REG,MIN,Mike Zimmer,CHI,Matt Nagy,19.0,13.0,False,1,0
2020_10_PHI_NYG,2020,10,REG,NYG,Joe Judge,PHI,Doug Pederson,27.0,17.0,True,1,0
2020_10_PHI_NYG,2020,10,REG,PHI,Doug Pederson,NYG,Joe Judge,17.0,27.0,False,0,0
2020_10_SEA_LA,2020,10,REG,LA,Sean McVay,SEA,Pete Carroll,23.0,16.0,True,1,0
2020_10_SEA_LA,2020,10,REG,SEA,Pete Carroll,LA,Sean McVay,16.0,23.0,False,0,0
2020_10_SF_NO,2020,10,REG,NO,Sean Payton,SF,Kyle Shanahan,27.0,13.0,True,1,0
2020_10_SF_NO,2020,10,REG,SF,Kyle Shanahan,NO,Sean Payton,13.0,27.0,False,0,0
2020_10_TB_CAR,2020,10,REG,CAR,Matt Rhule,TB,Bruce Arians,23.0,46.0,True,0,0
2020_10_TB_CAR,2020,10,REG,TB,Bruce Arians,CAR,Matt Rhule,46.0,23.0,False,1,0
2020_10_WAS_DET,2020,10,REG,DET,Matt Patricia,WAS,Ron Rivera,30.0,27.0,True,1,0
2020_10_WAS_DET,2020,10,REG,WAS,Ron Rivera,DET,Matt Patricia,27.0,30.0,False,0,0
2020_11_ARI_SEA,2020,11,REG,SEA,Pete Carroll,ARI,Kliff Kingsbury,28.0,21.0,True,1,0
2020_11_ARI_SEA,2020,11,REG,ARI,Kliff Kingsbury,SEA,Pete Carroll,21.0,28.0,False,0,0
2020_11_ATL_NO,2020,11,REG,NO,Sean Payton,ATL,Raheem Morris,24.0,9.0,True,1,0
2020_11_ATL_NO,2020,11,REG,ATL,Raheem Morris,NO,Sean Payton,9.0,24.0,False,0,0
2020_11_CIN_WAS,2020,11,REG,WAS,Ron Rivera,CIN,Zac Taylor,20.0,9.0,True,1,0
2020_11_CIN_WAS,2020,11,REG,CIN,Zac Taylor,WAS,Ron Rivera,9.0,20.0,False,0,0
2020_11_DAL_MIN,2020,11,REG,MIN,Mike Zimmer,DAL,Mike McCarthy,28.0,31.0,True,0,0
2020_11_DAL_MIN,2020,11,REG,DAL,Mike McCarthy,MIN,Mike Zimmer,31.0,28.0,False,1,0
2020_11_DET_CAR,2020,11,REG,CAR,Matt Rhule,DET,Matt Patricia,20.0,0.0,True,1,0
2020_11_DET_CAR,2020,11,REG,DET,Matt Patricia,CAR,Matt Rhule,0.0,20.0,False,0,0
2020_11_GB_IND,2020,11,REG,IND,Frank Reich,GB,Matt LaFleur,34.0,31.0,True,1,0
2020_11_GB_IND,2020,11,REG,GB,Matt LaFleur,IND,Frank Reich,31.0,34.0,False,0,0
2020_11_KC_LV,2020,11,REG,LV,Jon Gruden,KC,Andy Reid,31.0,35.0,True,0,0
2020_11_KC_LV,2020,11,REG,KC,Andy Reid,LV,Jon Gruden,35.0,31.0,False,1,0
2020_11_LA_TB,2020,11,REG,TB,Bruce Arians,LA,Sean McVay,24.0,27.0,True,0,0
2020_11_LA_TB,2020,11,REG,LA,Sean McVay,TB,Bruce Arians,27.0,24.0,False,1,0
2020_11_MIA_DEN,2020,11,REG,DEN,Vic Fangio,MIA,Brian Flores,20.0,13.0,True,1,0
2020_11_MIA_DEN,2020,11,REG,MIA,Brian Flores,DEN,Vic Fangio,13.0,20.0,False,0,0
2020_11_NE_HOU,2020,11,REG,HOU,Romeo Crennel,NE,Bill Belichick,27.0,20.0,True,1,0
2020_11_NE_HOU,2020,11,REG,NE,Bill Belichick,HOU,Romeo Crennel,20.0,27.0,False,0,0
2020_11_NYJ_LAC,2020,11,REG,LAC,Anthony Lynn,NYJ,Adam Gase,34.0,28.0,True,1,0
2020_11_NYJ_LAC,2020,11,REG,NYJ,Adam Gase,LAC,Anthony Lynn,28.0,34.0,False,0,0
2020_11_PHI_CLE,2020,11,REG,CLE,Kevin Stefanski,PHI,Doug Pederson,22.0,17.0,True,1,0
2020_11_PHI_CLE,2020,11,REG,PHI,Doug Pederson,CLE,Kevin Stefanski,17.0,22.0,False,0,0
2020_11_PIT_JAX,2020,11,REG,JAX,Doug Marrone,PIT,Mike Tomlin,3.0,27.0,True,0,0
2020_11_PIT_JAX,2020,11,REG,PIT,Mike Tomlin,JAX,Doug Marrone,27.0,3.0,False,1,0
2020_11_TEN_BAL,2020,11,REG,BAL,John Harbaugh,TEN,Mike Vrabel,24.0,30.0,True,0,0
2020_11_TEN_BAL,2020,11,REG,TEN,Mike Vrabel,BAL,John Harbaugh,30.0,24.0,False,1,0
2020_12_ARI_NE,2020,12,REG,NE,Bill Belichick,ARI,Kliff Kingsbury,20.0,17.0,True,1,0
2020_12_ARI_NE,2020,12,REG,ARI,Kliff Kingsbury,NE,Bill Belichick,17.0,20.0,False,0,0
2020_12_BAL_PIT,2020,12,REG,PIT,Mike Tomlin,BAL,John Harbaugh,19.0,14.0,True,1,0
2020_12_BAL_PIT,2020,12,REG,BAL,John Harbaugh,PIT,Mike Tomlin,14.0,19.0,False,0,0
2020_12_CAR_MIN,2020,12,REG,MIN,Mike Zimmer,CAR,Matt Rhule,28.0,27.0,True,1,0
2020_12_CAR_MIN,2020,12,REG,CAR,Matt Rhule,MIN,Mike Zimmer,27.0,28.0,False,0,0
2020_12_CHI_GB,2020,12,REG,GB,Matt LaFleur,CHI,Matt Nagy,41.0,25.0,True,1,0
2020_12_CHI_GB,2020,12,REG,CHI,Matt Nagy,GB,Matt LaFleur,25.0,41.0,False,0,0
2020_12_CLE_JAX,2020,12,REG,JAX,Doug Marrone,CLE,Kevin Stefanski,25.0,27.0,True,0,0
2020_12_CLE_JAX,2020,12,REG,CLE,Kevin Stefanski,JAX,Doug Marrone,27.0,25.0,False,1,0
2020_12_HOU_DET,2020,12,REG,DET,Matt Patricia,HOU,Romeo Crennel,25.0,41.0,True,0,0
2020_12_HOU_DET,2020,12,REG,HOU,Romeo Crennel,DET,Matt Patricia,41.0,25.0,False,1,0
2020_12_KC_TB,2020,12,REG,TB,Bruce Arians,KC,Andy Reid,24.0,27.0,True,0,0
2020_12_KC_TB,2020,12,REG,KC,Andy Reid,TB,Bruce Arians,27.0,24.0,False,1,0
2020_12_LAC_BUF,2020,12,REG,BUF,Sean McDermott,LAC,Anthony Lynn,27.0,17.0,True,1,0
2020_12_LAC_BUF,2020,12,REG,LAC,Anthony Lynn,BUF,Sean McDermott,17.0,27.0,False,0,0
2020_12_LV_ATL,2020,12,REG,ATL,Raheem Morris,LV,Jon Gruden,43.0,6.0,True,1,0
2020_12_LV_ATL,2020,12,REG,LV,Jon Gruden,ATL,Raheem Morris,6.0,43.0,False,0,0
2020_12_MIA_NYJ,2020,12,REG,NYJ,Adam Gase,MIA,Brian Flores,3.0,20.0,True,0,0
2020_12_MIA_NYJ,2020,12,REG,MIA,Brian Flores,NYJ,Adam Gase,20.0,3.0,False,1,0
2020_12_NO_DEN,2020,12,REG,DEN,Vic Fangio,NO,Sean Payton,3.0,31.0,True,0,0
2020_12_NO_DEN,2020,12,REG,NO,Sean Payton,DEN,Vic Fangio,31.0,3.0,False,1,0
2020_12_NYG_CIN,2020,12,REG,CIN,Zac Taylor,NYG,Joe Judge,17.0,19.0,True,0,0
2020_12_NYG_CIN,2020,12,REG,NYG,Joe Judge,CIN,Zac Taylor,19.0,17.0,False,1,0
2020_12_SEA_PHI,2020,12,REG,PHI,Doug Pederson,SEA,Pete Carroll,17.0,23.0,True,0,0
2020_12_SEA_PHI,2020,12,REG,SEA,Pete Carroll,PHI,Doug Pederson,23.0,17.0,False,1,0
2020_12_SF_LA,2020,12,REG,LA,Sean McVay,SF,Kyle Shanahan,20.0,23.0,True,0,0
2020_12_SF_LA,2020,12,REG,SF,Kyle Shanahan,LA,Sean McVay,23.0,20.0,False,1,0
2020_12_TEN_IND,2020,12,REG,IND,Frank Reich,TEN,Mike Vrabel,26.0,45.0,True,0,0
2020_12_TEN_IND,2020,12,REG,TEN,Mike Vrabel,IND,Frank Reich,45.0,26.0,False,1,0
2020_12_WAS_DAL,2020,12,REG,DAL,Mike McCarthy,WAS,Ron Rivera,16.0,41.0,True,0,0
2020_12_WAS_DAL,2020,12,REG,WAS,Ron Rivera,DAL,Mike McCarthy,41.0,16.0,False,1,0
2020_13_BUF_SF,2020,13,REG,SF,Kyle Shanahan,BUF,Sean McDermott,24.0,34.0,True,0,0
2020_13_BUF_SF,2020,13,REG,BUF,Sean McDermott,SF,Kyle Shanahan,34.0,24.0,False,1,0
2020_13_CIN_MIA,2020,13,REG,MIA,Brian Flores,CIN,Zac Taylor,19.0,7.0,True,1,0
2020_13_CIN_MIA,2020,13,REG,CIN,Zac Taylor,MIA,Brian Flores,7.0,19.0,False,0,0
2020_13_CLE_TEN,2020,13,REG,TEN,Mike Vrabel,CLE,Kevin Stefanski,35.0,41.0,True,0,0
2020_13_CLE_TEN,2020,13,REG,CLE,Kevin Stefanski,TEN,Mike Vrabel,41.0,35.0,False,1,0
2020_13_DAL_BAL,2020,13,REG,BAL,John Harbaugh,DAL,Mike McCarthy,34.0,17.0,True,1,0
2020_13_DAL_BAL,2020,13,REG,DAL,Mike McCarthy,BAL,John Harbaugh,17.0,34.0,False,0,0
2020_13_DEN_KC,2020,13,REG,KC,Andy Reid,DEN,Vic Fangio,22.0,16.0,True,1,0
2020_13_DEN_KC,2020,13,REG,DEN,Vic Fangio,KC,Andy Reid,16.0,22.0,False,0,0
2020_13_DET_CHI,2020,13,REG,CHI,Matt Nagy,DET,Darrell Bevell,30.0,34.0,True,0,0
2020_13_DET_CHI,2020,13,REG,DET,Darrell Bevell,CHI,Matt Nagy,34.0,30.0,False,1,0
2020_13_IND_HOU,2020,13,REG,HOU,Romeo Crennel,IND,Frank Reich,20.0,26.0,True,0,0
2020_13_IND_HOU,2020,13,REG,IND,Frank Reich,HOU,Romeo Crennel,26.0,20.0,False,1,0
2020_13_JAX_MIN,2020,13,REG,MIN,Mike Zimmer,JAX,Doug Marrone,27.0,24.0,True,1,0
2020_13_JAX_MIN,2020,13,REG,JAX,Doug Marrone,MIN,Mike Zimmer,24.0,27.0,False,0,0
2020_13_LA_ARI,2020,13,REG,ARI,Kliff Kingsbury,LA,Sean McVay,28.0,38.0,True,0,0
2020_13_LA_ARI,2020,13,REG,LA,Sean McVay,ARI,Kliff Kingsbury,38.0,28.0,False,1,0
2020_13_LV_NYJ,2020,13,REG,NYJ,Adam Gase,LV,Jon Gruden,28.0,31.0,True,0,0
2020_13_LV_NYJ,2020,13,REG,LV,Jon Gruden,NYJ,Adam Gase,31.0,28.0,False,1,0
2020_13_NE_LAC,2020,13,REG,LAC,Anthony Lynn,NE,Bill Belichick,0.0,45.0,True,0,0
2020_13_NE_LAC,2020,13,REG,NE,Bill Belichick,LAC,Anthony Lynn,45.0,0.0,False,1,0
2020_13_NO_ATL,2020,13,REG,ATL,Raheem Morris,NO,Sean Payton,16.0,21.0,True,0,0
2020_13_NO_ATL,2020,13,REG,NO,Sean Payton,ATL,Raheem Morris,21.0,16.0,False,1,0
2020_13_NYG_SEA,2020,13,REG,SEA,Pete Carroll,NYG,Joe Judge,12.0,17.0,True,0,0
2020_13_NYG_SEA,2020,13,REG,NYG,Joe Judge,SEA,Pete Carroll,17.0,12.0,False,1,0
2020_13_PHI_GB,2020,13,REG,GB,Matt LaFleur,PHI,Doug Pederson,30.0,16.0,True,1,0
2020_13_PHI_GB,2020,13,REG,PHI,Doug Pederson,GB,Matt LaFleur,16.0,30.0,False,0,0
2020_13_WAS_PIT,2020,13,REG,PIT,Mike Tomlin,WAS,Ron Rivera,17.0,23.0,True,0,0
2020_13_WAS_PIT,2020,13,REG,WAS,Ron Rivera,PIT,Mike Tomlin,23.0,17.0,False,1,0
2020_14_ARI_NYG,2020,14,REG,NYG,Joe Judge,ARI,Kliff Kingsbury,7.0,26.0,True,0,0
2020_14_ARI_NYG,2020,14,REG,ARI,Kliff Kingsbury,NYG,Joe Judge,26.0,7.0,False,1,0
2020_14_ATL_LAC,2020,14,REG,LAC,Anthony Lynn,ATL,Raheem Morris,20.0,17.0,True,1,0
2020_14_ATL_LAC,2020,14,REG,ATL,Raheem Morris,LAC,Anthony Lynn,17.0,20.0,False,0,0
2020_14_BAL_CLE,2020,14,REG,CLE,Kevin Stefanski,BAL,John Harbaugh,42.0,47.0,True,0,0
2020_14_BAL_CLE,2020,14,REG,BAL,John Harbaugh,CLE,Kevin Stefanski,47.0,42.0,False,1,0
2020_14_DAL_CIN,2020,14,REG,CIN,Zac Taylor,DAL,Mike McCarthy,7.0,30.0,True,0,0
2020_14_DAL_CIN,2020,14,REG,DAL,Mike McCarthy,CIN,Zac Taylor,30.0,7.0,False,1,0
2020_14_DEN_CAR,2020,14,REG,CAR,Matt Rhule,DEN,Vic Fangio,27.0,32.0,True,0,0
2020_14_DEN_CAR,2020,14,REG,DEN,Vic Fangio,CAR,Matt Rhule,32.0,27.0,False,1,0
2020_14_GB_DET,2020,14,REG,DET,Darrell Bevell,GB,Matt LaFleur,24.0,31.0,True,0,0
2020_14_GB_DET,2020,14,REG,GB,Matt LaFleur,DET,Darrell Bevell,31.0,24.0,False,1,0
2020_14_HOU_CHI,2020,14,REG,CHI,Matt Nagy,HOU,Romeo Crennel,36.0,7.0,True,1,0
2020_14_HOU_CHI,2020,14,REG,HOU,Romeo Crennel,CHI,Matt Nagy,7.0,36.0,False,0,0
2020_14_IND_LV,2020,14,REG,LV,Jon Gruden,IND,Frank Reich,27.0,44.0,True,0,0
2020_14_IND_LV,2020,14,REG,IND,Frank Reich,LV,Jon Gruden,44.0,27.0,False,1,0
2020_14_KC_MIA,2020,14,REG,MIA,Brian Flores,KC,Andy Reid,27.0,33.0,True,0,0
2020_14_KC_MIA,2020,14,REG,KC,Andy Reid,MIA,Brian Flores,33.0,27.0,False,1,0
2020_14_MIN_TB,2020,14,REG,TB,Bruce Arians,MIN,Mike Zimmer,26.0,14.0,True,1,0
2020_14_MIN_TB,2020,14,REG,MIN,Mike Zimmer,TB,Bruce Arians,14.0,26.0,False,0,0
2020_14_NE_LA,2020,14,REG,LA,Sean McVay,NE,Bill Belichick,24.0,3.0,True,1,0
2020_14_NE_LA,2020,14,REG,NE,Bill Belichick,LA,Sean McVay,3.0,24.0,False,0,0
2020_14_NO_PHI,2020,14,REG,PHI,Doug Pederson,NO,Sean Payton,24.0,21.0,True,1,0
2020_14_NO_PHI,2020,14,REG,NO,Sean Payton,PHI,Doug Pederson,21.0,24.0,False,0,0
2020_14_NYJ_SEA,2020,14,REG,SEA,Pete Carroll,NYJ,Adam Gase,40.0,3.0,True,1,0
2020_14_NYJ_SEA,2020,14,REG,NYJ,Adam Gase,SEA,Pete Carroll,3.0,40.0,False,0,0
2020_14_PIT_BUF,2020,14,REG,BUF,Sean McDermott,PIT,Mike Tomlin,26.0,15.0,True,1,0
2020_14_PIT_BUF,2020,14,REG,PIT,Mike Tomlin,BUF,Sean McDermott,15.0,26.0,False,0,0
2020_14_TEN_JAX,2020,14,REG,JAX,Doug Marrone,TEN,Mike Vrabel,10.0,31.0,True,0,0
2020_14_TEN_JAX,2020,14,REG,TEN,Mike Vrabel,JAX,Doug Marrone,31.0,10.0,False,1,0
2020_14_WAS_SF,2020,14,REG,SF,Kyle Shanahan,WAS,Ron Rivera,15.0,23.0,True,0,0
2020_14_WAS_SF,2020,14,REG,WAS,Ron Rivera,SF,Kyle Shanahan,23.0,15.0,False,1,0
2020_15_BUF_DEN,2020,15,REG,DEN,Vic Fangio,BUF,Sean McDermott,19.0,48.0,True,0,0
2020_15_BUF_DEN,2020,15,REG,BUF,Sean McDermott,DEN,Vic Fangio,48.0,19.0,False,1,0
2020_15_CAR_GB,2020,15,REG,GB,Matt LaFleur,CAR,Matt Rhule,24.0,16.0,True,1,0
2020_15_CAR_GB,2020,15,REG,CAR,Matt Rhule,GB,Matt LaFleur,16.0,24.0,False,0,0
2020_15_CHI_MIN,2020,15,REG,MIN,Mike Zimmer,CHI,Matt Nagy,27.0,33.0,True,0,0
2020_15_CHI_MIN,2020,15,REG,CHI,Matt Nagy,MIN,Mike Zimmer,33.0,27.0,False,1,0
2020_15_CLE_NYG,2020,15,REG,NYG,Joe Judge,CLE,Kevin Stefanski,6.0,20.0,True,0,0
2020_15_CLE_NYG,2020,15,REG,CLE,Kevin Stefanski,NYG,Joe Judge,20.0,6.0,False,1,0
2020_15_DET_TEN,2020,15,REG,TEN,Mike Vrabel,DET,Darrell Bevell,46.0,25.0,True,1,0
2020_15_DET_TEN,2020,15,REG,DET,Darrell Bevell,TEN,Mike Vrabel,25.0,46.0,False,0,0
2020_15_HOU_IND,2020,15,REG,IND,Frank Reich,HOU,Romeo Crennel,27.0,20.0,True,1,0
2020_15_HOU_IND,2020,15,REG,HOU,Romeo Crennel,IND,Frank Reich,20.0,27.0,False,0,0
2020_15_JAX_BAL,2020,15,REG,BAL,John Harbaugh,JAX,Doug Marrone,40.0,14.0,True,1,0
2020_15_JAX_BAL,2020,15,REG,JAX,Doug Marrone,BAL,John Harbaugh,14.0,40.0,False,0,0
2020_15_KC_NO,2020,15,REG,NO,Sean Payton,KC,Andy Reid,29.0,32.0,True,0,0
2020_15_KC_NO,2020,15,REG,KC,Andy Reid,NO,Sean Payton,32.0,29.0,False,1,0
2020_15_LAC_LV,2020,15,REG,LV,Jon Gruden,LAC,Anthony Lynn,27.0,30.0,True,0,0
2020_15_LAC_LV,2020,15,REG,LAC,Anthony Lynn,LV,Jon Gruden,30.0,27.0,False,1,0
2020_15_NE_MIA,2020,15,REG,MIA,Brian Flores,NE,Bill Belichick,22.0,12.0,True,1,0
2020_15_NE_MIA,2020,15,REG,NE,Bill Belichick,MIA,Brian Flores,12.0,22.0,False,0,0
2020_15_NYJ_LA,2020,15,REG,LA,Sean McVay,NYJ,Adam Gase,20.0,23.0,True,0,0
2020_15_NYJ_LA,2020,15,REG,NYJ,Adam Gase,LA,Sean McVay,23.0,20.0,False,1,0
2020_15_PHI_ARI,2020,15,REG,ARI,Kliff Kingsbury,PHI,Doug Pederson,33.0,26.0,True,1,0
2020_15_PHI_ARI,2020,15,REG,PHI,Doug Pederson,ARI,Kliff Kingsbury,26.0,33.0,False,0,0
2020_15_PIT_CIN,2020,15,REG,CIN,Zac Taylor,PIT,Mike Tomlin,27.0,17.0,True,1,0
2020_15_PIT_CIN,2020,15,REG,PIT,Mike Tomlin,CIN,Zac Taylor,17.0,27.0,False,0,0
2020_15_SEA_WAS,2020,15,REG,WAS,Ron Rivera,SEA,Pete Carroll,15.0,20.0,True,0,0
2020_15_SEA_WAS,2020,15,REG,SEA,Pete Carroll,WAS,Ron Rivera,20.0,15.0,False,1,0
2020_15_SF_DAL,2020,15,REG,DAL,Mike McCarthy,SF,Kyle Shanahan,41.0,33.0,True,1,0
2020_15_SF_DAL,2020,15,REG,SF,Kyle Shanahan,DAL,Mike McCarthy,33.0,41.0,False,0,0
2020_15_TB_ATL,2020,15,REG,ATL,Raheem Morris,TB,Bruce Arians,27.0,31.0,True,0,0
2020_15_TB_ATL,2020,15,REG,TB,Bruce Arians,ATL,Raheem Morris,31.0,27.0,False,1,0
2020_16_ATL_KC,2020,16,REG,KC,Andy Reid,ATL,Raheem Morris,17.0,14.0,True,1,0
2020_16_ATL_KC,2020,16,REG,ATL,Raheem Morris,KC,Andy Reid,14.0,17.0,False,0,0
2020_16_BUF_NE,2020,16,REG,NE,Bill Belichick,BUF,Sean McDermott,9.0,38.0,True,0,0
2020_16_BUF_NE,2020,16,REG,BUF,Sean McDermott,NE,Bill Belichick,38.0,9.0,False,1,0
2020_16_CAR_WAS,2020,16,REG,WAS,Ron Rivera,CAR,Matt Rhule,13.0,20.0,True,0,0
2020_16_CAR_WAS,2020,16,REG,CAR,Matt Rhule,WAS,Ron Rivera,20.0,13.0,False,1,0
2020_16_CHI_JAX,2020,16,REG,JAX,Doug Marrone,CHI,Matt Nagy,17.0,41.0,True,0,0
2020_16_CHI_JAX,2020,16,REG,CHI,Matt Nagy,JAX,Doug Marrone,41.0,17.0,False,1,0
2020_16_CIN_HOU,2020,16,REG,HOU,Romeo Crennel,CIN,Zac Taylor,31.0,37.0,True,0,0
2020_16_CIN_HOU,2020,16,REG,CIN,Zac Taylor,HOU,Romeo Crennel,37.0,31.0,False,1,0
2020_16_CLE_NYJ,2020,16,REG,NYJ,Adam Gase,CLE,Kevin Stefanski,23.0,16.0,True,1,0
2020_16_CLE_NYJ,2020,16,REG,CLE,Kevin Stefanski,NYJ,Adam Gase,16.0,23.0,False,0,0
2020_16_DEN_LAC,2020,16,REG,LAC,Anthony Lynn,DEN,Vic Fangio,19.0,16.0,True,1,0
2020_16_DEN_LAC,2020,16,REG,DEN,Vic Fangio,LAC,Anthony Lynn,16.0,19.0,False,0,0
2020_16_IND_PIT,2020,16,REG,PIT,Mike Tomlin,IND,Frank Reich,28.0,24.0,True,1,0
2020_16_IND_PIT,2020,16,REG,IND,Frank Reich,PIT,Mike Tomlin,24.0,28.0,False,0,0
2020_16_LA_SEA,2020,16,REG,SEA,Pete Carroll,LA,Sean McVay,20.0,9.0,True,1,0
2020_16_LA_SEA,2020,16,REG,LA,Sean McVay,SEA,Pete Carroll,9.0,20.0,False,0,0
2020_16_MIA_LV,2020,16,REG,LV,Jon Gruden,MIA,Brian Flores,25.0,26.0,True,0,0
2020_16_MIA_LV,2020,16,REG,MIA,Brian Flores,LV,Jon Gruden,26.0,25.0,False,1,0
2020_16_MIN_NO,2020,16,REG,NO,Sean Payton,MIN,Mike Zimmer,52.0,33.0,True,1,0
2020_16_MIN_NO,2020,16,REG,MIN,Mike Zimmer,NO,Sean Payton,33.0,52.0,False,0,0
2020_16_NYG_BAL,2020,16,REG,BAL,John Harbaugh,NYG,Joe Judge,27.0,13.0,True,1,0
2020_16_NYG_BAL,2020,16,REG,NYG,Joe Judge,BAL,John Harbaugh,13.0,27.0,False,0,0
2020_16_PHI_DAL,2020,16,REG,DAL,Mike McCarthy,PHI,Doug Pederson,37.0,17.0,True,1,0
2020_16_PHI_DAL,2020,16,REG,PHI,Doug Pederson,DAL,Mike McCarthy,17.0,37.0,False,0,0
2020_16_SF_ARI,2020,16,REG,ARI,Kliff Kingsbury,SF,Kyle Shanahan,12.0,20.0,True,0,0
2020_16_SF_ARI,2020,16,REG,SF,Kyle Shanahan,ARI,Kliff Kingsbury,20.0,12.0,False,1,0
2020_16_TB_DET,2020,16,REG,DET,Darrell Bevell,TB,Bruce Arians,7.0,47.0,True,0,0
2020_16_TB_DET,2020,16,REG,TB,Bruce Arians,DET,Darrell Bevell,47.0,7.0,False,1,0
2020_16_TEN_GB,2020,16,REG,GB,Matt LaFleur,TEN,Mike Vrabel,40.0,14.0,True,1,0
2020_16_TEN_GB,2020,16,REG,TEN,Mike Vrabel,GB,Matt LaFleur,14.0,40.0,False,0,0
2020_17_ARI_LA,2020,17,REG,LA,Sean McVay,ARI,Kliff Kingsbury,18.0,7.0,True,1,0
2020_17_ARI_LA,2020,17,REG,ARI,Kliff Kingsbury,LA,Sean McVay,7.0,18.0,False,0,0
2020_17_ATL_TB,2020,17,REG,TB,Bruce Arians,ATL,Raheem Morris,44.0,27.0,True,1,0
2020_17_ATL_TB,2020,17,REG,ATL,Raheem Morris,TB,Bruce Arians,27.0,44.0,False,0,0
2020_17_BAL_CIN,2020,17,REG,CIN,Zac Taylor,BAL,John Harbaugh,3.0,38.0,True,0,0
2020_17_BAL_CIN,2020,17,REG,BAL,John Harbaugh,CIN,Zac Taylor,38.0,3.0,False,1,0
2020_17_DAL_NYG,2020,17,REG,NYG,Joe Judge,DAL,Mike McCarthy,23.0,19.0,True,1,0
2020_17_DAL_NYG,2020,17,REG,DAL,Mike McCarthy,NYG,Joe Judge,19.0,23.0,False,0,0
2020_17_GB_CHI,2020,17,REG,CHI,Matt Nagy,GB,Matt LaFleur,16.0,35.0,True,0,0
2020_17_GB_CHI,2020,17,REG,GB,Matt LaFleur,CHI,Matt Nagy,35.0,16.0,False,1,0
2020_17_JAX_IND,2020,17,REG,IND,Frank Reich,JAX,Doug Marrone,28.0,14.0,True,1,0
2020_17_JAX_IND,2020,17,REG,JAX,Doug Marrone,IND,Frank Reich,14.0,28.0,False,0,0
2020_17_LAC_KC,2020,17,REG,KC,Andy Reid,LAC,Anthony Lynn,21.0,38.0,True,0,0
2020_17_LAC_KC,2020,17,REG,LAC,Anthony Lynn,KC,Andy Reid,38.0,21.0,False,1,0
2020_17_LV_DEN,2020,17,REG,DEN,Vic Fangio,LV,Jon Gruden,31.0,32.0,True,0,0
2020_17_LV_DEN,2020,17,REG,LV,Jon Gruden,DEN,Vic Fangio,32.0,31.0,False,1,0
2020_17_MIA_BUF,2020,17,REG,BUF,Sean McDermott,MIA,Brian Flores,56.0,26.0,True,1,0
2020_17_MIA_BUF,2020,17,REG,MIA,Brian Flores,BUF,Sean McDermott,26.0,56.0,False,0,0
2020_17_MIN_DET,2020,17,REG,DET,Darrell Bevell,MIN,Mike Zimmer,35.0,37.0,True,0,0
2020_17_MIN_DET,2020,17,REG,MIN,Mike Zimmer,DET,Darrell Bevell,37.0,35.0,False,1,0
2020_17_NO_CAR,2020,17,REG,CAR,Matt Rhule,NO,Sean Payton,7.0,33.0,True,0,0
2020_17_NO_CAR,2020,17,REG,NO,Sean Payton,CAR,Matt Rhule,33.0,7.0,False,1,0
2020_17_NYJ_NE,2020,17,REG,NE,Bill Belichick,NYJ,Adam Gase,28.0,14.0,True,1,0
2020_17_NYJ_NE,2020,17,REG,NYJ,Adam Gase,NE,Bill Belichick,14.0,28.0,False,0,0
2020_17_PIT_CLE,2020,17,REG,CLE,Kevin Stefanski,PIT,Mike Tomlin,24.0,22.0,True,1,0
2020_17_PIT_CLE,2020,17,REG,PIT,Mike Tomlin,CLE,Kevin Stefanski,22.0,24.0,False,0,0
2020_17_SEA_SF,2020,17,REG,SF,Kyle Shanahan,SEA,Pete Carroll,23.0,26.0,True,0,0
2020_17_SEA_SF,2020,17,REG,SEA,Pete Carroll,SF,Kyle Shanahan,26.0,23.0,False,1,0
2020_17_TEN_HOU,2020,17,REG,HOU,Romeo Crennel,TEN,Mike Vrabel,38.0,41.0,True,0,0
2020_17_TEN_HOU,2020,17,REG,TEN,Mike Vrabel,HOU,Romeo Crennel,41.0,38.0,False,1,0
2020_17_WAS_PHI,2020,17,REG,PHI,Doug Pederson,WAS,Ron Rivera,14.0,20.0,True,0,0
2020_17_WAS_PHI,2020,17,REG,WAS,Ron Rivera,PHI,Doug Pederson,20.0,14.0,False,1,0
2020_18_BAL_TEN,2020,18,POST,TEN,Mike Vrabel,BAL,John Harbaugh,13.0,20.0,True,0,0
2020_18_BAL_TEN,2020,18,POST,BAL,John Harbaugh,TEN,Mike Vrabel,20.0,13.0,False,1,0
2020_18_CHI_NO,2020,18,POST,NO,Sean Payton,CHI,Matt Nagy,21.0,9.0,True,1,0
2020_18_CHI_NO,2020,18,POST,CHI,Matt Nagy,NO,Sean Payton,9.0,21.0,False,0,0
2020_18_CLE_PIT,2020,18,POST,PIT,Mike Tomlin,CLE,Kevin Stefanski,37.0,48.0,True,0,0
2020_18_CLE_PIT,2020,18,POST,CLE,Kevin Stefanski,PIT,Mike Tomlin,48.0,37.0,False,1,0
2020_18_IND_BUF,2020,18,POST,BUF,Sean McDermott,IND,Frank Reich,27.0,24.0,True,1,0
2020_18_IND_BUF,2020,18,POST,IND,Frank Reich,BUF,Sean McDermott,24.0,27.0,False,0,0
2020_18_LA_SEA,2020,18,POST,SEA,Pete Carroll,LA,Sean McVay,20.0,30.0,True,0,0
2020_18_LA_SEA,2020,18,POST,LA,Sean McVay,SEA,Pete Carroll,30.0,20.0,False,1,0
2020_18_TB_WAS,2020,18,POST,WAS,Ron Rivera,TB,Bruce Arians,23.0,31.0,True,0,0
2020_18_TB_WAS,2020,18,POST,TB,Bruce Arians,WAS,Ron Rivera,31.0,23.0,False,1,0
2020_19_BAL_BUF,2020,19,POST,BUF,Sean McDermott,BAL,John Harbaugh,17.0,3.0,True,1,0
2020_19_BAL_BUF,2020,19,POST,BAL,John Harbaugh,BUF,Sean McDermott,3.0,17.0,False,0,0
2020_19_CLE_KC,2020,19,POST,KC,Andy Reid,CLE,Kevin Stefanski,22.0,17.0,True,1,0
2020_19_CLE_KC,2020,19,POST,CLE,Kevin Stefanski,KC,Andy Reid,17.0,22.0,False,0,0
2020_19_LA_GB,2020,19,POST,GB,Matt LaFleur,LA,Sean McVay,32.0,18.0,True,1,0
2020_19_LA_GB,2020,19,POST,LA,Sean McVay,GB,Matt LaFleur,18.0,32.0,False,0,0
2020_19_TB_NO,2020,19,POST,NO,Sean Payton,TB,Bruce Arians,20.0,30.0,True,0,0
2020_19_TB_NO,2020,19,POST,TB,Bruce Arians,NO,Sean Payton,30.0,20.0,False,1,0
2020_20_BUF_KC,2020,20,POST,KC,Andy Reid,BUF,Sean McDermott,38.0,24.0,True,1,0
2020_20_BUF_KC,2020,20,POST,BUF,Sean McDermott,KC,Andy Reid,24.0,38.0,False,0,0
2020_20_TB_GB,2020,20,POST,GB,Matt LaFleur,TB,Bruce Arians,26.0,31.0,True,0,0
2020_20_TB_GB,2020,20,POST,TB,Bruce Arians,GB,Matt LaFleur,31.0,26.0,False,1,0
2020_21_KC_TB,2020,21,POST,TB,Bruce Arians,KC,Andy Reid,31.0,9.0,True,1,0
2020_21_KC_TB,2020,21,POST,KC,Andy Reid,TB,Bruce Arians,9.0,31.0,False,0,0
2021_01_ARI_TEN,2021,1,REG,TEN,Mike Vrabel,ARI,Kliff Kingsbury,13.0,38.0,True,0,0
2021_01_ARI_TEN,2021,1,REG,ARI,Kliff Kingsbury,TEN,Mike Vrabel,38.0,13.0,False,1,0
2021_01_BAL_LV,2021,1,REG,LV,Jon Gruden,BAL,John Harbaugh,33.0,27.0,True,1,0
2021_01_BAL_LV,2021,1,REG,BAL,John Harbaugh,LV,Jon Gruden,27.0,33.0,False,0,0
2021_01_CHI_LA,2021,1,REG,LA,Sean McVay,CHI,Matt Nagy,34.0,14.0,True,1,0
2021_01_CHI_LA,2021,1,REG,CHI,Matt Nagy,LA,Sean McVay,14.0,34.0,False,0,0
2021_01_CLE_KC,2021,1,REG,KC,Andy Reid,CLE,Kevin Stefanski,33.0,29.0,True,1,0
2021_01_CLE_KC,2021,1,REG,CLE,Kevin Stefanski,KC,Andy Reid,29.0,33.0,False,0,0
2021_01_DAL_TB,2021,1,REG,TB,Bruce Arians,DAL,Mike McCarthy,31.0,29.0,True,1,0
2021_01_DAL_TB,2021,1,REG,DAL,Mike McCarthy,TB,Bruce Arians,29.0,31.0,False,0,0
2021_01_DEN_NYG,2021,1,REG,NYG,Joe Judge,DEN,Vic Fangio,13.0,27.0,True,0,0
2021_01_DEN_NYG,2021,1,REG,DEN,Vic Fangio,NYG,Joe Judge,27.0,13.0,False,1,0
2021_01_GB_NO,2021,1,REG,NO,Sean Payton,GB,Matt LaFleur,38.0,3.0,True,1,0
2021_01_GB_NO,2021,1,REG,GB,Matt LaFleur,NO,Sean Payton,3.0,38.0,False,0,0
2021_01_JAX_HOU,2021,1,REG,HOU,David Culley,JAX,Urban Meyer,37.0,21.0,True,1,0
2021_01_JAX_HOU,2021,1,REG,JAX,Urban Meyer,HOU,David Culley,21.0,37.0,False,0,0
2021_01_LAC_WAS,2021,1,REG,WAS,Ron Rivera,LAC,Brandon Staley,16.0,20.0,True,0,0
2021_01_LAC_WAS,2021,1,REG,LAC,Brandon Staley,WAS,Ron Rivera,20.0,16.0,False,1,0
2021_01_MIA_NE,2021,1,REG,NE,Bill Belichick,MIA,Brian Flores,16.0,17.0,True,0,0
2021_01_MIA_NE,2021,1,REG,MIA,Brian Flores,NE,Bill Belichick,17.0,16.0,False,1,0
2021_01_MIN_CIN,2021,1,REG,CIN,Zac Taylor,MIN,Mike Zimmer,27.0,24.0,True,1,0
2021_01_MIN_CIN,2021,1,REG,MIN,Mike Zimmer,CIN,Zac Taylor,24.0,27.0,False,0,0
2021_01_NYJ_CAR,2021,1,REG,CAR,Matt Rhule,NYJ,Robert Saleh,19.0,14.0,True,1,0
2021_01_NYJ_CAR,2021,1,REG,NYJ,Robert Saleh,CAR,Matt Rhule,14.0,19.0,False,0,0
2021_01_PHI_ATL,2021,1,REG,ATL,Arthur Smith,PHI,Nick Sirianni,6.0,32.0,True,0,0
2021_01_PHI_ATL,2021,1,REG,PHI,Nick Sirianni,ATL,Arthur Smith,32.0,6.0,False,1,0
2021_01_PIT_BUF,2021,1,REG,BUF,Sean McDermott,PIT,Mike Tomlin,16.0,23.0,True,0,0
2021_01_PIT_BUF,2021,1,REG,PIT,Mike Tomlin,BUF,Sean McDermott,23.0,16.0,False,1,0
2021_01_SEA_IND,2021,1,REG,IND,Frank Reich,SEA,Pete Carroll,16.0,28.0,True,0,0
2021_01_SEA_IND,2021,1,REG,SEA,Pete Carroll,IND,Frank Reich,28.0,16.0,False,1,0
2021_01_SF_DET,2021,1,REG,DET,Dan Campbell,SF,Kyle Shanahan,33.0,41.0,True,0,0
2021_01_SF_DET,2021,1,REG,SF,Kyle Shanahan,DET,Dan Campbell,41.0,33.0,False,1,0
2021_02_ATL_TB,2021,2,REG,TB,Bruce Arians,ATL,Arthur Smith,48.0,25.0,True,1,0
2021_02_ATL_TB,2021,2,REG,ATL,Arthur Smith,TB,Bruce Arians,25.0,48.0,False,0,0
2021_02_BUF_MIA,2021,2,REG,MIA,Brian Flores,BUF,Sean McDermott,0.0,35.0,True,0,0
2021_02_BUF_MIA,2021,2,REG,BUF,Sean McDermott,MIA,Brian Flores,35.0,0.0,False,1,0
2021_02_CIN_CHI,2021,2,REG,CHI,Matt Nagy,CIN,Zac Taylor,20.0,17.0,True,1,0
2021_02_CIN_CHI,2021,2,REG,CIN,Zac Taylor,CHI,Matt Nagy,17.0,20.0,False,0,0
2021_02_DAL_LAC,2021,2,REG,LAC,Brandon Staley,DAL,Mike McCarthy,17.0,20.0,True,0,0
2021_02_DAL_LAC,2021,2,REG,DAL,Mike McCarthy,LAC,Brandon Staley,20.0,17.0,False,1,0
2021_02_DEN_JAX,2021,2,REG,JAX,Urban Meyer,DEN,Vic Fangio,13.0,23.0,True,0,0
2021_02_DEN_JAX,2021,2,REG,DEN,Vic Fangio,JAX,Urban Meyer,23.0,13.0,False,1,0
2021_02_DET_GB,2021,2,REG,GB,Matt LaFleur,DET,Dan Campbell,35.0,17.0,True,1,0
2021_02_DET_GB,2021,2,REG,DET,Dan Campbell,GB,Matt LaFleur,17.0,35.0,False,0,0
2021_02_HOU_CLE,2021,2,REG,CLE,Kevin Stefanski,HOU,David Culley,31.0,21.0,True,1,0
2021_02_HOU_CLE,2021,2,REG,HOU,David Culley,CLE,Kevin Stefanski,21.0,31.0,False,0,0
2021_02_KC_BAL,2021,2,REG,BAL,John Harbaugh,KC,Andy Reid,36.0,35.0,True,1,0
2021_02_KC_BAL,2021,2,REG,KC,Andy Reid,BAL,John Harbaugh,35.0,36.0,False,0,0
2021_02_LA_IND,2021,2,REG,IND,Frank Reich,LA,Sean McVay,24.0,27.0,True,0,0
2021_02_LA_IND,2021,2,REG,LA,Sean McVay,IND,Frank Reich,27.0,24.0,False,1,0
2021_02_LV_PIT,2021,2,REG,PIT,Mike Tomlin,LV,Jon Gruden,17.0,26.0,True,0,0
2021_02_LV_PIT,2021,2,REG,LV,Jon Gruden,PIT,Mike Tomlin,26.0,17.0,False,1,0
2021_02_MIN_ARI,2021,2,REG,ARI,Kliff Kingsbury,MIN,Mike Zimmer,34.0,33.0,True,1,0
2021_02_MIN_ARI,2021,2,REG,MIN,Mike Zimmer,ARI,Kliff Kingsbury,33.0,34.0,False,0,0
2021_02_NE_NYJ,2021,2,REG,NYJ,Robert Saleh,NE,Bill Belichick,6.0,25.0,True,0,0
2021_02_NE_NYJ,2021,2,REG,NE,Bill Belichick,NYJ,Robert Saleh,25.0,6.0,False,1,0
2021_02_NO_CAR,2021,2,REG,CAR,Matt Rhule,NO,Sean Payton,26.0,7.0,True,1,0
2021_02_NO_CAR,2021,2,REG,NO,Sean Payton,CAR,Matt Rhule,7.0,26.0,False,0,0
2021_02_NYG_WAS,2021,2,REG,WAS,Ron Rivera,NYG,Joe Judge,30.0,29.0,True,1,0
2021_02_NYG_WAS,2021,2,REG,NYG,Joe Judge,WAS,Ron Rivera,29.0,30.0,False,0,0
2021_02_SF_PHI,2021,2,REG,PHI,Nick Sirianni,SF,Kyle Shanahan,11.0,17.0,True,0,0
2021_02_SF_PHI,2021,2,REG,SF,Kyle Shanahan,PHI,Nick Sirianni,17.0,11.0,False,1,0
2021_02_TEN_SEA,2021,2,REG,SEA,Pete Carroll,TEN,Mike Vrabel,30.0,33.0,True,0,0
2021_02_TEN_SEA,2021,2,REG,TEN,Mike Vrabel,SEA,Pete Carroll,33.0,30.0,False,1,0
2021_03_ARI_JAX,2021,3,REG,JAX,Urban Meyer,ARI,Kliff Kingsbury,19.0,31.0,True,0,0
2021_03_ARI_JAX,2021,3,REG,ARI,Kliff Kingsbury,JAX,Urban Meyer,31.0,19.0,False,1,0
2021_03_ATL_NYG,2021,3,REG,NYG,Joe Judge,ATL,Arthur Smith,14.0,17.0,True,0,0
2021_03_ATL_NYG,2021,3,REG,ATL,Arthur Smith,NYG,Joe Judge,17.0,14.0,False,1,0
2021_03_BAL_DET,2021,3,REG,DET,Dan Campbell,BAL,John Harbaugh,17.0,19.0,True,0,0
2021_03_BAL_DET,2021,3,REG,BAL,John Harbaugh,DET,Dan Campbell,19.0,17.0,False,1,0
2021_03_CAR_HOU,2021,3,REG,HOU,David Culley,CAR,Matt Rhule,9.0,24.0,True,0,0
2021_03_CAR_HOU,2021,3,REG,CAR,Matt Rhule,HOU,David Culley,24.0,9.0,False,1,0
2021_03_CHI_CLE,2021,3,REG,CLE,Kevin Stefanski,CHI,Matt Nagy,26.0,6.0,True,1,0
2021_03_CHI_CLE,2021,3,REG,CHI,Matt Nagy,CLE,Kevin Stefanski,6.0,26.0,False,0,0
2021_03_CIN_PIT,2021,3,REG,PIT,Mike Tomlin,CIN,Zac Taylor,10.0,24.0,True,0,0
2021_03_CIN_PIT,2021,3,REG,CIN,Zac Taylor,PIT,Mike Tomlin,24.0,10.0,False,1,0
2021_03_GB_SF,2021,3,REG,SF,Kyle Shanahan,GB,Matt LaFleur,28.0,30.0,True,0,0
2021_03_GB_SF,2021,3,REG,GB,Matt LaFleur,SF,Kyle Shanahan,30.0,28.0,False,1,0
2021_03_IND_TEN,2021,3,REG,TEN,Mike Vrabel,IND,Frank Reich,25.0,16.0,True,1,0
2021_03_IND_TEN,2021,3,REG,IND,Frank Reich,TEN,Mike Vrabel,16.0,25.0,False,0,0
2021_03_LAC_KC,2021,3,REG,KC,Andy Reid,LAC,Brandon Staley,24.0,30.0,True,0,0
2021_03_LAC_KC,2021,3,REG,LAC,Brandon Staley,KC,Andy Reid,30.0,24.0,False,1,0
2021_03_MIA_LV,2021,3,REG,LV,Jon Gruden,MIA,Brian Flores,31.0,28.0,True,1,0
2021_03_MIA_LV,2021,3,REG,MIA,Brian Flores,LV,Jon Gruden,28.0,31.0,False,0,0
2021_03_NO_NE,2021,3,REG,NE,Bill Belichick,NO,Sean Payton,13.0,28.0,True,0,0
2021_03_NO_NE,2021,3,REG,NO,Sean Payton,NE,Bill Belichick,28.0,13.0,False,1,0
2021_03_NYJ_DEN,2021,3,REG,DEN,Vic Fangio,NYJ,Robert Saleh,26.0,0.0,True,1,0
2021_03_NYJ_DEN,2021,3,REG,NYJ,Robert Saleh,DEN,Vic Fangio,0.0,26.0,False,0,0
2021_03_PHI_DAL,2021,3,REG,DAL,Mike McCarthy,PHI,Nick Sirianni,41.0,21.0,True,1,0
2021_03_PHI_DAL,2021,3,REG,PHI,Nick Sirianni,DAL,Mike McCarthy,21.0,41.0,False,0,0
2021_03_SEA_MIN,2021,3,REG,MIN,Mike Zimmer,SEA,Pete Carroll,30.0,17.0,True,1,0
2021_03_SEA_MIN,2021,3,REG,SEA,Pete Carroll,MIN,Mike Zimmer,17.0,30.0,False,0,0
2021_03_TB_LA,2021,3,REG,LA,Sean McVay,TB,Bruce Arians,34.0,24.0,True,1,0
2021_03_TB_LA,2021,3,REG,TB,Bruce Arians,LA,Sean McVay,24.0,34.0,False,0,0
2021_03_WAS_BUF,2021,3,REG,BUF,Sean McDermott,WAS,Ron Rivera,43.0,21.0,True,1,0
2021_03_WAS_BUF,2021,3,REG,WAS,Ron Rivera,BUF,Sean McDermott,21.0,43.0,False,0,0
2021_04_ARI_LA,2021,4,REG,LA,Sean McVay,ARI,Kliff Kingsbury,20.0,37.0,True,0,0
2021_04_ARI_LA,2021,4,REG,ARI,Kliff Kingsbury,LA,Sean McVay,37.0,20.0,False,1,0
2021_04_BAL_DEN,2021,4,REG,DEN,Vic Fangio,BAL,John Harbaugh,7.0,23.0,True,0,0
2021_04_BAL_DEN,2021,4,REG,BAL,John Harbaugh,DEN,Vic Fangio,23.0,7.0,False,1,0
2021_04_CAR_DAL,2021,4,REG,DAL,Mike McCarthy,CAR,Matt Rhule,36.0,28.0,True,1,0
2021_04_CAR_DAL,2021,4,REG,CAR,Matt Rhule,DAL,Mike McCarthy,28.0,36.0,False,0,0
2021_04_CLE_MIN,2021,4,REG,MIN,Mike Zimmer,CLE,Kevin Stefanski,7.0,14.0,True,0,0
2021_04_CLE_MIN,2021,4,REG,CLE,Kevin Stefanski,MIN,Mike Zimmer,14.0,7.0,False,1,0
2021_04_DET_CHI,2021,4,REG,CHI,Matt Nagy,DET,Dan Campbell,24.0,14.0,True,1,0
2021_04_DET_CHI,2021,4,REG,DET,Dan Campbell,CHI,Matt Nagy,14.0,24.0,False,0,0
2021_04_HOU_BUF,2021,4,REG,BUF,Sean McDermott,HOU,David Culley,40.0,0.0,True,1,0
2021_04_HOU_BUF,2021,4,REG,HOU,David Culley,BUF,Sean McDermott,0.0,40.0,False,0,0
2021_04_IND_MIA,2021,4,REG,MIA,Brian Flores,IND,Frank Reich,17.0,27.0,True,0,0
2021_04_IND_MIA,2021,4,REG,IND,Frank Reich,MIA,Brian Flores,27.0,17.0,False,1,0
2021_04_JAX_CIN,2021,4,REG,CIN,Zac Taylor,JAX,Urban Meyer,24.0,21.0,True,1,0
2021_04_JAX_CIN,2021,4,REG,JAX,Urban Meyer,CIN,Zac Taylor,21.0,24.0,False,0,0
2021_04_KC_PHI,2021,4,REG,PHI,Nick Sirianni,KC,Andy Reid,30.0,42.0,True,0,0
2021_04_KC_PHI,2021,4,REG,KC,Andy Reid,PHI,Nick Sirianni,42.0,30.0,False,1,0
2021_04_LV_LAC,2021,4,REG,LAC,Brandon Staley,LV,Jon Gruden,28.0,14.0,True,1,0
2021_04_LV_LAC,2021,4,REG,LV,Jon Gruden,LAC,Brandon Staley,14.0,28.0,False,0,0
2021_04_NYG_NO,2021,4,REG,NO,Sean Payton,NYG,Joe Judge,21.0,27.0,True,0,0
2021_04_NYG_NO,2021,4,REG,NYG,Joe Judge,NO,Sean Payton,27.0,21.0,False,1,0
2021_04_PIT_GB,2021,4,REG,GB,Matt LaFleur,PIT,Mike Tomlin,27.0,17.0,True,1,0
2021_04_PIT_GB,2021,4,REG,PIT,Mike Tomlin,GB,Matt LaFleur,17.0,27.0,False,0,0
2021_04_SEA_SF,2021,4,REG,SF,Kyle Shanahan,SEA,Pete Carroll,21.0,28.0,True,0,0
2021_04_SEA_SF,2021,4,REG,SEA,Pete Carroll,SF,Kyle Shanahan,28.0,21.0,False,1,0
2021_04_TB_NE,2021,4,REG,NE,Bill Belichick,TB,Bruce Arians,17.0,19.0,True,0,0
2021_04_TB_NE,2021,4,REG,TB,Bruce Arians,NE,Bill Belichick,19.0,17.0,False,1,0
2021_04_TEN_NYJ,2021,4,REG,NYJ,Robert Saleh,TEN,Mike Vrabel,27.0,24.0,True,1,0
2021_04_TEN_NYJ,2021,4,REG,TEN,Mike Vrabel,NYJ,Robert Saleh,24.0,27.0,False,0,0
2021_04_WAS_ATL,2021,4,REG,ATL,Arthur Smith,WAS,Ron Rivera,30.0,34.0,True,0,0
2021_04_WAS_ATL,2021,4,REG,WAS,Ron Rivera,ATL,Arthur Smith,34.0,30.0,False,1,0
2021_05_BUF_KC,2021,5,REG,KC,Andy Reid,BUF,Sean McDermott,20.0,38.0,True,0,0
2021_05_BUF_KC,2021,5,REG,BUF,Sean McDermott,KC,Andy Reid,38.0,20.0,False,1,0
2021_05_CHI_LV,2021,5,REG,LV,Jon Gruden,CHI,Matt Nagy,9.0,20.0,True,0,0
2021_05_CHI_LV,2021,5,REG,CHI,Matt Nagy,LV,Jon Gruden,20.0,9.0,False,1,0
2021_05_CLE_LAC,2021,5,REG,LAC,Brandon Staley,CLE,Kevin Stefanski,47.0,42.0,True,1,0
2021_05_CLE_LAC,2021,5,REG,CLE,Kevin Stefanski,LAC,Brandon Staley,42.0,47.0,False,0,0
2021_05_DEN_PIT,2021,5,REG,PIT,Mike Tomlin,DEN,Vic Fangio,27.0,19.0,True,1,0
2021_05_DEN_PIT,2021,5,REG,DEN,Vic Fangio,PIT,Mike Tomlin,19.0,27.0,False,0,0
2021_05_DET_MIN,2021,5,REG,MIN,Mike Zimmer,DET,Dan Campbell,19.0,17.0,True,1,0
2021_05_DET_MIN,2021,5,REG,DET,Dan Campbell,MIN,Mike Zimmer,17.0,19.0,False,0,0
2021_05_GB_CIN,2021,5,REG,CIN,Zac Taylor,GB,Matt LaFleur,22.0,25.0,True,0,0
2021_05_GB_CIN,2021,5,REG,GB,Matt LaFleur,CIN,Zac Taylor,25.0,22.0,False,1,0
2021_05_IND_BAL,2021,5,REG,BAL,John Harbaugh,IND,Frank Reich,31.0,25.0,True,1,0
2021_05_IND_BAL,2021,5,REG,IND,Frank Reich,BAL,John Harbaugh,25.0,31.0,False,0,0
2021_05_LA_SEA,2021,5,REG,SEA,Pete Carroll,LA,Sean McVay,17.0,26.0,True,0,0
2021_05_LA_SEA,2021,5,REG,LA,Sean McVay,SEA,Pete Carroll,26.0,17.0,False,1,0
2021_05_MIA_TB,2021,5,REG,TB,Bruce Arians,MIA,Brian Flores,45.0,17.0,True,1,0
2021_05_MIA_TB,2021,5,REG,MIA,Brian Flores,TB,Bruce Arians,17.0,45.0,False,0,0
2021_05_NE_HOU,2021,5,REG,HOU,David Culley,NE,Bill Belichick,22.0,25.0,True,0,0
2021_05_NE_HOU,2021,5,REG,NE,Bill Belichick,HOU,David Culley,25.0,22.0,False,1,0
2021_05_NO_WAS,2021,5,REG,WAS,Ron Rivera,NO,Sean Payton,22.0,33.0,True,0,0
2021_05_NO_WAS,2021,5,REG,NO,Sean Payton,WAS,Ron Rivera,33.0,22.0,False,1,0
2021_05_NYG_DAL,2021,5,REG,DAL,Mike McCarthy,NYG,Joe Judge,44.0,20.0,True,1,0
2021_05_NYG_DAL,2021,5,REG,NYG,Joe Judge,DAL,Mike McCarthy,20.0,44.0,False,0,0
2021_05_NYJ_ATL,2021,5,REG,ATL,Arthur Smith,NYJ,Robert Saleh,27.0,20.0,True,1,0
2021_05_NYJ_ATL,2021,5,REG,NYJ,Robert Saleh,ATL,Arthur Smith,20.0,27.0,False,0,0
2021_05_PHI_CAR,2021,5,REG,CAR,Matt Rhule,PHI,Nick Sirianni,18.0,21.0,True,0,0
2021_05_PHI_CAR,2021,5,REG,PHI,Nick Sirianni,CAR,Matt Rhule,21.0,18.0,False,1,0
2021_05_SF_ARI,2021,5,REG,ARI,Kliff Kingsbury,SF,Kyle Shanahan,17.0,10.0,True,1,0
2021_05_SF_ARI,2021,5,REG,SF,Kyle Shanahan,ARI,Kliff Kingsbury,10.0,17.0,False,0,0
2021_05_TEN_JAX,2021,5,REG,JAX,Urban Meyer,TEN,Mike Vrabel,19.0,37.0,True,0,0
2021_05_TEN_JAX,2021,5,REG,TEN,Mike Vrabel,JAX,Urban Meyer,37.0,19.0,False,1,0
2021_06_ARI_CLE,2021,6,REG,CLE,Kevin Stefanski,ARI,Kliff Kingsbury,14.0,37.0,True,0,0
2021_06_ARI_CLE,2021,6,REG,ARI,Kliff Kingsbury,CLE,Kevin Stefanski,37.0,14.0,False,1,0
2021_06_BUF_TEN,2021,6,REG,TEN,Mike Vrabel,BUF,Sean McDermott,34.0,31.0,True,1,0
2021_06_BUF_TEN,2021,6,REG,BUF,Sean McDermott,TEN,Mike Vrabel,31.0,34.0,False,0,0
2021_06_CIN_DET,2021,6,REG,DET,Dan Campbell,CIN,Zac Taylor,11.0,34.0,True,0,0
2021_06_CIN_DET,2021,6,REG,CIN,Zac Taylor,DET,Dan Campbell,34.0,11.0,False,1,0
2021_06_DAL_NE,2021,6,REG,NE,Bill Belichick,DAL,Mike McCarthy,29.0,35.0,True,0,0
2021_06_DAL_NE,2021,6,REG,DAL,Mike McCarthy,NE,Bill Belichick,35.0,29.0,False,1,0
2021_06_GB_CHI,2021,6,REG,CHI,Matt Nagy,GB,Matt LaFleur,14.0,24.0,True,0,0
2021_06_GB_CHI,2021,6,REG,GB,Matt LaFleur,CHI,Matt Nagy,24.0,14.0,False,1,0
2021_06_HOU_IND,2021,6,REG,IND,Frank Reich,HOU,David Culley,31.0,3.0,True,1,0
2021_06_HOU_IND,2021,6,REG,HOU,David Culley,IND,Frank Reich,3.0,31.0,False,0,0
2021_06_KC_WAS,2021,6,REG,WAS,Ron Rivera,KC,Andy Reid,13.0,31.0,True,0,0
2021_06_KC_WAS,2021,6,REG,KC,Andy Reid,WAS,Ron Rivera,31.0,13.0,False,1,0
2021_06_LAC_BAL,2021,6,REG,BAL,John Harbaugh,LAC,Brandon Staley,34.0,6.0,True,1,0
2021_06_LAC_BAL,2021,6,REG,LAC,Brandon Staley,BAL,John Harbaugh,6.0,34.0,False,0,0
2021_06_LA_NYG,2021,6,REG,NYG,Joe Judge,LA,Sean McVay,11.0,38.0,True,0,0
2021_06_LA_NYG,2021,6,REG,LA,Sean McVay,NYG,Joe Judge,38.0,11.0,False,1,0
2021_06_LV_DEN,2021,6,REG,DEN,Vic Fangio,LV,Rich Bisaccia,24.0,34.0,True,0,0
2021_06_LV_DEN,2021,6,REG,LV,Rich Bisaccia,DEN,Vic Fangio,34.0,24.0,False,1,0
2021_06_MIA_JAX,2021,6,REG,JAX,Urban Meyer,MIA,Brian Flores,23.0,20.0,True,1,0
2021_06_MIA_JAX,2021,6,REG,MIA,Brian Flores,JAX,Urban Meyer,20.0,23.0,False,0,0
2021_06_MIN_CAR,2021,6,REG,CAR,Matt Rhule,MIN,Mike Zimmer,28.0,34.0,True,0,0
2021_06_MIN_CAR,2021,6,REG,MIN,Mike Zimmer,CAR,Matt Rhule,34.0,28.0,False,1,0
2021_06_SEA_PIT,2021,6,REG,PIT,Mike Tomlin,SEA,Pete Carroll,23.0,20.0,True,1,0
2021_06_SEA_PIT,2021,6,REG,SEA,Pete Carroll,PIT,Mike Tomlin,20.0,23.0,False,0,0
2021_06_TB_PHI,2021,6,REG,PHI,Nick Sirianni,TB,Bruce Arians,22.0,28.0,True,0,0
2021_06_TB_PHI,2021,6,REG,TB,Bruce Arians,PHI,Nick Sirianni,28.0,22.0,False,1,0
2021_07_ATL_MIA,2021,7,REG,MIA,Brian Flores,ATL,Arthur Smith,28.0,30.0,True,0,0
2021_07_ATL_MIA,2021,7,REG,ATL,Arthur Smith,MIA,Brian Flores,30.0,28.0,False,1,0
2021_07_CAR_NYG,2021,7,REG,NYG,Joe Judge,CAR,Matt Rhule,25.0,3.0,True,1,0
2021_07_CAR_NYG,2021,7,REG,CAR,Matt Rhule,NYG,Joe Judge,3.0,25.0,False,0,0
2021_07_CHI_TB,2021,7,REG,TB,Bruce Arians,CHI,Matt Nagy,38.0,3.0,True,1,0
2021_07_CHI_TB,2021,7,REG,CHI,Matt Nagy,TB,Bruce Arians,3.0,38.0,False,0,0
2021_07_CIN_BAL,2021,7,REG,BAL,John Harbaugh,CIN,Zac Taylor,17.0,41.0,True,0,0
2021_07_CIN_BAL,2021,7,REG,CIN,Zac Taylor,BAL,John Harbaugh,41.0,17.0,False,1,0
2021_07_DEN_CLE,2021,7,REG,CLE,Kevin Stefanski,DEN,Vic Fangio,17.0,14.0,True,1,0
2021_07_DEN_CLE,2021,7,REG,DEN,Vic Fangio,CLE,Kevin Stefanski,14.0,17.0,False,0,0
2021_07_DET_LA,2021,7,REG,LA,Sean McVay,DET,Dan Campbell,28.0,19.0,True,1,0
2021_07_DET_LA,2021,7,REG,DET,Dan Campbell,LA,Sean McVay,19.0,28.0,False,0,0
2021_07_HOU_ARI,2021,7,REG,ARI,Kliff Kingsbury,HOU,David Culley,31.0,5.0,True,1,0
2021_07_HOU_ARI,2021,7,REG,HOU,David Culley,ARI,Kliff Kingsbury,5.0,31.0,False,0,0
2021_07_IND_SF,2021,7,REG,SF,Kyle Shanahan,IND,Frank Reich,18.0,30.0,True,0,0
2021_07_IND_SF,2021,7,REG,IND,Frank Reich,SF,Kyle Shanahan,30.0,18.0,False,1,0
2021_07_KC_TEN,2021,7,REG,TEN,Mike Vrabel,KC,Andy Reid,27.0,3.0,True,1,0
2021_07_KC_TEN,2021,7,REG,KC,Andy Reid,TEN,Mike Vrabel,3.0,27.0,False,0,0
2021_07_NO_SEA,2021,7,REG,SEA,Pete Carroll,NO,Sean Payton,10.0,13.0,True,0,0
2021_07_NO_SEA,2021,7,REG,NO,Sean Payton,SEA,Pete Carroll,13.0,10.0,False,1,0
2021_07_NYJ_NE,2021,7,REG,NE,Bill Belichick,NYJ,Robert Saleh,54.0,13.0,True,1,0
2021_07_NYJ_NE,2021,7,REG,NYJ,Robert Saleh,NE,Bill Belichick,13.0,54.0,False,0,0
2021_07_PHI_LV,2021,7,REG,LV,Rich Bisaccia,PHI,Nick Sirianni,33.0,22.0,True,1,0
2021_07_PHI_LV,2021,7,REG,PHI,Nick Sirianni,LV,Rich Bisaccia,22.0,33.0,False,0,0
2021_07_WAS_GB,2021,7,REG,GB,Matt LaFleur,WAS,Ron Rivera,24.0,10.0,True,1,0
2021_07_WAS_GB,2021,7,REG,WAS,Ron Rivera,GB,Matt LaFleur,10.0,24.0,False,0,0
2021_08_CAR_ATL,2021,8,REG,ATL,Arthur Smith,CAR,Matt Rhule,13.0,19.0,True,0,0
2021_08_CAR_ATL,2021,8,REG,CAR,Matt Rhule,ATL,Arthur Smith,19.0,13.0,False,1,0
2021_08_CIN_NYJ,2021,8,REG,NYJ,Robert Saleh,CIN,Zac Taylor,34.0,31.0,True,1,0
2021_08_CIN_NYJ,2021,8,REG,CIN,Zac Taylor,NYJ,Robert Saleh,31.0,34.0,False,0,0
2021_08_DAL_MIN,2021,8,REG,MIN,Mike Zimmer,DAL,Mike McCarthy,16.0,20.0,True,0,0
2021_08_DAL_MIN,2021,8,REG,DAL,Mike McCarthy,MIN,Mike Zimmer,20.0,16.0,False,1,0
2021_08_GB_ARI,2021,8,REG,ARI,Kliff Kingsbury,GB,Matt LaFleur,21.0,24.0,True,0,0
2021_08_GB_ARI,2021,8,REG,GB,Matt LaFleur,ARI,Kliff Kingsbury,24.0,21.0,False,1,0
2021_08_JAX_SEA,2021,8,REG,SEA,Pete Carroll,JAX,Urban Meyer,31.0,7.0,True,1,0
2021_08_JAX_SEA,2021,8,REG,JAX,Urban Meyer,SEA,Pete Carroll,7.0,31.0,False,0,0
2021_08_LA_HOU,2021,8,REG,HOU,David Culley,LA,Sean McVay,22.0,38.0,True,0,0
2021_08_LA_HOU,2021,8,REG,LA,Sean McVay,HOU,David Culley,38.0,22.0,False,1,0
2021_08_MIA_BUF,2021,8,REG,BUF,Sean McDermott,MIA,Brian Flores,26.0,11.0,True,1,0
2021_08_MIA_BUF,2021,8,REG,MIA,Brian Flores,BUF,Sean McDermott,11.0,26.0,False,0,0
2021_08_NE_LAC,2021,8,REG,LAC,Brandon Staley,NE,Bill Belichick,24.0,27.0,True,0,0
2021_08_NE_LAC,2021,8,REG,NE,Bill Belichick,LAC,Brandon Staley,27.0,24.0,False,1,0
2021_08_NYG_KC,2021,8,REG,KC,Andy Reid,NYG,Joe Judge,20.0,17.0,True,1,0
2021_08_NYG_KC,2021,8,REG,NYG,Joe Judge,KC,Andy Reid,17.0,20.0,False,0,0
2021_08_PHI_DET,2021,8,REG,DET,Dan Campbell,PHI,Nick Sirianni,6.0,44.0,True,0,0
2021_08_PHI_DET,2021,8,REG,PHI,Nick Sirianni,DET,Dan Campbell,44.0,6.0,False,1,0
2021_08_PIT_CLE,2021,8,REG,CLE,Kevin Stefanski,PIT,Mike Tomlin,10.0,15.0,True,0,0
2021_08_PIT_CLE,2021,8,REG,PIT,Mike Tomlin,CLE,Kevin Stefanski,15.0,10.0,False,1,0
2021_08_SF_CHI,2021,8,REG,CHI,Matt Nagy,SF,Kyle Shanahan,22.0,33.0,True,0,0
2021_08_SF_CHI,2021,8,REG,SF,Kyle Shanahan,CHI,Matt Nagy,33.0,22.0,False,1,0
2021_08_TB_NO,2021,8,REG,NO,Sean Payton,TB,Bruce Arians,36.0,27.0,True,1,0
2021_08_TB_NO,2021,8,REG,TB,Bruce Arians,NO,Sean Payton,27.0,36.0,False,0,0
2021_08_TEN_IND,2021,8,REG,IND,Frank Reich,TEN,Mike Vrabel,31.0,34.0,True,0,0
2021_08_TEN_IND,2021,8,REG,TEN,Mike Vrabel,IND,Frank Reich,34.0,31.0,False,1,0
2021_08_WAS_DEN,2021,8,REG,DEN,Vic Fangio,WAS,Ron Rivera,17.0,10.0,True,1,0
2021_08_WAS_DEN,2021,8,REG,WAS,Ron Rivera,DEN,Vic Fangio,10.0,17.0,False,0,0
2021_09_ARI_SF,2021,9,REG,SF,Kyle Shanahan,ARI,Kliff Kingsbury,17.0,31.0,True,0,0
2021_09_ARI_SF,2021,9,REG,ARI,Kliff Kingsbury,SF,Kyle Shanahan,31.0,17.0,False,1,0
2021_09_ATL_NO,2021,9,REG,NO,Sean Payton,ATL,Arthur Smith,25.0,27.0,True,0,0
2021_09_ATL_NO,2021,9,REG,ATL,Arthur Smith,NO,Sean Payton,27.0,25.0,False,1,0
2021_09_BUF_JAX,2021,9,REG,JAX,Urban Meyer,BUF,Sean McDermott,9.0,6.0,True,1,0
2021_09_BUF_JAX,2021,9,REG,BUF,Sean McDermott,JAX,Urban Meyer,6.0,9.0,False,0,0
2021_09_CHI_PIT,2021,9,REG,PIT,Mike Tomlin,CHI,Matt Nagy,29.0,27.0,True,1,0
2021_09_CHI_PIT,2021,9,REG,CHI,Matt Nagy,PIT,Mike Tomlin,27.0,29.0,False,0,0
2021_09_CLE_CIN,2021,9,REG,CIN,Zac Taylor,CLE,Kevin Stefanski,16.0,41.0,True,0,0
2021_09_CLE_CIN,2021,9,REG,CLE,Kevin Stefanski,CIN,Zac Taylor,41.0,16.0,False,1,0
2021_09_DEN_DAL,2021,9,REG,DAL,Mike McCarthy,DEN,Vic Fangio,16.0,30.0,True,0,0
2021_09_DEN_DAL,2021,9,REG,DEN,Vic Fangio,DAL,Mike McCarthy,30.0,16.0,False,1,0
2021_09_GB_KC,2021,9,REG,KC,Andy Reid,GB,Matt LaFleur,13.0,7.0,True,1,0
2021_09_GB_KC,2021,9,REG,GB,Matt LaFleur,KC,Andy Reid,7.0,13.0,False,0,0
2021_09_HOU_MIA,2021,9,REG,MIA,Brian Flores,HOU,David Culley,17.0,9.0,True,1,0
2021_09_HOU_MIA,2021,9,REG,HOU,David Culley,MIA,Brian Flores,9.0,17.0,False,0,0
2021_09_LAC_PHI,2021,9,REG,PHI,Nick Sirianni,LAC,Brandon Staley,24.0,27.0,True,0,0
2021_09_LAC_PHI,2021,9,REG,LAC,Brandon Staley,PHI,Nick Sirianni,27.0,24.0,False,1,0
2021_09_LV_NYG,2021,9,REG,NYG,Joe Judge,LV,Rich Bisaccia,23.0,16.0,True,1,0
2021_09_LV_NYG,2021,9,REG,LV,Rich Bisaccia,NYG,Joe Judge,16.0,23.0,False,0,0
2021_09_MIN_BAL,2021,9,REG,BAL,John Harbaugh,MIN,Mike Zimmer,34.0,31.0,True,1,0
2021_09_MIN_BAL,2021,9,REG,MIN,Mike Zimmer,BAL,John Harbaugh,31.0,34.0,False,0,0
2021_09_NE_CAR,2021,9,REG,CAR,Matt Rhule,NE,Bill Belichick,6.0,24.0,True,0,0
2021_09_NE_CAR,2021,9,REG,NE,Bill Belichick,CAR,Matt Rhule,24.0,6.0,False,1,0
2021_09_NYJ_IND,2021,9,REG,IND,Frank Reich,NYJ,Robert Saleh,45.0,30.0,True,1,0
2021_09_NYJ_IND,2021,9,REG,NYJ,Robert Saleh,IND,Frank Reich,30.0,45.0,False,0,0
2021_09_TEN_LA,2021,9,REG,LA,Sean McVay,TEN,Mike Vrabel,16.0,28.0,True,0,0
2021_09_TEN_LA,2021,9,REG,TEN,Mike Vrabel,LA,Sean McVay,28.0,16.0,False,1,0
2021_10_ATL_DAL,2021,10,REG,DAL,Mike McCarthy,ATL,Arthur Smith,43.0,3.0,True,1,0
2021_10_ATL_DAL,2021,10,REG,ATL,Arthur Smith,DAL,Mike McCarthy,3.0,43.0,False,0,0
2021_10_BAL_MIA,2021,10,REG,MIA,Brian Flores,BAL,John Harbaugh,22.0,10.0,True,1,0
2021_10_BAL_MIA,2021,10,REG,BAL,John Harbaugh,MIA,Brian Flores,10.0,22.0,False,0,0
2021_10_BUF_NYJ,2021,10,REG,NYJ,Robert Saleh,BUF,Sean McDermott,17.0,45.0,True,0,0
2021_10_BUF_NYJ,2021,10,REG,BUF,Sean McDermott,NYJ,Robert Saleh,45.0,17.0,False,1,0
2021_10_CAR_ARI,2021,10,REG,ARI,Kliff Kingsbury,CAR,Matt Rhule,10.0,34.0,True,0,0
2021_10_CAR_ARI,2021,10,REG,CAR,Matt Rhule,ARI,Kliff Kingsbury,34.0,10.0,False,1,0
2021_10_CLE_NE,2021,10,REG,NE,Bill Belichick,CLE,Kevin Stefanski,45.0,7.0,True,1,0
2021_10_CLE_NE,2021,10,REG,CLE,Kevin Stefanski,NE,Bill Belichick,7.0,45.0,False,0,0
2021_10_DET_PIT,2021,10,REG,PIT,Mike Tomlin,DET,Dan Campbell,16.0,16.0,True,0,1
2021_10_DET_PIT,2021,10,REG,DET,Dan Campbell,PIT,Mike Tomlin,16.0,16.0,False,0,1
2021_10_JAX_IND,2021,10,REG,IND,Frank Reich,JAX,Urban Meyer,23.0,17.0,True,1,0
2021_10_JAX_IND,2021,10,REG,JAX,Urban Meyer,IND,Frank Reich,17.0,23.0,False,0,0
2021_10_KC_LV,2021,10,REG,LV,Rich Bisaccia,KC,Andy Reid,14.0,41.0,True,0,0
2021_10_KC_LV,2021,10,REG,KC,Andy Reid,LV,Rich Bisaccia,41.0,14.0,False,1,0
2021_10_LA_SF,2021,10,REG,SF,Kyle Shanahan,LA,Sean McVay,31.0,10.0,True,1,0
2021_10_LA_SF,2021,10,REG,LA,Sean McVay,SF,Kyle Shanahan,10.0,31.0,False,0,0
2021_10_MIN_LAC,2021,10,REG,LAC,Brandon Staley,MIN,Mike Zimmer,20.0,27.0,True,0,0
2021_10_MIN_LAC,2021,10,REG,MIN,Mike Zimmer,LAC,Brandon Staley,27.0,20.0,False,1,0
2021_10_NO_TEN,2021,10,REG,TEN,Mike Vrabel,NO,Sean Payton,23.0,21.0,True,1,0
2021_10_NO_TEN,2021,10,REG,NO,Sean Payton,TEN,Mike Vrabel,21.0,23.0,False,0,0
2021_10_PHI_DEN,2021,10,REG,DEN,Vic Fangio,PHI,Nick Sirianni,13.0,30.0,True,0,0
2021_10_PHI_DEN,2021,10,REG,PHI,Nick Sirianni,DEN,Vic Fangio,30.0,13.0,False,1,0
2021_10_SEA_GB,2021,10,REG,GB,Matt LaFleur,SEA,Pete Carroll,17.0,0.0,True,1,0
2021_10_SEA_GB,2021,10,REG,SEA,Pete Carroll,GB,Matt LaFleur,0.0,17.0,False,0,0
2021_10_TB_WAS,2021,10,REG,WAS,Ron Rivera,TB,Bruce Arians,29.0,19.0,True,1,0
2021_10_TB_WAS,2021,10,REG,TB,Bruce Arians,WAS,Ron Rivera,19.0,29.0,False,0,0
2021_11_ARI_SEA,2021,11,REG,SEA,Pete Carroll,ARI,Kliff Kingsbury,13.0,23.0,True,0,0
2021_11_ARI_SEA,2021,11,REG,ARI,Kliff Kingsbury,SEA,Pete Carroll,23.0,13.0,False,1,0
2021_11_BAL_CHI,2021,11,REG,CHI,Matt Nagy,BAL,John Harbaugh,13.0,16.0,True,0,0
2021_11_BAL_CHI,2021,11,REG,BAL,John Harbaugh,CHI,Matt Nagy,16.0,13.0,False,1,0
2021_11_CIN_LV,2021,11,REG,LV,Rich Bisaccia,CIN,Zac Taylor,13.0,32.0,True,0,0
2021_11_CIN_LV,2021,11,REG,CIN,Zac Taylor,LV,Rich Bisaccia,32.0,13.0,False,1,0
2021_11_DAL_KC,2021,11,REG,KC,Andy Reid,DAL,Mike McCarthy,19.0,9.0,True,1,0
2021_11_DAL_KC,2021,11,REG,DAL,Mike McCarthy,KC,Andy Reid,9.0,19.0,False,0,0
2021_11_DET_CLE,2021,11,REG,CLE,Kevin Stefanski,DET,Dan Campbell,13.0,10.0,True,1,0
2021_11_DET_CLE,2021,11,REG,DET,Dan Campbell,CLE,Kevin Stefanski,10.0,13.0,False,0,0
2021_11_GB_MIN,2021,11,REG,MIN,Mike Zimmer,GB,Matt LaFleur,34.0,31.0,True,1,0
2021_11_GB_MIN,2021,11,REG,GB,Matt LaFleur,MIN,Mike Zimmer,31.0,34.0,False,0,0
2021_11_HOU_TEN,2021,11,REG,TEN,Mike Vrabel,HOU,David Culley,13.0,22.0,True,0,0
2021_11_HOU_TEN,2021,11,REG,HOU,David Culley,TEN,Mike Vrabel,22.0,13.0,False,1,0
2021_11_IND_BUF,2021,11,REG,BUF,Sean McDermott,IND,Frank Reich,15.0,41.0,True,0,0
2021_11_IND_BUF,2021,11,REG,IND,Frank Reich,BUF,Sean McDermott,41.0,15.0,False,1,0
2021_11_MIA_NYJ,2021,11,REG,NYJ,Robert Saleh,MIA,Brian Flores,17.0,24.0,True,0,0
2021_11_MIA_NYJ,2021,11,REG,MIA,Brian Flores,NYJ,Robert Saleh,24.0,17.0,False,1,0
2021_11_NE_ATL,2021,11,REG,ATL,Arthur Smith,NE,Bill Belichick,0.0,25.0,True,0,0
2021_11_NE_ATL,2021,11,REG,NE,Bill Belichick,ATL,Arthur Smith,25.0,0.0,False,1,0
2021_11_NO_PHI,2021,11,REG,PHI,Nick Sirianni,NO,Sean Payton,40.0,29.0,True,1,0
2021_11_NO_PHI,2021,11,REG,NO,Sean Payton,PHI,Nick Sirianni,29.0,40.0,False,0,0
2021_11_NYG_TB,2021,11,REG,TB,Bruce Arians,NYG,Joe Judge,30.0,10.0,True,1,0
2021_11_NYG_TB,2021,11,REG,NYG,Joe Judge,TB,Bruce Arians,10.0,30.0,False,0,0
2021_11_PIT_LAC,2021,11,REG,LAC,Brandon Staley,PIT,Mike Tomlin,41.0,37.0,True,1,0
2021_11_PIT_LAC,2021,11,REG,PIT,Mike Tomlin,LAC,Brandon Staley,37.0,41.0,False,0,0
2021_11_SF_JAX,2021,11,REG,JAX,Urban Meyer,SF,Kyle Shanahan,10.0,30.0,True,0,0
2021_11_SF_JAX,2021,11,REG,SF,Kyle Shanahan,JAX,Urban Meyer,30.0,10.0,False,1,0
2021_11_WAS_CAR,2021,11,REG,CAR,Matt Rhule,WAS,Ron Rivera,21.0,27.0,True,0,0
2021_11_WAS_CAR,2021,11,REG,WAS,Ron Rivera,CAR,Matt Rhule,27.0,21.0,False,1,0
2021_12_ATL_JAX,2021,12,REG,JAX,Urban Meyer,ATL,Arthur Smith,14.0,21.0,True,0,0
2021_12_ATL_JAX,2021,12,REG,ATL,Arthur Smith,JAX,Urban Meyer,21.0,14.0,False,1,0
2021_12_BUF_NO,2021,12,REG,NO,Sean Payton,BUF,Sean McDermott,6.0,31.0,True,0,0
2021_12_BUF_NO,2021,12,REG,BUF,Sean McDermott,NO,Sean Payton,31.0,6.0,False,1,0
2021_12_CAR_MIA,2021,12,REG,MIA,Brian Flores,CAR,Matt Rhule,33.0,10.0,True,1,0
2021_12_CAR_MIA,2021,12,REG,CAR,Matt Rhule,MIA,Brian Flores,10.0,33.0,False,0,0
2021_12_CHI_DET,2021,12,REG,DET,Dan Campbell,CHI,Matt Nagy,14.0,16.0,True,0,0
2021_12_CHI_DET,2021,12,REG,CHI,Matt Nagy,DET,Dan Campbell,16.0,14.0,False,1,0
2021_12_CLE_BAL,2021,12,REG,BAL,John Harbaugh,CLE,Kevin Stefanski,16.0,10.0,True,1,0
2021_12_CLE_BAL,2021,12,REG,CLE,Kevin Stefanski,BAL,John Harbaugh,10.0,16.0,False,0,0
2021_12_LAC_DEN,2021,12,REG,DEN,Vic Fangio,LAC,Brandon Staley,28.0,13.0,True,1,0
2021_12_LAC_DEN,2021,12,REG,LAC,Brandon Staley,DEN,Vic Fangio,13.0,28.0,False,0,0
2021_12_LA_GB,2021,12,REG,GB,Matt LaFleur,LA,Sean McVay,36.0,28.0,True,1,0
2021_12_LA_GB,2021,12,REG,LA,Sean McVay,GB,Matt LaFleur,28.0,36.0,False,0,0
2021_12_LV_DAL,2021,12,REG,DAL,Mike McCarthy,LV,Rich Bisaccia,33.0,36.0,True,0,0
2021_12_LV_DAL,2021,12,REG,LV,Rich Bisaccia,DAL,Mike McCarthy,36.0,33.0,False,1,0
2021_12_MIN_SF,2021,12,REG,SF,Kyle Shanahan,MIN,Mike Zimmer,34.0,26.0,True,1,0
2021_12_MIN_SF,2021,12,REG,MIN,Mike Zimmer,SF,Kyle Shanahan,26.0,34.0,False,0,0
2021_12_NYJ_HOU,2021,12,REG,HOU,David Culley,NYJ,Robert Saleh,14.0,21.0,True,0,0
2021_12_NYJ_HOU,2021,12,REG,NYJ,Robert Saleh,HOU,David Culley,21.0,14.0,False,1,0
2021_12_PHI_NYG,2021,12,REG,NYG,Joe Judge,PHI,Nick Sirianni,13.0,7.0,True,1,0
2021_12_PHI_NYG,2021,12,REG,PHI,Nick Sirianni,NYG,Joe Judge,7.0,13.0,False,0,0
2021_12_PIT_CIN,2021,12,REG,CIN,Zac Taylor,PIT,Mike Tomlin,41.0,10.0,True,1,0
2021_12_PIT_CIN,2021,12,REG,PIT,Mike Tomlin,CIN,Zac Taylor,10.0,41.0,False,0,0
2021_12_SEA_WAS,2021,12,REG,WAS,Ron Rivera,SEA,Pete Carroll,17.0,15.0,True,1,0
2021_12_SEA_WAS,2021,12,REG,SEA,Pete Carroll,WAS,Ron Rivera,15.0,17.0,False,0,0
2021_12_TB_IND,2021,12,REG,IND,Frank Reich,TB,Bruce Arians,31.0,38.0,True,0,0
2021_12_TB_IND,2021,12,REG,TB,Bruce Arians,IND,Frank Reich,38.0,31.0,False,1,0
2021_12_TEN_NE,2021,12,REG,NE,Bill Belichick,TEN,Mike Vrabel,36.0,13.0,True,1,0
2021_12_TEN_NE,2021,12,REG,TEN,Mike Vrabel,NE,Bill Belichick,13.0,36.0,False,0,0
2021_13_ARI_CHI,2021,13,REG,CHI,Matt Nagy,ARI,Kliff Kingsbury,22.0,33.0,True,0,0
2021_13_ARI_CHI,2021,13,REG,ARI,Kliff Kingsbury,CHI,Matt Nagy,33.0,22.0,False,1,0
2021_13_BAL_PIT,2021,13,REG,PIT,Mike Tomlin,BAL,John Harbaugh,20.0,19.0,True,1,0
2021_13_BAL_PIT,2021,13,REG,BAL,John Harbaugh,PIT,Mike Tomlin,19.0,20.0,False,0,0
2021_13_DAL_NO,2021,13,REG,NO,Sean Payton,DAL,Mike McCarthy,17.0,27.0,True,0,0
2021_13_DAL_NO,2021,13,REG,DAL,Mike McCarthy,NO,Sean Payton,27.0,17.0,False,1,0
2021_13_DEN_KC,2021,13,REG,KC,Andy Reid,DEN,Vic Fangio,22.0,9.0,True,1,0
2021_13_DEN_KC,2021,13,REG,DEN,Vic Fangio,KC,Andy Reid,9.0,22.0,False,0,0
2021_13_IND_HOU,2021,13,REG,HOU,David Culley,IND,Frank Reich,0.0,31.0,True,0,0
2021_13_IND_HOU,2021,13,REG,IND,Frank Reich,HOU,David Culley,31.0,0.0,False,1,0
2021_13_JAX_LA,2021,13,REG,LA,Sean McVay,JAX,Urban Meyer,37.0,7.0,True,1,0
2021_13_JAX_LA,2021,13,REG,JAX,Urban Meyer,LA,Sean McVay,7.0,37.0,False,0,0
2021_13_LAC_CIN,2021,13,REG,CIN,Zac Taylor,LAC,Brandon Staley,22.0,41.0,True,0,0
2021_13_LAC_CIN,2021,13,REG,LAC,Brandon Staley,CIN,Zac Taylor,41.0,22.0,False,1,0
2021_13_MIN_DET,2021,13,REG,DET,Dan Campbell,MIN,Mike Zimmer,29.0,27.0,True,1,0
2021_13_MIN_DET,2021,13,REG,MIN,Mike Zimmer,DET,Dan Campbell,27.0,29.0,False,0,0
2021_13_NE_BUF,2021,13,REG,BUF,Sean McDermott,NE,Bill Belichick,10.0,14.0,True,0,0
2021_13_NE_BUF,2021,13,REG,NE,Bill Belichick,BUF,Sean McDermott,14.0,10.0,False,1,0
2021_13_NYG_MIA,2021,13,REG,MIA,Brian Flores,NYG,Joe Judge,20.0,9.0,True,1,0
2021_13_NYG_MIA,2021,13,REG,NYG,Joe Judge,MIA,Brian Flores,9.0,20.0,False,0,0
2021_13_PHI_NYJ,2021,13,REG,NYJ,Robert Saleh,PHI,Nick Sirianni,18.0,33.0,True,0,0
2021_13_PHI_NYJ,2021,13,REG,PHI,Nick Sirianni,NYJ,Robert Saleh,33.0,18.0,False,1,0
2021_13_SF_SEA,2021,13,REG,SEA,Pete Carroll,SF,Kyle Shanahan,30.0,23.0,True,1,0
2021_13_SF_SEA,2021,13,REG,SF,Kyle Shanahan,SEA,Pete Carroll,23.0,30.0,False,0,0
2021_13_TB_ATL,2021,13,REG,ATL,Arthur Smith,TB,Bruce Arians,17.0,30.0,True,0,0
2021_13_TB_ATL,2021,13,REG,TB,Bruce Arians,ATL,Arthur Smith,30.0,17.0,False,1,0
2021_13_WAS_LV,2021,13,REG,LV,Rich Bisaccia,WAS,Ron Rivera,15.0,17.0,True,0,0
2021_13_WAS_LV,2021,13,REG,WAS,Ron Rivera,LV,Rich Bisaccia,17.0,15.0,False,1,0
2021_14_ATL_CAR,2021,14,REG,CAR,Matt Rhule,ATL,Arthur Smith,21.0,29.0,True,0,0
2021_14_ATL_CAR,2021,14,REG,ATL,Arthur Smith,CAR,Matt Rhule,29.0,21.0,False,1,0
2021_14_BAL_CLE,2021,14,REG,CLE,Kevin Stefanski,BAL,John Harbaugh,24.0,22.0,True,1,0
2021_14_BAL_CLE,2021,14,REG,BAL,John Harbaugh,CLE,Kevin Stefanski,22.0,24.0,False,0,0
2021_14_BUF_TB,2021,14,REG,TB,Bruce Arians,BUF,Sean McDermott,33.0,27.0,True,1,0
2021_14_BUF_TB,2021,14,REG,BUF,Sean McDermott,TB,Bruce Arians,27.0,33.0,False,0,0
2021_14_CHI_GB,2021,14,REG,GB,Matt LaFleur,CHI,Matt Nagy,45.0,30.0,True,1,0
2021_14_CHI_GB,2021,14,REG,CHI,Matt Nagy,GB,Matt LaFleur,30.0,45.0,False,0,0
2021_14_DAL_WAS,2021,14,REG,WAS,Ron Rivera,DAL,Mike McCarthy,20.0,27.0,True,0,0
2021_14_DAL_WAS,2021,14,REG,DAL,Mike McCarthy,WAS,Ron Rivera,27.0,20.0,False,1,0
2021_14_DET_DEN,2021,14,REG,DEN,Vic Fangio,DET,Dan Campbell,38.0,10.0,True,1,0
2021_14_DET_DEN,2021,14,REG,DET,Dan Campbell,DEN,Vic Fangio,10.0,38.0,False,0,0
2021_14_JAX_TEN,2021,14,REG,TEN,Mike Vrabel,JAX,Urban Meyer,20.0,0.0,True,1,0
2021_14_JAX_TEN,2021,14,REG,JAX,Urban Meyer,TEN,Mike Vrabel,0.0,20.0,False,0,0
2021_14_LA_ARI,2021,14,REG,ARI,Kliff Kingsbury,LA,Sean McVay,23.0,30.0,True,0,0
2021_14_LA_ARI,2021,14,REG,LA,Sean McVay,ARI,Kliff Kingsbury,30.0,23.0,False,1,0
2021_14_LV_KC,2021,14,REG,KC,Andy Reid,LV,Rich Bisaccia,48.0,9.0,True,1,0
2021_14_LV_KC,2021,14,REG,LV,Rich Bisaccia,KC,Andy Reid,9.0,48.0,False,0,0
2021_14_NO_NYJ,2021,14,REG,NYJ,Robert Saleh,NO,Sean Payton,9.0,30.0,True,0,0
2021_14_NO_NYJ,2021,14,REG,NO,Sean Payton,NYJ,Robert Saleh,30.0,9.0,False,1,0
2021_14_NYG_LAC,2021,14,REG,LAC,Brandon Staley,NYG,Joe Judge,37.0,21.0,True,1,0
2021_14_NYG_LAC,2021,14,REG,NYG,Joe Judge,LAC,Brandon Staley,21.0,37.0,False,0,0
2021_14_PIT_MIN,2021,14,REG,MIN,Mike Zimmer,PIT,Mike Tomlin,36.0,28.0,True,1,0
2021_14_PIT_MIN,2021,14,REG,PIT,Mike Tomlin,MIN,Mike Zimmer,28.0,36.0,False,0,0
2021_14_SEA_HOU,2021,14,REG,HOU,David Culley,SEA,Pete Carroll,13.0,33.0,True,0,0
2021_14_SEA_HOU,2021,14,REG,SEA,Pete Carroll,HOU,David Culley,33.0,13.0,False,1,0
2021_14_SF_CIN,2021,14,REG,CIN,Zac Taylor,SF,Kyle Shanahan,23.0,26.0,True,0,0
2021_14_SF_CIN,2021,14,REG,SF,Kyle Shanahan,CIN,Zac Taylor,26.0,23.0,False,1,0
2021_15_ARI_DET,2021,15,REG,DET,Dan Campbell,ARI,Kliff Kingsbury,30.0,12.0,True,1,0
2021_15_ARI_DET,2021,15,REG,ARI,Kliff Kingsbury,DET,Dan Campbell,12.0,30.0,False,0,0
2021_15_ATL_SF,2021,15,REG,SF,Kyle Shanahan,ATL,Arthur Smith,31.0,13.0,True,1,0
2021_15_ATL_SF,2021,15,REG,ATL,Arthur Smith,SF,Kyle Shanahan,13.0,31.0,False,0,0
2021_15_CAR_BUF,2021,15,REG,BUF,Sean McDermott,CAR,Matt Rhule,31.0,14.0,True,1,0
2021_15_CAR_BUF,2021,15,REG,CAR,Matt Rhule,BUF,Sean McDermott,14.0,31.0,False,0,0
2021_15_CIN_DEN,2021,15,REG,DEN,Vic Fangio,CIN,Zac Taylor,10.0,15.0,True,0,0
2021_15_CIN_DEN,2021,15,REG,CIN,Zac Taylor,DEN,Vic Fangio,15.0,10.0,False,1,0
2021_15_DAL_NYG,2021,15,REG,NYG,Joe Judge,DAL,Mike McCarthy,6.0,21.0,True,0,0
2021_15_DAL_NYG,2021,15,REG,DAL,Mike McCarthy,NYG,Joe Judge,21.0,6.0,False,1,0
2021_15_GB_BAL,2021,15,REG,BAL,John Harbaugh,GB,Matt LaFleur,30.0,31.0,True,0,0
2021_15_GB_BAL,2021,15,REG,GB,Matt LaFleur,BAL,John Harbaugh,31.0,30.0,False,1,0
2021_15_HOU_JAX,2021,15,REG,JAX,Darrell Bevell,HOU,David Culley,16.0,30.0,True,0,0
2021_15_HOU_JAX,2021,15,REG,HOU,David Culley,JAX,Darrell Bevell,30.0,16.0,False,1,0
2021_15_KC_LAC,2021,15,REG,LAC,Brandon Staley,KC,Andy Reid,28.0,34.0,True,0,0
2021_15_KC_LAC,2021,15,REG,KC,Andy Reid,LAC,Brandon Staley,34.0,28.0,False,1,0
2021_15_LV_CLE,2021,15,REG,CLE,Kevin Stefanski,LV,Rich Bisaccia,14.0,16.0,True,0,0
2021_15_LV_CLE,2021,15,REG,LV,Rich Bisaccia,CLE,Kevin Stefanski,16.0,14.0,False,1,0
2021_15_MIN_CHI,2021,15,REG,CHI,Matt Nagy,MIN,Mike Zimmer,9.0,17.0,True,0,0
2021_15_MIN_CHI,2021,15,REG,MIN,Mike Zimmer,CHI,Matt Nagy,17.0,9.0,False,1,0
2021_15_NE_IND,2021,15,REG,IND,Frank Reich,NE,Bill Belichick,27.0,17.0,True,1,0
2021_15_NE_IND,2021,15,REG,NE,Bill Belichick,IND,Frank Reich,17.0,27.0,False,0,0
2021_15_NO_TB,2021,15,REG,TB,Bruce Arians,NO,Sean Payton,0.0,9.0,True,0,0
2021_15_NO_TB,2021,15,REG,NO,Sean Payton,TB,Bruce Arians,9.0,0.0,False,1,0
2021_15_NYJ_MIA,2021,15,REG,MIA,Brian Flores,NYJ,Robert Saleh,31.0,24.0,True,1,0
2021_15_NYJ_MIA,2021,15,REG,NYJ,Robert Saleh,MIA,Brian Flores,24.0,31.0,False,0,0
2021_15_SEA_LA,2021,15,REG,LA,Sean McVay,SEA,Pete Carroll,20.0,10.0,True,1,0
2021_15_SEA_LA,2021,15,REG,SEA,Pete Carroll,LA,Sean McVay,10.0,20.0,False,0,0
2021_15_TEN_PIT,2021,15,REG,PIT,Mike Tomlin,TEN,Mike Vrabel,19.0,13.0,True,1,0
2021_15_TEN_PIT,2021,15,REG,TEN,Mike Vrabel,PIT,Mike Tomlin,13.0,19.0,False,0,0
2021_15_WAS_PHI,2021,15,REG,PHI,Nick Sirianni,WAS,Ron Rivera,27.0,17.0,True,1,0
2021_15_WAS_PHI,2021,15,REG,WAS,Ron Rivera,PHI,Nick Sirianni,17.0,27.0,False,0,0
2021_16_BAL_CIN,2021,16,REG,CIN,Zac Taylor,BAL,John Harbaugh,41.0,21.0,True,1,0
2021_16_BAL_CIN,2021,16,REG,BAL,John Harbaugh,CIN,Zac Taylor,21.0,41.0,False,0,0
2021_16_BUF_NE,2021,16,REG,NE,Bill Belichick,BUF,Sean McDermott,21.0,33.0,True,0,0
2021_16_BUF_NE,2021,16,REG,BUF,Sean McDermott,NE,Bill Belichick,33.0,21.0,False,1,0
2021_16_CHI_SEA,2021,16,REG,SEA,Pete Carroll,CHI,Matt Nagy,24.0,25.0,True,0,0
2021_16_CHI_SEA,2021,16,REG,CHI,Matt Nagy,SEA,Pete Carroll,25.0,24.0,False,1,0
2021_16_CLE_GB,2021,16,REG,GB,Matt LaFleur,CLE,Kevin Stefanski,24.0,22.0,True,1,0
2021_16_CLE_GB,2021,16,REG,CLE,Kevin Stefanski,GB,Matt LaFleur,22.0,24.0,False,0,0
2021_16_DEN_LV,2021,16,REG,LV,Rich Bisaccia,DEN,Vic Fangio,17.0,13.0,True,1,0
2021_16_DEN_LV,2021,16,REG,DEN,Vic Fangio,LV,Rich Bisaccia,13.0,17.0,False,0,0
2021_16_DET_ATL,2021,16,REG,ATL,Arthur Smith,DET,Dan Campbell,20.0,16.0,True,1,0
2021_16_DET_ATL,2021,16,REG,DET,Dan Campbell,ATL,Arthur Smith,16.0,20.0,False,0,0
2021_16_IND_ARI,2021,16,REG,ARI,Kliff Kingsbury,IND,Frank Reich,16.0,22.0,True,0,0
2021_16_IND_ARI,2021,16,REG,IND,Frank Reich,ARI,Kliff Kingsbury,22.0,16.0,False,1,0
2021_16_JAX_NYJ,2021,16,REG,NYJ,Robert Saleh,JAX,Darrell Bevell,26.0,21.0,True,1,0
2021_16_JAX_NYJ,2021,16,REG,JAX,Darrell Bevell,NYJ,Robert Saleh,21.0,26.0,False,0,0
2021_16_LAC_HOU,2021,16,REG,HOU,David Culley,LAC,Brandon Staley,41.0,29.0,True,1,0
2021_16_LAC_HOU,2021,16,REG,LAC,Brandon Staley,HOU,David Culley,29.0,41.0,False,0,0
2021_16_LA_MIN,2021,16,REG,MIN,Mike Zimmer,LA,Sean McVay,23.0,30.0,True,0,0
2021_16_LA_MIN,2021,16,REG,LA,Sean McVay,MIN,Mike Zimmer,30.0,23.0,False,1,0
2021_16_MIA_NO,2021,16,REG,NO,Sean Payton,MIA,Brian Flores,3.0,20.0,True,0,0
2021_16_MIA_NO,2021,16,REG,MIA,Brian Flores,NO,Sean Payton,20.0,3.0,False,1,0
2021_16_NYG_PHI,2021,16,REG,PHI,Nick Sirianni,NYG,Joe Judge,34.0,10.0,True,1,0
2021_16_NYG_PHI,2021,16,REG,NYG,Joe Judge,PHI,Nick Sirianni,10.0,34.0,False,0,0
2021_16_PIT_KC,2021,16,REG,KC,Andy Reid,PIT,Mike Tomlin,36.0,10.0,True,1,0
2021_16_PIT_KC,2021,16,REG,PIT,Mike Tomlin,KC,Andy Reid,10.0,36.0,False,0,0
2021_16_SF_TEN,2021,16,REG,TEN,Mike Vrabel,SF,Kyle Shanahan,20.0,17.0,True,1,0
2021_16_SF_TEN,2021,16,REG,SF,Kyle Shanahan,TEN,Mike Vrabel,17.0,20.0,False,0,0
2021_16_TB_CAR,2021,16,REG,CAR,Matt Rhule,TB,Bruce Arians,6.0,32.0,True,0,0
2021_16_TB_CAR,2021,16,REG,TB,Bruce Arians,CAR,Matt Rhule,32.0,6.0,False,1,0
2021_16_WAS_DAL,2021,16,REG,DAL,Mike McCarthy,WAS,Ron Rivera,56.0,14.0,True,1,0
2021_16_WAS_DAL,2021,16,REG,WAS,Ron Rivera,DAL,Mike McCarthy,14.0,56.0,False,0,0
2021_17_ARI_DAL,2021,17,REG,DAL,Mike McCarthy,ARI,Kliff Kingsbury,22.0,25.0,True,0,0
2021_17_ARI_DAL,2021,17,REG,ARI,Kliff Kingsbury,DAL,Mike McCarthy,25.0,22.0,False,1,0
2021_17_ATL_BUF,2021,17,REG,BUF,Sean McDermott,ATL,Arthur Smith,29.0,15.0,True,1,0
2021_17_ATL_BUF,2021,17,REG,ATL,Arthur Smith,BUF,Sean McDermott,15.0,29.0,False,0,0
2021_17_CAR_NO,2021,17,REG,NO,Sean Payton,CAR,Matt Rhule,18.0,10.0,True,1,0
2021_17_CAR_NO,2021,17,REG,CAR,Matt Rhule,NO,Sean Payton,10.0,18.0,False,0,0
2021_17_CLE_PIT,2021,17,REG,PIT,Mike Tomlin,CLE,Kevin Stefanski,26.0,14.0,True,1,0
2021_17_CLE_PIT,2021,17,REG,CLE,Kevin Stefanski,PIT,Mike Tomlin,14.0,26.0,False,0,0
2021_17_DEN_LAC,2021,17,REG,LAC,Brandon Staley,DEN,Vic Fangio,34.0,13.0,True,1,0
2021_17_DEN_LAC,2021,17,REG,DEN,Vic Fangio,LAC,Brandon Staley,13.0,34.0,False,0,0
2021_17_DET_SEA,2021,17,REG,SEA,Pete Carroll,DET,Dan Campbell,51.0,29.0,True,1,0
2021_17_DET_SEA,2021,17,REG,DET,Dan Campbell,SEA,Pete Carroll,29.0,51.0,False,0,0
2021_17_HOU_SF,2021,17,REG,SF,Kyle Shanahan,HOU,David Culley,23.0,7.0,True,1,0
2021_17_HOU_SF,2021,17,REG,HOU,David Culley,SF,Kyle Shanahan,7.0,23.0,False,0,0
2021_17_JAX_NE,2021,17,REG,NE,Bill Belichick,JAX,Darrell Bevell,50.0,10.0,True,1,0
2021_17_JAX_NE,2021,17,REG,JAX,Darrell Bevell,NE,Bill Belichick,10.0,50.0,False,0,0
2021_17_KC_CIN,2021,17,REG,CIN,Zac Taylor,KC,Andy Reid,34.0,31.0,True,1,0
2021_17_KC_CIN,2021,17,REG,KC,Andy Reid,CIN,Zac Taylor,31.0,34.0,False,0,0
2021_17_LA_BAL,2021,17,REG,BAL,John Harbaugh,LA,Sean McVay,19.0,20.0,True,0,0
2021_17_LA_BAL,2021,17,REG,LA,Sean McVay,BAL,John Harbaugh,20.0,19.0,False,1,0
2021_17_LV_IND,2021,17,REG,IND,Frank Reich,LV,Rich Bisaccia,20.0,23.0,True,0,0
2021_17_LV_IND,2021,17,REG,LV,Rich Bisaccia,IND,Frank Reich,23.0,20.0,False,1,0
2021_17_MIA_TEN,2021,17,REG,TEN,Mike Vrabel,MIA,Brian Flores,34.0,3.0,True,1,0
2021_17_MIA_TEN,2021,17,REG,MIA,Brian Flores,TEN,Mike Vrabel,3.0,34.0,False,0,0
2021_17_MIN_GB,2021,17,REG,GB,Matt LaFleur,MIN,Mike Zimmer,37.0,10.0,True,1,0
2021_17_MIN_GB,2021,17,REG,MIN,Mike Zimmer,GB,Matt LaFleur,10.0,37.0,False,0,0
2021_17_NYG_CHI,2021,17,REG,CHI,Matt Nagy,NYG,Joe Judge,29.0,3.0,True,1,0
2021_17_NYG_CHI,2021,17,REG,NYG,Joe Judge,CHI,Matt Nagy,3.0,29.0,False,0,0
2021_17_PHI_WAS,2021,17,REG,WAS,Ron Rivera,PHI,Nick Sirianni,16.0,20.0,True,0,0
2021_17_PHI_WAS,2021,17,REG,PHI,Nick Sirianni,WAS,Ron Rivera,20.0,16.0,False,1,0
2021_17_TB_NYJ,2021,17,REG,NYJ,Robert Saleh,TB,Bruce Arians,24.0,28.0,True,0,0
2021_17_TB_NYJ,2021,17,REG,TB,Bruce Arians,NYJ,Robert Saleh,28.0,24.0,False,1,0
2021_18_CAR_TB,2021,18,REG,TB,Bruce Arians,CAR,Matt Rhule,41.0,17.0,True,1,0
2021_18_CAR_TB,2021,18,REG,CAR,Matt Rhule,TB,Bruce Arians,17.0,41.0,False,0,0
2021_18_CHI_MIN,2021,18,REG,MIN,Mike Zimmer,CHI,Matt Nagy,31.0,17.0,True,1,0
2021_18_CHI_MIN,2021,18,REG,CHI,Matt Nagy,MIN,Mike Zimmer,17.0,31.0,False,0,0
2021_18_CIN_CLE,2021,18,REG,CLE,Kevin Stefanski,CIN,Zac Taylor,21.0,16.0,True,1,0
2021_18_CIN_CLE,2021,18,REG,CIN,Zac Taylor,CLE,Kevin Stefanski,16.0,21.0,False,0,0
2021_18_DAL_PHI,2021,18,REG,PHI,Nick Sirianni,DAL,Mike McCarthy,26.0,51.0,True,0,0
2021_18_DAL_PHI,2021,18,REG,DAL,Mike McCarthy,PHI,Nick Sirianni,51.0,26.0,False,1,0
2021_18_GB_DET,2021,18,REG,DET,Dan Campbell,GB,Matt LaFleur,37.0,30.0,True,1,0
2021_18_GB_DET,2021,18,REG,GB,Matt LaFleur,DET,Dan Campbell,30.0,37.0,False,0,0
2021_18_IND_JAX,2021,18,REG,JAX,Darrell Bevell,IND,Frank Reich,26.0,11.0,True,1,0
2021_18_IND_JAX,2021,18,REG,IND,Frank Reich,JAX,Darrell Bevell,11.0,26.0,False,0,0
2021_18_KC_DEN,2021,18,REG,DEN,Vic Fangio,KC,Andy Reid,24.0,28.0,True,0,0
2021_18_KC_DEN,2021,18,REG,KC,Andy Reid,DEN,Vic Fangio,28.0,24.0,False,1,0
2021_18_LAC_LV,2021,18,REG,LV,Rich Bisaccia,LAC,Brandon Staley,35.0,32.0,True,1,0
2021_18_LAC_LV,2021,18,REG,LAC,Brandon Staley,LV,Rich Bisaccia,32.0,35.0,False,0,0
2021_18_NE_MIA,2021,18,REG,MIA,Brian Flores,NE,Bill Belichick,33.0,24.0,True,1,0
2021_18_NE_MIA,2021,18,REG,NE,Bill Belichick,MIA,Brian Flores,24.0,33.0,False,0,0
2021_18_NO_ATL,2021,18,REG,ATL,Arthur Smith,NO,Sean Payton,20.0,30.0,True,0,0
2021_18_NO_ATL,2021,18,REG,NO,Sean Payton,ATL,Arthur Smith,30.0,20.0,False,1,0
2021_18_NYJ_BUF,2021,18,REG,BUF,Sean McDermott,NYJ,Robert Saleh,27.0,10.0,True,1,0
2021_18_NYJ_BUF,2021,18,REG,NYJ,Robert Saleh,BUF,Sean McDermott,10.0,27.0,False,0,0
2021_18_PIT_BAL,2021,18,REG,BAL,John Harbaugh,PIT,Mike Tomlin,13.0,16.0,True,0,0
2021_18_PIT_BAL,2021,18,REG,PIT,Mike Tomlin,BAL,John Harbaugh,16.0,13.0,False,1,0
2021_18_SEA_ARI,2021,18,REG,ARI,Kliff Kingsbury,SEA,Pete Carroll,30.0,38.0,True,0,0
2021_18_SEA_ARI,2021,18,REG,SEA,Pete Carroll,ARI,Kliff Kingsbury,38.0,30.0,False,1,0
2021_18_SF_LA,2021,18,REG,LA,Sean McVay,SF,Kyle Shanahan,24.0,27.0,True,0,0
2021_18_SF_LA,2021,18,REG,SF,Kyle Shanahan,LA,Sean McVay,27.0,24.0,False,1,0
2021_18_TEN_HOU,2021,18,REG,HOU,David Culley,TEN,Mike Vrabel,25.0,28.0,True,0,0
2021_18_TEN_HOU,2021,18,REG,TEN,Mike Vrabel,HOU,David Culley,28.0,25.0,False,1,0
2021_18_WAS_NYG,2021,18,REG,NYG,Joe Judge,WAS,Ron Rivera,7.0,22.0,True,0,0
2021_18_WAS_NYG,2021,18,REG,WAS,Ron Rivera,NYG,Joe Judge,22.0,7.0,False,1,0
2021_19_ARI_LA,2021,19,POST,LA,Sean McVay,ARI,Kliff Kingsbury,34.0,11.0,True,1,0
2021_19_ARI_LA,2021,19,POST,ARI,Kliff Kingsbury,LA,Sean McVay,11.0,34.0,False,0,0
2021_19_LV_CIN,2021,19,POST,CIN,Zac Taylor,LV,Rich Bisaccia,26.0,19.0,True,1,0
2021_19_LV_CIN,2021,19,POST,LV,Rich Bisaccia,CIN,Zac Taylor,19.0,26.0,False,0,0
2021_19_NE_BUF,2021,19,POST,BUF,Sean McDermott,NE,Bill Belichick,47.0,17.0,True,1,0
2021_19_NE_BUF,2021,19,POST,NE,Bill Belichick,BUF,Sean McDermott,17.0,47.0,False,0,0
2021_19_PHI_TB,2021,19,POST,TB,Bruce Arians,PHI,Nick Sirianni,31.0,15.0,True,1,0
2021_19_PHI_TB,2021,19,POST,PHI,Nick Sirianni,TB,Bruce Arians,15.0,31.0,False,0,0
2021_19_PIT_KC,2021,19,POST,KC,Andy Reid,PIT,Mike Tomlin,42.0,21.0,True,1,0
2021_19_PIT_KC,2021,19,POST,PIT,Mike Tomlin,KC,Andy Reid,21.0,42.0,False,0,0
2021_19_SF_DAL,2021,19,POST,DAL,Mike McCarthy,SF,Kyle Shanahan,17.0,23.0,True,0,0
2021_19_SF_DAL,2021,19,POST,SF,Kyle Shanahan,DAL,Mike McCarthy,23.0,17.0,False,1,0
2021_20_BUF_KC,2021,20,POST,KC,Andy Reid,BUF,Sean McDermott,42.0,36.0,True,1,0
2021_20_BUF_KC,2021,20,POST,BUF,Sean McDermott,KC,Andy Reid,36.0,42.0,False,0,0
2021_20_CIN_TEN,2021,20,POST,TEN,Mike Vrabel,CIN,Zac Taylor,16.0,19.0,True,0,0
2021_20_CIN_TEN,2021,20,POST,CIN,Zac Taylor,TEN,Mike Vrabel,19.0,16.0,False,1,0
2021_20_LA_TB,2021,20,POST,TB,Bruce Arians,LA,Sean McVay,27.0,30.0,True,0,0
2021_20_LA_TB,2021,20,POST,LA,Sean McVay,TB,Bruce Arians,30.0,27.0,False,1,0
2021_20_SF_GB,2021,20,POST,GB,Matt LaFleur,SF,Kyle Shanahan,10.0,13.0,True,0,0
2021_20_SF_GB,2021,20,POST,SF,Kyle Shanahan,GB,Matt LaFleur,13.0,10.0,False,1,0
2021_21_CIN_KC,2021,21,POST,KC,Andy Reid,CIN,Zac Taylor,24.0,27.0,True,0,0
2021_21_CIN_KC,2021,21,POST,CIN,Zac Taylor,KC,Andy Reid,27.0,24.0,False,1,0
2021_21_SF_LA,2021,21,POST,LA,Sean McVay,SF,Kyle Shanahan,20.0,17.0,True,1,0
2021_21_SF_LA,2021,21,POST,SF,Kyle Shanahan,LA,Sean McVay,17.0,20.0,False,0,0
2021_22_LA_CIN,2021,22,POST,CIN,Zac Taylor,LA,Sean McVay,20.0,23.0,True,0,0
2021_22_LA_CIN,2021,22,POST,LA,Sean McVay,CIN,Zac Taylor,23.0,20.0,False,1,0
2022_01_BAL_NYJ,2022,1,REG,NYJ,Robert Saleh,BAL,John Harbaugh,9.0,24.0,True,0,0
2022_01_BAL_NYJ,2022,1,REG,BAL,John Harbaugh,NYJ,Robert Saleh,24.0,9.0,False,1,0
2022_01_BUF_LA,2022,1,REG,LA,Sean McVay,BUF,Sean McDermott,10.0,31.0,True,0,0
2022_01_BUF_LA,2022,1,REG,BUF,Sean McDermott,LA,Sean McVay,31.0,10.0,False,1,0
2022_01_CLE_CAR,2022,1,REG,CAR,Matt Rhule,CLE,Kevin Stefanski,24.0,26.0,True,0,0
2022_01_CLE_CAR,2022,1,REG,CLE,Kevin Stefanski,CAR,Matt Rhule,26.0,24.0,False,1,0
2022_01_DEN_SEA,2022,1,REG,SEA,Pete Carroll,DEN,Nathaniel Hackett,17.0,16.0,True,1,0
2022_01_DEN_SEA,2022,1,REG,DEN,Nathaniel Hackett,SEA,Pete Carroll,16.0,17.0,False,0,0
2022_01_GB_MIN,2022,1,REG,MIN,Kevin O'Connell,GB,Matt LaFleur,23.0,7.0,True,1,0
2022_01_GB_MIN,2022,1,REG,GB,Matt LaFleur,MIN,Kevin O'Connell,7.0,23.0,False,0,0
2022_01_IND_HOU,2022,1,REG,HOU,Lovie Smith,IND,Frank Reich,20.0,20.0,True,0,1
2022_01_IND_HOU,2022,1,REG,IND,Frank Reich,HOU,Lovie Smith,20.0,20.0,False,0,1
2022_01_JAX_WAS,2022,1,REG,WAS,Ron Rivera,JAX,Doug Pederson,28.0,22.0,True,1,0
2022_01_JAX_WAS,2022,1,REG,JAX,Doug Pederson,WAS,Ron Rivera,22.0,28.0,False,0,0
2022_01_KC_ARI,2022,1,REG,ARI,Kliff Kingsbury,KC,Andy Reid,21.0,44.0,True,0,0
2022_01_KC_ARI,2022,1,REG,KC,Andy Reid,ARI,Kliff Kingsbury,44.0,21.0,False,1,0
2022_01_LV_LAC,2022,1,REG,LAC,Brandon Staley,LV,Josh McDaniels,24.0,19.0,True,1,0
2022_01_LV_LAC,2022,1,REG,LV,Josh McDaniels,LAC,Brandon Staley,19.0,24.0,False,0,0
2022_01_NE_MIA,2022,1,REG,MIA,Mike McDaniel,NE,Bill Belichick,20.0,7.0,True,1,0
2022_01_NE_MIA,2022,1,REG,NE,Bill Belichick,MIA,Mike McDaniel,7.0,20.0,False,0,0
2022_01_NO_ATL,2022,1,REG,ATL,Arthur Smith,NO,Dennis Allen,26.0,27.0,True,0,0
2022_01_NO_ATL,2022,1,REG,NO,Dennis Allen,ATL,Arthur Smith,27.0,26.0,False,1,0
2022_01_NYG_TEN,2022,1,REG,TEN,Mike Vrabel,NYG,Brian Daboll,20.0,21.0,True,0,0
2022_01_NYG_TEN,2022,1,REG,NYG,Brian Daboll,TEN,Mike Vrabel,21.0,20.0,False,1,0
2022_01_PHI_DET,2022,1,REG,DET,Dan Campbell,PHI,Nick Sirianni,35.0,38.0,True,0,0
2022_01_PHI_DET,2022,1,REG,PHI,Nick Sirianni,DET,Dan Campbell,38.0,35.0,False,1,0
2022_01_PIT_CIN,2022,1,REG,CIN,Zac Taylor,PIT,Mike Tomlin,20.0,23.0,True,0,0
2022_01_PIT_CIN,2022,1,REG,PIT,Mike Tomlin,CIN,Zac Taylor,23.0,20.0,False,1,0
2022_01_SF_CHI,2022,1,REG,CHI,Matt Eberflus,SF,Kyle Shanahan,19.0,10.0,True,1,0
2022_01_SF_CHI,2022,1,REG,SF,Kyle Shanahan,CHI,Matt Eberflus,10.0,19.0,False,0,0
2022_01_TB_DAL,2022,1,REG,DAL,Mike McCarthy,TB,Todd Bowles,3.0,19.0,True,0,0
2022_01_TB_DAL,2022,1,REG,TB,Todd Bowles,DAL,Mike McCarthy,19.0,3.0,False,1,0
2022_02_ARI_LV,2022,2,REG,LV,Josh McDaniels,ARI,Kliff Kingsbury,23.0,29.0,True,0,0
2022_02_ARI_LV,2022,2,REG,ARI,Kliff Kingsbury,LV,Josh McDaniels,29.0,23.0,False,1,0
2022_02_ATL_LA,2022,2,REG,LA,Sean McVay,ATL,Arthur Smith,31.0,27.0,True,1,0
2022_02_ATL_LA,2022,2,REG,ATL,Arthur Smith,LA,Sean McVay,27.0,31.0,False,0,0
2022_02_CAR_NYG,2022,2,REG,NYG,Brian Daboll,CAR,Matt Rhule,19.0,16.0,True,1,0
2022_02_CAR_NYG,2022,2,REG,CAR,Matt Rhule,NYG,Brian Daboll,16.0,19.0,False,0,0
2022_02_CHI_GB,2022,2,REG,GB,Matt LaFleur,CHI,Matt Eberflus,27.0,10.0,True,1,0
2022_02_CHI_GB,2022,2,REG,CHI,Matt Eberflus,GB,Matt LaFleur,10.0,27.0,False,0,0
2022_02_CIN_DAL,2022,2,REG,DAL,Mike McCarthy,CIN,Zac Taylor,20.0,17.0,True,1,0
2022_02_CIN_DAL,2022,2,REG,CIN,Zac Taylor,DAL,Mike McCarthy,17.0,20.0,False,0,0
2022_02_HOU_DEN,2022,2,REG,DEN,Nathaniel Hackett,HOU,Lovie Smith,16.0,9.0,True,1,0
2022_02_HOU_DEN,2022,2,REG,HOU,Lovie Smith,DEN,Nathaniel Hackett,9.0,16.0,False,0,0
2022_02_IND_JAX,2022,2,REG,JAX,Doug Pederson,IND,Frank Reich,24.0,0.0,True,1,0
2022_02_IND_JAX,2022,2,REG,IND,Frank Reich,JAX,Doug Pederson,0.0,24.0,False,0,0
2022_02_LAC_KC,2022,2,REG,KC,Andy Reid,LAC,Brandon Staley,27.0,24.0,True,1,0
2022_02_LAC_KC,2022,2,REG,LAC,Brandon Staley,KC,Andy Reid,24.0,27.0,False,0,0
2022_02_MIA_BAL,2022,2,REG,BAL,John Harbaugh,MIA,Mike McDaniel,38.0,42.0,True,0,0
2022_02_MIA_BAL,2022,2,REG,MIA,Mike McDaniel,BAL,John Harbaugh,42.0,38.0,False,1,0
2022_02_MIN_PHI,2022,2,REG,PHI,Nick Sirianni,MIN,Kevin O'Connell,24.0,7.0,True,1,0
2022_02_MIN_PHI,2022,2,REG,MIN,Kevin O'Connell,PHI,Nick Sirianni,7.0,24.0,False,0,0
2022_02_NE_PIT,2022,2,REG,PIT,Mike Tomlin,NE,Bill Belichick,14.0,17.0,True,0,0
2022_02_NE_PIT,2022,2,REG,NE,Bill Belichick,PIT,Mike Tomlin,17.0,14.0,False,1,0
2022_02_NYJ_CLE,2022,2,REG,CLE,Kevin Stefanski,NYJ,Robert Saleh,30.0,31.0,True,0,0
2022_02_NYJ_CLE,2022,2,REG,NYJ,Robert Saleh,CLE,Kevin Stefanski,31.0,30.0,False,1,0
2022_02_SEA_SF,2022,2,REG,SF,Kyle Shanahan,SEA,Pete Carroll,27.0,7.0,True,1,0
2022_02_SEA_SF,2022,2,REG,SEA,Pete Carroll,SF,Kyle Shanahan,7.0,27.0,False,0,0
2022_02_TB_NO,2022,2,REG,NO,Dennis Allen,TB,Todd Bowles,10.0,20.0,True,0,0
2022_02_TB_NO,2022,2,REG,TB,Todd Bowles,NO,Dennis Allen,20.0,10.0,False,1,0
2022_02_TEN_BUF,2022,2,REG,BUF,Sean McDermott,TEN,Mike Vrabel,41.0,7.0,True,1,0
2022_02_TEN_BUF,2022,2,REG,TEN,Mike Vrabel,BUF,Sean McDermott,7.0,41.0,False,0,0
2022_02_WAS_DET,2022,2,REG,DET,Dan Campbell,WAS,Ron Rivera,36.0,27.0,True,1,0
2022_02_WAS_DET,2022,2,REG,WAS,Ron Rivera,DET,Dan Campbell,27.0,36.0,False,0,0
2022_03_ATL_SEA,2022,3,REG,SEA,Pete Carroll,ATL,Arthur Smith,23.0,27.0,True,0,0
2022_03_ATL_SEA,2022,3,REG,ATL,Arthur Smith,SEA,Pete Carroll,27.0,23.0,False,1,0
2022_03_BAL_NE,2022,3,REG,NE,Bill Belichick,BAL,John Harbaugh,26.0,37.0,True,0,0
2022_03_BAL_NE,2022,3,REG,BAL,John Harbaugh,NE,Bill Belichick,37.0,26.0,False,1,0
2022_03_BUF_MIA,2022,3,REG,MIA,Mike McDaniel,BUF,Sean McDermott,21.0,19.0,True,1,0
2022_03_BUF_MIA,2022,3,REG,BUF,Sean McDermott,MIA,Mike McDaniel,19.0,21.0,False,0,0
2022_03_CIN_NYJ,2022,3,REG,NYJ,Robert Saleh,CIN,Zac Taylor,12.0,27.0,True,0,0
2022_03_CIN_NYJ,2022,3,REG,CIN,Zac Taylor,NYJ,Robert Saleh,27.0,12.0,False,1,0
2022_03_DAL_NYG,2022,3,REG,NYG,Brian Daboll,DAL,Mike McCarthy,16.0,23.0,True,0,0
2022_03_DAL_NYG,2022,3,REG,DAL,Mike McCarthy,NYG,Brian Daboll,23.0,16.0,False,1,0
2022_03_DET_MIN,2022,3,REG,MIN,Kevin O'Connell,DET,Dan Campbell,28.0,24.0,True,1,0
2022_03_DET_MIN,2022,3,REG,DET,Dan Campbell,MIN,Kevin O'Connell,24.0,28.0,False,0,0
2022_03_GB_TB,2022,3,REG,TB,Todd Bowles,GB,Matt LaFleur,12.0,14.0,True,0,0
2022_03_GB_TB,2022,3,REG,GB,Matt LaFleur,TB,Todd Bowles,14.0,12.0,False,1,0
2022_03_HOU_CHI,2022,3,REG,CHI,Matt Eberflus,HOU,Lovie Smith,23.0,20.0,True,1,0
2022_03_HOU_CHI,2022,3,REG,HOU,Lovie Smith,CHI,Matt Eberflus,20.0,23.0,False,0,0
2022_03_JAX_LAC,2022,3,REG,LAC,Brandon Staley,JAX,Doug Pederson,10.0,38.0,True,0,0
2022_03_JAX_LAC,2022,3,REG,JAX,Doug Pederson,LAC,Brandon Staley,38.0,10.0,False,1,0
2022_03_KC_IND,2022,3,REG,IND,Frank Reich,KC,Andy Reid,20.0,17.0,True,1,0
2022_03_KC_IND,2022,3,REG,KC,Andy Reid,IND,Frank Reich,17.0,20.0,False,0,0
2022_03_LA_ARI,2022,3,REG,ARI,Kliff Kingsbury,LA,Sean McVay,12.0,20.0,True,0,0
2022_03_LA_ARI,2022,3,REG,LA,Sean McVay,ARI,Kliff Kingsbury,20.0,12.0,False,1,0
2022_03_LV_TEN,2022,3,REG,TEN,Mike Vrabel,LV,Josh McDaniels,24.0,22.0,True,1,0
2022_03_LV_TEN,2022,3,REG,LV,Josh McDaniels,TEN,Mike Vrabel,22.0,24.0,False,0,0
2022_03_NO_CAR,2022,3,REG,CAR,Matt Rhule,NO,Dennis Allen,22.0,14.0,True,1,0
2022_03_NO_CAR,2022,3,REG,NO,Dennis Allen,CAR,Matt Rhule,14.0,22.0,False,0,0
2022_03_PHI_WAS,2022,3,REG,WAS,Ron Rivera,PHI,Nick Sirianni,8.0,24.0,True,0,0
2022_03_PHI_WAS,2022,3,REG,PHI,Nick Sirianni,WAS,Ron Rivera,24.0,8.0,False,1,0
2022_03_PIT_CLE,2022,3,REG,CLE,Kevin Stefanski,PIT,Mike Tomlin,29.0,17.0,True,1,0
2022_03_PIT_CLE,2022,3,REG,PIT,Mike Tomlin,CLE,Kevin Stefanski,17.0,29.0,False,0,0
2022_03_SF_DEN,2022,3,REG,DEN,Nathaniel Hackett,SF,Kyle Shanahan,11.0,10.0,True,1,0
2022_03_SF_DEN,2022,3,REG,SF,Kyle Shanahan,DEN,Nathaniel Hackett,10.0,11.0,False,0,0
2022_04_ARI_CAR,2022,4,REG,CAR,Matt Rhule,ARI,Kliff Kingsbury,16.0,26.0,True,0,0
2022_04_ARI_CAR,2022,4,REG,ARI,Kliff Kingsbury,CAR,Matt Rhule,26.0,16.0,False,1,0
2022_04_BUF_BAL,2022,4,REG,BAL,John Harbaugh,BUF,Sean McDermott,20.0,23.0,True,0,0
2022_04_BUF_BAL,2022,4,REG,BUF,Sean McDermott,BAL,John Harbaugh,23.0,20.0,False,1,0
2022_04_CHI_NYG,2022,4,REG,NYG,Brian Daboll,CHI,Matt Eberflus,20.0,12.0,True,1,0
2022_04_CHI_NYG,2022,4,REG,CHI,Matt Eberflus,NYG,Brian Daboll,12.0,20.0,False,0,0
2022_04_CLE_ATL,2022,4,REG,ATL,Arthur Smith,CLE,Kevin Stefanski,23.0,20.0,True,1,0
2022_04_CLE_ATL,2022,4,REG,CLE,Kevin Stefanski,ATL,Arthur Smith,20.0,23.0,False,0,0
2022_04_DEN_LV,2022,4,REG,LV,Josh McDaniels,DEN,Nathaniel Hackett,32.0,23.0,True,1,0
2022_04_DEN_LV,2022,4,REG,DEN,Nathaniel Hackett,LV,Josh McDaniels,23.0,32.0,False,0,0
2022_04_JAX_PHI,2022,4,REG,PHI,Nick Sirianni,JAX,Doug Pederson,29.0,21.0,True,1,0
2022_04_JAX_PHI,2022,4,REG,JAX,Doug Pederson,PHI,Nick Sirianni,21.0,29.0,False,0,0
2022_04_KC_TB,2022,4,REG,TB,Todd Bowles,KC,Andy Reid,31.0,41.0,True,0,0
2022_04_KC_TB,2022,4,REG,KC,Andy Reid,TB,Todd Bowles,41.0,31.0,False,1,0
2022_04_LAC_HOU,2022,4,REG,HOU,Lovie Smith,LAC,Brandon Staley,24.0,34.0,True,0,0
2022_04_LAC_HOU,2022,4,REG,LAC,Brandon Staley,HOU,Lovie Smith,34.0,24.0,False,1,0
2022_04_LA_SF,2022,4,REG,SF,Kyle Shanahan,LA,Sean McVay,24.0,9.0,True,1,0
2022_04_LA_SF,2022,4,REG,LA,Sean McVay,SF,Kyle Shanahan,9.0,24.0,False,0,0
2022_04_MIA_CIN,2022,4,REG,CIN,Zac Taylor,MIA,Mike McDaniel,27.0,15.0,True,1,0
2022_04_MIA_CIN,2022,4,REG,MIA,Mike McDaniel,CIN,Zac Taylor,15.0,27.0,False,0,0
2022_04_MIN_NO,2022,4,REG,NO,Dennis Allen,MIN,Kevin O'Connell,25.0,28.0,True,0,0
2022_04_MIN_NO,2022,4,REG,MIN,Kevin O'Connell,NO,Dennis Allen,28.0,25.0,False,1,0
2022_04_NE_GB,2022,4,REG,GB,Matt LaFleur,NE,Bill Belichick,27.0,24.0,True,1,0
2022_04_NE_GB,2022,4,REG,NE,Bill Belichick,GB,Matt LaFleur,24.0,27.0,False,0,0
2022_04_NYJ_PIT,2022,4,REG,PIT,Mike Tomlin,NYJ,Robert Saleh,20.0,24.0,True,0,0
2022_04_NYJ_PIT,2022,4,REG,NYJ,Robert Saleh,PIT,Mike Tomlin,24.0,20.0,False,1,0
2022_04_SEA_DET,2022,4,REG,DET,Dan Campbell,SEA,Pete Carroll,45.0,48.0,True,0,0
2022_04_SEA_DET,2022,4,REG,SEA,Pete Carroll,DET,Dan Campbell,48.0,45.0,False,1,0
2022_04_TEN_IND,2022,4,REG,IND,Frank Reich,TEN,Mike Vrabel,17.0,24.0,True,0,0
2022_04_TEN_IND,2022,4,REG,TEN,Mike Vrabel,IND,Frank Reich,24.0,17.0,False,1,0
2022_04_WAS_DAL,2022,4,REG,DAL,Mike McCarthy,WAS,Ron Rivera,25.0,10.0,True,1,0
2022_04_WAS_DAL,2022,4,REG,WAS,Ron Rivera,DAL,Mike McCarthy,10.0,25.0,False,0,0
2022_05_ATL_TB,2022,5,REG,TB,Todd Bowles,ATL,Arthur Smith,21.0,15.0,True,1,0
2022_05_ATL_TB,2022,5,REG,ATL,Arthur Smith,TB,Todd Bowles,15.0,21.0,False,0,0
2022_05_CHI_MIN,2022,5,REG,MIN,Kevin O'Connell,CHI,Matt Eberflus,29.0,22.0,True,1,0
2022_05_CHI_MIN,2022,5,REG,CHI,Matt Eberflus,MIN,Kevin O'Connell,22.0,29.0,False,0,0
2022_05_CIN_BAL,2022,5,REG,BAL,John Harbaugh,CIN,Zac Taylor,19.0,17.0,True,1,0
2022_05_CIN_BAL,2022,5,REG,CIN,Zac Taylor,BAL,John Harbaugh,17.0,19.0,False,0,0
2022_05_DAL_LA,2022,5,REG,LA,Sean McVay,DAL,Mike McCarthy,10.0,22.0,True,0,0
2022_05_DAL_LA,2022,5,REG,DAL,Mike McCarthy,LA,Sean McVay,22.0,10.0,False,1,0
2022_05_DET_NE,2022,5,REG,NE,Bill Belichick,DET,Dan Campbell,29.0,0.0,True,1,0
2022_05_DET_NE,2022,5,REG,DET,Dan Campbell,NE,Bill Belichick,0.0,29.0,False,0,0
2022_05_HOU_JAX,2022,5,REG,JAX,Doug Pederson,HOU,Lovie Smith,6.0,13.0,True,0,0
2022_05_HOU_JAX,2022,5,REG,HOU,Lovie Smith,JAX,Doug Pederson,13.0,6.0,False,1,0
2022_05_IND_DEN,2022,5,REG,DEN,Nathaniel Hackett,IND,Frank Reich,9.0,12.0,True,0,0
2022_05_IND_DEN,2022,5,REG,IND,Frank Reich,DEN,Nathaniel Hackett,12.0,9.0,False,1,0
2022_05_LAC_CLE,2022,5,REG,CLE,Kevin Stefanski,LAC,Brandon Staley,28.0,30.0,True,0,0
2022_05_LAC_CLE,2022,5,REG,LAC,Brandon Staley,CLE,Kevin Stefanski,30.0,28.0,False,1,0
2022_05_LV_KC,2022,5,REG,KC,Andy Reid,LV,Josh McDaniels,30.0,29.0,True,1,0
2022_05_LV_KC,2022,5,REG,LV,Josh McDaniels,KC,Andy Reid,29.0,30.0,False,0,0
2022_05_MIA_NYJ,2022,5,REG,NYJ,Robert Saleh,MIA,Mike McDaniel,40.0,17.0,True,1,0
2022_05_MIA_NYJ,2022,5,REG,MIA,Mike McDaniel,NYJ,Robert Saleh,17.0,40.0,False,0,0
2022_05_NYG_GB,2022,5,REG,GB,Matt LaFleur,NYG,Brian Daboll,22.0,27.0,True,0,0
2022_05_NYG_GB,2022,5,REG,NYG,Brian Daboll,GB,Matt LaFleur,27.0,22.0,False,1,0
2022_05_PHI_ARI,2022,5,REG,ARI,Kliff Kingsbury,PHI,Nick Sirianni,17.0,20.0,True,0,0
2022_05_PHI_ARI,2022,5,REG,PHI,Nick Sirianni,ARI,Kliff Kingsbury,20.0,17.0,False,1,0
2022_05_PIT_BUF,2022,5,REG,BUF,Sean McDermott,PIT,Mike Tomlin,38.0,3.0,True,1,0
2022_05_PIT_BUF,2022,5,REG,PIT,Mike Tomlin,BUF,Sean McDermott,3.0,38.0,False,0,0
2022_05_SEA_NO,2022,5,REG,NO,Dennis Allen,SEA,Pete Carroll,39.0,32.0,True,1,0
2022_05_SEA_NO,2022,5,REG,SEA,Pete Carroll,NO,Dennis Allen,32.0,39.0,False,0,0
2022_05_SF_CAR,2022,5,REG,CAR,Matt Rhule,SF,Kyle Shanahan,15.0,37.0,True,0,0
2022_05_SF_CAR,2022,5,REG,SF,Kyle Shanahan,CAR,Matt Rhule,37.0,15.0,False,1,0
2022_05_TEN_WAS,2022,5,REG,WAS,Ron Rivera,TEN,Mike Vrabel,17.0,21.0,True,0,0
2022_05_TEN_WAS,2022,5,REG,TEN,Mike Vrabel,WAS,Ron Rivera,21.0,17.0,False,1,0
2022_06_ARI_SEA,2022,6,REG,SEA,Pete Carroll,ARI,Kliff Kingsbury,19.0,9.0,True,1,0
2022_06_ARI_SEA,2022,6,REG,ARI,Kliff Kingsbury,SEA,Pete Carroll,9.0,19.0,False,0,0
2022_06_BAL_NYG,2022,6,REG,NYG,Brian Daboll,BAL,John Harbaugh,24.0,20.0,True,1,0
2022_06_BAL_NYG,2022,6,REG,BAL,John Harbaugh,NYG,Brian Daboll,20.0,24.0,False,0,0
2022_06_BUF_KC,2022,6,REG,KC,Andy Reid,BUF,Sean McDermott,20.0,24.0,True,0,0
2022_06_BUF_KC,2022,6,REG,BUF,Sean McDermott,KC,Andy Reid,24.0,20.0,False,1,0
2022_06_CAR_LA,2022,6,REG,LA,Sean McVay,CAR,Steve Wilks,24.0,10.0,True,1,0
2022_06_CAR_LA,2022,6,REG,CAR,Steve Wilks,LA,Sean McVay,10.0,24.0,False,0,0
2022_06_CIN_NO,2022,6,REG,NO,Dennis Allen,CIN,Zac Taylor,26.0,30.0,True,0,0
2022_06_CIN_NO,2022,6,REG,CIN,Zac Taylor,NO,Dennis Allen,30.0,26.0,False,1,0
2022_06_DAL_PHI,2022,6,REG,PHI,Nick Sirianni,DAL,Mike McCarthy,26.0,17.0,True,1,0
2022_06_DAL_PHI,2022,6,REG,DAL,Mike McCarthy,PHI,Nick Sirianni,17.0,26.0,False,0,0
2022_06_DEN_LAC,2022,6,REG,LAC,Brandon Staley,DEN,Nathaniel Hackett,19.0,16.0,True,1,0
2022_06_DEN_LAC,2022,6,REG,DEN,Nathaniel Hackett,LAC,Brandon Staley,16.0,19.0,False,0,0
2022_06_JAX_IND,2022,6,REG,IND,Frank Reich,JAX,Doug Pederson,34.0,27.0,True,1,0
2022_06_JAX_IND,2022,6,REG,JAX,Doug Pederson,IND,Frank Reich,27.0,34.0,False,0,0
2022_06_MIN_MIA,2022,6,REG,MIA,Mike McDaniel,MIN,Kevin O'Connell,16.0,24.0,True,0,0
2022_06_MIN_MIA,2022,6,REG,MIN,Kevin O'Connell,MIA,Mike McDaniel,24.0,16.0,False,1,0
2022_06_NE_CLE,2022,6,REG,CLE,Kevin Stefanski,NE,Bill Belichick,15.0,38.0,True,0,0
2022_06_NE_CLE,2022,6,REG,NE,Bill Belichick,CLE,Kevin Stefanski,38.0,15.0,False,1,0
2022_06_NYJ_GB,2022,6,REG,GB,Matt LaFleur,NYJ,Robert Saleh,10.0,27.0,True,0,0
2022_06_NYJ_GB,2022,6,REG,NYJ,Robert Saleh,GB,Matt LaFleur,27.0,10.0,False,1,0
2022_06_SF_ATL,2022,6,REG,ATL,Arthur Smith,SF,Kyle Shanahan,28.0,14.0,True,1,0
2022_06_SF_ATL,2022,6,REG,SF,Kyle Shanahan,ATL,Arthur Smith,14.0,28.0,False,0,0
2022_06_TB_PIT,2022,6,REG,PIT,Mike Tomlin,TB,Todd Bowles,20.0,18.0,True,1,0
2022_06_TB_PIT,2022,6,REG,TB,Todd Bowles,PIT,Mike Tomlin,18.0,20.0,False,0,0
2022_06_WAS_CHI,2022,6,REG,CHI,Matt Eberflus,WAS,Ron Rivera,7.0,12.0,True,0,0
2022_06_WAS_CHI,2022,6,REG,WAS,Ron Rivera,CHI,Matt Eberflus,12.0,7.0,False,1,0
2022_07_ATL_CIN,2022,7,REG,CIN,Zac Taylor,ATL,Arthur Smith,35.0,17.0,True,1,0
2022_07_ATL_CIN,2022,7,REG,ATL,Arthur Smith,CIN,Zac Taylor,17.0,35.0,False,0,0
2022_07_CHI_NE,2022,7,REG,NE,Bill Belichick,CHI,Matt Eberflus,14.0,33.0,True,0,0
2022_07_CHI_NE,2022,7,REG,CHI,Matt Eberflus,NE,Bill Belichick,33.0,14.0,False,1,0
2022_07_CLE_BAL,2022,7,REG,BAL,John Harbaugh,CLE,Kevin Stefanski,23.0,20.0,True,1,0
2022_07_CLE_BAL,2022,7,REG,CLE,Kevin Stefanski,BAL,John Harbaugh,20.0,23.0,False,0,0
2022_07_DET_DAL,2022,7,REG,DAL,Mike McCarthy,DET,Dan Campbell,24.0,6.0,True,1,0
2022_07_DET_DAL,2022,7,REG,DET,Dan Campbell,DAL,Mike McCarthy,6.0,24.0,False,0,0
2022_07_GB_WAS,2022,7,REG,WAS,Ron Rivera,GB,Matt LaFleur,23.0,21.0,True,1,0
2022_07_GB_WAS,2022,7,REG,GB,Matt LaFleur,WAS,Ron Rivera,21.0,23.0,False,0,0
2022_07_HOU_LV,2022,7,REG,LV,Josh McDaniels,HOU,Lovie Smith,38.0,20.0,True,1,0
2022_07_HOU_LV,2022,7,REG,HOU,Lovie Smith,LV,Josh McDaniels,20.0,38.0,False,0,0
2022_07_IND_TEN,2022,7,REG,TEN,Mike Vrabel,IND,Frank Reich,19.0,10.0,True,1,0
2022_07_IND_TEN,2022,7,REG,IND,Frank Reich,TEN,Mike Vrabel,10.0,19.0,False,0,0
2022_07_KC_SF,2022,7,REG,SF,Kyle Shanahan,KC,Andy Reid,23.0,44.0,True,0,0
2022_07_KC_SF,2022,7,REG,KC,Andy Reid,SF,Kyle Shanahan,44.0,23.0,False,1,0
2022_07_NO_ARI,2022,7,REG,ARI,Kliff Kingsbury,NO,Dennis Allen,42.0,34.0,True,1,0
2022_07_NO_ARI,2022,7,REG,NO,Dennis Allen,ARI,Kliff Kingsbury,34.0,42.0,False,0,0
2022_07_NYG_JAX,2022,7,REG,JAX,Doug Pederson,NYG,Brian Daboll,17.0,23.0,True,0,0
2022_07_NYG_JAX,2022,7,REG,NYG,Brian Daboll,JAX,Doug Pederson,23.0,17.0,False,1,0
2022_07_NYJ_DEN,2022,7,REG,DEN,Nathaniel Hackett,NYJ,Robert Saleh,9.0,16.0,True,0,0
2022_07_NYJ_DEN,2022,7,REG,NYJ,Robert Saleh,DEN,Nathaniel Hackett,16.0,9.0,False,1,0
2022_07_PIT_MIA,2022,7,REG,MIA,Mike McDaniel,PIT,Mike Tomlin,16.0,10.0,True,1,0
2022_07_PIT_MIA,2022,7,REG,PIT,Mike Tomlin,MIA,Mike McDaniel,10.0,16.0,False,0,0
2022_07_SEA_LAC,2022,7,REG,LAC,Brandon Staley,SEA,Pete Carroll,23.0,37.0,True,0,0
2022_07_SEA_LAC,2022,7,REG,SEA,Pete Carroll,LAC,Brandon Staley,37.0,23.0,False,1,0
2022_07_TB_CAR,2022,7,REG,CAR,Steve Wilks,TB,Todd Bowles,21.0,3.0,True,1,0
2022_07_TB_CAR,2022,7,REG,TB,Todd Bowles,CAR,Steve Wilks,3.0,21.0,False,0,0
2022_08_ARI_MIN,2022,8,REG,MIN,Kevin O'Connell,ARI,Kliff Kingsbury,34.0,26.0,True,1,0
2022_08_ARI_MIN,2022,8,REG,ARI,Kliff Kingsbury,MIN,Kevin O'Connell,26.0,34.0,False,0,0
2022_08_BAL_TB,2022,8,REG,TB,Todd Bowles,BAL,John Harbaugh,22.0,27.0,True,0,0
2022_08_BAL_TB,2022,8,REG,BAL,John Harbaugh,TB,Todd Bowles,27.0,22.0,False,1,0
2022_08_CAR_ATL,2022,8,REG,ATL,Arthur Smith,CAR,Steve Wilks,37.0,34.0,True,1,0
2022_08_CAR_ATL,2022,8,REG,CAR,Steve Wilks,ATL,Arthur Smith,34.0,37.0,False,0,0
2022_08_CHI_DAL,2022,8,REG,DAL,Mike McCarthy,CHI,Matt Eberflus,49.0,29.0,True,1,0
2022_08_CHI_DAL,2022,8,REG,CHI,Matt Eberflus,DAL,Mike McCarthy,29.0,49.0,False,0,0
2022_08_CIN_CLE,2022,8,REG,CLE,Kevin Stefanski,CIN,Zac Taylor,32.0,13.0,True,1,0
2022_08_CIN_CLE,2022,8,REG,CIN,Zac Taylor,CLE,Kevin Stefanski,13.0,32.0,False,0,0
2022_08_DEN_JAX,2022,8,REG,JAX,Doug Pederson,DEN,Nathaniel Hackett,17.0,21.0,True,0,0
2022_08_DEN_JAX,2022,8,REG,DEN,Nathaniel Hackett,JAX,Doug Pederson,21.0,17.0,False,1,0
2022_08_GB_BUF,2022,8,REG,BUF,Sean McDermott,GB,Matt LaFleur,27.0,17.0,True,1,0
2022_08_GB_BUF,2022,8,REG,GB,Matt LaFleur,BUF,Sean McDermott,17.0,27.0,False,0,0
2022_08_LV_NO,2022,8,REG,NO,Dennis Allen,LV,Josh McDaniels,24.0,0.0,True,1,0
2022_08_LV_NO,2022,8,REG,LV,Josh McDaniels,NO,Dennis Allen,0.0,24.0,False,0,0
2022_08_MIA_DET,2022,8,REG,DET,Dan Campbell,MIA,Mike McDaniel,27.0,31.0,True,0,0
2022_08_MIA_DET,2022,8,REG,MIA,Mike McDaniel,DET,Dan Campbell,31.0,27.0,False,1,0
2022_08_NE_NYJ,2022,8,REG,NYJ,Robert Saleh,NE,Bill Belichick,17.0,22.0,True,0,0
2022_08_NE_NYJ,2022,8,REG,NE,Bill Belichick,NYJ,Robert Saleh,22.0,17.0,False,1,0
2022_08_NYG_SEA,2022,8,REG,SEA,Pete Carroll,NYG,Brian Daboll,27.0,13.0,True,1,0
2022_08_NYG_SEA,2022,8,REG,NYG,Brian Daboll,SEA,Pete Carroll,13.0,27.0,False,0,0
2022_08_PIT_PHI,2022,8,REG,PHI,Nick Sirianni,PIT,Mike Tomlin,35.0,13.0,True,1,0
2022_08_PIT_PHI,2022,8,REG,PIT,Mike Tomlin,PHI,Nick Sirianni,13.0,35.0,False,0,0
2022_08_SF_LA,2022,8,REG,LA,Sean McVay,SF,Kyle Shanahan,14.0,31.0,True,0,0
2022_08_SF_LA,2022,8,REG,SF,Kyle Shanahan,LA,Sean McVay,31.0,14.0,False,1,0
2022_08_TEN_HOU,2022,8,REG,HOU,Lovie Smith,TEN,Mike Vrabel,10.0,17.0,True,0,0
2022_08_TEN_HOU,2022,8,REG,TEN,Mike Vrabel,HOU,Lovie Smith,17.0,10.0,False,1,0
2022_08_WAS_IND,2022,8,REG,IND,Frank Reich,WAS,Ron Rivera,16.0,17.0,True,0,0
2022_08_WAS_IND,2022,8,REG,WAS,Ron Rivera,IND,Frank Reich,17.0,16.0,False,1,0
2022_09_BAL_NO,2022,9,REG,NO,Dennis Allen,BAL,John Harbaugh,13.0,27.0,True,0,0
2022_09_BAL_NO,2022,9,REG,BAL,John Harbaugh,NO,Dennis Allen,27.0,13.0,False,1,0
2022_09_BUF_NYJ,2022,9,REG,NYJ,Robert Saleh,BUF,Sean McDermott,20.0,17.0,True,1,0
2022_09_BUF_NYJ,2022,9,REG,BUF,Sean McDermott,NYJ,Robert Saleh,17.0,20.0,False,0,0
2022_09_CAR_CIN,2022,9,REG,CIN,Zac Taylor,CAR,Steve Wilks,42.0,21.0,True,1,0
2022_09_CAR_CIN,2022,9,REG,CAR,Steve Wilks,CIN,Zac Taylor,21.0,42.0,False,0,0
2022_09_GB_DET,2022,9,REG,DET,Dan Campbell,GB,Matt LaFleur,15.0,9.0,True,1,0
2022_09_GB_DET,2022,9,REG,GB,Matt LaFleur,DET,Dan Campbell,9.0,15.0,False,0,0
2022_09_IND_NE,2022,9,REG,NE,Bill Belichick,IND,Frank Reich,26.0,3.0,True,1,0
2022_09_IND_NE,2022,9,REG,IND,Frank Reich,NE,Bill Belichick,3.0,26.0,False,0,0
2022_09_LAC_ATL,2022,9,REG,ATL,Arthur Smith,LAC,Brandon Staley,17.0,20.0,True,0,0
2022_09_LAC_ATL,2022,9,REG,LAC,Brandon Staley,ATL,Arthur Smith,20.0,17.0,False,1,0
2022_09_LA_TB,2022,9,REG,TB,Todd Bowles,LA,Sean McVay,16.0,13.0,True,1,0
2022_09_LA_TB,2022,9,REG,LA,Sean McVay,TB,Todd Bowles,13.0,16.0,False,0,0
2022_09_LV_JAX,2022,9,REG,JAX,Doug Pederson,LV,Josh McDaniels,27.0,20.0,True,1,0
2022_09_LV_JAX,2022,9,REG,LV,Josh McDaniels,JAX,Doug Pederson,20.0,27.0,False,0,0
2022_09_MIA_CHI,2022,9,REG,CHI,Matt Eberflus,MIA,Mike McDaniel,32.0,35.0,True,0,0
2022_09_MIA_CHI,2022,9,REG,MIA,Mike McDaniel,CHI,Matt Eberflus,35.0,32.0,False,1,0
2022_09_MIN_WAS,2022,9,REG,WAS,Ron Rivera,MIN,Kevin O'Connell,17.0,20.0,True,0,0
2022_09_MIN_WAS,2022,9,REG,MIN,Kevin O'Connell,WAS,Ron Rivera,20.0,17.0,False,1,0
2022_09_PHI_HOU,2022,9,REG,HOU,Lovie Smith,PHI,Nick Sirianni,17.0,29.0,True,0,0
2022_09_PHI_HOU,2022,9,REG,PHI,Nick Sirianni,HOU,Lovie Smith,29.0,17.0,False,1,0
2022_09_SEA_ARI,2022,9,REG,ARI,Kliff Kingsbury,SEA,Pete Carroll,21.0,31.0,True,0,0
2022_09_SEA_ARI,2022,9,REG,SEA,Pete Carroll,ARI,Kliff Kingsbury,31.0,21.0,False,1,0
2022_09_TEN_KC,2022,9,REG,KC,Andy Reid,TEN,Mike Vrabel,20.0,17.0,True,1,0
2022_09_TEN_KC,2022,9,REG,TEN,Mike Vrabel,KC,Andy Reid,17.0,20.0,False,0,0
2022_10_ARI_LA,2022,10,REG,LA,Sean McVay,ARI,Kliff Kingsbury,17.0,27.0,True,0,0
2022_10_ARI_LA,2022,10,REG,ARI,Kliff Kingsbury,LA,Sean McVay,27.0,17.0,False,1,0
2022_10_ATL_CAR,2022,10,REG,CAR,Steve Wilks,ATL,Arthur Smith,25.0,15.0,True,1,0
2022_10_ATL_CAR,2022,10,REG,ATL,Arthur Smith,CAR,Steve Wilks,15.0,25.0,False,0,0
2022_10_CLE_MIA,2022,10,REG,MIA,Mike McDaniel,CLE,Kevin Stefanski,39.0,17.0,True,1,0
2022_10_CLE_MIA,2022,10,REG,CLE,Kevin Stefanski,MIA,Mike McDaniel,17.0,39.0,False,0,0
2022_10_DAL_GB,2022,10,REG,GB,Matt LaFleur,DAL,Mike McCarthy,31.0,28.0,True,1,0
2022_10_DAL_GB,2022,10,REG,DAL,Mike McCarthy,GB,Matt LaFleur,28.0,31.0,False,0,0
2022_10_DEN_TEN,2022,10,REG,TEN,Mike Vrabel,DEN,Nathaniel Hackett,17.0,10.0,True,1,0
2022_10_DEN_TEN,2022,10,REG,DEN,Nathaniel Hackett,TEN,Mike Vrabel,10.0,17.0,False,0,0
2022_10_DET_CHI,2022,10,REG,CHI,Matt Eberflus,DET,Dan Campbell,30.0,31.0,True,0,0
2022_10_DET_CHI,2022,10,REG,DET,Dan Campbell,CHI,Matt Eberflus,31.0,30.0,False,1,0
2022_10_HOU_NYG,2022,10,REG,NYG,Brian Daboll,HOU,Lovie Smith,24.0,16.0,True,1,0
2022_10_HOU_NYG,2022,10,REG,HOU,Lovie Smith,NYG,Brian Daboll,16.0,24.0,False,0,0
2022_10_IND_LV,2022,10,REG,LV,Josh McDaniels,IND,Jeff Saturday,20.0,25.0,True,0,0
2022_10_IND_LV,2022,10,REG,IND,Jeff Saturday,LV,Josh McDaniels,25.0,20.0,False,1,0
2022_10_JAX_KC,2022,10,REG,KC,Andy Reid,JAX,Doug Pederson,27.0,17.0,True,1,0
2022_10_JAX_KC,2022,10,REG,JAX,Doug Pederson,KC,Andy Reid,17.0,27.0,False,0,0
2022_10_LAC_SF,2022,10,REG,SF,Kyle Shanahan,LAC,Brandon Staley,22.0,16.0,True,1,0
2022_10_LAC_SF,2022,10,REG,LAC,Brandon Staley,SF,Kyle Shanahan,16.0,22.0,False,0,0
2022_10_MIN_BUF,2022,10,REG,BUF,Sean McDermott,MIN,Kevin O'Connell,30.0,33.0,True,0,0
2022_10_MIN_BUF,2022,10,REG,MIN,Kevin O'Connell,BUF,Sean McDermott,33.0,30.0,False,1,0
2022_10_NO_PIT,2022,10,REG,PIT,Mike Tomlin,NO,Dennis Allen,20.0,10.0,True,1,0
2022_10_NO_PIT,2022,10,REG,NO,Dennis Allen,PIT,Mike Tomlin,10.0,20.0,False,0,0
2022_10_SEA_TB,2022,10,REG,TB,Todd Bowles,SEA,Pete Carroll,21.0,16.0,True,1,0
2022_10_SEA_TB,2022,10,REG,SEA,Pete Carroll,TB,Todd Bowles,16.0,21.0,False,0,0
2022_10_WAS_PHI,2022,10,REG,PHI,Nick Sirianni,WAS,Ron Rivera,21.0,32.0,True,0,0
2022_10_WAS_PHI,2022,10,REG,WAS,Ron Rivera,PHI,Nick Sirianni,32.0,21.0,False,1,0
2022_11_CAR_BAL,2022,11,REG,BAL,John Harbaugh,CAR,Steve Wilks,13.0,3.0,True,1,0
2022_11_CAR_BAL,2022,11,REG,CAR,Steve Wilks,BAL,John Harbaugh,3.0,13.0,False,0,0
2022_11_CHI_ATL,2022,11,REG,ATL,Arthur Smith,CHI,Matt Eberflus,27.0,24.0,True,1,0
2022_11_CHI_ATL,2022,11,REG,CHI,Matt Eberflus,ATL,Arthur Smith,24.0,27.0,False,0,0
2022_11_CIN_PIT,2022,11,REG,PIT,Mike Tomlin,CIN,Zac Taylor,30.0,37.0,True,0,0
2022_11_CIN_PIT,2022,11,REG,CIN,Zac Taylor,PIT,Mike Tomlin,37.0,30.0,False,1,0
2022_11_CLE_BUF,2022,11,REG,BUF,Sean McDermott,CLE,Kevin Stefanski,31.0,23.0,True,1,0
2022_11_CLE_BUF,2022,11,REG,CLE,Kevin Stefanski,BUF,Sean McDermott,23.0,31.0,False,0,0
2022_11_DAL_MIN,2022,11,REG,MIN,Kevin O'Connell,DAL,Mike McCarthy,3.0,40.0,True,0,0
2022_11_DAL_MIN,2022,11,REG,DAL,Mike McCarthy,MIN,Kevin O'Connell,40.0,3.0,False,1,0
2022_11_DET_NYG,2022,11,REG,NYG,Brian Daboll,DET,Dan Campbell,18.0,31.0,True,0,0
2022_11_DET_NYG,2022,11,REG,DET,Dan Campbell,NYG,Brian Daboll,31.0,18.0,False,1,0
2022_11_KC_LAC,2022,11,REG,LAC,Brandon Staley,KC,Andy Reid,27.0,30.0,True,0,0
2022_11_KC_LAC,2022,11,REG,KC,Andy Reid,LAC,Brandon Staley,30.0,27.0,False,1,0
2022_11_LA_NO,2022,11,REG,NO,Dennis Allen,LA,Sean McVay,27.0,20.0,True,1,0
2022_11_LA_NO,2022,11,REG,LA,Sean McVay,NO,Dennis Allen,20.0,27.0,False,0,0
2022_11_LV_DEN,2022,11,REG,DEN,Nathaniel Hackett,LV,Josh McDaniels,16.0,22.0,True,0,0
2022_11_LV_DEN,2022,11,REG,LV,Josh McDaniels,DEN,Nathaniel Hackett,22.0,16.0,False,1,0
2022_11_NYJ_NE,2022,11,REG,NE,Bill Belichick,NYJ,Robert Saleh,10.0,3.0,True,1,0
2022_11_NYJ_NE,2022,11,REG,NYJ,Robert Saleh,NE,Bill Belichick,3.0,10.0,False,0,0
2022_11_PHI_IND,2022,11,REG,IND,Jeff Saturday,PHI,Nick Sirianni,16.0,17.0,True,0,0
2022_11_PHI_IND,2022,11,REG,PHI,Nick Sirianni,IND,Jeff Saturday,17.0,16.0,False,1,0
2022_11_SF_ARI,2022,11,REG,ARI,Kliff Kingsbury,SF,Kyle Shanahan,10.0,38.0,True,0,0
2022_11_SF_ARI,2022,11,REG,SF,Kyle Shanahan,ARI,Kliff Kingsbury,38.0,10.0,False,1,0
2022_11_TEN_GB,2022,11,REG,GB,Matt LaFleur,TEN,Mike Vrabel,17.0,27.0,True,0,0
2022_11_TEN_GB,2022,11,REG,TEN,Mike Vrabel,GB,Matt LaFleur,27.0,17.0,False,1,0
2022_11_WAS_HOU,2022,11,REG,HOU,Lovie Smith,WAS,Ron Rivera,10.0,23.0,True,0,0
2022_11_WAS_HOU,2022,11,REG,WAS,Ron Rivera,HOU,Lovie Smith,23.0,10.0,False,1,0
2022_12_ATL_WAS,2022,12,REG,WAS,Ron Rivera,ATL,Arthur Smith,19.0,13.0,True,1,0
2022_12_ATL_WAS,2022,12,REG,ATL,Arthur Smith,WAS,Ron Rivera,13.0,19.0,False,0,0
2022_12_BAL_JAX,2022,12,REG,JAX,Doug Pederson,BAL,John Harbaugh,28.0,27.0,True,1,0
2022_12_BAL_JAX,2022,12,REG,BAL,John Harbaugh,JAX,Doug Pederson,27.0,28.0,False,0,0
2022_12_BUF_DET,2022,12,REG,DET,Dan Campbell,BUF,Sean McDermott,25.0,28.0,True,0,0
2022_12_BUF_DET,2022,12,REG,BUF,Sean McDermott,DET,Dan Campbell,28.0,25.0,False,1,0
2022_12_CHI_NYJ,2022,12,REG,NYJ,Robert Saleh,CHI,Matt Eberflus,31.0,10.0,True,1,0
2022_12_CHI_NYJ,2022,12,REG,CHI,Matt Eberflus,NYJ,Robert Saleh,10.0,31.0,False,0,0
2022_12_CIN_TEN,2022,12,REG,TEN,Mike Vrabel,CIN,Zac Taylor,16.0,20.0,True,0,0
2022_12_CIN_TEN,2022,12,REG,CIN,Zac Taylor,TEN,Mike Vrabel,20.0,16.0,False,1,0
2022_12_DEN_CAR,2022,12,REG,CAR,Steve Wilks,DEN,Nathaniel Hackett,23.0,10.0,True,1,0
2022_12_DEN_CAR,2022,12,REG,DEN,Nathaniel Hackett,CAR,Steve Wilks,10.0,23.0,False,0,0
2022_12_GB_PHI,2022,12,REG,PHI,Nick Sirianni,GB,Matt LaFleur,40.0,33.0,True,1,0
2022_12_GB_PHI,2022,12,REG,GB,Matt LaFleur,PHI,Nick Sirianni,33.0,40.0,False,0,0
2022_12_HOU_MIA,2022,12,REG,MIA,Mike McDaniel,HOU,Lovie Smith,30.0,15.0,True,1,0
2022_12_HOU_MIA,2022,12,REG,HOU,Lovie Smith,MIA,Mike McDaniel,15.0,30.0,False,0,0
2022_12_LAC_ARI,2022,12,REG,ARI,Kliff Kingsbury,LAC,Brandon Staley,24.0,25.0,True,0,0
2022_12_LAC_ARI,2022,12,REG,LAC,Brandon Staley,ARI,Kliff Kingsbury,25.0,24.0,False,1,0
2022_12_LA_KC,2022,12,REG,KC,Andy Reid,LA,Sean McVay,26.0,10.0,True,1,0
2022_12_LA_KC,2022,12,REG,LA,Sean McVay,KC,Andy Reid,10.0,26.0,False,0,0
2022_12_LV_SEA,2022,12,REG,SEA,Pete Carroll,LV,Josh McDaniels,34.0,40.0,True,0,0
2022_12_LV_SEA,2022,12,REG,LV,Josh McDaniels,SEA,Pete Carroll,40.0,34.0,False,1,0
2022_12_NE_MIN,2022,12,REG,MIN,Kevin O'Connell,NE,Bill Belichick,33.0,26.0,True,1,0
2022_12_NE_MIN,2022,12,REG,NE,Bill Belichick,MIN,Kevin O'Connell,26.0,33.0,False,0,0
2022_12_NO_SF,2022,12,REG,SF,Kyle Shanahan,NO,Dennis Allen,13.0,0.0,True,1,0
2022_12_NO_SF,2022,12,REG,NO,Dennis Allen,SF,Kyle Shanahan,0.0,13.0,False,0,0
2022_12_NYG_DAL,2022,12,REG,DAL,Mike McCarthy,NYG,Brian Daboll,28.0,20.0,True,1,0
2022_12_NYG_DAL,2022,12,REG,NYG,Brian Daboll,DAL,Mike McCarthy,20.0,28.0,False,0,0
2022_12_PIT_IND,2022,12,REG,IND,Jeff Saturday,PIT,Mike Tomlin,17.0,24.0,True,0,0
2022_12_PIT_IND,2022,12,REG,PIT,Mike Tomlin,IND,Jeff Saturday,24.0,17.0,False,1,0
2022_12_TB_CLE,2022,12,REG,CLE,Kevin Stefanski,TB,Todd Bowles,23.0,17.0,True,1,0
2022_12_TB_CLE,2022,12,REG,TB,Todd Bowles,CLE,Kevin Stefanski,17.0,23.0,False,0,0
2022_13_BUF_NE,2022,13,REG,NE,Bill Belichick,BUF,Sean McDermott,10.0,24.0,True,0,0
2022_13_BUF_NE,2022,13,REG,BUF,Sean McDermott,NE,Bill Belichick,24.0,10.0,False,1,0
2022_13_CLE_HOU,2022,13,REG,HOU,Lovie Smith,CLE,Kevin Stefanski,14.0,27.0,True,0,0
2022_13_CLE_HOU,2022,13,REG,CLE,Kevin Stefanski,HOU,Lovie Smith,27.0,14.0,False,1,0
2022_13_DEN_BAL,2022,13,REG,BAL,John Harbaugh,DEN,Nathaniel Hackett,10.0,9.0,True,1,0
2022_13_DEN_BAL,2022,13,REG,DEN,Nathaniel Hackett,BAL,John Harbaugh,9.0,10.0,False,0,0
2022_13_GB_CHI,2022,13,REG,CHI,Matt Eberflus,GB,Matt LaFleur,19.0,28.0,True,0,0
2022_13_GB_CHI,2022,13,REG,GB,Matt LaFleur,CHI,Matt Eberflus,28.0,19.0,False,1,0
2022_13_IND_DAL,2022,13,REG,DAL,Mike McCarthy,IND,Jeff Saturday,54.0,19.0,True,1,0
2022_13_IND_DAL,2022,13,REG,IND,Jeff Saturday,DAL,Mike McCarthy,19.0,54.0,False,0,0
2022_13_JAX_DET,2022,13,REG,DET,Dan Campbell,JAX,Doug Pederson,40.0,14.0,True,1,0
2022_13_JAX_DET,2022,13,REG,JAX,Doug Pederson,DET,Dan Campbell,14.0,40.0,False,0,0
2022_13_KC_CIN,2022,13,REG,CIN,Zac Taylor,KC,Andy Reid,27.0,24.0,True,1,0
2022_13_KC_CIN,2022,13,REG,KC,Andy Reid,CIN,Zac Taylor,24.0,27.0,False,0,0
2022_13_LAC_LV,2022,13,REG,LV,Josh McDaniels,LAC,Brandon Staley,27.0,20.0,True,1,0
2022_13_LAC_LV,2022,13,REG,LAC,Brandon Staley,LV,Josh McDaniels,20.0,27.0,False,0,0
2022_13_MIA_SF,2022,13,REG,SF,Kyle Shanahan,MIA,Mike McDaniel,33.0,17.0,True,1,0
2022_13_MIA_SF,2022,13,REG,MIA,Mike McDaniel,SF,Kyle Shanahan,17.0,33.0,False,0,0
2022_13_NO_TB,2022,13,REG,TB,Todd Bowles,NO,Dennis Allen,17.0,16.0,True,1,0
2022_13_NO_TB,2022,13,REG,NO,Dennis Allen,TB,Todd Bowles,16.0,17.0,False,0,0
2022_13_NYJ_MIN,2022,13,REG,MIN,Kevin O'Connell,NYJ,Robert Saleh,27.0,22.0,True,1,0
2022_13_NYJ_MIN,2022,13,REG,NYJ,Robert Saleh,MIN,Kevin O'Connell,22.0,27.0,False,0,0
2022_13_PIT_ATL,2022,13,REG,ATL,Arthur Smith,PIT,Mike Tomlin,16.0,19.0,True,0,0
2022_13_PIT_ATL,2022,13,REG,PIT,Mike Tomlin,ATL,Arthur Smith,19.0,16.0,False,1,0
2022_13_SEA_LA,2022,13,REG,LA,Sean McVay,SEA,Pete Carroll,23.0,27.0,True,0,0
2022_13_SEA_LA,2022,13,REG,SEA,Pete Carroll,LA,Sean McVay,27.0,23.0,False,1,0
2022_13_TEN_PHI,2022,13,REG,PHI,Nick Sirianni,TEN,Mike Vrabel,35.0,10.0,True,1,0
2022_13_TEN_PHI,2022,13,REG,TEN,Mike Vrabel,PHI,Nick Sirianni,10.0,35.0,False,0,0
2022_13_WAS_NYG,2022,13,REG,NYG,Brian Daboll,WAS,Ron Rivera,20.0,20.0,True,0,1
2022_13_WAS_NYG,2022,13,REG,WAS,Ron Rivera,NYG,Brian Daboll,20.0,20.0,False,0,1
2022_14_BAL_PIT,2022,14,REG,PIT,Mike Tomlin,BAL,John Harbaugh,14.0,16.0,True,0,0
2022_14_BAL_PIT,2022,14,REG,BAL,John Harbaugh,PIT,Mike Tomlin,16.0,14.0,False,1,0
2022_14_CAR_SEA,2022,14,REG,SEA,Pete Carroll,CAR,Steve Wilks,24.0,30.0,True,0,0
2022_14_CAR_SEA,2022,14,REG,CAR,Steve Wilks,SEA,Pete Carroll,30.0,24.0,False,1,0
2022_14_CLE_CIN,2022,14,REG,CIN,Zac Taylor,CLE,Kevin Stefanski,23.0,10.0,True,1,0
2022_14_CLE_CIN,2022,14,REG,CLE,Kevin Stefanski,CIN,Zac Taylor,10.0,23.0,False,0,0
2022_14_HOU_DAL,2022,14,REG,DAL,Mike McCarthy,HOU,Lovie Smith,27.0,23.0,True,1,0
2022_14_HOU_DAL,2022,14,REG,HOU,Lovie Smith,DAL,Mike McCarthy,23.0,27.0,False,0,0
2022_14_JAX_TEN,2022,14,REG,TEN,Mike Vrabel,JAX,Doug Pederson,22.0,36.0,True,0,0
2022_14_JAX_TEN,2022,14,REG,JAX,Doug Pederson,TEN,Mike Vrabel,36.0,22.0,False,1,0
2022_14_KC_DEN,2022,14,REG,DEN,Nathaniel Hackett,KC,Andy Reid,28.0,34.0,True,0,0
2022_14_KC_DEN,2022,14,REG,KC,Andy Reid,DEN,Nathaniel Hackett,34.0,28.0,False,1,0
2022_14_LV_LA,2022,14,REG,LA,Sean McVay,LV,Josh McDaniels,17.0,16.0,True,1,0
2022_14_LV_LA,2022,14,REG,LV,Josh McDaniels,LA,Sean McVay,16.0,17.0,False,0,0
2022_14_MIA_LAC,2022,14,REG,LAC,Brandon Staley,MIA,Mike McDaniel,23.0,17.0,True,1,0
2022_14_MIA_LAC,2022,14,REG,MIA,Mike McDaniel,LAC,Brandon Staley,17.0,23.0,False,0,0
2022_14_MIN_DET,2022,14,REG,DET,Dan Campbell,MIN,Kevin O'Connell,34.0,23.0,True,1,0
2022_14_MIN_DET,2022,14,REG,MIN,Kevin O'Connell,DET,Dan Campbell,23.0,34.0,False,0,0
2022_14_NE_ARI,2022,14,REG,ARI,Kliff Kingsbury,NE,Bill Belichick,13.0,27.0,True,0,0
2022_14_NE_ARI,2022,14,REG,NE,Bill Belichick,ARI,Kliff Kingsbury,27.0,13.0,False,1,0
2022_14_NYJ_BUF,2022,14,REG,BUF,Sean McDermott,NYJ,Robert Saleh,20.0,12.0,True,1,0
2022_14_NYJ_BUF,2022,14,REG,NYJ,Robert Saleh,BUF,Sean McDermott,12.0,20.0,False,0,0
2022_14_PHI_NYG,2022,14,REG,NYG,Brian Daboll,PHI,Nick Sirianni,22.0,48.0,True,0,0
2022_14_PHI_NYG,2022,14,REG,PHI,Nick Sirianni,NYG,Brian Daboll,48.0,22.0,False,1,0
2022_14_TB_SF,2022,14,REG,SF,Kyle Shanahan,TB,Todd Bowles,35.0,7.0,True,1,0
2022_14_TB_SF,2022,14,REG,TB,Todd Bowles,SF,Kyle Shanahan,7.0,35.0,False,0,0
2022_15_ARI_DEN,2022,15,REG,DEN,Nathaniel Hackett,ARI,Kliff Kingsbury,24.0,15.0,True,1,0
2022_15_ARI_DEN,2022,15,REG,ARI,Kliff Kingsbury,DEN,Nathaniel Hackett,15.0,24.0,False,0,0
2022_15_ATL_NO,2022,15,REG,NO,Dennis Allen,ATL,Arthur Smith,21.0,18.0,True,1,0
2022_15_ATL_NO,2022,15,REG,ATL,Arthur Smith,NO,Dennis Allen,18.0,21.0,False,0,0
2022_15_BAL_CLE,2022,15,REG,CLE,Kevin Stefanski,BAL,John Harbaugh,13.0,3.0,True,1,0
2022_15_BAL_CLE,2022,15,REG,BAL,John Harbaugh,CLE,Kevin Stefanski,3.0,13.0,False,0,0
2022_15_CIN_TB,2022,15,REG,TB,Todd Bowles,CIN,Zac Taylor,23.0,34.0,True,0,0
2022_15_CIN_TB,2022,15,REG,CIN,Zac Taylor,TB,Todd Bowles,34.0,23.0,False,1,0
2022_15_DAL_JAX,2022,15,REG,JAX,Doug Pederson,DAL,Mike McCarthy,40.0,34.0,True,1,0
2022_15_DAL_JAX,2022,15,REG,DAL,Mike McCarthy,JAX,Doug Pederson,34.0,40.0,False,0,0
2022_15_DET_NYJ,2022,15,REG,NYJ,Robert Saleh,DET,Dan Campbell,17.0,20.0,True,0,0
2022_15_DET_NYJ,2022,15,REG,DET,Dan Campbell,NYJ,Robert Saleh,20.0,17.0,False,1,0
2022_15_IND_MIN,2022,15,REG,MIN,Kevin O'Connell,IND,Jeff Saturday,39.0,36.0,True,1,0
2022_15_IND_MIN,2022,15,REG,IND,Jeff Saturday,MIN,Kevin O'Connell,36.0,39.0,False,0,0
2022_15_KC_HOU,2022,15,REG,HOU,Lovie Smith,KC,Andy Reid,24.0,30.0,True,0,0
2022_15_KC_HOU,2022,15,REG,KC,Andy Reid,HOU,Lovie Smith,30.0,24.0,False,1,0
2022_15_LA_GB,2022,15,REG,GB,Matt LaFleur,LA,Sean McVay,24.0,12.0,True,1,0
2022_15_LA_GB,2022,15,REG,LA,Sean McVay,GB,Matt LaFleur,12.0,24.0,False,0,0
2022_15_MIA_BUF,2022,15,REG,BUF,Sean McDermott,MIA,Mike McDaniel,32.0,29.0,True,1,0
2022_15_MIA_BUF,2022,15,REG,MIA,Mike McDaniel,BUF,Sean McDermott,29.0,32.0,False,0,0
2022_15_NE_LV,2022,15,REG,LV,Josh McDaniels,NE,Bill Belichick,30.0,24.0,True,1,0
2022_15_NE_LV,2022,15,REG,NE,Bill Belichick,LV,Josh McDaniels,24.0,30.0,False,0,0
2022_15_NYG_WAS,2022,15,REG,WAS,Ron Rivera,NYG,Brian Daboll,12.0,20.0,True,0,0
2022_15_NYG_WAS,2022,15,REG,NYG,Brian Daboll,WAS,Ron Rivera,20.0,12.0,False,1,0
2022_15_PHI_CHI,2022,15,REG,CHI,Matt Eberflus,PHI,Nick Sirianni,20.0,25.0,True,0,0
2022_15_PHI_CHI,2022,15,REG,PHI,Nick Sirianni,CHI,Matt Eberflus,25.0,20.0,False,1,0
2022_15_PIT_CAR,2022,15,REG,CAR,Steve Wilks,PIT,Mike Tomlin,16.0,24.0,True,0,0
2022_15_PIT_CAR,2022,15,REG,PIT,Mike Tomlin,CAR,Steve Wilks,24.0,16.0,False,1,0
2022_15_SF_SEA,2022,15,REG,SEA,Pete Carroll,SF,Kyle Shanahan,13.0,21.0,True,0,0
2022_15_SF_SEA,2022,15,REG,SF,Kyle Shanahan,SEA,Pete Carroll,21.0,13.0,False,1,0
2022_15_TEN_LAC,2022,15,REG,LAC,Brandon Staley,TEN,Mike Vrabel,17.0,14.0,True,1,0
2022_15_TEN_LAC,2022,15,REG,TEN,Mike Vrabel,LAC,Brandon Staley,14.0,17.0,False,0,0
2022_16_ATL_BAL,2022,16,REG,BAL,John Harbaugh,ATL,Arthur Smith,17.0,9.0,True,1,0
2022_16_ATL_BAL,2022,16,REG,ATL,Arthur Smith,BAL,John Harbaugh,9.0,17.0,False,0,0
2022_16_BUF_CHI,2022,16,REG,CHI,Matt Eberflus,BUF,Sean McDermott,13.0,35.0,True,0,0
2022_16_BUF_CHI,2022,16,REG,BUF,Sean McDermott,CHI,Matt Eberflus,35.0,13.0,False,1,0
2022_16_CIN_NE,2022,16,REG,NE,Bill Belichick,CIN,Zac Taylor,18.0,22.0,True,0,0
2022_16_CIN_NE,2022,16,REG,CIN,Zac Taylor,NE,Bill Belichick,22.0,18.0,False,1,0
2022_16_DEN_LA,2022,16,REG,LA,Sean McVay,DEN,Nathaniel Hackett,51.0,14.0,True,1,0
2022_16_DEN_LA,2022,16,REG,DEN,Nathaniel Hackett,LA,Sean McVay,14.0,51.0,False,0,0
2022_16_DET_CAR,2022,16,REG,CAR,Steve Wilks,DET,Dan Campbell,37.0,23.0,True,1,0
2022_16_DET_CAR,2022,16,REG,DET,Dan Campbell,CAR,Steve Wilks,23.0,37.0,False,0,0
2022_16_GB_MIA,2022,16,REG,MIA,Mike McDaniel,GB,Matt LaFleur,20.0,26.0,True,0,0
2022_16_GB_MIA,2022,16,REG,GB,Matt LaFleur,MIA,Mike McDaniel,26.0,20.0,False,1,0
2022_16_HOU_TEN,2022,16,REG,TEN,Mike Vrabel,HOU,Lovie Smith,14.0,19.0,True,0,0
2022_16_HOU_TEN,2022,16,REG,HOU,Lovie Smith,TEN,Mike Vrabel,19.0,14.0,False,1,0
2022_16_JAX_NYJ,2022,16,REG,NYJ,Robert Saleh,JAX,Doug Pederson,3.0,19.0,True,0,0
2022_16_JAX_NYJ,2022,16,REG,JAX,Doug Pederson,NYJ,Robert Saleh,19.0,3.0,False,1,0
2022_16_LAC_IND,2022,16,REG,IND,Jeff Saturday,LAC,Brandon Staley,3.0,20.0,True,0,0
2022_16_LAC_IND,2022,16,REG,LAC,Brandon Staley,IND,Jeff Saturday,20.0,3.0,False,1,0
2022_16_LV_PIT,2022,16,REG,PIT,Mike Tomlin,LV,Josh McDaniels,13.0,10.0,True,1,0
2022_16_LV_PIT,2022,16,REG,LV,Josh McDaniels,PIT,Mike Tomlin,10.0,13.0,False,0,0
2022_16_NO_CLE,2022,16,REG,CLE,Kevin Stefanski,NO,Dennis Allen,10.0,17.0,True,0,0
2022_16_NO_CLE,2022,16,REG,NO,Dennis Allen,CLE,Kevin Stefanski,17.0,10.0,False,1,0
2022_16_NYG_MIN,2022,16,REG,MIN,Kevin O'Connell,NYG,Brian Daboll,27.0,24.0,True,1,0
2022_16_NYG_MIN,2022,16,REG,NYG,Brian Daboll,MIN,Kevin O'Connell,24.0,27.0,False,0,0
2022_16_PHI_DAL,2022,16,REG,DAL,Mike McCarthy,PHI,Nick Sirianni,40.0,34.0,True,1,0
2022_16_PHI_DAL,2022,16,REG,PHI,Nick Sirianni,DAL,Mike McCarthy,34.0,40.0,False,0,0
2022_16_SEA_KC,2022,16,REG,KC,Andy Reid,SEA,Pete Carroll,24.0,10.0,True,1,0
2022_16_SEA_KC,2022,16,REG,SEA,Pete Carroll,KC,Andy Reid,10.0,24.0,False,0,0
2022_16_TB_ARI,2022,16,REG,ARI,Kliff Kingsbury,TB,Todd Bowles,16.0,19.0,True,0,0
2022_16_TB_ARI,2022,16,REG,TB,Todd Bowles,ARI,Kliff Kingsbury,19.0,16.0,False,1,0
2022_16_WAS_SF,2022,16,REG,SF,Kyle Shanahan,WAS,Ron Rivera,37.0,20.0,True,1,0
2022_16_WAS_SF,2022,16,REG,WAS,Ron Rivera,SF,Kyle Shanahan,20.0,37.0,False,0,0
2022_17_ARI_ATL,2022,17,REG,ATL,Arthur Smith,ARI,Kliff Kingsbury,20.0,19.0,True,1,0
2022_17_ARI_ATL,2022,17,REG,ARI,Kliff Kingsbury,ATL,Arthur Smith,19.0,20.0,False,0,0
2022_17_CAR_TB,2022,17,REG,TB,Todd Bowles,CAR,Steve Wilks,30.0,24.0,True,1,0
2022_17_CAR_TB,2022,17,REG,CAR,Steve Wilks,TB,Todd Bowles,24.0,30.0,False,0,0
2022_17_CHI_DET,2022,17,REG,DET,Dan Campbell,CHI,Matt Eberflus,41.0,10.0,True,1,0
2022_17_CHI_DET,2022,17,REG,CHI,Matt Eberflus,DET,Dan Campbell,10.0,41.0,False,0,0
2022_17_CLE_WAS,2022,17,REG,WAS,Ron Rivera,CLE,Kevin Stefanski,10.0,24.0,True,0,0
2022_17_CLE_WAS,2022,17,REG,CLE,Kevin Stefanski,WAS,Ron Rivera,24.0,10.0,False,1,0
2022_17_DAL_TEN,2022,17,REG,TEN,Mike Vrabel,DAL,Mike McCarthy,13.0,27.0,True,0,0
2022_17_DAL_TEN,2022,17,REG,DAL,Mike McCarthy,TEN,Mike Vrabel,27.0,13.0,False,1,0
2022_17_DEN_KC,2022,17,REG,KC,Andy Reid,DEN,Jay Rosburg,27.0,24.0,True,1,0
2022_17_DEN_KC,2022,17,REG,DEN,Jay Rosburg,KC,Andy Reid,24.0,27.0,False,0,0
2022_17_IND_NYG,2022,17,REG,NYG,Brian Daboll,IND,Jeff Saturday,38.0,10.0,True,1,0
2022_17_IND_NYG,2022,17,REG,IND,Jeff Saturday,NYG,Brian Daboll,10.0,38.0,False,0,0
2022_17_JAX_HOU,2022,17,REG,HOU,Lovie Smith,JAX,Doug Pederson,3.0,31.0,True,0,0
2022_17_JAX_HOU,2022,17,REG,JAX,Doug Pederson,HOU,Lovie Smith,31.0,3.0,False,1,0
2022_17_LA_LAC,2022,17,REG,LAC,Brandon Staley,LA,Sean McVay,31.0,10.0,True,1,0
2022_17_LA_LAC,2022,17,REG,LA,Sean McVay,LAC,Brandon Staley,10.0,31.0,False,0,0
2022_17_MIA_NE,2022,17,REG,NE,Bill Belichick,MIA,Mike McDaniel,23.0,21.0,True,1,0
2022_17_MIA_NE,2022,17,REG,MIA,Mike McDaniel,NE,Bill Belichick,21.0,23.0,False,0,0
2022_17_MIN_GB,2022,17,REG,GB,Matt LaFleur,MIN,Kevin O'Connell,41.0,17.0,True,1,0
2022_17_MIN_GB,2022,17,REG,MIN,Kevin O'Connell,GB,Matt LaFleur,17.0,41.0,False,0,0
2022_17_NO_PHI,2022,17,REG,PHI,Nick Sirianni,NO,Dennis Allen,10.0,20.0,True,0,0
2022_17_NO_PHI,2022,17,REG,NO,Dennis Allen,PHI,Nick Sirianni,20.0,10.0,False,1,0
2022_17_NYJ_SEA,2022,17,REG,SEA,Pete Carroll,NYJ,Robert Saleh,23.0,6.0,True,1,0
2022_17_NYJ_SEA,2022,17,REG,NYJ,Robert Saleh,SEA,Pete Carroll,6.0,23.0,False,0,0
2022_17_PIT_BAL,2022,17,REG,BAL,John Harbaugh,PIT,Mike Tomlin,13.0,16.0,True,0,0
2022_17_PIT_BAL,2022,17,REG,PIT,Mike Tomlin,BAL,John Harbaugh,16.0,13.0,False,1,0
2022_17_SF_LV,2022,17,REG,LV,Josh McDaniels,SF,Kyle Shanahan,34.0,37.0,True,0,0
2022_17_SF_LV,2022,17,REG,SF,Kyle Shanahan,LV,Josh McDaniels,37.0,34.0,False,1,0
2022_18_ARI_SF,2022,18,REG,SF,Kyle Shanahan,ARI,Kliff Kingsbury,38.0,13.0,True,1,0
2022_18_ARI_SF,2022,18,REG,ARI,Kliff Kingsbury,SF,Kyle Shanahan,13.0,38.0,False,0,0
2022_18_BAL_CIN,2022,18,REG,CIN,Zac Taylor,BAL,John Harbaugh,27.0,16.0,True,1,0
2022_18_BAL_CIN,2022,18,REG,BAL,John Harbaugh,CIN,Zac Taylor,16.0,27.0,False,0,0
2022_18_CAR_NO,2022,18,REG,NO,Dennis Allen,CAR,Steve Wilks,7.0,10.0,True,0,0
2022_18_CAR_NO,2022,18,REG,CAR,Steve Wilks,NO,Dennis Allen,10.0,7.0,False,1,0
2022_18_CLE_PIT,2022,18,REG,PIT,Mike Tomlin,CLE,Kevin Stefanski,28.0,14.0,True,1,0
2022_18_CLE_PIT,2022,18,REG,CLE,Kevin Stefanski,PIT,Mike Tomlin,14.0,28.0,False,0,0
2022_18_DAL_WAS,2022,18,REG,WAS,Ron Rivera,DAL,Mike McCarthy,26.0,6.0,True,1,0
2022_18_DAL_WAS,2022,18,REG,DAL,Mike McCarthy,WAS,Ron Rivera,6.0,26.0,False,0,0
2022_18_DET_GB,2022,18,REG,GB,Matt LaFleur,DET,Dan Campbell,16.0,20.0,True,0,0
2022_18_DET_GB,2022,18,REG,DET,Dan Campbell,GB,Matt LaFleur,20.0,16.0,False,1,0
2022_18_HOU_IND,2022,18,REG,IND,Jeff Saturday,HOU,Lovie Smith,31.0,32.0,True,0,0
2022_18_HOU_IND,2022,18,REG,HOU,Lovie Smith,IND,Jeff Saturday,32.0,31.0,False,1,0
2022_18_KC_LV,2022,18,REG,LV,Josh McDaniels,KC,Andy Reid,13.0,31.0,True,0,0
2022_18_KC_LV,2022,18,REG,KC,Andy Reid,LV,Josh McDaniels,31.0,13.0,False,1,0
2022_18_LAC_DEN,2022,18,REG,DEN,Jay Rosburg,LAC,Brandon Staley,31.0,28.0,True,1,0
2022_18_LAC_DEN,2022,18,REG,LAC,Brandon Staley,DEN,Jay Rosburg,28.0,31.0,False,0,0
2022_18_LA_SEA,2022,18,REG,SEA,Pete Carroll,LA,Sean McVay,19.0,16.0,True,1,0
2022_18_LA_SEA,2022,18,REG,LA,Sean McVay,SEA,Pete Carroll,16.0,19.0,False,0,0
2022_18_MIN_CHI,2022,18,REG,CHI,Matt Eberflus,MIN,Kevin O'Connell,13.0,29.0,True,0,0
2022_18_MIN_CHI,2022,18,REG,MIN,Kevin O'Connell,CHI,Matt Eberflus,29.0,13.0,False,1,0
2022_18_NE_BUF,2022,18,REG,BUF,Sean McDermott,NE,Bill Belichick,35.0,23.0,True,1,0
2022_18_NE_BUF,2022,18,REG,NE,Bill Belichick,BUF,Sean McDermott,23.0,35.0,False,0,0
2022_18_NYG_PHI,2022,18,REG,PHI,Nick Sirianni,NYG,Brian Daboll,22.0,16.0,True,1,0
2022_18_NYG_PHI,2022,18,REG,NYG,Brian Daboll,PHI,Nick Sirianni,16.0,22.0,False,0,0
2022_18_NYJ_MIA,2022,18,REG,MIA,Mike McDaniel,NYJ,Robert Saleh,11.0,6.0,True,1,0
2022_18_NYJ_MIA,2022,18,REG,NYJ,Robert Saleh,MIA,Mike McDaniel,6.0,11.0,False,0,0
2022_18_TB_ATL,2022,18,REG,ATL,Arthur Smith,TB,Todd Bowles,30.0,17.0,True,1,0
2022_18_TB_ATL,2022,18,REG,TB,Todd Bowles,ATL,Arthur Smith,17.0,30.0,False,0,0
2022_18_TEN_JAX,2022,18,REG,JAX,Doug Pederson,TEN,Mike Vrabel,20.0,16.0,True,1,0
2022_18_TEN_JAX,2022,18,REG,TEN,Mike Vrabel,JAX,Doug Pederson,16.0,20.0,False,0,0
2022_19_BAL_CIN,2022,19,POST,CIN,Zac Taylor,BAL,John Harbaugh,24.0,17.0,True,1,0
2022_19_BAL_CIN,2022,19,POST,BAL,John Harbaugh,CIN,Zac Taylor,17.0,24.0,False,0,0
2022_19_DAL_TB,2022,19,POST,TB,Todd Bowles,DAL,Mike McCarthy,14.0,31.0,True,0,0
2022_19_DAL_TB,2022,19,POST,DAL,Mike McCarthy,TB,Todd Bowles,31.0,14.0,False,1,0
2022_19_LAC_JAX,2022,19,POST,JAX,Doug Pederson,LAC,Brandon Staley,31.0,30.0,True,1,0
2022_19_LAC_JAX,2022,19,POST,LAC,Brandon Staley,JAX,Doug Pederson,30.0,31.0,False,0,0
2022_19_MIA_BUF,2022,19,POST,BUF,Sean McDermott,MIA,Mike McDaniel,34.0,31.0,True,1,0
2022_19_MIA_BUF,2022,19,POST,MIA,Mike McDaniel,BUF,Sean McDermott,31.0,34.0,False,0,0
2022_19_NYG_MIN,2022,19,POST,MIN,Kevin O'Connell,NYG,Brian Daboll,24.0,31.0,True,0,0
2022_19_NYG_MIN,2022,19,POST,NYG,Brian Daboll,MIN,Kevin O'Connell,31.0,24.0,False,1,0
2022_19_SEA_SF,2022,19,POST,SF,Kyle Shanahan,SEA,Pete Carroll,41.0,23.0,True,1,0
2022_19_SEA_SF,2022,19,POST,SEA,Pete Carroll,SF,Kyle Shanahan,23.0,41.0,False,0,0
2022_20_CIN_BUF,2022,20,POST,BUF,Sean McDermott,CIN,Zac Taylor,10.0,27.0,True,0,0
2022_20_CIN_BUF,2022,20,POST,CIN,Zac Taylor,BUF,Sean McDermott,27.0,10.0,False,1,0
2022_20_DAL_SF,2022,20,POST,SF,Kyle Shanahan,DAL,Mike McCarthy,19.0,12.0,True,1,0
2022_20_DAL_SF,2022,20,POST,DAL,Mike McCarthy,SF,Kyle Shanahan,12.0,19.0,False,0,0
2022_20_JAX_KC,2022,20,POST,KC,Andy Reid,JAX,Doug Pederson,27.0,20.0,True,1,0
2022_20_JAX_KC,2022,20,POST,JAX,Doug Pederson,KC,Andy Reid,20.0,27.0,False,0,0
2022_20_NYG_PHI,2022,20,POST,PHI,Nick Sirianni,NYG,Brian Daboll,38.0,7.0,True,1,0
2022_20_NYG_PHI,2022,20,POST,NYG,Brian Daboll,PHI,Nick Sirianni,7.0,38.0,False,0,0
2022_21_CIN_KC,2022,21,POST,KC,Andy Reid,CIN,Zac Taylor,23.0,20.0,True,1,0
2022_21_CIN_KC,2022,21,POST,CIN,Zac Taylor,KC,Andy Reid,20.0,23.0,False,0,0
2022_21_SF_PHI,2022,21,POST,PHI,Nick Sirianni,SF,Kyle Shanahan,31.0,7.0,True,1,0
2022_21_SF_PHI,2022,21,POST,SF,Kyle Shanahan,PHI,Nick Sirianni,7.0,31.0,False,0,0
2022_22_KC_PHI,2022,22,POST,PHI,Nick Sirianni,KC,Andy Reid,35.0,38.0,True,0,0
2022_22_KC_PHI,2022,22,POST,KC,Andy Reid,PHI,Nick Sirianni,38.0,35.0,False,1,0
2023_01_ARI_WAS,2023,1,REG,WAS,Ron Rivera,ARI,Jonathan Gannon,20.0,16.0,True,1,0
2023_01_ARI_WAS,2023,1,REG,ARI,Jonathan Gannon,WAS,Ron Rivera,16.0,20.0,False,0,0
2023_01_BUF_NYJ,2023,1,REG,NYJ,Robert Saleh,BUF,Sean McDermott,22.0,16.0,True,1,0
2023_01_BUF_NYJ,2023,1,REG,BUF,Sean McDermott,NYJ,Robert Saleh,16.0,22.0,False,0,0
2023_01_CAR_ATL,2023,1,REG,ATL,Arthur Smith,CAR,Frank Reich,24.0,10.0,True,1,0
2023_01_CAR_ATL,2023,1,REG,CAR,Frank Reich,ATL,Arthur Smith,10.0,24.0,False,0,0
2023_01_CIN_CLE,2023,1,REG,CLE,Kevin Stefanski,CIN,Zac Taylor,24.0,3.0,True,1,0
2023_01_CIN_CLE,2023,1,REG,CIN,Zac Taylor,CLE,Kevin Stefanski,3.0,24.0,False,0,0
2023_01_DAL_NYG,2023,1,REG,NYG,Brian Daboll,DAL,Mike McCarthy,0.0,40.0,True,0,0
2023_01_DAL_NYG,2023,1,REG,DAL,Mike McCarthy,NYG,Brian Daboll,40.0,0.0,False,1,0
2023_01_DET_KC,2023,1,REG,KC,Andy Reid,DET,Dan Campbell,20.0,21.0,True,0,0
2023_01_DET_KC,2023,1,REG,DET,Dan Campbell,KC,Andy Reid,21.0,20.0,False,1,0
2023_01_GB_CHI,2023,1,REG,CHI,Matt Eberflus,GB,Matt LaFleur,20.0,38.0,True,0,0
2023_01_GB_CHI,2023,1,REG,GB,Matt LaFleur,CHI,Matt Eberflus,38.0,20.0,False,1,0
2023_01_HOU_BAL,2023,1,REG,BAL,John Harbaugh,HOU,DeMeco Ryans,25.0,9.0,True,1,0
2023_01_HOU_BAL,2023,1,REG,HOU,DeMeco Ryans,BAL,John Harbaugh,9.0,25.0,False,0,0
2023_01_JAX_IND,2023,1,REG,IND,Shane Steichen,JAX,Doug Pederson,21.0,31.0,True,0,0
2023_01_JAX_IND,2023,1,REG,JAX,Doug Pederson,IND,Shane Steichen,31.0,21.0,False,1,0
2023_01_LA_SEA,2023,1,REG,SEA,Pete Carroll,LA,Sean McVay,13.0,30.0,True,0,0
2023_01_LA_SEA,2023,1,REG,LA,Sean McVay,SEA,Pete Carroll,30.0,13.0,False,1,0
2023_01_LV_DEN,2023,1,REG,DEN,Sean Payton,LV,Josh McDaniels,16.0,17.0,True,0,0
2023_01_LV_DEN,2023,1,REG,LV,Josh McDaniels,DEN,Sean Payton,17.0,16.0,False,1,0
2023_01_MIA_LAC,2023,1,REG,LAC,Brandon Staley,MIA,Mike McDaniel,34.0,36.0,True,0,0
2023_01_MIA_LAC,2023,1,REG,MIA,Mike McDaniel,LAC,Brandon Staley,36.0,34.0,False,1,0
2023_01_PHI_NE,2023,1,REG,NE,Bill Belichick,PHI,Nick Sirianni,20.0,25.0,True,0,0
2023_01_PHI_NE,2023,1,REG,PHI,Nick Sirianni,NE,Bill Belichick,25.0,20.0,False,1,0
2023_01_SF_PIT,2023,1,REG,PIT,Mike Tomlin,SF,Kyle Shanahan,7.0,30.0,True,0,0
2023_01_SF_PIT,2023,1,REG,SF,Kyle Shanahan,PIT,Mike Tomlin,30.0,7.0,False,1,0
2023_01_TB_MIN,2023,1,REG,MIN,Kevin O'Connell,TB,Todd Bowles,17.0,20.0,True,0,0
2023_01_TB_MIN,2023,1,REG,TB,Todd Bowles,MIN,Kevin O'Connell,20.0,17.0,False,1,0
2023_01_TEN_NO,2023,1,REG,NO,Dennis Allen,TEN,Mike Vrabel,16.0,15.0,True,1,0
2023_01_TEN_NO,2023,1,REG,TEN,Mike Vrabel,NO,Dennis Allen,15.0,16.0,False,0,0
2023_02_BAL_CIN,2023,2,REG,CIN,Zac Taylor,BAL,John Harbaugh,24.0,27.0,True,0,0
2023_02_BAL_CIN,2023,2,REG,BAL,John Harbaugh,CIN,Zac Taylor,27.0,24.0,False,1,0
2023_02_CHI_TB,2023,2,REG,TB,Todd Bowles,CHI,Matt Eberflus,27.0,17.0,True,1,0
2023_02_CHI_TB,2023,2,REG,CHI,Matt Eberflus,TB,Todd Bowles,17.0,27.0,False,0,0
2023_02_CLE_PIT,2023,2,REG,PIT,Mike Tomlin,CLE,Kevin Stefanski,26.0,22.0,True,1,0
2023_02_CLE_PIT,2023,2,REG,CLE,Kevin Stefanski,PIT,Mike Tomlin,22.0,26.0,False,0,0
2023_02_GB_ATL,2023,2,REG,ATL,Arthur Smith,GB,Matt LaFleur,25.0,24.0,True,1,0
2023_02_GB_ATL,2023,2,REG,GB,Matt LaFleur,ATL,Arthur Smith,24.0,25.0,False,0,0
2023_02_IND_HOU,2023,2,REG,HOU,DeMeco Ryans,IND,Shane Steichen,20.0,31.0,True,0,0
2023_02_IND_HOU,2023,2,REG,IND,Shane Steichen,HOU,DeMeco Ryans,31.0,20.0,False,1,0
2023_02_KC_JAX,2023,2,REG,JAX,Doug Pederson,KC,Andy Reid,9.0,17.0,True,0,0
2023_02_KC_JAX,2023,2,REG,KC,Andy Reid,JAX,Doug Pederson,17.0,9.0,False,1,0
2023_02_LAC_TEN,2023,2,REG,TEN,Mike Vrabel,LAC,Brandon Staley,27.0,24.0,True,1,0
2023_02_LAC_TEN,2023,2,REG,LAC,Brandon Staley,TEN,Mike Vrabel,24.0,27.0,False,0,0
2023_02_LV_BUF,2023,2,REG,BUF,Sean McDermott,LV,Josh McDaniels,38.0,10.0,True,1,0
2023_02_LV_BUF,2023,2,REG,LV,Josh McDaniels,BUF,Sean McDermott,10.0,38.0,False,0,0
2023_02_MIA_NE,2023,2,REG,NE,Bill Belichick,MIA,Mike McDaniel,17.0,24.0,True,0,0
2023_02_MIA_NE,2023,2,REG,MIA,Mike McDaniel,NE,Bill Belichick,24.0,17.0,False,1,0
2023_02_MIN_PHI,2023,2,REG,PHI,Nick Sirianni,MIN,Kevin O'Connell,34.0,28.0,True,1,0
2023_02_MIN_PHI,2023,2,REG,MIN,Kevin O'Connell,PHI,Nick Sirianni,28.0,34.0,False,0,0
2023_02_NO_CAR,2023,2,REG,CAR,Frank Reich,NO,Dennis Allen,17.0,20.0,True,0,0
2023_02_NO_CAR,2023,2,REG,NO,Dennis Allen,CAR,Frank Reich,20.0,17.0,False,1,0
2023_02_NYG_ARI,2023,2,REG,ARI,Jonathan Gannon,NYG,Brian Daboll,28.0,31.0,True,0,0
2023_02_NYG_ARI,2023,2,REG,NYG,Brian Daboll,ARI,Jonathan Gannon,31.0,28.0,False,1,0
2023_02_NYJ_DAL,2023,2,REG,DAL,Mike McCarthy,NYJ,Robert Saleh,30.0,10.0,True,1,0
2023_02_NYJ_DAL,2023,2,REG,NYJ,Robert Saleh,DAL,Mike McCarthy,10.0,30.0,False,0,0
2023_02_SEA_DET,2023,2,REG,DET,Dan Campbell,SEA,Pete Carroll,31.0,37.0,True,0,0
2023_02_SEA_DET,2023,2,REG,SEA,Pete Carroll,DET,Dan Campbell,37.0,31.0,False,1,0
2023_02_SF_LA,2023,2,REG,LA,Sean McVay,SF,Kyle Shanahan,23.0,30.0,True,0,0
2023_02_SF_LA,2023,2,REG,SF,Kyle Shanahan,LA,Sean McVay,30.0,23.0,False,1,0
2023_02_WAS_DEN,2023,2,REG,DEN,Sean Payton,WAS,Ron Rivera,33.0,35.0,True,0,0
2023_02_WAS_DEN,2023,2,REG,WAS,Ron Rivera,DEN,Sean Payton,35.0,33.0,False,1,0
2023_03_ATL_DET,2023,3,REG,DET,Dan Campbell,ATL,Arthur Smith,20.0,6.0,True,1,0
2023_03_ATL_DET,2023,3,REG,ATL,Arthur Smith,DET,Dan Campbell,6.0,20.0,False,0,0
2023_03_BUF_WAS,2023,3,REG,WAS,Ron Rivera,BUF,Sean McDermott,3.0,37.0,True,0,0
2023_03_BUF_WAS,2023,3,REG,BUF,Sean McDermott,WAS,Ron Rivera,37.0,3.0,False,1,0
2023_03_CAR_SEA,2023,3,REG,SEA,Pete Carroll,CAR,Frank Reich,37.0,27.0,True,1,0
2023_03_CAR_SEA,2023,3,REG,CAR,Frank Reich,SEA,Pete Carroll,27.0,37.0,False,0,0
2023_03_CHI_KC,2023,3,REG,KC,Andy Reid,CHI,Matt Eberflus,41.0,10.0,True,1,0
2023_03_CHI_KC,2023,3,REG,CHI,Matt Eberflus,KC,Andy Reid,10.0,41.0,False,0,0
2023_03_DAL_ARI,2023,3,REG,ARI,Jonathan Gannon,DAL,Mike McCarthy,28.0,16.0,True,1,0
2023_03_DAL_ARI,2023,3,REG,DAL,Mike McCarthy,ARI,Jonathan Gannon,16.0,28.0,False,0,0
2023_03_DEN_MIA,2023,3,REG,MIA,Mike McDaniel,DEN,Sean Payton,70.0,20.0,True,1,0
2023_03_DEN_MIA,2023,3,REG,DEN,Sean Payton,MIA,Mike McDaniel,20.0,70.0,False,0,0
2023_03_HOU_JAX,2023,3,REG,JAX,Doug Pederson,HOU,DeMeco Ryans,17.0,37.0,True,0,0
2023_03_HOU_JAX,2023,3,REG,HOU,DeMeco Ryans,JAX,Doug Pederson,37.0,17.0,False,1,0
2023_03_IND_BAL,2023,3,REG,BAL,John Harbaugh,IND,Shane Steichen,19.0,22.0,True,0,0
2023_03_IND_BAL,2023,3,REG,IND,Shane Steichen,BAL,John Harbaugh,22.0,19.0,False,1,0
2023_03_LAC_MIN,2023,3,REG,MIN,Kevin O'Connell,LAC,Brandon Staley,24.0,28.0,True,0,0
2023_03_LAC_MIN,2023,3,REG,LAC,Brandon Staley,MIN,Kevin O'Connell,28.0,24.0,False,1,0
2023_03_LA_CIN,2023,3,REG,CIN,Zac Taylor,LA,Sean McVay,19.0,16.0,True,1,0
2023_03_LA_CIN,2023,3,REG,LA,Sean McVay,CIN,Zac Taylor,16.0,19.0,False,0,0
2023_03_NE_NYJ,2023,3,REG,NYJ,Robert Saleh,NE,Bill Belichick,10.0,15.0,True,0,0
2023_03_NE_NYJ,2023,3,REG,NE,Bill Belichick,NYJ,Robert Saleh,15.0,10.0,False,1,0
2023_03_NO_GB,2023,3,REG,GB,Matt LaFleur,NO,Dennis Allen,18.0,17.0,True,1,0
2023_03_NO_GB,2023,3,REG,NO,Dennis Allen,GB,Matt LaFleur,17.0,18.0,False,0,0
2023_03_NYG_SF,2023,3,REG,SF,Kyle Shanahan,NYG,Brian Daboll,30.0,12.0,True,1,0
2023_03_NYG_SF,2023,3,REG,NYG,Brian Daboll,SF,Kyle Shanahan,12.0,30.0,False,0,0
2023_03_PHI_TB,2023,3,REG,TB,Todd Bowles,PHI,Nick Sirianni,11.0,25.0,True,0,0
2023_03_PHI_TB,2023,3,REG,PHI,Nick Sirianni,TB,Todd Bowles,25.0,11.0,False,1,0
2023_03_PIT_LV,2023,3,REG,LV,Josh McDaniels,PIT,Mike Tomlin,18.0,23.0,True,0,0
2023_03_PIT_LV,2023,3,REG,PIT,Mike Tomlin,LV,Josh McDaniels,23.0,18.0,False,1,0
2023_03_TEN_CLE,2023,3,REG,CLE,Kevin Stefanski,TEN,Mike Vrabel,27.0,3.0,True,1,0
2023_03_TEN_CLE,2023,3,REG,TEN,Mike Vrabel,CLE,Kevin Stefanski,3.0,27.0,False,0,0
2023_04_ARI_SF,2023,4,REG,SF,Kyle Shanahan,ARI,Jonathan Gannon,35.0,16.0,True,1,0
2023_04_ARI_SF,2023,4,REG,ARI,Jonathan Gannon,SF,Kyle Shanahan,16.0,35.0,False,0,0
2023_04_ATL_JAX,2023,4,REG,JAX,Doug Pederson,ATL,Arthur Smith,23.0,7.0,True,1,0
2023_04_ATL_JAX,2023,4,REG,ATL,Arthur Smith,JAX,Doug Pederson,7.0,23.0,False,0,0
2023_04_BAL_CLE,2023,4,REG,CLE,Kevin Stefanski,BAL,John Harbaugh,3.0,28.0,True,0,0
2023_04_BAL_CLE,2023,4,REG,BAL,John Harbaugh,CLE,Kevin Stefanski,28.0,3.0,False,1,0
2023_04_CIN_TEN,2023,4,REG,TEN,Mike Vrabel,CIN,Zac Taylor,27.0,3.0,True,1,0
2023_04_CIN_TEN,2023,4,REG,CIN,Zac Taylor,TEN,Mike Vrabel,3.0,27.0,False,0,0
2023_04_DEN_CHI,2023,4,REG,CHI,Matt Eberflus,DEN,Sean Payton,28.0,31.0,True,0,0
2023_04_DEN_CHI,2023,4,REG,DEN,Sean Payton,CHI,Matt Eberflus,31.0,28.0,False,1,0
2023_04_DET_GB,2023,4,REG,GB,Matt LaFleur,DET,Dan Campbell,20.0,34.0,True,0,0
2023_04_DET_GB,2023,4,REG,DET,Dan Campbell,GB,Matt LaFleur,34.0,20.0,False,1,0
2023_04_KC_NYJ,2023,4,REG,NYJ,Robert Saleh,KC,Andy Reid,20.0,23.0,True,0,0
2023_04_KC_NYJ,2023,4,REG,KC,Andy Reid,NYJ,Robert Saleh,23.0,20.0,False,1,0
2023_04_LA_IND,2023,4,REG,IND,Shane Steichen,LA,Sean McVay,23.0,29.0,True,0,0
2023_04_LA_IND,2023,4,REG,LA,Sean McVay,IND,Shane Steichen,29.0,23.0,False,1,0
2023_04_LV_LAC,2023,4,REG,LAC,Brandon Staley,LV,Josh McDaniels,24.0,17.0,True,1,0
2023_04_LV_LAC,2023,4,REG,LV,Josh McDaniels,LAC,Brandon Staley,17.0,24.0,False,0,0
2023_04_MIA_BUF,2023,4,REG,BUF,Sean McDermott,MIA,Mike McDaniel,48.0,20.0,True,1,0
2023_04_MIA_BUF,2023,4,REG,MIA,Mike McDaniel,BUF,Sean McDermott,20.0,48.0,False,0,0
2023_04_MIN_CAR,2023,4,REG,CAR,Frank Reich,MIN,Kevin O'Connell,13.0,21.0,True,0,0
2023_04_MIN_CAR,2023,4,REG,MIN,Kevin O'Connell,CAR,Frank Reich,21.0,13.0,False,1,0
2023_04_NE_DAL,2023,4,REG,DAL,Mike McCarthy,NE,Bill Belichick,38.0,3.0,True,1,0
2023_04_NE_DAL,2023,4,REG,NE,Bill Belichick,DAL,Mike McCarthy,3.0,38.0,False,0,0
2023_04_PIT_HOU,2023,4,REG,HOU,DeMeco Ryans,PIT,Mike Tomlin,30.0,6.0,True,1,0
2023_04_PIT_HOU,2023,4,REG,PIT,Mike Tomlin,HOU,DeMeco Ryans,6.0,30.0,False,0,0
2023_04_SEA_NYG,2023,4,REG,NYG,Brian Daboll,SEA,Pete Carroll,3.0,24.0,True,0,0
2023_04_SEA_NYG,2023,4,REG,SEA,Pete Carroll,NYG,Brian Daboll,24.0,3.0,False,1,0
2023_04_TB_NO,2023,4,REG,NO,Dennis Allen,TB,Todd Bowles,9.0,26.0,True,0,0
2023_04_TB_NO,2023,4,REG,TB,Todd Bowles,NO,Dennis Allen,26.0,9.0,False,1,0
2023_04_WAS_PHI,2023,4,REG,PHI,Nick Sirianni,WAS,Ron Rivera,34.0,31.0,True,1,0
2023_04_WAS_PHI,2023,4,REG,WAS,Ron Rivera,PHI,Nick Sirianni,31.0,34.0,False,0,0
2023_05_BAL_PIT,2023,5,REG,PIT,Mike Tomlin,BAL,John Harbaugh,17.0,10.0,True,1,0
2023_05_BAL_PIT,2023,5,REG,BAL,John Harbaugh,PIT,Mike Tomlin,10.0,17.0,False,0,0
2023_05_CAR_DET,2023,5,REG,DET,Dan Campbell,CAR,Frank Reich,42.0,24.0,True,1,0
2023_05_CAR_DET,2023,5,REG,CAR,Frank Reich,DET,Dan Campbell,24.0,42.0,False,0,0
2023_05_CHI_WAS,2023,5,REG,WAS,Ron Rivera,CHI,Matt Eberflus,20.0,40.0,True,0,0
2023_05_CHI_WAS,2023,5,REG,CHI,Matt Eberflus,WAS,Ron Rivera,40.0,20.0,False,1,0
2023_05_CIN_ARI,2023,5,REG,ARI,Jonathan Gannon,CIN,Zac Taylor,20.0,34.0,True,0,0
2023_05_CIN_ARI,2023,5,REG,CIN,Zac Taylor,ARI,Jonathan Gannon,34.0,20.0,False,1,0
2023_05_DAL_SF,2023,5,REG,SF,Kyle Shanahan,DAL,Mike McCarthy,42.0,10.0,True,1,0
2023_05_DAL_SF,2023,5,REG,DAL,Mike McCarthy,SF,Kyle Shanahan,10.0,42.0,False,0,0
2023_05_GB_LV,2023,5,REG,LV,Josh McDaniels,GB,Matt LaFleur,17.0,13.0,True,1,0
2023_05_GB_LV,2023,5,REG,GB,Matt LaFleur,LV,Josh McDaniels,13.0,17.0,False,0,0
2023_05_HOU_ATL,2023,5,REG,ATL,Arthur Smith,HOU,DeMeco Ryans,21.0,19.0,True,1,0
2023_05_HOU_ATL,2023,5,REG,HOU,DeMeco Ryans,ATL,Arthur Smith,19.0,21.0,False,0,0
2023_05_JAX_BUF,2023,5,REG,BUF,Sean McDermott,JAX,Doug Pederson,20.0,25.0,True,0,0
2023_05_JAX_BUF,2023,5,REG,JAX,Doug Pederson,BUF,Sean McDermott,25.0,20.0,False,1,0
2023_05_KC_MIN,2023,5,REG,MIN,Kevin O'Connell,KC,Andy Reid,20.0,27.0,True,0,0
2023_05_KC_MIN,2023,5,REG,KC,Andy Reid,MIN,Kevin O'Connell,27.0,20.0,False,1,0
2023_05_NO_NE,2023,5,REG,NE,Bill Belichick,NO,Dennis Allen,0.0,34.0,True,0,0
2023_05_NO_NE,2023,5,REG,NO,Dennis Allen,NE,Bill Belichick,34.0,0.0,False,1,0
2023_05_NYG_MIA,2023,5,REG,MIA,Mike McDaniel,NYG,Brian Daboll,31.0,16.0,True,1,0
2023_05_NYG_MIA,2023,5,REG,NYG,Brian Daboll,MIA,Mike McDaniel,16.0,31.0,False,0,0
2023_05_NYJ_DEN,2023,5,REG,DEN,Sean Payton,NYJ,Robert Saleh,21.0,31.0,True,0,0
2023_05_NYJ_DEN,2023,5,REG,NYJ,Robert Saleh,DEN,Sean Payton,31.0,21.0,False,1,0
2023_05_PHI_LA,2023,5,REG,LA,Sean McVay,PHI,Nick Sirianni,14.0,23.0,True,0,0
2023_05_PHI_LA,2023,5,REG,PHI,Nick Sirianni,LA,Sean McVay,23.0,14.0,False,1,0
2023_05_TEN_IND,2023,5,REG,IND,Shane Steichen,TEN,Mike Vrabel,23.0,16.0,True,1,0
2023_05_TEN_IND,2023,5,REG,TEN,Mike Vrabel,IND,Shane Steichen,16.0,23.0,False,0,0
2023_06_ARI_LA,2023,6,REG,LA,Sean McVay,ARI,Jonathan Gannon,26.0,9.0,True,1,0
2023_06_ARI_LA,2023,6,REG,ARI,Jonathan Gannon,LA,Sean McVay,9.0,26.0,False,0,0
2023_06_BAL_TEN,2023,6,REG,TEN,Mike Vrabel,BAL,John Harbaugh,16.0,24.0,True,0,0
2023_06_BAL_TEN,2023,6,REG,BAL,John Harbaugh,TEN,Mike Vrabel,24.0,16.0,False,1,0
2023_06_CAR_MIA,2023,6,REG,MIA,Mike McDaniel,CAR,Frank Reich,42.0,21.0,True,1,0
2023_06_CAR_MIA,2023,6,REG,CAR,Frank Reich,MIA,Mike McDaniel,21.0,42.0,False,0,0
2023_06_DAL_LAC,2023,6,REG,LAC,Brandon Staley,DAL,Mike McCarthy,17.0,20.0,True,0,0
2023_06_DAL_LAC,2023,6,REG,DAL,Mike McCarthy,LAC,Brandon Staley,20.0,17.0,False,1,0
2023_06_DEN_KC,2023,6,REG,KC,Andy Reid,DEN,Sean Payton,19.0,8.0,True,1,0
2023_06_DEN_KC,2023,6,REG,DEN,Sean Payton,KC,Andy Reid,8.0,19.0,False,0,0
2023_06_DET_TB,2023,6,REG,TB,Todd Bowles,DET,Dan Campbell,6.0,20.0,True,0,0
2023_06_DET_TB,2023,6,REG,DET,Dan Campbell,TB,Todd Bowles,20.0,6.0,False,1,0
2023_06_IND_JAX,2023,6,REG,JAX,Doug Pederson,IND,Shane Steichen,37.0,20.0,True,1,0
2023_06_IND_JAX,2023,6,REG,IND,Shane Steichen,JAX,Doug Pederson,20.0,37.0,False,0,0
2023_06_MIN_CHI,2023,6,REG,CHI,Matt Eberflus,MIN,Kevin O'Connell,13.0,19.0,True,0,0
2023_06_MIN_CHI,2023,6,REG,MIN,Kevin O'Connell,CHI,Matt Eberflus,19.0,13.0,False,1,0
2023_06_NE_LV,2023,6,REG,LV,Josh McDaniels,NE,Bill Belichick,21.0,17.0,True,1,0
2023_06_NE_LV,2023,6,REG,NE,Bill Belichick,LV,Josh McDaniels,17.0,21.0,False,0,0
2023_06_NO_HOU,2023,6,REG,HOU,DeMeco Ryans,NO,Dennis Allen,20.0,13.0,True,1,0
2023_06_NO_HOU,2023,6,REG,NO,Dennis Allen,HOU,DeMeco Ryans,13.0,20.0,False,0,0
2023_06_NYG_BUF,2023,6,REG,BUF,Sean McDermott,NYG,Brian Daboll,14.0,9.0,True,1,0
2023_06_NYG_BUF,2023,6,REG,NYG,Brian Daboll,BUF,Sean McDermott,9.0,14.0,False,0,0
2023_06_PHI_NYJ,2023,6,REG,NYJ,Robert Saleh,PHI,Nick Sirianni,20.0,14.0,True,1,0
2023_06_PHI_NYJ,2023,6,REG,PHI,Nick Sirianni,NYJ,Robert Saleh,14.0,20.0,False,0,0
2023_06_SEA_CIN,2023,6,REG,CIN,Zac Taylor,SEA,Pete Carroll,17.0,13.0,True,1,0
2023_06_SEA_CIN,2023,6,REG,SEA,Pete Carroll,CIN,Zac Taylor,13.0,17.0,False,0,0
2023_06_SF_CLE,2023,6,REG,CLE,Kevin Stefanski,SF,Kyle Shanahan,19.0,17.0,True,1,0
2023_06_SF_CLE,2023,6,REG,SF,Kyle Shanahan,CLE,Kevin Stefanski,17.0,19.0,False,0,0
2023_06_WAS_ATL,2023,6,REG,ATL,Arthur Smith,WAS,Ron Rivera,16.0,24.0,True,0,0
2023_06_WAS_ATL,2023,6,REG,WAS,Ron Rivera,ATL,Arthur Smith,24.0,16.0,False,1,0
2023_07_ARI_SEA,2023,7,REG,SEA,Pete Carroll,ARI,Jonathan Gannon,20.0,10.0,True,1,0
2023_07_ARI_SEA,2023,7,REG,ARI,Jonathan Gannon,SEA,Pete Carroll,10.0,20.0,False,0,0
2023_07_ATL_TB,2023,7,REG,TB,Todd Bowles,ATL,Arthur Smith,13.0,16.0,True,0,0
2023_07_ATL_TB,2023,7,REG,ATL,Arthur Smith,TB,Todd Bowles,16.0,13.0,False,1,0
2023_07_BUF_NE,2023,7,REG,NE,Bill Belichick,BUF,Sean McDermott,29.0,25.0,True,1,0
2023_07_BUF_NE,2023,7,REG,BUF,Sean McDermott,NE,Bill Belichick,25.0,29.0,False,0,0
2023_07_CLE_IND,2023,7,REG,IND,Shane Steichen,CLE,Kevin Stefanski,38.0,39.0,True,0,0
2023_07_CLE_IND,2023,7,REG,CLE,Kevin Stefanski,IND,Shane Steichen,39.0,38.0,False,1,0
2023_07_DET_BAL,2023,7,REG,BAL,John Harbaugh,DET,Dan Campbell,38.0,6.0,True,1,0
2023_07_DET_BAL,2023,7,REG,DET,Dan Campbell,BAL,John Harbaugh,6.0,38.0,False,0,0
2023_07_GB_DEN,2023,7,REG,DEN,Sean Payton,GB,Matt LaFleur,19.0,17.0,True,1,0
2023_07_GB_DEN,2023,7,REG,GB,Matt LaFleur,DEN,Sean Payton,17.0,19.0,False,0,0
2023_07_JAX_NO,2023,7,REG,NO,Dennis Allen,JAX,Doug Pederson,24.0,31.0,True,0,0
2023_07_JAX_NO,2023,7,REG,JAX,Doug Pederson,NO,Dennis Allen,31.0,24.0,False,1,0
2023_07_LAC_KC,2023,7,REG,KC,Andy Reid,LAC,Brandon Staley,31.0,17.0,True,1,0
2023_07_LAC_KC,2023,7,REG,LAC,Brandon Staley,KC,Andy Reid,17.0,31.0,False,0,0
2023_07_LV_CHI,2023,7,REG,CHI,Matt Eberflus,LV,Josh McDaniels,30.0,12.0,True,1,0
2023_07_LV_CHI,2023,7,REG,LV,Josh McDaniels,CHI,Matt Eberflus,12.0,30.0,False,0,0
2023_07_MIA_PHI,2023,7,REG,PHI,Nick Sirianni,MIA,Mike McDaniel,31.0,17.0,True,1,0
2023_07_MIA_PHI,2023,7,REG,MIA,Mike McDaniel,PHI,Nick Sirianni,17.0,31.0,False,0,0
2023_07_PIT_LA,2023,7,REG,LA,Sean McVay,PIT,Mike Tomlin,17.0,24.0,True,0,0
2023_07_PIT_LA,2023,7,REG,PIT,Mike Tomlin,LA,Sean McVay,24.0,17.0,False,1,0
2023_07_SF_MIN,2023,7,REG,MIN,Kevin O'Connell,SF,Kyle Shanahan,22.0,17.0,True,1,0
2023_07_SF_MIN,2023,7,REG,SF,Kyle Shanahan,MIN,Kevin O'Connell,17.0,22.0,False,0,0
2023_07_WAS_NYG,2023,7,REG,NYG,Brian Daboll,WAS,Ron Rivera,14.0,7.0,True,1,0
2023_07_WAS_NYG,2023,7,REG,WAS,Ron Rivera,NYG,Brian Daboll,7.0,14.0,False,0,0
2023_08_ATL_TEN,2023,8,REG,TEN,Mike Vrabel,ATL,Arthur Smith,28.0,23.0,True,1,0
2023_08_ATL_TEN,2023,8,REG,ATL,Arthur Smith,TEN,Mike Vrabel,23.0,28.0,False,0,0
2023_08_BAL_ARI,2023,8,REG,ARI,Jonathan Gannon,BAL,John Harbaugh,24.0,31.0,True,0,0
2023_08_BAL_ARI,2023,8,REG,BAL,John Harbaugh,ARI,Jonathan Gannon,31.0,24.0,False,1,0
2023_08_CHI_LAC,2023,8,REG,LAC,Brandon Staley,CHI,Matt Eberflus,30.0,13.0,True,1,0
2023_08_CHI_LAC,2023,8,REG,CHI,Matt Eberflus,LAC,Brandon Staley,13.0,30.0,False,0,0
2023_08_CIN_SF,2023,8,REG,SF,Kyle Shanahan,CIN,Zac Taylor,17.0,31.0,True,0,0
2023_08_CIN_SF,2023,8,REG,CIN,Zac Taylor,SF,Kyle Shanahan,31.0,17.0,False,1,0
2023_08_CLE_SEA,2023,8,REG,SEA,Pete Carroll,CLE,Kevin Stefanski,24.0,20.0,True,1,0
2023_08_CLE_SEA,2023,8,REG,CLE,Kevin Stefanski,SEA,Pete Carroll,20.0,24.0,False,0,0
2023_08_HOU_CAR,2023,8,REG,CAR,Frank Reich,HOU,DeMeco Ryans,15.0,13.0,True,1,0
2023_08_HOU_CAR,2023,8,REG,HOU,DeMeco Ryans,CAR,Frank Reich,13.0,15.0,False,0,0
2023_08_JAX_PIT,2023,8,REG,PIT,Mike Tomlin,JAX,Doug Pederson,10.0,20.0,True,0,0
2023_08_JAX_PIT,2023,8,REG,JAX,Doug Pederson,PIT,Mike Tomlin,20.0,10.0,False,1,0
2023_08_KC_DEN,2023,8,REG,DEN,Sean Payton,KC,Andy Reid,24.0,9.0,True,1,0
2023_08_KC_DEN,2023,8,REG,KC,Andy Reid,DEN,Sean Payton,9.0,24.0,False,0,0
2023_08_LA_DAL,2023,8,REG,DAL,Mike McCarthy,LA,Sean McVay,43.0,20.0,True,1,0
2023_08_LA_DAL,2023,8,REG,LA,Sean McVay,DAL,Mike McCarthy,20.0,43.0,False,0,0
2023_08_LV_DET,2023,8,REG,DET,Dan Campbell,LV,Josh McDaniels,26.0,14.0,True,1,0
2023_08_LV_DET,2023,8,REG,LV,Josh McDaniels,DET,Dan Campbell,14.0,26.0,False,0,0
2023_08_MIN_GB,2023,8,REG,GB,Matt LaFleur,MIN,Kevin O'Connell,10.0,24.0,True,0,0
2023_08_MIN_GB,2023,8,REG,MIN,Kevin O'Connell,GB,Matt LaFleur,24.0,10.0,False,1,0
2023_08_NE_MIA,2023,8,REG,MIA,Mike McDaniel,NE,Bill Belichick,31.0,17.0,True,1,0
2023_08_NE_MIA,2023,8,REG,NE,Bill Belichick,MIA,Mike McDaniel,17.0,31.0,False,0,0
2023_08_NO_IND,2023,8,REG,IND,Shane Steichen,NO,Dennis Allen,27.0,38.0,True,0,0
2023_08_NO_IND,2023,8,REG,NO,Dennis Allen,IND,Shane Steichen,38.0,27.0,False,1,0
2023_08_NYJ_NYG,2023,8,REG,NYG,Brian Daboll,NYJ,Robert Saleh,10.0,13.0,True,0,0
2023_08_NYJ_NYG,2023,8,REG,NYJ,Robert Saleh,NYG,Brian Daboll,13.0,10.0,False,1,0
2023_08_PHI_WAS,2023,8,REG,WAS,Ron Rivera,PHI,Nick Sirianni,31.0,38.0,True,0,0
2023_08_PHI_WAS,2023,8,REG,PHI,Nick Sirianni,WAS,Ron Rivera,38.0,31.0,False,1,0
2023_08_TB_BUF,2023,8,REG,BUF,Sean McDermott,TB,Todd Bowles,24.0,18.0,True,1,0
2023_08_TB_BUF,2023,8,REG,TB,Todd Bowles,BUF,Sean McDermott,18.0,24.0,False,0,0
2023_09_ARI_CLE,2023,9,REG,CLE,Kevin Stefanski,ARI,Jonathan Gannon,27.0,0.0,True,1,0
2023_09_ARI_CLE,2023,9,REG,ARI,Jonathan Gannon,CLE,Kevin Stefanski,0.0,27.0,False,0,0
2023_09_BUF_CIN,2023,9,REG,CIN,Zac Taylor,BUF,Sean McDermott,24.0,18.0,True,1,0
2023_09_BUF_CIN,2023,9,REG,BUF,Sean McDermott,CIN,Zac Taylor,18.0,24.0,False,0,0
2023_09_CHI_NO,2023,9,REG,NO,Dennis Allen,CHI,Matt Eberflus,24.0,17.0,True,1,0
2023_09_CHI_NO,2023,9,REG,CHI,Matt Eberflus,NO,Dennis Allen,17.0,24.0,False,0,0
2023_09_DAL_PHI,2023,9,REG,PHI,Nick Sirianni,DAL,Mike McCarthy,28.0,23.0,True,1,0
2023_09_DAL_PHI,2023,9,REG,DAL,Mike McCarthy,PHI,Nick Sirianni,23.0,28.0,False,0,0
2023_09_IND_CAR,2023,9,REG,CAR,Frank Reich,IND,Shane Steichen,13.0,27.0,True,0,0
2023_09_IND_CAR,2023,9,REG,IND,Shane Steichen,CAR,Frank Reich,27.0,13.0,False,1,0
2023_09_LAC_NYJ,2023,9,REG,NYJ,Robert Saleh,LAC,Brandon Staley,6.0,27.0,True,0,0
2023_09_LAC_NYJ,2023,9,REG,LAC,Brandon Staley,NYJ,Robert Saleh,27.0,6.0,False,1,0
2023_09_LA_GB,2023,9,REG,GB,Matt LaFleur,LA,Sean McVay,20.0,3.0,True,1,0
2023_09_LA_GB,2023,9,REG,LA,Sean McVay,GB,Matt LaFleur,3.0,20.0,False,0,0
2023_09_MIA_KC,2023,9,REG,KC,Andy Reid,MIA,Mike McDaniel,21.0,14.0,True,1,0
2023_09_MIA_KC,2023,9,REG,MIA,Mike McDaniel,KC,Andy Reid,14.0,21.0,False,0,0
2023_09_MIN_ATL,2023,9,REG,ATL,Arthur Smith,MIN,Kevin O'Connell,28.0,31.0,True,0,0
2023_09_MIN_ATL,2023,9,REG,MIN,Kevin O'Connell,ATL,Arthur Smith,31.0,28.0,False,1,0
2023_09_NYG_LV,2023,9,REG,LV,Antonio Pierce,NYG,Brian Daboll,30.0,6.0,True,1,0
2023_09_NYG_LV,2023,9,REG,NYG,Brian Daboll,LV,Antonio Pierce,6.0,30.0,False,0,0
2023_09_SEA_BAL,2023,9,REG,BAL,John Harbaugh,SEA,Pete Carroll,37.0,3.0,True,1,0
2023_09_SEA_BAL,2023,9,REG,SEA,Pete Carroll,BAL,John Harbaugh,3.0,37.0,False,0,0
2023_09_TB_HOU,2023,9,REG,HOU,DeMeco Ryans,TB,Todd Bowles,39.0,37.0,True,1,0
2023_09_TB_HOU,2023,9,REG,TB,Todd Bowles,HOU,DeMeco Ryans,37.0,39.0,False,0,0
2023_09_TEN_PIT,2023,9,REG,PIT,Mike Tomlin,TEN,Mike Vrabel,20.0,16.0,True,1,0
2023_09_TEN_PIT,2023,9,REG,TEN,Mike Vrabel,PIT,Mike Tomlin,16.0,20.0,False,0,0
2023_09_WAS_NE,2023,9,REG,NE,Bill Belichick,WAS,Ron Rivera,17.0,20.0,True,0,0
2023_09_WAS_NE,2023,9,REG,WAS,Ron Rivera,NE,Bill Belichick,20.0,17.0,False,1,0
2023_10_ATL_ARI,2023,10,REG,ARI,Jonathan Gannon,ATL,Arthur Smith,25.0,23.0,True,1,0
2023_10_ATL_ARI,2023,10,REG,ATL,Arthur Smith,ARI,Jonathan Gannon,23.0,25.0,False,0,0
2023_10_CAR_CHI,2023,10,REG,CHI,Matt Eberflus,CAR,Frank Reich,16.0,13.0,True,1,0
2023_10_CAR_CHI,2023,10,REG,CAR,Frank Reich,CHI,Matt Eberflus,13.0,16.0,False,0,0
2023_10_CLE_BAL,2023,10,REG,BAL,John Harbaugh,CLE,Kevin Stefanski,31.0,33.0,True,0,0
2023_10_CLE_BAL,2023,10,REG,CLE,Kevin Stefanski,BAL,John Harbaugh,33.0,31.0,False,1,0
2023_10_DEN_BUF,2023,10,REG,BUF,Sean McDermott,DEN,Sean Payton,22.0,24.0,True,0,0
2023_10_DEN_BUF,2023,10,REG,DEN,Sean Payton,BUF,Sean McDermott,24.0,22.0,False,1,0
2023_10_DET_LAC,2023,10,REG,LAC,Brandon Staley,DET,Dan Campbell,38.0,41.0,True,0,0
2023_10_DET_LAC,2023,10,REG,DET,Dan Campbell,LAC,Brandon Staley,41.0,38.0,False,1,0
2023_10_GB_PIT,2023,10,REG,PIT,Mike Tomlin,GB,Matt LaFleur,23.0,19.0,True,1,0
2023_10_GB_PIT,2023,10,REG,GB,Matt LaFleur,PIT,Mike Tomlin,19.0,23.0,False,0,0
2023_10_HOU_CIN,2023,10,REG,CIN,Zac Taylor,HOU,DeMeco Ryans,27.0,30.0,True,0,0
2023_10_HOU_CIN,2023,10,REG,HOU,DeMeco Ryans,CIN,Zac Taylor,30.0,27.0,False,1,0
2023_10_IND_NE,2023,10,REG,NE,Bill Belichick,IND,Shane Steichen,6.0,10.0,True,0,0
2023_10_IND_NE,2023,10,REG,IND,Shane Steichen,NE,Bill Belichick,10.0,6.0,False,1,0
2023_10_NO_MIN,2023,10,REG,MIN,Kevin O'Connell,NO,Dennis Allen,27.0,19.0,True,1,0
2023_10_NO_MIN,2023,10,REG,NO,Dennis Allen,MIN,Kevin O'Connell,19.0,27.0,False,0,0
2023_10_NYG_DAL,2023,10,REG,DAL,Mike McCarthy,NYG,Brian Daboll,49.0,17.0,True,1,0
2023_10_NYG_DAL,2023,10,REG,NYG,Brian Daboll,DAL,Mike McCarthy,17.0,49.0,False,0,0
2023_10_NYJ_LV,2023,10,REG,LV,Antonio Pierce,NYJ,Robert Saleh,16.0,12.0,True,1,0
2023_10_NYJ_LV,2023,10,REG,NYJ,Robert Saleh,LV,Antonio Pierce,12.0,16.0,False,0,0
2023_10_SF_JAX,2023,10,REG,JAX,Doug Pederson,SF,Kyle Shanahan,3.0,34.0,True,0,0
2023_10_SF_JAX,2023,10,REG,SF,Kyle Shanahan,JAX,Doug Pederson,34.0,3.0,False,1,0
2023_10_TEN_TB,2023,10,REG,TB,Todd Bowles,TEN,Mike Vrabel,20.0,6.0,True,1,0
2023_10_TEN_TB,2023,10,REG,TEN,Mike Vrabel,TB,Todd Bowles,6.0,20.0,False,0,0
2023_10_WAS_SEA,2023,10,REG,SEA,Pete Carroll,WAS,Ron Rivera,29.0,26.0,True,1,0
2023_10_WAS_SEA,2023,10,REG,WAS,Ron Rivera,SEA,Pete Carroll,26.0,29.0,False,0,0
2023_11_ARI_HOU,2023,11,REG,HOU,DeMeco Ryans,ARI,Jonathan Gannon,21.0,16.0,True,1,0
2023_11_ARI_HOU,2023,11,REG,ARI,Jonathan Gannon,HOU,DeMeco Ryans,16.0,21.0,False,0,0
2023_11_CHI_DET,2023,11,REG,DET,Dan Campbell,CHI,Matt Eberflus,31.0,26.0,True,1,0
2023_11_CHI_DET,2023,11,REG,CHI,Matt Eberflus,DET,Dan Campbell,26.0,31.0,False,0,0
2023_11_CIN_BAL,2023,11,REG,BAL,John Harbaugh,CIN,Zac Taylor,34.0,20.0,True,1,0
2023_11_CIN_BAL,2023,11,REG,CIN,Zac Taylor,BAL,John Harbaugh,20.0,34.0,False,0,0
2023_11_DAL_CAR,2023,11,REG,CAR,Frank Reich,DAL,Mike McCarthy,10.0,33.0,True,0,0
2023_11_DAL_CAR,2023,11,REG,DAL,Mike McCarthy,CAR,Frank Reich,33.0,10.0,False,1,0
2023_11_LAC_GB,2023,11,REG,GB,Matt LaFleur,LAC,Brandon Staley,23.0,20.0,True,1,0
2023_11_LAC_GB,2023,11,REG,LAC,Brandon Staley,GB,Matt LaFleur,20.0,23.0,False,0,0
2023_11_LV_MIA,2023,11,REG,MIA,Mike McDaniel,LV,Antonio Pierce,20.0,13.0,True,1,0
2023_11_LV_MIA,2023,11,REG,LV,Antonio Pierce,MIA,Mike McDaniel,13.0,20.0,False,0,0
2023_11_MIN_DEN,2023,11,REG,DEN,Sean Payton,MIN,Kevin O'Connell,21.0,20.0,True,1,0
2023_11_MIN_DEN,2023,11,REG,MIN,Kevin O'Connell,DEN,Sean Payton,20.0,21.0,False,0,0
2023_11_NYG_WAS,2023,11,REG,WAS,Ron Rivera,NYG,Brian Daboll,19.0,31.0,True,0,0
2023_11_NYG_WAS,2023,11,REG,NYG,Brian Daboll,WAS,Ron Rivera,31.0,19.0,False,1,0
2023_11_NYJ_BUF,2023,11,REG,BUF,Sean McDermott,NYJ,Robert Saleh,32.0,6.0,True,1,0
2023_11_NYJ_BUF,2023,11,REG,NYJ,Robert Saleh,BUF,Sean McDermott,6.0,32.0,False,0,0
2023_11_PHI_KC,2023,11,REG,KC,Andy Reid,PHI,Nick Sirianni,17.0,21.0,True,0,0
2023_11_PHI_KC,2023,11,REG,PHI,Nick Sirianni,KC,Andy Reid,21.0,17.0,False,1,0
2023_11_PIT_CLE,2023,11,REG,CLE,Kevin Stefanski,PIT,Mike Tomlin,13.0,10.0,True,1,0
2023_11_PIT_CLE,2023,11,REG,PIT,Mike Tomlin,CLE,Kevin Stefanski,10.0,13.0,False,0,0
2023_11_SEA_LA,2023,11,REG,LA,Sean McVay,SEA,Pete Carroll,17.0,16.0,True,1,0
2023_11_SEA_LA,2023,11,REG,SEA,Pete Carroll,LA,Sean McVay,16.0,17.0,False,0,0
2023_11_TB_SF,2023,11,REG,SF,Kyle Shanahan,TB,Todd Bowles,27.0,14.0,True,1,0
2023_11_TB_SF,2023,11,REG,TB,Todd Bowles,SF,Kyle Shanahan,14.0,27.0,False,0,0
2023_11_TEN_JAX,2023,11,REG,JAX,Doug Pederson,TEN,Mike Vrabel,34.0,14.0,True,1,0
2023_11_TEN_JAX,2023,11,REG,TEN,Mike Vrabel,JAX,Doug Pederson,14.0,34.0,False,0,0
2023_12_BAL_LAC,2023,12,REG,LAC,Brandon Staley,BAL,John Harbaugh,10.0,20.0,True,0,0
2023_12_BAL_LAC,2023,12,REG,BAL,John Harbaugh,LAC,Brandon Staley,20.0,10.0,False,1,0
2023_12_BUF_PHI,2023,12,REG,PHI,Nick Sirianni,BUF,Sean McDermott,37.0,34.0,True,1,0
2023_12_BUF_PHI,2023,12,REG,BUF,Sean McDermott,PHI,Nick Sirianni,34.0,37.0,False,0,0
2023_12_CAR_TEN,2023,12,REG,TEN,Mike Vrabel,CAR,Frank Reich,17.0,10.0,True,1,0
2023_12_CAR_TEN,2023,12,REG,CAR,Frank Reich,TEN,Mike Vrabel,10.0,17.0,False,0,0
2023_12_CHI_MIN,2023,12,REG,MIN,Kevin O'Connell,CHI,Matt Eberflus,10.0,12.0,True,0,0
2023_12_CHI_MIN,2023,12,REG,CHI,Matt Eberflus,MIN,Kevin O'Connell,12.0,10.0,False,1,0
2023_12_CLE_DEN,2023,12,REG,DEN,Sean Payton,CLE,Kevin Stefanski,29.0,12.0,True,1,0
2023_12_CLE_DEN,2023,12,REG,CLE,Kevin Stefanski,DEN,Sean Payton,12.0,29.0,False,0,0
2023_12_GB_DET,2023,12,REG,DET,Dan Campbell,GB,Matt LaFleur,22.0,29.0,True,0,0
2023_12_GB_DET,2023,12,REG,GB,Matt LaFleur,DET,Dan Campbell,29.0,22.0,False,1,0
2023_12_JAX_HOU,2023,12,REG,HOU,DeMeco Ryans,JAX,Doug Pederson,21.0,24.0,True,0,0
2023_12_JAX_HOU,2023,12,REG,JAX,Doug Pederson,HOU,DeMeco Ryans,24.0,21.0,False,1,0
2023_12_KC_LV,2023,12,REG,LV,Antonio Pierce,KC,Andy Reid,17.0,31.0,True,0,0
2023_12_KC_LV,2023,12,REG,KC,Andy Reid,LV,Antonio Pierce,31.0,17.0,False,1,0
2023_12_LA_ARI,2023,12,REG,ARI,Jonathan Gannon,LA,Sean McVay,14.0,37.0,True,0,0
2023_12_LA_ARI,2023,12,REG,LA,Sean McVay,ARI,Jonathan Gannon,37.0,14.0,False,1,0
2023_12_MIA_NYJ,2023,12,REG,NYJ,Robert Saleh,MIA,Mike McDaniel,13.0,34.0,True,0,0
2023_12_MIA_NYJ,2023,12,REG,MIA,Mike McDaniel,NYJ,Robert Saleh,34.0,13.0,False,1,0
2023_12_NE_NYG,2023,12,REG,NYG,Brian Daboll,NE,Bill Belichick,10.0,7.0,True,1,0
2023_12_NE_NYG,2023,12,REG,NE,Bill Belichick,NYG,Brian Daboll,7.0,10.0,False,0,0
2023_12_NO_ATL,2023,12,REG,ATL,Arthur Smith,NO,Dennis Allen,24.0,15.0,True,1,0
2023_12_NO_ATL,2023,12,REG,NO,Dennis Allen,ATL,Arthur Smith,15.0,24.0,False,0,0
2023_12_PIT_CIN,2023,12,REG,CIN,Zac Taylor,PIT,Mike Tomlin,10.0,16.0,True,0,0
2023_12_PIT_CIN,2023,12,REG,PIT,Mike Tomlin,CIN,Zac Taylor,16.0,10.0,False,1,0
2023_12_SF_SEA,2023,12,REG,SEA,Pete Carroll,SF,Kyle Shanahan,13.0,31.0,True,0,0
2023_12_SF_SEA,2023,12,REG,SF,Kyle Shanahan,SEA,Pete Carroll,31.0,13.0,False,1,0
2023_12_TB_IND,2023,12,REG,IND,Shane Steichen,TB,Todd Bowles,27.0,20.0,True,1,0
2023_12_TB_IND,2023,12,REG,TB,Todd Bowles,IND,Shane Steichen,20.0,27.0,False,0,0
2023_12_WAS_DAL,2023,12,REG,DAL,Mike McCarthy,WAS,Ron Rivera,45.0,10.0,True,1,0
2023_12_WAS_DAL,2023,12,REG,WAS,Ron Rivera,DAL,Mike McCarthy,10.0,45.0,False,0,0
2023_13_ARI_PIT,2023,13,REG,PIT,Mike Tomlin,ARI,Jonathan Gannon,10.0,24.0,True,0,0
2023_13_ARI_PIT,2023,13,REG,ARI,Jonathan Gannon,PIT,Mike Tomlin,24.0,10.0,False,1,0
2023_13_ATL_NYJ,2023,13,REG,NYJ,Robert Saleh,ATL,Arthur Smith,8.0,13.0,True,0,0
2023_13_ATL_NYJ,2023,13,REG,ATL,Arthur Smith,NYJ,Robert Saleh,13.0,8.0,False,1,0
2023_13_CAR_TB,2023,13,REG,TB,Todd Bowles,CAR,Chris Tabor,21.0,18.0,True,1,0
2023_13_CAR_TB,2023,13,REG,CAR,Chris Tabor,TB,Todd Bowles,18.0,21.0,False,0,0
2023_13_CIN_JAX,2023,13,REG,JAX,Doug Pederson,CIN,Zac Taylor,31.0,34.0,True,0,0
2023_13_CIN_JAX,2023,13,REG,CIN,Zac Taylor,JAX,Doug Pederson,34.0,31.0,False,1,0
2023_13_CLE_LA,2023,13,REG,LA,Sean McVay,CLE,Kevin Stefanski,36.0,19.0,True,1,0
2023_13_CLE_LA,2023,13,REG,CLE,Kevin Stefanski,LA,Sean McVay,19.0,36.0,False,0,0
2023_13_DEN_HOU,2023,13,REG,HOU,DeMeco Ryans,DEN,Sean Payton,22.0,17.0,True,1,0
2023_13_DEN_HOU,2023,13,REG,DEN,Sean Payton,HOU,DeMeco Ryans,17.0,22.0,False,0,0
2023_13_DET_NO,2023,13,REG,NO,Dennis Allen,DET,Dan Campbell,28.0,33.0,True,0,0
2023_13_DET_NO,2023,13,REG,DET,Dan Campbell,NO,Dennis Allen,33.0,28.0,False,1,0
2023_13_IND_TEN,2023,13,REG,TEN,Mike Vrabel,IND,Shane Steichen,28.0,31.0,True,0,0
2023_13_IND_TEN,2023,13,REG,IND,Shane Steichen,TEN,Mike Vrabel,31.0,28.0,False,1,0
2023_13_KC_GB,2023,13,REG,GB,Matt LaFleur,KC,Andy Reid,27.0,19.0,True,1,0
2023_13_KC_GB,2023,13,REG,KC,Andy Reid,GB,Matt LaFleur,19.0,27.0,False,0,0
2023_13_LAC_NE,2023,13,REG,NE,Bill Belichick,LAC,Brandon Staley,0.0,6.0,True,0,0
2023_13_LAC_NE,2023,13,REG,LAC,Brandon Staley,NE,Bill Belichick,6.0,0.0,False,1,0
2023_13_MIA_WAS,2023,13,REG,WAS,Ron Rivera,MIA,Mike McDaniel,15.0,45.0,True,0,0
2023_13_MIA_WAS,2023,13,REG,MIA,Mike McDaniel,WAS,Ron Rivera,45.0,15.0,False,1,0
2023_13_SEA_DAL,2023,13,REG,DAL,Mike McCarthy,SEA,Pete Carroll,41.0,35.0,True,1,0
2023_13_SEA_DAL,2023,13,REG,SEA,Pete Carroll,DAL,Mike McCarthy,35.0,41.0,False,0,0
2023_13_SF_PHI,2023,13,REG,PHI,Nick Sirianni,SF,Kyle Shanahan,19.0,42.0,True,0,0
2023_13_SF_PHI,2023,13,REG,SF,Kyle Shanahan,PHI,Nick Sirianni,42.0,19.0,False,1,0
2023_14_BUF_KC,2023,14,REG,KC,Andy Reid,BUF,Sean McDermott,17.0,20.0,True,0,0
2023_14_BUF_KC,2023,14,REG,BUF,Sean McDermott,KC,Andy Reid,20.0,17.0,False,1,0
2023_14_CAR_NO,2023,14,REG,NO,Dennis Allen,CAR,Chris Tabor,28.0,6.0,True,1,0
2023_14_CAR_NO,2023,14,REG,CAR,Chris Tabor,NO,Dennis Allen,6.0,28.0,False,0,0
2023_14_DEN_LAC,2023,14,REG,LAC,Brandon Staley,DEN,Sean Payton,7.0,24.0,True,0,0
2023_14_DEN_LAC,2023,14,REG,DEN,Sean Payton,LAC,Brandon Staley,24.0,7.0,False,1,0
2023_14_DET_CHI,2023,14,REG,CHI,Matt Eberflus,DET,Dan Campbell,28.0,13.0,True,1,0
2023_14_DET_CHI,2023,14,REG,DET,Dan Campbell,CHI,Matt Eberflus,13.0,28.0,False,0,0
2023_14_GB_NYG,2023,14,REG,NYG,Brian Daboll,GB,Matt LaFleur,24.0,22.0,True,1,0
2023_14_GB_NYG,2023,14,REG,GB,Matt LaFleur,NYG,Brian Daboll,22.0,24.0,False,0,0
2023_14_HOU_NYJ,2023,14,REG,NYJ,Robert Saleh,HOU,DeMeco Ryans,30.0,6.0,True,1,0
2023_14_HOU_NYJ,2023,14,REG,HOU,DeMeco Ryans,NYJ,Robert Saleh,6.0,30.0,False,0,0
2023_14_IND_CIN,2023,14,REG,CIN,Zac Taylor,IND,Shane Steichen,34.0,14.0,True,1,0
2023_14_IND_CIN,2023,14,REG,IND,Shane Steichen,CIN,Zac Taylor,14.0,34.0,False,0,0
2023_14_JAX_CLE,2023,14,REG,CLE,Kevin Stefanski,JAX,Doug Pederson,31.0,27.0,True,1,0
2023_14_JAX_CLE,2023,14,REG,JAX,Doug Pederson,CLE,Kevin Stefanski,27.0,31.0,False,0,0
2023_14_LA_BAL,2023,14,REG,BAL,John Harbaugh,LA,Sean McVay,37.0,31.0,True,1,0
2023_14_LA_BAL,2023,14,REG,LA,Sean McVay,BAL,John Harbaugh,31.0,37.0,False,0,0
2023_14_MIN_LV,2023,14,REG,LV,Antonio Pierce,MIN,Kevin O'Connell,0.0,3.0,True,0,0
2023_14_MIN_LV,2023,14,REG,MIN,Kevin O'Connell,LV,Antonio Pierce,3.0,0.0,False,1,0
2023_14_NE_PIT,2023,14,REG,PIT,Mike Tomlin,NE,Bill Belichick,18.0,21.0,True,0,0
2023_14_NE_PIT,2023,14,REG,NE,Bill Belichick,PIT,Mike Tomlin,21.0,18.0,False,1,0
2023_14_PHI_DAL,2023,14,REG,DAL,Mike McCarthy,PHI,Nick Sirianni,33.0,13.0,True,1,0
2023_14_PHI_DAL,2023,14,REG,PHI,Nick Sirianni,DAL,Mike McCarthy,13.0,33.0,False,0,0
2023_14_SEA_SF,2023,14,REG,SF,Kyle Shanahan,SEA,Pete Carroll,28.0,16.0,True,1,0
2023_14_SEA_SF,2023,14,REG,SEA,Pete Carroll,SF,Kyle Shanahan,16.0,28.0,False,0,0
2023_14_TB_ATL,2023,14,REG,ATL,Arthur Smith,TB,Todd Bowles,25.0,29.0,True,0,0
2023_14_TB_ATL,2023,14,REG,TB,Todd Bowles,ATL,Arthur Smith,29.0,25.0,False,1,0
2023_14_TEN_MIA,2023,14,REG,MIA,Mike McDaniel,TEN,Mike Vrabel,27.0,28.0,True,0,0
2023_14_TEN_MIA,2023,14,REG,TEN,Mike Vrabel,MIA,Mike McDaniel,28.0,27.0,False,1,0
2023_15_ATL_CAR,2023,15,REG,CAR,Chris Tabor,ATL,Arthur Smith,9.0,7.0,True,1,0
2023_15_ATL_CAR,2023,15,REG,ATL,Arthur Smith,CAR,Chris Tabor,7.0,9.0,False,0,0
2023_15_BAL_JAX,2023,15,REG,JAX,Doug Pederson,BAL,John Harbaugh,7.0,23.0,True,0,0
2023_15_BAL_JAX,2023,15,REG,BAL,John Harbaugh,JAX,Doug Pederson,23.0,7.0,False,1,0
2023_15_CHI_CLE,2023,15,REG,CLE,Kevin Stefanski,CHI,Matt Eberflus,20.0,17.0,True,1,0
2023_15_CHI_CLE,2023,15,REG,CHI,Matt Eberflus,CLE,Kevin Stefanski,17.0,20.0,False,0,0
2023_15_DAL_BUF,2023,15,REG,BUF,Sean McDermott,DAL,Mike McCarthy,31.0,10.0,True,1,0
2023_15_DAL_BUF,2023,15,REG,DAL,Mike McCarthy,BUF,Sean McDermott,10.0,31.0,False,0,0
2023_15_DEN_DET,2023,15,REG,DET,Dan Campbell,DEN,Sean Payton,42.0,17.0,True,1,0
2023_15_DEN_DET,2023,15,REG,DEN,Sean Payton,DET,Dan Campbell,17.0,42.0,False,0,0
2023_15_HOU_TEN,2023,15,REG,TEN,Mike Vrabel,HOU,DeMeco Ryans,16.0,19.0,True,0,0
2023_15_HOU_TEN,2023,15,REG,HOU,DeMeco Ryans,TEN,Mike Vrabel,19.0,16.0,False,1,0
2023_15_KC_NE,2023,15,REG,NE,Bill Belichick,KC,Andy Reid,17.0,27.0,True,0,0
2023_15_KC_NE,2023,15,REG,KC,Andy Reid,NE,Bill Belichick,27.0,17.0,False,1,0
2023_15_LAC_LV,2023,15,REG,LV,Antonio Pierce,LAC,Brandon Staley,63.0,21.0,True,1,0
2023_15_LAC_LV,2023,15,REG,LAC,Brandon Staley,LV,Antonio Pierce,21.0,63.0,False,0,0
2023_15_MIN_CIN,2023,15,REG,CIN,Zac Taylor,MIN,Kevin O'Connell,27.0,24.0,True,1,0
2023_15_MIN_CIN,2023,15,REG,MIN,Kevin O'Connell,CIN,Zac Taylor,24.0,27.0,False,0,0
2023_15_NYG_NO,2023,15,REG,NO,Dennis Allen,NYG,Brian Daboll,24.0,6.0,True,1,0
2023_15_NYG_NO,2023,15,REG,NYG,Brian Daboll,NO,Dennis Allen,6.0,24.0,False,0,0
2023_15_NYJ_MIA,2023,15,REG,MIA,Mike McDaniel,NYJ,Robert Saleh,30.0,0.0,True,1,0
2023_15_NYJ_MIA,2023,15,REG,NYJ,Robert Saleh,MIA,Mike McDaniel,0.0,30.0,False,0,0
2023_15_PHI_SEA,2023,15,REG,SEA,Pete Carroll,PHI,Nick Sirianni,20.0,17.0,True,1,0
2023_15_PHI_SEA,2023,15,REG,PHI,Nick Sirianni,SEA,Pete Carroll,17.0,20.0,False,0,0
2023_15_PIT_IND,2023,15,REG,IND,Shane Steichen,PIT,Mike Tomlin,30.0,13.0,True,1,0
2023_15_PIT_IND,2023,15,REG,PIT,Mike Tomlin,IND,Shane Steichen,13.0,30.0,False,0,0
2023_15_SF_ARI,2023,15,REG,ARI,Jonathan Gannon,SF,Kyle Shanahan,29.0,45.0,True,0,0
2023_15_SF_ARI,2023,15,REG,SF,Kyle Shanahan,ARI,Jonathan Gannon,45.0,29.0,False,1,0
2023_15_TB_GB,2023,15,REG,GB,Matt LaFleur,TB,Todd Bowles,20.0,34.0,True,0,0
2023_15_TB_GB,2023,15,REG,TB,Todd Bowles,GB,Matt LaFleur,34.0,20.0,False,1,0
2023_15_WAS_LA,2023,15,REG,LA,Sean McVay,WAS,Ron Rivera,28.0,20.0,True,1,0
2023_15_WAS_LA,2023,15,REG,WAS,Ron Rivera,LA,Sean McVay,20.0,28.0,False,0,0
2023_16_ARI_CHI,2023,16,REG,CHI,Matt Eberflus,ARI,Jonathan Gannon,27.0,16.0,True,1,0
2023_16_ARI_CHI,2023,16,REG,ARI,Jonathan Gannon,CHI,Matt Eberflus,16.0,27.0,False,0,0
2023_16_BAL_SF,2023,16,REG,SF,Kyle Shanahan,BAL,John Harbaugh,19.0,33.0,True,0,0
2023_16_BAL_SF,2023,16,REG,BAL,John Harbaugh,SF,Kyle Shanahan,33.0,19.0,False,1,0
2023_16_BUF_LAC,2023,16,REG,LAC,Giff Smith,BUF,Sean McDermott,22.0,24.0,True,0,0
2023_16_BUF_LAC,2023,16,REG,BUF,Sean McDermott,LAC,Giff Smith,24.0,22.0,False,1,0
2023_16_CIN_PIT,2023,16,REG,PIT,Mike Tomlin,CIN,Zac Taylor,34.0,11.0,True,1,0
2023_16_CIN_PIT,2023,16,REG,CIN,Zac Taylor,PIT,Mike Tomlin,11.0,34.0,False,0,0
2023_16_CLE_HOU,2023,16,REG,HOU,DeMeco Ryans,CLE,Kevin Stefanski,22.0,36.0,True,0,0
2023_16_CLE_HOU,2023,16,REG,CLE,Kevin Stefanski,HOU,DeMeco Ryans,36.0,22.0,False,1,0
2023_16_DAL_MIA,2023,16,REG,MIA,Mike McDaniel,DAL,Mike McCarthy,22.0,20.0,True,1,0
2023_16_DAL_MIA,2023,16,REG,DAL,Mike McCarthy,MIA,Mike McDaniel,20.0,22.0,False,0,0
2023_16_DET_MIN,2023,16,REG,MIN,Kevin O'Connell,DET,Dan Campbell,24.0,30.0,True,0,0
2023_16_DET_MIN,2023,16,REG,DET,Dan Campbell,MIN,Kevin O'Connell,30.0,24.0,False,1,0
2023_16_GB_CAR,2023,16,REG,CAR,Chris Tabor,GB,Matt LaFleur,30.0,33.0,True,0,0
2023_16_GB_CAR,2023,16,REG,GB,Matt LaFleur,CAR,Chris Tabor,33.0,30.0,False,1,0
2023_16_IND_ATL,2023,16,REG,ATL,Arthur Smith,IND,Shane Steichen,29.0,10.0,True,1,0
2023_16_IND_ATL,2023,16,REG,IND,Shane Steichen,ATL,Arthur Smith,10.0,29.0,False,0,0
2023_16_JAX_TB,2023,16,REG,TB,Todd Bowles,JAX,Doug Pederson,30.0,12.0,True,1,0
2023_16_JAX_TB,2023,16,REG,JAX,Doug Pederson,TB,Todd Bowles,12.0,30.0,False,0,0
2023_16_LV_KC,2023,16,REG,KC,Andy Reid,LV,Antonio Pierce,14.0,20.0,True,0,0
2023_16_LV_KC,2023,16,REG,LV,Antonio Pierce,KC,Andy Reid,20.0,14.0,False,1,0
2023_16_NE_DEN,2023,16,REG,DEN,Sean Payton,NE,Bill Belichick,23.0,26.0,True,0,0
2023_16_NE_DEN,2023,16,REG,NE,Bill Belichick,DEN,Sean Payton,26.0,23.0,False,1,0
2023_16_NO_LA,2023,16,REG,LA,Sean McVay,NO,Dennis Allen,30.0,22.0,True,1,0
2023_16_NO_LA,2023,16,REG,NO,Dennis Allen,LA,Sean McVay,22.0,30.0,False,0,0
2023_16_NYG_PHI,2023,16,REG,PHI,Nick Sirianni,NYG,Brian Daboll,33.0,25.0,True,1,0
2023_16_NYG_PHI,2023,16,REG,NYG,Brian Daboll,PHI,Nick Sirianni,25.0,33.0,False,0,0
2023_16_SEA_TEN,2023,16,REG,TEN,Mike Vrabel,SEA,Pete Carroll,17.0,20.0,True,0,0
2023_16_SEA_TEN,2023,16,REG,SEA,Pete Carroll,TEN,Mike Vrabel,20.0,17.0,False,1,0
2023_16_WAS_NYJ,2023,16,REG,NYJ,Robert Saleh,WAS,Ron Rivera,30.0,28.0,True,1,0
2023_16_WAS_NYJ,2023,16,REG,WAS,Ron Rivera,NYJ,Robert Saleh,28.0,30.0,False,0,0
2023_17_ARI_PHI,2023,17,REG,PHI,Nick Sirianni,ARI,Jonathan Gannon,31.0,35.0,True,0,0
2023_17_ARI_PHI,2023,17,REG,ARI,Jonathan Gannon,PHI,Nick Sirianni,35.0,31.0,False,1,0
2023_17_ATL_CHI,2023,17,REG,CHI,Matt Eberflus,ATL,Arthur Smith,37.0,17.0,True,1,0
2023_17_ATL_CHI,2023,17,REG,ATL,Arthur Smith,CHI,Matt Eberflus,17.0,37.0,False,0,0
2023_17_CAR_JAX,2023,17,REG,JAX,Doug Pederson,CAR,Chris Tabor,26.0,0.0,True,1,0
2023_17_CAR_JAX,2023,17,REG,CAR,Chris Tabor,JAX,Doug Pederson,0.0,26.0,False,0,0
2023_17_CIN_KC,2023,17,REG,KC,Andy Reid,CIN,Zac Taylor,25.0,17.0,True,1,0
2023_17_CIN_KC,2023,17,REG,CIN,Zac Taylor,KC,Andy Reid,17.0,25.0,False,0,0
2023_17_DET_DAL,2023,17,REG,DAL,Mike McCarthy,DET,Dan Campbell,20.0,19.0,True,1,0
2023_17_DET_DAL,2023,17,REG,DET,Dan Campbell,DAL,Mike McCarthy,19.0,20.0,False,0,0
2023_17_GB_MIN,2023,17,REG,MIN,Kevin O'Connell,GB,Matt LaFleur,10.0,33.0,True,0,0
2023_17_GB_MIN,2023,17,REG,GB,Matt LaFleur,MIN,Kevin O'Connell,33.0,10.0,False,1,0
2023_17_LAC_DEN,2023,17,REG,DEN,Sean Payton,LAC,Giff Smith,16.0,9.0,True,1,0
2023_17_LAC_DEN,2023,17,REG,LAC,Giff Smith,DEN,Sean Payton,9.0,16.0,False,0,0
2023_17_LA_NYG,2023,17,REG,NYG,Brian Daboll,LA,Sean McVay,25.0,26.0,True,0,0
2023_17_LA_NYG,2023,17,REG,LA,Sean McVay,NYG,Brian Daboll,26.0,25.0,False,1,0
2023_17_LV_IND,2023,17,REG,IND,Shane Steichen,LV,Antonio Pierce,23.0,20.0,True,1,0
2023_17_LV_IND,2023,17,REG,LV,Antonio Pierce,IND,Shane Steichen,20.0,23.0,False,0,0
2023_17_MIA_BAL,2023,17,REG,BAL,John Harbaugh,MIA,Mike McDaniel,56.0,19.0,True,1,0
2023_17_MIA_BAL,2023,17,REG,MIA,Mike McDaniel,BAL,John Harbaugh,19.0,56.0,False,0,0
2023_17_NE_BUF,2023,17,REG,BUF,Sean McDermott,NE,Bill Belichick,27.0,21.0,True,1,0
2023_17_NE_BUF,2023,17,REG,NE,Bill Belichick,BUF,Sean McDermott,21.0,27.0,False,0,0
2023_17_NO_TB,2023,17,REG,TB,Todd Bowles,NO,Dennis Allen,13.0,23.0,True,0,0
2023_17_NO_TB,2023,17,REG,NO,Dennis Allen,TB,Todd Bowles,23.0,13.0,False,1,0
2023_17_NYJ_CLE,2023,17,REG,CLE,Kevin Stefanski,NYJ,Robert Saleh,37.0,20.0,True,1,0
2023_17_NYJ_CLE,2023,17,REG,NYJ,Robert Saleh,CLE,Kevin Stefanski,20.0,37.0,False,0,0
2023_17_PIT_SEA,2023,17,REG,SEA,Pete Carroll,PIT,Mike Tomlin,23.0,30.0,True,0,0
2023_17_PIT_SEA,2023,17,REG,PIT,Mike Tomlin,SEA,Pete Carroll,30.0,23.0,False,1,0
2023_17_SF_WAS,2023,17,REG,WAS,Ron Rivera,SF,Kyle Shanahan,10.0,27.0,True,0,0
2023_17_SF_WAS,2023,17,REG,SF,Kyle Shanahan,WAS,Ron Rivera,27.0,10.0,False,1,0
2023_17_TEN_HOU,2023,17,REG,HOU,DeMeco Ryans,TEN,Mike Vrabel,26.0,3.0,True,1,0
2023_17_TEN_HOU,2023,17,REG,TEN,Mike Vrabel,HOU,DeMeco Ryans,3.0,26.0,False,0,0
2023_18_ATL_NO,2023,18,REG,NO,Dennis Allen,ATL,Arthur Smith,48.0,17.0,True,1,0
2023_18_ATL_NO,2023,18,REG,ATL,Arthur Smith,NO,Dennis Allen,17.0,48.0,False,0,0
2023_18_BUF_MIA,2023,18,REG,MIA,Mike McDaniel,BUF,Sean McDermott,14.0,21.0,True,0,0
2023_18_BUF_MIA,2023,18,REG,BUF,Sean McDermott,MIA,Mike McDaniel,21.0,14.0,False,1,0
2023_18_CHI_GB,2023,18,REG,GB,Matt LaFleur,CHI,Matt Eberflus,17.0,9.0,True,1,0
2023_18_CHI_GB,2023,18,REG,CHI,Matt Eberflus,GB,Matt LaFleur,9.0,17.0,False,0,0
2023_18_CLE_CIN,2023,18,REG,CIN,Zac Taylor,CLE,Kevin Stefanski,31.0,14.0,True,1,0
2023_18_CLE_CIN,2023,18,REG,CLE,Kevin Stefanski,CIN,Zac Taylor,14.0,31.0,False,0,0
2023_18_DAL_WAS,2023,18,REG,WAS,Ron Rivera,DAL,Mike McCarthy,10.0,38.0,True,0,0
2023_18_DAL_WAS,2023,18,REG,DAL,Mike McCarthy,WAS,Ron Rivera,38.0,10.0,False,1,0
2023_18_DEN_LV,2023,18,REG,LV,Antonio Pierce,DEN,Sean Payton,27.0,14.0,True,1,0
2023_18_DEN_LV,2023,18,REG,DEN,Sean Payton,LV,Antonio Pierce,14.0,27.0,False,0,0
2023_18_HOU_IND,2023,18,REG,IND,Shane Steichen,HOU,DeMeco Ryans,19.0,23.0,True,0,0
2023_18_HOU_IND,2023,18,REG,HOU,DeMeco Ryans,IND,Shane Steichen,23.0,19.0,False,1,0
2023_18_JAX_TEN,2023,18,REG,TEN,Mike Vrabel,JAX,Doug Pederson,28.0,20.0,True,1,0
2023_18_JAX_TEN,2023,18,REG,JAX,Doug Pederson,TEN,Mike Vrabel,20.0,28.0,False,0,0
2023_18_KC_LAC,2023,18,REG,LAC,Giff Smith,KC,Andy Reid,12.0,13.0,True,0,0
2023_18_KC_LAC,2023,18,REG,KC,Andy Reid,LAC,Giff Smith,13.0,12.0,False,1,0
2023_18_LA_SF,2023,18,REG,SF,Kyle Shanahan,LA,Sean McVay,20.0,21.0,True,0,0
2023_18_LA_SF,2023,18,REG,LA,Sean McVay,SF,Kyle Shanahan,21.0,20.0,False,1,0
2023_18_MIN_DET,2023,18,REG,DET,Dan Campbell,MIN,Kevin O'Connell,30.0,20.0,True,1,0
2023_18_MIN_DET,2023,18,REG,MIN,Kevin O'Connell,DET,Dan Campbell,20.0,30.0,False,0,0
2023_18_NYJ_NE,2023,18,REG,NE,Bill Belichick,NYJ,Robert Saleh,3.0,17.0,True,0,0
2023_18_NYJ_NE,2023,18,REG,NYJ,Robert Saleh,NE,Bill Belichick,17.0,3.0,False,1,0
2023_18_PHI_NYG,2023,18,REG,NYG,Brian Daboll,PHI,Nick Sirianni,27.0,10.0,True,1,0
2023_18_PHI_NYG,2023,18,REG,PHI,Nick Sirianni,NYG,Brian Daboll,10.0,27.0,False,0,0
2023_18_PIT_BAL,2023,18,REG,BAL,John Harbaugh,PIT,Mike Tomlin,10.0,17.0,True,0,0
2023_18_PIT_BAL,2023,18,REG,PIT,Mike Tomlin,BAL,John Harbaugh,17.0,10.0,False,1,0
2023_18_SEA_ARI,2023,18,REG,ARI,Jonathan Gannon,SEA,Pete Carroll,20.0,21.0,True,0,0
2023_18_SEA_ARI,2023,18,REG,SEA,Pete Carroll,ARI,Jonathan Gannon,21.0,20.0,False,1,0
2023_18_TB_CAR,2023,18,REG,CAR,Chris Tabor,TB,Todd Bowles,0.0,9.0,True,0,0
2023_18_TB_CAR,2023,18,REG,TB,Todd Bowles,CAR,Chris Tabor,9.0,0.0,False,1,0
2023_19_CLE_HOU,2023,19,POST,HOU,DeMeco Ryans,CLE,Kevin Stefanski,45.0,14.0,True,1,0
2023_19_CLE_HOU,2023,19,POST,CLE,Kevin Stefanski,HOU,DeMeco Ryans,14.0,45.0,False,0,0
2023_19_GB_DAL,2023,19,POST,DAL,Mike McCarthy,GB,Matt LaFleur,32.0,48.0,True,0,0
2023_19_GB_DAL,2023,19,POST,GB,Matt LaFleur,DAL,Mike McCarthy,48.0,32.0,False,1,0
2023_19_LA_DET,2023,19,POST,DET,Dan Campbell,LA,Sean McVay,24.0,23.0,True,1,0
2023_19_LA_DET,2023,19,POST,LA,Sean McVay,DET,Dan Campbell,23.0,24.0,False,0,0
2023_19_MIA_KC,2023,19,POST,KC,Andy Reid,MIA,Mike McDaniel,26.0,7.0,True,1,0
2023_19_MIA_KC,2023,19,POST,MIA,Mike McDaniel,KC,Andy Reid,7.0,26.0,False,0,0
2023_19_PHI_TB,2023,19,POST,TB,Todd Bowles,PHI,Nick Sirianni,32.0,9.0,True,1,0
2023_19_PHI_TB,2023,19,POST,PHI,Nick Sirianni,TB,Todd Bowles,9.0,32.0,False,0,0
2023_19_PIT_BUF,2023,19,POST,BUF,Sean McDermott,PIT,Mike Tomlin,31.0,17.0,True,1,0
2023_19_PIT_BUF,2023,19,POST,PIT,Mike Tomlin,BUF,Sean McDermott,17.0,31.0,False,0,0
2023_20_GB_SF,2023,20,POST,SF,Kyle Shanahan,GB,Matt LaFleur,24.0,21.0,True,1,0
2023_20_GB_SF,2023,20,POST,GB,Matt LaFleur,SF,Kyle Shanahan,21.0,24.0,False,0,0
2023_20_HOU_BAL,2023,20,POST,BAL,John Harbaugh,HOU,DeMeco Ryans,34.0,10.0,True,1,0
2023_20_HOU_BAL,2023,20,POST,HOU,DeMeco Ryans,BAL,John Harbaugh,10.0,34.0,False,0,0
2023_20_KC_BUF,2023,20,POST,BUF,Sean McDermott,KC,Andy Reid,24.0,27.0,True,0,0
2023_20_KC_BUF,2023,20,POST,KC,Andy Reid,BUF,Sean McDermott,27.0,24.0,False,1,0
2023_20_TB_DET,2023,20,POST,DET,Dan Campbell,TB,Todd Bowles,31.0,23.0,True,1,0
2023_20_TB_DET,2023,20,POST,TB,Todd Bowles,DET,Dan Campbell,23.0,31.0,False,0,0
2023_21_DET_SF,2023,21,POST,SF,Kyle Shanahan,DET,Dan Campbell,34.0,31.0,True,1,0
2023_21_DET_SF,2023,21,POST,DET,Dan Campbell,SF,Kyle Shanahan,31.0,34.0,False,0,0
2023_21_KC_BAL,2023,21,POST,BAL,John Harbaugh,KC,Andy Reid,10.0,17.0,True,0,0
2023_21_KC_BAL,2023,21,POST,KC,Andy Reid,BAL,John Harbaugh,17.0,10.0,False,1,0
2023_22_SF_KC,2023,22,POST,KC,Andy Reid,SF,Kyle Shanahan,25.0,22.0,True,1,0
2023_22_SF_KC,2023,22,POST,SF,Kyle Shanahan,KC,Andy Reid,22.0,25.0,False,0,0
2024_01_ARI_BUF,2024,1,REG,BUF,Sean McDermott,ARI,Jonathan Gannon,34.0,28.0,True,1,0
2024_01_ARI_BUF,2024,1,REG,ARI,Jonathan Gannon,BUF,Sean McDermott,28.0,34.0,False,0,0
2024_01_BAL_KC,2024,1,REG,KC,Andy Reid,BAL,John Harbaugh,27.0,20.0,True,1,0
2024_01_BAL_KC,2024,1,REG,BAL,John Harbaugh,KC,Andy Reid,20.0,27.0,False,0,0
2024_01_CAR_NO,2024,1,REG,NO,Dennis Allen,CAR,Dave Canales,47.0,10.0,True,1,0
2024_01_CAR_NO,2024,1,REG,CAR,Dave Canales,NO,Dennis Allen,10.0,47.0,False,0,0
2024_01_DAL_CLE,2024,1,REG,CLE,Kevin Stefanski,DAL,Mike McCarthy,17.0,33.0,True,0,0
2024_01_DAL_CLE,2024,1,REG,DAL,Mike McCarthy,CLE,Kevin Stefanski,33.0,17.0,False,1,0
2024_01_DEN_SEA,2024,1,REG,SEA,Mike Macdonald,DEN,Sean Payton,26.0,20.0,True,1,0
2024_01_DEN_SEA,2024,1,REG,DEN,Sean Payton,SEA,Mike Macdonald,20.0,26.0,False,0,0
2024_01_GB_PHI,2024,1,REG,PHI,Nick Sirianni,GB,Matt LaFleur,34.0,29.0,True,1,0
2024_01_GB_PHI,2024,1,REG,GB,Matt LaFleur,PHI,Nick Sirianni,29.0,34.0,False,0,0
2024_01_HOU_IND,2024,1,REG,IND,Shane Steichen,HOU,DeMeco Ryans,27.0,29.0,True,0,0
2024_01_HOU_IND,2024,1,REG,HOU,DeMeco Ryans,IND,Shane Steichen,29.0,27.0,False,1,0
2024_01_JAX_MIA,2024,1,REG,MIA,Mike McDaniel,JAX,Doug Pederson,20.0,17.0,True,1,0
2024_01_JAX_MIA,2024,1,REG,JAX,Doug Pederson,MIA,Mike McDaniel,17.0,20.0,False,0,0
2024_01_LA_DET,2024,1,REG,DET,Dan Campbell,LA,Sean McVay,26.0,20.0,True,1,0
2024_01_LA_DET,2024,1,REG,LA,Sean McVay,DET,Dan Campbell,20.0,26.0,False,0,0
2024_01_LV_LAC,2024,1,REG,LAC,Jim Harbaugh,LV,Antonio Pierce,22.0,10.0,True,1,0
2024_01_LV_LAC,2024,1,REG,LV,Antonio Pierce,LAC,Jim Harbaugh,10.0,22.0,False,0,0
2024_01_MIN_NYG,2024,1,REG,NYG,Brian Daboll,MIN,Kevin O'Connell,6.0,28.0,True,0,0
2024_01_MIN_NYG,2024,1,REG,MIN,Kevin O'Connell,NYG,Brian Daboll,28.0,6.0,False,1,0
2024_01_NE_CIN,2024,1,REG,CIN,Zac Taylor,NE,Jerod Mayo,10.0,16.0,True,0,0
2024_01_NE_CIN,2024,1,REG,NE,Jerod Mayo,CIN,Zac Taylor,16.0,10.0,False,1,0
2024_01_NYJ_SF,2024,1,REG,SF,Kyle Shanahan,NYJ,Robert Saleh,32.0,19.0,True,1,0
2024_01_NYJ_SF,2024,1,REG,NYJ,Robert Saleh,SF,Kyle Shanahan,19.0,32.0,False,0,0
2024_01_PIT_ATL,2024,1,REG,ATL,Raheem Morris,PIT,Mike Tomlin,10.0,18.0,True,0,0
2024_01_PIT_ATL,2024,1,REG,PIT,Mike Tomlin,ATL,Raheem Morris,18.0,10.0,False,1,0
2024_01_TEN_CHI,2024,1,REG,CHI,Matt Eberflus,TEN,Brian Callahan,24.0,17.0,True,1,0
2024_01_TEN_CHI,2024,1,REG,TEN,Brian Callahan,CHI,Matt Eberflus,17.0,24.0,False,0,0
2024_01_WAS_TB,2024,1,REG,TB,Todd Bowles,WAS,Dan Quinn,37.0,20.0,True,1,0
2024_01_WAS_TB,2024,1,REG,WAS,Dan Quinn,TB,Todd Bowles,20.0,37.0,False,0,0
2024_02_ATL_PHI,2024,2,REG,PHI,Nick Sirianni,ATL,Raheem Morris,21.0,22.0,True,0,0
2024_02_ATL_PHI,2024,2,REG,ATL,Raheem Morris,PHI,Nick Sirianni,22.0,21.0,False,1,0
2024_02_BUF_MIA,2024,2,REG,MIA,Mike McDaniel,BUF,Sean McDermott,10.0,31.0,True,0,0
2024_02_BUF_MIA,2024,2,REG,BUF,Sean McDermott,MIA,Mike McDaniel,31.0,10.0,False,1,0
2024_02_CHI_HOU,2024,2,REG,HOU,DeMeco Ryans,CHI,Matt Eberflus,19.0,13.0,True,1,0
2024_02_CHI_HOU,2024,2,REG,CHI,Matt Eberflus,HOU,DeMeco Ryans,13.0,19.0,False,0,0
2024_02_CIN_KC,2024,2,REG,KC,Andy Reid,CIN,Zac Taylor,26.0,25.0,True,1,0
2024_02_CIN_KC,2024,2,REG,CIN,Zac Taylor,KC,Andy Reid,25.0,26.0,False,0,0
2024_02_CLE_JAX,2024,2,REG,JAX,Doug Pederson,CLE,Kevin Stefanski,13.0,18.0,True,0,0
2024_02_CLE_JAX,2024,2,REG,CLE,Kevin Stefanski,JAX,Doug Pederson,18.0,13.0,False,1,0
2024_02_IND_GB,2024,2,REG,GB,Matt LaFleur,IND,Shane Steichen,16.0,10.0,True,1,0
2024_02_IND_GB,2024,2,REG,IND,Shane Steichen,GB,Matt LaFleur,10.0,16.0,False,0,0
2024_02_LAC_CAR,2024,2,REG,CAR,Dave Canales,LAC,Jim Harbaugh,3.0,26.0,True,0,0
2024_02_LAC_CAR,2024,2,REG,LAC,Jim Harbaugh,CAR,Dave Canales,26.0,3.0,False,1,0
2024_02_LA_ARI,2024,2,REG,ARI,Jonathan Gannon,LA,Sean McVay,41.0,10.0,True,1,0
2024_02_LA_ARI,2024,2,REG,LA,Sean McVay,ARI,Jonathan Gannon,10.0,41.0,False,0,0
2024_02_LV_BAL,2024,2,REG,BAL,John Harbaugh,LV,Antonio Pierce,23.0,26.0,True,0,0
2024_02_LV_BAL,2024,2,REG,LV,Antonio Pierce,BAL,John Harbaugh,26.0,23.0,False,1,0
2024_02_NO_DAL,2024,2,REG,DAL,Mike McCarthy,NO,Dennis Allen,19.0,44.0,True,0,0
2024_02_NO_DAL,2024,2,REG,NO,Dennis Allen,DAL,Mike McCarthy,44.0,19.0,False,1,0
2024_02_NYG_WAS,2024,2,REG,WAS,Dan Quinn,NYG,Brian Daboll,21.0,18.0,True,1,0
2024_02_NYG_WAS,2024,2,REG,NYG,Brian Daboll,WAS,Dan Quinn,18.0,21.0,False,0,0
2024_02_NYJ_TEN,2024,2,REG,TEN,Brian Callahan,NYJ,Robert Saleh,17.0,24.0,True,0,0
2024_02_NYJ_TEN,2024,2,REG,NYJ,Robert Saleh,TEN,Brian Callahan,24.0,17.0,False,1,0
2024_02_PIT_DEN,2024,2,REG,DEN,Sean Payton,PIT,Mike Tomlin,6.0,13.0,True,0,0
2024_02_PIT_DEN,2024,2,REG,PIT,Mike Tomlin,DEN,Sean Payton,13.0,6.0,False,1,0
2024_02_SEA_NE,2024,2,REG,NE,Jerod Mayo,SEA,Mike Macdonald,20.0,23.0,True,0,0
2024_02_SEA_NE,2024,2,REG,SEA,Mike Macdonald,NE,Jerod Mayo,23.0,20.0,False,1,0
2024_02_SF_MIN,2024,2,REG,MIN,Kevin O'Connell,SF,Kyle Shanahan,23.0,17.0,True,1,0
2024_02_SF_MIN,2024,2,REG,SF,Kyle Shanahan,MIN,Kevin O'Connell,17.0,23.0,False,0,0
2024_02_TB_DET,2024,2,REG,DET,Dan Campbell,TB,Todd Bowles,16.0,20.0,True,0,0
2024_02_TB_DET,2024,2,REG,TB,Todd Bowles,DET,Dan Campbell,20.0,16.0,False,1,0
2024_03_BAL_DAL,2024,3,REG,DAL,Mike McCarthy,BAL,John Harbaugh,25.0,28.0,True,0,0
2024_03_BAL_DAL,2024,3,REG,BAL,John Harbaugh,DAL,Mike McCarthy,28.0,25.0,False,1,0
2024_03_CAR_LV,2024,3,REG,LV,Antonio Pierce,CAR,Dave Canales,22.0,36.0,True,0,0
2024_03_CAR_LV,2024,3,REG,CAR,Dave Canales,LV,Antonio Pierce,36.0,22.0,False,1,0
2024_03_CHI_IND,2024,3,REG,IND,Shane Steichen,CHI,Matt Eberflus,21.0,16.0,True,1,0
2024_03_CHI_IND,2024,3,REG,CHI,Matt Eberflus,IND,Shane Steichen,16.0,21.0,False,0,0
2024_03_DEN_TB,2024,3,REG,TB,Todd Bowles,DEN,Sean Payton,7.0,26.0,True,0,0
2024_03_DEN_TB,2024,3,REG,DEN,Sean Payton,TB,Todd Bowles,26.0,7.0,False,1,0
2024_03_DET_ARI,2024,3,REG,ARI,Jonathan Gannon,DET,Dan Campbell,13.0,20.0,True,0,0
2024_03_DET_ARI,2024,3,REG,DET,Dan Campbell,ARI,Jonathan Gannon,20.0,13.0,False,1,0
2024_03_GB_TEN,2024,3,REG,TEN,Brian Callahan,GB,Matt LaFleur,14.0,30.0,True,0,0
2024_03_GB_TEN,2024,3,REG,GB,Matt LaFleur,TEN,Brian Callahan,30.0,14.0,False,1,0
2024_03_HOU_MIN,2024,3,REG,MIN,Kevin O'Connell,HOU,DeMeco Ryans,34.0,7.0,True,1,0
2024_03_HOU_MIN,2024,3,REG,HOU,DeMeco Ryans,MIN,Kevin O'Connell,7.0,34.0,False,0,0
2024_03_JAX_BUF,2024,3,REG,BUF,Sean McDermott,JAX,Doug Pederson,47.0,10.0,True,1,0
2024_03_JAX_BUF,2024,3,REG,JAX,Doug Pederson,BUF,Sean McDermott,10.0,47.0,False,0,0
2024_03_KC_ATL,2024,3,REG,ATL,Raheem Morris,KC,Andy Reid,17.0,22.0,True,0,0
2024_03_KC_ATL,2024,3,REG,KC,Andy Reid,ATL,Raheem Morris,22.0,17.0,False,1,0
2024_03_LAC_PIT,2024,3,REG,PIT,Mike Tomlin,LAC,Jim Harbaugh,20.0,10.0,True,1,0
2024_03_LAC_PIT,2024,3,REG,LAC,Jim Harbaugh,PIT,Mike Tomlin,10.0,20.0,False,0,0
2024_03_MIA_SEA,2024,3,REG,SEA,Mike Macdonald,MIA,Mike McDaniel,24.0,3.0,True,1,0
2024_03_MIA_SEA,2024,3,REG,MIA,Mike McDaniel,SEA,Mike Macdonald,3.0,24.0,False,0,0
2024_03_NE_NYJ,2024,3,REG,NYJ,Robert Saleh,NE,Jerod Mayo,24.0,3.0,True,1,0
2024_03_NE_NYJ,2024,3,REG,NE,Jerod Mayo,NYJ,Robert Saleh,3.0,24.0,False,0,0
2024_03_NYG_CLE,2024,3,REG,CLE,Kevin Stefanski,NYG,Brian Daboll,15.0,21.0,True,0,0
2024_03_NYG_CLE,2024,3,REG,NYG,Brian Daboll,CLE,Kevin Stefanski,21.0,15.0,False,1,0
2024_03_PHI_NO,2024,3,REG,NO,Dennis Allen,PHI,Nick Sirianni,12.0,15.0,True,0,0
2024_03_PHI_NO,2024,3,REG,PHI,Nick Sirianni,NO,Dennis Allen,15.0,12.0,False,1,0
2024_03_SF_LA,2024,3,REG,LA,Sean McVay,SF,Kyle Shanahan,27.0,24.0,True,1,0
2024_03_SF_LA,2024,3,REG,SF,Kyle Shanahan,LA,Sean McVay,24.0,27.0,False,0,0
2024_03_WAS_CIN,2024,3,REG,CIN,Zac Taylor,WAS,Dan Quinn,33.0,38.0,True,0,0
2024_03_WAS_CIN,2024,3,REG,WAS,Dan Quinn,CIN,Zac Taylor,38.0,33.0,False,1,0
2024_04_BUF_BAL,2024,4,REG,BAL,John Harbaugh,BUF,Sean McDermott,35.0,10.0,True,1,0
2024_04_BUF_BAL,2024,4,REG,BUF,Sean McDermott,BAL,John Harbaugh,10.0,35.0,False,0,0
2024_04_CIN_CAR,2024,4,REG,CAR,Dave Canales,CIN,Zac Taylor,24.0,34.0,True,0,0
2024_04_CIN_CAR,2024,4,REG,CIN,Zac Taylor,CAR,Dave Canales,34.0,24.0,False,1,0
2024_04_CLE_LV,2024,4,REG,LV,Antonio Pierce,CLE,Kevin Stefanski,20.0,16.0,True,1,0
2024_04_CLE_LV,2024,4,REG,CLE,Kevin Stefanski,LV,Antonio Pierce,16.0,20.0,False,0,0
2024_04_DAL_NYG,2024,4,REG,NYG,Brian Daboll,DAL,Mike McCarthy,15.0,20.0,True,0,0
2024_04_DAL_NYG,2024,4,REG,DAL,Mike McCarthy,NYG,Brian Daboll,20.0,15.0,False,1,0
2024_04_DEN_NYJ,2024,4,REG,NYJ,Robert Saleh,DEN,Sean Payton,9.0,10.0,True,0,0
2024_04_DEN_NYJ,2024,4,REG,DEN,Sean Payton,NYJ,Robert Saleh,10.0,9.0,False,1,0
2024_04_JAX_HOU,2024,4,REG,HOU,DeMeco Ryans,JAX,Doug Pederson,24.0,20.0,True,1,0
2024_04_JAX_HOU,2024,4,REG,JAX,Doug Pederson,HOU,DeMeco Ryans,20.0,24.0,False,0,0
2024_04_KC_LAC,2024,4,REG,LAC,Jim Harbaugh,KC,Andy Reid,10.0,17.0,True,0,0
2024_04_KC_LAC,2024,4,REG,KC,Andy Reid,LAC,Jim Harbaugh,17.0,10.0,False,1,0
2024_04_LA_CHI,2024,4,REG,CHI,Matt Eberflus,LA,Sean McVay,24.0,18.0,True,1,0
2024_04_LA_CHI,2024,4,REG,LA,Sean McVay,CHI,Matt Eberflus,18.0,24.0,False,0,0
2024_04_MIN_GB,2024,4,REG,GB,Matt LaFleur,MIN,Kevin O'Connell,29.0,31.0,True,0,0
2024_04_MIN_GB,2024,4,REG,MIN,Kevin O'Connell,GB,Matt LaFleur,31.0,29.0,False,1,0
2024_04_NE_SF,2024,4,REG,SF,Kyle Shanahan,NE,Jerod Mayo,30.0,13.0,True,1,0
2024_04_NE_SF,2024,4,REG,NE,Jerod Mayo,SF,Kyle Shanahan,13.0,30.0,False,0,0
2024_04_NO_ATL,2024,4,REG,ATL,Raheem Morris,NO,Dennis Allen,26.0,24.0,True,1,0
2024_04_NO_ATL,2024,4,REG,NO,Dennis Allen,ATL,Raheem Morris,24.0,26.0,False,0,0
2024_04_PHI_TB,2024,4,REG,TB,Todd Bowles,PHI,Nick Sirianni,33.0,16.0,True,1,0
2024_04_PHI_TB,2024,4,REG,PHI,Nick Sirianni,TB,Todd Bowles,16.0,33.0,False,0,0
2024_04_PIT_IND,2024,4,REG,IND,Shane Steichen,PIT,Mike Tomlin,27.0,24.0,True,1,0
2024_04_PIT_IND,2024,4,REG,PIT,Mike Tomlin,IND,Shane Steichen,24.0,27.0,False,0,0
2024_04_SEA_DET,2024,4,REG,DET,Dan Campbell,SEA,Mike Macdonald,42.0,29.0,True,1,0
2024_04_SEA_DET,2024,4,REG,SEA,Mike Macdonald,DET,Dan Campbell,29.0,42.0,False,0,0
2024_04_TEN_MIA,2024,4,REG,MIA,Mike McDaniel,TEN,Brian Callahan,12.0,31.0,True,0,0
2024_04_TEN_MIA,2024,4,REG,TEN,Brian Callahan,MIA,Mike McDaniel,31.0,12.0,False,1,0
2024_04_WAS_ARI,2024,4,REG,ARI,Jonathan Gannon,WAS,Dan Quinn,14.0,42.0,True,0,0
2024_04_WAS_ARI,2024,4,REG,WAS,Dan Quinn,ARI,Jonathan Gannon,42.0,14.0,False,1,0
2024_05_ARI_SF,2024,5,REG,SF,Kyle Shanahan,ARI,Jonathan Gannon,23.0,24.0,True,0,0
2024_05_ARI_SF,2024,5,REG,ARI,Jonathan Gannon,SF,Kyle Shanahan,24.0,23.0,False,1,0
2024_05_BAL_CIN,2024,5,REG,CIN,Zac Taylor,BAL,John Harbaugh,38.0,41.0,True,0,0
2024_05_BAL_CIN,2024,5,REG,BAL,John Harbaugh,CIN,Zac Taylor,41.0,38.0,False,1,0
2024_05_BUF_HOU,2024,5,REG,HOU,DeMeco Ryans,BUF,Sean McDermott,23.0,20.0,True,1,0
2024_05_BUF_HOU,2024,5,REG,BUF,Sean McDermott,HOU,DeMeco Ryans,20.0,23.0,False,0,0
2024_05_CAR_CHI,2024,5,REG,CHI,Matt Eberflus,CAR,Dave Canales,36.0,10.0,True,1,0
2024_05_CAR_CHI,2024,5,REG,CAR,Dave Canales,CHI,Matt Eberflus,10.0,36.0,False,0,0
2024_05_CLE_WAS,2024,5,REG,WAS,Dan Quinn,CLE,Kevin Stefanski,34.0,13.0,True,1,0
2024_05_CLE_WAS,2024,5,REG,CLE,Kevin Stefanski,WAS,Dan Quinn,13.0,34.0,False,0,0
2024_05_DAL_PIT,2024,5,REG,PIT,Mike Tomlin,DAL,Mike McCarthy,17.0,20.0,True,0,0
2024_05_DAL_PIT,2024,5,REG,DAL,Mike McCarthy,PIT,Mike Tomlin,20.0,17.0,False,1,0
2024_05_GB_LA,2024,5,REG,LA,Sean McVay,GB,Matt LaFleur,19.0,24.0,True,0,0
2024_05_GB_LA,2024,5,REG,GB,Matt LaFleur,LA,Sean McVay,24.0,19.0,False,1,0
2024_05_IND_JAX,2024,5,REG,JAX,Doug Pederson,IND,Shane Steichen,37.0,34.0,True,1,0
2024_05_IND_JAX,2024,5,REG,IND,Shane Steichen,JAX,Doug Pederson,34.0,37.0,False,0,0
2024_05_LV_DEN,2024,5,REG,DEN,Sean Payton,LV,Antonio Pierce,34.0,18.0,True,1,0
2024_05_LV_DEN,2024,5,REG,LV,Antonio Pierce,DEN,Sean Payton,18.0,34.0,False,0,0
2024_05_MIA_NE,2024,5,REG,NE,Jerod Mayo,MIA,Mike McDaniel,10.0,15.0,True,0,0
2024_05_MIA_NE,2024,5,REG,MIA,Mike McDaniel,NE,Jerod Mayo,15.0,10.0,False,1,0
2024_05_NO_KC,2024,5,REG,KC,Andy Reid,NO,Dennis Allen,26.0,13.0,True,1,0
2024_05_NO_KC,2024,5,REG,NO,Dennis Allen,KC,Andy Reid,13.0,26.0,False,0,0
2024_05_NYG_SEA,2024,5,REG,SEA,Mike Macdonald,NYG,Brian Daboll,20.0,29.0,True,0,0
2024_05_NYG_SEA,2024,5,REG,NYG,Brian Daboll,SEA,Mike Macdonald,29.0,20.0,False,1,0
2024_05_NYJ_MIN,2024,5,REG,MIN,Kevin O'Connell,NYJ,Robert Saleh,23.0,17.0,True,1,0
2024_05_NYJ_MIN,2024,5,REG,NYJ,Robert Saleh,MIN,Kevin O'Connell,17.0,23.0,False,0,0
2024_05_TB_ATL,2024,5,REG,ATL,Raheem Morris,TB,Todd Bowles,36.0,30.0,True,1,0
2024_05_TB_ATL,2024,5,REG,TB,Todd Bowles,ATL,Raheem Morris,30.0,36.0,False,0,0
2024_06_ARI_GB,2024,6,REG,GB,Matt LaFleur,ARI,Jonathan Gannon,34.0,13.0,True,1,0
2024_06_ARI_GB,2024,6,REG,ARI,Jonathan Gannon,GB,Matt LaFleur,13.0,34.0,False,0,0
2024_06_ATL_CAR,2024,6,REG,CAR,Dave Canales,ATL,Raheem Morris,20.0,38.0,True,0,0
2024_06_ATL_CAR,2024,6,REG,ATL,Raheem Morris,CAR,Dave Canales,38.0,20.0,False,1,0
2024_06_BUF_NYJ,2024,6,REG,NYJ,Robert Saleh,BUF,Sean McDermott,20.0,23.0,True,0,0
2024_06_BUF_NYJ,2024,6,REG,BUF,Sean McDermott,NYJ,Robert Saleh,23.0,20.0,False,1,0
2024_06_CIN_NYG,2024,6,REG,NYG,Brian Daboll,CIN,Zac Taylor,7.0,17.0,True,0,0
2024_06_CIN_NYG,2024,6,REG,CIN,Zac Taylor,NYG,Brian Daboll,17.0,7.0,False,1,0
2024_06_CLE_PHI,2024,6,REG,PHI,Nick Sirianni,CLE,Kevin Stefanski,20.0,16.0,True,1,0
2024_06_CLE_PHI,2024,6,REG,CLE,Kevin Stefanski,PHI,Nick Sirianni,16.0,20.0,False,0,0
2024_06_DET_DAL,2024,6,REG,DAL,Mike McCarthy,DET,Dan Campbell,9.0,47.0,True,0,0
2024_06_DET_DAL,2024,6,REG,DET,Dan Campbell,DAL,Mike McCarthy,47.0,9.0,False,1,0
2024_06_HOU_NE,2024,6,REG,NE,Jerod Mayo,HOU,DeMeco Ryans,21.0,41.0,True,0,0
2024_06_HOU_NE,2024,6,REG,HOU,DeMeco Ryans,NE,Jerod Mayo,41.0,21.0,False,1,0
2024_06_IND_TEN,2024,6,REG,TEN,Brian Callahan,IND,Shane Steichen,17.0,20.0,True,0,0
2024_06_IND_TEN,2024,6,REG,IND,Shane Steichen,TEN,Brian Callahan,20.0,17.0,False,1,0
2024_06_JAX_CHI,2024,6,REG,CHI,Matt Eberflus,JAX,Doug Pederson,35.0,16.0,True,1,0
2024_06_JAX_CHI,2024,6,REG,JAX,Doug Pederson,CHI,Matt Eberflus,16.0,35.0,False,0,0
2024_06_LAC_DEN,2024,6,REG,DEN,Sean Payton,LAC,Jim Harbaugh,16.0,23.0,True,0,0
2024_06_LAC_DEN,2024,6,REG,LAC,Jim Harbaugh,DEN,Sean Payton,23.0,16.0,False,1,0
2024_06_PIT_LV,2024,6,REG,LV,Antonio Pierce,PIT,Mike Tomlin,13.0,32.0,True,0,0
2024_06_PIT_LV,2024,6,REG,PIT,Mike Tomlin,LV,Antonio Pierce,32.0,13.0,False,1,0
2024_06_SF_SEA,2024,6,REG,SEA,Mike Macdonald,SF,Kyle Shanahan,24.0,36.0,True,0,0
2024_06_SF_SEA,2024,6,REG,SF,Kyle Shanahan,SEA,Mike Macdonald,36.0,24.0,False,1,0
2024_06_TB_NO,2024,6,REG,NO,Dennis Allen,TB,Todd Bowles,27.0,51.0,True,0,0
2024_06_TB_NO,2024,6,REG,TB,Todd Bowles,NO,Dennis Allen,51.0,27.0,False,1,0
2024_06_WAS_BAL,2024,6,REG,BAL,John Harbaugh,WAS,Dan Quinn,30.0,23.0,True,1,0
2024_06_WAS_BAL,2024,6,REG,WAS,Dan Quinn,BAL,John Harbaugh,23.0,30.0,False,0,0
2024_07_BAL_TB,2024,7,REG,TB,Todd Bowles,BAL,John Harbaugh,31.0,41.0,True,0,0
2024_07_BAL_TB,2024,7,REG,BAL,John Harbaugh,TB,Todd Bowles,41.0,31.0,False,1,0
2024_07_CAR_WAS,2024,7,REG,WAS,Dan Quinn,CAR,Dave Canales,40.0,7.0,True,1,0
2024_07_CAR_WAS,2024,7,REG,CAR,Dave Canales,WAS,Dan Quinn,7.0,40.0,False,0,0
2024_07_CIN_CLE,2024,7,REG,CLE,Kevin Stefanski,CIN,Zac Taylor,14.0,21.0,True,0,0
2024_07_CIN_CLE,2024,7,REG,CIN,Zac Taylor,CLE,Kevin Stefanski,21.0,14.0,False,1,0
2024_07_DEN_NO,2024,7,REG,NO,Dennis Allen,DEN,Sean Payton,10.0,33.0,True,0,0
2024_07_DEN_NO,2024,7,REG,DEN,Sean Payton,NO,Dennis Allen,33.0,10.0,False,1,0
2024_07_DET_MIN,2024,7,REG,MIN,Kevin O'Connell,DET,Dan Campbell,29.0,31.0,True,0,0
2024_07_DET_MIN,2024,7,REG,DET,Dan Campbell,MIN,Kevin O'Connell,31.0,29.0,False,1,0
2024_07_HOU_GB,2024,7,REG,GB,Matt LaFleur,HOU,DeMeco Ryans,24.0,22.0,True,1,0
2024_07_HOU_GB,2024,7,REG,HOU,DeMeco Ryans,GB,Matt LaFleur,22.0,24.0,False,0,0
2024_07_KC_SF,2024,7,REG,SF,Kyle Shanahan,KC,Andy Reid,18.0,28.0,True,0,0
2024_07_KC_SF,2024,7,REG,KC,Andy Reid,SF,Kyle Shanahan,28.0,18.0,False,1,0
2024_07_LAC_ARI,2024,7,REG,ARI,Jonathan Gannon,LAC,Jim Harbaugh,17.0,15.0,True,1,0
2024_07_LAC_ARI,2024,7,REG,LAC,Jim Harbaugh,ARI,Jonathan Gannon,15.0,17.0,False,0,0
2024_07_LV_LA,2024,7,REG,LA,Sean McVay,LV,Antonio Pierce,20.0,15.0,True,1,0
2024_07_LV_LA,2024,7,REG,LV,Antonio Pierce,LA,Sean McVay,15.0,20.0,False,0,0
2024_07_MIA_IND,2024,7,REG,IND,Shane Steichen,MIA,Mike McDaniel,16.0,10.0,True,1,0
2024_07_MIA_IND,2024,7,REG,MIA,Mike McDaniel,IND,Shane Steichen,10.0,16.0,False,0,0
2024_07_NE_JAX,2024,7,REG,JAX,Doug Pederson,NE,Jerod Mayo,32.0,16.0,True,1,0
2024_07_NE_JAX,2024,7,REG,NE,Jerod Mayo,JAX,Doug Pederson,16.0,32.0,False,0,0
2024_07_NYJ_PIT,2024,7,REG,PIT,Mike Tomlin,NYJ,Robert Saleh,37.0,15.0,True,1,0
2024_07_NYJ_PIT,2024,7,REG,NYJ,Robert Saleh,PIT,Mike Tomlin,15.0,37.0,False,0,0
2024_07_PHI_NYG,2024,7,REG,NYG,Brian Daboll,PHI,Nick Sirianni,3.0,28.0,True,0,0
2024_07_PHI_NYG,2024,7,REG,PHI,Nick Sirianni,NYG,Brian Daboll,28.0,3.0,False,1,0
2024_07_SEA_ATL,2024,7,REG,ATL,Raheem Morris,SEA,Mike Macdonald,14.0,34.0,True,0,0
2024_07_SEA_ATL,2024,7,REG,SEA,Mike Macdonald,ATL,Raheem Morris,34.0,14.0,False,1,0
2024_07_TEN_BUF,2024,7,REG,BUF,Sean McDermott,TEN,Brian Callahan,34.0,10.0,True,1,0
2024_07_TEN_BUF,2024,7,REG,TEN,Brian Callahan,BUF,Sean McDermott,10.0,34.0,False,0,0
2024_08_ARI_MIA,2024,8,REG,MIA,Mike McDaniel,ARI,Jonathan Gannon,27.0,28.0,True,0,0
2024_08_ARI_MIA,2024,8,REG,ARI,Jonathan Gannon,MIA,Mike McDaniel,28.0,27.0,False,1,0
2024_08_ATL_TB,2024,8,REG,TB,Todd Bowles,ATL,Raheem Morris,26.0,31.0,True,0,0
2024_08_ATL_TB,2024,8,REG,ATL,Raheem Morris,TB,Todd Bowles,31.0,26.0,False,1,0
2024_08_BAL_CLE,2024,8,REG,CLE,Kevin Stefanski,BAL,John Harbaugh,29.0,24.0,True,1,0
2024_08_BAL_CLE,2024,8,REG,BAL,John Harbaugh,CLE,Kevin Stefanski,24.0,29.0,False,0,0
2024_08_BUF_SEA,2024,8,REG,SEA,Mike Macdonald,BUF,Sean McDermott,10.0,31.0,True,0,0
2024_08_BUF_SEA,2024,8,REG,BUF,Sean McDermott,SEA,Mike Macdonald,31.0,10.0,False,1,0
2024_08_CAR_DEN,2024,8,REG,DEN,Sean Payton,CAR,Dave Canales,28.0,14.0,True,1,0
2024_08_CAR_DEN,2024,8,REG,CAR,Dave Canales,DEN,Sean Payton,14.0,28.0,False,0,0
2024_08_CHI_WAS,2024,8,REG,WAS,Dan Quinn,CHI,Matt Eberflus,18.0,15.0,True,1,0
2024_08_CHI_WAS,2024,8,REG,CHI,Matt Eberflus,WAS,Dan Quinn,15.0,18.0,False,0,0
2024_08_DAL_SF,2024,8,REG,SF,Kyle Shanahan,DAL,Mike McCarthy,30.0,24.0,True,1,0
2024_08_DAL_SF,2024,8,REG,DAL,Mike McCarthy,SF,Kyle Shanahan,24.0,30.0,False,0,0
2024_08_GB_JAX,2024,8,REG,JAX,Doug Pederson,GB,Matt LaFleur,27.0,30.0,True,0,0
2024_08_GB_JAX,2024,8,REG,GB,Matt LaFleur,JAX,Doug Pederson,30.0,27.0,False,1,0
2024_08_IND_HOU,2024,8,REG,HOU,DeMeco Ryans,IND,Shane Steichen,23.0,20.0,True,1,0
2024_08_IND_HOU,2024,8,REG,IND,Shane Steichen,HOU,DeMeco Ryans,20.0,23.0,False,0,0
2024_08_KC_LV,2024,8,REG,LV,Antonio Pierce,KC,Andy Reid,20.0,27.0,True,0,0
2024_08_KC_LV,2024,8,REG,KC,Andy Reid,LV,Antonio Pierce,27.0,20.0,False,1,0
2024_08_MIN_LA,2024,8,REG,LA,Sean McVay,MIN,Kevin O'Connell,30.0,20.0,True,1,0
2024_08_MIN_LA,2024,8,REG,MIN,Kevin O'Connell,LA,Sean McVay,20.0,30.0,False,0,0
2024_08_NO_LAC,2024,8,REG,LAC,Jim Harbaugh,NO,Dennis Allen,26.0,8.0,True,1,0
2024_08_NO_LAC,2024,8,REG,NO,Dennis Allen,LAC,Jim Harbaugh,8.0,26.0,False,0,0
2024_08_NYG_PIT,2024,8,REG,PIT,Mike Tomlin,NYG,Brian Daboll,26.0,18.0,True,1,0
2024_08_NYG_PIT,2024,8,REG,NYG,Brian Daboll,PIT,Mike Tomlin,18.0,26.0,False,0,0
2024_08_NYJ_NE,2024,8,REG,NE,Jerod Mayo,NYJ,Robert Saleh,25.0,22.0,True,1,0
2024_08_NYJ_NE,2024,8,REG,NYJ,Robert Saleh,NE,Jerod Mayo,22.0,25.0,False,0,0
2024_08_PHI_CIN,2024,8,REG,CIN,Zac Taylor,PHI,Nick Sirianni,17.0,37.0,True,0,0
2024_08_PHI_CIN,2024,8,REG,PHI,Nick Sirianni,CIN,Zac Taylor,37.0,17.0,False,1,0
2024_08_TEN_DET,2024,8,REG,DET,Dan Campbell,TEN,Brian Callahan,52.0,14.0,True,1,0
2024_08_TEN_DET,2024,8,REG,TEN,Brian Callahan,DET,Dan Campbell,14.0,52.0,False,0,0
2024_09_CHI_ARI,2024,9,REG,ARI,Jonathan Gannon,CHI,Matt Eberflus,29.0,9.0,True,1,0
2024_09_CHI_ARI,2024,9,REG,CHI,Matt Eberflus,ARI,Jonathan Gannon,9.0,29.0,False,0,0
2024_09_DAL_ATL,2024,9,REG,ATL,Raheem Morris,DAL,Mike McCarthy,27.0,21.0,True,1,0
2024_09_DAL_ATL,2024,9,REG,DAL,Mike McCarthy,ATL,Raheem Morris,21.0,27.0,False,0,0
2024_09_DEN_BAL,2024,9,REG,BAL,John Harbaugh,DEN,Sean Payton,41.0,10.0,True,1,0
2024_09_DEN_BAL,2024,9,REG,DEN,Sean Payton,BAL,John Harbaugh,10.0,41.0,False,0,0
2024_09_DET_GB,2024,9,REG,GB,Matt LaFleur,DET,Dan Campbell,14.0,24.0,True,0,0
2024_09_DET_GB,2024,9,REG,DET,Dan Campbell,GB,Matt LaFleur,24.0,14.0,False,1,0
2024_09_HOU_NYJ,2024,9,REG,NYJ,Robert Saleh,HOU,DeMeco Ryans,21.0,13.0,True,1,0
2024_09_HOU_NYJ,2024,9,REG,HOU,DeMeco Ryans,NYJ,Robert Saleh,13.0,21.0,False,0,0
2024_09_IND_MIN,2024,9,REG,MIN,Kevin O'Connell,IND,Shane Steichen,21.0,13.0,True,1,0
2024_09_IND_MIN,2024,9,REG,IND,Shane Steichen,MIN,Kevin O'Connell,13.0,21.0,False,0,0
2024_09_JAX_PHI,2024,9,REG,PHI,Nick Sirianni,JAX,Doug Pederson,28.0,23.0,True,1,0
2024_09_JAX_PHI,2024,9,REG,JAX,Doug Pederson,PHI,Nick Sirianni,23.0,28.0,False,0,0
2024_09_LAC_CLE,2024,9,REG,CLE,Kevin Stefanski,LAC,Jim Harbaugh,10.0,27.0,True,0,0
2024_09_LAC_CLE,2024,9,REG,LAC,Jim Harbaugh,CLE,Kevin Stefanski,27.0,10.0,False,1,0
2024_09_LA_SEA,2024,9,REG,SEA,Mike Macdonald,LA,Sean McVay,20.0,26.0,True,0,0
2024_09_LA_SEA,2024,9,REG,LA,Sean McVay,SEA,Mike Macdonald,26.0,20.0,False,1,0
2024_09_LV_CIN,2024,9,REG,CIN,Zac Taylor,LV,Antonio Pierce,41.0,24.0,True,1,0
2024_09_LV_CIN,2024,9,REG,LV,Antonio Pierce,CIN,Zac Taylor,24.0,41.0,False,0,0
2024_09_MIA_BUF,2024,9,REG,BUF,Sean McDermott,MIA,Mike McDaniel,30.0,27.0,True,1,0
2024_09_MIA_BUF,2024,9,REG,MIA,Mike McDaniel,BUF,Sean McDermott,27.0,30.0,False,0,0
2024_09_NE_TEN,2024,9,REG,TEN,Brian Callahan,NE,Jerod Mayo,20.0,17.0,True,1,0
2024_09_NE_TEN,2024,9,REG,NE,Jerod Mayo,TEN,Brian Callahan,17.0,20.0,False,0,0
2024_09_NO_CAR,2024,9,REG,CAR,Dave Canales,NO,Dennis Allen,23.0,22.0,True,1,0
2024_09_NO_CAR,2024,9,REG,NO,Dennis Allen,CAR,Dave Canales,22.0,23.0,False,0,0
2024_09_TB_KC,2024,9,REG,KC,Andy Reid,TB,Todd Bowles,30.0,24.0,True,1,0
2024_09_TB_KC,2024,9,REG,TB,Todd Bowles,KC,Andy Reid,24.0,30.0,False,0,0
2024_09_WAS_NYG,2024,9,REG,NYG,Brian Daboll,WAS,Dan Quinn,22.0,27.0,True,0,0
2024_09_WAS_NYG,2024,9,REG,WAS,Dan Quinn,NYG,Brian Daboll,27.0,22.0,False,1,0
2024_10_ATL_NO,2024,10,REG,NO,Dennis Allen,ATL,Raheem Morris,20.0,17.0,True,1,0
2024_10_ATL_NO,2024,10,REG,ATL,Raheem Morris,NO,Dennis Allen,17.0,20.0,False,0,0
2024_10_BUF_IND,2024,10,REG,IND,Shane Steichen,BUF,Sean McDermott,20.0,30.0,True,0,0
2024_10_BUF_IND,2024,10,REG,BUF,Sean McDermott,IND,Shane Steichen,30.0,20.0,False,1,0
2024_10_CIN_BAL,2024,10,REG,BAL,John Harbaugh,CIN,Zac Taylor,35.0,34.0,True,1,0
2024_10_CIN_BAL,2024,10,REG,CIN,Zac Taylor,BAL,John Harbaugh,34.0,35.0,False,0,0
2024_10_DEN_KC,2024,10,REG,KC,Andy Reid,DEN,Sean Payton,16.0,14.0,True,1,0
2024_10_DEN_KC,2024,10,REG,DEN,Sean Payton,KC,Andy Reid,14.0,16.0,False,0,0
2024_10_DET_HOU,2024,10,REG,HOU,DeMeco Ryans,DET,Dan Campbell,23.0,26.0,True,0,0
2024_10_DET_HOU,2024,10,REG,DET,Dan Campbell,HOU,DeMeco Ryans,26.0,23.0,False,1,0
2024_10_MIA_LA,2024,10,REG,LA,Sean McVay,MIA,Mike McDaniel,15.0,23.0,True,0,0
2024_10_MIA_LA,2024,10,REG,MIA,Mike McDaniel,LA,Sean McVay,23.0,15.0,False,1,0
2024_10_MIN_JAX,2024,10,REG,JAX,Doug Pederson,MIN,Kevin O'Connell,7.0,12.0,True,0,0
2024_10_MIN_JAX,2024,10,REG,MIN,Kevin O'Connell,JAX,Doug Pederson,12.0,7.0,False,1,0
2024_10_NE_CHI,2024,10,REG,CHI,Matt Eberflus,NE,Jerod Mayo,3.0,19.0,True,0,0
2024_10_NE_CHI,2024,10,REG,NE,Jerod Mayo,CHI,Matt Eberflus,19.0,3.0,False,1,0
2024_10_NYG_CAR,2024,10,REG,CAR,Dave Canales,NYG,Brian Daboll,20.0,17.0,True,1,0
2024_10_NYG_CAR,2024,10,REG,NYG,Brian Daboll,CAR,Dave Canales,17.0,20.0,False,0,0
2024_10_NYJ_ARI,2024,10,REG,ARI,Jonathan Gannon,NYJ,Robert Saleh,31.0,6.0,True,1,0
2024_10_NYJ_ARI,2024,10,REG,NYJ,Robert Saleh,ARI,Jonathan Gannon,6.0,31.0,False,0,0
2024_10_PHI_DAL,2024,10,REG,DAL,Mike McCarthy,PHI,Nick Sirianni,6.0,34.0,True,0,0
2024_10_PHI_DAL,2024,10,REG,PHI,Nick Sirianni,DAL,Mike McCarthy,34.0,6.0,False,1,0
2024_10_PIT_WAS,2024,10,REG,WAS,Dan Quinn,PIT,Mike Tomlin,27.0,28.0,True,0,0
2024_10_PIT_WAS,2024,10,REG,PIT,Mike Tomlin,WAS,Dan Quinn,28.0,27.0,False,1,0
2024_10_SF_TB,2024,10,REG,TB,Todd Bowles,SF,Kyle Shanahan,20.0,23.0,True,0,0
2024_10_SF_TB,2024,10,REG,SF,Kyle Shanahan,TB,Todd Bowles,23.0,20.0,False,1,0
2024_10_TEN_LAC,2024,10,REG,LAC,Jim Harbaugh,TEN,Brian Callahan,27.0,17.0,True,1,0
2024_10_TEN_LAC,2024,10,REG,TEN,Brian Callahan,LAC,Jim Harbaugh,17.0,27.0,False,0,0
2024_11_ATL_DEN,2024,11,REG,DEN,Sean Payton,ATL,Raheem Morris,38.0,6.0,True,1,0
2024_11_ATL_DEN,2024,11,REG,ATL,Raheem Morris,DEN,Sean Payton,6.0,38.0,False,0,0
2024_11_BAL_PIT,2024,11,REG,PIT,Mike Tomlin,BAL,John Harbaugh,18.0,16.0,True,1,0
2024_11_BAL_PIT,2024,11,REG,BAL,John Harbaugh,PIT,Mike Tomlin,16.0,18.0,False,0,0
2024_11_CIN_LAC,2024,11,REG,LAC,Jim Harbaugh,CIN,Zac Taylor,34.0,27.0,True,1,0
2024_11_CIN_LAC,2024,11,REG,CIN,Zac Taylor,LAC,Jim Harbaugh,27.0,34.0,False,0,0
2024_11_CLE_NO,2024,11,REG,NO,Dennis Allen,CLE,Kevin Stefanski,35.0,14.0,True,1,0
2024_11_CLE_NO,2024,11,REG,CLE,Kevin Stefanski,NO,Dennis Allen,14.0,35.0,False,0,0
2024_11_GB_CHI,2024,11,REG,CHI,Matt Eberflus,GB,Matt LaFleur,19.0,20.0,True,0,0
2024_11_GB_CHI,2024,11,REG,GB,Matt LaFleur,CHI,Matt Eberflus,20.0,19.0,False,1,0
2024_11_HOU_DAL,2024,11,REG,DAL,Mike McCarthy,HOU,DeMeco Ryans,10.0,34.0,True,0,0
2024_11_HOU_DAL,2024,11,REG,HOU,DeMeco Ryans,DAL,Mike McCarthy,34.0,10.0,False,1,0
2024_11_IND_NYJ,2024,11,REG,NYJ,Robert Saleh,IND,Shane Steichen,27.0,28.0,True,0,0
2024_11_IND_NYJ,2024,11,REG,IND,Shane Steichen,NYJ,Robert Saleh,28.0,27.0,False,1,0
2024_11_JAX_DET,2024,11,REG,DET,Dan Campbell,JAX,Doug Pederson,52.0,6.0,True,1,0
2024_11_JAX_DET,2024,11,REG,JAX,Doug Pederson,DET,Dan Campbell,6.0,52.0,False,0,0
2024_11_KC_BUF,2024,11,REG,BUF,Sean McDermott,KC,Andy Reid,30.0,21.0,True,1,0
2024_11_KC_BUF,2024,11,REG,KC,Andy Reid,BUF,Sean McDermott,21.0,30.0,False,0,0
2024_11_LA_NE,2024,11,REG,NE,Jerod Mayo,LA,Sean McVay,22.0,28.0,True,0,0
2024_11_LA_NE,2024,11,REG,LA,Sean McVay,NE,Jerod Mayo,28.0,22.0,False,1,0
2024_11_LV_MIA,2024,11,REG,MIA,Mike McDaniel,LV,Antonio Pierce,34.0,19.0,True,1,0
2024_11_LV_MIA,2024,11,REG,LV,Antonio Pierce,MIA,Mike McDaniel,19.0,34.0,False,0,0
2024_11_MIN_TEN,2024,11,REG,TEN,Brian Callahan,MIN,Kevin O'Connell,13.0,23.0,True,0,0
2024_11_MIN_TEN,2024,11,REG,MIN,Kevin O'Connell,TEN,Brian Callahan,23.0,13.0,False,1,0
2024_11_SEA_SF,2024,11,REG,SF,Kyle Shanahan,SEA,Mike Macdonald,17.0,20.0,True,0,0
2024_11_SEA_SF,2024,11,REG,SEA,Mike Macdonald,SF,Kyle Shanahan,20.0,17.0,False,1,0
2024_11_WAS_PHI,2024,11,REG,PHI,Nick Sirianni,WAS,Dan Quinn,26.0,18.0,True,1,0
2024_11_WAS_PHI,2024,11,REG,WAS,Dan Quinn,PHI,Nick Sirianni,18.0,26.0,False,0,0
2024_12_ARI_SEA,2024,12,REG,SEA,Mike Macdonald,ARI,Jonathan Gannon,16.0,6.0,True,1,0
2024_12_ARI_SEA,2024,12,REG,ARI,Jonathan Gannon,SEA,Mike Macdonald,6.0,16.0,False,0,0
2024_12_BAL_LAC,2024,12,REG,LAC,Jim Harbaugh,BAL,John Harbaugh,23.0,30.0,True,0,0
2024_12_BAL_LAC,2024,12,REG,BAL,John Harbaugh,LAC,Jim Harbaugh,30.0,23.0,False,1,0
2024_12_DAL_WAS,2024,12,REG,WAS,Dan Quinn,DAL,Mike McCarthy,26.0,34.0,True,0,0
2024_12_DAL_WAS,2024,12,REG,DAL,Mike McCarthy,WAS,Dan Quinn,34.0,26.0,False,1,0
2024_12_DEN_LV,2024,12,REG,LV,Antonio Pierce,DEN,Sean Payton,19.0,29.0,True,0,0
2024_12_DEN_LV,2024,12,REG,DEN,Sean Payton,LV,Antonio Pierce,29.0,19.0,False,1,0
2024_12_DET_IND,2024,12,REG,IND,Shane Steichen,DET,Dan Campbell,6.0,24.0,True,0,0
2024_12_DET_IND,2024,12,REG,DET,Dan Campbell,IND,Shane Steichen,24.0,6.0,False,1,0
2024_12_KC_CAR,2024,12,REG,CAR,Dave Canales,KC,Andy Reid,27.0,30.0,True,0,0
2024_12_KC_CAR,2024,12,REG,KC,Andy Reid,CAR,Dave Canales,30.0,27.0,False,1,0
2024_12_MIN_CHI,2024,12,REG,CHI,Matt Eberflus,MIN,Kevin O'Connell,27.0,30.0,True,0,0
2024_12_MIN_CHI,2024,12,REG,MIN,Kevin O'Connell,CHI,Matt Eberflus,30.0,27.0,False,1,0
2024_12_NE_MIA,2024,12,REG,MIA,Mike McDaniel,NE,Jerod Mayo,34.0,15.0,True,1,0
2024_12_NE_MIA,2024,12,REG,NE,Jerod Mayo,MIA,Mike McDaniel,15.0,34.0,False,0,0
2024_12_PHI_LA,2024,12,REG,LA,Sean McVay,PHI,Nick Sirianni,20.0,37.0,True,0,0
2024_12_PHI_LA,2024,12,REG,PHI,Nick Sirianni,LA,Sean McVay,37.0,20.0,False,1,0
2024_12_PIT_CLE,2024,12,REG,CLE,Kevin Stefanski,PIT,Mike Tomlin,24.0,19.0,True,1,0
2024_12_PIT_CLE,2024,12,REG,PIT,Mike Tomlin,CLE,Kevin Stefanski,19.0,24.0,False,0,0
2024_12_SF_GB,2024,12,REG,GB,Matt LaFleur,SF,Kyle Shanahan,38.0,10.0,True,1,0
2024_12_SF_GB,2024,12,REG,SF,Kyle Shanahan,GB,Matt LaFleur,10.0,38.0,False,0,0
2024_12_TB_NYG,2024,12,REG,NYG,Brian Daboll,TB,Todd Bowles,7.0,30.0,True,0,0
2024_12_TB_NYG,2024,12,REG,TB,Todd Bowles,NYG,Brian Daboll,30.0,7.0,False,1,0
2024_12_TEN_HOU,2024,12,REG,HOU,DeMeco Ryans,TEN,Brian Callahan,27.0,32.0,True,0,0
2024_12_TEN_HOU,2024,12,REG,TEN,Brian Callahan,HOU,DeMeco Ryans,32.0,27.0,False,1,0
2024_13_ARI_MIN,2024,13,REG,MIN,Kevin O'Connell,ARI,Jonathan Gannon,23.0,22.0,True,1,0
2024_13_ARI_MIN,2024,13,REG,ARI,Jonathan Gannon,MIN,Kevin O'Connell,22.0,23.0,False,0,0
2024_13_CHI_DET,2024,13,REG,DET,Dan Campbell,CHI,Matt Eberflus,23.0,20.0,True,1,0
2024_13_CHI_DET,2024,13,REG,CHI,Matt Eberflus,DET,Dan Campbell,20.0,23.0,False,0,0
2024_13_CLE_DEN,2024,13,REG,DEN,Sean Payton,CLE,Kevin Stefanski,41.0,32.0,True,1,0
2024_13_CLE_DEN,2024,13,REG,CLE,Kevin Stefanski,DEN,Sean Payton,32.0,41.0,False,0,0
2024_13_HOU_JAX,2024,13,REG,JAX,Doug Pederson,HOU,DeMeco Ryans,20.0,23.0,True,0,0
2024_13_HOU_JAX,2024,13,REG,HOU,DeMeco Ryans,JAX,Doug Pederson,23.0,20.0,False,1,0
2024_13_IND_NE,2024,13,REG,NE,Jerod Mayo,IND,Shane Steichen,24.0,25.0,True,0,0
2024_13_IND_NE,2024,13,REG,IND,Shane Steichen,NE,Jerod Mayo,25.0,24.0,False,1,0
2024_13_LAC_ATL,2024,13,REG,ATL,Raheem Morris,LAC,Jim Harbaugh,13.0,17.0,True,0,0
2024_13_LAC_ATL,2024,13,REG,LAC,Jim Harbaugh,ATL,Raheem Morris,17.0,13.0,False,1,0
2024_13_LA_NO,2024,13,REG,NO,Dennis Allen,LA,Sean McVay,14.0,21.0,True,0,0
2024_13_LA_NO,2024,13,REG,LA,Sean McVay,NO,Dennis Allen,21.0,14.0,False,1,0
2024_13_LV_KC,2024,13,REG,KC,Andy Reid,LV,Antonio Pierce,19.0,17.0,True,1,0
2024_13_LV_KC,2024,13,REG,LV,Antonio Pierce,KC,Andy Reid,17.0,19.0,False,0,0
2024_13_MIA_GB,2024,13,REG,GB,Matt LaFleur,MIA,Mike McDaniel,30.0,17.0,True,1,0
2024_13_MIA_GB,2024,13,REG,MIA,Mike McDaniel,GB,Matt LaFleur,17.0,30.0,False,0,0
2024_13_NYG_DAL,2024,13,REG,DAL,Mike McCarthy,NYG,Brian Daboll,27.0,20.0,True,1,0
2024_13_NYG_DAL,2024,13,REG,NYG,Brian Daboll,DAL,Mike McCarthy,20.0,27.0,False,0,0
2024_13_PHI_BAL,2024,13,REG,BAL,John Harbaugh,PHI,Nick Sirianni,19.0,24.0,True,0,0
2024_13_PHI_BAL,2024,13,REG,PHI,Nick Sirianni,BAL,John Harbaugh,24.0,19.0,False,1,0
2024_13_PIT_CIN,2024,13,REG,CIN,Zac Taylor,PIT,Mike Tomlin,38.0,44.0,True,0,0
2024_13_PIT_CIN,2024,13,REG,PIT,Mike Tomlin,CIN,Zac Taylor,44.0,38.0,False,1,0
2024_13_SEA_NYJ,2024,13,REG,NYJ,Robert Saleh,SEA,Mike Macdonald,21.0,26.0,True,0,0
2024_13_SEA_NYJ,2024,13,REG,SEA,Mike Macdonald,NYJ,Robert Saleh,26.0,21.0,False,1,0
2024_13_SF_BUF,2024,13,REG,BUF,Sean McDermott,SF,Kyle Shanahan,35.0,10.0,True,1,0
2024_13_SF_BUF,2024,13,REG,SF,Kyle Shanahan,BUF,Sean McDermott,10.0,35.0,False,0,0
2024_13_TB_CAR,2024,13,REG,CAR,Dave Canales,TB,Todd Bowles,23.0,26.0,True,0,0
2024_13_TB_CAR,2024,13,REG,TB,Todd Bowles,CAR,Dave Canales,26.0,23.0,False,1,0
2024_13_TEN_WAS,2024,13,REG,WAS,Dan Quinn,TEN,Brian Callahan,42.0,19.0,True,1,0
2024_13_TEN_WAS,2024,13,REG,TEN,Brian Callahan,WAS,Dan Quinn,19.0,42.0,False,0,0
2024_14_ATL_MIN,2024,14,REG,MIN,Kevin O'Connell,ATL,Raheem Morris,42.0,21.0,True,1,0
2024_14_ATL_MIN,2024,14,REG,ATL,Raheem Morris,MIN,Kevin O'Connell,21.0,42.0,False,0,0
2024_14_BUF_LA,2024,14,REG,LA,Sean McVay,BUF,Sean McDermott,44.0,42.0,True,1,0
2024_14_BUF_LA,2024,14,REG,BUF,Sean McDermott,LA,Sean McVay,42.0,44.0,False,0,0
2024_14_CAR_PHI,2024,14,REG,PHI,Nick Sirianni,CAR,Dave Canales,22.0,16.0,True,1,0
2024_14_CAR_PHI,2024,14,REG,CAR,Dave Canales,PHI,Nick Sirianni,16.0,22.0,False,0,0
2024_14_CHI_SF,2024,14,REG,SF,Kyle Shanahan,CHI,Matt Eberflus,38.0,13.0,True,1,0
2024_14_CHI_SF,2024,14,REG,CHI,Matt Eberflus,SF,Kyle Shanahan,13.0,38.0,False,0,0
2024_14_CIN_DAL,2024,14,REG,DAL,Mike McCarthy,CIN,Zac Taylor,20.0,27.0,True,0,0
2024_14_CIN_DAL,2024,14,REG,CIN,Zac Taylor,DAL,Mike McCarthy,27.0,20.0,False,1,0
2024_14_CLE_PIT,2024,14,REG,PIT,Mike Tomlin,CLE,Kevin Stefanski,27.0,14.0,True,1,0
2024_14_CLE_PIT,2024,14,REG,CLE,Kevin Stefanski,PIT,Mike Tomlin,14.0,27.0,False,0,0
2024_14_GB_DET,2024,14,REG,DET,Dan Campbell,GB,Matt LaFleur,34.0,31.0,True,1,0
2024_14_GB_DET,2024,14,REG,GB,Matt LaFleur,DET,Dan Campbell,31.0,34.0,False,0,0
2024_14_JAX_TEN,2024,14,REG,TEN,Brian Callahan,JAX,Doug Pederson,6.0,10.0,True,0,0
2024_14_JAX_TEN,2024,14,REG,JAX,Doug Pederson,TEN,Brian Callahan,10.0,6.0,False,1,0
2024_14_LAC_KC,2024,14,REG,KC,Andy Reid,LAC,Jim Harbaugh,19.0,17.0,True,1,0
2024_14_LAC_KC,2024,14,REG,LAC,Jim Harbaugh,KC,Andy Reid,17.0,19.0,False,0,0
2024_14_LV_TB,2024,14,REG,TB,Todd Bowles,LV,Antonio Pierce,28.0,13.0,True,1,0
2024_14_LV_TB,2024,14,REG,LV,Antonio Pierce,TB,Todd Bowles,13.0,28.0,False,0,0
2024_14_NO_NYG,2024,14,REG,NYG,Brian Daboll,NO,Dennis Allen,11.0,14.0,True,0,0
2024_14_NO_NYG,2024,14,REG,NO,Dennis Allen,NYG,Brian Daboll,14.0,11.0,False,1,0
2024_14_NYJ_MIA,2024,14,REG,MIA,Mike McDaniel,NYJ,Robert Saleh,32.0,26.0,True,1,0
2024_14_NYJ_MIA,2024,14,REG,NYJ,Robert Saleh,MIA,Mike McDaniel,26.0,32.0,False,0,0
2024_14_SEA_ARI,2024,14,REG,ARI,Jonathan Gannon,SEA,Mike Macdonald,18.0,30.0,True,0,0
2024_14_SEA_ARI,2024,14,REG,SEA,Mike Macdonald,ARI,Jonathan Gannon,30.0,18.0,False,1,0
2024_15_ATL_LV,2024,15,REG,LV,Antonio Pierce,ATL,Raheem Morris,9.0,15.0,True,0,0
2024_15_ATL_LV,2024,15,REG,ATL,Raheem Morris,LV,Antonio Pierce,15.0,9.0,False,1,0
2024_15_BAL_NYG,2024,15,REG,NYG,Brian Daboll,BAL,John Harbaugh,14.0,35.0,True,0,0
2024_15_BAL_NYG,2024,15,REG,BAL,John Harbaugh,NYG,Brian Daboll,35.0,14.0,False,1,0
2024_15_BUF_DET,2024,15,REG,DET,Dan Campbell,BUF,Sean McDermott,42.0,48.0,True,0,0
2024_15_BUF_DET,2024,15,REG,BUF,Sean McDermott,DET,Dan Campbell,48.0,42.0,False,1,0
2024_15_CHI_MIN,2024,15,REG,MIN,Kevin O'Connell,CHI,Matt Eberflus,30.0,12.0,True,1,0
2024_15_CHI_MIN,2024,15,REG,CHI,Matt Eberflus,MIN,Kevin O'Connell,12.0,30.0,False,0,0
2024_15_CIN_TEN,2024,15,REG,TEN,Brian Callahan,CIN,Zac Taylor,27.0,37.0,True,0,0
2024_15_CIN_TEN,2024,15,REG,CIN,Zac Taylor,TEN,Brian Callahan,37.0,27.0,False,1,0
2024_15_DAL_CAR,2024,15,REG,CAR,Dave Canales,DAL,Mike McCarthy,14.0,30.0,True,0,0
2024_15_DAL_CAR,2024,15,REG,DAL,Mike McCarthy,CAR,Dave Canales,30.0,14.0,False,1,0
2024_15_GB_SEA,2024,15,REG,SEA,Mike Macdonald,GB,Matt LaFleur,13.0,30.0,True,0,0
2024_15_GB_SEA,2024,15,REG,GB,Matt LaFleur,SEA,Mike Macdonald,30.0,13.0,False,1,0
2024_15_IND_DEN,2024,15,REG,DEN,Sean Payton,IND,Shane Steichen,31.0,13.0,True,1,0
2024_15_IND_DEN,2024,15,REG,IND,Shane Steichen,DEN,Sean Payton,13.0,31.0,False,0,0
2024_15_KC_CLE,2024,15,REG,CLE,Kevin Stefanski,KC,Andy Reid,7.0,21.0,True,0,0
2024_15_KC_CLE,2024,15,REG,KC,Andy Reid,CLE,Kevin Stefanski,21.0,7.0,False,1,0
2025_01_ARI_NO,2025,1,REG,NO,Kellen Moore,ARI,Jonathan Gannon,13.0,20.0,True,0,0
2025_01_ARI_NO,2025,1,REG,ARI,Jonathan Gannon,NO,Kellen Moore,20.0,13.0,False,1,0
2025_01_BAL_BUF,2025,1,REG,BUF,Sean McDermott,BAL,John Harbaugh,41.0,40.0,True,1,0
2025_01_BAL_BUF,2025,1,REG,BAL,John Harbaugh,BUF,Sean McDermott,40.0,41.0,False,0,0
2025_01_CAR_JAX,2025,1,REG,JAX,Liam Coen,CAR,Dave Canales,26.0,10.0,True,1,0
2025_01_CAR_JAX,2025,1,REG,CAR,Dave Canales,JAX,Liam Coen,10.0,26.0,False,0,0
2025_01_CIN_CLE,2025,1,REG,CLE,Kevin Stefanski,CIN,Zac Taylor,16.0,17.0,True,0,0
2025_01_CIN_CLE,2025,1,REG,CIN,Zac Taylor,CLE,Kevin Stefanski,17.0,16.0,False,1,0
2025_01_DAL_PHI,2025,1,REG,PHI,Nick Sirianni,DAL,Brian Schottenheimer,24.0,20.0,True,1,0
2025_01_DAL_PHI,2025,1,REG,DAL,Brian Schottenheimer,PHI,Nick Sirianni,20.0,24.0,False,0,0
2025_01_DET_GB,2025,1,REG,GB,Matt LaFleur,DET,Dan Campbell,27.0,13.0,True,1,0
2025_01_DET_GB,2025,1,REG,DET,Dan Campbell,GB,Matt LaFleur,13.0,27.0,False,0,0
2025_01_HOU_LA,2025,1,REG,LA,Sean McVay,HOU,DeMeco Ryans,14.0,9.0,True,1,0
2025_01_HOU_LA,2025,1,REG,HOU,DeMeco Ryans,LA,Sean McVay,9.0,14.0,False,0,0
2025_01_KC_LAC,2025,1,REG,LAC,Jim Harbaugh,KC,Andy Reid,27.0,21.0,True,1,0
2025_01_KC_LAC,2025,1,REG,KC,Andy Reid,LAC,Jim Harbaugh,21.0,27.0,False,0,0
2025_01_LV_NE,2025,1,REG,NE,Mike Vrabel,LV,Pete Carroll,13.0,20.0,True,0,0
2025_01_LV_NE,2025,1,REG,LV,Pete Carroll,NE,Mike Vrabel,20.0,13.0,False,1,0
2025_01_MIA_IND,2025,1,REG,IND,Shane Steichen,MIA,Mike McDaniel,33.0,8.0,True,1,0
2025_01_MIA_IND,2025,1,REG,MIA,Mike McDaniel,IND,Shane Steichen,8.0,33.0,False,0,0
2025_01_MIN_CHI,2025,1,REG,CHI,Ben Johnson,MIN,Kevin O'Connell,24.0,27.0,True,0,0
2025_01_MIN_CHI,2025,1,REG,MIN,Kevin O'Connell,CHI,Ben Johnson,27.0,24.0,False,1,0
2025_01_NYG_WAS,2025,1,REG,WAS,Dan Quinn,NYG,Brian Daboll,21.0,6.0,True,1,0
2025_01_NYG_WAS,2025,1,REG,NYG,Brian Daboll,WAS,Dan Quinn,6.0,21.0,False,0,0
2025_01_PIT_NYJ,2025,1,REG,NYJ,Aaron Glenn,PIT,Mike Tomlin,32.0,34.0,True,0,0
2025_01_PIT_NYJ,2025,1,REG,PIT,Mike Tomlin,NYJ,Aaron Glenn,34.0,32.0,False,1,0
2025_01_SF_SEA,2025,1,REG,SEA,Mike Macdonald,SF,Kyle Shanahan,13.0,17.0,True,0,0
2025_01_SF_SEA,2025,1,REG,SF,Kyle Shanahan,SEA,Mike Macdonald,17.0,13.0,False,1,0
2025_01_TB_ATL,2025,1,REG,ATL,Raheem Morris,TB,Todd Bowles,20.0,23.0,True,0,0
2025_01_TB_ATL,2025,1,REG,TB,Todd Bowles,ATL,Raheem Morris,23.0,20.0,False,1,0
2025_01_TEN_DEN,2025,1,REG,DEN,Sean Payton,TEN,Brian Callahan,20.0,12.0,True,1,0
2025_01_TEN_DEN,2025,1,REG,TEN,Brian Callahan,DEN,Sean Payton,12.0,20.0,False,0,0
2025_02_ATL_MIN,2025,2,REG,MIN,Kevin O'Connell,ATL,Raheem Morris,6.0,22.0,True,0,0
2025_02_ATL_MIN,2025,2,REG,ATL,Raheem Morris,MIN,Kevin O'Connell,22.0,6.0,False,1,0
2025_02_BUF_NYJ,2025,2,REG,NYJ,Aaron Glenn,BUF,Sean McDermott,10.0,30.0,True,0,0
2025_02_BUF_NYJ,2025,2,REG,BUF,Sean McDermott,NYJ,Aaron Glenn,30.0,10.0,False,1,0
2025_02_CAR_ARI,2025,2,REG,ARI,Jonathan Gannon,CAR,Dave Canales,27.0,22.0,True,1,0
2025_02_CAR_ARI,2025,2,REG,CAR,Dave Canales,ARI,Jonathan Gannon,22.0,27.0,False,0,0
2025_02_CHI_DET,2025,2,REG,DET,Dan Campbell,CHI,Ben Johnson,52.0,21.0,True,1,0
2025_02_CHI_DET,2025,2,REG,CHI,Ben Johnson,DET,Dan Campbell,21.0,52.0,False,0,0
2025_02_CLE_BAL,2025,2,REG,BAL,John Harbaugh,CLE,Kevin Stefanski,41.0,17.0,True,1,0
2025_02_CLE_BAL,2025,2,REG,CLE,Kevin Stefanski,BAL,John Harbaugh,17.0,41.0,False,0,0
2025_02_DEN_IND,2025,2,REG,IND,Shane Steichen,DEN,Sean Payton,29.0,28.0,True,1,0
2025_02_DEN_IND,2025,2,REG,DEN,Sean Payton,IND,Shane Steichen,28.0,29.0,False,0,0
2025_02_JAX_CIN,2025,2,REG,CIN,Zac Taylor,JAX,Liam Coen,31.0,27.0,True,1,0
2025_02_JAX_CIN,2025,2,REG,JAX,Liam Coen,CIN,Zac Taylor,27.0,31.0,False,0,0
2025_02_LAC_LV,2025,2,REG,LV,Pete Carroll,LAC,Jim Harbaugh,9.0,20.0,True,0,0
2025_02_LAC_LV,2025,2,REG,LAC,Jim Harbaugh,LV,Pete Carroll,20.0,9.0,False,1,0
2025_02_LA_TEN,2025,2,REG,TEN,Brian Callahan,LA,Sean McVay,19.0,33.0,True,0,0
2025_02_LA_TEN,2025,2,REG,LA,Sean McVay,TEN,Brian Callahan,33.0,19.0,False,1,0
2025_02_NE_MIA,2025,2,REG,MIA,Mike McDaniel,NE,Mike Vrabel,27.0,33.0,True,0,0
2025_02_NE_MIA,2025,2,REG,NE,Mike Vrabel,MIA,Mike McDaniel,33.0,27.0,False,1,0
2025_02_NYG_DAL,2025,2,REG,DAL,Brian Schottenheimer,NYG,Brian Daboll,40.0,37.0,True,1,0
2025_02_NYG_DAL,2025,2,REG,NYG,Brian Daboll,DAL,Brian Schottenheimer,37.0,40.0,False,0,0
2025_02_PHI_KC,2025,2,REG,KC,Andy Reid,PHI,Nick Sirianni,17.0,20.0,True,0,0
2025_02_PHI_KC,2025,2,REG,PHI,Nick Sirianni,KC,Andy Reid,20.0,17.0,False,1,0
2025_02_SEA_PIT,2025,2,REG,PIT,Mike Tomlin,SEA,Mike Macdonald,17.0,31.0,True,0,0
2025_02_SEA_PIT,2025,2,REG,SEA,Mike Macdonald,PIT,Mike Tomlin,31.0,17.0,False,1,0
2025_02_SF_NO,2025,2,REG,NO,Kellen Moore,SF,Kyle Shanahan,21.0,26.0,True,0,0
2025_02_SF_NO,2025,2,REG,SF,Kyle Shanahan,NO,Kellen Moore,26.0,21.0,False,1,0
2025_02_TB_HOU,2025,2,REG,HOU,DeMeco Ryans,TB,Todd Bowles,19.0,20.0,True,0,0
2025_02_TB_HOU,2025,2,REG,TB,Todd Bowles,HOU,DeMeco Ryans,20.0,19.0,False,1,0
2025_02_WAS_GB,2025,2,REG,GB,Matt LaFleur,WAS,Dan Quinn,27.0,18.0,True,1,0
2025_02_WAS_GB,2025,2,REG,WAS,Dan Quinn,GB,Matt LaFleur,18.0,27.0,False,0,0
2025_03_ARI_SF,2025,3,REG,SF,Kyle Shanahan,ARI,Jonathan Gannon,16.0,15.0,True,1,0
2025_03_ARI_SF,2025,3,REG,ARI,Jonathan Gannon,SF,Kyle Shanahan,15.0,16.0,False,0,0
2025_03_ATL_CAR,2025,3,REG,CAR,Dave Canales,ATL,Raheem Morris,30.0,0.0,True,1,0
2025_03_ATL_CAR,2025,3,REG,ATL,Raheem Morris,CAR,Dave Canales,0.0,30.0,False,0,0
2025_03_CIN_MIN,2025,3,REG,MIN,Kevin O'Connell,CIN,Zac Taylor,48.0,10.0,True,1,0
2025_03_CIN_MIN,2025,3,REG,CIN,Zac Taylor,MIN,Kevin O'Connell,10.0,48.0,False,0,0
2025_03_DAL_CHI,2025,3,REG,CHI,Ben Johnson,DAL,Brian Schottenheimer,31.0,14.0,True,1,0
2025_03_DAL_CHI,2025,3,REG,DAL,Brian Schottenheimer,CHI,Ben Johnson,14.0,31.0,False,0,0
2025_03_DEN_LAC,2025,3,REG,LAC,Jim Harbaugh,DEN,Sean Payton,23.0,20.0,True,1,0
2025_03_DEN_LAC,2025,3,REG,DEN,Sean Payton,LAC,Jim Harbaugh,20.0,23.0,False,0,0
2025_03_DET_BAL,2025,3,REG,BAL,John Harbaugh,DET,Dan Campbell,30.0,38.0,True,0,0
2025_03_DET_BAL,2025,3,REG,DET,Dan Campbell,BAL,John Harbaugh,38.0,30.0,False,1,0
2025_03_GB_CLE,2025,3,REG,CLE,Kevin Stefanski,GB,Matt LaFleur,13.0,10.0,True,1,0
2025_03_GB_CLE,2025,3,REG,GB,Matt LaFleur,CLE,Kevin Stefanski,10.0,13.0,False,0,0
2025_03_HOU_JAX,2025,3,REG,JAX,Liam Coen,HOU,DeMeco Ryans,17.0,10.0,True,1,0
2025_03_HOU_JAX,2025,3,REG,HOU,DeMeco Ryans,JAX,Liam Coen,10.0,17.0,False,0,0
2025_03_IND_TEN,2025,3,REG,TEN,Brian Callahan,IND,Shane Steichen,20.0,41.0,True,0,0
2025_03_IND_TEN,2025,3,REG,IND,Shane Steichen,TEN,Brian Callahan,41.0,20.0,False,1,0
2025_03_KC_NYG,2025,3,REG,NYG,Brian Daboll,KC,Andy Reid,9.0,22.0,True,0,0
2025_03_KC_NYG,2025,3,REG,KC,Andy Reid,NYG,Brian Daboll,22.0,9.0,False,1,0
2025_03_LA_PHI,2025,3,REG,PHI,Nick Sirianni,LA,Sean McVay,33.0,26.0,True,1,0
2025_03_LA_PHI,2025,3,REG,LA,Sean McVay,PHI,Nick Sirianni,26.0,33.0,False,0,0
2025_03_LV_WAS,2025,3,REG,WAS,Dan Quinn,LV,Pete Carroll,41.0,24.0,True,1,0
2025_03_LV_WAS,2025,3,REG,LV,Pete Carroll,WAS,Dan Quinn,24.0,41.0,False,0,0
2025_03_MIA_BUF,2025,3,REG,BUF,Sean McDermott,MIA,Mike McDaniel,31.0,21.0,True,1,0
2025_03_MIA_BUF,2025,3,REG,MIA,Mike McDaniel,BUF,Sean McDermott,21.0,31.0,False,0,0
2025_03_NO_SEA,2025,3,REG,SEA,Mike Macdonald,NO,Kellen Moore,44.0,13.0,True,1,0
2025_03_NO_SEA,2025,3,REG,NO,Kellen Moore,SEA,Mike Macdonald,13.0,44.0,False,0,0
2025_03_NYJ_TB,2025,3,REG,TB,Todd Bowles,NYJ,Aaron Glenn,29.0,27.0,True,1,0
2025_03_NYJ_TB,2025,3,REG,NYJ,Aaron Glenn,TB,Todd Bowles,27.0,29.0,False,0,0
2025_03_PIT_NE,2025,3,REG,NE,Mike Vrabel,PIT,Mike Tomlin,14.0,21.0,True,0,0
2025_03_PIT_NE,2025,3,REG,PIT,Mike Tomlin,NE,Mike Vrabel,21.0,14.0,False,1,0
2025_04_BAL_KC,2025,4,REG,KC,Andy Reid,BAL,John Harbaugh,37.0,20.0,True,1,0
2025_04_BAL_KC,2025,4,REG,BAL,John Harbaugh,KC,Andy Reid,20.0,37.0,False,0,0
2025_04_CAR_NE,2025,4,REG,NE,Mike Vrabel,CAR,Dave Canales,42.0,13.0,True,1,0
2025_04_CAR_NE,2025,4,REG,CAR,Dave Canales,NE,Mike Vrabel,13.0,42.0,False,0,0
2025_04_CHI_LV,2025,4,REG,LV,Pete Carroll,CHI,Ben Johnson,24.0,25.0,True,0,0
2025_04_CHI_LV,2025,4,REG,CHI,Ben Johnson,LV,Pete Carroll,25.0,24.0,False,1,0
2025_04_CIN_DEN,2025,4,REG,DEN,Sean Payton,CIN,Zac Taylor,28.0,3.0,True,1,0
2025_04_CIN_DEN,2025,4,REG,CIN,Zac Taylor,DEN,Sean Payton,3.0,28.0,False,0,0
2025_04_CLE_DET,2025,4,REG,DET,Dan Campbell,CLE,Kevin Stefanski,34.0,10.0,True,1,0
2025_04_CLE_DET,2025,4,REG,CLE,Kevin Stefanski,DET,Dan Campbell,10.0,34.0,False,0,0
2025_04_GB_DAL,2025,4,REG,DAL,Brian Schottenheimer,GB,Matt LaFleur,40.0,40.0,True,0,1
2025_04_GB_DAL,2025,4,REG,GB,Matt LaFleur,DAL,Brian Schottenheimer,40.0,40.0,False,0,1
2025_04_IND_LA,2025,4,REG,LA,Sean McVay,IND,Shane Steichen,27.0,20.0,True,1,0
2025_04_IND_LA,2025,4,REG,IND,Shane Steichen,LA,Sean McVay,20.0,27.0,False,0,0
2025_04_JAX_SF,2025,4,REG,SF,Kyle Shanahan,JAX,Liam Coen,21.0,26.0,True,0,0
2025_04_JAX_SF,2025,4,REG,JAX,Liam Coen,SF,Kyle Shanahan,26.0,21.0,False,1,0
2025_04_LAC_NYG,2025,4,REG,NYG,Brian Daboll,LAC,Jim Harbaugh,21.0,18.0,True,1,0
2025_04_LAC_NYG,2025,4,REG,LAC,Jim Harbaugh,NYG,Brian Daboll,18.0,21.0,False,0,0
2025_04_MIN_PIT,2025,4,REG,PIT,Mike Tomlin,MIN,Kevin O'Connell,24.0,21.0,True,1,0
2025_04_MIN_PIT,2025,4,REG,MIN,Kevin O'Connell,PIT,Mike Tomlin,21.0,24.0,False,0,0
2025_04_NO_BUF,2025,4,REG,BUF,Sean McDermott,NO,Kellen Moore,31.0,19.0,True,1,0
2025_04_NO_BUF,2025,4,REG,NO,Kellen Moore,BUF,Sean McDermott,19.0,31.0,False,0,0
2025_04_NYJ_MIA,2025,4,REG,MIA,Mike McDaniel,NYJ,Aaron Glenn,27.0,21.0,True,1,0
2025_04_NYJ_MIA,2025,4,REG,NYJ,Aaron Glenn,MIA,Mike McDaniel,21.0,27.0,False,0,0
2025_04_PHI_TB,2025,4,REG,TB,Todd Bowles,PHI,Nick Sirianni,25.0,31.0,True,0,0
2025_04_PHI_TB,2025,4,REG,PHI,Nick Sirianni,TB,Todd Bowles,31.0,25.0,False,1,0
2025_04_SEA_ARI,2025,4,REG,ARI,Jonathan Gannon,SEA,Mike Macdonald,20.0,23.0,True,0,0
2025_04_SEA_ARI,2025,4,REG,SEA,Mike Macdonald,ARI,Jonathan Gannon,23.0,20.0,False,1,0
2025_04_TEN_HOU,2025,4,REG,HOU,DeMeco Ryans,TEN,Brian Callahan,26.0,0.0,True,1,0
2025_04_TEN_HOU,2025,4,REG,TEN,Brian Callahan,HOU,DeMeco Ryans,0.0,26.0,False,0,0
2025_04_WAS_ATL,2025,4,REG,ATL,Raheem Morris,WAS,Dan Quinn,34.0,27.0,True,1,0
2025_04_WAS_ATL,2025,4,REG,WAS,Dan Quinn,ATL,Raheem Morris,27.0,34.0,False,0,0
2025_05_DAL_NYJ,2025,5,REG,NYJ,Aaron Glenn,DAL,Brian Schottenheimer,22.0,37.0,True,0,0
2025_05_DAL_NYJ,2025,5,REG,DAL,Brian Schottenheimer,NYJ,Aaron Glenn,37.0,22.0,False,1,0
2025_05_DEN_PHI,2025,5,REG,PHI,Nick Sirianni,DEN,Sean Payton,17.0,21.0,True,0,0
2025_05_DEN_PHI,2025,5,REG,DEN,Sean Payton,PHI,Nick Sirianni,21.0,17.0,False,1,0
2025_05_DET_CIN,2025,5,REG,CIN,Zac Taylor,DET,Dan Campbell,24.0,37.0,True,0,0
2025_05_DET_CIN,2025,5,REG,DET,Dan Campbell,CIN,Zac Taylor,37.0,24.0,False,1,0
2025_05_HOU_BAL,2025,5,REG,BAL,John Harbaugh,HOU,DeMeco Ryans,10.0,44.0,True,0,0
2025_05_HOU_BAL,2025,5,REG,HOU,DeMeco Ryans,BAL,John Harbaugh,44.0,10.0,False,1,0
2025_05_KC_JAX,2025,5,REG,JAX,Liam Coen,KC,Andy Reid,31.0,28.0,True,1,0
2025_05_KC_JAX,2025,5,REG,KC,Andy Reid,JAX,Liam Coen,28.0,31.0,False,0,0
2025_05_LV_IND,2025,5,REG,IND,Shane Steichen,LV,Pete Carroll,40.0,6.0,True,1,0
2025_05_LV_IND,2025,5,REG,LV,Pete Carroll,IND,Shane Steichen,6.0,40.0,False,0,0
2025_05_MIA_CAR,2025,5,REG,CAR,Dave Canales,MIA,Mike McDaniel,27.0,24.0,True,1,0
2025_05_MIA_CAR,2025,5,REG,MIA,Mike McDaniel,CAR,Dave Canales,24.0,27.0,False,0,0
2025_05_MIN_CLE,2025,5,REG,CLE,Kevin Stefanski,MIN,Kevin O'Connell,17.0,21.0,True,0,0
2025_05_MIN_CLE,2025,5,REG,MIN,Kevin O'Connell,CLE,Kevin Stefanski,21.0,17.0,False,1,0
2025_05_NE_BUF,2025,5,REG,BUF,Sean McDermott,NE,Mike Vrabel,20.0,23.0,True,0,0
2025_05_NE_BUF,2025,5,REG,NE,Mike Vrabel,BUF,Sean McDermott,23.0,20.0,False,1,0
2025_05_NYG_NO,2025,5,REG,NO,Kellen Moore,NYG,Brian Daboll,26.0,14.0,True,1,0
2025_05_NYG_NO,2025,5,REG,NYG,Brian Daboll,NO,Kellen Moore,14.0,26.0,False,0,0
2025_05_SF_LA,2025,5,REG,LA,Sean McVay,SF,Kyle Shanahan,23.0,26.0,True,0,0
2025_05_SF_LA,2025,5,REG,SF,Kyle Shanahan,LA,Sean McVay,26.0,23.0,False,1,0
2025_05_TB_SEA,2025,5,REG,SEA,Mike Macdonald,TB,Todd Bowles,35.0,38.0,True,0,0
2025_05_TB_SEA,2025,5,REG,TB,Todd Bowles,SEA,Mike Macdonald,38.0,35.0,False,1,0
2025_05_TEN_ARI,2025,5,REG,ARI,Jonathan Gannon,TEN,Brian Callahan,21.0,22.0,True,0,0
2025_05_TEN_ARI,2025,5,REG,TEN,Brian Callahan,ARI,Jonathan Gannon,22.0,21.0,False,1,0
2025_05_WAS_LAC,2025,5,REG,LAC,Jim Harbaugh,WAS,Dan Quinn,10.0,27.0,True,0,0
2025_05_WAS_LAC,2025,5,REG,WAS,Dan Quinn,LAC,Jim Harbaugh,27.0,10.0,False,1,0
2025_06_ARI_IND,2025,6,REG,IND,Shane Steichen,ARI,Jonathan Gannon,31.0,27.0,True,1,0
2025_06_ARI_IND,2025,6,REG,ARI,Jonathan Gannon,IND,Shane Steichen,27.0,31.0,False,0,0
2025_06_BUF_ATL,2025,6,REG,ATL,Raheem Morris,BUF,Sean McDermott,24.0,14.0,True,1,0
2025_06_BUF_ATL,2025,6,REG,BUF,Sean McDermott,ATL,Raheem Morris,14.0,24.0,False,0,0
2025_06_CHI_WAS,2025,6,REG,WAS,Dan Quinn,CHI,Ben Johnson,24.0,25.0,True,0,0
2025_06_CHI_WAS,2025,6,REG,CHI,Ben Johnson,WAS,Dan Quinn,25.0,24.0,False,1,0
2025_06_CIN_GB,2025,6,REG,GB,Matt LaFleur,CIN,Zac Taylor,27.0,18.0,True,1,0
2025_06_CIN_GB,2025,6,REG,CIN,Zac Taylor,GB,Matt LaFleur,18.0,27.0,False,0,0
2025_06_CLE_PIT,2025,6,REG,PIT,Mike Tomlin,CLE,Kevin Stefanski,23.0,9.0,True,1,0
2025_06_CLE_PIT,2025,6,REG,CLE,Kevin Stefanski,PIT,Mike Tomlin,9.0,23.0,False,0,0
2025_06_DAL_CAR,2025,6,REG,CAR,Dave Canales,DAL,Brian Schottenheimer,30.0,27.0,True,1,0
2025_06_DAL_CAR,2025,6,REG,DAL,Brian Schottenheimer,CAR,Dave Canales,27.0,30.0,False,0,0
2025_06_DEN_NYJ,2025,6,REG,NYJ,Aaron Glenn,DEN,Sean Payton,11.0,13.0,True,0,0
2025_06_DEN_NYJ,2025,6,REG,DEN,Sean Payton,NYJ,Aaron Glenn,13.0,11.0,False,1,0
2025_06_DET_KC,2025,6,REG,KC,Andy Reid,DET,Dan Campbell,30.0,17.0,True,1,0
2025_06_DET_KC,2025,6,REG,DET,Dan Campbell,KC,Andy Reid,17.0,30.0,False,0,0
2025_06_LAC_MIA,2025,6,REG,MIA,Mike McDaniel,LAC,Jim Harbaugh,27.0,29.0,True,0,0
2025_06_LAC_MIA,2025,6,REG,LAC,Jim Harbaugh,MIA,Mike McDaniel,29.0,27.0,False,1,0
2025_06_LA_BAL,2025,6,REG,BAL,John Harbaugh,LA,Sean McVay,3.0,17.0,True,0,0
2025_06_LA_BAL,2025,6,REG,LA,Sean McVay,BAL,John Harbaugh,17.0,3.0,False,1,0
2025_06_NE_NO,2025,6,REG,NO,Kellen Moore,NE,Mike Vrabel,19.0,25.0,True,0,0
2025_06_NE_NO,2025,6,REG,NE,Mike Vrabel,NO,Kellen Moore,25.0,19.0,False,1,0
2025_06_PHI_NYG,2025,6,REG,NYG,Brian Daboll,PHI,Nick Sirianni,34.0,17.0,True,1,0
2025_06_PHI_NYG,2025,6,REG,PHI,Nick Sirianni,NYG,Brian Daboll,17.0,34.0,False,0,0
2025_06_SEA_JAX,2025,6,REG,JAX,Liam Coen,SEA,Mike Macdonald,12.0,20.0,True,0,0
2025_06_SEA_JAX,2025,6,REG,SEA,Mike Macdonald,JAX,Liam Coen,20.0,12.0,False,1,0
2025_06_SF_TB,2025,6,REG,TB,Todd Bowles,SF,Kyle Shanahan,30.0,19.0,True,1,0
2025_06_SF_TB,2025,6,REG,SF,Kyle Shanahan,TB,Todd Bowles,19.0,30.0,False,0,0
2025_06_TEN_LV,2025,6,REG,LV,Pete Carroll,TEN,Brian Callahan,20.0,10.0,True,1,0
2025_06_TEN_LV,2025,6,REG,TEN,Brian Callahan,LV,Pete Carroll,10.0,20.0,False,0,0
2025_07_ATL_SF,2025,7,REG,SF,Kyle Shanahan,ATL,Raheem Morris,20.0,10.0,True,1,0
2025_07_ATL_SF,2025,7,REG,ATL,Raheem Morris,SF,Kyle Shanahan,10.0,20.0,False,0,0
2025_07_CAR_NYJ,2025,7,REG,NYJ,Aaron Glenn,CAR,Dave Canales,6.0,13.0,True,0,0
2025_07_CAR_NYJ,2025,7,REG,CAR,Dave Canales,NYJ,Aaron Glenn,13.0,6.0,False,1,0
2025_07_GB_ARI,2025,7,REG,ARI,Jonathan Gannon,GB,Matt LaFleur,23.0,27.0,True,0,0
2025_07_GB_ARI,2025,7,REG,GB,Matt LaFleur,ARI,Jonathan Gannon,27.0,23.0,False,1,0
2025_07_HOU_SEA,2025,7,REG,SEA,Mike Macdonald,HOU,DeMeco Ryans,27.0,19.0,True,1,0
2025_07_HOU_SEA,2025,7,REG,HOU,DeMeco Ryans,SEA,Mike Macdonald,19.0,27.0,False,0,0
2025_07_IND_LAC,2025,7,REG,LAC,Jim Harbaugh,IND,Shane Steichen,24.0,38.0,True,0,0
2025_07_IND_LAC,2025,7,REG,IND,Shane Steichen,LAC,Jim Harbaugh,38.0,24.0,False,1,0
2025_07_LA_JAX,2025,7,REG,JAX,Liam Coen,LA,Sean McVay,7.0,35.0,True,0,0
2025_07_LA_JAX,2025,7,REG,LA,Sean McVay,JAX,Liam Coen,35.0,7.0,False,1,0
2025_07_LV_KC,2025,7,REG,KC,Andy Reid,LV,Pete Carroll,31.0,0.0,True,1,0
2025_07_LV_KC,2025,7,REG,LV,Pete Carroll,KC,Andy Reid,0.0,31.0,False,0,0
2025_07_MIA_CLE,2025,7,REG,CLE,Kevin Stefanski,MIA,Mike McDaniel,31.0,6.0,True,1,0
2025_07_MIA_CLE,2025,7,REG,MIA,Mike McDaniel,CLE,Kevin Stefanski,6.0,31.0,False,0,0
2025_07_NE_TEN,2025,7,REG,TEN,Brian Callahan,NE,Mike Vrabel,13.0,31.0,True,0,0
2025_07_NE_TEN,2025,7,REG,NE,Mike Vrabel,TEN,Brian Callahan,31.0,13.0,False,1,0
2025_07_NO_CHI,2025,7,REG,CHI,Ben Johnson,NO,Kellen Moore,26.0,14.0,True,1,0
2025_07_NO_CHI,2025,7,REG,NO,Kellen Moore,CHI,Ben Johnson,14.0,26.0,False,0,0
2025_07_NYG_DEN,2025,7,REG,DEN,Sean Payton,NYG,Brian Daboll,33.0,32.0,True,1,0
2025_07_NYG_DEN,2025,7,REG,NYG,Brian Daboll,DEN,Sean Payton,32.0,33.0,False,0,0
2025_07_PHI_MIN,2025,7,REG,MIN,Kevin O'Connell,PHI,Nick Sirianni,22.0,28.0,True,0,0
2025_07_PHI_MIN,2025,7,REG,PHI,Nick Sirianni,MIN,Kevin O'Connell,28.0,22.0,False,1,0
2025_07_PIT_CIN,2025,7,REG,CIN,Zac Taylor,PIT,Mike Tomlin,33.0,31.0,True,1,0
2025_07_PIT_CIN,2025,7,REG,PIT,Mike Tomlin,CIN,Zac Taylor,31.0,33.0,False,0,0
2025_07_TB_DET,2025,7,REG,DET,Dan Campbell,TB,Todd Bowles,24.0,9.0,True,1,0
2025_07_TB_DET,2025,7,REG,TB,Todd Bowles,DET,Dan Campbell,9.0,24.0,False,0,0
2025_07_WAS_DAL,2025,7,REG,DAL,Brian Schottenheimer,WAS,Dan Quinn,44.0,22.0,True,1,0
2025_07_WAS_DAL,2025,7,REG,WAS,Dan Quinn,DAL,Brian Schottenheimer,22.0,44.0,False,0,0
2025_08_BUF_CAR,2025,8,REG,CAR,Dave Canales,BUF,Sean McDermott,9.0,40.0,True,0,0
2025_08_BUF_CAR,2025,8,REG,BUF,Sean McDermott,CAR,Dave Canales,40.0,9.0,False,1,0
2025_08_CHI_BAL,2025,8,REG,BAL,John Harbaugh,CHI,Ben Johnson,30.0,16.0,True,1,0
2025_08_CHI_BAL,2025,8,REG,CHI,Ben Johnson,BAL,John Harbaugh,16.0,30.0,False,0,0
2025_08_CLE_NE,2025,8,REG,NE,Mike Vrabel,CLE,Kevin Stefanski,32.0,13.0,True,1,0
2025_08_CLE_NE,2025,8,REG,CLE,Kevin Stefanski,NE,Mike Vrabel,13.0,32.0,False,0,0
2025_08_DAL_DEN,2025,8,REG,DEN,Sean Payton,DAL,Brian Schottenheimer,44.0,24.0,True,1,0
2025_08_DAL_DEN,2025,8,REG,DAL,Brian Schottenheimer,DEN,Sean Payton,24.0,44.0,False,0,0
2025_08_GB_PIT,2025,8,REG,PIT,Mike Tomlin,GB,Matt LaFleur,25.0,35.0,True,0,0
2025_08_GB_PIT,2025,8,REG,GB,Matt LaFleur,PIT,Mike Tomlin,35.0,25.0,False,1,0
2025_08_MIA_ATL,2025,8,REG,ATL,Raheem Morris,MIA,Mike McDaniel,10.0,34.0,True,0,0
2025_08_MIA_ATL,2025,8,REG,MIA,Mike McDaniel,ATL,Raheem Morris,34.0,10.0,False,1,0
2025_08_MIN_LAC,2025,8,REG,LAC,Jim Harbaugh,MIN,Kevin O'Connell,37.0,10.0,True,1,0
2025_08_MIN_LAC,2025,8,REG,MIN,Kevin O'Connell,LAC,Jim Harbaugh,10.0,37.0,False,0,0
2025_08_NYG_PHI,2025,8,REG,PHI,Nick Sirianni,NYG,Brian Daboll,38.0,20.0,True,1,0
2025_08_NYG_PHI,2025,8,REG,NYG,Brian Daboll,PHI,Nick Sirianni,20.0,38.0,False,0,0
2025_08_NYJ_CIN,2025,8,REG,CIN,Zac Taylor,NYJ,Aaron Glenn,38.0,39.0,True,0,0
2025_08_NYJ_CIN,2025,8,REG,NYJ,Aaron Glenn,CIN,Zac Taylor,39.0,38.0,False,1,0
2025_08_SF_HOU,2025,8,REG,HOU,DeMeco Ryans,SF,Kyle Shanahan,26.0,15.0,True,1,0
2025_08_SF_HOU,2025,8,REG,SF,Kyle Shanahan,HOU,DeMeco Ryans,15.0,26.0,False,0,0
2025_08_TB_NO,2025,8,REG,NO,Kellen Moore,TB,Todd Bowles,3.0,23.0,True,0,0
2025_08_TB_NO,2025,8,REG,TB,Todd Bowles,NO,Kellen Moore,23.0,3.0,False,1,0
2025_08_TEN_IND,2025,8,REG,IND,Shane Steichen,TEN,Brian Callahan,38.0,14.0,True,1,0
2025_08_TEN_IND,2025,8,REG,TEN,Brian Callahan,IND,Shane Steichen,14.0,38.0,False,0,0
2025_08_WAS_KC,2025,8,REG,KC,Andy Reid,WAS,Dan Quinn,28.0,7.0,True,1,0
2025_08_WAS_KC,2025,8,REG,WAS,Dan Quinn,KC,Andy Reid,7.0,28.0,False,0,0
2025_09_ARI_DAL,2025,9,REG,DAL,Brian Schottenheimer,ARI,Jonathan Gannon,17.0,27.0,True,0,0
2025_09_ARI_DAL,2025,9,REG,ARI,Jonathan Gannon,DAL,Brian Schottenheimer,27.0,17.0,False,1,0
2025_09_ATL_NE,2025,9,REG,NE,Mike Vrabel,ATL,Raheem Morris,24.0,23.0,True,1,0
2025_09_ATL_NE,2025,9,REG,ATL,Raheem Morris,NE,Mike Vrabel,23.0,24.0,False,0,0
2025_09_BAL_MIA,2025,9,REG,MIA,Mike McDaniel,BAL,John Harbaugh,6.0,28.0,True,0,0
2025_09_BAL_MIA,2025,9,REG,BAL,John Harbaugh,MIA,Mike McDaniel,28.0,6.0,False,1,0
2025_09_CAR_GB,2025,9,REG,GB,Matt LaFleur,CAR,Dave Canales,13.0,16.0,True,0,0
2025_09_CAR_GB,2025,9,REG,CAR,Dave Canales,GB,Matt LaFleur,16.0,13.0,False,1,0
2025_09_CHI_CIN,2025,9,REG,CIN,Zac Taylor,CHI,Ben Johnson,42.0,47.0,True,0,0
2025_09_CHI_CIN,2025,9,REG,CHI,Ben Johnson,CIN,Zac Taylor,47.0,42.0,False,1,0
2025_09_DEN_HOU,2025,9,REG,HOU,DeMeco Ryans,DEN,Sean Payton,15.0,18.0,True,0,0
2025_09_DEN_HOU,2025,9,REG,DEN,Sean Payton,HOU,DeMeco Ryans,18.0,15.0,False,1,0
2025_09_IND_PIT,2025,9,REG,PIT,Mike Tomlin,IND,Shane Steichen,27.0,20.0,True,1,0
2025_09_IND_PIT,2025,9,REG,IND,Shane Steichen,PIT,Mike Tomlin,20.0,27.0,False,0,0
2025_09_JAX_LV,2025,9,REG,LV,Pete Carroll,JAX,Liam Coen,29.0,30.0,True,0,0
2025_09_JAX_LV,2025,9,REG,JAX,Liam Coen,LV,Pete Carroll,30.0,29.0,False,1,0
2025_09_KC_BUF,2025,9,REG,BUF,Sean McDermott,KC,Andy Reid,28.0,21.0,True,1,0
2025_09_KC_BUF,2025,9,REG,KC,Andy Reid,BUF,Sean McDermott,21.0,28.0,False,0,0
2025_09_LAC_TEN,2025,9,REG,TEN,Brian Callahan,LAC,Jim Harbaugh,20.0,27.0,True,0,0
2025_09_LAC_TEN,2025,9,REG,LAC,Jim Harbaugh,TEN,Brian Callahan,27.0,20.0,False,1,0
2025_09_MIN_DET,2025,9,REG,DET,Dan Campbell,MIN,Kevin O'Connell,24.0,27.0,True,0,0
2025_09_MIN_DET,2025,9,REG,MIN,Kevin O'Connell,DET,Dan Campbell,27.0,24.0,False,1,0
2025_09_NO_LA,2025,9,REG,LA,Sean McVay,NO,Kellen Moore,34.0,10.0,True,1,0
2025_09_NO_LA,2025,9,REG,NO,Kellen Moore,LA,Sean McVay,10.0,34.0,False,0,0
2025_09_SEA_WAS,2025,9,REG,WAS,Dan Quinn,SEA,Mike Macdonald,14.0,38.0,True,0,0
2025_09_SEA_WAS,2025,9,REG,SEA,Mike Macdonald,WAS,Dan Quinn,38.0,14.0,False,1,0
2025_09_SF_NYG,2025,9,REG,NYG,Brian Daboll,SF,Kyle Shanahan,24.0,34.0,True,0,0
2025_09_SF_NYG,2025,9,REG,SF,Kyle Shanahan,NYG,Brian Daboll,34.0,24.0,False,1,0
2025_10_ARI_SEA,2025,10,REG,SEA,Mike Macdonald,ARI,Jonathan Gannon,44.0,22.0,True,1,0
2025_10_ARI_SEA,2025,10,REG,ARI,Jonathan Gannon,SEA,Mike Macdonald,22.0,44.0,False,0,0
2025_10_ATL_IND,2025,10,REG,IND,Shane Steichen,ATL,Raheem Morris,31.0,25.0,True,1,0
2025_10_ATL_IND,2025,10,REG,ATL,Raheem Morris,IND,Shane Steichen,25.0,31.0,False,0,0
2025_10_BAL_MIN,2025,10,REG,MIN,Kevin O'Connell,BAL,John Harbaugh,19.0,27.0,True,0,0
2025_10_BAL_MIN,2025,10,REG,BAL,John Harbaugh,MIN,Kevin O'Connell,27.0,19.0,False,1,0
2025_10_BUF_MIA,2025,10,REG,MIA,Mike McDaniel,BUF,Sean McDermott,30.0,13.0,True,1,0
2025_10_BUF_MIA,2025,10,REG,BUF,Sean McDermott,MIA,Mike McDaniel,13.0,30.0,False,0,0
2025_10_CLE_NYJ,2025,10,REG,NYJ,Aaron Glenn,CLE,Kevin Stefanski,27.0,20.0,True,1,0
2025_10_CLE_NYJ,2025,10,REG,CLE,Kevin Stefanski,NYJ,Aaron Glenn,20.0,27.0,False,0,0
2025_10_DET_WAS,2025,10,REG,WAS,Dan Quinn,DET,Dan Campbell,22.0,44.0,True,0,0
2025_10_DET_WAS,2025,10,REG,DET,Dan Campbell,WAS,Dan Quinn,44.0,22.0,False,1,0
2025_10_JAX_HOU,2025,10,REG,HOU,DeMeco Ryans,JAX,Liam Coen,36.0,29.0,True,1,0
2025_10_JAX_HOU,2025,10,REG,JAX,Liam Coen,HOU,DeMeco Ryans,29.0,36.0,False,0,0
2025_10_LA_SF,2025,10,REG,SF,Kyle Shanahan,LA,Sean McVay,26.0,42.0,True,0,0
2025_10_LA_SF,2025,10,REG,LA,Sean McVay,SF,Kyle Shanahan,42.0,26.0,False,1,0
2025_10_LV_DEN,2025,10,REG,DEN,Sean Payton,LV,Pete Carroll,10.0,7.0,True,1,0
2025_10_LV_DEN,2025,10,REG,LV,Pete Carroll,DEN,Sean Payton,7.0,10.0,False,0,0
2025_10_NE_TB,2025,10,REG,TB,Todd Bowles,NE,Mike Vrabel,23.0,28.0,True,0,0
2025_10_NE_TB,2025,10,REG,NE,Mike Vrabel,TB,Todd Bowles,28.0,23.0,False,1,0
2025_10_NO_CAR,2025,10,REG,CAR,Dave Canales,NO,Kellen Moore,7.0,17.0,True,0,0
2025_10_NO_CAR,2025,10,REG,NO,Kellen Moore,CAR,Dave Canales,17.0,7.0,False,1,0
2025_10_NYG_CHI,2025,10,REG,CHI,Ben Johnson,NYG,Brian Daboll,24.0,20.0,True,1,0
2025_10_NYG_CHI,2025,10,REG,NYG,Brian Daboll,CHI,Ben Johnson,20.0,24.0,False,0,0
2025_10_PHI_GB,2025,10,REG,GB,Matt LaFleur,PHI,Nick Sirianni,7.0,10.0,True,0,0
2025_10_PHI_GB,2025,10,REG,PHI,Nick Sirianni,GB,Matt LaFleur,10.0,7.0,False,1,0
2025_10_PIT_LAC,2025,10,REG,LAC,Jim Harbaugh,PIT,Mike Tomlin,25.0,10.0,True,1,0
2025_10_PIT_LAC,2025,10,REG,PIT,Mike Tomlin,LAC,Jim Harbaugh,10.0,25.0,False,0,0
2025_11_BAL_CLE,2025,11,REG,CLE,Kevin Stefanski,BAL,John Harbaugh,16.0,23.0,True,0,0
2025_11_BAL_CLE,2025,11,REG,BAL,John Harbaugh,CLE,Kevin Stefanski,23.0,16.0,False,1,0
2025_11_CAR_ATL,2025,11,REG,ATL,Raheem Morris,CAR,Dave Canales,27.0,30.0,True,0,0
2025_11_CAR_ATL,2025,11,REG,CAR,Dave Canales,ATL,Raheem Morris,30.0,27.0,False,1,0
2025_11_CHI_MIN,2025,11,REG,MIN,Kevin O'Connell,CHI,Ben Johnson,17.0,19.0,True,0,0
2025_11_CHI_MIN,2025,11,REG,CHI,Ben Johnson,MIN,Kevin O'Connell,19.0,17.0,False,1,0
2025_11_CIN_PIT,2025,11,REG,PIT,Mike Tomlin,CIN,Zac Taylor,34.0,12.0,True,1,0
2025_11_CIN_PIT,2025,11,REG,CIN,Zac Taylor,PIT,Mike Tomlin,12.0,34.0,False,0,0
2025_11_DAL_LV,2025,11,REG,LV,Pete Carroll,DAL,Brian Schottenheimer,16.0,33.0,True,0,0
2025_11_DAL_LV,2025,11,REG,DAL,Brian Schottenheimer,LV,Pete Carroll,33.0,16.0,False,1,0
2025_11_DET_PHI,2025,11,REG,PHI,Nick Sirianni,DET,Dan Campbell,16.0,9.0,True,1,0
2025_11_DET_PHI,2025,11,REG,DET,Dan Campbell,PHI,Nick Sirianni,9.0,16.0,False,0,0
2025_11_GB_NYG,2025,11,REG,NYG,Brian Daboll,GB,Matt LaFleur,20.0,27.0,True,0,0
2025_11_GB_NYG,2025,11,REG,GB,Matt LaFleur,NYG,Brian Daboll,27.0,20.0,False,1,0
2025_11_HOU_TEN,2025,11,REG,TEN,Brian Callahan,HOU,DeMeco Ryans,13.0,16.0,True,0,0
2025_11_HOU_TEN,2025,11,REG,HOU,DeMeco Ryans,TEN,Brian Callahan,16.0,13.0,False,1,0
2025_11_KC_DEN,2025,11,REG,DEN,Sean Payton,KC,Andy Reid,22.0,19.0,True,1,0
2025_11_KC_DEN,2025,11,REG,KC,Andy Reid,DEN,Sean Payton,19.0,22.0,False,0,0
2025_11_LAC_JAX,2025,11,REG,JAX,Liam Coen,LAC,Jim Harbaugh,35.0,6.0,True,1,0
2025_11_LAC_JAX,2025,11,REG,LAC,Jim Harbaugh,JAX,Liam Coen,6.0,35.0,False,0,0
2025_11_NYJ_NE,2025,11,REG,NE,Mike Vrabel,NYJ,Aaron Glenn,27.0,14.0,True,1,0
2025_11_NYJ_NE,2025,11,REG,NYJ,Aaron Glenn,NE,Mike Vrabel,14.0,27.0,False,0,0
2025_11_SEA_LA,2025,11,REG,LA,Sean McVay,SEA,Mike Macdonald,21.0,19.0,True,1,0
2025_11_SEA_LA,2025,11,REG,SEA,Mike Macdonald,LA,Sean McVay,19.0,21.0,False,0,0
2025_11_SF_ARI,2025,11,REG,ARI,Jonathan Gannon,SF,Kyle Shanahan,22.0,41.0,True,0,0
2025_11_SF_ARI,2025,11,REG,SF,Kyle Shanahan,ARI,Jonathan Gannon,41.0,22.0,False,1,0
2025_11_TB_BUF,2025,11,REG,BUF,Sean McDermott,TB,Todd Bowles,44.0,32.0,True,1,0
2025_11_TB_BUF,2025,11,REG,TB,Todd Bowles,BUF,Sean McDermott,32.0,44.0,False,0,0
2025_11_WAS_MIA,2025,11,REG,MIA,Mike McDaniel,WAS,Dan Quinn,16.0,13.0,True,1,0
2025_11_WAS_MIA,2025,11,REG,WAS,Dan Quinn,MIA,Mike McDaniel,13.0,16.0,False,0,0
2025_12_ATL_NO,2025,12,REG,NO,Kellen Moore,ATL,Raheem Morris,10.0,24.0,True,0,0
2025_12_ATL_NO,2025,12,REG,ATL,Raheem Morris,NO,Kellen Moore,24.0,10.0,False,1,0
2025_12_BUF_HOU,2025,12,REG,HOU,DeMeco Ryans,BUF,Sean McDermott,23.0,19.0,True,1,0
2025_12_BUF_HOU,2025,12,REG,BUF,Sean McDermott,HOU,DeMeco Ryans,19.0,23.0,False,0,0
2025_12_CAR_SF,2025,12,REG,SF,Kyle Shanahan,CAR,Dave Canales,20.0,9.0,True,1,0
2025_12_CAR_SF,2025,12,REG,CAR,Dave Canales,SF,Kyle Shanahan,9.0,20.0,False,0,0
2025_12_CLE_LV,2025,12,REG,LV,Pete Carroll,CLE,Kevin Stefanski,10.0,24.0,True,0,0
2025_12_CLE_LV,2025,12,REG,CLE,Kevin Stefanski,LV,Pete Carroll,24.0,10.0,False,1,0
2025_12_IND_KC,2025,12,REG,KC,Andy Reid,IND,Shane Steichen,23.0,20.0,True,1,0
2025_12_IND_KC,2025,12,REG,IND,Shane Steichen,KC,Andy Reid,20.0,23.0,False,0,0
2025_12_JAX_ARI,2025,12,REG,ARI,Jonathan Gannon,JAX,Liam Coen,24.0,27.0,True,0,0
2025_12_JAX_ARI,2025,12,REG,JAX,Liam Coen,ARI,Jonathan Gannon,27.0,24.0,False,1,0
2025_12_MIN_GB,2025,12,REG,GB,Matt LaFleur,MIN,Kevin O'Connell,23.0,6.0,True,1,0
2025_12_MIN_GB,2025,12,REG,MIN,Kevin O'Connell,GB,Matt LaFleur,6.0,23.0,False,0,0
2025_12_NE_CIN,2025,12,REG,CIN,Zac Taylor,NE,Mike Vrabel,20.0,26.0,True,0,0
2025_12_NE_CIN,2025,12,REG,NE,Mike Vrabel,CIN,Zac Taylor,26.0,20.0,False,1,0
2025_12_NYG_DET,2025,12,REG,DET,Dan Campbell,NYG,Brian Daboll,34.0,27.0,True,1,0
2025_12_NYG_DET,2025,12,REG,NYG,Brian Daboll,DET,Dan Campbell,27.0,34.0,False,0,0
2025_12_NYJ_BAL,2025,12,REG,BAL,John Harbaugh,NYJ,Aaron Glenn,23.0,10.0,True,1,0
2025_12_NYJ_BAL,2025,12,REG,NYJ,Aaron Glenn,BAL,John Harbaugh,10.0,23.0,False,0,0
2025_12_PHI_DAL,2025,12,REG,DAL,Brian Schottenheimer,PHI,Nick Sirianni,24.0,21.0,True,1,0
2025_12_PHI_DAL,2025,12,REG,PHI,Nick Sirianni,DAL,Brian Schottenheimer,21.0,24.0,False,0,0
2025_12_PIT_CHI,2025,12,REG,CHI,Ben Johnson,PIT,Mike Tomlin,31.0,28.0,True,1,0
2025_12_PIT_CHI,2025,12,REG,PIT,Mike Tomlin,CHI,Ben Johnson,28.0,31.0,False,0,0
2025_12_SEA_TEN,2025,12,REG,TEN,Brian Callahan,SEA,Mike Macdonald,24.0,30.0,True,0,0
2025_12_SEA_TEN,2025,12,REG,SEA,Mike Macdonald,TEN,Brian Callahan,30.0,24.0,False,1,0
2025_12_TB_LA,2025,12,REG,LA,Sean McVay,TB,Todd Bowles,34.0,7.0,True,1,0
2025_12_TB_LA,2025,12,REG,TB,Todd Bowles,LA,Sean McVay,7.0,34.0,False,0,0
2025_13_ARI_TB,2025,13,REG,TB,Todd Bowles,ARI,Jonathan Gannon,20.0,17.0,True,1,0
2025_13_ARI_TB,2025,13,REG,ARI,Jonathan Gannon,TB,Todd Bowles,17.0,20.0,False,0,0
2025_13_ATL_NYJ,2025,13,REG,NYJ,Aaron Glenn,ATL,Raheem Morris,27.0,24.0,True,1,0
2025_13_ATL_NYJ,2025,13,REG,ATL,Raheem Morris,NYJ,Aaron Glenn,24.0,27.0,False,0,0
2025_13_BUF_PIT,2025,13,REG,PIT,Mike Tomlin,BUF,Sean McDermott,7.0,26.0,True,0,0
2025_13_BUF_PIT,2025,13,REG,BUF,Sean McDermott,PIT,Mike Tomlin,26.0,7.0,False,1,0
2025_13_CHI_PHI,2025,13,REG,PHI,Nick Sirianni,CHI,Ben Johnson,15.0,24.0,True,0,0
2025_13_CHI_PHI,2025,13,REG,CHI,Ben Johnson,PHI,Nick Sirianni,24.0,15.0,False,1,0
2025_13_CIN_BAL,2025,13,REG,BAL,John Harbaugh,CIN,Zac Taylor,14.0,32.0,True,0,0
2025_13_CIN_BAL,2025,13,REG,CIN,Zac Taylor,BAL,John Harbaugh,32.0,14.0,False,1,0
2025_13_DEN_WAS,2025,13,REG,WAS,Dan Quinn,DEN,Sean Payton,26.0,27.0,True,0,0
2025_13_DEN_WAS,2025,13,REG,DEN,Sean Payton,WAS,Dan Quinn,27.0,26.0,False,1,0
2025_13_GB_DET,2025,13,REG,DET,Dan Campbell,GB,Matt LaFleur,24.0,31.0,True,0,0
2025_13_GB_DET,2025,13,REG,GB,Matt LaFleur,DET,Dan Campbell,31.0,24.0,False,1,0
2025_13_HOU_IND,2025,13,REG,IND,Shane Steichen,HOU,DeMeco Ryans,16.0,20.0,True,0,0
2025_13_HOU_IND,2025,13,REG,HOU,DeMeco Ryans,IND,Shane Steichen,20.0,16.0,False,1,0
2025_13_JAX_TEN,2025,13,REG,TEN,Brian Callahan,JAX,Liam Coen,3.0,25.0,True,0,0
2025_13_JAX_TEN,2025,13,REG,JAX,Liam Coen,TEN,Brian Callahan,25.0,3.0,False,1,0
2025_13_KC_DAL,2025,13,REG,DAL,Brian Schottenheimer,KC,Andy Reid,31.0,28.0,True,1,0
2025_13_KC_DAL,2025,13,REG,KC,Andy Reid,DAL,Brian Schottenheimer,28.0,31.0,False,0,0
2025_13_LA_CAR,2025,13,REG,CAR,Dave Canales,LA,Sean McVay,31.0,28.0,True,1,0
2025_13_LA_CAR,2025,13,REG,LA,Sean McVay,CAR,Dave Canales,28.0,31.0,False,0,0
2025_13_LV_LAC,2025,13,REG,LAC,Jim Harbaugh,LV,Pete Carroll,31.0,14.0,True,1,0
2025_13_LV_LAC,2025,13,REG,LV,Pete Carroll,LAC,Jim Harbaugh,14.0,31.0,False,0,0
2025_13_MIN_SEA,2025,13,REG,SEA,Mike Macdonald,MIN,Kevin O'Connell,26.0,0.0,True,1,0
2025_13_MIN_SEA,2025,13,REG,MIN,Kevin O'Connell,SEA,Mike Macdonald,0.0,26.0,False,0,0
2025_13_NO_MIA,2025,13,REG,MIA,Mike McDaniel,NO,Kellen Moore,21.0,17.0,True,1,0
2025_13_NO_MIA,2025,13,REG,NO,Kellen Moore,MIA,Mike McDaniel,17.0,21.0,False,0,0
2025_13_NYG_NE,2025,13,REG,NE,Mike Vrabel,NYG,Brian Daboll,33.0,15.0,True,1,0
2025_13_NYG_NE,2025,13,REG,NYG,Brian Daboll,NE,Mike Vrabel,15.0,33.0,False,0,0
2025_13_SF_CLE,2025,13,REG,CLE,Kevin Stefanski,SF,Kyle Shanahan,8.0,26.0,True,0,0
2025_13_SF_CLE,2025,13,REG,SF,Kyle Shanahan,CLE,Kevin Stefanski,26.0,8.0,False,1,0
2025_14_CHI_GB,2025,14,REG,GB,Matt LaFleur,CHI,Ben Johnson,28.0,21.0,True,1,0
2025_14_CHI_GB,2025,14,REG,CHI,Ben Johnson,GB,Matt LaFleur,21.0,28.0,False,0,0
2025_14_CIN_BUF,2025,14,REG,BUF,Sean McDermott,CIN,Zac Taylor,39.0,34.0,True,1,0
2025_14_CIN_BUF,2025,14,REG,CIN,Zac Taylor,BUF,Sean McDermott,34.0,39.0,False,0,0
2025_14_DAL_DET,2025,14,REG,DET,Dan Campbell,DAL,Brian Schottenheimer,44.0,30.0,True,1,0
2025_14_DAL_DET,2025,14,REG,DAL,Brian Schottenheimer,DET,Dan Campbell,30.0,44.0,False,0,0
2025_14_DEN_LV,2025,14,REG,LV,Pete Carroll,DEN,Sean Payton,17.0,24.0,True,0,0
2025_14_DEN_LV,2025,14,REG,DEN,Sean Payton,LV,Pete Carroll,24.0,17.0,False,1,0
2025_14_HOU_KC,2025,14,REG,KC,Andy Reid,HOU,DeMeco Ryans,10.0,20.0,True,0,0
2025_14_HOU_KC,2025,14,REG,HOU,DeMeco Ryans,KC,Andy Reid,20.0,10.0,False,1,0
2025_14_IND_JAX,2025,14,REG,JAX,Liam Coen,IND,Shane Steichen,36.0,19.0,True,1,0
2025_14_IND_JAX,2025,14,REG,IND,Shane Steichen,JAX,Liam Coen,19.0,36.0,False,0,0
2025_14_LA_ARI,2025,14,REG,ARI,Jonathan Gannon,LA,Sean McVay,17.0,45.0,True,0,0
2025_14_LA_ARI,2025,14,REG,LA,Sean McVay,ARI,Jonathan Gannon,45.0,17.0,False,1,0
2025_14_MIA_NYJ,2025,14,REG,NYJ,Aaron Glenn,MIA,Mike McDaniel,10.0,34.0,True,0,0
2025_14_MIA_NYJ,2025,14,REG,MIA,Mike McDaniel,NYJ,Aaron Glenn,34.0,10.0,False,1,0
2025_14_NO_TB,2025,14,REG,TB,Todd Bowles,NO,Kellen Moore,20.0,24.0,True,0,0
2025_14_NO_TB,2025,14,REG,NO,Kellen Moore,TB,Todd Bowles,24.0,20.0,False,1,0
2025_14_PHI_LAC,2025,14,REG,LAC,Jim Harbaugh,PHI,Nick Sirianni,22.0,19.0,True,1,0
2025_14_PHI_LAC,2025,14,REG,PHI,Nick Sirianni,LAC,Jim Harbaugh,19.0,22.0,False,0,0
2025_14_PIT_BAL,2025,14,REG,BAL,John Harbaugh,PIT,Mike Tomlin,22.0,27.0,True,0,0
2025_14_PIT_BAL,2025,14,REG,PIT,Mike Tomlin,BAL,John Harbaugh,27.0,22.0,False,1,0
2025_14_SEA_ATL,2025,14,REG,ATL,Raheem Morris,SEA,Mike Macdonald,9.0,37.0,True,0,0
2025_14_SEA_ATL,2025,14,REG,SEA,Mike Macdonald,ATL,Raheem Morris,37.0,9.0,False,1,0
2025_14_TEN_CLE,2025,14,REG,CLE,Kevin Stefanski,TEN,Brian Callahan,29.0,31.0,True,0,0
2025_14_TEN_CLE,2025,14,REG,TEN,Brian Callahan,CLE,Kevin Stefanski,31.0,29.0,False,1,0
2025_14_WAS_MIN,2025,14,REG,MIN,Kevin O'Connell,WAS,Dan Quinn,31.0,0.0,True,1,0
2025_14_WAS_MIN,2025,14,REG,WAS,Dan Quinn,MIN,Kevin O'Connell,0.0,31.0,False,0,0
2025_15_ARI_HOU,2025,15,REG,HOU,DeMeco Ryans,ARI,Jonathan Gannon,40.0,20.0,True,1,0
2025_15_ARI_HOU,2025,15,REG,ARI,Jonathan Gannon,HOU,DeMeco Ryans,20.0,40.0,False,0,0
2025_15_ATL_TB,2025,15,REG,TB,Todd Bowles,ATL,Raheem Morris,28.0,29.0,True,0,0
2025_15_ATL_TB,2025,15,REG,ATL,Raheem Morris,TB,Todd Bowles,29.0,28.0,False,1,0
2025_15_BAL_CIN,2025,15,REG,CIN,Zac Taylor,BAL,John Harbaugh,0.0,24.0,True,0,0
2025_15_BAL_CIN,2025,15,REG,BAL,John Harbaugh,CIN,Zac Taylor,24.0,0.0,False,1,0
2025_15_BUF_NE,2025,15,REG,NE,Mike Vrabel,BUF,Sean McDermott,31.0,35.0,True,0,0
2025_15_BUF_NE,2025,15,REG,BUF,Sean McDermott,NE,Mike Vrabel,35.0,31.0,False,1,0
2025_15_CAR_NO,2025,15,REG,NO,Kellen Moore,CAR,Dave Canales,20.0,17.0,True,1,0
2025_15_CAR_NO,2025,15,REG,CAR,Dave Canales,NO,Kellen Moore,17.0,20.0,False,0,0
2025_15_CLE_CHI,2025,15,REG,CHI,Ben Johnson,CLE,Kevin Stefanski,31.0,3.0,True,1,0
2025_15_CLE_CHI,2025,15,REG,CLE,Kevin Stefanski,CHI,Ben Johnson,3.0,31.0,False,0,0
2025_15_DET_LA,2025,15,REG,LA,Sean McVay,DET,Dan Campbell,41.0,34.0,True,1,0
2025_15_DET_LA,2025,15,REG,DET,Dan Campbell,LA,Sean McVay,34.0,41.0,False,0,0
2025_15_GB_DEN,2025,15,REG,DEN,Sean Payton,GB,Matt LaFleur,34.0,26.0,True,1,0
2025_15_GB_DEN,2025,15,REG,GB,Matt LaFleur,DEN,Sean Payton,26.0,34.0,False,0,0
2025_15_IND_SEA,2025,15,REG,SEA,Mike Macdonald,IND,Shane Steichen,18.0,16.0,True,1,0
2025_15_IND_SEA,2025,15,REG,IND,Shane Steichen,SEA,Mike Macdonald,16.0,18.0,False,0,0
2025_15_LAC_KC,2025,15,REG,KC,Andy Reid,LAC,Jim Harbaugh,13.0,16.0,True,0,0
2025_15_LAC_KC,2025,15,REG,LAC,Jim Harbaugh,KC,Andy Reid,16.0,13.0,False,1,0
2025_15_LV_PHI,2025,15,REG,PHI,Nick Sirianni,LV,Pete Carroll,31.0,0.0,True,1,0
2025_15_LV_PHI,2025,15,REG,LV,Pete Carroll,PHI,Nick Sirianni,0.0,31.0,False,0,0
2025_15_MIA_PIT,2025,15,REG,PIT,Mike Tomlin,MIA,Mike McDaniel,28.0,15.0,True,1,0
2025_15_MIA_PIT,2025,15,REG,MIA,Mike McDaniel,PIT,Mike Tomlin,15.0,28.0,False,0,0
2025_15_MIN_DAL,2025,15,REG,DAL,Brian Schottenheimer,MIN,Kevin O'Connell,26.0,34.0,True,0,0
2025_15_MIN_DAL,2025,15,REG,MIN,Kevin O'Connell,DAL,Brian Schottenheimer,34.0,26.0,False,1,0
2025_15_NYJ_JAX,2025,15,REG,JAX,Liam Coen,NYJ,Aaron Glenn,48.0,20.0,True,1,0
2025_15_NYJ_JAX,2025,15,REG,NYJ,Aaron Glenn,JAX,Liam Coen,20.0,48.0,False,0,0
2025_15_TEN_SF,2025,15,REG,SF,Kyle Shanahan,TEN,Brian Callahan,37.0,24.0,True,1,0
2025_15_TEN_SF,2025,15,REG,TEN,Brian Callahan,SF,Kyle Shanahan,24.0,37.0,False,0,0
2025_15_WAS_NYG,2025,15,REG,NYG,Brian Daboll,WAS,Dan Quinn,21.0,29.0,True,0,0
2025_15_WAS_NYG,2025,15,REG,WAS,Dan Quinn,NYG,Brian Daboll,29.0,21.0,False,1,0
2025_16_ATL_ARI,2025,16,REG,ARI,Jonathan Gannon,ATL,Raheem Morris,19.0,26.0,True,0,0
2025_16_ATL_ARI,2025,16,REG,ATL,Raheem Morris,ARI,Jonathan Gannon,26.0,19.0,False,1,0
2025_16_BUF_CLE,2025,16,REG,CLE,Kevin Stefanski,BUF,Sean McDermott,20.0,23.0,True,0,0
2025_16_BUF_CLE,2025,16,REG,BUF,Sean McDermott,CLE,Kevin Stefanski,23.0,20.0,False,1,0
2025_16_CIN_MIA,2025,16,REG,MIA,Mike McDaniel,CIN,Zac Taylor,21.0,45.0,True,0,0
2025_16_CIN_MIA,2025,16,REG,CIN,Zac Taylor,MIA,Mike McDaniel,45.0,21.0,False,1,0
2025_16_GB_CHI,2025,16,REG,CHI,Ben Johnson,GB,Matt LaFleur,22.0,16.0,True,1,0
2025_16_GB_CHI,2025,16,REG,GB,Matt LaFleur,CHI,Ben Johnson,16.0,22.0,False,0,0
2025_16_JAX_DEN,2025,16,REG,DEN,Sean Payton,JAX,Liam Coen,20.0,34.0,True,0,0
2025_16_JAX_DEN,2025,16,REG,JAX,Liam Coen,DEN,Sean Payton,34.0,20.0,False,1,0
2025_16_KC_TEN,2025,16,REG,TEN,Brian Callahan,KC,Andy Reid,26.0,9.0,True,1,0
2025_16_KC_TEN,2025,16,REG,KC,Andy Reid,TEN,Brian Callahan,9.0,26.0,False,0,0
2025_16_LAC_DAL,2025,16,REG,DAL,Brian Schottenheimer,LAC,Jim Harbaugh,17.0,34.0,True,0,0
2025_16_LAC_DAL,2025,16,REG,LAC,Jim Harbaugh,DAL,Brian Schottenheimer,34.0,17.0,False,1,0
2025_16_LA_SEA,2025,16,REG,SEA,Mike Macdonald,LA,Sean McVay,38.0,37.0,True,1,0
2025_16_LA_SEA,2025,16,REG,LA,Sean McVay,SEA,Mike Macdonald,37.0,38.0,False,0,0
2025_16_LV_HOU,2025,16,REG,HOU,DeMeco Ryans,LV,Pete Carroll,23.0,21.0,True,1,0
2025_16_LV_HOU,2025,16,REG,LV,Pete Carroll,HOU,DeMeco Ryans,21.0,23.0,False,0,0
2025_16_MIN_NYG,2025,16,REG,NYG,Brian Daboll,MIN,Kevin O'Connell,13.0,16.0,True,0,0
2025_16_MIN_NYG,2025,16,REG,MIN,Kevin O'Connell,NYG,Brian Daboll,16.0,13.0,False,1,0
2025_16_NE_BAL,2025,16,REG,BAL,John Harbaugh,NE,Mike Vrabel,24.0,28.0,True,0,0
2025_16_NE_BAL,2025,16,REG,NE,Mike Vrabel,BAL,John Harbaugh,28.0,24.0,False,1,0
2025_16_NYJ_NO,2025,16,REG,NO,Kellen Moore,NYJ,Aaron Glenn,29.0,6.0,True,1,0
2025_16_NYJ_NO,2025,16,REG,NYJ,Aaron Glenn,NO,Kellen Moore,6.0,29.0,False,0,0
2025_16_PHI_WAS,2025,16,REG,WAS,Dan Quinn,PHI,Nick Sirianni,18.0,29.0,True,0,0
2025_16_PHI_WAS,2025,16,REG,PHI,Nick Sirianni,WAS,Dan Quinn,29.0,18.0,False,1,0
2025_16_PIT_DET,2025,16,REG,DET,Dan Campbell,PIT,Mike Tomlin,24.0,29.0,True,0,0
2025_16_PIT_DET,2025,16,REG,PIT,Mike Tomlin,DET,Dan Campbell,29.0,24.0,False,1,0
2025_16_SF_IND,2025,16,REG,IND,Shane Steichen,SF,Kyle Shanahan,27.0,48.0,True,0,0
2025_16_SF_IND,2025,16,REG,SF,Kyle Shanahan,IND,Shane Steichen,48.0,27.0,False,1,0
2025_16_TB_CAR,2025,16,REG,CAR,Dave Canales,TB,Todd Bowles,23.0,20.0,True,1,0
2025_16_TB_CAR,2025,16,REG,TB,Todd Bowles,CAR,Dave Canales,20.0,23.0,False,0,0
2025_17_ARI_CIN,2025,17,REG,CIN,Zac Taylor,ARI,Jonathan Gannon,37.0,14.0,True,1,0
2025_17_ARI_CIN,2025,17,REG,ARI,Jonathan Gannon,CIN,Zac Taylor,14.0,37.0,False,0,0
2025_17_BAL_GB,2025,17,REG,GB,Matt LaFleur,BAL,John Harbaugh,24.0,41.0,True,0,0
2025_17_BAL_GB,2025,17,REG,BAL,John Harbaugh,GB,Matt LaFleur,41.0,24.0,False,1,0
2025_17_CHI_SF,2025,17,REG,SF,Kyle Shanahan,CHI,Ben Johnson,42.0,38.0,True,1,0
2025_17_CHI_SF,2025,17,REG,CHI,Ben Johnson,SF,Kyle Shanahan,38.0,42.0,False,0,0
2025_17_DAL_WAS,2025,17,REG,WAS,Dan Quinn,DAL,Brian Schottenheimer,23.0,30.0,True,0,0
2025_17_DAL_WAS,2025,17,REG,DAL,Brian Schottenheimer,WAS,Dan Quinn,30.0,23.0,False,1,0
2025_17_DEN_KC,2025,17,REG,KC,Andy Reid,DEN,Sean Payton,13.0,20.0,True,0,0
2025_17_DEN_KC,2025,17,REG,DEN,Sean Payton,KC,Andy Reid,20.0,13.0,False,1,0
2025_17_DET_MIN,2025,17,REG,MIN,Kevin O'Connell,DET,Dan Campbell,23.0,10.0,True,1,0
2025_17_DET_MIN,2025,17,REG,DET,Dan Campbell,MIN,Kevin O'Connell,10.0,23.0,False,0,0
2025_17_HOU_LAC,2025,17,REG,LAC,Jim Harbaugh,HOU,DeMeco Ryans,16.0,20.0,True,0,0
2025_17_HOU_LAC,2025,17,REG,HOU,DeMeco Ryans,LAC,Jim Harbaugh,20.0,16.0,False,1,0
2025_17_JAX_IND,2025,17,REG,IND,Shane Steichen,JAX,Liam Coen,17.0,23.0,True,0,0
2025_17_JAX_IND,2025,17,REG,JAX,Liam Coen,IND,Shane Steichen,23.0,17.0,False,1,0
2025_17_LA_ATL,2025,17,REG,ATL,Raheem Morris,LA,Sean McVay,27.0,24.0,True,1,0
2025_17_LA_ATL,2025,17,REG,LA,Sean McVay,ATL,Raheem Morris,24.0,27.0,False,0,0
2025_17_NE_NYJ,2025,17,REG,NYJ,Aaron Glenn,NE,Mike Vrabel,10.0,42.0,True,0,0
2025_17_NE_NYJ,2025,17,REG,NE,Mike Vrabel,NYJ,Aaron Glenn,42.0,10.0,False,1,0
2025_17_NO_TEN,2025,17,REG,TEN,Brian Callahan,NO,Kellen Moore,26.0,34.0,True,0,0
2025_17_NO_TEN,2025,17,REG,NO,Kellen Moore,TEN,Brian Callahan,34.0,26.0,False,1,0
2025_17_NYG_LV,2025,17,REG,LV,Pete Carroll,NYG,Brian Daboll,10.0,34.0,True,0,0
2025_17_NYG_LV,2025,17,REG,NYG,Brian Daboll,LV,Pete Carroll,34.0,10.0,False,1,0
2025_17_PHI_BUF,2025,17,REG,BUF,Sean McDermott,PHI,Nick Sirianni,12.0,13.0,True,0,0
2025_17_PHI_BUF,2025,17,REG,PHI,Nick Sirianni,BUF,Sean McDermott,13.0,12.0,False,1,0
2025_17_PIT_CLE,2025,17,REG,CLE,Kevin Stefanski,PIT,Mike Tomlin,13.0,6.0,True,1,0
2025_17_PIT_CLE,2025,17,REG,PIT,Mike Tomlin,CLE,Kevin Stefanski,6.0,13.0,False,0,0
2025_17_SEA_CAR,2025,17,REG,CAR,Dave Canales,SEA,Mike Macdonald,10.0,27.0,True,0,0
2025_17_SEA_CAR,2025,17,REG,SEA,Mike Macdonald,CAR,Dave Canales,27.0,10.0,False,1,0
2025_17_TB_MIA,2025,17,REG,MIA,Mike McDaniel,TB,Todd Bowles,20.0,17.0,True,1,0
2025_17_TB_MIA,2025,17,REG,TB,Todd Bowles,MIA,Mike McDaniel,17.0,20.0,False,0,0
2025_18_ARI_LA,2025,18,REG,LA,Sean McVay,ARI,Jonathan Gannon,37.0,20.0,True,1,0
2025_18_ARI_LA,2025,18,REG,ARI,Jonathan Gannon,LA,Sean McVay,20.0,37.0,False,0,0
2025_18_BAL_PIT,2025,18,REG,PIT,Mike Tomlin,BAL,John Harbaugh,26.0,24.0,True,1,0
2025_18_BAL_PIT,2025,18,REG,BAL,John Harbaugh,PIT,Mike Tomlin,24.0,26.0,False,0,0
2025_18_CAR_TB,2025,18,REG,TB,Todd Bowles,CAR,Dave Canales,16.0,14.0,True,1,0
2025_18_CAR_TB,2025,18,REG,CAR,Dave Canales,TB,Todd Bowles,14.0,16.0,False,0,0
2025_18_CLE_CIN,2025,18,REG,CIN,Zac Taylor,CLE,Kevin Stefanski,18.0,20.0,True,0,0
2025_18_CLE_CIN,2025,18,REG,CLE,Kevin Stefanski,CIN,Zac Taylor,20.0,18.0,False,1,0
2025_18_DAL_NYG,2025,18,REG,NYG,Brian Daboll,DAL,Brian Schottenheimer,34.0,17.0,True,1,0
2025_18_DAL_NYG,2025,18,REG,DAL,Brian Schottenheimer,NYG,Brian Daboll,17.0,34.0,False,0,0
2025_18_DET_CHI,2025,18,REG,CHI,Ben Johnson,DET,Dan Campbell,16.0,19.0,True,0,0
2025_18_DET_CHI,2025,18,REG,DET,Dan Campbell,CHI,Ben Johnson,19.0,16.0,False,1,0
2025_18_GB_MIN,2025,18,REG,MIN,Kevin O'Connell,GB,Matt LaFleur,16.0,3.0,True,1,0
2025_18_GB_MIN,2025,18,REG,GB,Matt LaFleur,MIN,Kevin O'Connell,3.0,16.0,False,0,0
2025_18_IND_HOU,2025,18,REG,HOU,DeMeco Ryans,IND,Shane Steichen,38.0,30.0,True,1,0
2025_18_IND_HOU,2025,18,REG,IND,Shane Steichen,HOU,DeMeco Ryans,30.0,38.0,False,0,0
2025_18_KC_LV,2025,18,REG,LV,Pete Carroll,KC,Andy Reid,14.0,12.0,True,1,0
2025_18_KC_LV,2025,18,REG,KC,Andy Reid,LV,Pete Carroll,12.0,14.0,False,0,0
2025_18_LAC_DEN,2025,18,REG,DEN,Sean Payton,LAC,Jim Harbaugh,19.0,3.0,True,1,0
2025_18_LAC_DEN,2025,18,REG,LAC,Jim Harbaugh,DEN,Sean Payton,3.0,19.0,False,0,0
2025_18_MIA_NE,2025,18,REG,NE,Mike Vrabel,MIA,Mike McDaniel,38.0,10.0,True,1,0
2025_18_MIA_NE,2025,18,REG,MIA,Mike McDaniel,NE,Mike Vrabel,10.0,38.0,False,0,0
2025_18_NO_ATL,2025,18,REG,ATL,Raheem Morris,NO,Kellen Moore,19.0,17.0,True,1,0
2025_18_NO_ATL,2025,18,REG,NO,Kellen Moore,ATL,Raheem Morris,17.0,19.0,False,0,0
2025_18_NYJ_BUF,2025,18,REG,BUF,Sean McDermott,NYJ,Aaron Glenn,35.0,8.0,True,1,0
2025_18_NYJ_BUF,2025,18,REG,NYJ,Aaron Glenn,BUF,Sean McDermott,8.0,35.0,False,0,0
2025_18_SEA_SF,2025,18,REG,SF,Kyle Shanahan,SEA,Mike Macdonald,3.0,13.0,True,0,0
2025_18_SEA_SF,2025,18,REG,SEA,Mike Macdonald,SF,Kyle Shanahan,13.0,3.0,False,1,0
2025_18_TEN_JAX,2025,18,REG,JAX,Liam Coen,TEN,Brian Callahan,41.0,7.0,True,1,0
2025_18_TEN_JAX,2025,18,REG,TEN,Brian Callahan,JAX,Liam Coen,7.0,41.0,False,0,0
2025_18_WAS_PHI,2025,18,REG,PHI,Nick Sirianni,WAS,Dan Quinn,17.0,24.0,True,0,0
2025_18_WAS_PHI,2025,18,REG,WAS,Dan Quinn,PHI,Nick Sirianni,24.0,17.0,False,1,0
2025_19_BUF_JAX,2025,19,POST,JAX,Liam Coen,BUF,Sean McDermott,24.0,27.0,True,0,0
2025_19_BUF_JAX,2025,19,POST,BUF,Sean McDermott,JAX,Liam Coen,27.0,24.0,False,1,0
2025_19_GB_CHI,2025,19,POST,CHI,Ben Johnson,GB,Matt LaFleur,31.0,27.0,True,1,0
2025_19_GB_CHI,2025,19,POST,GB,Matt LaFleur,CHI,Ben Johnson,27.0,31.0,False,0,0
2025_19_HOU_PIT,2025,19,POST,PIT,Mike Tomlin,HOU,DeMeco Ryans,6.0,30.0,True,0,0
2025_19_HOU_PIT,2025,19,POST,HOU,DeMeco Ryans,PIT,Mike Tomlin,30.0,6.0,False,1,0
2025_19_LAC_NE,2025,19,POST,NE,Mike Vrabel,LAC,Jim Harbaugh,16.0,3.0,True,1,0
2025_19_LAC_NE,2025,19,POST,LAC,Jim Harbaugh,NE,Mike Vrabel,3.0,16.0,False,0,0
2025_19_LA_CAR,2025,19,POST,CAR,Dave Canales,LA,Sean McVay,31.0,34.0,True,0,0
2025_19_LA_CAR,2025,19,POST,LA,Sean McVay,CAR,Dave Canales,34.0,31.0,False,1,0
2025_19_SF_PHI,2025,19,POST,PHI,Nick Sirianni,SF,Kyle Shanahan,19.0,23.0,True,0,0
2025_19_SF_PHI,2025,19,POST,SF,Kyle Shanahan,PHI,Nick Sirianni,23.0,19.0,False,1,0
2025_20_BUF_DEN,2025,20,POST,DEN,Sean Payton,BUF,Sean McDermott,33.0,30.0,True,1,0
2025_20_BUF_DEN,2025,20,POST,BUF,Sean McDermott,DEN,Sean Payton,30.0,33.0,False,0,0
2025_20_HOU_NE,2025,20,POST,NE,Mike Vrabel,HOU,DeMeco Ryans,28.0,16.0,True,1,0
2025_20_HOU_NE,2025,20,POST,HOU,DeMeco Ryans,NE,Mike Vrabel,16.0,28.0,False,0,0
2025_20_LA_CHI,2025,20,POST,CHI,Ben Johnson,LA,Sean McVay,17.0,20.0,True,0,0
2025_20_LA_CHI,2025,20,POST,LA,Sean McVay,CHI,Ben Johnson,20.0,17.0,False,1,0
2025_20_SF_SEA,2025,20,POST,SEA,Mike Macdonald,SF,Kyle Shanahan,41.0,6.0,True,1,0
2025_20_SF_SEA,2025,20,POST,SF,Kyle Shanahan,SEA,Mike Macdonald,6.0,41.0,False,0,0
2025_21_LA_SEA,2025,21,POST,SEA,Mike Macdonald,LA,Sean McVay,31.0,27.0,True,1,0
2025_21_LA_SEA,2025,21,POST,LA,Sean McVay,SEA,Mike Macdonald,27.0,31.0,False,0,0
2025_21_NE_DEN,2025,21,POST,DEN,Sean Payton,NE,Mike Vrabel,7.0,10.0,True,0,0
2025_21_NE_DEN,2025,21,POST,NE,Mike Vrabel,DEN,Sean Payton,10.0,7.0,False,1,0
2025_22_SEA_NE,2025,22,POST,NE,Mike Vrabel,SEA,Mike Macdonald,13.0,29.0,True,0,0
2025_22_SEA_NE,2025,22,POST,SEA,Mike Macdonald,NE,Mike Vrabel,29.0,13.0,False,1,0
