team_abbr,player,jersey,pos,height,weight,age,experience,college,roster_status,pulled_at
ARI,Isaiah Adams,74,OL,6-4,315,26,3,Illinois,Active,2026-08-31T00:08:51.695252+00:00
ARI,Tyler Allgeier,22,RB,5-10,225,26,5,BYU,Active,2026-08-31T00:08:51.695252+00:00
ARI,Budda Baker,3,S,5-10,195,30,10,Washington,Active,2026-08-31T00:08:51.695252+00:00
ARI,Carson Beck,19,QB,6-4,233,24,R,Miami,Active,2026-08-31T00:08:51.695252+00:00
ARI,Andrew Billings,95,DL,6-1,340,31,10,Baylor,Active,2026-08-31T00:08:51.695252+00:00
ARI,Kendrick Bourne,17,WR,6-1,205,31,10,Eastern Washington,Active,2026-08-31T00:08:51.695252+00:00
ARI,Jacoby Brissett,7,QB,6-4,235,33,11,N.C. State,Active,2026-08-31T00:08:51.695252+00:00
ARI,Jalen Brooks,86,WR,6-2,205,26,4,South Carolina,Active,2026-08-31T00:08:51.695252+00:00
ARI,Baron Browning,5,OLB,6-3,255,27,6,Ohio State,Active,2026-08-31T00:08:51.695252+00:00
ARI,Jordan Burch,52,OLB,6-4,280,24,2,Oregon,Active,2026-08-31T00:08:51.695252+00:00
ARI,Denzel Burke,29,CB,5-11,190,23,2,Ohio State,Active,2026-08-31T00:08:51.695252+00:00
ARI,Kei'Trel Clark,13,CB,5-10,181,25,4,Louisville,Active,2026-08-31T00:08:51.695252+00:00
ARI,L.J. Collier,91,DL,6-2,300,30,8,TCU,Active,2026-08-31T00:08:51.695252+00:00
ARI,Zaven Collins,25,OLB,6-4,270,27,6,Tulsa,Active,2026-08-31T00:08:51.695252+00:00
ARI,Hayden Conner,58,OL,6-6,315,24,2,Texas,Active,2026-08-31T00:08:51.695252+00:00
ARI,Kitan Crawford,36,S,5-11,202,24,2,Nevada,Active,2026-08-31T00:08:51.695252+00:00
ARI,Devin Duvernay,81,WR,5-11,202,28,6,Texas,Active,2026-08-31T00:08:51.695252+00:00
ARI,Simi Fehoko,80,WR,6-4,225,28,6,Stanford,Active,2026-08-31T00:08:51.695252+00:00
ARI,Hjalte Froholdt,72,OL,6-5,310,30,8,Arkansas,Active,2026-08-31T00:08:51.695252+00:00
ARI,Josh Fryar,78,OL,6-5,320,24,2,Ohio State,Active,2026-08-31T00:08:51.695252+00:00
ARI,Jon Gaines II,71,OL,6-4,320,27,4,UCLA,Active,2026-08-31T00:08:51.695252+00:00
ARI,Jack Gibbens,50,ILB,6-4,242,27,4,Minnesota,Active,2026-08-31T00:08:51.695252+00:00
ARI,Blake Gillikin,12,P,6-2,196,28,7,Penn State,Active,2026-08-31T00:08:51.695252+00:00
ARI,Marvin Harrison Jr.,18,WR,6-3,220,24,3,Ohio State,Active,2026-08-31T00:08:51.695252+00:00
ARI,Elijah Higgins,84,TE,6-3,245,25,4,Stanford,Active,2026-08-31T00:08:51.695252+00:00
ARI,Paris Johnson Jr.,70,OL,6-6,325,25,4,Ohio State,Active,2026-08-31T00:08:51.695252+00:00
ARI,Will Johnson,2,CB,6-2,200,23,2,Michigan,Active,2026-08-31T00:08:51.695252+00:00
ARI,Bam Knight,20,RB,5-11,210,25,4,N.C. State,Active,2026-08-31T00:08:51.695252+00:00
ARI,Casey Kreiter,59,LS,6-1,250,36,11,Iowa,Active,2026-08-31T00:08:51.695252+00:00
ARI,Eku Leota,54,OLB,6-4,257,27,2,Auburn,Active,2026-08-31T00:08:51.695252+00:00
ARI,Hunter Long,,TE,6-5,253,28,6,Boston College,Active,2026-08-31T00:08:51.695252+00:00
ARI,Roy Lopez,51,DL,6-2,312,29,6,Arizona,Active,2026-08-31T00:08:51.695252+00:00
ARI,Jeremiyah Love,4,RB,6-0,212,21,R,Notre Dame,Active,2026-08-31T00:08:51.695252+00:00
ARI,Trey McBride,85,TE,6-4,246,26,5,Colorado State,Active,2026-08-31T00:08:51.695252+00:00
ARI,Max Melton,16,CB,5-11,190,24,3,Rutgers,Active,2026-08-31T00:08:51.695252+00:00
ARI,Gardner Minshew II,15,QB,6-1,225,30,8,Washington State,Active,2026-08-31T00:08:51.695252+00:00
ARI,Walter Nolen III,97,DL,6-4,300,22,2,Mississippi,Active,2026-08-31T00:08:51.695252+00:00
ARI,Darius Robinson,56,DL,6-5,290,24,3,Missouri,Active,2026-08-31T00:08:51.695252+00:00
ARI,Chad Ryland,38,K,6-0,195,26,4,Maryland,Active,2026-08-31T00:08:51.695252+00:00
ARI,Isaac Seumalo,73,OL,6-4,310,32,11,Oregon State,Active,2026-08-31T00:08:51.695252+00:00
ARI,Karson Sharar,43,ILB,6-1,231,23,R,Iowa,Active,2026-08-31T00:08:51.695252+00:00
ARI,Cody Simon,0,ILB,6-2,230,24,2,Ohio State,Active,2026-08-31T00:08:51.695252+00:00
ARI,Dante Stills,55,DL,6-4,300,26,4,West Virginia,Active,2026-08-31T00:08:51.695252+00:00
ARI,Josh Sweat,10,OLB,6-5,265,29,9,Florida State,Active,2026-08-31T00:08:51.695252+00:00
ARI,Dadrion Taylor-Demerson,42,S,5-10,200,25,3,Texas Tech,Active,2026-08-31T00:08:51.695252+00:00
ARI,Reggie Virgil,82,WR,6-3,187,22,R,Texas Tech,Active,2026-08-31T00:08:51.695252+00:00
ARI,Elijah Wilkinson,65,OL,6-6,315,31,10,UMass Amherst,Active,2026-08-31T00:08:51.695252+00:00
ARI,Garrett Williams,21,CB,5-10,192,25,4,Syracuse,Active,2026-08-31T00:08:51.695252+00:00
ARI,Jayden Williams,66,OL,6-4,307,23,R,Mississippi,Active,2026-08-31T00:08:51.695252+00:00
ARI,Wydett Williams Jr.,31,S,6-1,205,22,R,Mississippi,Active,2026-08-31T00:08:51.695252+00:00
ARI,Mack Wilson Sr.,1,ILB,6-1,240,28,8,Alabama,Active,2026-08-31T00:08:51.695252+00:00
ARI,Michael Wilson,14,WR,6-2,213,26,4,Stanford,Active,2026-08-31T00:08:51.695252+00:00
ARI,Andrew Wingard,27,S,6-0,205,29,8,Wyoming,Active,2026-08-31T00:08:51.695252+00:00
ARI,Tip Reiman,87,TE,6-5,271,24,3,Illinois,Active/Physically Unable to Perform,2026-08-31T00:08:51.695252+00:00
ARI,Trey Benson,33,RB,6-0,225,24,3,Florida State,Reserve/Injured,2026-08-31T00:08:51.695252+00:00
ARI,Chase Bisontis,57,OL,6-6,314,22,R,Texas A&M,Reserve/Injured,2026-08-31T00:08:51.695252+00:00
ARI,Joey Blount,32,S,6-1,195,27,5,Virginia,Reserve/Injured,2026-08-31T00:08:51.695252+00:00
ARI,Jameson Geers,46,TE,6-5,250,23,R,Minnesota,Reserve/Injured,2026-08-31T00:08:51.695252+00:00
ARI,Kaleb Proctor,94,DL,6-2,291,22,R,Southeastern Louisiana,Reserve/Injured,2026-08-31T00:08:51.695252+00:00
ARI,Xavier Weaver,89,WR,6-0,185,25,3,Colorado,Reserve/Injured,2026-08-31T00:08:51.695252+00:00
ARI,Zach Carter,90,DL,6-4,301,27,4,Florida,Reserve/Injured; Designated for Return,2026-08-31T00:08:51.695252+00:00
ARI,James Conner,6,RB,6-1,233,31,10,Pittsburgh,Reserve/Injured; Designated for Return,2026-08-31T00:08:51.695252+00:00
ATL,Jake Bailey,16,P,6-2,212,29,8,Stanford,Active,2026-08-31T00:08:51.695252+00:00
ATL,Jessie Bates III,3,S,6-1,210,29,9,Wake Forest,Active,2026-08-31T00:08:51.695252+00:00
ATL,Matthew Bergeron,65,OL,6-5,315,26,4,Syracuse,Active,2026-08-31T00:08:51.695252+00:00
ATL,JD Bertrand,40,ILB,6-1,230,26,3,Notre Dame,Active,2026-08-31T00:08:51.695252+00:00
ATL,Chris Blair,19,WR,6-2,215,28,2,Alcorn State,Active,2026-08-31T00:08:51.695252+00:00
ATL,Billy Bowman Jr.,33,CB,5-10,194,23,2,Oklahoma,Active,2026-08-31T00:08:51.695252+00:00
ATL,Zachariah Branch,17,WR,5-10,180,22,R,Georgia,Active,2026-08-31T00:08:51.695252+00:00
ATL,Natrone Brooks,35,CB,5-11,175,26,3,Southern Mississippi,Active,2026-08-31T00:08:51.695252+00:00
ATL,Sydney Brown,29,DB,5-10,211,26,4,Illinois,Active,2026-08-31T00:08:51.695252+00:00
ATL,Kendal Daniels,53,LB,6-5,242,23,R,Oklahoma,Active,2026-08-31T00:08:51.695252+00:00
ATL,Divine Deablo,0,ILB,6-3,223,28,6,Virginia Tech,Active,2026-08-31T00:08:51.695252+00:00
ATL,Malcolm DeWalt IV,36,CB,6-2,190,24,R,Akron,Active,2026-08-31T00:08:51.695252+00:00
ATL,Gervon Dexter Sr.,,DT,6-6,312,25,4,Florida,Active,2026-08-31T00:08:51.695252+00:00
ATL,Brandon Dorlus,54,DL,6-3,295,25,3,Oregon,Active,2026-08-31T00:08:51.695252+00:00
ATL,Jahan Dotson,4,WR,5-11,184,26,5,Penn State,Active,2026-08-31T00:08:51.695252+00:00
ATL,Samson Ebukam,52,DE,6-3,245,31,10,Eastern Washington,Active,2026-08-31T00:08:51.695252+00:00
ATL,Nick Folk,6,K,6-1,225,41,19,Arizona,Active,2026-08-31T00:08:51.695252+00:00
ATL,Mike Ford Jr,28,CB,6-0,199,31,9,Southeast Missouri State,Active,2026-08-31T00:08:51.695252+00:00
ATL,Da'Shawn Hand,90,DT,6-3,302,30,9,Alabama,Active,2026-08-31T00:08:51.695252+00:00
ATL,Christian Harris,45,LB,6-2,232,25,5,Alabama,Active,2026-08-31T00:08:51.695252+00:00
ATL,Zach Harrison,96,DL,6-5,270,25,4,Ohio State,Active,2026-08-31T00:08:51.695252+00:00
ATL,DeMarcco Hellams,23,S,6-1,203,26,4,Alabama,Active,2026-08-31T00:08:51.695252+00:00
ATL,C.J. Henderson,26,CB,6-1,205,27,6,Florida,Active,2026-08-31T00:08:51.695252+00:00
ATL,Kyle Hinton,68,OL,6-2,315,28,4,Washburn,Active,2026-08-31T00:08:51.695252+00:00
ATL,Austin Hooper,81,TE,6-4,254,31,11,Stanford,Active,2026-08-31T00:08:51.695252+00:00
ATL,Mike Hughes,21,CB,5-10,190,29,9,UCF,Active,2026-08-31T00:08:51.695252+00:00
ATL,Michael Jerrell,72,OL,6-5,309,27,3,Findlay,Active,2026-08-31T00:08:51.695252+00:00
ATL,Corey Levin,62,C/G,6-4,307,32,8,Tennessee-Chattanooga,Active,2026-08-31T00:08:51.695252+00:00
ATL,Chris Lindstrom,63,G,6-4,310,29,8,Boston College,Active,2026-08-31T00:08:51.695252+00:00
ATL,Drake London,5,WR,6-4,215,25,5,USC,Active,2026-08-31T00:08:51.695252+00:00
ATL,LaCale London,94,DL,6-3,297,29,3,Western Illinois,Active,2026-08-31T00:08:51.695252+00:00
ATL,Jake Matthews,70,T,6-5,310,34,13,Texas A&M,Active,2026-08-31T00:08:51.695252+00:00
ATL,Liam McCullough,49,LS,6-2,245,29,5,Ohio State,Active,2026-08-31T00:08:51.695252+00:00
ATL,Ryan Neuzil,64,OL,6-3,305,29,5,Appalachian State,Active,2026-08-31T00:08:51.695252+00:00
ATL,Ethan Onianwa,75,T,6'7,331,23,R,Ohio State,Active,2026-08-31T00:08:51.695252+00:00
ATL,Michael Penix Jr.,9,QB,6-3,220,26,3,Washington,Active,2026-08-31T00:08:51.695252+00:00
ATL,Harold Perkins Jr.,56,LB,6-0,223,21,R,LSU,Active,2026-08-31T00:08:51.695252+00:00
ATL,Kyle Pitts Sr.,8,TE,6-6,250,25,6,Florida,Active,2026-08-31T00:08:51.695252+00:00
ATL,Bijan Robinson,7,RB,5-11,215,24,4,Texas,Active,2026-08-31T00:08:51.695252+00:00
ATL,Brian Robinson,15,RB,6-1,225,27,3,Alabama,Active,2026-08-31T00:08:51.695252+00:00
ATL,Jammie Robinson,34,SAF,5-11,195,25,4,Florida State,Active,2026-08-31T00:08:51.695252+00:00
ATL,Cooper Rush,13,QB,6-3,224,32,9,Central Michigan,Active,2026-08-31T00:08:51.695252+00:00
ATL,Maason Smith,92,DL,6-5,306,23,3,LSU,Active,2026-08-31T00:08:51.695252+00:00
ATL,Za'Darius Smith,91,DE,6-4,270,33,11,Kentucky,Active,2026-08-31T00:08:51.695252+00:00
ATL,Jack Strand,18,QB,6-5,240,22,R,Minnesota State-Moorhead,Active,2026-08-31T00:08:51.695252+00:00
ATL,Tua Tagovailoa,1,QB,6-1,225,28,7,Alabama,Active,2026-08-31T00:08:51.695252+00:00
ATL,Jawaan Taylor,71,OT,6-5,312,28,8,Florida,Active,2026-08-31T00:08:51.695252+00:00
ATL,A.J. Terrell Jr.,24,CB,6-1,200,27,7,Clemson,Active,2026-08-31T00:08:51.695252+00:00
ATL,Avieon Terrell,12,CB,5-11,180,21,R,Clemson,Active,2026-08-31T00:08:51.695252+00:00
ATL,Cameron Thomas,99,DE,6-4,265,26,5,San Diego State,Active,2026-08-31T00:08:51.695252+00:00
ATL,Xavier Watts,31,S,6-0,203,24,2,Notre Dame,Active,2026-08-31T00:08:51.695252+00:00
ATL,Charlie Woerner,89,TE,6-5,250,28,7,Georgia,Active,2026-08-31T00:08:51.695252+00:00
ATL,Olamide Zaccheaus,14,WR,5-8,194,29,8,Virginia,Active,2026-08-31T00:08:51.695252+00:00
ATL,Darren Hall,41,CB,6-0,190,26,5,San Diego State,Reserve/Injured,2026-08-31T00:08:51.695252+00:00
ATL,Trey Sermon,44,RB,6-0,215,27,5,Ohio State,Reserve/Injured,2026-08-31T00:08:51.695252+00:00
ATL,Malik Verdon,43,ILB,6-4,218,23,1,Iowa State,Reserve/Injured,2026-08-31T00:08:51.695252+00:00
ATL,Jalon Walker,11,OLB,6-2,245,22,2,Georgia,Reserve/Injured,2026-08-31T00:08:51.695252+00:00
ATL,Beaux Collins,88,WR,6-3,206,23,2,Notre Dame,Reserve/Injured; Designated for Return,2026-08-31T00:08:51.695252+00:00
ATL,Anterio Thompson,98,DT,6-4,310,23,R,Washington,Reserve/Non-Football Injury,2026-08-31T00:08:51.695252+00:00
ATL,DeAngelo Malone,50,OLB,6-3,235,27,5,Western Kentucky,Reserve/Physically Unable to Perform,2026-08-31T00:08:51.695252+00:00
ATL,Storm Norton,77,OL,6-7,310,32,7,Toledo,Reserve/Physically Unable to Perform,2026-08-31T00:08:51.695252+00:00
ATL,James Pearce Jr.,27,ED,6-5,243,22,2,University of Tennessee,Reserve/Suspended by Commissioner,2026-08-31T00:08:51.695252+00:00
BAL,Rasheen Ali,26,RB,5-11,210,25,3,Marshall,Active,2026-08-31T00:08:51.695252+00:00
BAL,Mark Andrews,89,TE,6-5,250,30,9,Oklahoma,Active,2026-08-31T00:08:51.695252+00:00
BAL,Chidobe Awuzie,3,CB,6-0,202,31,10,Colorado,Active,2026-08-31T00:08:51.695252+00:00
BAL,Michael Barrett,54,ILB,5-11,232,26,1,Michigan,Active,2026-08-31T00:08:51.695252+00:00
BAL,Rashod Bateman,7,WR,6-1,193,26,6,Minnesota,Active,2026-08-31T00:08:51.695252+00:00
BAL,Evan Beerntsen,60,G,6-3,302,25,R,Northwestern,Active,2026-08-31T00:08:51.695252+00:00
BAL,Rayshaun Benny,99,DL,6-3,305,24,R,Michigan,Active,2026-08-31T00:08:51.695252+00:00
BAL,Cortez Braham Jr.,82,WR,6-2,208,26,R,Memphis,Active,2026-08-31T00:08:51.695252+00:00
BAL,Teddye Buchanan,40,ILB,6-2,240,23,2,California,Active,2026-08-31T00:08:51.695252+00:00
BAL,Corey Bullock,67,G/C,6-3,325,24,2,Maryland,Active,2026-08-31T00:08:51.695252+00:00
BAL,Ethan Burke,45,OLB,6-6,267,23,R,Texas,Active,2026-08-31T00:08:51.695252+00:00
BAL,Calais Campbell,93,DL,6-8,307,39,19,Miami (Fla.),Active,2026-08-31T00:08:51.695252+00:00
BAL,Josh Cuevas,85,TE,6-3,246,23,R,Alabama,Active,2026-08-31T00:08:51.695252+00:00
BAL,Nick Dawkins,53,C,6-4,305,24,R,Penn State,Active,2026-08-31T00:08:51.695252+00:00
BAL,Dominic DeLuca,42,ILB,6-1,228,24,R,Penn State,Active,2026-08-31T00:08:51.695252+00:00
BAL,Ryan Eckley,30,P,6-0,205,22,R,Michigan State,Active,2026-08-31T00:08:51.695252+00:00
BAL,Joe Fagnano,12,QB,6-3,230,25,R,Connecticut,Active,2026-08-31T00:08:51.695252+00:00
BAL,Zay Flowers,4,WR,5-9,183,25,4,Boston College,Active,2026-08-31T00:08:51.695252+00:00
BAL,Aaron Graves,59,DL,6-5,305,23,R,Iowa,Active,2026-08-31T00:08:51.695252+00:00
BAL,Mike Green,15,OLB,6-3,250,23,2,Marshall,Active,2026-08-31T00:08:51.695252+00:00
BAL,Xavier Guillory,16,WR,6-2,210,25,1,Arizona State,Active,2026-08-31T00:08:51.695252+00:00
BAL,Jovaughn Gwyn,54,OL,6-2,310,27,4,South Carolina,Active,2026-08-31T00:08:51.695252+00:00
BAL,Kyle Hamilton,14,S,6-4,220,25,5,Notre Dame,Active,2026-08-31T00:08:51.695252+00:00
BAL,Jaylinn Hawkins,21,S,6-1,208,29,7,California,Active,2026-08-31T00:08:51.695252+00:00
BAL,Trey Hendrickson,91,OLB,6-4,265,31,10,Florida Atlantic,Active,2026-08-31T00:08:51.695252+00:00
BAL,Derrick Henry,22,RB,6-3,252,32,11,Alabama,Active,2026-08-31T00:08:51.695252+00:00
BAL,Matt Hibner,88,TE,6-4,250,24,R,SMU,Active,2026-08-31T00:08:51.695252+00:00
BAL,Jay Higgins IV,49,ILB,6-0,230,24,2,Iowa,Active,2026-08-31T00:08:51.695252+00:00
BAL,Justice Hill,43,RB,5-10,195,28,8,Oklahoma State,Active,2026-08-31T00:08:51.695252+00:00
BAL,Marlon Humphrey,44,CB,6-0,200,30,10,Alabama,Active,2026-08-31T00:08:51.695252+00:00
BAL,Tyler Huntley,5,QB,6-1,204,28,7,Utah,Active,2026-08-31T00:08:51.695252+00:00
BAL,Vega Ioane,71,G,6-4,326,22,R,Penn State,Active,2026-08-31T00:08:51.695252+00:00
BAL,Adisa Isaac,50,OLB,6-4,253,24,3,Penn State,Active,2026-08-31T00:08:51.695252+00:00
BAL,Keondre Jackson,39,S,6-2,215,24,2,Illinois State,Active,2026-08-31T00:08:51.695252+00:00
BAL,Lamar Jackson,8,QB,6-2,205,29,9,Louisville,Active,2026-08-31T00:08:51.695252+00:00
BAL,John Jenkins,94,NT,6-3,360,37,14,Georgia,Active,2026-08-31T00:08:51.695252+00:00
BAL,Cornelius Johnson,86,WR,6-3,212,25,1,Michigan,Active,2026-08-31T00:08:51.695252+00:00
BAL,Jamon Johnson,47,LB,6-1,236,24,1,Kentucky,Active,2026-08-31T00:08:51.695252+00:00
BAL,Carl Jones Jr.,48,LB,6-0,223,25,2,UCLA,Active,2026-08-31T00:08:51.695252+00:00
BAL,Emery Jones Jr.,51,G/T,6-5,325,22,2,LSU,Active,2026-08-31T00:08:51.695252+00:00
BAL,Travis Jones,98,DL,6-4,338,26,5,Connecticut,Active,2026-08-31T00:08:51.695252+00:00
BAL,Bilhal Kone,31,CB,6-1,190,24,2,Western Michigan,Active,2026-08-31T00:08:51.695252+00:00
BAL,Ja'Kobi Lane,6,WR,6-4,205,22,R,USC,Active,2026-08-31T00:08:51.695252+00:00
BAL,Gerad Lichtenhan,78,T,6-8,330,24,1,Oregon State,Active,2026-08-31T00:08:51.695252+00:00
BAL,Robert Longerbeam,37,CB,5-11,174,25,2,Rutgers,Active,2026-08-31T00:08:51.695252+00:00
BAL,Tyler Loop,33,K,5-11,191,25,2,Arizona,Active,2026-08-31T00:08:51.695252+00:00
BAL,Nnamdi Madubuike,92,DL,6-3,305,28,7,Texas A&M,Active,2026-08-31T00:08:51.695252+00:00
BAL,Keyon Martin,38,CB,5-9,171,25,2,Louisiana-Lafayette,Active,2026-08-31T00:08:51.695252+00:00
BAL,Dontae McMillan,36,RB,5-10,203,25,R,Eastern Michigan,Active,2026-08-31T00:08:51.695252+00:00
BAL,Chris Moore,17,WR,6-1,200,33,10,Cincinnati,Active,2026-08-31T00:08:51.695252+00:00
BAL,Nick Moore,46,LS,6-2,260,33,5,Georgia,Active,2026-08-31T00:08:51.695252+00:00
BAL,C.J. Okoye,97,DL,6-6,365,24,2,N/A,Active,2026-08-31T00:08:51.695252+00:00
BAL,David Olajiga,65,DL,6-3,310,28,1,Central Missouri,Active,2026-08-31T00:08:51.695252+00:00
BAL,Amani Oruwariye,25,CB,6-2,198,30,6,Penn State,Active,2026-08-31T00:08:51.695252+00:00
BAL,Aeneas Peebles,90,DL,6-0,300,24,2,Virginia Tech,Active,2026-08-31T00:08:51.695252+00:00
BAL,Ty Pezza,84,TE,6-3,240,23,R,Brown,Active,2026-08-31T00:08:51.695252+00:00
BAL,Ethan Pocic,77,C,6-6,320,31,10,LSU,Active,2026-08-31T00:08:51.695252+00:00
BAL,Diego Pounds,61,T,6-6,335,23,R,Mississippi,Active,2026-08-31T00:08:51.695252+00:00
BAL,Adam Randall,23,RB,6-3,240,22,R,Clemson,Active,2026-08-31T00:08:51.695252+00:00
BAL,Austin Reed,15,QB,6-1,214,26,1,Western Kentucky,Active,2026-08-31T00:08:51.695252+00:00
BAL,Chandler Rivers,29,CB,5-10,189,22,R,Duke,Active,2026-08-31T00:08:51.695252+00:00
BAL,Marquise Robinson,28,CB,6-0,195,24,1,Arkansas,Active,2026-08-31T00:08:51.695252+00:00
BAL,Tavius Robinson,95,OLB,6-6,262,27,4,Mississippi,Active,2026-08-31T00:08:51.695252+00:00
BAL,Roger Rosengarten,70,T,6-5,310,24,3,Washington,Active,2026-08-31T00:08:51.695252+00:00
BAL,Kaimon Rucker,56,OLB,6-2,265,24,1,North Carolina,Active,2026-08-31T00:08:51.695252+00:00
BAL,Elijah Sarratt,13,WR,6-2,215,23,R,Indiana,Active,2026-08-31T00:08:51.695252+00:00
BAL,Lucas Scott,47,FB,6-3,265,23,1,Army,Active,2026-08-31T00:08:51.695252+00:00
BAL,David Sharpe,62,OT,6-6,346,30,6,Florida,Active,2026-08-31T00:08:51.695252+00:00
BAL,John Simpson,74,G,6-4,330,29,7,Clemson,Active,2026-08-31T00:08:51.695252+00:00
BAL,Trenton Simpson,32,ILB,6-2,242,25,4,Clemson,Active,2026-08-31T00:08:51.695252+00:00
BAL,Octavian Smith Jr.,87,WR,5-11,184,23,R,Maryland,Active,2026-08-31T00:08:51.695252+00:00
BAL,Roquan Smith,0,ILB,6-1,235,29,9,Georgia,Active,2026-08-31T00:08:51.695252+00:00
BAL,Durham Smythe,80,TE,6-5,248,31,9,Notre Dame,Active,2026-08-31T00:08:51.695252+00:00
BAL,Ronnie Stanley,79,T,6-6,310,32,11,Notre Dame,Active,2026-08-31T00:08:51.695252+00:00
BAL,Malaki Starks,24,S,6-1,205,22,2,Georgia,Active,2026-08-31T00:08:51.695252+00:00
BAL,T.J. Tampa Jr.,27,CB,6-1,190,24,3,Iowa State,Active,2026-08-31T00:08:51.695252+00:00
BAL,Elijah Tau-Tolliver,34,RB,6-0,212,23,R,Michigan State,Active,2026-08-31T00:08:51.695252+00:00
BAL,Carson Vinson,76,T,6-7,325,24,2,Alabama A&M,Active,2026-08-31T00:08:51.695252+00:00
BAL,Andrew Vorhees,72,G,6-6,330,27,3,USC,Active,2026-08-31T00:08:51.695252+00:00
BAL,Dayton Wade,18,WR,5-9,184,25,2,Mississippi,Active,2026-08-31T00:08:51.695252+00:00
BAL,Devontez Walker,81,WR,6-1,198,25,3,North Carolina,Active,2026-08-31T00:08:51.695252+00:00
BAL,K'Von Wallace,26,S,5-11,205,29,6,Clemson,Active,2026-08-31T00:08:51.695252+00:00
BAL,Silas Walters,36,S,5-11,205,24,R,Miami (Ohio),Active,2026-08-31T00:08:51.695252+00:00
BAL,Jonathan Ward,35,RB,6-0,202,28,6,Central Michigan,Active,2026-08-31T00:08:51.695252+00:00
BAL,Broderick Washington Jr.,96,DL,6-2,315,29,7,Texas Tech,Active,2026-08-31T00:08:51.695252+00:00
BAL,Lardarius Webb Jr.,34,CB,5-9,177,23,R,Wake Forest,Active,2026-08-31T00:08:51.695252+00:00
BAL,LaJohntay Wester,10,WR,5-9,180,24,2,Colorado,Active,2026-08-31T00:08:51.695252+00:00
BAL,Nate Wiggins,2,CB,6-1,182,23,3,Clemson,Active,2026-08-31T00:08:51.695252+00:00
BAL,Dion Wilson Jr.,58,DL,6-4,302,24,R,Syracuse,Active,2026-08-31T00:08:51.695252+00:00
BAL,Zion Young,9,OLB,6-5,267,22,R,Missouri,Active,2026-08-31T00:08:51.695252+00:00
BAL,Danny Pinter,63,C,6-4,310,30,6,Ball State,Reserve/Injured,2026-08-31T00:08:51.695252+00:00
BAL,Jahquez Robinson,41,S,6-2,214,25,R,Auburn,Reserve/Injured,2026-08-31T00:08:51.695252+00:00
BAL,Skylar Thompson,11,QB,6-2,220,29,5,Kansas State,Reserve/Injured,2026-08-31T00:08:51.695252+00:00
BUF,Dee Alford,23,CB,5-11,180,28,5,Tusculum College,Active,2026-08-31T00:08:51.695252+00:00
BUF,Josh Allen,17,QB,6-5,237,30,9,Wyoming,Active,2026-08-31T00:08:51.695252+00:00
BUF,Kyle Allen,11,QB,6-3,210,30,8,Houston,Active,2026-08-31T00:08:51.695252+00:00
BUF,Alec Anderson,70,C/G,6-5,305,26,4,UCLA,Active,2026-08-31T00:08:51.695252+00:00
BUF,Joe Andreessen,44,ILB,6-0,240,26,3,Buffalo,Active,2026-08-31T00:08:51.695252+00:00
BUF,Tyler Bass,16,K,5-10,183,29,7,Georgia Southern,Active,2026-08-31T00:08:51.695252+00:00
BUF,Skyler Bell,13,WR,5-11,192,24,R,Connecticut,Active,2026-08-31T00:08:51.695252+00:00
BUF,Christian Benford,47,CB,6-1,205,25,5,Villanova,Active,2026-08-31T00:08:51.695252+00:00
BUF,Terrel Bernard,8,ILB,6-1,224,27,5,Baylor,Active,2026-08-31T00:08:51.695252+00:00
BUF,Cole Bishop,24,S,6-2,206,23,3,Utah,Active,2026-08-31T00:08:51.695252+00:00
BUF,Jude Bowry,74,T/G,6-5,314,23,R,Boston College,Active,2026-08-31T00:08:51.695252+00:00
BUF,Spencer Brown,79,T,6-8,311,28,6,Northern Iowa,Active,2026-08-31T00:08:51.695252+00:00
BUF,DeWayne Carter,90,DL,6-2,302,25,3,Duke,Active,2026-08-31T00:08:51.695252+00:00
BUF,Bradley Chubb,9,OLB,6-4,268,30,9,N.C. State,Active,2026-08-31T00:08:51.695252+00:00
BUF,Keon Coleman,0,WR,6-3,213,23,3,Florida State,Active,2026-08-31T00:08:51.695252+00:00
BUF,James Cook III,4,RB,5-11,190,26,5,Georgia,Active,2026-08-31T00:08:51.695252+00:00
BUF,Austin Corbett,63,G/C,6-4,306,30,9,Nevada,Active,2026-08-31T00:08:51.695252+00:00
BUF,Lloyd Cushenberry,53,C,6-4,315,28,7,LSU,Active,2026-08-31T00:08:51.695252+00:00
BUF,Mike Danna,51,OLB,6-2,257,28,6,Michigan,Active,2026-08-31T00:08:51.695252+00:00
BUF,Ray Davis,7,RB,5-8,211,26,3,Kentucky,Active,2026-08-31T00:08:51.695252+00:00
BUF,Dion Dawkins,73,T,6-5,320,32,10,Temple,Active,2026-08-31T00:08:51.695252+00:00
BUF,Tommy Doman Jr.,39,P,6-4,214,23,R,Florida,Active,2026-08-31T00:08:51.695252+00:00
BUF,Kaleb Elarms-Orr,52,LB,6-2,234,23,R,TCU,Active,2026-08-31T00:08:51.695252+00:00
BUF,Reid Ferguson,69,LS,6-2,235,32,10,Louisiana State,Active,2026-08-31T00:08:51.695252+00:00
BUF,Sam Franklin Jr.,28,DB,6-3,210,30,7,Temple,Active,2026-08-31T00:08:51.695252+00:00
BUF,Greg Gaines,97,DL,6-1,312,30,8,Washington,Active,2026-08-31T00:08:51.695252+00:00
BUF,C.J. Gardner-Johnson,22,S,5-11,208,28,8,Florida,Active,2026-08-31T00:08:51.695252+00:00
BUF,Tylan Grable,68,T/G,6-5,313,26,3,UCF,Active,2026-08-31T00:08:51.695252+00:00
BUF,Maxwell Hairston,31,CB,5-11,192,23,2,Kentucky,Active,2026-08-31T00:08:51.695252+00:00
BUF,Damar Hamlin,3,S,6-0,200,28,6,Pittsburgh,Active,2026-08-31T00:08:51.695252+00:00
BUF,Jordan Hancock,37,DB,6-0,195,23,2,Ohio State,Active,2026-08-31T00:08:51.695252+00:00
BUF,Jackson Hawes,85,TE,6-4,253,25,2,Georgia Tech,Active,2026-08-31T00:08:51.695252+00:00
BUF,Michael Hoecht,55,OLB,6-4,267,28,6,Brown,Active,2026-08-31T00:08:51.695252+00:00
BUF,Davison Igbinosun,21,CB,6-2,189,22,R,Ohio State,Active,2026-08-31T00:08:51.695252+00:00
BUF,Landon Jackson,94,DL,6-6,264,23,2,Arkansas,Active,2026-08-31T00:08:51.695252+00:00
BUF,Ty Johnson,26,RB,5-10,210,28,8,Maryland,Active,2026-08-31T00:08:51.695252+00:00
BUF,Jalon Kilgore,29,S,6-1,210,21,R,South Carolina,Active,2026-08-31T00:08:51.695252+00:00
BUF,Dalton Kincaid,86,TE,6-3,246,26,4,Utah,Active,2026-08-31T00:08:51.695252+00:00
BUF,Dawson Knox,88,TE,6-4,254,29,8,Mississippi,Active,2026-08-31T00:08:51.695252+00:00
BUF,Keleki Latu,83,TE,6-6,249,24,1,Washington,Active,2026-08-31T00:08:51.695252+00:00
BUF,Connor McGovern,66,C/G,6-6,318,28,8,Penn State,Active,2026-08-31T00:08:51.695252+00:00
BUF,DJ Moore,2,WR,6-0,213,29,9,Maryland,Active,2026-08-31T00:08:51.695252+00:00
BUF,Ed Oliver,91,DL,6-1,287,28,8,Houston,Active,2026-08-31T00:08:51.695252+00:00
BUF,Joshua Palmer,5,WR,6-1,210,26,6,Tennessee,Active,2026-08-31T00:08:51.695252+00:00
BUF,TJ Parker,99,OLB,6-3,263,21,R,Clemson,Active,2026-08-31T00:08:51.695252+00:00
BUF,Ar'maj Reed-Adams,60,G,6-6,314,24,R,Texas A&M,Active,2026-08-31T00:08:51.695252+00:00
BUF,Greg Rousseau,15,OLB,6-6,266,26,6,Miami,Active,2026-08-31T00:08:51.695252+00:00
BUF,T.J. Sanders,98,DL,6-4,297,23,2,South Carolina,Active,2026-08-31T00:08:51.695252+00:00
BUF,Khalil Shakir,10,WR,6-0,190,26,5,Boise State,Active,2026-08-31T00:08:51.695252+00:00
BUF,Javon Solomon,56,OLB,6-1,246,25,3,Troy,Active,2026-08-31T00:08:51.695252+00:00
BUF,O'Cyrus Torrence,64,G,6-5,330,26,4,Florida,Active,2026-08-31T00:08:51.695252+00:00
BUF,Deone Walker,96,DL,6-7,331,22,2,Kentucky,Active,2026-08-31T00:08:51.695252+00:00
BUF,Dorian Williams,42,ILB,6-1,228,25,4,Tulane,Active,2026-08-31T00:08:51.695252+00:00
BUF,Zane Durant,92,DL,6-1,290,22,R,Penn State,Reserve/Injured,2026-08-31T00:08:51.695252+00:00
BUF,Dorian Strong,43,CB,6-1,185,24,2,Virginia Tech,Reserve/Non-Football Injury,2026-08-31T00:08:51.695252+00:00
BUF,Tyrell Shavers,14,WR,6-4,211,27,2,San Diego State,Reserve/Physically Unable to Perform,2026-08-31T00:08:51.695252+00:00
BUF,Phidarian Mathis,72,DL,6-4,312,28,5,Alabama,Reserve/Suspended by Commissioner,2026-08-31T00:08:51.695252+00:00
CAR,Jonathon Brooks,25,RB,6-0,207,23,3,Texas,Active,2026-08-31T00:08:51.695252+00:00
CAR,Bobby Brown III,97,DT,6-4,332,26,6,Texas A&M,Active,2026-08-31T00:08:51.695252+00:00
CAR,Derrick Brown,95,DT,6-5,320,28,7,Auburn,Active,2026-08-31T00:08:51.695252+00:00
CAR,Claudin Cherelus,53,LB,6-2,230,27,4,Alcorn State,Active,2026-08-31T00:08:51.695252+00:00
CAR,Brady Christensen,70,OL,6-6,300,29,6,BYU,Active,2026-08-31T00:08:51.695252+00:00
CAR,Jalen Coker,18,WR,6-3,213,24,3,Holy Cross,Active,2026-08-31T00:08:51.695252+00:00
CAR,AJ Dillon,28,RB,6-0,247,28,7,Boston College,Active,2026-08-31T00:08:51.695252+00:00
CAR,TeRah Edwards,--,DT,6-2,305,25,1,Illinois,Active,2026-08-31T00:08:51.695252+00:00
CAR,Akayleb Evans,29,CB,6-2,198,27,5,Missouri,Active,2026-08-31T00:08:51.695252+00:00
CAR,Mitchell Evans,84,TE,6-5,258,23,2,Notre Dame,Active,2026-08-31T00:08:51.695252+00:00
CAR,Ryan Fitzgerald,10,K,5-11,193,26,2,Florida State,Active,2026-08-31T00:08:51.695252+00:00
CAR,Stone Forsythe,73,T,6-8,307,28,6,Florida,Active,2026-08-31T00:08:51.695252+00:00
CAR,Luke Fortner,77,C,6-6,300,28,5,Kentucky,Active,2026-08-31T00:08:51.695252+00:00
CAR,Feleipe Franks,81,TE,6-6,228,28,4,Arkansas,Active,2026-08-31T00:08:51.695252+00:00
CAR,Monroe Freeling,57,T,6-7,315,22,R,Georgia,Active,2026-08-31T00:08:51.695252+00:00
CAR,Trevis Gipson,52,OLB,6-4,255,29,7,Tulsa,Active,2026-08-31T00:08:51.695252+00:00
CAR,Aaron Hall,61,DT,6-4,297,23,R,Duke,Active,2026-08-31T00:08:51.695252+00:00
CAR,Sam Hecht,75,C,6-4,303,23,R,Kansas State,Active,2026-08-31T00:08:51.695252+00:00
CAR,Jaycee Horn,8,CB,6-1,200,26,6,South Carolina,Active,2026-08-31T00:08:51.695252+00:00
CAR,Jimmy Horn Jr.,15,WR,5-8,174,23,2,Colorado,Active,2026-08-31T00:08:51.695252+00:00
CAR,Chuba Hubbard,30,RB,6-1,210,27,6,Oklahoma State,Active,2026-08-31T00:08:51.695252+00:00
CAR,Robert Hunt,50,G,6-6,323,30,7,Louisiana-Lafayette,Active,2026-08-31T00:08:51.695252+00:00
CAR,Lee Hunter,92,DT,6-3,318,24,R,Texas Tech,Active,2026-08-31T00:08:51.695252+00:00
CAR,Thomas Incoom,48,OLB,6-2,265,27,4,Central Michigan,Active,2026-08-31T00:08:51.695252+00:00
CAR,Cam Jackson,99,DT,6-6,328,24,2,Florida,Active,2026-08-31T00:08:51.695252+00:00
CAR,Mike Jackson,2,CB,6-1,210,29,6,Miami,Active,2026-08-31T00:08:51.695252+00:00
CAR,JJ Jansen,44,LS,6-2,235,40,19,Notre Dame,Active,2026-08-31T00:08:51.695252+00:00
CAR,Patrick Jones II,91,OLB,6-4,264,27,6,Pittsburgh,Active,2026-08-31T00:08:51.695252+00:00
CAR,Haynes King,16,QB,6-2,212,25,R,Georgia Tech,Active,2026-08-31T00:08:51.695252+00:00
CAR,Jackson Kuwatch,46,LB,6-4,232,23,R,Miami (Ohio),Active,2026-08-31T00:08:51.695252+00:00
CAR,Will Lee III,24,CB,6-1,189,23,R,Texas A&M,Active,2026-08-31T00:08:51.695252+00:00
CAR,Xavier Legette,17,WR,6-3,227,25,3,South Carolina,Active,2026-08-31T00:08:51.695252+00:00
CAR,Damien Lewis,68,G,6-2,327,29,7,LSU,Active,2026-08-31T00:08:51.695252+00:00
CAR,Devin Lloyd,55,LB,6-3,235,27,5,Utah,Active,2026-08-31T00:08:51.695252+00:00
CAR,Sam Martin,6,P,6-1,205,36,14,Appalachian State,Active,2026-08-31T00:08:51.695252+00:00
CAR,Tetairoa McMillan,4,WR,6-5,212,23,2,Arizona,Active,2026-08-31T00:08:51.695252+00:00
CAR,John Metchie III,13,WR,5-11,187,26,4,Alabama,Active,2026-08-31T00:08:51.695252+00:00
CAR,Tre'von Moehrig,7,S,6-2,202,27,6,TCU,Active,2026-08-31T00:08:51.695252+00:00
CAR,Jaelan Phillips,5,OLB,6-5,266,27,6,Miami,Active,2026-08-31T00:08:51.695252+00:00
CAR,Kenny Pickett,12,QB,6-3,220,28,5,Pittsburgh,Active,2026-08-31T00:08:51.695252+00:00
CAR,Lathan Ransom,22,S,6-0,206,24,2,Ohio State,Active,2026-08-31T00:08:51.695252+00:00
CAR,Albert Reese,76,T,6-7,330,24,R,Mississippi State,Active,2026-08-31T00:08:51.695252+00:00
CAR,Ja'Tavion Sanders,0,TE,6-4,252,23,3,Texas,Active,2026-08-31T00:08:51.695252+00:00
CAR,Nick Scott,21,S,5-11,200,31,8,Penn State,Active,2026-08-31T00:08:51.695252+00:00
CAR,Chau Smith-Wade,26,CB,5-11,176,23,3,Washington State,Active,2026-08-31T00:08:51.695252+00:00
CAR,Brycen Tremayne,87,WR,6-4,212,26,2,Stanford,Active,2026-08-31T00:08:51.695252+00:00
CAR,Tommy Tremble,82,TE,6-4,250,26,6,Notre Dame,Active,2026-08-31T00:08:51.695252+00:00
CAR,Princely Umanmielen,3,OLB,6-4,244,24,2,Mississippi,Active,2026-08-31T00:08:51.695252+00:00
CAR,Rasheed Walker,63,T,6-6,325,26,5,Penn State,Active,2026-08-31T00:08:51.695252+00:00
CAR,Darren Waller,35,TE,6-6,245,33,9,Georgia Tech,Active,2026-08-31T00:08:51.695252+00:00
CAR,Zakee Wheatley,38,S,6-3,203,24,R,Penn State,Active,2026-08-31T00:08:51.695252+00:00
CAR,Bryce Young,9,QB,5-10,204,25,4,Alabama,Active,2026-08-31T00:08:51.695252+00:00
CAR,Chandler Zavala,62,G,6-3,322,27,4,NC State,Active,2026-08-31T00:08:51.695252+00:00
CAR,Chris Brazzell II,19,WR,6-4,198,22,R,Tennessee,Reserve/Injured,2026-08-31T00:08:51.695252+00:00
CAR,Tyrek Funderburk,20,CB,6-0,185,25,2,Appalachian State,Reserve/Injured,2026-08-31T00:08:51.695252+00:00
CAR,Ryan Hayes,66,OT,6-7,305,26,1,Michigan,Reserve/Injured,2026-08-31T00:08:51.695252+00:00
CAR,Nic Scourton,11,OLB,6-2,257,22,2,Texas A&M,Reserve/Injured,2026-08-31T00:08:51.695252+00:00
CAR,Trevor Etienne,23,RB,5-8,198,22,2,Georgia,Reserve/Injured; Designated for Return,2026-08-31T00:08:51.695252+00:00
CAR,Bam Martin-Scott,54,LB,6-2,231,26,2,South Carolina,Reserve/Injured; Designated for Return,2026-08-31T00:08:51.695252+00:00
CAR,Taylor Moton,72,T,6-5,325,32,10,Western Michigan,Reserve/Non-Football Illness,2026-08-31T00:08:51.695252+00:00
CAR,Ikem Ekwonu,79,T,6-4,320,25,5,NC State,Reserve/Physically Unable to Perform,2026-08-31T00:08:51.695252+00:00
CAR,Tershawn Wharton,98,DT,6-1,280,28,7,Missouri-Rolla,Reserve/Physically Unable to Perform,2026-08-31T00:08:51.695252+00:00
CHI,Tyson Bagent,17,QB,6-3,212,26,4,Shepherd,Active,2026-08-31T00:08:51.695252+00:00
CHI,Theo Benedet,79,OL,6-7,304,24,2,University of British Columbia,Active,2026-08-31T00:08:51.695252+00:00
CHI,Josh Blackwell,39,DB,5-11,179,27,5,Duke,Active,2026-08-31T00:08:51.695252+00:00
CHI,Austin Booker,94,DL,6-6,245,23,3,Kansas,Active,2026-08-31T00:08:51.695252+00:00
CHI,Garrett Bradbury,67,OL,6-3,305,31,8,N.C. State,Active,2026-08-31T00:08:51.695252+00:00
CHI,Coby Bryant,2,DB,6-1,193,27,5,Cincinnati,Active,2026-08-31T00:08:51.695252+00:00
CHI,Luther Burden III,10,WR,6-0,210,22,2,Missouri,Active,2026-08-31T00:08:51.695252+00:00
CHI,Devin Bush,12,LB,5-11,234,28,8,Michigan,Active,2026-08-31T00:08:51.695252+00:00
CHI,T.J. Edwards,53,LB,6-0,228,30,8,Wisconsin,Active,2026-08-31T00:08:51.695252+00:00
CHI,Keyshaun Elliott,49,LB,6-1,233,22,R,Arizona State,Active,2026-08-31T00:08:51.695252+00:00
CHI,Neville Gallimore,90,DL,6-2,307,29,7,Oklahoma,Active,2026-08-31T00:08:51.695252+00:00
CHI,Beau Gardner,45,LS,6-5,249,24,R,Georgia,Active,2026-08-31T00:08:51.695252+00:00
CHI,Daniel Hardy,92,DL,6-2,255,27,4,Montana State,Active,2026-08-31T00:08:51.695252+00:00
CHI,Elijah Hicks,22,DB,5-11,204,28,5,California,Active,2026-08-31T00:08:51.695252+00:00
CHI,D'Marco Jackson,48,LB,6-1,233,28,5,Appalachian State,Active,2026-08-31T00:08:51.695252+00:00
CHI,Jonah Jackson,73,OL,6-3,319,29,7,Ohio State,Active,2026-08-31T00:08:51.695252+00:00
CHI,Grady Jarrett,50,DL,6-1,294,33,12,Clemson,Active,2026-08-31T00:08:51.695252+00:00
CHI,Jaylon Johnson,1,DB,6-0,195,27,7,Utah,Active,2026-08-31T00:08:51.695252+00:00
CHI,Roschon Johnson,23,RB,6-0,227,25,4,Texas,Active,2026-08-31T00:08:51.695252+00:00
CHI,Braxton Jones,70,OL,6-5,303,27,5,Southern Utah,Active,2026-08-31T00:08:51.695252+00:00
CHI,Logan Jones,54,OL,6-3,299,24,R,Iowa,Active,2026-08-31T00:08:51.695252+00:00
CHI,Case Keenum,11,QB,6-1,220,38,14,Houston,Active,2026-08-31T00:08:51.695252+00:00
CHI,Cole Kmet,85,TE,6-6,257,27,7,Notre Dame,Active,2026-08-31T00:08:51.695252+00:00
CHI,Jamree Kromah,59,DL,6-3,268,26,1,James Madison,Active,2026-08-31T00:08:51.695252+00:00
CHI,Hayden Large,43,TE,6-4,250,24,R,Iowa,Active,2026-08-31T00:08:51.695252+00:00
CHI,Cam Lewis,21,DB,5-9,183,29,7,Buffalo,Active,2026-08-31T00:08:51.695252+00:00
CHI,Colston Loveland,84,TE,6-6,241,22,2,Michigan,Active,2026-08-31T00:08:51.695252+00:00
CHI,Jayden Loving,91,DL,6-1,309,23,R,Wake Forest,Active,2026-08-31T00:08:51.695252+00:00
CHI,Jordan McFadden,74,OL,6-2,306,26,4,Clemson,Active,2026-08-31T00:08:51.695252+00:00
CHI,Kyle Monangai,25,RB,5-8,207,24,2,Rutgers,Active,2026-08-31T00:08:51.695252+00:00
CHI,Malik Muhammad II,24,DB,6-0,182,21,R,Texas,Active,2026-08-31T00:08:51.695252+00:00
CHI,Luke Newman,65,OL,6-3,308,24,2,Michigan State,Active,2026-08-31T00:08:51.695252+00:00
CHI,Dayo Odeyingbo,55,DL,6-5,282,26,6,Vanderbilt,Active,2026-08-31T00:08:51.695252+00:00
CHI,Rome Odunze,15,WR,6-3,214,24,3,Washington,Active,2026-08-31T00:08:51.695252+00:00
CHI,Clark Phillips III,,DB,5-10,183,24,4,Utah,Active,2026-08-31T00:08:51.695252+00:00
CHI,Kalif Raymond,14,WR,5-9,160,32,10,Holy Cross,Active,2026-08-31T00:08:51.695252+00:00
CHI,Sam Roush,87,TE,6-5,267,22,R,Stanford,Active,2026-08-31T00:08:51.695252+00:00
CHI,Cairo Santos,8,K,5-8,173,34,13,Tulane,Active,2026-08-31T00:08:51.695252+00:00
CHI,Tyrique Stevenson,29,DB,6-0,212,26,4,Miami,Active,2026-08-31T00:08:51.695252+00:00
CHI,Kentavius Street,93,DL,6-2,315,30,8,N.C. State,Active,2026-08-31T00:08:51.695252+00:00
CHI,Montez Sweat,98,DL,6-6,270,29,8,Mississippi State,Active,2026-08-31T00:08:51.695252+00:00
CHI,D'Andre Swift,4,RB,5-8,204,27,7,Georgia,Active,2026-08-31T00:08:51.695252+00:00
CHI,Tory Taylor,19,P,6-4,225,29,3,Iowa,Active,2026-08-31T00:08:51.695252+00:00
CHI,Dillon Thieneman,31,DB,6-0,201,22,R,Oregon,Active,2026-08-31T00:08:51.695252+00:00
CHI,Skyler Thomas,38,DB,6-2,191,22,R,Oregon State,Active,2026-08-31T00:08:51.695252+00:00
CHI,Zavion Thomas,81,WR,5-10,190,22,R,LSU,Active,2026-08-31T00:08:51.695252+00:00
CHI,Joe Thuney,62,OL,6-5,301,33,11,N.C. State,Active,2026-08-31T00:08:51.695252+00:00
CHI,Ozzy Trapilo,75,OL,6-8,312,24,2,Boston College,Active,2026-08-31T00:08:51.695252+00:00
CHI,Jordan van den Berg,96,DL,6-3,310,24,R,Georgia Tech,Active,2026-08-31T00:08:51.695252+00:00
CHI,Jahdae Walker,9,WR,6-3,206,24,2,Texas A&M,Active,2026-08-31T00:08:51.695252+00:00
CHI,Caleb Williams,18,QB,6-1,226,24,3,USC,Active,2026-08-31T00:08:51.695252+00:00
CHI,Xavier Woods,23,DB,5-11,202,31,10,Louisiana Tech,Active,2026-08-31T00:08:51.695252+00:00
CHI,Darnell Wright,58,OL,6-5,325,25,4,Tennessee,Active,2026-08-31T00:08:51.695252+00:00
CHI,Brittain Brown,38,RB,6-1,205,28,3,UCLA,Reserve/Injured,2026-08-31T00:08:51.695252+00:00
CHI,Tony Fields II,43,LB,6-1,220,27,5,West Virginia,Reserve/Injured,2026-08-31T00:08:51.695252+00:00
CHI,Dallis Flowers,37,DB,6-1,196,29,4,Pittsburg State (KS),Reserve/Injured,2026-08-31T00:08:51.695252+00:00
CHI,Jonathan Garvin,52,DL,6-4,257,27,4,Miami,Reserve/Injured,2026-08-31T00:08:51.695252+00:00
CHI,Jaylon Jones,33,DB,5-11,190,28,5,Mississippi,Reserve/Injured,2026-08-31T00:08:51.695252+00:00
CHI,Nikola Kalinic,86,TE,6-4,248,29,2,York,Reserve/Injured,2026-08-31T00:08:51.695252+00:00
CHI,Ray-Ray McCloud III,26,WR,5-9,190,29,9,Clemson,Reserve/Injured,2026-08-31T00:08:51.695252+00:00
CHI,Nephi Sewell,45,LB,6-0,228,27,3,Utah,Reserve/Injured,2026-08-31T00:08:51.695252+00:00
CHI,Kyler Gordon,6,DB,5-11,200,26,5,Washington,Reserve/Physically Unable to Perform,2026-08-31T00:08:51.695252+00:00
CHI,Noah Sewell,44,LB,6-1,246,24,4,Oregon,Reserve/Physically Unable to Perform,2026-08-31T00:08:51.695252+00:00
CHI,Shemar Turner,95,DL,6-3,293,23,2,Texas A&M,Reserve/Physically Unable to Perform,2026-08-31T00:08:51.695252+00:00
CIN,Erick All Jr.,83,TE,6-5,255,25,3,Iowa,Active,2026-08-31T00:08:51.695252+00:00
CIN,Jonathan Allen,93,DT,6-3,300,31,10,Alabama,Active,2026-08-31T00:08:51.695252+00:00
CIN,Jordan Battle,27,S,6-1,215,25,4,Alabama,Active,2026-08-31T00:08:51.695252+00:00
CIN,Jacob Bayer,69,C,6-3,310,23,1,Arkansas State,Active,2026-08-31T00:08:51.695252+00:00
CIN,Swayze Bozeman,47,LB,6-2,225,27,2,Southern Mississippi,Active,2026-08-31T00:08:51.695252+00:00
CIN,Tahj Brooks,25,HB,5-9,220,24,2,Texas Tech,Active,2026-08-31T00:08:51.695252+00:00
CIN,Chase Brown,30,HB,5-10,210,26,4,Illinois,Active,2026-08-31T00:08:51.695252+00:00
CIN,Orlando Brown Jr.,75,OT,6-8,350,30,9,Oklahoma,Active,2026-08-31T00:08:51.695252+00:00
CIN,Oren Burks,42,LB,6-3,233,31,9,Vanderbilt,Active,2026-08-31T00:08:51.695252+00:00
CIN,Joe Burrow,9,QB,6-4,215,29,7,LSU,Active,2026-08-31T00:08:51.695252+00:00
CIN,Barrett Carter,49,LB,6-0,231,23,2,Clemson,Active,2026-08-31T00:08:51.695252+00:00
CIN,Ja'Marr Chase,1,WR,6-0,205,26,6,LSU,Active,2026-08-31T00:08:51.695252+00:00
CIN,Bryan Cook,6,S,6-1,210,26,5,Cincinnati,Active,2026-08-31T00:08:51.695252+00:00
CIN,Jalen Davis,35,CB,5-10,186,30,6,Utah State,Active,2026-08-31T00:08:51.695252+00:00
CIN,Tacario Davis,20,CB,6-4,194,22,R,Washington,Active,2026-08-31T00:08:51.695252+00:00
CIN,Kyle Dugger,29,S,6-1,216,30,7,Lenoir Rhyne,Active,2026-08-31T00:08:51.695252+00:00
CIN,Jack Endries,84,TE,6-5,245,22,R,Texas,Active,2026-08-31T00:08:51.695252+00:00
CIN,Dylan Fairchild,63,G,6-5,318,23,2,Georgia,Active,2026-08-31T00:08:51.695252+00:00
CIN,Joe Flacco,16,QB,6-6,245,41,19,Delaware,Active,2026-08-31T00:08:51.695252+00:00
CIN,Javon Foster,73,OT,6-5,319,26,2,Missouri,Active,2026-08-31T00:08:51.695252+00:00
CIN,Mike Gesicki,88,TE,6-6,245,30,9,Penn State,Active,2026-08-31T00:08:51.695252+00:00
CIN,Tee Higgins,5,WR,6-4,220,27,7,Clemson,Active,2026-08-31T00:08:51.695252+00:00
CIN,B.J. Hill,92,DT,6-3,311,31,9,NC State,Active,2026-08-31T00:08:51.695252+00:00
CIN,Dax Hill,23,CB,6-0,195,25,5,Michigan,Active,2026-08-31T00:08:51.695252+00:00
CIN,Cashius Howell,55,DE,6-3,255,23,R,Texas A&M,Active,2026-08-31T00:08:51.695252+00:00
CIN,Tanner Hudson,87,TE,6-5,241,31,7,Southern Arkansas,Active,2026-08-31T00:08:51.695252+00:00
CIN,Andrei Iosivas,80,WR,6-3,210,26,4,Princeton,Active,2026-08-31T00:08:51.695252+00:00
CIN,DJ Ivey,38,CB,6-1,192,26,4,Miami,Active,2026-08-31T00:08:51.695252+00:00
CIN,Kris Jenkins Jr.,90,DT,6-3,310,24,3,Michigan,Active,2026-08-31T00:08:51.695252+00:00
CIN,Cedric Johnson,52,DE,6-3,264,23,3,Mississippi,Active,2026-08-31T00:08:51.695252+00:00
CIN,PJ Jules,37,S,6-0,203,25,2,Southern Illinois,Active,2026-08-31T00:08:51.695252+00:00
CIN,Ted Karras,64,C,6-4,310,33,11,Illinois,Active,2026-08-31T00:08:51.695252+00:00
CIN,Demetrius Knight Jr.,44,LB,6-2,240,26,2,South Carolina,Active,2026-08-31T00:08:51.695252+00:00
CIN,Dexter Lawrence II,97,DT,6-5,350,28,8,Clemson,Active,2026-08-31T00:08:51.695252+00:00
CIN,Connor Lew,65,C,6-4,310,21,R,Auburn,Active,2026-08-31T00:08:51.695252+00:00
CIN,Boye Mafe,53,DE,6-4,265,27,5,Minnesota,Active,2026-08-31T00:08:51.695252+00:00
CIN,Evan McPherson,2,K,5-11,185,27,6,Florida,Active,2026-08-31T00:08:51.695252+00:00
CIN,Dohnte Meyers,81,WR,5-11,186,26,1,Delta State University,Active,2026-08-31T00:08:51.695252+00:00
CIN,Amarius Mims,71,OT,6-8,350,23,3,Georgia,Active,2026-08-31T00:08:51.695252+00:00
CIN,Myles Murphy,99,DE,6-5,275,24,4,Clemson,Active,2026-08-31T00:08:51.695252+00:00
CIN,Josh Newton,28,CB,5-11,190,25,3,TCU,Active,2026-08-31T00:08:51.695252+00:00
CIN,Samaje Perine,34,HB,5-11,240,30,10,Oklahoma,Active,2026-08-31T00:08:51.695252+00:00
CIN,Ryan Rehkow,8,P,6-4,235,27,3,BYU,Active,2026-08-31T00:08:51.695252+00:00
CIN,Dalton Risner,66,G,6-5,312,31,8,Kansas State,Active,2026-08-31T00:08:51.695252+00:00
CIN,Jalen Rivers,74,G,6-5,319,23,2,Miami,Active,2026-08-31T00:08:51.695252+00:00
CIN,Landon Robinson,96,DT,6-0,295,23,R,Navy,Active,2026-08-31T00:08:51.695252+00:00
CIN,Drew Sample,89,TE,6-5,260,30,8,Washington,Active,2026-08-31T00:08:51.695252+00:00
CIN,T.J. Slaton Jr.,98,DT,6-5,340,28,6,Florida,Active,2026-08-31T00:08:51.695252+00:00
CIN,Shemar Stewart,94,DE,6-5,267,22,2,Texas A&M,Active,2026-08-31T00:08:51.695252+00:00
CIN,DJ Turner II,0,CB,5-11,185,25,4,Michigan,Active,2026-08-31T00:08:51.695252+00:00
CIN,William Wagner,46,LS,6-2,240,25,2,Michigan,Active,2026-08-31T00:08:51.695252+00:00
CIN,Ke'Shawn Williams,12,WR,5-9,189,24,2,Indiana,Active,2026-08-31T00:08:51.695252+00:00
CIN,Colbie Young,86,WR,6-4,218,24,R,Georgia,Active,2026-08-31T00:08:51.695252+00:00
CIN,Brian Parker II,62,G,6-5,310,22,R,Duke,Reserve/Injured,2026-08-31T00:08:51.695252+00:00
CIN,Ja'Sir Taylor,26,CB,5-11,185,27,5,Wake Forest,Reserve/Injured,2026-08-31T00:08:51.695252+00:00
CLE,Austin Barber,58,T,6-7,320,23,R,Florida,Active,2026-08-31T00:08:51.695252+00:00
CLE,Derek Barnett,50,DE,6-3,260,30,10,Tennessee,Active,2026-08-31T00:08:51.695252+00:00
CLE,Mekhi Blackmon,30,CB,5-11,178,27,4,USC,Active,2026-08-31T00:08:51.695252+00:00
CLE,Corey Bojorquez,13,P,6-0,217,29,9,New Mexico,Active,2026-08-31T00:08:51.695252+00:00
CLE,Isaiah Bond,0,WR,5-11,180,22,2,Texas,Active,2026-08-31T00:08:51.695252+00:00
CLE,Denzel Boston,12,WR,6-4,215,22,R,Washington,Active,2026-08-31T00:08:51.695252+00:00
CLE,Parker Brailsford,52,C,6-2,290,22,R,Alabama,Active,2026-08-31T00:08:51.695252+00:00
CLE,Michael Burton,34,FB,6-0,247,34,12,Rutgers,Active,2026-08-31T00:08:51.695252+00:00
CLE,Tyson Campbell,7,CB,6-1,195,26,6,Georgia,Active,2026-08-31T00:08:51.695252+00:00
CLE,Michael Coats Jr.,39,CB,5-9,184,25,R,West Virginia,Active,2026-08-31T00:08:51.695252+00:00
CLE,Maliek Collins,96,DT,6-2,310,31,11,Nebraska,Active,2026-08-31T00:08:51.695252+00:00
CLE,KC Concepcion,1,WR,6-0,190,21,R,Texas A&M,Active,2026-08-31T00:08:51.695252+00:00
CLE,Malachi Corley,83,WR,5-11,215,24,3,Western Kentucky,Active,2026-08-31T00:08:51.695252+00:00
CLE,Kalia Davis,93,DT,6-2,310,27,5,UCF,Active,2026-08-31T00:08:51.695252+00:00
CLE,Grant Delpit,9,S,6-3,208,27,7,LSU,Active,2026-08-31T00:08:51.695252+00:00
CLE,Harold Fannin Jr.,44,TE,6-4,241,22,2,Bowling Green,Active,2026-08-31T00:08:51.695252+00:00
CLE,Spencer Fano,55,T,6-6,315,21,R,Utah,Active,2026-08-31T00:08:51.695252+00:00
CLE,Mason Graham,94,DT,6-4,315,22,2,Michigan,Active,2026-08-31T00:08:51.695252+00:00
CLE,Taylen Green,15,QB,6-6,230,23,R,Arkansas,Active,2026-08-31T00:08:51.695252+00:00
CLE,Mike Hall Jr.,51,DT,6-3,300,23,3,Ohio State,Active,2026-08-31T00:08:51.695252+00:00
CLE,Myles Harden,26,CB,5-11,195,24,3,South Dakota,Active,2026-08-31T00:08:51.695252+00:00
CLE,Ronnie Hickman,33,S,6-1,209,24,4,Ohio State,Active,2026-08-31T00:08:51.695252+00:00
CLE,Tytus Howard,71,T,6-5,320,30,8,Alabama State,Active,2026-08-31T00:08:51.695252+00:00
CLE,Adin Huntington,98,DE,6-1,281,24,2,Tulane,Active,2026-08-31T00:08:51.695252+00:00
CLE,Justin Jefferson,17,LB,6-0,223,23,R,Alabama,Active,2026-08-31T00:08:51.695252+00:00
CLE,Elgton Jenkins,74,C/G,6-5,310,30,8,Mississippi State,Active,2026-08-31T00:08:51.695252+00:00
CLE,Teven Jenkins,78,G,6-6,321,28,6,Oklahoma State,Active,2026-08-31T00:08:51.695252+00:00
CLE,Jerry Jeudy,3,WR,6-1,195,27,7,Alabama,Active,2026-08-31T00:08:51.695252+00:00
CLE,Zion Johnson,77,G,6-3,315,26,5,Boston College,Active,2026-08-31T00:08:51.695252+00:00
CLE,Dawand Jones,79,T,6-8,374,25,4,Ohio State,Active,2026-08-31T00:08:51.695252+00:00
CLE,Quinshon Judkins,10,RB,6-0,221,22,2,Ohio State,Active,2026-08-31T00:08:51.695252+00:00
CLE,Easton Mascarenas-Arnold,42,LB,5-11,227,23,2,USC,Active,2026-08-31T00:08:51.695252+00:00
CLE,Isaiah McGuire,57,DE,6-4,268,25,4,Missouri,Active,2026-08-31T00:08:51.695252+00:00
CLE,Donovan McMillon,31,S,6-2,203,24,2,Pittsburgh,Active,2026-08-31T00:08:51.695252+00:00
CLE,Emmanuel McNeil-Warren,28,S,6-3,210,22,R,Toledo,Active,2026-08-31T00:08:51.695252+00:00
CLE,Julian Okwara,99,DE,6-4,250,28,6,Notre Dame,Active,2026-08-31T00:08:51.695252+00:00
CLE,Winston Reid,59,LB,6-0,225,27,3,Weber State,Active,2026-08-31T00:08:51.695252+00:00
CLE,Carsen Ryan,48,TE,6-3,255,23,R,BYU,Active,2026-08-31T00:08:51.695252+00:00
CLE,Dylan Sampson,22,RB,5-8,200,21,2,Tennessee,Active,2026-08-31T00:08:51.695252+00:00
CLE,Raheim Sanders,35,RB,6-0,230,24,2,South Carolina,Active,2026-08-31T00:08:51.695252+00:00
CLE,Shedeur Sanders,2,QB,6-2,212,24,2,Colorado,Active,2026-08-31T00:08:51.695252+00:00
CLE,Carson Schwesinger,49,LB,6-3,242,23,2,UCLA,Active,2026-08-31T00:08:51.695252+00:00
CLE,Rex Sunahara,50,LS,6-6,242,29,3,West Virginia,Active,2026-08-31T00:08:51.695252+00:00
CLE,Andre Szmyt,25,K,6-0,200,27,2,Syracuse,Active,2026-08-31T00:08:51.695252+00:00
CLE,Daniel Thomas,24,S,5-10,215,28,7,Auburn,Active,2026-08-31T00:08:51.695252+00:00
CLE,Jared Verse,8,DE,6-4,260,25,3,Florida State,Active,2026-08-31T00:08:51.695252+00:00
CLE,Tylan Wallace,16,WR,5-11,200,27,6,Oklahoma State,Active,2026-08-31T00:08:51.695252+00:00
CLE,Denzel Ward,21,CB,5-11,190,29,9,Ohio State,Active,2026-08-31T00:08:51.695252+00:00
CLE,Deshaun Watson,4,QB,6-3,223,30,10,Clemson,Active,2026-08-31T00:08:51.695252+00:00
CLE,Blake Whiteheart,86,TE,6-4,250,26,4,Wake Forest,Active,2026-08-31T00:08:51.695252+00:00
CLE,Quincy Williams,5,LB,5-11,230,30,8,Murray State,Active,2026-08-31T00:08:51.695252+00:00
CLE,Luke Wypler,56,C,6-3,303,25,4,Ohio State,Active,2026-08-31T00:08:51.695252+00:00
CLE,Zak Zinter,70,G,6-6,310,25,3,Michigan,Active,2026-08-31T00:08:51.695252+00:00
CLE,Dillon Gabriel,6,QB,5-11,205,25,2,Oregon,Reserve/Injured,2026-08-31T00:08:51.695252+00:00
CLE,Kendrick Green,53,G,6-4,315,27,5,Illinois,Reserve/Injured,2026-08-31T00:08:51.695252+00:00
CLE,Damarri Mathis,37,CB,5-11,195,27,5,Pittsburgh,Reserve/Injured,2026-08-31T00:08:51.695252+00:00
CLE,Jamari Thrash,80,WR,6-0,190,25,3,Louisville,Reserve/Injured,2026-08-31T00:08:51.695252+00:00
CLE,Alex Wright,91,DE,6-5,267,25,5,UAB,Reserve/Injured,2026-08-31T00:08:51.695252+00:00
CLE,Joe Royer,18,TE,6-5,250,24,R,Cincinnati,Reserve/Non-Football Illness,2026-08-31T00:08:51.695252+00:00
CLE,Jeremiah Owusu-Koramoah,6,LB,6-2,221,26,6,Notre Dame,Reserve/Physically Unable to Perform,2026-08-31T00:08:51.695252+00:00
DAL,Bryan Anger,5,P,6-3,214,37,15,California,Active,2026-08-31T00:08:51.695252+00:00
DAL,Brandon Aubrey,17,K,6-3,218,31,4,Notre Dame,Active,2026-08-31T00:08:51.695252+00:00
DAL,Jaishawn Barham,55,LB,6-2,240,22,R,Michigan,Active,2026-08-31T00:08:51.695252+00:00
DAL,T.J. Bass,66,G,6-4,320,27,4,Oregon,Active,2026-08-31T00:08:51.695252+00:00
DAL,Cooper Beebe,56,C,6-3,320,25,3,Kansas State,Active,2026-08-31T00:08:51.695252+00:00
DAL,Markquese Bell,14,S,6-2,215,27,5,Florida A&M,Active,2026-08-31T00:08:51.695252+00:00
DAL,DaRon Bland,26,CB,6-2,202,27,5,Fresno State,Active,2026-08-31T00:08:51.695252+00:00
DAL,Tyler Booker,52,G,6-5,330,22,2,Alabama,Active,2026-08-31T00:08:51.695252+00:00
DAL,Camden Brown,6,WR,6-2,204,22,R,Georgia Southern,Active,2026-08-31T00:08:51.695252+00:00
DAL,Jonathan Bullard,98,DT,6-3,290,32,11,Florida,Active,2026-08-31T00:08:51.695252+00:00
DAL,Caelen Carson,21,CB,6-0,198,24,3,Wake Forest,Active,2026-08-31T00:08:51.695252+00:00
DAL,Alijah Clark,38,S,6-1,200,23,2,Syracuse,Active,2026-08-31T00:08:51.695252+00:00
DAL,Kenny Clark,97,DT,6-3,314,30,11,UCLA,Active,2026-08-31T00:08:51.695252+00:00
DAL,Ajani Cornelius,65,T,6-5,318,24,2,Oregon,Active,2026-08-31T00:08:51.695252+00:00
DAL,Malik Davis,20,RB,5-10,205,27,3,Florida,Active,2026-08-31T00:08:51.695252+00:00
DAL,Caleb Downs,13,DB,6-0,210,21,R,Ohio State,Active,2026-08-31T00:08:51.695252+00:00
DAL,Cobie Durant,2,CB,5-11,187,28,5,South Carolina State,Active,2026-08-31T00:08:51.695252+00:00
DAL,Donovan Ezeiruaku,6,OLB,6-2,255,23,2,Boston College,Active,2026-08-31T00:08:51.695252+00:00
DAL,Jake Ferguson,87,TE,6-5,250,27,5,Wisconsin,Active,2026-08-31T00:08:51.695252+00:00
DAL,Ryan Flournoy,19,WR,6-1,205,26,3,Southeast Missouri State,Active,2026-08-31T00:08:51.695252+00:00
DAL,Rashan Gary,7,OLB,6-5,275,28,8,Michigan,Active,2026-08-31T00:08:51.695252+00:00
DAL,Tyler Guyton,60,T,6-7,325,24,3,Oklahoma,Active,2026-08-31T00:08:51.695252+00:00
DAL,Malik Hooker,24,S,6-1,215,30,10,Ohio State,Active,2026-08-31T00:08:51.695252+00:00
DAL,James Houston,41,OLB,6-1,248,27,5,Jackson State University,Active,2026-08-31T00:08:51.695252+00:00
DAL,Sam Howell,16,QB,6-1,225,25,5,North Carolina,Active,2026-08-31T00:08:51.695252+00:00
DAL,Shemar James,50,LB,6-1,235,22,2,Florida,Active,2026-08-31T00:08:51.695252+00:00
DAL,CeeDee Lamb,88,WR,6-2,198,27,7,Oklahoma,Active,2026-08-31T00:08:51.695252+00:00
DAL,Malachi Lawrence,57,OLB,6-4,253,23,R,UCF,Active,2026-08-31T00:08:51.695252+00:00
DAL,P.J. Locke,1,S,5-10,205,29,7,Texas,Active,2026-08-31T00:08:51.695252+00:00
DAL,Hunter Luepke,40,FB,6-1,250,26,4,North Dakota State,Active,2026-08-31T00:08:51.695252+00:00
DAL,Von Miller,40,OLB,6-3,245,37,16,Texas A&M,Active,2026-08-31T00:08:51.695252+00:00
DAL,Joe Milton III,10,QB,6-5,236,26,3,Tennessee,Active,2026-08-31T00:08:51.695252+00:00
DAL,Jonathan Mingo,81,WR,6-2,225,25,4,Mississippi,Active,2026-08-31T00:08:51.695252+00:00
DAL,Otito Ogbonnia,91,DT,6-4,320,26,5,UCLA,Active,2026-08-31T00:08:51.695252+00:00
DAL,DeMarvion Overshown,0,LB,6-3,235,26,4,Texas,Active,2026-08-31T00:08:51.695252+00:00
DAL,LT Overton,99,DT,6-3,274,21,R,Alabama,Active,2026-08-31T00:08:51.695252+00:00
DAL,George Pickens,3,WR,6-3,205,25,5,Georgia,Active,2026-08-31T00:08:51.695252+00:00
DAL,Dak Prescott,4,QB,6-2,230,33,11,Mississippi State,Active,2026-08-31T00:08:51.695252+00:00
DAL,Shavon Revel Jr.,28,CB,6-2,198,24,2,East Carolina,Active,2026-08-31T00:08:51.695252+00:00
DAL,Luke Schoonmaker,86,TE,6-5,250,27,4,Michigan,Active,2026-08-31T00:08:51.695252+00:00
DAL,Drew Shelton,67,T,6-5,313,22,R,Penn State,Active,2026-08-31T00:08:51.695252+00:00
DAL,Trent Sieg,44,LS,6-3,255,31,9,Colorado State,Active,2026-08-31T00:08:51.695252+00:00
DAL,Tyler Smith,73,G,6-5,328,25,5,Tulsa,Active,2026-08-31T00:08:51.695252+00:00
DAL,Brevyn Spann-Ford,89,TE,6-6,265,26,3,Minnesota,Active,2026-08-31T00:08:51.695252+00:00
DAL,Ameer Speed,39,CB,6-3,215,26,3,Michigan State,Active,2026-08-31T00:08:51.695252+00:00
DAL,Terence Steele,78,T,6-6,320,29,7,Texas Tech,Active,2026-08-31T00:08:51.695252+00:00
DAL,Nate Thomas,71,T,6-5,330,25,3,Louisiana-Lafayette,Active,2026-08-31T00:08:51.695252+00:00
DAL,Jalen Thompson,34,S,5-11,190,28,8,Washington State,Active,2026-08-31T00:08:51.695252+00:00
DAL,KaVontae Turpin,9,WR,5-7,158,30,5,TCU,Active,2026-08-31T00:08:51.695252+00:00
DAL,Tyrus Wheat,90,OLB,6-2,260,26,4,Mississippi State,Active,2026-08-31T00:08:51.695252+00:00
DAL,Javonte Williams,33,RB,5-10,222,26,6,North Carolina,Active,2026-08-31T00:08:51.695252+00:00
DAL,Quinnen Williams,92,DT,6-3,303,28,8,Alabama,Active,2026-08-31T00:08:51.695252+00:00
DAL,Dee Winters,53,LB,5-11,227,25,4,TCU,Active,2026-08-31T00:08:51.695252+00:00
DAL,Marist Liufau,35,OLB,6-2,238,25,3,Notre Dame,Reserve/Designated to Return,2026-08-31T00:08:51.695252+00:00
DAL,Devin Moore,29,CB,6-3,198,22,R,Florida,Reserve/Designated to Return,2026-08-31T00:08:51.695252+00:00
DAL,Princeton Fant,85,TE,6-2,245,27,2,Tennessee,Reserve/Injured,2026-08-31T00:08:51.695252+00:00
DAL,Kelvin Gilliam,94,DT,6-2,296,23,R,Virginia Tech,Reserve/Injured,2026-08-31T00:08:51.695252+00:00
DAL,Matt Hennessy,72,OL,6-3,315,28,7,Temple,Reserve/Injured,2026-08-31T00:08:51.695252+00:00
DAL,Israel Abanikanda,30,RB,5-10,217,23,3,Pittsburgh,Waivers/No Recall,2026-08-31T00:08:51.695252+00:00
DAL,Justin Barron,45,LB,6-4,235,24,1,Syracuse,Waivers/No Recall,2026-08-31T00:08:51.695252+00:00
DAL,Jaydon Blue,23,RB,5-9,198,22,2,Texas,Waivers/No Recall,2026-08-31T00:08:51.695252+00:00
DAL,Trikweze Bridges,25,CB,6-2,200,25,2,Florida,Waivers/No Recall,2026-08-31T00:08:51.695252+00:00
DAL,Josh Butler,31,CB,6-0,192,29,3,Michigan State,Waivers/No Recall,2026-08-31T00:08:51.695252+00:00
DAL,Zion Childress,48,CB,5-11,203,24,1,Kentucky,Waivers/No Recall,2026-08-31T00:08:51.695252+00:00
DAL,Jashaun Corbin,36,RB,5-11,203,26,2,Florida State,Waivers/No Recall,2026-08-31T00:08:51.695252+00:00
DAL,Tommy Dunn,95,DT,6-3,291,23,R,Kansas,Waivers/No Recall,2026-08-31T00:08:51.695252+00:00
DAL,Chris Glaser,68,G,6-4,306,26,2,Virginia,Waivers/No Recall,2026-08-31T00:08:51.695252+00:00
DAL,Sebastian Gutierrez,61,G,6-6,295,28,1,Minot State University,Waivers/No Recall,2026-08-31T00:08:51.695252+00:00
DAL,Jordan Hudson,18,WR,6-1,199,22,R,SMU,Waivers/No Recall,2026-08-31T00:08:51.695252+00:00
DAL,Marcellus Johnson,79,T,6-4,307,26,1,Missouri,Waivers/No Recall,2026-08-31T00:08:51.695252+00:00
DAL,Trevor Keegan,77,G,6-6,320,26,3,Michigan,Waivers/No Recall,2026-08-31T00:08:51.695252+00:00
DAL,Zack Kuntz,47,TE,6-8,251,27,1,Old Dominion,Waivers/No Recall,2026-08-31T00:08:51.695252+00:00
DAL,Isaiah Land,58,OLB,6-3,245,26,3,Florida A&M,Waivers/No Recall,2026-08-31T00:08:51.695252+00:00
DAL,Phil Mafah,37,RB,6-1,232,23,2,Clemson,Waivers/No Recall,2026-08-31T00:08:51.695252+00:00
DAL,Adedayo Odeleye,96,DT,6-5,283,28,1,Loughborough (UK),Waivers/No Recall,2026-08-31T00:08:51.695252+00:00
DAL,Langston Patterson,47,LB,6-0,229,23,R,Vanderbilt,Waivers/No Recall,2026-08-31T00:08:51.695252+00:00
DAL,Shiyazh Pete,75,OL,6-9,309,23,R,Kentucky,Waivers/No Recall,2026-08-31T00:08:51.695252+00:00
DAL,DJ Rogers,49,TE,6-4,245,24,R,TCU,Waivers/No Recall,2026-08-31T00:08:51.695252+00:00
DAL,Anthony Smith,83,WR,6-2,197,24,R,East Carolina,Waivers/No Recall,2026-08-31T00:08:51.695252+00:00
DAL,Jaden Smith,17,WR,6-6,210,24,2,Nevada,Waivers/No Recall,2026-08-31T00:08:51.695252+00:00
DAL,Reddy Steward,27,CB,5-11,178,25,2,Troy,Waivers/No Recall,2026-08-31T00:08:51.695252+00:00
DAL,Jay Toia,93,DT,6-2,340,23,2,UCLA,Waivers/No Recall,2026-08-31T00:08:51.695252+00:00
DAL,Michael Trigg,46,TE,6-4,240,24,R,Baylor,Waivers/No Recall,2026-08-31T00:08:51.695252+00:00
DAL,Mitch Van Vooren,--,TE,6-5,255,25,1,St Norbert College,Waivers/No Recall,2026-08-31T00:08:51.695252+00:00
DAL,DJ Wingfield,64,OL,6-4,316,25,R,USC,Waivers/No Recall,2026-08-31T00:08:51.695252+00:00
DAL,DJ Withers,59,DT,6-4,294,23,R,Kansas,Waivers/No Recall,2026-08-31T00:08:51.695252+00:00
DAL,Julius Wood,32,S,6-1,193,25,2,East Carolina,Waivers/No Recall,2026-08-31T00:08:51.695252+00:00
DAL,Tyler Johnson,15,WR,6-1,208,28,6,Minnesota,Cut,2026-08-31T00:08:51.695252+00:00
DAL,Derion Kendrick,15,CB,6-0,205,26,5,Georgia,Cut,2026-08-31T00:08:51.695252+00:00
DAL,Nick Leverett,51,OL,6-3,310,28,5,Rice,Cut,2026-08-31T00:08:51.695252+00:00
DAL,Denzel Mims,84,WR,6-3,207,28,4,Baylor,Cut,2026-08-31T00:08:51.695252+00:00
DAL,Curtis Robinson,42,LB,6-3,235,28,4,Stanford,Cut,2026-08-31T00:08:51.695252+00:00
DAL,Marquez Valdes-Scantling,11,WR,6-4,212,31,9,University of South Florida,Cut,2026-08-31T00:08:51.695252+00:00
DAL,Sam Williams,54,OLB,6-4,260,27,5,Mississippi,Cut,2026-08-31T00:08:51.695252+00:00
DEN,Kris Abrams-Draine,31,CB,5-11,178,24,3,Missouri,Active,2026-08-31T00:08:51.695252+00:00
DEN,Nate Adkins,45,TE,6-3,252,27,4,South Carolina,Active,2026-08-31T00:08:51.695252+00:00
DEN,Zach Allen,99,DL,6-5,285,29,8,Boston College,Active,2026-08-31T00:08:51.695252+00:00
DEN,Tycen Anderson,6,S,6-2,210,27,5,Toledo,Active,2026-08-31T00:08:51.695252+00:00
DEN,Tyler Badie,28,RB,5-8,197,27,3,Missouri,Active,2026-08-31T00:08:51.695252+00:00
DEN,Jahdae Barron,23,CB,5-11,200,24,2,Texas,Active,2026-08-31T00:08:51.695252+00:00
DEN,Dallen Bentley,89,TE,6-4,253,25,R,Utah,Active,2026-08-31T00:08:51.695252+00:00
DEN,Garett Bolles,72,T,6-5,300,34,10,Utah,Active,2026-08-31T00:08:51.695252+00:00
DEN,Nik Bonitto,15,OLB,6-3,240,26,5,Oklahoma,Active,2026-08-31T00:08:51.695252+00:00
DEN,Pat Bryant,13,WR,6-2,204,23,2,Illinois,Active,2026-08-31T00:08:51.695252+00:00
DEN,Kage Casey,78,OL,6-5,310,22,R,Boise State,Active,2026-08-31T00:08:51.695252+00:00
DEN,Jonah Coleman,20,RB,5-8,220,23,R,Washington,Active,2026-08-31T00:08:51.695252+00:00
DEN,Jeremy Crawshaw,16,P,6-3,205,25,2,Florida,Active,2026-08-31T00:08:51.695252+00:00
DEN,J.K. Dobbins,27,RB,5-10,212,27,7,Ohio State,Active,2026-08-31T00:08:51.695252+00:00
DEN,Sam Ehlinger,4,QB,6-1,222,27,6,Texas,Active,2026-08-31T00:08:51.695252+00:00
DEN,Jonah Elliss,52,OLB,6-2,246,23,3,Utah,Active,2026-08-31T00:08:51.695252+00:00
DEN,Evan Engram,1,TE,6-3,240,31,10,Mississippi,Active,2026-08-31T00:08:51.695252+00:00
DEN,Alex Forsyth,54,C,6-4,312,27,4,Oregon,Active,2026-08-31T00:08:51.695252+00:00
DEN,Troy Franklin,11,WR,6-3,180,23,3,Oregon,Active,2026-08-31T00:08:51.695252+00:00
DEN,RJ Harvey,12,RB,5-8,205,25,2,UCF,Active,2026-08-31T00:08:51.695252+00:00
DEN,Talanoa Hufanga,9,S,6-0,200,26,6,USC,Active,2026-08-31T00:08:51.695252+00:00
DEN,Lil'Jordan Humphrey,5,WR,6-4,225,28,7,Texas,Active,2026-08-31T00:08:51.695252+00:00
DEN,Jordan Jackson,94,DL,6-4,294,28,3,Air Force,Active,2026-08-31T00:08:51.695252+00:00
DEN,Brandon Jones,22,S,6-0,191,28,7,Texas,Active,2026-08-31T00:08:51.695252+00:00
DEN,D.J. Jones,93,DT,6-0,305,31,10,Mississippi,Active,2026-08-31T00:08:51.695252+00:00
DEN,Sai'vion Jones,95,DE,6-5,289,23,2,LSU,Active,2026-08-31T00:08:51.695252+00:00
DEN,Devon Key,26,DB,6-0,208,28,3,Western Kentucky,Active,2026-08-31T00:08:51.695252+00:00
DEN,Wil Lutz,3,K,5-11,184,32,11,Georgia State,Active,2026-08-31T00:08:51.695252+00:00
DEN,Mike McGlinchey,69,T,6-8,315,31,9,Notre Dame,Active,2026-08-31T00:08:51.695252+00:00
DEN,Ja'Quan McMillian,29,CB,5-10,183,26,4,East Carolina,Active,2026-08-31T00:08:51.695252+00:00
DEN,Quinn Meinerz,77,G/C,6-3,320,27,6,Wisconsin-Whitewater,Active,2026-08-31T00:08:51.695252+00:00
DEN,Marvin Mims Jr.,19,WR,5-11,182,24,4,Oklahoma,Active,2026-08-31T00:08:51.695252+00:00
DEN,Riley Moss,21,CB,6-0,193,26,4,Iowa,Active,2026-08-31T00:08:51.695252+00:00
DEN,Bo Nix,10,QB,6-2,217,26,3,Oregon,Active,2026-08-31T00:08:51.695252+00:00
DEN,Tyler Onyedim,98,DT,6-3,292,23,R,Texas A&M,Active,2026-08-31T00:08:51.695252+00:00
DEN,Alex Palczewski,63,T,6-6,314,27,4,Illinois,Active,2026-08-31T00:08:51.695252+00:00
DEN,Matt Peart,79,T,6-7,318,29,7,Connecticut,Active,2026-08-31T00:08:51.695252+00:00
DEN,Ben Powers,74,G,6-4,310,29,8,Oklahoma,Active,2026-08-31T00:08:51.695252+00:00
DEN,Karene Reid,47,ILB,6-0,226,26,2,Utah,Active,2026-08-31T00:08:51.695252+00:00
DEN,Malcolm Roach,97,DT,6-3,290,28,7,Texas,Active,2026-08-31T00:08:51.695252+00:00
DEN,Que Robinson,51,OLB,6-4,243,25,2,Alabama,Active,2026-08-31T00:08:51.695252+00:00
DEN,Alex Singleton,49,ILB,6-2,240,32,8,Montana State,Active,2026-08-31T00:08:51.695252+00:00
DEN,JL Skinner,34,S,6-4,220,25,4,Boise State,Active,2026-08-31T00:08:51.695252+00:00
DEN,Jarrett Stidham,8,QB,6-3,215,30,7,Auburn,Active,2026-08-31T00:08:51.695252+00:00
DEN,Justin Strnad,40,ILB,6-3,235,30,7,Wake Forest,Active,2026-08-31T00:08:51.695252+00:00
DEN,Pat Surtain II,2,CB,6-2,202,26,6,Alabama,Active,2026-08-31T00:08:51.695252+00:00
DEN,Courtland Sutton,14,WR,6-4,216,30,9,Southern Methodist,Active,2026-08-31T00:08:51.695252+00:00
DEN,Dondrea Tillman,92,OLB,6-4,247,28,3,Indiana University of Pennsylvania,Active,2026-08-31T00:08:51.695252+00:00
DEN,Adam Trautman,82,TE,6-5,253,29,7,Dayton,Active,2026-08-31T00:08:51.695252+00:00
DEN,Jordan Turner,55,ILB,6-1,231,24,2,Michigan State,Active,2026-08-31T00:08:51.695252+00:00
DEN,Eyioma Uwazurike,96,DL,6-6,320,28,4,Iowa State,Active,2026-08-31T00:08:51.695252+00:00
DEN,Jaylen Waddle,17,WR,5-10,185,27,6,Alabama,Active,2026-08-31T00:08:51.695252+00:00
DEN,Luke Wattenberg,60,C,6-5,300,28,5,Washington,Active,2026-08-31T00:08:51.695252+00:00
DEN,Levelle Bailey,56,ILB,6-2,225,25,2,Fresno State,Reserve/Injured,2026-08-31T00:08:51.695252+00:00
DEN,Frank Crum,73,T,6-7,315,26,3,Wyoming,Reserve/Injured,2026-08-31T00:08:51.695252+00:00
DEN,Michael Deiter,67,C,6-6,310,29,7,Wisconsin,Reserve/Injured,2026-08-31T00:08:51.695252+00:00
DEN,Matt Henningsen,91,DE,6-3,291,27,4,Wisconsin,Reserve/Injured,2026-08-31T00:08:51.695252+00:00
DEN,Caleb Lohner,84,TE,6-7,250,24,1,Utah,Reserve/Injured,2026-08-31T00:08:51.695252+00:00
DEN,Nick Gargiulo,66,G,6-5,310,26,2,South Carolina,Reserve/Physically Unable to Perform,2026-08-31T00:08:51.695252+00:00
DEN,Jonathon Cooper,0,OLB,6-4,257,28,6,Ohio State,Commissioner Exempt,2026-08-31T00:08:51.695252+00:00
DET,Keith Abney II,28,CB,5-9,187,21,R,Arizona State,Active,2026-08-31T00:08:51.695252+00:00
DET,Myles Adams,96,DL,6-2,299,28,4,Rice,Active,2026-08-31T00:08:51.695252+00:00
DET,Luke Altmyer,2,QB,6-1,213,23,R,Illinois,Active,2026-08-31T00:08:51.695252+00:00
DET,Joe Bachie,35,LB,6-2,238,28,7,Michigan State,Active,2026-08-31T00:08:51.695252+00:00
DET,Derrick Barnes,55,LB,6-0,240,27,6,Purdue,Active,2026-08-31T00:08:51.695252+00:00
DET,Ben Bartch,78,OL,6-6,318,28,7,St. John's (MN),Active,2026-08-31T00:08:51.695252+00:00
DET,Jake Bates,39,K,5-10,205,27,3,Arkansas,Active,2026-08-31T00:08:51.695252+00:00
DET,Tarik Black,12,WR,6-3,213,28,1,Texas,Active,2026-08-31T00:08:51.695252+00:00
DET,Larry Borom,79,OL,6-5,325,27,6,Missouri,Active,2026-08-31T00:08:51.695252+00:00
DET,Ekow Boye-Doe,43,CB,6-0,177,26,2,Kansas State,Active,2026-08-31T00:08:51.695252+00:00
DET,Aamaris Brown,42,DB,5-10,198,24,R,UNLV,Active,2026-08-31T00:08:51.695252+00:00
DET,Jack Campbell,46,LB,6-5,246,26,4,Iowa,Active,2026-08-31T00:08:51.695252+00:00
DET,Chuck Clark,36,S,6-0,210,31,10,Virginia Tech,Active,2026-08-31T00:08:51.695252+00:00
DET,Devin Cochran,77,OL,6-7,322,28,3,Georgia Tech,Active,2026-08-31T00:08:51.695252+00:00
DET,Tyler Conklin,83,TE,6-3,245,31,9,Central Michigan,Active,2026-08-31T00:08:51.695252+00:00
DET,Bump Cooper Jr.,40,CB,5-11,192,25,1,Oregon State,Active,2026-08-31T00:08:51.695252+00:00
DET,Malik Cunningham,15,WR,6-1,190,27,2,Louisville,Active,2026-08-31T00:08:51.695252+00:00
DET,Joshua Dobbs,6,QB,6-3,216,31,10,Tennessee,Active,2026-08-31T00:08:51.695252+00:00
DET,Khalil Dorsey,30,CB,5-8,190,28,6,Northern Arizona,Active,2026-08-31T00:08:51.695252+00:00
DET,Greg Dortch,8,WR,5-7,183,28,6,Wake Forest,Active,2026-08-31T00:08:51.695252+00:00
DET,Jack Fox,3,P,6-2,218,29,7,Rice,Active,2026-08-31T00:08:51.695252+00:00
DET,Miles Frazier,71,OL,6-6,325,24,2,LSU,Active,2026-08-31T00:08:51.695252+00:00
DET,Jahmyr Gibbs,0,RB,5-9,202,24,4,Alabama,Active,2026-08-31T00:08:51.695252+00:00
DET,Skyler Gill-Howard,50,DL,6-0,280,23,R,Texas Tech,Active,2026-08-31T00:08:51.695252+00:00
DET,Jared Goff,16,QB,6-4,217,31,11,California,Active,2026-08-31T00:08:51.695252+00:00
DET,Thomas Gordon,82,TE,6-4,250,25,1,Northwestern,Active,2026-08-31T00:08:51.695252+00:00
DET,Thomas Harper,12,S,5-8,195,25,3,Notre Dame,Active,2026-08-31T00:08:51.695252+00:00
DET,Gus Hartwig,60,OL,6-5,309,24,2,Purdue,Active,2026-08-31T00:08:51.695252+00:00
DET,Ahmed Hassanein,99,EDGE,6-2,275,24,1,Boise State,Active,2026-08-31T00:08:51.695252+00:00
DET,Hogan Hatten,49,LS,6-2,239,26,3,Idaho,Active,2026-08-31T00:08:51.695252+00:00
DET,Zach Horton,43,TE,6-4,256,23,1,Indiana,Active,2026-08-31T00:08:51.695252+00:00
DET,Erick Hunter,48,LB,6-2,224,23,R,Morgan State,Active,2026-08-31T00:08:51.695252+00:00
DET,Aidan Hutchinson,97,EDGE,6-7,268,26,5,Michigan,Active,2026-08-31T00:08:51.695252+00:00
DET,Christian Izien,27,DB,5-10,206,26,4,Rutgers,Active,2026-08-31T00:08:51.695252+00:00
DET,Dan Jackson,17,S,6-1,195,25,2,Georgia,Active,2026-08-31T00:08:51.695252+00:00
DET,Lucky Jackson,11,WR,6-1,185,29,1,Western Kentucky,Active,2026-08-31T00:08:51.695252+00:00
DET,Tom Kennedy,85,WR,5-10,195,30,4,Bryant,Active,2026-08-31T00:08:51.695252+00:00
DET,Tyler Lacy,93,DL,6-4,300,26,4,Oklahoma State,Active,2026-08-31T00:08:51.695252+00:00
DET,Sam LaPorta,87,TE,6-3,245,25,4,Iowa,Active,2026-08-31T00:08:51.695252+00:00
DET,Dominic Lovett,19,WR,5-10,185,23,2,Georgia,Active,2026-08-31T00:08:51.695252+00:00
DET,Anthony Lucas,61,EDGE,6-5,265,21,R,USC,Active,2026-08-31T00:08:51.695252+00:00
DET,Avonte Maddox,29,DB,5-9,191,30,9,Pittsburgh,Active,2026-08-31T00:08:51.695252+00:00
DET,Christian Mahogany,73,OL,6-3,330,25,3,Boston College,Active,2026-08-31T00:08:51.695252+00:00
DET,Tay Martin,17,WR,6-3,186,28,1,Oklahoma State,Active,2026-08-31T00:08:51.695252+00:00
DET,Cade Mays,64,C,6-6,325,27,5,Tennessee,Active,2026-08-31T00:08:51.695252+00:00
DET,Roger McCreary,21,CB,5-11,190,26,5,Auburn,Active,2026-08-31T00:08:51.695252+00:00
DET,Seth McLaughlin,65,C,6-4,304,25,1,Ohio State,Active,2026-08-31T00:08:51.695252+00:00
DET,Alim McNeill,54,DL,6-2,310,26,6,N.C. State,Active,2026-08-31T00:08:51.695252+00:00
DET,Jackson Meeks,13,TE,6-2,235,23,1,Syracuse,Active,2026-08-31T00:08:51.695252+00:00
DET,Blake Miller,76,T,6-6,320,22,R,Clemson,Active,2026-08-31T00:08:51.695252+00:00
DET,Mason Miller,63,G,6-7,318,24,1,North Dakota State,Active,2026-08-31T00:08:51.695252+00:00
DET,Derrick Moore,9,EDGE,6-3,260,23,R,Michigan,Active,2026-08-31T00:08:51.695252+00:00
DET,Michael Niese,62,OL,6-5,300,28,3,Temple,Active,2026-08-31T00:08:51.695252+00:00
DET,Trevor Nowaske,53,LB,6-3,237,27,4,Saginaw Valley State,Active,2026-08-31T00:08:51.695252+00:00
DET,Eric O'Neill,66,EDGE,6-2,250,23,R,Rutgers,Active,2026-08-31T00:08:51.695252+00:00
DET,Amen Ogbongbemiga,57,LB,6-0,231,27,6,Oklahoma State,Active,2026-08-31T00:08:51.695252+00:00
DET,Levi Onwuzurike,95,DL,6-3,304,28,6,Washington,Active,2026-08-31T00:08:51.695252+00:00
DET,Isiah Pacheco,10,RB,5-10,210,27,5,Rutgers,Active,2026-08-31T00:08:51.695252+00:00
DET,Melvin Priestly,74,OL,6-4,316,22,R,Illinois,Active,2026-08-31T00:08:51.695252+00:00
DET,Ennis Rakestraw Jr.,2,CB,5-11,192,24,3,Missouri,Active,2026-08-31T00:08:51.695252+00:00
DET,Tate Ratledge,69,OL,6-6,322,25,2,Georgia,Active,2026-08-31T00:08:51.695252+00:00
DET,D.J. Reed,4,CB,5-9,190,29,9,Kansas State,Active,2026-08-31T00:08:51.695252+00:00
DET,Troy Reeder,51,LB,6-3,245,31,8,Delaware,Active,2026-08-31T00:08:51.695252+00:00
DET,Malcolm Rodriguez,44,LB,5-11,230,27,5,Oklahoma State,Active,2026-08-31T00:08:51.695252+00:00
DET,Jimmy Rolder,41,LB,6-2,238,22,R,Michigan,Active,2026-08-31T00:08:51.695252+00:00
DET,Jacob Saylors,25,RB,5-11,195,26,2,East Tennessee State,Active,2026-08-31T00:08:51.695252+00:00
DET,Eric Scott Jr.,5,DB,6-0,197,27,3,Southern Mississippi,Active,2026-08-31T00:08:51.695252+00:00
DET,Juice Scruggs,70,OL,6-3,320,26,4,Penn State,Active,2026-08-31T00:08:51.695252+00:00
DET,Penei Sewell,58,T,6-5,335,25,6,Oregon,Active,2026-08-31T00:08:51.695252+00:00
DET,Jabari Small,26,RB,5-11,208,24,1,Tennessee,Active,2026-08-31T00:08:51.695252+00:00
DET,Chris Smith,90,DL,6-1,320,26,1,Notre Dame,Active,2026-08-31T00:08:51.695252+00:00
DET,Colby Sorsdal,75,OL,6-6,315,26,4,William & Mary,Active,2026-08-31T00:08:51.695252+00:00
DET,Amon-Ra St. Brown,14,WR,6-0,202,26,6,USC,Active,2026-08-31T00:08:51.695252+00:00
DET,Ben Stille,72,DL,6-4,296,28,3,Nebraska,Active,2026-08-31T00:08:51.695252+00:00
DET,Jason Taylor II,34,S,6-0,204,26,2,Oklahoma State,Active,2026-08-31T00:08:51.695252+00:00
DET,Isaac TeSlaa,18,WR,6-4,214,24,2,Arkansas,Active,2026-08-31T00:08:51.695252+00:00
DET,Sione Vaki,33,RB,5-11,216,25,3,Utah,Active,2026-08-31T00:08:51.695252+00:00
DET,Tyre West,52,DL,6-1,290,23,R,Tennessee,Active,2026-08-31T00:08:51.695252+00:00
DET,Devin White,45,LB,6-0,237,28,8,LSU,Active,2026-08-31T00:08:51.695252+00:00
DET,Nick Whiteside,38,CB,6-1,200,26,2,Saginaw Valley State,Active,2026-08-31T00:08:51.695252+00:00
DET,Jameson Williams,1,WR,6-1,184,25,5,Alabama,Active,2026-08-31T00:08:51.695252+00:00
DET,Roydell Williams,24,RB,5-10,223,24,R,Florida State,Active,2026-08-31T00:08:51.695252+00:00
DET,Trayveon Williams,47,RB,5-8,206,28,8,Texas A&M,Active,2026-08-31T00:08:51.695252+00:00
DET,Tyleik Williams,91,DL,6-3,325,23,2,Ohio State,Active,2026-08-31T00:08:51.695252+00:00
DET,Mekhi Wingo,94,DL,6-0,282,23,3,LSU,Active,2026-08-31T00:08:51.695252+00:00
DET,DJ Wonnum,98,EDGE,6-5,262,28,7,South Carolina,Active,2026-08-31T00:08:51.695252+00:00
DET,Brock Wright,89,TE,6-5,254,27,6,Notre Dame,Active,2026-08-31T00:08:51.695252+00:00
DET,Rock Ya-Sin,23,CB,5-11,195,30,8,Temple,Active,2026-08-31T00:08:51.695252+00:00
DET,Giovanni Manu,59,OL,6-7,345,25,3,University of British Columbia,Active/Non-Football Injury,2026-08-31T00:08:51.695252+00:00
DET,Brian Branch,32,DB,6-0,203,24,4,Alabama,Active/Physically Unable to Perform,2026-08-31T00:08:51.695252+00:00
DET,Kerby Joseph,31,S,6-0,210,25,5,Illinois,Active/Physically Unable to Perform,2026-08-31T00:08:51.695252+00:00
DET,Damone Clark,11,LB,6-2,240,26,5,LSU,Reserve/Injured,2026-08-31T00:08:51.695252+00:00
DET,Kendrick Law,88,WR,5-11,203,22,R,Kentucky,Reserve/Injured,2026-08-31T00:08:51.695252+00:00
DET,Payton Turner,92,EDGE,6-6,272,27,6,Houston,Reserve/Injured,2026-08-31T00:08:51.695252+00:00
GB,Zach Bako-Bewele,50,OL,6-4,304,27,5,Wake Forest,Active,2026-08-31T00:08:51.695252+00:00
GB,Aaron Banks,65,G,6-5,325,28,6,Notre Dame,Active,2026-08-31T00:08:51.695252+00:00
GB,Anthony Belton,71,T,6-6,336,25,2,North Carolina State,Active,2026-08-31T00:08:51.695252+00:00
GB,Warren Brinson,91,DT,6-5,315,24,2,Georgia,Active,2026-08-31T00:08:51.695252+00:00
GB,Chris Brooks,30,RB,6-1,219,26,4,BYU,Active,2026-08-31T00:08:51.695252+00:00
GB,Karl Brooks,94,DT,6-3,296,26,4,Bowling Green,Active,2026-08-31T00:08:51.695252+00:00
GB,Javon Bullard,7,S,5-10,198,23,3,Georgia,Active,2026-08-31T00:08:51.695252+00:00
GB,Jager Burton,52,C/G,6-4,312,24,R,Kentucky,Active,2026-08-31T00:08:51.695252+00:00
GB,Anthony Campbell,60,DT,6-6,307,25,1,Miami,Active,2026-08-31T00:08:51.695252+00:00
GB,Brandon Cisse,2,CB,6-0,189,21,R,South Carolina,Active,2026-08-31T00:08:51.695252+00:00
GB,Edgerrin Cooper,56,LB,6-2,229,24,3,Texas A&M,Active,2026-08-31T00:08:51.695252+00:00
GB,Brenton Cox Jr.,57,EDGE,6-4,250,26,4,Florida,Active,2026-08-31T00:08:51.695252+00:00
GB,Dani Dennis-Sutton,51,EDGE,6-5,256,22,R,Penn State,Active,2026-08-31T00:08:51.695252+00:00
GB,Jonathan Ford,64,DT,6-5,338,27,4,Miami,Active,2026-08-31T00:08:51.695252+00:00
GB,Zaire Franklin,44,LB,6-0,235,30,9,Syracuse,Active,2026-08-31T00:08:51.695252+00:00
GB,Travis Glover,79,T,6-6,317,26,3,Georgia State,Active,2026-08-31T00:08:51.695252+00:00
GB,Matthew Golden,0,WR,5-11,191,23,2,Texas,Active,2026-08-31T00:08:51.695252+00:00
GB,Kamal Hadden,36,CB,6-1,192,25,2,Tennessee,Active,2026-08-31T00:08:51.695252+00:00
GB,Javon Hargrave,98,DT,6-2,307,33,11,South Carolina State,Active,2026-08-31T00:08:51.695252+00:00
GB,Ty'Ron Hopper,59,LB,6-2,228,25,3,Missouri,Active,2026-08-31T00:08:51.695252+00:00
GB,Donovan Jennings,67,G/T,6-4,323,26,2,South Florida,Active,2026-08-31T00:08:51.695252+00:00
GB,Kaleb Johnson,-,RB,6-1,224,23,2,Iowa,Active,2026-08-31T00:08:51.695252+00:00
GB,Tucker Kraft,85,TE,6-5,259,25,4,South Dakota State,Active,2026-08-31T00:08:51.695252+00:00
GB,MarShawn Lloyd,32,RB,5-9,220,25,3,USC,Active,2026-08-31T00:08:51.695252+00:00
GB,Jordan Love,10,QB,6-4,219,27,7,Utah State,Active,2026-08-31T00:08:51.695252+00:00
GB,Chris McClellan,55,DT,6-3,313,22,R,Missouri,Active,2026-08-31T00:08:51.695252+00:00
GB,Isaiah McDuffie,58,LB,6-1,227,27,6,Boston College,Active,2026-08-31T00:08:51.695252+00:00
GB,Xavier McKinney,29,S,6-0,201,27,7,Alabama,Active,2026-08-31T00:08:51.695252+00:00
GB,Bo Melton,16,WR,5-11,189,27,3,Rutgers,Active,2026-08-31T00:08:51.695252+00:00
GB,Jacob Monk,62,C/G,6-3,308,25,3,Duke,Active,2026-08-31T00:08:51.695252+00:00
GB,Skyy Moore,23,WR,5-10,195,25,5,Western Michigan,Active,2026-08-31T00:08:51.695252+00:00
GB,Jordan Morgan,77,T/G,6-5,311,25,3,Arizona,Active,2026-08-31T00:08:51.695252+00:00
GB,Nick Niemann,31,LB,6-3,234,28,6,Iowa,Active,2026-08-31T00:08:51.695252+00:00
GB,Keisean Nixon,25,CB,5-10,200,29,8,South Carolina,Active,2026-08-31T00:08:51.695252+00:00
GB,Kitan Oladapo,27,S,6-2,216,25,3,Oregon State,Active,2026-08-31T00:08:51.695252+00:00
GB,Matt Orzech,42,LS,6-3,245,31,7,Azusa Pacific,Active,2026-08-31T00:08:51.695252+00:00
GB,Mark Redman,-,TE,6-5,258,24,1,Louisville,Active,2026-08-31T00:08:51.695252+00:00
GB,Jayden Reed,11,WR,5-11,187,26,4,Michigan State,Active,2026-08-31T00:08:51.695252+00:00
GB,Sean Rhyan,75,C/G,6-5,321,25,5,UCLA,Active,2026-08-31T00:08:51.695252+00:00
GB,Trey Smack,28,K,6-1,188,23,R,Florida,Active,2026-08-31T00:08:51.695252+00:00
GB,Jonnu Smith,-,TE,6-3,248,31,10,Florida International,Active,2026-08-31T00:08:51.695252+00:00
GB,Barryn Sorrell,99,EDGE,6-3,256,23,2,Texas,Active,2026-08-31T00:08:51.695252+00:00
GB,Benjamin St-Juste,21,CB,6-3,200,28,6,Minnesota,Active,2026-08-31T00:08:51.695252+00:00
GB,J. Michael Sturdivant,87,WR,6-3,207,23,R,Florida,Active,2026-08-31T00:08:51.695252+00:00
GB,Tyrod Taylor,6,QB,6-1,217,37,16,Virginia Tech,Active,2026-08-31T00:08:51.695252+00:00
GB,Carrington Valentine,24,CB,6-0,189,24,4,Kentucky,Active,2026-08-31T00:08:51.695252+00:00
GB,Lukas Van Ness,90,EDGE,6-5,272,25,4,Iowa,Active,2026-08-31T00:08:51.695252+00:00
GB,Christian Watson,9,WR,6-4,215,27,5,North Dakota State,Active,2026-08-31T00:08:51.695252+00:00
GB,Daniel Whelan,19,P,6-5,216,27,4,UC Davis,Active,2026-08-31T00:08:51.695252+00:00
GB,Josh Whyle,81,TE,6-7,248,26,4,Cincinnati,Active,2026-08-31T00:08:51.695252+00:00
GB,Evan Williams,33,S,5-11,200,25,3,Oregon,Active,2026-08-31T00:08:51.695252+00:00
GB,John Williams,73,G,6-4,322,24,2,Cincinnati,Active,2026-08-31T00:08:51.695252+00:00
GB,Devonte Wyatt,95,DT,6-3,304,28,5,Georgia,Active,2026-08-31T00:08:51.695252+00:00
GB,Collin Oliver,45,EDGE,6-2,240,23,2,Oklahoma State,Reserve/Injured; Designated for Return,2026-08-31T00:08:51.695252+00:00
GB,Savion Williams,83,WR,6-4,222,24,2,TCU,Reserve/Injured; Designated for Return,2026-08-31T00:08:51.695252+00:00
GB,Luke Musgrave,88,TE,6-6,253,25,4,Oregon State,Reserve/Physically Unable to Perform,2026-08-31T00:08:51.695252+00:00
GB,Micah Parsons,1,EDGE,6-3,250,27,6,Penn State,Reserve/Physically Unable to Perform,2026-08-31T00:08:51.695252+00:00
GB,Jordon Riley,97,DT,6-5,338,28,3,Oregon,Reserve/Physically Unable to Perform,2026-08-31T00:08:51.695252+00:00
GB,Josh Jacobs,8,RB,5-10,223,28,8,Alabama,Commissioner Exempt,2026-08-31T00:08:51.695252+00:00
HOU,Azeez Al-Shaair,0,LB,6-2,228,29,8,Florida Atlantic,Active,2026-08-31T00:08:51.695252+00:00
HOU,Will Anderson Jr.,51,DE,6-4,243,24,4,Alabama,Active,2026-08-31T00:08:51.695252+00:00
HOU,Jake Andrews,60,C,6-3,308,26,4,Troy,Active,2026-08-31T00:08:51.695252+00:00
HOU,Reed Blankenship,6,S,6-1,203,27,5,Middle Tennessee State,Active,2026-08-31T00:08:51.695252+00:00
HOU,Kayshon Boutte,88,WR,5-11,203,24,4,LSU,Active,2026-08-31T00:08:51.695252+00:00
HOU,Austin Brinkman,40,LS,6-4,241,24,2,West Virginia,Active,2026-08-31T00:08:51.695252+00:00
HOU,British Brooks,44,RB,5-11,225,26,3,North Carolina,Active,2026-08-31T00:08:51.695252+00:00
HOU,Evan Brown,67,C/G,6-3,320,29,8,SMU,Active,2026-08-31T00:08:51.695252+00:00
HOU,Trent Brown,77,T,6-8,380,33,12,Florida,Active,2026-08-31T00:08:51.695252+00:00
HOU,Calen Bullock,2,S,6-3,190,23,3,USC,Active,2026-08-31T00:08:51.695252+00:00
HOU,Jadeveon Clowney,90,DE,6-5,266,33,13,South Carolina,Active,2026-08-31T00:08:51.695252+00:00
HOU,Nico Collins,12,WR,6-4,222,27,6,Michigan,Active,2026-08-31T00:08:51.695252+00:00
HOU,Mario Edwards Jr.,97,DT,6-3,280,32,11,Florida State,Active,2026-08-31T00:08:51.695252+00:00
HOU,Aireontae Ersery,79,T,6-6,330,24,2,Minnesota,Active,2026-08-31T00:08:51.695252+00:00
HOU,Ka'imi Fairbairn,15,K,6-0,183,32,11,UCLA,Active,2026-08-31T00:08:51.695252+00:00
HOU,Aiden Fisher,59,LB,6-1,231,22,R,Indiana,Active,2026-08-31T00:08:51.695252+00:00
HOU,Blake Fisher,57,T,6-6,312,23,3,Notre Dame,Active,2026-08-31T00:08:51.695252+00:00
HOU,Sam Hagen,76,T,6-6,320,23,R,South Dakota State,Active,2026-08-31T00:08:51.695252+00:00
HOU,Logan Hall,96,DE,6-6,283,26,5,Houston,Active,2026-08-31T00:08:51.695252+00:00
HOU,Jake Hansen,35,LB,6-1,230,28,5,Illinois,Active,2026-08-31T00:08:51.695252+00:00
HOU,Sabastian Harsh,74,DE,6-2,255,24,R,NC State,Active,2026-08-31T00:08:51.695252+00:00
HOU,Jake Hummel,33,LB,6-1,229,27,5,Iowa State,Active,2026-08-31T00:08:51.695252+00:00
HOU,Danielle Hunter,55,DE,6-5,263,31,12,LSU,Active,2026-08-31T00:08:51.695252+00:00
HOU,Xavier Hutchinson,19,WR,6-3,210,26,4,Iowa State,Active,2026-08-31T00:08:51.695252+00:00
HOU,Ed Ingram,69,G,6-3,307,27,5,LSU,Active,2026-08-31T00:08:51.695252+00:00
HOU,Marlin Klein,83,TE,6-6,250,23,R,Michigan,Active,2026-08-31T00:08:51.695252+00:00
HOU,Kai Kroeger,38,P,6-3,213,24,2,South Carolina,Active,2026-08-31T00:08:51.695252+00:00
HOU,Kamari Lassiter,3,CB,6-0,180,23,3,Georgia,Active,2026-08-31T00:08:51.695252+00:00
HOU,Woody Marks,4,RB,5-10,208,25,2,USC,Active,2026-08-31T00:08:51.695252+00:00
HOU,Kayden McDonald,93,DT,6-3,326,21,R,Ohio State,Active,2026-08-31T00:08:51.695252+00:00
HOU,Davis Mills,10,QB,6-4,225,27,6,Stanford,Active,2026-08-31T00:08:51.695252+00:00
HOU,David Montgomery,32,RB,5-11,230,29,8,Iowa State,Active,2026-08-31T00:08:51.695252+00:00
HOU,Foster Moreau,87,TE,6-4,250,29,8,LSU,Active,2026-08-31T00:08:51.695252+00:00
HOU,Jaylin Noel,13,WR,5-11,201,23,2,Iowa State,Active,2026-08-31T00:08:51.695252+00:00
HOU,Febechi Nwaiwu,64,G,6-4,319,23,R,Oklahoma,Active,2026-08-31T00:08:51.695252+00:00
HOU,Jalen Pitre,5,S,6-0,200,27,5,Baylor,Active,2026-08-31T00:08:51.695252+00:00
HOU,Kamari Ramsey,27,S,6-0,205,22,R,USC,Active,2026-08-31T00:08:51.695252+00:00
HOU,Sheldon Rankins,98,DT,6-2,305,32,11,Louisville,Active,2026-08-31T00:08:51.695252+00:00
HOU,Keylan Rutledge,66,C/G,6-4,320,22,R,Georgia Tech,Active,2026-08-31T00:08:51.695252+00:00
HOU,Dalton Schultz,86,TE,6-5,242,30,9,Stanford,Active,2026-08-31T00:08:51.695252+00:00
HOU,Braden Smith,71,OT,6-6,312,30,9,Auburn,Active,2026-08-31T00:08:51.695252+00:00
HOU,Jaylin Smith,22,CB,5-11,190,22,2,USC,Active,2026-08-31T00:08:51.695252+00:00
HOU,Tremon Smith,11,CB,5-11,190,30,9,Central Arkansas,Active,2026-08-31T00:08:51.695252+00:00
HOU,Derek Stingley Jr.,24,CB,6-1,195,25,5,LSU,Active,2026-08-31T00:08:51.695252+00:00
HOU,Cade Stover,8,TE,6-4,251,26,3,Ohio State,Active,2026-08-31T00:08:51.695252+00:00
HOU,C.J. Stroud,7,QB,6-3,218,24,4,Ohio State,Active,2026-08-31T00:08:51.695252+00:00
HOU,Wyatt Teller,75,G,6-4,315,31,9,Virginia Tech,Active,2026-08-31T00:08:51.695252+00:00
HOU,Nathan Thomas,,T,6-5,330,25,3,Louisiana-Lafayette,Active,2026-08-31T00:08:51.695252+00:00
HOU,Henry To'oTo'o,39,LB,6-2,228,25,4,Alabama,Active,2026-08-31T00:08:51.695252+00:00
HOU,Tommy Togiai,72,DT,6-2,296,26,5,Ohio State,Active,2026-08-31T00:08:51.695252+00:00
HOU,Jared Wayne,89,WR,6-3,210,25,1,Pittsburgh,Active,2026-08-31T00:08:51.695252+00:00
HOU,Wade Woodaz,30,LB,6-4,235,22,R,Clemson,Active,2026-08-31T00:08:51.695252+00:00
HOU,Collin Wright,37,CB,6-0,195,22,R,Stanford,Active,2026-08-31T00:08:51.695252+00:00
HOU,Ali Gaye,95,DE,6-6,265,28,3,LSU,Reserve/Injured,2026-08-31T00:08:51.695252+00:00
HOU,Jayden Higgins,81,WR,6-4,215,23,2,Iowa State,Reserve/Injured,2026-08-31T00:08:51.695252+00:00
HOU,Dylan Horton,92,DE,6-4,275,26,4,TCU,Reserve/Injured,2026-08-31T00:08:51.695252+00:00
HOU,Graham Mertz,18,QB,6-2,216,25,2,Florida,Reserve/Injured,2026-08-31T00:08:51.695252+00:00
HOU,K.C. Ossai,52,LB,6-1,240,23,1,Louisiana-Lafayette,Reserve/Injured,2026-08-31T00:08:51.695252+00:00
HOU,Tank Dell,1,WR,5-10,165,26,4,Houston,Reserve/Injured; Designated for Return,2026-08-31T00:08:51.695252+00:00
HOU,Ja'Marcus Ingram,20,S,6-2,190,29,3,Buffalo,Reserve/Injured; Designated for Return,2026-08-31T00:08:51.695252+00:00
HOU,E.J. Speed,45,LB,6-4,227,31,8,Tarleton State,Reserve/Physically Unable to Perform,2026-08-31T00:08:51.695252+00:00
HOU,M.J. Stewart,29,S,5-11,205,30,9,North Carolina,Reserve/Physically Unable to Perform,2026-08-31T00:08:51.695252+00:00
IND,Adetomiwa Adebawore,95,DT,6-2,282,25,4,Northwestern,Active,2026-08-31T00:08:51.695252+00:00
IND,Austin Ajiake,58,LB,6-1,223,26,2,UNLV,Active,2026-08-31T00:08:51.695252+00:00
IND,Mo Alie-Cox,81,TE,6-5,267,32,9,Virginia Commonwealth,Active,2026-08-31T00:08:51.695252+00:00
IND,CJ Allen,53,LB,6-0,230,21,R,Georgia,Active,2026-08-31T00:08:51.695252+00:00
IND,Keenan Allen,10,WR,6-2,211,34,14,California,Active,2026-08-31T00:08:51.695252+00:00
IND,Bryce Boettcher,50,LB,6-1,230,24,R,Oregon,Active,2026-08-31T00:08:51.695252+00:00
IND,Tanor Bortolini,60,C,6-4,303,24,3,Wisconsin,Active,2026-08-31T00:08:51.695252+00:00
IND,DeForest Buckner,99,DT,6-7,295,32,11,Oregon,Active,2026-08-31T00:08:51.695252+00:00
IND,Deion Burks,80,WR,5-9,180,23,R,Oklahoma,Active,2026-08-31T00:08:51.695252+00:00
IND,Cam Bynum,0,S,6-0,200,28,6,California,Active,2026-08-31T00:08:51.695252+00:00
IND,Jaylon Carlies,57,LB,6-3,227,24,3,Missouri,Active,2026-08-31T00:08:51.695252+00:00
IND,Tahj Chambers,44,LB,6-2,230,26,R,Mississippi,Active,2026-08-31T00:08:51.695252+00:00
IND,Micheal Clemons,72,DE,6-5,263,29,5,Texas A&M,Active,2026-08-31T00:08:51.695252+00:00
IND,Caden Curry,55,EDGE,6-2,257,23,R,Ohio State,Active,2026-08-31T00:08:51.695252+00:00
IND,Akeem Davis-Gaither,51,LB,6-2,238,28,7,Appalachian State,Active,2026-08-31T00:08:51.695252+00:00
IND,Josh Downs,2,WR,5-9,171,25,4,North Carolina,Active,2026-08-31T00:08:51.695252+00:00
IND,Ashton Dulin,16,WR,6-2,215,29,8,Malone University,Active,2026-08-31T00:08:51.695252+00:00
IND,Johnathan Edwards,35,CB,6-1,201,24,2,Tulane,Active,2026-08-31T00:08:51.695252+00:00
IND,Jalen Farmer,62,G,6-4,312,22,R,Kentucky,Active,2026-08-31T00:08:51.695252+00:00
IND,Sauce Gardner,1,CB,6-3,190,25,5,Cincinnati,Active,2026-08-31T00:08:51.695252+00:00
IND,DJ Giddens,21,RB,6-0,212,23,2,Kansas State,Active,2026-08-31T00:08:51.695252+00:00
IND,Matt Goncalves,71,G,6-6,317,25,3,Pittsburgh,Active,2026-08-31T00:08:51.695252+00:00
IND,George Gumbs Jr.,52,EDGE,6-4,245,23,R,Florida,Active,2026-08-31T00:08:51.695252+00:00
IND,AJ Haulcy,25,S,5-11,215,22,R,LSU,Active,2026-08-31T00:08:51.695252+00:00
IND,Daniel Jones,17,QB,6-5,230,29,8,Duke,Active,2026-08-31T00:08:51.695252+00:00
IND,Jaylon Jones,40,CB,6-2,203,24,4,Texas A&M,Active,2026-08-31T00:08:51.695252+00:00
IND,Arden Key,98,DE,6-5,240,30,9,LSU,Active,2026-08-31T00:08:51.695252+00:00
IND,Laiatu Latu,97,DE,6-5,265,25,3,UCLA,Active,2026-08-31T00:08:51.695252+00:00
IND,Riley Leonard,15,QB,6-4,213,23,2,Notre Dame,Active,2026-08-31T00:08:51.695252+00:00
IND,Seth McGowan,20,RB,6-0,223,24,R,Kentucky,Active,2026-08-31T00:08:51.695252+00:00
IND,Quenton Nelson,56,G,6-5,330,30,9,Notre Dame,Active,2026-08-31T00:08:51.695252+00:00
IND,Drew Ogletree,85,TE,6-5,260,28,5,Youngstown State,Active,2026-08-31T00:08:51.695252+00:00
IND,Jonathan Owens,38,S,5-11,204,31,8,Missouri Western State,Active,2026-08-31T00:08:51.695252+00:00
IND,Alec Pierce,14,WR,6-3,211,26,5,Cincinnati,Active,2026-08-31T00:08:51.695252+00:00
IND,Bernhard Raimann,79,T,6-6,303,28,5,Central Michigan,Active,2026-08-31T00:08:51.695252+00:00
IND,Luke Rhodes,46,LS,6-2,238,33,10,William & Mary,Active,2026-08-31T00:08:51.695252+00:00
IND,Anthony Richardson Sr.,5,QB,6-4,244,24,4,Florida,Active,2026-08-31T00:08:51.695252+00:00
IND,Rigoberto Sanchez,8,P,6-0,195,31,10,Hawaii,Active,2026-08-31T00:08:51.695252+00:00
IND,Spencer Shrader,3,K,6-2,201,27,3,Notre Dame,Active,2026-08-31T00:08:51.695252+00:00
IND,Tim Smith,93,DT,6-4,306,24,1,Alabama,Active,2026-08-31T00:08:51.695252+00:00
IND,Grover Stewart,90,DT,6-4,314,32,10,Albany State (Ga.),Active,2026-08-31T00:08:51.695252+00:00
IND,Cam Taylor-Britt,26,CB,5-11,200,26,5,Nebraska,Active,2026-08-31T00:08:51.695252+00:00
IND,Jonathan Taylor,28,RB,5-10,226,27,7,Wisconsin,Active,2026-08-31T00:08:51.695252+00:00
IND,Luke Tenuta,67,T,6-8,314,26,4,Virginia Tech,Active,2026-08-31T00:08:51.695252+00:00
IND,Jerry Tillery,94,DT,6-6,295,29,8,Notre Dame,Active,2026-08-31T00:08:51.695252+00:00
IND,Jalen Travis,75,T,6-8,339,24,2,Iowa State,Active,2026-08-31T00:08:51.695252+00:00
IND,Laquon Treadwell,13,WR,6-2,215,31,10,Mississippi,Active,2026-08-31T00:08:51.695252+00:00
IND,Dalton Tucker,68,G,6-6,307,26,3,Marshall,Active,2026-08-31T00:08:51.695252+00:00
IND,Jaylahn Tuimoloau,91,DE,6-4,264,23,2,Ohio State,Active,2026-08-31T00:08:51.695252+00:00
IND,Sedrick Van Pran-Granger,,C,6-4,315,24,3,Georgia,Active,2026-08-31T00:08:51.695252+00:00
IND,Justin Walley,27,CB,5-10,190,23,2,Minnesota,Active,2026-08-31T00:08:51.695252+00:00
IND,Charvarius Ward,7,CB,6-1,196,30,9,Middle Tennessee State,Active,2026-08-31T00:08:51.695252+00:00
IND,Tyler Warren,84,TE,6-6,256,24,2,Penn State,Active,2026-08-31T00:08:51.695252+00:00
IND,Hunter Wohler,30,S,6-2,213,23,2,Wisconsin,Active,2026-08-31T00:08:51.695252+00:00
IND,Will Mallory,86,TE,6-4,239,27,4,Miami,Reserve/Injured,2026-08-31T00:08:51.695252+00:00
IND,Cameron Mitchell,43,CB,5-11,191,24,4,Northwestern,Reserve/Injured,2026-08-31T00:08:51.695252+00:00
IND,D.J. Montgomery,2,WR,6-1,201,29,5,Austin Peay,Reserve/Injured,2026-08-31T00:08:51.695252+00:00
IND,Coleman Owen,9,WR,5-10,181,25,1,Ohio,Reserve/Injured,2026-08-31T00:08:51.695252+00:00
IND,Carson Towt,45,TE,6-8,250,25,R,Notre Dame,Reserve/Injured,2026-08-31T00:08:51.695252+00:00
JAX,Ameer Abdullah,43,RB,5-9,203,33,12,Nebraska,Active,2026-08-31T00:08:51.695252+00:00
JAX,LeQuint Allen Jr.,5,RB,6-0,201,22,2,Syracuse,Active,2026-08-31T00:08:51.695252+00:00
JAX,Arik Armstead,91,DT,6-7,290,32,12,Oregon,Active,2026-08-31T00:08:51.695252+00:00
JAX,Nate Boerkircher,87,TE,6-5,250,24,R,Texas A&M,Active,2026-08-31T00:08:51.695252+00:00
JAX,Christian Braswell,21,CB,5-11,185,26,3,Rutgers,Active,2026-08-31T00:08:51.695252+00:00
JAX,Montaric Brown,1,CB,6-0,190,27,5,Arkansas,Active,2026-08-31T00:08:51.695252+00:00
JAX,Josh Cameron,19,WR,6-1,224,23,R,Baylor,Active,2026-08-31T00:08:51.695252+00:00
JAX,Ezra Cleveland,76,OL,6-6,312,28,7,Boise State,Active,2026-08-31T00:08:51.695252+00:00
JAX,Branson Combs,50,LB,6-3,228,26,2,Wake Forest,Active,2026-08-31T00:08:51.695252+00:00
JAX,Logan Cooke,9,P,6-5,230,31,9,Mississippi State,Active,2026-08-31T00:08:51.695252+00:00
JAX,Matt Dickerson,93,DT,6-5,300,30,6,UCLA,Active,2026-08-31T00:08:51.695252+00:00
JAX,Quinn Ewers,10,QB,6-2,209,23,2,Texas,Active,2026-08-31T00:08:51.695252+00:00
JAX,Daniel Faalele,68,OL,6-8,380,26,5,Minnesota,Active,2026-08-31T00:08:51.695252+00:00
JAX,Dennis Gardeck,47,LB,6-0,232,32,9,Sioux Falls,Active,2026-08-31T00:08:51.695252+00:00
JAX,B.J. Green II,95,DE,6-1,270,23,2,Colorado,Active,2026-08-31T00:08:51.695252+00:00
JAX,Robert Hainsey,73,OL,6-4,306,28,6,Notre Dame,Active,2026-08-31T00:08:51.695252+00:00
JAX,DaVon Hamilton,52,DT,6-4,335,29,7,Ohio State,Active,2026-08-31T00:08:51.695252+00:00
JAX,Anton Harrison,77,OL,6-4,315,24,4,Oklahoma,Active,2026-08-31T00:08:51.695252+00:00
JAX,Josh Hines-Allen,41,DE,6-5,255,29,8,Kentucky,Active,2026-08-31T00:08:51.695252+00:00
JAX,Travis Hunter,12,WR/CB,6-1,185,23,2,Colorado,Active,2026-08-31T00:08:51.695252+00:00
JAX,Jalen Huskey,22,S,6-1,201,22,R,Maryland,Active,2026-08-31T00:08:51.695252+00:00
JAX,Antonio Johnson,6,S,6-2,198,24,4,Texas A&M,Active,2026-08-31T00:08:51.695252+00:00
JAX,Jarrian Jones,4,CB,5-11,190,25,3,Florida State,Active,2026-08-31T00:08:51.695252+00:00
JAX,Tanner Koziol,89,TE,6-7,250,22,R,Houston,Active,2026-08-31T00:08:51.695252+00:00
JAX,Rayuan Lane III,25,S,5-11,197,23,2,Navy,Active,2026-08-31T00:08:51.695252+00:00
JAX,Trevor Lawrence,16,QB,6-6,220,26,6,Clemson,Active,2026-08-31T00:08:51.695252+00:00
JAX,Jourdan Lewis,2,CB,5-10,190,31,10,Michigan,Active,2026-08-31T00:08:51.695252+00:00
JAX,Cam Little,39,K,6-1,172,23,3,Arkansas,Active,2026-08-31T00:08:51.695252+00:00
JAX,Walker Little,72,OL,6-7,325,27,6,Stanford,Active,2026-08-31T00:08:51.695252+00:00
JAX,Ross Matiscik,46,LS,6-0,240,29,7,Baylor,Active,2026-08-31T00:08:51.695252+00:00
JAX,Jakobi Meyers,3,WR,6-2,200,29,8,N.C. State,Active,2026-08-31T00:08:51.695252+00:00
JAX,Ventrell Miller,51,LB,6-0,232,27,4,Florida,Active,2026-08-31T00:08:51.695252+00:00
JAX,Wyatt Milum,64,OL,6-6,317,23,2,West Virginia,Active,2026-08-31T00:08:51.695252+00:00
JAX,Jonah Monheim,60,OL,6-5,310,24,2,USC,Active,2026-08-31T00:08:51.695252+00:00
JAX,Quintin Morris,80,TE,6-2,243,27,5,Bowling Green,Active,2026-08-31T00:08:51.695252+00:00
JAX,Eric Murray,29,S,5-11,199,32,11,Minnesota,Active,2026-08-31T00:08:51.695252+00:00
JAX,Foyesade Oluokun,23,LB,6-2,230,31,9,Yale,Active,2026-08-31T00:08:51.695252+00:00
JAX,Ruke Orhorhoro,99,DT,6-4,295,24,3,Clemson,Active,2026-08-31T00:08:51.695252+00:00
JAX,Emmanuel Pregnon,75,OL,6-4,318,24,R,Oregon,Active,2026-08-31T00:08:51.695252+00:00
JAX,Caleb Ransaw,27,S,6-0,196,23,2,Tulane,Active,2026-08-31T00:08:51.695252+00:00
JAX,Albert Regis,98,DT,6-1,317,23,R,Texas A&M,Active,2026-08-31T00:08:51.695252+00:00
JAX,Chris Rodriguez Jr.,24,RB,5-11,224,26,4,Kentucky,Active,2026-08-31T00:08:51.695252+00:00
JAX,Brenton Strange,85,TE,6-4,253,25,4,Penn State,Active,2026-08-31T00:08:51.695252+00:00
JAX,Danny Striggow,92,DE,6-5,255,24,2,Minnesota,Active,2026-08-31T00:08:51.695252+00:00
JAX,Jahlani Tavai,32,LB,6-2,255,29,9,Hawaii,Active,2026-08-31T00:08:51.695252+00:00
JAX,Brian Thomas Jr.,7,WR,6-2,209,23,3,LSU,Active,2026-08-31T00:08:51.695252+00:00
JAX,Bryan Thomas Jr.,57,DE,6-2,235,22,R,South Carolina,Active,2026-08-31T00:08:51.695252+00:00
JAX,Bhayshul Tuten,33,RB,5-9,209,24,2,Virginia Tech,Active,2026-08-31T00:08:51.695252+00:00
JAX,Cole Van Lanen,70,OL,6-5,312,28,6,Wisconsin,Active,2026-08-31T00:08:51.695252+00:00
JAX,Travon Walker,44,DE,6-5,272,25,5,Georgia,Active,2026-08-31T00:08:51.695252+00:00
JAX,Parker Washington,11,WR,5-10,204,24,4,Penn State,Active,2026-08-31T00:08:51.695252+00:00
JAX,CJ Williams,18,WR,6-1,205,23,R,Stanford,Active,2026-08-31T00:08:51.695252+00:00
JAX,Wesley Williams,90,DE,6-3,256,21,R,Duke,Active,2026-08-31T00:08:51.695252+00:00
JAX,Jared Bartlett,45,LB,6-2,237,25,1,Cincinnati,Reserve/Injured,2026-08-31T00:08:51.695252+00:00
JAX,Garrett DiGiorgio,74,OL,6-7,320,23,R,UCLA,Reserve/Injured,2026-08-31T00:08:51.695252+00:00
JAX,Parker Hughes,53,LB,6-1,228,23,R,Middle Tennessee State,Reserve/Injured,2026-08-31T00:08:51.695252+00:00
JAX,Sam Mustipher,69,OL,6-3,306,30,6,Notre Dame,Reserve/Injured,2026-08-31T00:08:51.695252+00:00
JAX,Zach Durfee,58,DE,6-5,258,24,R,Washington,Reserve/Injured; Designated for Return,2026-08-31T00:08:51.695252+00:00
JAX,Patrick Mekari,65,OL,6-4,305,29,8,California,Reserve/Injured; Designated for Return,2026-08-31T00:08:51.695252+00:00
KC,Cyrus Allen,13,WR,5-11,180,23,R,Cincinnati,Active,2026-08-31T00:08:51.695252+00:00
KC,VJ Anthony,98,DE,6-6,260,22,R,Duke,Active,2026-08-31T00:08:51.695252+00:00
KC,Felix Anudike-Uzomah,91,DE,6-4,255,24,4,Kansas State,Active,2026-08-31T00:08:51.695252+00:00
KC,Matt Araiza,14,P,6-1,200,26,3,San Diego State,Active,2026-08-31T00:08:51.695252+00:00
KC,Andrew Armstrong,85,WR,6-4,210,25,1,Arkansas,Active,2026-08-31T00:08:51.695252+00:00
KC,Kam Arnold,53,LB,6-1,229,24,1,Boston College,Active,2026-08-31T00:08:51.695252+00:00
KC,Jeffrey Bassa,31,LB,6-2,235,23,2,Oregon,Active,2026-08-31T00:08:51.695252+00:00
KC,Kahlil Benson,70,T,6-6,319,N/A,R,Indiana,Active,2026-08-31T00:08:51.695252+00:00
KC,Wesley Bissainthe,59,LB,6-1,230,22,R,Miami,Active,2026-08-31T00:08:51.695252+00:00
KC,Nick Bolton,32,LB,5-11,237,26,6,Missouri,Active,2026-08-31T00:08:51.695252+00:00
KC,Cole Brevard,96,DT,6-3,346,24,R,Texas,Active,2026-08-31T00:08:51.695252+00:00
KC,Jake Briningstool,88,TE,6-6,240,23,2,Clemson,Active,2026-08-31T00:08:51.695252+00:00
KC,Jason Brownlee,89,WR,6-3,202,27,3,Southern Mississippi,Active,2026-08-31T00:08:51.695252+00:00
KC,Harrison Butker,7,K,6-4,205,31,10,Georgia Tech,Active,2026-08-31T00:08:51.695252+00:00
KC,Mike Caliendo,66,OL,6-4,301,28,4,Western Michigan,Active,2026-08-31T00:08:51.695252+00:00
KC,Jadon Canady,22,DB,5-11,185,23,R,Oregon,Active,2026-08-31T00:08:51.695252+00:00
KC,Cole Christiansen,48,LB,6-1,230,29,2,Army,Active,2026-08-31T00:08:51.695252+00:00
KC,Jack Cochrane,43,LB,6-3,236,27,5,South Dakota,Active,2026-08-31T00:08:51.695252+00:00
KC,Chamarri Conner,27,DB,6-0,202,26,4,Virginia Tech,Active,2026-08-31T00:08:51.695252+00:00
KC,Jacob De Jesus,80,WR,5-7,170,24,R,California,Active,2026-08-31T00:08:51.695252+00:00
KC,Mansoor Delane,5,CB,6-0,190,22,R,LSU,Active,2026-08-31T00:08:51.695252+00:00
KC,Emari Demercado,25,RB,5-9,215,27,4,TCU,Active,2026-08-31T00:08:51.695252+00:00
KC,Ethan Driskell,75,T,6-8,313,26,2,Marshall,Active,2026-08-31T00:08:51.695252+00:00
KC,Kaiir Elam,24,CB,6-1,202,25,5,Florida,Active,2026-08-31T00:08:51.695252+00:00
KC,Omari Evans,7,WR,6-0,195,22,R,Washington,Active,2026-08-31T00:08:51.695252+00:00
KC,Joshua Ezeudu,73,OL,6-4,310,26,5,North Carolina,Active,2026-08-31T00:08:51.695252+00:00
KC,Justin Fields,6,QB,6-3,227,27,6,Ohio State,Active,2026-08-31T00:08:51.695252+00:00
KC,Kristian Fulton,8,CB,5-11,197,27,6,LSU,Active,2026-08-31T00:08:51.695252+00:00
KC,Ashton Gillotte,97,DE,6-3,270,23,2,Louisville,Active,2026-08-31T00:08:51.695252+00:00
KC,Alohi Gilman,17,S,5-10,201,28,7,Notre Dame,Active,2026-08-31T00:08:51.695252+00:00
KC,Chukwuebuka Godrick,72,T,6-5,293,25,1,International,Active,2026-08-31T00:08:51.695252+00:00
KC,Noah Gray,83,TE,6-3,240,27,6,Duke,Active,2026-08-31T00:08:51.695252+00:00
KC,C.J. Hanson,61,OL,6-5,300,25,3,Holy Cross,Active,2026-08-31T00:08:51.695252+00:00
KC,Marcus Harris,68,DT,6-3,295,25,1,Auburn,Active,2026-08-31T00:08:51.695252+00:00
KC,Jaden Hicks,21,DB,6-1,215,24,3,Washington State,Active,2026-08-31T00:08:51.695252+00:00
KC,Jimmy Holiday,82,WR,6-1,211,24,1,Louisiana Tech,Active,2026-08-31T00:08:51.695252+00:00
KC,Creed Humphrey,52,C,6-4,302,27,6,Oklahoma,Active,2026-08-31T00:08:51.695252+00:00
KC,Ethan Hurkett,54,DE,6-3,259,24,R,Iowa,Active,2026-08-31T00:08:51.695252+00:00
KC,Emmett Johnson,10,RB,5-11,200,22,R,Nebraska,Active,2026-08-31T00:08:51.695252+00:00
KC,Cam Jones,45,LB,6-2,227,26,4,Indiana,Active,2026-08-31T00:08:51.695252+00:00
KC,Chris Jones,95,DT,6-6,310,32,11,Mississippi State,Active,2026-08-31T00:08:51.695252+00:00
KC,George Karlaftis,56,DE,6-4,263,25,5,Purdue,Active,2026-08-31T00:08:51.695252+00:00
KC,Travis Kelce,87,TE,6-5,250,36,14,Cincinnati,Active,2026-08-31T00:08:51.695252+00:00
KC,Niles King,94,DE,6-6,260,N/A,R,San Diego State,Active,2026-08-31T00:08:51.695252+00:00
KC,Kevin Knowles,35,DB,5-11,190,23,2,Florida State,Active,2026-08-31T00:08:51.695252+00:00
KC,Kader Kohou,26,CB,5-10,197,27,5,East Texas A&M,Active,2026-08-31T00:08:51.695252+00:00
KC,Xavier Loyd,17,WR,6-2,196,23,R,Missouri,Active,2026-08-31T00:08:51.695252+00:00
KC,Patrick Mahomes,15,QB,6-2,225,30,10,Texas Tech,Active,2026-08-31T00:08:51.695252+00:00
KC,Tanner McCalister,34,S,5-11,191,26,1,Ohio State,Active,2026-08-31T00:08:51.695252+00:00
KC,Cooper McDonald,44,LB,6-3,240,25,2,TCU,Active,2026-08-31T00:08:51.695252+00:00
KC,Amari McNeill,93,DT,6-4,300,23,R,Colorado,Active,2026-08-31T00:08:51.695252+00:00
KC,Jaylon Moore,77,OL,6-4,311,28,6,Western Michigan,Active,2026-08-31T00:08:51.695252+00:00
KC,Hunter Nourzad,64,OL,6-3,317,25,3,Penn State,Active,2026-08-31T00:08:51.695252+00:00
KC,Garrett Nussmeier,14,QB,6-1,205,24,R,LSU,Active,2026-08-31T00:08:51.695252+00:00
KC,Xavier Nwankpa,29,S,6-2,213,22,R,Iowa,Active,2026-08-31T00:08:51.695252+00:00
KC,Pete Nygra,50,C,6-4,300,24,R,Louisville,Active,2026-08-31T00:08:51.695252+00:00
KC,Emmanuel Ogbah,50,DE,6-4,275,32,11,Oklahoma State,Active,2026-08-31T00:08:51.695252+00:00
KC,Chris Oladokun,19,QB,6-1,213,28,1,South Dakota State,Active,2026-08-31T00:08:51.695252+00:00
KC,Jaydn Ott,42,RB,5-11,208,23,R,Oklahoma,Active,2026-08-31T00:08:51.695252+00:00
KC,Damon Payne,90,DT,6-4,311,23,R,Michigan,Active,2026-08-31T00:08:51.695252+00:00
KC,D'Arco Perkins-McAllister,19,CB,6-1,195,23,R,Louisiana-Monroe,Active,2026-08-31T00:08:51.695252+00:00
KC,Mason Pline,46,TE,6-7,260,26,2,Furman,Active,2026-08-31T00:08:51.695252+00:00
KC,Esa Pole,79,OL,6-7,319,25,2,Washington State,Active,2026-08-31T00:08:51.695252+00:00
KC,Nikko Remigio,81,WR,5-9,187,26,2,Fresno State,Active,2026-08-31T00:08:51.695252+00:00
KC,Rashee Rice,4,WR,6-1,204,26,4,SMU,Active,2026-08-31T00:08:51.695252+00:00
KC,Chris Roland-Wallace,30,CB,5-11,202,24,3,USC,Active,2026-08-31T00:08:51.695252+00:00
KC,Jalen Royals,11,WR,6-0,195,23,2,Utah State,Active,2026-08-31T00:08:51.695252+00:00
KC,Josh Simmons,71,T,6-5,310,23,2,Ohio State,Active,2026-08-31T00:08:51.695252+00:00
KC,DeShon Singleton,25,S,6-3,210,23,R,Nebraska,Active,2026-08-31T00:08:51.695252+00:00
KC,Brashard Smith,24,RB,5-10,196,23,2,SMU,Active,2026-08-31T00:08:51.695252+00:00
KC,EJ Smith,35,RB,5-11,211,24,R,Texas A&M,Active,2026-08-31T00:08:51.695252+00:00
KC,Trey Smith,65,G,6-6,321,27,6,Tennessee,Active,2026-08-31T00:08:51.695252+00:00
KC,Melvin Smith Jr.,39,CB,6-1,185,24,1,Southern Arkansas,Active,2026-08-31T00:08:51.695252+00:00
KC,Tyreke Smith,57,DE,6-3,255,26,3,Ohio State,Active,2026-08-31T00:08:51.695252+00:00
KC,L'Jarius Sneed,38,CB,6-1,192,29,7,Louisiana Tech,Active,2026-08-31T00:08:51.695252+00:00
KC,Kingsley Suamataia,76,OL,6-4,326,23,3,BYU,Active,2026-08-31T00:08:51.695252+00:00
KC,R Mason Thomas,51,DE,6-2,249,22,R,Oklahoma,Active,2026-08-31T00:08:51.695252+00:00
KC,Josh Thompson,62,G,6-5,315,23,R,LSU,Active,2026-08-31T00:08:51.695252+00:00
KC,Tyquan Thornton,2,WR,6-2,185,26,5,Baylor,Active,2026-08-31T00:08:51.695252+00:00
KC,Khyiris Tonga,92,NT,6-2,335,30,6,BYU,Active,2026-08-31T00:08:51.695252+00:00
KC,Drue Tranquill,23,LB,6-2,234,31,8,Notre Dame,Active,2026-08-31T00:08:51.695252+00:00
KC,Zelmar Vedder,47,CB,6-3,195,23,R,Houston,Active,2026-08-31T00:08:51.695252+00:00
KC,Kenneth Walker,9,RB,5-9,211,25,5,Michigan State,Active,2026-08-31T00:08:51.695252+00:00
KC,Tre Watson,49,TE,6-5,250,23,1,Texas A&M,Active,2026-08-31T00:08:51.695252+00:00
KC,Jeff Weimer,5,WR,6-2,211,26,R,West Virginia,Active,2026-08-31T00:08:51.695252+00:00
KC,Jared Wiley,12,TE,6-6,249,25,3,TCU,Active,2026-08-31T00:08:51.695252+00:00
KC,Nohl Williams,20,DB,6-1,200,23,2,California,Active,2026-08-31T00:08:51.695252+00:00
KC,James Winchester,41,LS,6-3,240,37,12,Oklahoma,Active,2026-08-31T00:08:51.695252+00:00
KC,Peter Woods,99,DL,6-3,310,21,R,Clemson,Active,2026-08-31T00:08:51.695252+00:00
KC,Xavier Worthy,1,WR,5-11,165,23,3,Texas,Active,2026-08-31T00:08:51.695252+00:00
KC,Omarr Norman-Lott,55,DT,6-3,315,24,2,Tennessee,Active/Physically Unable to Perform,2026-08-31T00:08:51.695252+00:00
KC,Ethan Downs,40,LB,6-4,263,23,1,Oklahoma,Reserve/Injured,2026-08-31T00:08:51.695252+00:00
KC,John Michael Gyllenborg,84,TE,6-5,251,24,R,Wyoming,Reserve/Injured,2026-08-31T00:08:51.695252+00:00
LV,Jack Bech,18,WR,6-1,214,23,2,TCU,Active,2026-08-31T00:08:51.695252+00:00
LV,Malik Benson,19,WR,6-1,195,23,R,Oregon,Active,2026-08-31T00:08:51.695252+00:00
LV,Thomas Booker IV,99,DT,6-3,301,26,4,Stanford,Active,2026-08-31T00:08:51.695252+00:00
LV,Brock Bowers,89,TE,6-4,235,23,3,Georgia,Active,2026-08-31T00:08:51.695252+00:00
LV,Spencer Burford,70,G,6-4,300,26,5,Texas-San Antonio,Active,2026-08-31T00:08:51.695252+00:00
LV,Adam Butler,69,DT,6-4,301,32,9,Vanderbilt,Active,2026-08-31T00:08:51.695252+00:00
LV,Jeremy Chinn,11,S,6-3,220,28,7,Southern Illinois,Active,2026-08-31T00:08:51.695252+00:00
LV,AJ Cole,6,P,6-4,220,30,8,NC State,Active,2026-08-31T00:08:51.695252+00:00
LV,Kirk Cousins,8,QB,6-3,209,38,15,Michigan State,Active,2026-08-31T00:08:51.695252+00:00
LV,Maxx Crosby,98,DE,6-5,255,29,8,Eastern Michigan,Active,2026-08-31T00:08:51.695252+00:00
LV,Nakobe Dean,17,LB,5-11,230,25,5,Georgia,Active,2026-08-31T00:08:51.695252+00:00
LV,Tommy Eichenberg,44,LB,6-2,234,25,3,Ohio State,Active,2026-08-31T00:08:51.695252+00:00
LV,Folorunso Fatukasi,94,DT,6-4,318,31,8,Connecticut,Active,2026-08-31T00:08:51.695252+00:00
LV,Matt Gay,4,K,6-0,232,32,5,Utah,Active,2026-08-31T00:08:51.695252+00:00
LV,DJ Glaze,71,T,6-4,331,24,3,Maryland,Active,2026-08-31T00:08:51.695252+00:00
LV,Charles Grant,60,T,6-4,304,24,2,William & Mary,Active,2026-08-31T00:08:51.695252+00:00
LV,Tonka Hemingway,97,DT,6-2,284,24,2,South Carolina,Active,2026-08-31T00:08:51.695252+00:00
LV,Connor Heyward,34,FB,6-0,230,27,5,Michigan State,Active,2026-08-31T00:08:51.695252+00:00
LV,Ashton Jeanty,2,RB,5-8,208,22,2,Boise State,Active,2026-08-31T00:08:51.695252+00:00
LV,Dalton Johnson,43,S,5-11,198,23,R,Arizona,Active,2026-08-31T00:08:51.695252+00:00
LV,Patrick Johnson,93,DE,6-2,248,28,6,Tulane,Active,2026-08-31T00:08:51.695252+00:00
LV,Taron Johnson,3,CB,5-11,192,30,9,Weber State,Active,2026-08-31T00:08:51.695252+00:00
LV,Malcolm Koonce,51,DE,6-3,243,28,6,Buffalo,Active,2026-08-31T00:08:51.695252+00:00
LV,Dylan Laube,23,RB,5-9,204,26,3,New Hampshire,Active,2026-08-31T00:08:51.695252+00:00
LV,Jonah Laulu,96,DT,6-5,289,26,3,Oklahoma,Active,2026-08-31T00:08:51.695252+00:00
LV,Cody Lindenberg,55,LB,6-2,236,24,2,Minnesota,Active,2026-08-31T00:08:51.695252+00:00
LV,Tyler Linderbaum,65,C,6-2,305,26,5,Iowa,Active,2026-08-31T00:08:51.695252+00:00
LV,Atonio Mafi,56,G,6-3,330,25,2,UCLA,Active,2026-08-31T00:08:51.695252+00:00
LV,Hezekiah Masses,35,CB,6-1,185,22,R,California,Active,2026-08-31T00:08:51.695252+00:00
LV,Michael Mayer,87,TE,6-4,256,25,4,Notre Dame,Active,2026-08-31T00:08:51.695252+00:00
LV,Tristin McCollum,27,S,6-3,195,27,3,Sam Houston State,Active,2026-08-31T00:08:51.695252+00:00
LV,Jermod McCoy,28,CB,6-0,193,21,R,Tennessee,Active,2026-08-31T00:08:51.695252+00:00
LV,Fernando Mendoza,15,QB,6-5,225,22,R,Indiana,Active,2026-08-31T00:08:51.695252+00:00
LV,Kolton Miller,74,T,6-8,326,30,9,UCLA,Active,2026-08-31T00:08:51.695252+00:00
LV,Jalen Nailor,9,WR,6-0,190,27,5,Michigan State,Active,2026-08-31T00:08:51.695252+00:00
LV,Aidan O'Connell,12,QB,6-3,206,27,4,Purdue,Active,2026-08-31T00:08:51.695252+00:00
LV,Kwity Paye,95,DE,6-3,265,27,6,Michigan,Active,2026-08-31T00:08:51.695252+00:00
LV,JJ Pegues,92,DT,6-2,325,24,2,Mississippi,Active,2026-08-31T00:08:51.695252+00:00
LV,Isaiah Pola-Mao,20,S,6-3,204,27,5,USC,Active,2026-08-31T00:08:51.695252+00:00
LV,Darien Porter,26,CB,6-2,195,25,2,Iowa State,Active,2026-08-31T00:08:51.695252+00:00
LV,Jackson Powers-Johnson,58,G/C,6-3,325,23,3,Oregon,Active,2026-08-31T00:08:51.695252+00:00
LV,Decamerion Richardson,25,CB,6-2,192,25,3,Mississippi State,Active,2026-08-31T00:08:51.695252+00:00
LV,Caleb Rogers,76,G,6-4,312,24,2,Texas Tech,Active,2026-08-31T00:08:51.695252+00:00
LV,Eric Stokes,5,CB,6-1,193,27,6,Georgia,Active,2026-08-31T00:08:51.695252+00:00
LV,Treydan Stukes,31,S,6-2,200,24,R,Arizona,Active,2026-08-31T00:08:51.695252+00:00
LV,Ian Thomas,80,TE,6-3,253,30,9,Indiana,Active,2026-08-31T00:08:51.695252+00:00
LV,Dont'e Thornton Jr.,10,WR,6-5,205,23,2,Tennessee,Active,2026-08-31T00:08:51.695252+00:00
LV,Tre Tucker,1,WR,5-8,182,25,4,Cincinnati,Active,2026-08-31T00:08:51.695252+00:00
LV,Quay Walker,7,LB,6-4,240,26,5,Georgia,Active,2026-08-31T00:08:51.695252+00:00
LV,Alex Ward,47,LS,6-4,240,27,4,UCF,Active,2026-08-31T00:08:51.695252+00:00
LV,Mike Washington Jr.,30,RB,6-2,228,23,R,Arkansas,Active,2026-08-31T00:08:51.695252+00:00
LV,Dareke Young,81,WR,6-2,224,27,5,Lenoir Rhyne,Active,2026-08-31T00:08:51.695252+00:00
LV,Trey Zuhn III,66,G,6-7,319,23,R,Texas A&M,Active,2026-08-31T00:08:51.695252+00:00
LV,Chigozie Anusiem,--,CB,6-1,200,25,2,Colorado State,Reserve/Injured,2026-08-31T00:08:51.695252+00:00
LV,Chris Collier,--,RB,5-10,203,26,2,University of Lock Haven,Reserve/Injured,2026-08-31T00:08:51.695252+00:00
LV,Keyron Crawford,42,DE,6-4,253,22,R,Auburn,Reserve/Injured,2026-08-31T00:08:51.695252+00:00
LV,Brennan Jackson,--,LB,6-4,263,25,3,Washington State,Reserve/Injured,2026-08-31T00:08:51.695252+00:00
LV,Justin Pickett,--,G,6-7,317,23,R,Duke,Reserve/Injured,2026-08-31T00:08:51.695252+00:00
LV,Corey Rucker,--,WR,6-0,213,24,R,Arkansas State,Reserve/Injured,2026-08-31T00:08:51.695252+00:00
LV,Justin Shorter,--,WR,6-4,227,26,4,Florida,Reserve/Injured,2026-08-31T00:08:51.695252+00:00
LV,Carter Runyon,84,TE,6-4,243,25,2,Towson,Reserve/Injured; Designated for Return,2026-08-31T00:08:51.695252+00:00
LAC,Joe Alt,76,T,6-8,322,23,3,Notre Dame,Active,2026-08-31T00:08:51.695252+00:00
LAC,Noah Avinger,31,S,6-0,190,24,R,Utah State,Active,2026-08-31T00:08:51.695252+00:00
LAC,Kayode Awosika,74,G,6-3,312,27,5,Buffalo,Active,2026-08-31T00:08:51.695252+00:00
LAC,Nick Barrett,91,DL,6-3,327,23,R,South Carolina,Active,2026-08-31T00:08:51.695252+00:00
LAC,Lander Barton,57,LB,6-5,240,22,R,Utah,Active,2026-08-31T00:08:51.695252+00:00
LAC,Tyler Biadasz,63,C,6-4,318,28,7,Wisconsin,Active,2026-08-31T00:08:51.695252+00:00
LAC,Peter Bowden,59,LS,6-2,242,25,1,Wisconsin,Active,2026-08-31T00:08:51.695252+00:00
LAC,Jerand Bradley,36,TE,6-5,223,23,R,Kansas State,Active,2026-08-31T00:08:51.695252+00:00
LAC,Sincere Brown,38,WR,6-5,190,24,R,Colorado,Active,2026-08-31T00:08:51.695252+00:00
LAC,Travis Burke,77,T,6-9,315,23,R,Memphis,Active,2026-08-31T00:08:51.695252+00:00
LAC,Jamaree Caldwell,99,DL,6-1,340,26,2,Oregon,Active,2026-08-31T00:08:51.695252+00:00
LAC,Dalevon Campbell,81,WR,6-4,220,24,2,South Carolina,Active,2026-08-31T00:08:51.695252+00:00
LAC,Andre Carter II,51,OLB,6-6,256,26,2,Army,Active,2026-08-31T00:08:51.695252+00:00
LAC,Jahmeer Carter,61,DL,6-2,311,23,R,Virginia,Active,2026-08-31T00:08:51.695252+00:00
LAC,Liam Clifford,39,WR,6-1,205,N/A,R,Penn State,Active,2026-08-31T00:08:51.695252+00:00
LAC,Junior Colson,25,LB,6-3,247,23,3,Michigan,Active,2026-08-31T00:08:51.695252+00:00
LAC,Derius Davis,12,WR,5-8,165,25,4,TCU,Active,2026-08-31T00:08:51.695252+00:00
LAC,Gregory Desrosiers,31,RB,5-11,200,25,R,Memphis,Active,2026-08-31T00:08:51.695252+00:00
LAC,Cameron Dicker,11,K,6-1,216,26,5,Texas,Active,2026-08-31T00:08:51.695252+00:00
LAC,Bud Dupree,48,OLB,6-4,269,33,12,Kentucky,Active,2026-08-31T00:08:51.695252+00:00
LAC,Troy Dye,43,LB,6-3,225,29,7,Oregon,Active,2026-08-31T00:08:51.695252+00:00
LAC,Justin Eboigbe,92,DL,6-5,292,25,3,Alabama,Active,2026-08-31T00:08:51.695252+00:00
LAC,TeRah Edwards,96,DL,6-2,305,25,1,Illinois,Active,2026-08-31T00:08:51.695252+00:00
LAC,Oronde Gadsden,86,TE,6-5,236,23,2,Syracuse,Active,2026-08-31T00:08:51.695252+00:00
LAC,Devin Grant,38,S,6-4,205,22,R,Syracuse,Active,2026-08-31T00:08:51.695252+00:00
LAC,Jacobian Guillory,95,DL,6-2,318,25,R,LSU,Active,2026-08-31T00:08:51.695252+00:00
LAC,Omarion Hampton,8,RB,6-0,220,23,2,North Carolina,Active,2026-08-31T00:08:51.695252+00:00
LAC,Alex Harkey,73,G,6-6,327,25,R,Oregon,Active,2026-08-31T00:08:51.695252+00:00
LAC,Tre' Harris,9,WR,6-3,210,24,2,Mississippi,Active,2026-08-31T00:08:51.695252+00:00
LAC,Josh Harris,47,LS,6-1,224,37,15,Auburn,Active,2026-08-31T00:08:51.695252+00:00
LAC,Cam Hart,20,CB,6-2,207,25,3,Notre Dame,Active,2026-08-31T00:08:51.695252+00:00
LAC,Daiyan Henley,0,LB,6-0,225,26,4,Washington State,Active,2026-08-31T00:08:51.695252+00:00
LAC,Justin Herbert,10,QB,6-6,236,28,7,Oregon,Active,2026-08-31T00:08:51.695252+00:00
LAC,Alec Ingold,30,FB,6-1,240,30,8,Wisconsin,Active,2026-08-31T00:08:51.695252+00:00
LAC,Donte Jackson,26,CB,5-10,180,30,8,Louisiana State,Active,2026-08-31T00:08:51.695252+00:00
LAC,JaQuae Jackson,82,WR,6-1,184,26,2,Rutgers,Active,2026-08-31T00:08:51.695252+00:00
LAC,Derwin James Jr.,3,S,6-2,215,30,9,Florida State,Active,2026-08-31T00:08:51.695252+00:00
LAC,Tony Jefferson,23,S,5-11,212,34,12,Oklahoma,Active,2026-08-31T00:08:51.695252+00:00
LAC,Amar Johnson,35,RB,5-10,205,23,1,South Dakota State,Active,2026-08-31T00:08:51.695252+00:00
LAC,Emany Johnson,50,LB,6-2,218,25,1,Nevada,Active,2026-08-31T00:08:51.695252+00:00
LAC,Quentin Johnston,1,WR,6-2,208,24,4,TCU,Active,2026-08-31T00:08:51.695252+00:00
LAC,Josh Kaltenberger,68,C,6-6,308,25,1,Maryland,Active,2026-08-31T00:08:51.695252+00:00
LAC,Kyle Kennard,54,OLB,6-5,254,24,2,South Carolina,Active,2026-08-31T00:08:51.695252+00:00
LAC,Charlie Kolar,88,TE,6-6,250,27,5,Iowa State,Active,2026-08-31T00:08:51.695252+00:00
LAC,KeAndre Lambert-Smith,84,WR,6-1,182,24,2,Auburn,Active,2026-08-31T00:08:51.695252+00:00
LAC,Trey Lance,5,QB,6-4,226,26,6,North Dakota State,Active,2026-08-31T00:08:51.695252+00:00
LAC,Deane Leonard,33,DB,6-0,195,26,5,Mississippi,Active,2026-08-31T00:08:51.695252+00:00
LAC,Khalil Mack,52,OLB,6-3,269,35,13,Buffalo,Active,2026-08-31T00:08:51.695252+00:00
LAC,Scott Matlock,44,FB/DL,6-4,296,26,4,Boise State,Active,2026-08-31T00:08:51.695252+00:00
LAC,Ladd McConkey,15,WR,6-0,185,24,3,Georgia,Active,2026-08-31T00:08:51.695252+00:00
LAC,Akheem Mesidor,90,OLB,6-3,280,25,R,Miami,Active,2026-08-31T00:08:51.695252+00:00
LAC,RJ Mickens,27,S,6-0,210,25,2,Clemson,Active,2026-08-31T00:08:51.695252+00:00
LAC,Keaton Mitchell,34,RB,5-8,191,24,4,East Carolina,Active,2026-08-31T00:08:51.695252+00:00
LAC,Elijah Molden,2,DB,5-10,192,27,6,Washington,Active,2026-08-31T00:08:51.695252+00:00
LAC,David Njoku,83,TE,6-4,246,30,12,Miami,Active,2026-08-31T00:08:51.695252+00:00
LAC,Johnny Pascuzzi,42,TE,6-4,241,24,R,Tulane,Active,2026-08-31T00:08:51.695252+00:00
LAC,Jaret Patterson,32,RB,5-8,195,26,3,Buffalo,Active,2026-08-31T00:08:51.695252+00:00
LAC,Trevor Penning,75,OL,6-7,325,27,5,Northern Iowa,Active,2026-08-31T00:08:51.695252+00:00
LAC,Denzel Perryman,6,LB,5-11,240,33,12,Miami,Active,2026-08-31T00:08:51.695252+00:00
LAC,Del'Shawn Phillips,53,LB,6-2,230,29,7,Illinois,Active,2026-08-31T00:08:51.695252+00:00
LAC,Trey Pipkins III,79,T,6-6,307,29,8,Sioux Falls,Active,2026-08-31T00:08:51.695252+00:00
LAC,Myles Purchase,41,S,5-11,205,23,1,Iowa State,Active,2026-08-31T00:08:51.695252+00:00
LAC,Garmon Randolph,97,OLB,6-8,260,25,1,Baylor,Active,2026-08-31T00:08:51.695252+00:00
LAC,Nikko Reed,46,CB,5-10,180,23,2,Oregon,Active,2026-08-31T00:08:51.695252+00:00
LAC,Eric Rogers,39,CB,6-2,189,24,2,Rutgers,Active,2026-08-31T00:08:51.695252+00:00
LAC,Devonte Ross,24,WR,5-10,170,23,R,Penn State,Active,2026-08-31T00:08:51.695252+00:00
LAC,JK Scott,16,P,6-5,208,30,8,Alabama,Active,2026-08-31T00:08:51.695252+00:00
LAC,Rodney Shelley,24,CB,5-11,180,24,R,Georgia Tech,Active,2026-08-31T00:08:51.695252+00:00
LAC,Rashawn Slater,70,T,6-4,315,27,6,Northwestern,Active,2026-08-31T00:08:51.695252+00:00
LAC,Jake Slaughter,66,OL,6-4,308,23,R,Florida,Active,2026-08-31T00:08:51.695252+00:00
LAC,Avery Smith,36,CB,5-10,185,22,R,Toledo,Active,2026-08-31T00:08:51.695252+00:00
LAC,Genesis Smith,22,S,6-2,204,21,R,Arizona,Active,2026-08-31T00:08:51.695252+00:00
LAC,Jacob Spomer,60,C,6-3,290,25,R,Fresno State,Active,2026-08-31T00:08:51.695252+00:00
LAC,Tarheeb Still,4,CB,6-1,196,24,3,Maryland,Active,2026-08-31T00:08:51.695252+00:00
LAC,Cole Strange,69,G,6-5,305,28,5,Tennessee-Chattanooga,Active,2026-08-31T00:08:51.695252+00:00
LAC,Evan Svoboda,49,TE,6-5,251,23,R,Wyoming,Active,2026-08-31T00:08:51.695252+00:00
LAC,Teair Tart,93,DL,6-2,315,29,7,Florida International,Active,2026-08-31T00:08:51.695252+00:00
LAC,Branson Taylor,71,G,6-6,330,24,1,Pittsburgh,Active,2026-08-31T00:08:51.695252+00:00
LAC,Logan Taylor,65,G,6-7,312,24,R,Boston College,Active,2026-08-31T00:08:51.695252+00:00
LAC,Brenen Thompson,89,WR,5-9,170,23,R,Mississippi State,Active,2026-08-31T00:08:51.695252+00:00
LAC,Dalvin Tomlinson,94,DL,6-3,317,32,10,Alabama,Active,2026-08-31T00:08:51.695252+00:00
LAC,Nadame Tucker,56,OLB,6-3,250,26,R,Western Michigan,Active,2026-08-31T00:08:51.695252+00:00
LAC,Tuli Tuipulotu,45,OLB,6-3,266,23,4,Southern California,Active,2026-08-31T00:08:51.695252+00:00
LAC,DJ Uiagalelei,7,QB,6-4,252,25,1,Florida State,Active,2026-08-31T00:08:51.695252+00:00
LAC,Laekin Vakalahi,78,T,6-5,327,23,1,,Active,2026-08-31T00:08:51.695252+00:00
LAC,Kimani Vidal,28,RB,5-8,215,25,3,Troy,Active,2026-08-31T00:08:51.695252+00:00
LAC,Marlowe Wax,58,LB,6-1,236,23,2,Syracuse,Active,2026-08-31T00:08:51.695252+00:00
LAC,Isas Waxter,37,CB,6-1,209,24,1,Villanova,Active,2026-08-31T00:08:51.695252+00:00
LAC,Terry Webb,64,DL,6-3,313,23,R,SMU,Active,2026-08-31T00:08:51.695252+00:00
LAC,Kendall Williamson,40,S,6-0,203,26,2,Stanford,Active,2026-08-31T00:08:51.695252+00:00
LAC,Isaiah World,67,T,6-8,318,22,R,Oregon,Active/Non-Football Injury,2026-08-31T00:08:51.695252+00:00
LA,Davante Adams,17,WR,6-1,204,33,13,Fresno State,Active,2026-08-31T00:08:51.695252+00:00
LA,Davis Allen,87,TE,6-6,253,25,4,Clemson,Active,2026-08-31T00:08:51.695252+00:00
LA,Tutu Atwell,8,WR,5-9,165,26,6,Louisville,Active,2026-08-31T00:08:51.695252+00:00
LA,Steve Avila,73,OL,6-3,332,26,4,TCU,Active,2026-08-31T00:08:51.695252+00:00
LA,Wesley Bailey,47,OLB,6-5,265,25,R,Louisville,Active,2026-08-31T00:08:51.695252+00:00
LA,Stetson Bennett IV,13,QB,5-11,192,28,3,Georgia,Active,2026-08-31T00:08:51.695252+00:00
LA,Joe Cardona,49,LS,6-2,245,34,12,Navy,Active,2026-08-31T00:08:51.695252+00:00
LA,Blake Corum,24,RB,5-8,202,25,3,Michigan,Active,2026-08-31T00:08:51.695252+00:00
LA,Kam Curl,3,S,6-2,207,27,7,Arkansas,Active,2026-08-31T00:08:51.695252+00:00
LA,CJ Daniels,6,WR,6-2,202,24,R,Miami,Active,2026-08-31T00:08:51.695252+00:00
LA,Tyler Davis,90,DE,6-2,306,25,3,Clemson,Active,2026-08-31T00:08:51.695252+00:00
LA,Shaun Dolac,56,ILB,6-1,222,24,2,Buffalo,Active,2026-08-31T00:08:51.695252+00:00
LA,Aaron Donald,99,DT,6-1,285,N/A,10,Pittsburgh,Active,2026-08-31T00:08:51.695252+00:00
LA,Kevin Dotson,69,OL,6-4,328,29,7,Louisiana-Lafayette,Active,2026-08-31T00:08:51.695252+00:00
LA,Ethan Evans,42,P,6-3,253,25,4,Wingate,Active,2026-08-31T00:08:51.695252+00:00
LA,Terrance Ferguson,18,TE,6-5,252,23,2,Oregon,Active,2026-08-31T00:08:51.695252+00:00
LA,Braden Fiske,55,DE,6-5,294,26,3,Florida State,Active,2026-08-31T00:08:51.695252+00:00
LA,Emmanuel Forbes Jr.,1,CB,6-0,173,25,4,Mississippi State,Active,2026-08-31T00:08:51.695252+00:00
LA,Poona Ford,97,NT,5-11,314,30,9,Texas,Active,2026-08-31T00:08:51.695252+00:00
LA,Myles Garrett,95,DE,6-4,272,30,10,Texas A&M,Active,2026-08-31T00:08:51.695252+00:00
LA,Ty Hamilton,57,DL,6-3,301,24,2,Ohio State,Active,2026-08-31T00:08:51.695252+00:00
LA,Tyler Higbee,89,TE,6-6,253,33,11,Western Kentucky,Active,2026-08-31T00:08:51.695252+00:00
LA,Alaric Jackson,77,OL,6-7,338,28,6,Iowa,Active,2026-08-31T00:08:51.695252+00:00
LA,Desjuan Johnson,94,OLB,6-3,278,26,4,Toledo,Active,2026-08-31T00:08:51.695252+00:00
LA,Kamren Kinchens,5,S,6-0,201,23,3,Miami,Active,2026-08-31T00:08:51.695252+00:00
LA,Max Klare,86,TE,6-4,246,23,R,Ohio State,Active,2026-08-31T00:08:51.695252+00:00
LA,Quentin Lake,37,S,6-1,204,27,5,UCLA,Active,2026-08-31T00:08:51.695252+00:00
LA,Nate Landman,53,ILB,6-3,234,27,5,Colorado,Active,2026-08-31T00:08:51.695252+00:00
LA,Beaux Limmer,50,OL,6-5,318,25,3,Arkansas,Active,2026-08-31T00:08:51.695252+00:00
LA,Warren McClendon Jr.,71,OL,6-4,315,25,4,Georgia,Active,2026-08-31T00:08:51.695252+00:00
LA,Jaylen McCollough,2,S,6-0,211,25,3,Tennessee,Active,2026-08-31T00:08:51.695252+00:00
LA,Trent McDuffie,22,CB,5-11,193,25,5,Washington,Active,2026-08-31T00:08:51.695252+00:00
LA,Dylan McMahon,63,OL,6-3,290,25,2,N.C. State,Active,2026-08-31T00:08:51.695252+00:00
LA,Harrison Mevis,92,K,6-0,245,24,2,Missouri,Active,2026-08-31T00:08:51.695252+00:00
LA,Konata Mumpfield,4,WR,6-1,188,23,2,Pittsburgh,Active,2026-08-31T00:08:51.695252+00:00
LA,Bill Murray,66,OL,6-4,265,29,2,William & Mary,Active,2026-08-31T00:08:51.695252+00:00
LA,Puka Nacua,12,WR,6-2,216,25,4,BYU,Active,2026-08-31T00:08:51.695252+00:00
LA,Colby Parkinson,84,TE,6-7,266,27,7,Stanford,Active,2026-08-31T00:08:51.695252+00:00
LA,David Quessenberry,68,OL,6-5,310,36,9,San Jose State,Active,2026-08-31T00:08:51.695252+00:00
LA,Ronnie Rivers,20,RB,5-9,198,27,5,Fresno State,Active,2026-08-31T00:08:51.695252+00:00
LA,Coleman Shelton,65,OL,6-5,292,31,8,Washington,Active,2026-08-31T00:08:51.695252+00:00
LA,Ty Simpson,15,QB,6-1,211,23,R,Alabama,Active,2026-08-31T00:08:51.695252+00:00
LA,Xavier Smith,19,WR,5-9,180,28,3,Florida A&M,Active,2026-08-31T00:08:51.695252+00:00
LA,Omar Speights,48,ILB,6-1,234,25,3,LSU,Active,2026-08-31T00:08:51.695252+00:00
LA,Matthew Stafford,9,QB,6-3,214,38,18,Georgia,Active,2026-08-31T00:08:51.695252+00:00
LA,Josaiah Stewart,10,OLB,6-1,251,23,2,Michigan,Active,2026-08-31T00:08:51.695252+00:00
LA,Grant Stuard,44,LB,5-11,230,27,6,Houston,Active,2026-08-31T00:08:51.695252+00:00
LA,Kobie Turner,91,DE,6-2,294,27,4,Wake Forest,Active,2026-08-31T00:08:51.695252+00:00
LA,Josh Wallace,30,CB,6-0,190,26,3,Michigan,Active,2026-08-31T00:08:51.695252+00:00
LA,Jaylen Watson,35,CB,6-2,197,27,5,Washington State,Active,2026-08-31T00:08:51.695252+00:00
LA,Jordan Whittington,88,WR,6-1,202,25,3,Texas,Active,2026-08-31T00:08:51.695252+00:00
LA,Kyren Williams,23,RB,5-9,207,26,5,Notre Dame,Active,2026-08-31T00:08:51.695252+00:00
LA,Byron Young,0,OLB,6-2,260,28,4,Tennessee,Active,2026-08-31T00:08:51.695252+00:00
LA,Matthew Caldwell,2,QB,6-4,209,23,R,Texas,Reserve/Injured,2026-08-31T00:08:51.695252+00:00
LA,Justin Dedich,67,OL,6-2,296,26,3,USC,Reserve/Injured,2026-08-31T00:08:51.695252+00:00
LA,Keagen Trost,79,OL,6-4,311,25,R,Missouri,Reserve/Injured,2026-08-31T00:08:51.695252+00:00
MIA,De'Von Achane,28,RB,5-9,195,24,4,Texas A&M,Active,2026-08-31T00:08:51.695252+00:00
MIA,Tucker Addington,46,LS,6-2,230,29,1,Sam Houston State,Active,2026-08-31T00:08:51.695252+00:00
MIA,Zayne Anderson,23,S,6-2,206,29,4,BYU,Active,2026-08-31T00:08:51.695252+00:00
MIA,Robert Beal Jr.,51,EDGE,6-4,264,27,4,Georgia,Active,2026-08-31T00:08:51.695252+00:00
MIA,Chris Bell,18,WR,6-2,228,22,R,Louisville,Active,2026-08-31T00:08:51.695252+00:00
MIA,Zeek Biggers,93,DL,6-6,315,22,2,Georgia Tech,Active,2026-08-31T00:08:51.695252+00:00
MIA,Ethan Bonner,27,CB,6-1,192,26,3,Stanford,Active,2026-08-31T00:08:51.695252+00:00
MIA,JuJu Brents,8,CB,6-3,203,26,4,Kansas State,Active,2026-08-31T00:08:51.695252+00:00
MIA,Aaron Brewer,55,C,6-1,290,28,7,Texas State,Active,2026-08-31T00:08:51.695252+00:00
MIA,Jordyn Brooks,20,ILB,6-0,240,28,7,Texas Tech,Active,2026-08-31T00:08:51.695252+00:00
MIA,DJ Campbell,63,G,6-3,321,22,R,Texas,Active,2026-08-31T00:08:51.695252+00:00
MIA,Kevin Coleman Jr.,83,WR,5-10,180,22,R,Missouri,Active,2026-08-31T00:08:51.695252+00:00
MIA,Keith Cooper Jr.,97,DL,6-5,285,23,1,Houston,Active,2026-08-31T00:08:51.695252+00:00
MIA,Marques Cox,70,T,6-5,315,26,1,Kentucky,Active,2026-08-31T00:08:51.695252+00:00
MIA,Caleb Douglas,7,WR,6-4,208,22,R,Texas Tech,Active,2026-08-31T00:08:51.695252+00:00
MIA,Greg Dulcich,85,TE,6-4,245,26,5,UCLA,Active,2026-08-31T00:08:51.695252+00:00
MIA,Clelin Ferrell,98,EDGE,6-4,260,29,8,Clemson,Active,2026-08-31T00:08:51.695252+00:00
MIA,Willie Gay Jr.,40,ILB,6-1,246,28,7,Mississippi State,Active,2026-08-31T00:08:51.695252+00:00
MIA,Ollie Gordon II,0,RB,6-2,225,22,2,Oklahoma State,Active,2026-08-31T00:08:51.695252+00:00
MIA,A.J. Green III,24,CB,6-2,193,28,4,Oklahoma State,Active,2026-08-31T00:08:51.695252+00:00
MIA,Ronnie Harrison Jr.,56,ILB,6-2,220,29,9,Alabama,Active,2026-08-31T00:08:51.695252+00:00
MIA,AJ Henning,88,WR,5-10,190,24,1,Northwestern,Active,2026-08-31T00:08:51.695252+00:00
MIA,DJ Herman,34,FB,6-1,242,24,R,San Diego State,Active,2026-08-31T00:08:51.695252+00:00
MIA,Austin Jackson,73,T,6-5,305,27,7,USC,Active,2026-08-31T00:08:51.695252+00:00
MIA,Chris Johnson,3,CB,6-0,196,21,R,San Diego State,Active,2026-08-31T00:08:51.695252+00:00
MIA,Will Kacmarek,82,TE,6-6,264,23,R,Ohio State,Active,2026-08-31T00:08:51.695252+00:00
MIA,Max Llewellyn,57,EDGE,6-5,260,24,R,Iowa,Active,2026-08-31T00:08:51.695252+00:00
MIA,Kyle Louis,19,ILB,6-0,225,22,R,Pittsburgh,Active,2026-08-31T00:08:51.695252+00:00
MIA,Jason Marshall Jr.,33,CB,6-0,204,23,2,Florida,Active,2026-08-31T00:08:51.695252+00:00
MIA,Kyle McCord,,QB,6-3,218,23,1,Syracuse,Active,2026-08-31T00:08:51.695252+00:00
MIA,Andrew Meyer,60,C,6-3,290,26,3,Texas-El Paso,Active,2026-08-31T00:08:51.695252+00:00
MIA,Ryan Miller,84,WR,6-2,221,26,3,Furman,Active,2026-08-31T00:08:51.695252+00:00
MIA,Riley Patterson,47,K,6-0,196,26,6,Memphis,Active,2026-08-31T00:08:51.695252+00:00
MIA,Patrick Paul,52,T,6-7,325,24,3,Houston,Active,2026-08-31T00:08:51.695252+00:00
MIA,Jordan Phillips,94,DL,6-3,324,22,2,Maryland,Active,2026-08-31T00:08:51.695252+00:00
MIA,Bradley Pinion,48,P,6-5,250,32,12,Clemson,Active,2026-08-31T00:08:51.695252+00:00
MIA,Josh Priebe,68,G/T,6-5,300,25,1,Michigan,Active,2026-08-31T00:08:51.695252+00:00
MIA,Kadyn Proctor,74,G/T,6-7,360,21,R,Alabama,Active,2026-08-31T00:08:51.695252+00:00
MIA,Chop Robinson,44,EDGE,6-3,265,23,3,Penn State,Active,2026-08-31T00:08:51.695252+00:00
MIA,Jacob Rodriguez,10,ILB,6-1,235,23,R,Texas Tech,Active,2026-08-31T00:08:51.695252+00:00
MIA,Jonah Savaiinaea,71,G,6-5,325,22,2,Arizona,Active,2026-08-31T00:08:51.695252+00:00
MIA,Zach Sieler,92,DL,6-6,300,30,9,Ferris State,Active,2026-08-31T00:08:51.695252+00:00
MIA,Ben Sims,89,TE,6-5,251,26,4,Baylor,Active,2026-08-31T00:08:51.695252+00:00
MIA,Michael Taaffe,31,S,6-0,190,23,R,Texas,Active,2026-08-31T00:08:51.695252+00:00
MIA,Jalen Tolbert,1,WR,6-1,195,27,5,South Alabama,Active,2026-08-31T00:08:51.695252+00:00
MIA,Dante Trader Jr.,11,S,5-11,202,23,2,Maryland,Active,2026-08-31T00:08:51.695252+00:00
MIA,Seydou Traore,49,TE,6-4,242,24,R,Mississippi State,Active,2026-08-31T00:08:51.695252+00:00
MIA,Josh Uche,9,EDGE,6-3,252,27,7,Michigan,Active,2026-08-31T00:08:51.695252+00:00
MIA,Caedan Wallace,75,G/T,6-5,314,26,3,Penn State,Active,2026-08-31T00:08:51.695252+00:00
MIA,Malik Washington,6,WR,5-8,192,25,3,Virginia,Active,2026-08-31T00:08:51.695252+00:00
MIA,Malik Willis,2,QB,6-1,225,27,5,Liberty,Active,2026-08-31T00:08:51.695252+00:00
MIA,Jackson Woodard,42,ILB,6-2,229,24,1,UNLV,Active,2026-08-31T00:08:51.695252+00:00
MIA,Jaylen Wright,5,RB,5-10,205,23,3,Tennessee,Active,2026-08-31T00:08:51.695252+00:00
MIA,Darrell Baker Jr.,22,CB,6-1,197,28,4,Georgia Southern,Active/Physically Unable to Perform,2026-08-31T00:08:51.695252+00:00
MIA,Storm Duck,29,CB,6-0,195,25,3,Louisville,Active/Physically Unable to Perform,2026-08-31T00:08:51.695252+00:00
MIA,Kenneth Grant,78,DL,6-3,326,22,2,Michigan,Reserve/Injured,2026-08-31T00:08:51.695252+00:00
MIA,Rene Konga,95,DL,6-3,298,23,R,Louisville,Reserve/Injured,2026-08-31T00:08:51.695252+00:00
MIA,Trey Moore,17,EDGE/ILB,6-2,247,23,R,Texas,Reserve/Injured,2026-08-31T00:08:51.695252+00:00
MIA,Cole Turner,87,TE,6-6,261,26,3,Nevada,Reserve/Injured,2026-08-31T00:08:51.695252+00:00
MIA,Carter Warren,77,T,6-5,311,27,3,Pittsburgh,Reserve/Injured,2026-08-31T00:08:51.695252+00:00
MIN,Jordan Addison,3,WR,5-11,179,24,4,USC,Active,2026-08-31T00:08:51.695252+00:00
MIN,Caleb Banks,95,DL,6-6,327,23,R,Florida,Active,2026-08-31T00:08:51.695252+00:00
MIN,Gavin Bartholomew,86,TE,6-5,249,23,2,Pittsburgh,Active,2026-08-31T00:08:51.695252+00:00
MIN,Dillon Bell,89,WR,6-0,209,22,R,Georgia,Active,2026-08-31T00:08:51.695252+00:00
MIN,Blake Brandel,64,C,6-6,315,29,6,Oregon State,Active,2026-08-31T00:08:51.695252+00:00
MIN,Max Bredeson,45,FB,6-2,252,23,R,Michigan,Active,2026-08-31T00:08:51.695252+00:00
MIN,Max Brosmer,12,QB,6-2,218,25,2,Minnesota,Active,2026-08-31T00:08:51.695252+00:00
MIN,Blake Cashman,51,LB,6-1,235,30,8,Minnesota,Active,2026-08-31T00:08:51.695252+00:00
MIN,Chaz Chambliss,40,OLB,6-1,244,23,2,Georgia,Active,2026-08-31T00:08:51.695252+00:00
MIN,Demond Claiborne,21,RB,5-10,188,22,R,Wake Forest,Active,2026-08-31T00:08:51.695252+00:00
MIN,Christian Darrisaw,71,T,6-5,315,27,6,Virginia Tech,Active,2026-08-31T00:08:51.695252+00:00
MIN,Charles Demmings,20,CB,6-1,193,23,R,Stephen F. Austin State,Active,2026-08-31T00:08:51.695252+00:00
MIN,Andrew DePaola,42,LS,6-1,227,39,12,Rutgers,Active,2026-08-31T00:08:51.695252+00:00
MIN,Tai Felton,13,WR,6-1,186,23,2,Maryland,Active,2026-08-31T00:08:51.695252+00:00
MIN,Will Fries,76,G,6-6,321,28,6,Penn State,Active,2026-08-31T00:08:51.695252+00:00
MIN,Jake Golday,41,LB,6-4,240,23,R,Cincinnati,Active,2026-08-31T00:08:51.695252+00:00
MIN,T.J. Hockenson,87,TE,6-5,248,29,8,Iowa,Active,2026-08-31T00:08:51.695252+00:00
MIN,Joe Huber,60,G,6-5,310,24,2,Wisconsin,Active,2026-08-31T00:08:51.695252+00:00
MIN,Tyrion Ingram-Dawkins,90,DL,6-5,290,23,2,Georgia,Active,2026-08-31T00:08:51.695252+00:00
MIN,Donovan Jackson,74,G,6-4,324,23,2,Ohio State,Active,2026-08-31T00:08:51.695252+00:00
MIN,Theo Jackson,26,S,6-1,205,27,5,Tennessee,Active,2026-08-31T00:08:51.695252+00:00
MIN,Justin Jefferson,18,WR,6-1,195,27,7,LSU,Active,2026-08-31T00:08:51.695252+00:00
MIN,Jauan Jennings,14,WR,6-3,212,29,6,Tennessee,Active,2026-08-31T00:08:51.695252+00:00
MIN,Aaron Jones Sr.,33,RB,5-10,208,31,10,Texas-El Paso,Active,2026-08-31T00:08:51.695252+00:00
MIN,Jordan Mason,27,RB,5-11,230,27,5,Georgia Tech,Active,2026-08-31T00:08:51.695252+00:00
MIN,J.J. McCarthy,9,QB,6-3,219,23,3,Michigan,Active,2026-08-31T00:08:51.695252+00:00
MIN,Joshua Metellus,44,S,5-11,208,28,7,Michigan,Active,2026-08-31T00:08:51.695252+00:00
MIN,Byron Murphy Jr.,7,CB,5-11,190,28,8,Washington,Active,2026-08-31T00:08:51.695252+00:00
MIN,Kyler Murray,1,QB,5-10,207,29,8,Oklahoma,Active,2026-08-31T00:08:51.695252+00:00
MIN,Brian O'Neill,75,T,6-7,310,30,9,Pittsburgh,Active,2026-08-31T00:08:51.695252+00:00
MIN,Josh Oliver,84,TE,6-5,264,29,8,San Jose State,Active,2026-08-31T00:08:51.695252+00:00
MIN,Domonique Orange,97,DL,6-2,322,22,R,Iowa State,Active,2026-08-31T00:08:51.695252+00:00
MIN,Ivan Pace Jr.,0,LB,5-10,236,25,4,Cincinnati,Active,2026-08-31T00:08:51.695252+00:00
MIN,James Pierre,23,CB,6-2,185,29,7,Florida Atlantic,Active,2026-08-31T00:08:51.695252+00:00
MIN,Myles Price,4,WR,5-9,183,24,2,Indiana,Active,2026-08-31T00:08:51.695252+00:00
MIN,Jalen Redmond,61,DL,6-3,305,27,3,Oklahoma,Active,2026-08-31T00:08:51.695252+00:00
MIN,Will Reichard,16,K,6-1,190,25,3,Alabama,Active,2026-08-31T00:08:51.695252+00:00
MIN,Bo Richter,98,OLB,6-1,248,26,3,Air Force,Active,2026-08-31T00:08:51.695252+00:00
MIN,Isaiah Rodgers,2,CB,5-10,180,28,6,UMass Amherst,Active,2026-08-31T00:08:51.695252+00:00
MIN,Levi Drake Rodriguez,50,DL,6-2,307,26,3,Texas A&M-Commerce,Active,2026-08-31T00:08:51.695252+00:00
MIN,Jacob Thomas,39,S,6-1,212,22,R,James Madison,Active,2026-08-31T00:08:51.695252+00:00
MIN,Jakobe Thomas,8,S,6-1,211,23,R,Miami,Active,2026-08-31T00:08:51.695252+00:00
MIN,Caleb Tiernan,78,OL,6-7,323,23,R,Northwestern,Active,2026-08-31T00:08:51.695252+00:00
MIN,Dallas Turner,15,OLB,6-3,247,23,3,Alabama,Active,2026-08-31T00:08:51.695252+00:00
MIN,Ryan Van Demark,72,T,6-7,307,28,4,Connecticut,Active,2026-08-31T00:08:51.695252+00:00
MIN,Andrew Van Ginkel,43,OLB,6-4,242,31,8,Wisconsin,Active,2026-08-31T00:08:51.695252+00:00
MIN,Zemaiah Vaughn,34,CB,6-3,180,24,1,Utah,Active,2026-08-31T00:08:51.695252+00:00
MIN,Jay Ward,24,S,6-1,190,26,4,LSU,Active,2026-08-31T00:08:51.695252+00:00
MIN,Carson Wentz,11,QB,6-5,237,33,11,North Dakota State,Active,2026-08-31T00:08:51.695252+00:00
MIN,Elijah Williams,99,DL,6-3,298,23,2,Morgan State,Active,2026-08-31T00:08:51.695252+00:00
MIN,Eric Wilson,55,LB,6-1,231,31,10,Cincinnati,Active,2026-08-31T00:08:51.695252+00:00
MIN,Ben Yurosek,85,TE,6-4,251,24,2,Georgia,Active,2026-08-31T00:08:51.695252+00:00
MIN,Michael Jurgens,65,C,6-5,311,26,3,Wake Forest,Reserve/Designated to Return,2026-08-31T00:08:51.695252+00:00
MIN,Jamal Adams,32,LB,6-1,213,30,10,LSU,Reserve/Injured,2026-08-31T00:08:51.695252+00:00
MIN,Tyler Batty,92,OLB,6-6,271,27,2,BYU,Reserve/Injured,2026-08-31T00:08:51.695252+00:00
MIN,Jeshaun Jones,82,WR,6-1,188,26,1,Maryland,Reserve/Suspended by Commissioner,2026-08-31T00:08:51.695252+00:00
MIN,Brett Thorson,47,P,6-1,237,26,R,Georgia,Practice Squad/International,2026-08-31T00:08:51.695252+00:00
NE,Tanner Arkin,84,TE,6-4,262,23,R,Illinois,Active,2026-08-31T00:08:51.695252+00:00
NE,Julian Ashby,47,LS,6-1,231,24,2,Vanderbilt,Active,2026-08-31T00:08:51.695252+00:00
NE,Bryce Baringer,17,P,6-2,215,27,4,Michigan State,Active,2026-08-31T00:08:51.695252+00:00
NE,Christian Barmore,90,DT,6-5,315,27,6,Alabama,Active,2026-08-31T00:08:51.695252+00:00
NE,Andy Borregales,36,K,5-11,202,23,2,Miami,Active,2026-08-31T00:08:51.695252+00:00
NE,K.J. Britt,35,LB,6-0,240,27,6,Auburn,Active,2026-08-31T00:08:51.695252+00:00
NE,A.J. Brown,1,WR,6-1,226,29,8,Mississippi,Active,2026-08-31T00:08:51.695252+00:00
NE,Ben Brown,77,C,6-5,313,28,4,Mississippi,Active,2026-08-31T00:08:51.695252+00:00
NE,Kevin Byard III,31,S,5-11,212,33,11,Middle Tennessee State,Active,2026-08-31T00:08:51.695252+00:00
NE,Will Campbell,66,T,6-6,319,22,2,LSU,Active,2026-08-31T00:08:51.695252+00:00
NE,Channing Canada,29,CB,5-11,190,24,R,Texas Christian,Active,2026-08-31T00:08:51.695252+00:00
NE,Efton Chism III,86,WR,5-10,198,24,2,Eastern Washington,Active,2026-08-31T00:08:51.695252+00:00
NE,Dametrious Crownover,68,T,6-7,319,24,R,Texas A&M,Active,2026-08-31T00:08:51.695252+00:00
NE,Carlton Davis III,7,CB,6-1,200,29,8,Auburn,Active,2026-08-31T00:08:51.695252+00:00
NE,Tommy DeVito,16,QB,6-2,210,28,4,Illinois,Active,2026-08-31T00:08:51.695252+00:00
NE,Romeo Doubs,87,WR,6-2,210,26,5,Nevada,Active,2026-08-31T00:08:51.695252+00:00
NE,DeMario Douglas,3,WR,5-8,185,25,4,Liberty,Active,2026-08-31T00:08:51.695252+00:00
NE,Cory Durden,94,DT,6-4,305,27,2,North Carolina State,Active,2026-08-31T00:08:51.695252+00:00
NE,Christian Elliss,53,LB,6-2,231,27,5,Idaho,Active,2026-08-31T00:08:51.695252+00:00
NE,Joshua Farmer,92,DT,6-3,312,23,2,Florida State,Active,2026-08-31T00:08:51.695252+00:00
NE,Reggie Gilliam,44,FB,6-1,255,29,7,Toledo,Active,2026-08-31T00:08:51.695252+00:00
NE,Christian Gonzalez,0,CB,6-1,205,24,4,Oregon,Active,2026-08-31T00:08:51.695252+00:00
NE,TreVeyon Henderson,32,RB,5-10,202,23,2,Ohio State,Active,2026-08-31T00:08:51.695252+00:00
NE,Hunter Henry,85,TE,6-5,249,31,11,Arkansas,Active,2026-08-31T00:08:51.695252+00:00
NE,Mack Hollins,13,WR,6-4,221,32,10,North Carolina,Active,2026-08-31T00:08:51.695252+00:00
NE,Quintayvious Hutchins,45,LB,6-3,245,23,R,Boston College,Active,2026-08-31T00:08:51.695252+00:00
NE,Gabe Jacas,50,LB,6-4,261,22,R,Illinois,Active,2026-08-31T00:08:51.695252+00:00
NE,Khalil Jacobs,59,LB,6-1,227,22,R,Missouri,Active,2026-08-31T00:08:51.695252+00:00
NE,Dre'Mont Jones,5,DE,6-3,268,29,8,Ohio State,Active,2026-08-31T00:08:51.695252+00:00
NE,Marcus Jones,25,CB,5-8,188,27,5,Houston,Active,2026-08-31T00:08:51.695252+00:00
NE,Corey Kiner,,RB,5-9,209,24,2,Cincinnati,Active,2026-08-31T00:08:51.695252+00:00
NE,Caleb Lomu,74,T,6-6,313,21,R,Utah,Active,2026-08-31T00:08:51.695252+00:00
NE,Drake Maye,10,QB,6-4,225,24,3,North Carolina,Active,2026-08-31T00:08:51.695252+00:00
NE,Behren Morton,15,QB,6-2,218,24,R,Texas Tech,Active,2026-08-31T00:08:51.695252+00:00
NE,Morgan Moses,76,T,6-6,320,35,13,Virginia,Active,2026-08-31T00:08:51.695252+00:00
NE,Namdi Obiazor,48,LB,6-3,229,24,R,Texas Christian,Active,2026-08-31T00:08:51.695252+00:00
NE,Mike Onwenu,71,OL,6-3,350,28,7,Michigan,Active,2026-08-31T00:08:51.695252+00:00
NE,Dell Pettus,24,S,5-11,200,25,3,Troy,Active,2026-08-31T00:08:51.695252+00:00
NE,Elijah Ponder,91,LB,6-3,261,24,2,Cal Poly,Active,2026-08-31T00:08:51.695252+00:00
NE,Karon Prunty,21,CB,6-1,192,24,R,Wake Forest,Active,2026-08-31T00:08:51.695252+00:00
NE,Eli Raridon,82,TE,6-6,245,22,R,Notre Dame,Active,2026-08-31T00:08:51.695252+00:00
NE,Jaylen Reed,26,S,6-0,212,23,2,Penn State,Active,2026-08-31T00:08:51.695252+00:00
NE,Walter Rouse,,OL,6-6,314,25,3,Oklahoma,Active,2026-08-31T00:08:51.695252+00:00
NE,Robert Spillane,14,LB,6-1,234,30,8,Western Michigan,Active,2026-08-31T00:08:51.695252+00:00
NE,Rhamondre Stevenson,38,RB,6-0,227,28,6,Oklahoma,Active,2026-08-31T00:08:51.695252+00:00
NE,Leonard Taylor III,93,DL,6-3,305,24,3,Miami,Active,2026-08-31T00:08:51.695252+00:00
NE,Greg Van Roten,70,OL,6-3,305,36,12,Penn,Active,2026-08-31T00:08:51.695252+00:00
NE,Alijah Vera-Tucker,75,G,6-4,308,27,6,USC,Active,2026-08-31T00:08:51.695252+00:00
NE,Kyle Williams,18,WR,5-11,190,23,2,Washington State,Active,2026-08-31T00:08:51.695252+00:00
NE,Milton Williams,97,DT,6-3,290,27,6,Louisiana Tech,Active,2026-08-31T00:08:51.695252+00:00
NE,Jared Wilson,55,OL,6-3,310,23,2,Georgia,Active,2026-08-31T00:08:51.695252+00:00
NE,Charles Woods,22,CB,5-11,185,26,3,SMU,Active,2026-08-31T00:08:51.695252+00:00
NE,Craig Woodson,4,S,6-0,200,25,2,California,Active,2026-08-31T00:08:51.695252+00:00
NE,Julian Hill,80,TE,6-4,251,26,4,Campbell University,Reserve/Injured,2026-08-31T00:08:51.695252+00:00
NE,Terrell Jennings,26,RB,6-0,222,25,2,Florida A&M,Reserve/Injured,2026-08-31T00:08:51.695252+00:00
NE,Jimmy Kibble,19,WR,6-1,199,22,R,Georgetown,Reserve/Injured,2026-08-31T00:08:51.695252+00:00
NE,Jeremiah Webb,29,WR,5-11,198,25,1,South Alabama,Reserve/Injured,2026-08-31T00:08:51.695252+00:00
NE,Marcus Bryant,52,T,6-7,320,24,2,Missouri,Reserve/Injured; Designated for Return,2026-08-31T00:08:51.695252+00:00
NE,Brenden Schooler,41,S,6-2,210,29,5,Texas,Reserve/Non-Football Injury,2026-08-31T00:08:51.695252+00:00
NE,Harold Landry III,2,LB,6-2,252,30,9,Boston College,Reserve/Physically Unable to Perform,2026-08-31T00:08:51.695252+00:00
NO,Kevin Austin Jr.,81,WR,6-2,200,26,3,Notre Dame,Active,2026-08-31T00:08:51.695252+00:00
NO,Kelvin Banks Jr.,71,T,6-5,315,22,2,Texas,Active,2026-08-31T00:08:51.695252+00:00
NO,Julian Blackmon,23,S,6-0,202,28,7,Utah,Active,2026-08-31T00:08:51.695252+00:00
NO,Khristian Boyd,97,DL,6-2,320,26,3,Northern Iowa,Active,2026-08-31T00:08:51.695252+00:00
NO,Vernon Broughton,91,DL,6-5,311,25,2,Texas,Active,2026-08-31T00:08:51.695252+00:00
NO,Barion Brown,19,WR/RS,5-11,177,22,R,LSU,Active,2026-08-31T00:08:51.695252+00:00
NO,Daniel Carlson,48,K,6-5,222,31,9,Auburn,Active,2026-08-31T00:08:51.695252+00:00
NO,Oscar Delp,88,TE,6-4,245,23,R,Georgia,Active,2026-08-31T00:08:51.695252+00:00
NO,David Edwards,76,G,6-6,308,29,8,Wisconsin,Active,2026-08-31T00:08:51.695252+00:00
NO,Kaden Elliss,55,LB,6-2,238,31,8,Idaho,Active,2026-08-31T00:08:51.695252+00:00
NO,Martin Emerson Jr.,22,CB,6-2,201,25,5,Mississippi State,Active,2026-08-31T00:08:51.695252+00:00
NO,Audric Estimé,30,RB,5-11,227,22,3,Notre Dame,Active,2026-08-31T00:08:51.695252+00:00
NO,Travis Etienne Jr.,3,RB,5-10,215,27,6,Clemson,Active,2026-08-31T00:08:51.695252+00:00
NO,Noah Fant,87,TE,6-4,249,28,8,Iowa,Active,2026-08-31T00:08:51.695252+00:00
NO,Taliese Fuaga,75,T,6-6,324,24,3,Oregon State,Active,2026-08-31T00:08:51.695252+00:00
NO,Davon Godchaux,92,DL,6-3,330,31,10,LSU,Active,2026-08-31T00:08:51.695252+00:00
NO,Carl Granderson,96,EDGE,6-5,261,29,8,Wyoming,Active,2026-08-31T00:08:51.695252+00:00
NO,Jordan Howden,31,DB,6-0,209,26,4,Minnesota,Active,2026-08-31T00:08:51.695252+00:00
NO,Anfernee Jennings,54,EDGE,6-2,255,29,7,Alabama,Active,2026-08-31T00:08:51.695252+00:00
NO,Juwan Johnson,83,TE,6-4,245,29,7,Oregon,Active,2026-08-31T00:08:51.695252+00:00
NO,Cameron Jordan,94,EDGE,6-4,287,37,16,California,Active,2026-08-31T00:08:51.695252+00:00
NO,Alvin Kamara,41,RB,5-10,215,31,10,Tennessee,Active,2026-08-31T00:08:51.695252+00:00
NO,Bryce Lance,18,WR,6-3,204,24,R,North Dakota State,Active,2026-08-31T00:08:51.695252+00:00
NO,Erik McCoy,78,C/G,6-4,303,29,8,Texas A&M,Active,2026-08-31T00:08:51.695252+00:00
NO,Kool-Aid McKinstry,1,CB,5-11,199,23,3,Alabama,Active,2026-08-31T00:08:51.695252+00:00
NO,Christen Miller,52,DL,6-3,321,22,R,Georgia,Active,2026-08-31T00:08:51.695252+00:00
NO,Kendre Miller,5,RB,6-0,220,24,4,TCU,Active,2026-08-31T00:08:51.695252+00:00
NO,Chris Olave,12,WR,6-0,187,26,5,Ohio State,Active,2026-08-31T00:08:51.695252+00:00
NO,Jayden Price,38,CB,5-11,185,26,1,North Dakota State,Active,2026-08-31T00:08:51.695252+00:00
NO,Spencer Rattler,2,QB,6-0,211,25,3,South Carolina,Active,2026-08-31T00:08:51.695252+00:00
NO,Justin Reid,21,S,6-1,207,29,9,Stanford,Active,2026-08-31T00:08:51.695252+00:00
NO,Mike Reid,42,CB,6-2,200,24,1,South Dakota,Active,2026-08-31T00:08:51.695252+00:00
NO,Asim Richards,72,OL,6-4,307,25,4,North Carolina,Active,2026-08-31T00:08:51.695252+00:00
NO,John Ridgeway III,95,DL,6-5,321,27,5,Arkansas,Active,2026-08-31T00:08:51.695252+00:00
NO,Quincy Riley,29,CB,5-11,195,25,2,Louisville,Active,2026-08-31T00:08:51.695252+00:00
NO,Cesar Ruiz,51,C/G,6-4,316,27,7,Michigan,Active,2026-08-31T00:08:51.695252+00:00
NO,Chris Rumph II,58,LB,6-2,244,27,6,Duke,Active,2026-08-31T00:08:51.695252+00:00
NO,Jonas Sanker,7,S,6-1,211,23,2,Virginia,Active,2026-08-31T00:08:51.695252+00:00
NO,Nathan Shepherd,93,DL,6-4,315,32,9,Fort Hays State,Active,2026-08-31T00:08:51.695252+00:00
NO,William Sherman,66,G,6-4,300,27,2,Colorado,Active,2026-08-31T00:08:51.695252+00:00
NO,Tyler Shough,6,QB,6-5,219,26,2,Louisville,Active,2026-08-31T00:08:51.695252+00:00
NO,Isaiah Stalbird,44,LB,6-1,215,26,2,South Dakota State,Active,2026-08-31T00:08:51.695252+00:00
NO,Danny Stutsman,28,LB,6-3,233,23,2,Oklahoma,Active,2026-08-31T00:08:51.695252+00:00
NO,Lorenzo Styles Jr.,36,S,6-0,194,23,R,Ohio State,Active,2026-08-31T00:08:51.695252+00:00
NO,Devaughn Vele,14,WR,6-5,210,28,3,Utah,Active,2026-08-31T00:08:51.695252+00:00
NO,Treyton Welch,82,TE,6-4,240,25,1,Wyoming,Active,2026-08-31T00:08:51.695252+00:00
NO,Pete Werner,20,LB,6-3,242,27,6,Ohio State,Active,2026-08-31T00:08:51.695252+00:00
NO,Tyree Wilson,98,EDGE,6-5,263,26,4,Texas Tech,Active,2026-08-31T00:08:51.695252+00:00
NO,Zach Wilson,4,QB,6-2,214,27,6,BYU,Active,2026-08-31T00:08:51.695252+00:00
NO,Zach Wood,49,LS,6-3,255,33,10,Southern Methodist,Active,2026-08-31T00:08:51.695252+00:00
NO,Jeremiah Wright,65,G,6-5,331,24,R,Auburn,Active,2026-08-31T00:08:51.695252+00:00
NO,Ryan Wright,17,P,6-3,245,26,5,Tulane,Active,2026-08-31T00:08:51.695252+00:00
NO,Chase Young,99,EDGE,6-5,265,27,7,Ohio State,Active,2026-08-31T00:08:51.695252+00:00
NO,Dalys Beanum,37,CB,6-1,200,23,1,South Dakota State,Reserve/Injured,2026-08-31T00:08:51.695252+00:00
NO,Bryan Bresee,90,DL,6-5,305,24,4,Clemson,Reserve/Injured,2026-08-31T00:08:51.695252+00:00
NO,Ty Chandler,32,RB,5-11,205,28,5,North Carolina,Reserve/Injured,2026-08-31T00:08:51.695252+00:00
NO,Michael Heldman,63,EDGE,6-3,268,23,R,Central Michigan,Reserve/Injured,2026-08-31T00:08:51.695252+00:00
NO,David Long Jr.,45,CB,5-11,196,28,7,Michigan,Reserve/Injured,2026-08-31T00:08:51.695252+00:00
NO,Moliki Matavao,80,TE,6-6,263,23,2,UCLA,Reserve/Injured,2026-08-31T00:08:51.695252+00:00
NO,Devin Neal,24,RB,5-11,213,23,2,Kansas,Reserve/Injured,2026-08-31T00:08:51.695252+00:00
NO,Dillon Radunz,77,OL,6-6,301,28,6,North Dakota State,Reserve/Injured,2026-08-31T00:08:51.695252+00:00
NO,Barry Wesley,69,T,6-7,310,27,2,Colorado State,Reserve/Injured,2026-08-31T00:08:51.695252+00:00
NO,Rejzohn Wright,25,CB,6-2,193,25,3,Oregon State,Reserve/Injured,2026-08-31T00:08:51.695252+00:00
NO,Jaylan Ford,53,LB,6-2,240,24,3,Texas,Reserve/Injured; Designated for Return,2026-08-31T00:08:51.695252+00:00
NO,Jordyn Tyson,0,WR,6-2,203,22,R,Arizona State,Reserve/Injured; Designated for Return,2026-08-31T00:08:51.695252+00:00
NO,Nick Saldiveri,64,OL,6-6,316,26,4,Old Dominion,Reserve/Physically Unable to Perform,2026-08-31T00:08:51.695252+00:00
NO,Mason Tipton,15,WR,5-11,187,25,3,Yale,Reserve/Physically Unable to Perform,2026-08-31T00:08:51.695252+00:00
NO,Brock Rechsteiner,89,WR,6-2,225,24,R,Jacksonville State,Reserve/Suspended by Commissioner,2026-08-31T00:08:51.695252+00:00
NYG,Paulson Adebo,21,CB,6-1,192,27,6,Stanford,Active,2026-08-31T00:08:51.695252+00:00
NYG,Darius Alexander,91,DL,6-4,310,26,2,Toledo,Active,2026-08-31T00:08:51.695252+00:00
NYG,Deonte Banks,2,CB,6-2,200,25,4,Maryland,Active,2026-08-31T00:08:51.695252+00:00
NYG,Zaire Barnes,46,LB,6-1,232,26,4,Western Michigan,Active,2026-08-31T00:08:51.695252+00:00
NYG,Odell Beckham Jr.,3,WR,5-11,198,33,11,LSU,Active,2026-08-31T00:08:51.695252+00:00
NYG,Brian Burns,0,OLB,6-5,250,28,8,Florida State,Active,2026-08-31T00:08:51.695252+00:00
NYG,Elijah Campbell,28,DB,5-11,190,31,6,Northern Iowa,Active,2026-08-31T00:08:51.695252+00:00
NYG,Abdul Carter,3,OLB,6-3,252,22,2,Penn State,Active,2026-08-31T00:08:51.695252+00:00
NYG,Jaxson Dart,6,QB,6-2,223,23,2,Mississippi,Active,2026-08-31T00:08:51.695252+00:00
NYG,J.C. Davis,74,OL,6-4,322,22,R,Illinois,Active,2026-08-31T00:08:51.695252+00:00
NYG,Tremaine Edmunds,49,LB,6-4,251,28,9,Virginia Tech,Active,2026-08-31T00:08:51.695252+00:00
NYG,Jermaine Eluemunor,72,OL,6-4,338,31,10,Texas A&M,Active,2026-08-31T00:08:51.695252+00:00
NYG,Thomas Fidone II,86,TE,6-6,255,23,2,Nebraska,Active,2026-08-31T00:08:51.695252+00:00
NYG,Malachi Fields,0,WR,6-4,222,23,R,Notre Dame,Active,2026-08-31T00:08:51.695252+00:00
NYG,Chauncey Golston,57,DL,6-5,277,28,6,Iowa,Active,2026-08-31T00:08:51.695252+00:00
NYG,Najee Harris,22,RB,6-1,232,28,6,Alabama,Active,2026-08-31T00:08:51.695252+00:00
NYG,Shelby Harris,93,DL,6-2,288,35,12,Illinois State,Active,2026-08-31T00:08:51.695252+00:00
NYG,Jevón Holland,8,S,6-1,207,26,6,Oregon,Active,2026-08-31T00:08:51.695252+00:00
NYG,Colton Hood,12,CB,6-0,195,21,R,Tennessee,Active,2026-08-31T00:08:51.695252+00:00
NYG,Bryan Hudson,60,C,6-5,305,25,1,Louisville,Active,2026-08-31T00:08:51.695252+00:00
NYG,Bobby Jamison-Travis,97,DL,6-3,328,25,R,Auburn,Active,2026-08-31T00:08:51.695252+00:00
NYG,Theo Johnson,84,TE,6-6,264,25,3,Penn State,Active,2026-08-31T00:08:51.695252+00:00
NYG,Nic Jones,31,CB,6-0,189,24,3,Ball State,Active,2026-08-31T00:08:51.695252+00:00
NYG,Jack Kelly,51,LB,6-1,240,23,R,BYU,Active,2026-08-31T00:08:51.695252+00:00
NYG,Isaiah Likely,9,TE,6-4,241,26,5,Coastal Carolina,Active,2026-08-31T00:08:51.695252+00:00
NYG,Chris Manhertz,85,TE,6-6,235,34,11,Canisius College,Active,2026-08-31T00:08:51.695252+00:00
NYG,Ben Mann,58,LS,6-5,232,24,R,Boston College,Active,2026-08-31T00:08:51.695252+00:00
NYG,"Francis ""Sisi"" Mauigoa",65,OL,6-6,335,21,R,Miami,Active,2026-08-31T00:08:51.695252+00:00
NYG,Marcus Mbow,71,OL,6-5,300,23,2,Purdue,Active,2026-08-31T00:08:51.695252+00:00
NYG,Micah McFadden,41,LB,6-2,232,26,5,Indiana,Active,2026-08-31T00:08:51.695252+00:00
NYG,Darnell Mooney,17,WR,5-11,177,28,7,Tulane,Active,2026-08-31T00:08:51.695252+00:00
NYG,Malik Nabers,1,WR,6-0,200,23,3,LSU,Active,2026-08-31T00:08:51.695252+00:00
NYG,Greg Newsome II,20,CB,6-0,192,26,6,Northwestern,Active,2026-08-31T00:08:51.695252+00:00
NYG,Tyler Nubin,27,S,6-2,210,25,3,Minnesota,Active,2026-08-31T00:08:51.695252+00:00
NYG,C.J. Okoye,99,DL,6-6,365,24,2,,Active,2026-08-31T00:08:51.695252+00:00
NYG,Dru Phillips,22,CB,5-11,180,24,3,Kentucky,Active,2026-08-31T00:08:51.695252+00:00
NYG,Jason Pinnock,25,S,6-0,200,27,6,Pittsburgh,Active,2026-08-31T00:08:51.695252+00:00
NYG,DJ Reader,98,DL,6-3,335,32,11,Clemson,Active,2026-08-31T00:08:51.695252+00:00
NYG,Arvell Reese,52,LB,6-4,243,21,R,Ohio State,Active,2026-08-31T00:08:51.695252+00:00
NYG,Patrick Ricard,45,FB,6-3,300,32,10,Maine,Active,2026-08-31T00:08:51.695252+00:00
NYG,Jon Runyan Jr.,76,G,6-4,307,29,7,Michigan,Active,2026-08-31T00:08:51.695252+00:00
NYG,John Michael Schmitz Jr.,61,C,6-4,320,27,4,Minnesota,Active,2026-08-31T00:08:51.695252+00:00
NYG,Devin Singletary,26,RB,5-7,203,28,8,Florida Atlantic,Active,2026-08-31T00:08:51.695252+00:00
NYG,Cam Skattebo,44,RB,5-11,215,24,2,Arizona State,Active,2026-08-31T00:08:51.695252+00:00
NYG,Darius Slayton,18,WR,6-1,198,29,8,Auburn,Active,2026-08-31T00:08:51.695252+00:00
NYG,Aaron Stinnie,64,OL,6-3,312,32,9,James Madison,Active,2026-08-31T00:08:51.695252+00:00
NYG,Jordan Stout,15,P,6-3,214,28,5,Penn State,Active,2026-08-31T00:08:51.695252+00:00
NYG,Kayvon Thibodeaux,5,OLB,6-5,258,25,5,Oregon,Active,2026-08-31T00:08:51.695252+00:00
NYG,Andrew Thomas,78,T,6-5,315,27,7,Georgia,Active,2026-08-31T00:08:51.695252+00:00
NYG,Tyrone Tracy Jr.,29,RB,5-11,210,26,3,Purdue,Active,2026-08-31T00:08:51.695252+00:00
NYG,Ar'Darius Washington,24,S,5-8,180,26,5,TCU,Active,2026-08-31T00:08:51.695252+00:00
NYG,Jameis Winston,19,QB,6-4,231,32,12,Florida State,Active,2026-08-31T00:08:51.695252+00:00
NYG,Dominic Zvada,34,K,6-3,187,22,R,Michigan,Active,2026-08-31T00:08:51.695252+00:00
NYG,Calvin Austin III,82,WR,5-9,162,27,5,Memphis,Reserve/Injured,2026-08-31T00:08:51.695252+00:00
NYG,Jarrick Bernard-Converse,35,CB,6-1,205,26,4,LSU,Reserve/Injured,2026-08-31T00:08:51.695252+00:00
NYG,Thaddeus Dixon,39,CB,6-1,195,24,R,North Carolina,Reserve/Injured,2026-08-31T00:08:51.695252+00:00
NYG,DJ James,36,CB,6-0,175,25,1,Auburn,Reserve/Injured,2026-08-31T00:08:51.695252+00:00
NYG,Gunner Olszewski,80,WR,6-0,190,29,8,Bemidji State University,Reserve/Injured,2026-08-31T00:08:51.695252+00:00
NYG,Roy Robertson-Harris,95,DT,6-7,300,33,10,Texas-El Paso,Reserve/Injured,2026-08-31T00:08:51.695252+00:00
NYG,Korie Black,38,CB,6-0,190,24,2,Oklahoma State,Reserve/Injured; Designated for Return,2026-08-31T00:08:51.695252+00:00
NYJ,Braelon Allen,0,RB,6-1,235,22,3,Wisconsin,Active,2026-08-31T00:08:51.695252+00:00
NYJ,David Bailey,31,EDGE,6-3,251,23,R,Texas Tech,Active,2026-08-31T00:08:51.695252+00:00
NYJ,Mory Bamba,38,CB,6-2,193,25,R,BYU,Active,2026-08-31T00:08:51.695252+00:00
NYJ,Andrew Beck,47,FB,6-3,255,30,7,Texas,Active,2026-08-31T00:08:51.695252+00:00
NYJ,Dane Belton,6,S,6-1,205,25,5,Iowa,Active,2026-08-31T00:08:51.695252+00:00
NYJ,Junior Bergen,30,WR,5-9,184,23,1,Montana,Active,2026-08-31T00:08:51.695252+00:00
NYJ,Jowon Briggs,91,DL,6-1,313,24,3,Cincinnati,Active,2026-08-31T00:08:51.695252+00:00
NYJ,Tre Brown,30,CB,5-10,186,28,6,Oklahoma,Active,2026-08-31T00:08:51.695252+00:00
NYJ,Jarvis Brownlee Jr.,2,DB,5-10,194,25,3,Louisville,Active,2026-08-31T00:08:51.695252+00:00
NYJ,Cam Camper,88,WR,6-3,198,25,1,Boise State,Active,2026-08-31T00:08:51.695252+00:00
NYJ,Andre Cisco,8,S,6-0,210,26,6,Syracuse,Active,2026-08-31T00:08:51.695252+00:00
NYJ,Dean Clark,35,S,6-1,206,25,2,Fresno State,Active,2026-08-31T00:08:51.695252+00:00
NYJ,Jordan Clark,33,CB,5-9,184,25,2,Notre Dame,Active,2026-08-31T00:08:51.695252+00:00
NYJ,Brady Cook,4,QB,6-2,215,24,2,Missouri,Active,2026-08-31T00:08:51.695252+00:00
NYJ,Anez Cooper,72,OL,6-5,334,22,R,Miami,Active,2026-08-31T00:08:51.695252+00:00
NYJ,Omar Cooper Jr.,83,WR,6-0,199,22,R,Indiana,Active,2026-08-31T00:08:51.695252+00:00
NYJ,Chase Curtis,87,TE,6-5,235,26,R,TCU,Active,2026-08-31T00:08:51.695252+00:00
NYJ,Demario Davis,56,LB,6-2,239,37,15,Arkansas State,Active,2026-08-31T00:08:51.695252+00:00
NYJ,Isaiah Davis,32,RB,6-1,220,24,3,South Dakota State,Active,2026-08-31T00:08:51.695252+00:00
NYJ,Anthony Dunn Jr.,N/A,EDGE,6-4,262,22,R,Toledo,Active,2026-08-31T00:08:51.695252+00:00
NYJ,Paschal Ekeji,54,EDGE,6-4,230,24,1,Stellenbosch University,Active,2026-08-31T00:08:51.695252+00:00
NYJ,Kingsley Enagbare,52,EDGE,6-4,258,26,5,South Carolina,Active,2026-08-31T00:08:51.695252+00:00
NYJ,Olu Fashanu,74,OL,6-6,312,23,3,Penn State,Active,2026-08-31T00:08:51.695252+00:00
NYJ,Minkah Fitzpatrick,29,S,6-1,202,29,9,Alabama,Active,2026-08-31T00:08:51.695252+00:00
NYJ,Courtland Ford,75,OL,6-6,315,24,R,UCLA,Active,2026-08-31T00:08:51.695252+00:00
NYJ,Liam Fornadel,50,G,6-4,312,27,1,James Madison,Active,2026-08-31T00:08:51.695252+00:00
NYJ,Keenan Garber,45,CB,6-0,188,26,1,Kansas State,Active,2026-08-31T00:08:51.695252+00:00
NYJ,Breece Hall,20,RB,5-11,217,25,5,Iowa State,Active,2026-08-31T00:08:51.695252+00:00
NYJ,Marquis Hayes,77,G,6-5,318,27,2,Oklahoma,Active,2026-08-31T00:08:51.695252+00:00
NYJ,Jack Heflin,96,DT,6-3,304,28,2,Iowa,Active,2026-08-31T00:08:51.695252+00:00
NYJ,Thomas Hennessy,42,LS,6-2,246,32,10,Duke,Active,2026-08-31T00:08:51.695252+00:00
NYJ,Xavier Hill,76,OL,6-4,320,25,R,Colorado,Active,2026-08-31T00:08:51.695252+00:00
NYJ,Connor Hulstein,49,TE,6-5,235,24,R,Marist,Active,2026-08-31T00:08:51.695252+00:00
NYJ,Darrell Jackson Jr.,95,DL,6-5,315,23,R,Florida State,Active,2026-08-31T00:08:51.695252+00:00
NYJ,Jaden Keller,48,LB,6-3,235,23,R,Virginia Tech,Active,2026-08-31T00:08:51.695252+00:00
NYJ,Cade Klubnik,10,QB,6-2,207,22,R,Clemson,Active,2026-08-31T00:08:51.695252+00:00
NYJ,Kohl Levao,60,OL,6-6,350,28,1,Hawaii,Active,2026-08-31T00:08:51.695252+00:00
NYJ,Nate Lynn,92,Edge,6-3,256,24,2,William & Mary,Active,2026-08-31T00:08:51.695252+00:00
NYJ,Kiko Mauigoa,51,LB,6-2,233,23,2,Miami,Active,2026-08-31T00:08:51.695252+00:00
NYJ,Malik McClain,84,WR,6-4,195,23,R,Arizona State,Active,2026-08-31T00:08:51.695252+00:00
NYJ,Marcelino McCrary-Ball,41,LB,6-0,214,27,3,Indiana,Active,2026-08-31T00:08:51.695252+00:00
NYJ,Will McDonald IV,9,EDGE,6-4,245,27,4,Iowa State,Active,2026-08-31T00:08:51.695252+00:00
NYJ,Braiden McGregor,55,EDGE,6-6,267,25,3,Michigan,Active,2026-08-31T00:08:51.695252+00:00
NYJ,Austin McNamara,14,P,6-4,204,25,2,Texas Tech,Active,2026-08-31T00:08:51.695252+00:00
NYJ,Armand Membou,70,OT,6-4,332,22,2,Missouri,Active,2026-08-31T00:08:51.695252+00:00
NYJ,Adonai Mitchell,15,WR,6-2,205,23,3,Texas,Active,2026-08-31T00:08:51.695252+00:00
NYJ,Max Mitchell,61,OL,6-6,307,26,5,Louisiana,Active,2026-08-31T00:08:51.695252+00:00
NYJ,Jarius Monroe,25,S,6-2,205,25,1,Tulane,Active,2026-08-31T00:08:51.695252+00:00
NYJ,Malachi Moore,27,DB,5-11,196,24,2,Alabama,Active,2026-08-31T00:08:51.695252+00:00
NYJ,Josh Myers,71,C,6-5,310,28,6,Ohio State,Active,2026-08-31T00:08:51.695252+00:00
NYJ,Xavier Newman,65,OL,6-2,297,27,4,Baylor,Active,2026-08-31T00:08:51.695252+00:00
NYJ,Kene Nwangwu,3,RB,6-1,210,28,6,Iowa State,Active,2026-08-31T00:08:51.695252+00:00
NYJ,Chukwuma Okorafor,79,OL,6-6,320,29,8,Western Michigan,Active,2026-08-31T00:08:51.695252+00:00
NYJ,David Onyemata,93,DL,6-3,300,33,11,Manitoba (Canada),Active,2026-08-31T00:08:51.695252+00:00
NYJ,Joseph Ossai,46,EDGE,6-4,253,26,6,Texas,Active,2026-08-31T00:08:51.695252+00:00
NYJ,Payton Page,98,DL,6-4,300,23,1,Clemson,Active,2026-08-31T00:08:51.695252+00:00
NYJ,Dylan Parham,64,OL,6-3,311,27,5,Memphis,Active,2026-08-31T00:08:51.695252+00:00
NYJ,Tim Patrick,17,WR,6-5,210,32,9,Utah,Active,2026-08-31T00:08:51.695252+00:00
NYJ,VJ Payne,34,S,6-3,206,22,R,Kansas State,Active,2026-08-31T00:08:51.695252+00:00
NYJ,Harrison Phillips,97,DL,6-3,307,30,9,Stanford,Active,2026-08-31T00:08:51.695252+00:00
NYJ,D'Angelo Ponds,23,CB,5-8,182,21,R,Indiana,Active,2026-08-31T00:08:51.695252+00:00
NYJ,Jamaal Pritchett,81,WR,5-8,175,23,1,South Alabama,Active,2026-08-31T00:08:51.695252+00:00
NYJ,Dominic Richardson,N/A,RB,6-0,210,25,R,Tulsa,Active,2026-08-31T00:08:51.695252+00:00
NYJ,Jeremy Ruckert,89,TE,6-5,250,26,5,Ohio State,Active,2026-08-31T00:08:51.695252+00:00
NYJ,Kenyon Sadiq,16,TE,6-3,241,21,R,Oregon,Active,2026-08-31T00:08:51.695252+00:00
NYJ,Jason Sanders,19,K,5-11,186,30,9,New Mexico,Active,2026-08-31T00:08:51.695252+00:00
NYJ,Jamien Sherwood,44,LB,6-2,216,26,6,Auburn,Active,2026-08-31T00:08:51.695252+00:00
NYJ,Quincy Skinner Jr.,39,WR,6-2,205,23,1,Vanderbilt,Active,2026-08-31T00:08:51.695252+00:00
NYJ,Arian Smith,82,WR,6-0,179,24,2,Georgia,Active,2026-08-31T00:08:51.695252+00:00
NYJ,Geno Smith,7,QB,6-2,221,35,14,West Virginia,Active,2026-08-31T00:08:51.695252+00:00
NYJ,Mazi Smith,58,DL,6-3,337,25,4,Michigan,Active,2026-08-31T00:08:51.695252+00:00
NYJ,Brandon Stephens,21,CB,6-1,215,28,6,SMU,Active,2026-08-31T00:08:51.695252+00:00
NYJ,Qwan'tez Stiggers,37,CB,6-0,197,24,3,Toronto Argonauts,Active,2026-08-31T00:08:51.695252+00:00
NYJ,T'Vondre Sweat,99,DL,6-4,366,25,3,Texas,Active,2026-08-31T00:08:51.695252+00:00
NYJ,Junior Tafuna,62,DT,6-3,305,25,1,Utah,Active,2026-08-31T00:08:51.695252+00:00
NYJ,Mason Taylor,85,TE,6-5,251,22,2,LSU,Active,2026-08-31T00:08:51.695252+00:00
NYJ,Azareye'h Thomas,1,CB,6-1,197,22,2,Florida State,Active,2026-08-31T00:08:51.695252+00:00
NYJ,Joe Tippmann,66,C,6-6,313,25,4,Wisconsin,Active,2026-08-31T00:08:51.695252+00:00
NYJ,Chip Trayanum,40,RB,5-10,224,24,R,Toledo,Active,2026-08-31T00:08:51.695252+00:00
NYJ,Mykal Walker,43,LB,6-3,230,29,7,Fresno State,Active,2026-08-31T00:08:51.695252+00:00
NYJ,Tanner Wall,N/A,S,6-1,196,26,R,BYU,Active,2026-08-31T00:08:51.695252+00:00
NYJ,Isaiah Williams,18,WR,5-10,185,25,3,Illinois,Active,2026-08-31T00:08:51.695252+00:00
NYJ,Chase Wilson,53,LB,6-1,230,24,R,West Virginia,Active,2026-08-31T00:08:51.695252+00:00
NYJ,Garrett Wilson,5,WR,6-0,183,26,5,Ohio State,Active,2026-08-31T00:08:51.695252+00:00
NYJ,Samuel Womack III,22,CB,5-10,189,27,5,Toledo,Active,2026-08-31T00:08:51.695252+00:00
NYJ,Jelani Woods,86,TE,6-7,253,27,5,Virginia,Active,2026-08-31T00:08:51.695252+00:00
NYJ,Nahshon Wright,26,DB,6-4,190,27,6,Oregon State,Active,2026-08-31T00:08:51.695252+00:00
NYJ,Landon Young,67,OL,6-7,321,29,6,Kentucky,Active,2026-08-31T00:08:51.695252+00:00
NYJ,Bailey Zappe,11,QB,6-1,220,27,4,Western Kentucky,Active,2026-08-31T00:08:51.695252+00:00
NYJ,Tyler Baron,94,EDGE,6-4,258,24,2,Miami,Active/Physically Unable to Perform,2026-08-31T00:08:51.695252+00:00
NYJ,Kingsley Jonathan,57,EDGE,6-4,260,28,3,Syracuse,Reserve/Injured,2026-08-31T00:08:51.695252+00:00
PHI,Saquon Barkley,26,RB,6-0,233,29,9,Penn State,Active,2026-08-31T00:08:51.695252+00:00
PHI,Zack Baun,53,LB,6-3,225,29,7,Wisconsin,Active,2026-08-31T00:08:51.695252+00:00
PHI,Markel Bell,72,T,6-9,346,22,R,Miami,Active,2026-08-31T00:08:51.695252+00:00
PHI,Tank Bigsby,8,RB,5-11,215,24,4,Auburn,Active,2026-08-31T00:08:51.695252+00:00
PHI,Hollywood Brown,0,WR,5-9,170,29,8,Oklahoma,Active,2026-08-31T00:08:51.695252+00:00
PHI,Jihaad Campbell,11,LB,6-3,235,22,2,Alabama,Active,2026-08-31T00:08:51.695252+00:00
PHI,Jalen Carter,98,DT,6-3,314,25,4,Georgia,Active,2026-08-31T00:08:51.695252+00:00
PHI,Michael Carter II,35,DB,5-10,184,27,6,Duke,Active,2026-08-31T00:08:51.695252+00:00
PHI,Darius Cooper,80,WR,5-11,210,24,2,Tarleton State,Active,2026-08-31T00:08:51.695252+00:00
PHI,Andy Dalton,14,QB,6-2,220,38,16,TCU,Active,2026-08-31T00:08:51.695252+00:00
PHI,Jordan Davis,90,DT,6-6,336,26,5,Georgia,Active,2026-08-31T00:08:51.695252+00:00
PHI,Cooper DeJean,33,DB,6-0,198,23,3,Iowa,Active,2026-08-31T00:08:51.695252+00:00
PHI,Landon Dickerson,69,G,6-6,332,27,6,Alabama,Active,2026-08-31T00:08:51.695252+00:00
PHI,Arnold Ebiketie,17,OLB,6-3,256,27,5,Penn State,Active,2026-08-31T00:08:51.695252+00:00
PHI,Jake Elliott,4,K,5-9,167,31,10,Memphis,Active,2026-08-31T00:08:51.695252+00:00
PHI,A.J. Epenesa,57,OLB,6-6,280,27,7,Iowa,Active,2026-08-31T00:08:51.695252+00:00
PHI,Marcus Epps,29,S,6-0,198,30,8,Wyoming,Active,2026-08-31T00:08:51.695252+00:00
PHI,Dallas Goedert,88,TE,6-5,256,31,9,South Dakota State,Active,2026-08-31T00:08:51.695252+00:00
PHI,Jonathan Greenard,52,OLB,6-3,263,29,7,Florida,Active,2026-08-31T00:08:51.695252+00:00
PHI,Jalyx Hunt,58,OLB,6-3,252,25,3,Houston Christian,Active,2026-08-31T00:08:51.695252+00:00
PHI,Jalen Hurts,1,QB,6-1,223,28,7,Oklahoma,Active,2026-08-31T00:08:51.695252+00:00
PHI,E.J. Jenkins,84,TE,6-6,245,27,2,Georgia Tech,Active,2026-08-31T00:08:51.695252+00:00
PHI,Lane Johnson,65,T,6-6,325,36,14,Oklahoma,Active,2026-08-31T00:08:51.695252+00:00
PHI,Fred Johnson,74,T,6-7,326,29,8,Florida,Active,2026-08-31T00:08:51.695252+00:00
PHI,Jonathan Jones,32,CB,5-10,190,32,11,Auburn,Active,2026-08-31T00:08:51.695252+00:00
PHI,Cam Jurgens,51,C/G,6-3,303,27,5,Nebraska,Active,2026-08-31T00:08:51.695252+00:00
PHI,Drew Kendall,66,C/G,6-4,308,24,2,Boston College,Active,2026-08-31T00:08:51.695252+00:00
PHI,Willie Lampkin,61,C/G,5-11,290,24,2,North Carolina,Active,2026-08-31T00:08:51.695252+00:00
PHI,Makai Lemon,9,WR,5-11,192,22,R,USC,Active,2026-08-31T00:08:51.695252+00:00
PHI,Jordan Mailata,68,T,6-8,365,29,9,,Active,2026-08-31T00:08:51.695252+00:00
PHI,Braden Mann,10,P,5-11,198,28,7,Texas A&M,Active,2026-08-31T00:08:51.695252+00:00
PHI,Tanner McKee,16,QB,6-6,231,26,4,Stanford,Active,2026-08-31T00:08:51.695252+00:00
PHI,Mac McWilliams,22,CB,5-10,191,24,2,Central Florida,Active,2026-08-31T00:08:51.695252+00:00
PHI,Quinyon Mitchell,27,CB,6-0,193,25,3,Toledo,Active,2026-08-31T00:08:51.695252+00:00
PHI,Smael Mondon Jr.,42,LB,6-2,224,23,2,Georgia,Active,2026-08-31T00:08:51.695252+00:00
PHI,Elijah Moore,19,WR,5-10,178,26,6,Mississippi,Active,2026-08-31T00:08:51.695252+00:00
PHI,Micah Morris,76,G,6-5,334,23,R,Georgia,Active,2026-08-31T00:08:51.695252+00:00
PHI,Andrew Mukuba,24,S,5-11,186,23,2,Texas,Active,2026-08-31T00:08:51.695252+00:00
PHI,Johnny Mundt,83,TE,6-4,245,31,9,Oregon,Active,2026-08-31T00:08:51.695252+00:00
PHI,Moro Ojomo,97,DT,6-3,292,25,4,Texas,Active,2026-08-31T00:08:51.695252+00:00
PHI,Cole Payton,10,QB,6-2,232,23,R,North Dakota State,Active,2026-08-31T00:08:51.695252+00:00
PHI,Kelee Ringo,7,CB,6-2,207,24,4,Georgia,Active,2026-08-31T00:08:51.695252+00:00
PHI,Ty Robinson,95,DT,6-5,288,25,2,Nebraska,Active,2026-08-31T00:08:51.695252+00:00
PHI,Will Shipley,28,RB,5-11,209,24,3,Clemson,Active,2026-08-31T00:08:51.695252+00:00
PHI,DeVonta Smith,6,WR,6-0,170,27,6,Alabama,Active,2026-08-31T00:08:51.695252+00:00
PHI,Nolan Smith Jr.,3,OLB,6-2,238,25,4,Georgia,Active,2026-08-31T00:08:51.695252+00:00
PHI,Tyler Steen,56,G,6-6,321,26,4,Alabama,Active,2026-08-31T00:08:51.695252+00:00
PHI,Eli Stowers,87,TE,6-3,239,23,R,Vanderbilt,Active,2026-08-31T00:08:51.695252+00:00
PHI,Jeremiah Trotter Jr.,54,LB,6-0,225,23,3,Clemson,Active,2026-08-31T00:08:51.695252+00:00
PHI,Rocco Underwood,37,LS,6-3,231,24,R,Florida,Active,2026-08-31T00:08:51.695252+00:00
PHI,Dontayvion Wicks,13,WR,6-1,206,25,4,Virginia,Active,2026-08-31T00:08:51.695252+00:00
PHI,Riq Woolen,2,CB,6-4,210,27,5,Texas-San Antonio,Active,2026-08-31T00:08:51.695252+00:00
PHI,Byron Young,94,DT,6-3,292,25,4,Alabama,Active,2026-08-31T00:08:51.695252+00:00
PHI,Ja'Quinden Jackson,45,RB,6-2,233,24,1,Arkansas,Reserve/Injured,2026-08-31T00:08:51.695252+00:00
PHI,Johnny Wilson,89,WR,6-6,228,25,3,Florida State,Reserve/Injured,2026-08-31T00:08:51.695252+00:00
PHI,Jakorian Bennett,23,CB,5-10,200,26,4,Maryland,Reserve/Injured; Designated for Return,2026-08-31T00:08:51.695252+00:00
PHI,Grant Calcaterra,81,TE,6-4,240,27,5,SMU,Reserve/Injured; Designated for Return,2026-08-31T00:08:51.695252+00:00
PHI,Tucker Large,37,S,5-11,185,25,R,Washington State,Reserve/Non-Football Injury,2026-08-31T00:08:51.695252+00:00
PIT,Drew Allar,16,QB,6-5,228,22,R,Penn State,Active,2026-08-31T00:08:51.695252+00:00
PIT,Spencer Anderson,74,OL,6-5,305,26,4,Maryland,Active,2026-08-31T00:08:51.695252+00:00
PIT,Keeanu Benton,95,DT,6-4,309,25,4,Wisconsin,Active,2026-08-31T00:08:51.695252+00:00
PIT,Germie Bernard,17,WR,6-1,206,22,R,Alabama,Active,2026-08-31T00:08:51.695252+00:00
PIT,Yahya Black,94,DL,6-5,330,24,2,Iowa,Active,2026-08-31T00:08:51.695252+00:00
PIT,Chris Boswell,9,K,6-2,185,35,12,Rice,Active,2026-08-31T00:08:51.695252+00:00
PIT,Jaquan Brisker,3,S,6-1,204,27,5,Penn State,Active,2026-08-31T00:08:51.695252+00:00
PIT,Carson Bruener,44,LB,6-2,226,25,2,Washington,Active,2026-08-31T00:08:51.695252+00:00
PIT,Dylan Cook,60,OT,6-5,305,28,3,Montana,Active,2026-08-31T00:08:51.695252+00:00
PIT,Jamel Dean,35,CB,6-1,206,29,8,Auburn,Active,2026-08-31T00:08:51.695252+00:00
PIT,Rico Dowdle,13,RB,5-11,218,28,7,South Carolina,Active,2026-08-31T00:08:51.695252+00:00
PIT,Gennings Dunker,73,G,6-5,319,23,R,Iowa,Active,2026-08-31T00:08:51.695252+00:00
PIT,Brandin Echols,26,CB,5-10,179,28,6,Kentucky,Active,2026-08-31T00:08:51.695252+00:00
PIT,Daylen Everette,23,CB,6-1,196,22,R,Georgia,Active,2026-08-31T00:08:51.695252+00:00
PIT,Troy Fautanu,76,OT,6-4,317,25,3,Washington,Active,2026-08-31T00:08:51.695252+00:00
PIT,Zach Frazier,54,C,6-3,310,25,3,West Virginia,Active,2026-08-31T00:08:51.695252+00:00
PIT,Pat Freiermuth,88,TE,6-5,258,27,6,Penn State,Active,2026-08-31T00:08:51.695252+00:00
PIT,Derrick Harmon,99,DT,6-4,313,23,2,Oregon,Active,2026-08-31T00:08:51.695252+00:00
PIT,Eli Heidenreich,29,RB/WR,6-0,198,23,R,Navy,Active,2026-08-31T00:08:51.695252+00:00
PIT,Nick Herbig,51,LB,6-2,240,24,4,Wisconsin,Active,2026-08-31T00:08:51.695252+00:00
PIT,Cameron Heyward,97,DT,6-5,295,37,16,Ohio State,Active,2026-08-31T00:08:51.695252+00:00
PIT,Alex Highsmith,56,LB,6-4,242,29,7,Charlotte,Active,2026-08-31T00:08:51.695252+00:00
PIT,Brock Hoffman,67,G,6-4,318,27,5,Virginia Tech,Active,2026-08-31T00:08:51.695252+00:00
PIT,Cole Holcomb,55,LB,6-1,240,30,8,North Carolina,Active,2026-08-31T00:08:51.695252+00:00
PIT,Will Howard,18,QB,6-4,235,24,2,Ohio State,Active,2026-08-31T00:08:51.695252+00:00
PIT,Max Iheanachor,71,OT,6-6,321,22,R,Arizona State,Active,2026-08-31T00:08:51.695252+00:00
PIT,Rayshawn Jenkins,31,S,6-1,220,32,10,Miami,Active,2026-08-31T00:08:51.695252+00:00
PIT,Kevin Jobity Jr.,92,DL,6-4,300,22,R,Syracuse,Active,2026-08-31T00:08:51.695252+00:00
PIT,Cameron Johnston,19,P,5-11,194,34,9,Ohio State,Active,2026-08-31T00:08:51.695252+00:00
PIT,Sebastian Joseph-Day,69,DT,6-4,310,31,8,Rutgers,Active,2026-08-31T00:08:51.695252+00:00
PIT,Christian Kuntz,46,LS,6-1,228,32,6,Duquesne,Active,2026-08-31T00:08:51.695252+00:00
PIT,Ryan McCollum,62,C,6-5,300,28,4,Texas A&M,Active,2026-08-31T00:08:51.695252+00:00
PIT,Mason McCormick,66,G,6-5,315,26,3,South Dakota State,Active,2026-08-31T00:08:51.695252+00:00
PIT,DK Metcalf,4,WR,6-4,235,28,8,Mississippi,Active,2026-08-31T00:08:51.695252+00:00
PIT,Riley Nowakowski,37,FB,6-2,250,24,R,Indiana,Active,2026-08-31T00:08:51.695252+00:00
PIT,Michael Pittman Jr.,11,WR,6-4,223,28,7,USC,Active,2026-08-31T00:08:51.695252+00:00
PIT,Joey Porter Jr.,24,CB,6-2,193,26,4,Penn State,Active,2026-08-31T00:08:51.695252+00:00
PIT,Patrick Queen,6,LB,6-0,230,27,7,LSU,Active,2026-08-31T00:08:51.695252+00:00
PIT,Jalen Ramsey,5,CB,6-1,208,31,11,Florida State,Active,2026-08-31T00:08:51.695252+00:00
PIT,Aaron Rodgers,8,QB,6-2,223,42,22,California,Active,2026-08-31T00:08:51.695252+00:00
PIT,Gabriel Rubio,96,DE,6-5,321,23,R,Notre Dame,Active,2026-08-31T00:08:51.695252+00:00
PIT,Mason Rudolph,2,QB,6-5,235,31,9,Oklahoma State,Active,2026-08-31T00:08:51.695252+00:00
PIT,Asante Samuel Jr.,22,CB,5-10,180,26,6,Florida State,Active,2026-08-31T00:08:51.695252+00:00
PIT,Jack Sawyer,33,LB,6-5,260,24,2,Ohio State,Active,2026-08-31T00:08:51.695252+00:00
PIT,Ben Skowronek,15,WR,6-3,224,29,6,Notre Dame,Active,2026-08-31T00:08:51.695252+00:00
PIT,Robert Spears-Jennings,28,S,6-2,205,22,R,Oklahoma,Active,2026-08-31T00:08:51.695252+00:00
PIT,Robert Tonyan,83,TE,6-5,240,32,8,Indiana State,Active,2026-08-31T00:08:51.695252+00:00
PIT,Jaylen Warren,30,RB,5-8,215,27,5,Oklahoma State,Active,2026-08-31T00:08:51.695252+00:00
PIT,Darnell Washington,80,TE,6-7,264,25,4,Georgia,Active,2026-08-31T00:08:51.695252+00:00
PIT,T.J. Watt,90,LB,6-4,252,31,10,Wisconsin,Active,2026-08-31T00:08:51.695252+00:00
PIT,Kaden Wetjen,10,WR,5-9,196,24,R,Iowa,Active,2026-08-31T00:08:51.695252+00:00
PIT,Payton Wilson,41,LB,6-4,242,26,3,N.C. State,Active,2026-08-31T00:08:51.695252+00:00
PIT,Roman Wilson,14,WR,6-0,192,25,3,Michigan,Active,2026-08-31T00:08:51.695252+00:00
PIT,Jack Driscoll,68,OT,6-5,312,29,6,Auburn,Reserve/Injured,2026-08-31T00:08:51.695252+00:00
PIT,DeShon Elliott,25,S,6-1,210,29,9,Texas,Reserve/Injured,2026-08-31T00:08:51.695252+00:00
PIT,Daequan Hardy,31,DB,5-9,178,25,1,Penn State,Reserve/Injured,2026-08-31T00:08:51.695252+00:00
PIT,Logan Lee,91,DL,6-5,291,26,3,Iowa,Reserve/Injured,2026-08-31T00:08:51.695252+00:00
PIT,Donte Kent,34,CB,5-10,189,24,2,Central Michigan,Reserve/Physically Unable to Perform,2026-08-31T00:08:51.695252+00:00
SF,Tatum Bethune,48,LB,6-1,230,25,3,Florida State,Active,2026-08-31T00:08:51.695252+00:00
SF,Kaelon Black,26,RB,5-10,208,24,R,Indiana,Active,2026-08-31T00:08:51.695252+00:00
SF,Nick Bosa,97,DL,6-4,266,28,8,Ohio State,Active,2026-08-31T00:08:51.695252+00:00
SF,Jake Brendel,64,OL,6-4,299,33,9,UCLA,Active,2026-08-31T00:08:51.695252+00:00
SF,Ji'Ayir Brown,27,S,5-11,202,26,4,Penn State,Active,2026-08-31T00:08:51.695252+00:00
SF,Connor Colby,75,OL,6-5,309,23,2,Iowa,Active,2026-08-31T00:08:51.695252+00:00
SF,Alfred Collins,95,DL,6-5,332,24,2,Texas,Active,2026-08-31T00:08:51.695252+00:00
SF,Jacob Cowing,6,WR,5-9,171,25,3,Arizona,Active,2026-08-31T00:08:51.695252+00:00
SF,Enrique Cruz Jr.,69,OL,6-5,313,23,R,Kansas,Active,2026-08-31T00:08:51.695252+00:00
SF,Jaden Dugger,53,LB,6-5,242,22,R,Louisiana,Active,2026-08-31T00:08:51.695252+00:00
SF,Mike Evans,5,WR,6-5,231,33,13,Texas A&M,Active,2026-08-31T00:08:51.695252+00:00
SF,Luke Farrell,89,TE,6-5,250,28,6,Ohio State,Active,2026-08-31T00:08:51.695252+00:00
SF,Luke Gifford,51,LB,6-3,243,31,8,Nebraska,Active,2026-08-31T00:08:51.695252+00:00
SF,Renardo Green,0,CB,6-0,186,25,3,Florida State,Active,2026-08-31T00:08:51.695252+00:00
SF,Dre Greenlaw,57,LB,6-0,230,29,8,Arkansas,Active,2026-08-31T00:08:51.695252+00:00
SF,Gracen Halton,93,DL,6-3,239,22,R,Oklahoma,Active,2026-08-31T00:08:51.695252+00:00
SF,Romello Height,94,DL,6-2,239,25,R,Texas Tech,Active,2026-08-31T00:08:51.695252+00:00
SF,Nate Hobbs,22,CB,6-0,195,27,6,Illinois,Active,2026-08-31T00:08:51.695252+00:00
SF,Jordan James,29,RB,5-9,208,22,2,Oregon,Active,2026-08-31T00:08:51.695252+00:00
SF,Jack Jones,25,CB,5-11,175,28,5,Arizona State,Active,2026-08-31T00:08:51.695252+00:00
SF,Mac Jones,10,QB,6-3,220,27,6,Alabama,Active,2026-08-31T00:08:51.695252+00:00
SF,Kyle Juszczyk,44,FB,6-2,235,35,14,Harvard,Active,2026-08-31T00:08:51.695252+00:00
SF,George Kittle,85,TE,6-4,250,32,10,Iowa,Active,2026-08-31T00:08:51.695252+00:00
SF,Deommodore Lenoir,2,DB,5-10,200,26,6,Oregon,Active,2026-08-31T00:08:51.695252+00:00
SF,Vederian Lowe,76,OL,6-5,315,27,5,Illinois,Active,2026-08-31T00:08:51.695252+00:00
SF,Nick Martin,45,LB,5-11,221,23,2,Oklahoma State,Active,2026-08-31T00:08:51.695252+00:00
SF,Christian McCaffrey,23,RB,5-11,210,30,10,Stanford,Active,2026-08-31T00:08:51.695252+00:00
SF,Colton McKivitz,68,OL,6-6,301,30,7,West Virginia,Active,2026-08-31T00:08:51.695252+00:00
SF,Malik Mustapha,6,S,5-10,206,24,3,Wake Forest,Active,2026-08-31T00:08:51.695252+00:00
SF,Siran Neal,33,DB,6-0,206,32,9,Jacksonville State,Active,2026-08-31T00:08:51.695252+00:00
SF,Osa Odighizuwa,92,DL,6-2,280,28,6,UCLA,Active,2026-08-31T00:08:51.695252+00:00
SF,Sam Okuayinonu,91,DL,6-1,269,28,4,Maryland,Active,2026-08-31T00:08:51.695252+00:00
SF,Eddy Piñeiro,18,K,5-11,190,30,9,Florida,Active,2026-08-31T00:08:51.695252+00:00
SF,Ephesians Prysock,35,CB,6-3,196,23,R,Washington,Active,2026-08-31T00:08:51.695252+00:00
SF,Dominick Puni,77,OL,6-5,313,26,3,Kansas,Active,2026-08-31T00:08:51.695252+00:00
SF,Brock Purdy,13,QB,6-1,220,26,5,Iowa State,Active,2026-08-31T00:08:51.695252+00:00
SF,Demarcus Robinson,7,WR,6-1,202,31,11,Florida,Active,2026-08-31T00:08:51.695252+00:00
SF,Kurtis Rourke,14,QB,6-4,220,25,1,Indiana,Active,2026-08-31T00:08:51.695252+00:00
SF,Deebo Samuel Sr.,19,WR,6-0,215,30,8,South Carolina,Active,2026-08-31T00:08:51.695252+00:00
SF,Marques Sigle,36,S,5-11,199,24,2,Kansas State,Active,2026-08-31T00:08:51.695252+00:00
SF,Upton Stout,20,CB,5-9,181,24,2,Western Kentucky,Active,2026-08-31T00:08:51.695252+00:00
SF,De'Zhaun Stribling,15,WR,6-2,207,23,R,Mississippi,Active,2026-08-31T00:08:51.695252+00:00
SF,James Thompson Jr.,75,DL,6-6,308,24,R,Illinois,Active,2026-08-31T00:08:51.695252+00:00
SF,Jake Tonges,88,TE,6-4,240,27,4,California,Active,2026-08-31T00:08:51.695252+00:00
SF,Garret Wallow,49,LB,6-2,230,27,6,TCU,Active,2026-08-31T00:08:51.695252+00:00
SF,Fred Warner,54,LB,6-3,230,29,9,Brigham Young,Active,2026-08-31T00:08:51.695252+00:00
SF,Jordan Watkins,17,WR,5-11,196,24,2,Mississippi,Active,2026-08-31T00:08:51.695252+00:00
SF,C.J. West,99,DL,6-1,316,24,2,Indiana,Active,2026-08-31T00:08:51.695252+00:00
SF,Keion White,56,DL,6-5,285,27,4,Georgia Tech,Active,2026-08-31T00:08:51.695252+00:00
SF,Trent Williams,71,T,6-5,320,38,17,Oklahoma,Active,2026-08-31T00:08:51.695252+00:00
SF,Brayden Willis,9,TE,6-4,240,26,4,Oklahoma,Active,2026-08-31T00:08:51.695252+00:00
SF,Carver Willis,74,OL,6-5,303,24,R,Washington,Active,2026-08-31T00:08:51.695252+00:00
SF,Isaac Guerendo,31,RB,6-0,221,26,3,Louisville,Active/Physically Unable to Perform,2026-08-31T00:08:51.695252+00:00
SF,Mykel Williams,98,DL,6-5,267,22,2,Georgia,Active/Physically Unable to Perform,2026-08-31T00:08:51.695252+00:00
SF,Victor Dimukeje,96,DL,6-2,262,26,6,Duke,Reserve/Injured,2026-08-31T00:08:51.695252+00:00
SF,Andrew Farmer II,50,DL,6-4,250,26,2,Lane College,Reserve/Injured,2026-08-31T00:08:51.695252+00:00
SF,Darrick Forrest,29,S,5-11,200,27,5,Cincinnati,Reserve/Injured,2026-08-31T00:08:51.695252+00:00
SF,Mikail Kamara,59,DL,6-1,260,24,R,Indiana,Reserve/Injured,2026-08-31T00:08:51.695252+00:00
SF,Christian Kirk,3,WR,5-11,200,29,9,Texas A&M,Reserve/Injured,2026-08-31T00:08:51.695252+00:00
SF,Titus Leo,96,DL,6-3,245,27,3,Wagner,Reserve/Injured,2026-08-31T00:08:51.695252+00:00
SF,Ricky Pearsall,1,WR,6-1,189,25,3,Florida,Reserve/Injured,2026-08-31T00:08:51.695252+00:00
SF,Austen Pleasants,62,OL,6-7,330,29,2,Ohio,Reserve/Injured,2026-08-31T00:08:51.695252+00:00
SF,Patrick Taylor Jr.,32,RB,6-2,217,28,6,Memphis,Reserve/Injured,2026-08-31T00:08:51.695252+00:00
SF,Xavier Thomas,50,DL,6-2,250,26,3,Clemson,Reserve/Injured,2026-08-31T00:08:51.695252+00:00
SF,Brett Toth,78,OL,6-6,304,29,7,Army,Reserve/Injured,2026-08-31T00:08:51.695252+00:00
SF,Nick Zakelj,63,OL,6-6,316,27,4,Fordham,Reserve/Injured,2026-08-31T00:08:51.695252+00:00
SF,Brandon Aiyuk,11,WR,6-0,200,28,6,Arizona State,Reserve/Left Squad,2026-08-31T00:08:51.695252+00:00
SEA,Elijah Arroyo,18,TE,6-5,254,23,2,Miami,Active,2026-08-31T00:08:51.695252+00:00
SEA,AJ Barner,88,TE,6-6,251,24,3,Michigan,Active,2026-08-31T00:08:51.695252+00:00
SEA,Anthony Bradford,75,G,6-4,335,25,4,LSU,Active,2026-08-31T00:08:51.695252+00:00
SEA,Bryce Cabeldue,77,G,6-4,308,24,2,Kansas,Active,2026-08-31T00:08:51.695252+00:00
SEA,Charles Cross,67,T,6-5,317,25,5,Mississippi State,Active,2026-08-31T00:08:51.695252+00:00
SEA,Sam Darnold,14,QB,6-3,225,29,9,USC,Active,2026-08-31T00:08:51.695252+00:00
SEA,Michael Dickson,4,P,6-2,208,30,9,Texas,Active,2026-08-31T00:08:51.695252+00:00
SEA,Nick Emmanwori,3,S,6-3,220,22,2,South Carolina,Active,2026-08-31T00:08:51.695252+00:00
SEA,Montorie Foster Jr,87,WR,5-11,188,25,1,Michigan State,Active,2026-08-31T00:08:51.695252+00:00
SEA,Dante Fowler Jr.,56,LB,6-3,264,32,12,Florida,Active,2026-08-31T00:08:51.695252+00:00
SEA,Derick Hall,58,LB,6-3,260,25,4,Auburn,Active,2026-08-31T00:08:51.695252+00:00
SEA,Christian Haynes,64,G,6-3,317,26,3,Connecticut,Active,2026-08-31T00:08:51.695252+00:00
SEA,George Holani,36,RB,5-11,210,26,3,Boise State,Active,2026-08-31T00:08:51.695252+00:00
SEA,Tory Horton,15,WR,6-2,196,23,2,Colorado State,Active,2026-08-31T00:08:51.695252+00:00
SEA,Josh Jobe,29,CB,5-11,190,28,5,Alabama,Active,2026-08-31T00:08:51.695252+00:00
SEA,Ernest Jones IV,13,LB,6-2,233,26,6,South Carolina,Active,2026-08-31T00:08:51.695252+00:00
SEA,Josh Jones,74,G/T,6-7,339,29,7,Houston,Active,2026-08-31T00:08:51.695252+00:00
SEA,Nick Kallerup,89,TE,6-5,266,25,2,Minnesota,Active,2026-08-31T00:08:51.695252+00:00
SEA,Tyrice Knight,48,LB,6-0,233,26,3,Texas-El Paso,Active,2026-08-31T00:08:51.695252+00:00
SEA,Cooper Kupp,10,WR,6-1,205,33,10,Eastern Washington,Active,2026-08-31T00:08:51.695252+00:00
SEA,DeMarcus Lawrence,0,LB,6-3,254,34,13,Boise State,Active,2026-08-31T00:08:51.695252+00:00
SEA,Drew Lock,2,QB,6-4,228,29,8,Missouri,Active,2026-08-31T00:08:51.695252+00:00
SEA,Julian Love,20,S,5-11,195,28,8,Notre Dame,Active,2026-08-31T00:08:51.695252+00:00
SEA,Abraham Lucas,72,T,6-6,322,27,5,Washington State,Active,2026-08-31T00:08:51.695252+00:00
SEA,Rylie Mills,98,DE,6-5,296,25,1,Notre Dame,Active,2026-08-31T00:08:51.695252+00:00
SEA,Jalen Milroe,6,QB,6-2,216,23,2,Alabama,Active,2026-08-31T00:08:51.695252+00:00
SEA,Mike Morris,94,DE,6-6,306,25,4,Michigan,Active,2026-08-31T00:08:51.695252+00:00
SEA,Byron Murphy II,91,DT,6-0,306,23,3,Texas,Active,2026-08-31T00:08:51.695252+00:00
SEA,Jason Myers,5,K,5-10,190,35,12,Marist,Active,2026-08-31T00:08:51.695252+00:00
SEA,Julian Neal,1,CB,6-2,203,23,R,Arkansas,Active,2026-08-31T00:08:51.695252+00:00
SEA,Uchenna Nwosu,7,LB,6-2,265,29,9,USC,Active,2026-08-31T00:08:51.695252+00:00
SEA,Patrick O'Connell,52,LB,6-1,231,27,3,Montana,Active,2026-08-31T00:08:51.695252+00:00
SEA,Connor O'Toole,57,LB,6-3,248,24,2,Utah,Active,2026-08-31T00:08:51.695252+00:00
SEA,Ty Okada,39,S,5-11,200,27,2,Montana State,Active,2026-08-31T00:08:51.695252+00:00
SEA,Olu Oluwatimi,55,C,6-3,309,27,4,Michigan,Active,2026-08-31T00:08:51.695252+00:00
SEA,Brandon Pili,95,NT,6-3,334,27,4,USC,Active,2026-08-31T00:08:51.695252+00:00
SEA,Jadarian Price,8,RB,5-11,209,22,R,Notre Dame,Active,2026-08-31T00:08:51.695252+00:00
SEA,Nehemiah Pritchett,28,CB,6-0,190,25,3,Auburn,Active,2026-08-31T00:08:51.695252+00:00
SEA,Jarran Reed,90,NT,6-3,315,33,11,Alabama,Active,2026-08-31T00:08:51.695252+00:00
SEA,Brady Russell,38,FB,6-3,250,28,4,Colorado,Active,2026-08-31T00:08:51.695252+00:00
SEA,Eric Saubert,81,TE,6-5,248,32,9,Drake,Active,2026-08-31T00:08:51.695252+00:00
SEA,Rashid Shaheed,22,WR,6-0,180,28,5,Weber State,Active,2026-08-31T00:08:51.695252+00:00
SEA,Jaxon Smith-Njigba,11,WR,6-0,197,24,4,Ohio State,Active,2026-08-31T00:08:51.695252+00:00
SEA,Avery Smith,,CB,5-11,196,22,R,Toledo,Active,2026-08-31T00:08:51.695252+00:00
SEA,Beau Stephens,60,G,6-5,315,23,R,Iowa,Active,2026-08-31T00:08:51.695252+00:00
SEA,Chris Stoll,41,LS,6-2,255,28,4,Penn State,Active,2026-08-31T00:08:51.695252+00:00
SEA,Jalen Sundell,61,C,6-5,301,26,3,North Dakota State,Active,2026-08-31T00:08:51.695252+00:00
SEA,Chazz Surratt,44,LB,6-2,233,29,5,North Carolina,Active,2026-08-31T00:08:51.695252+00:00
SEA,Drake Thomas,32,LB,5-11,228,26,4,N.C. State,Active,2026-08-31T00:08:51.695252+00:00
SEA,Leonard Williams,99,DT,6-5,310,32,12,USC,Active,2026-08-31T00:08:51.695252+00:00
SEA,Emanuel Wilson,27,RB,5-10,226,27,4,Fort Valley State College,Active,2026-08-31T00:08:51.695252+00:00
SEA,Devon Witherspoon,21,CB,6-0,185,25,4,Illinois,Active,2026-08-31T00:08:51.695252+00:00
SEA,Grey Zabel,76,G,6-6,316,24,2,North Dakota State,Active,2026-08-31T00:08:51.695252+00:00
SEA,Jake Bobo,19,WR,6-4,211,28,4,Duke,Reserve/Injured,2026-08-31T00:08:51.695252+00:00
SEA,Irv Charles,85,WR,6-4,219,29,4,Indiana University (Pa.),Reserve/Injured,2026-08-31T00:08:51.695252+00:00
SEA,Bud Clark,9,S,6-1,188,24,R,TCU,Reserve/Injured,2026-08-31T00:08:51.695252+00:00
SEA,Robbie Ouzts,40,FB,6-3,274,23,2,Alabama,Reserve/Injured,2026-08-31T00:08:51.695252+00:00
SEA,Chris Paul Jr.,49,LB,6-1,235,23,1,Mississippi,Reserve/Injured,2026-08-31T00:08:51.695252+00:00
SEA,Mason Richman,78,T/G,6-5,307,24,2,Iowa,Reserve/Injured,2026-08-31T00:08:51.695252+00:00
SEA,Zach Charbonnet,26,RB,6-1,220,25,4,UCLA,Reserve/Physically Unable to Perform,2026-08-31T00:08:51.695252+00:00
SEA,Terrion Arnold,34,CB,6-0,195,23,3,Alabama,Commissioner Exempt,2026-08-31T00:08:51.695252+00:00
TB,Alex Anzalone,34,LB,6-3,234,31,10,Florida,Active,2026-08-31T00:08:51.695252+00:00
TB,Rueben Bain Jr.,3,OLB,6-3,270,21,R,Miami,Active,2026-08-31T00:08:51.695252+00:00
TB,Graham Barton,62,C,6-5,314,24,3,Duke,Active,2026-08-31T00:08:51.695252+00:00
TB,Connor Bazelak,16,QB,6-3,225,25,2,Bowling Green,Active,2026-08-31T00:08:51.695252+00:00
TB,Chris Braswell,43,OLB,6-3,255,24,3,Alabama,Active,2026-08-31T00:08:51.695252+00:00
TB,Ben Bredeson,68,G,6-5,315,28,7,Michigan,Active,2026-08-31T00:08:51.695252+00:00
TB,Jake Browning,5,QB,6-2,209,30,4,Washington,Active,2026-08-31T00:08:51.695252+00:00
TB,John Bullock,30,LB,6-0,230,25,2,Nebraska,Active,2026-08-31T00:08:51.695252+00:00
TB,DeMonte Capehart,90,DL,6-5,315,24,R,Clemson,Active,2026-08-31T00:08:51.695252+00:00
TB,Benjamin Chukwuma,70,T,6-6,310,25,2,Georgia State,Active,2026-08-31T00:08:51.695252+00:00
TB,Devin Culp,82,TE,6-4,237,26,3,Washington,Active,2026-08-31T00:08:51.695252+00:00
TB,Scott Daly,71,LS,6-2,245,32,6,Notre Dame,Active,2026-08-31T00:08:51.695252+00:00
TB,Jalon Daniels,10,QB,6-1,219,23,R,Kansas,Active,2026-08-31T00:08:51.695252+00:00
TB,Evan Deckers,86,LS,6-3,252,27,3,Duke,Active,2026-08-31T00:08:51.695252+00:00
TB,SirVocea Dennis,8,LB,6-0,230,26,4,Pittsburgh,Active,2026-08-31T00:08:51.695252+00:00
TB,Yaya Diaby,0,OLB,6-4,270,27,4,Louisville,Active,2026-08-31T00:08:51.695252+00:00
TB,Riley Dixon,9,P,6-4,221,33,11,Syracuse,Active,2026-08-31T00:08:51.695252+00:00
TB,Payne Durham,87,TE,6-5,255,26,4,Purdue,Active,2026-08-31T00:08:51.695252+00:00
TB,Emeka Egbuka,2,WR,6-1,205,23,2,Ohio State,Active,2026-08-31T00:08:51.695252+00:00
TB,Dan Feeney,65,G,6-4,310,32,10,Indiana,Active,2026-08-31T00:08:51.695252+00:00
TB,Kenny Fletcher Jr.,81,TE,6-3,250,22,R,Rutgers,Active,2026-08-31T00:08:51.695252+00:00
TB,Marshall Foerner,74,T,6-6,308,25,1,Minnesota State-Mankato,Active,2026-08-31T00:08:51.695252+00:00
TB,Caden Fordham,46,LB,6-1,223,23,R,North Carolina State,Active,2026-08-31T00:08:51.695252+00:00
TB,Kenny Gainwell,1,RB,5-9,200,27,6,Memphis,Active,2026-08-31T00:08:51.695252+00:00
TB,Ayden Garnes,24,CB,6-0,181,23,R,Arizona,Active,2026-08-31T00:08:51.695252+00:00
TB,Chris Godwin Jr.,14,WR,6-1,209,30,10,Penn State,Active,2026-08-31T00:08:51.695252+00:00
TB,Luke Goedeke,67,T,6-5,312,27,5,Central Michigan,Active,2026-08-31T00:08:51.695252+00:00
TB,Josiah Green,96,DL,6-0,284,23,R,Duke,Active,2026-08-31T00:08:51.695252+00:00
TB,Garrett Greene,85,WR,5-11,201,24,1,West Virginia,Active,2026-08-31T00:08:51.695252+00:00
TB,Luke Haggard,72,G,6-7,305,26,2,Indiana,Active,2026-08-31T00:08:51.695252+00:00
TB,Josh Hayes,32,CB,6-0,190,27,4,Kansas State,Active,2026-08-31T00:08:51.695252+00:00
TB,Yasir Holmes,57,OLB,6-4,240,24,R,Tarleton State,Active,2026-08-31T00:08:51.695252+00:00
TB,Dennis Houston,89,WR,6-1,190,27,1,Western Illinois,Active,2026-08-31T00:08:51.695252+00:00
TB,Ted Hurst III,17,WR,6-3,195,22,R,Georgia State,Active,2026-08-31T00:08:51.695252+00:00
TB,Nash Hutmacher,64,G,6-4,310,25,1,Nebraska,Active,2026-08-31T00:08:51.695252+00:00
TB,Bucky Irving,7,RB,5-10,195,24,3,Oregon,Active,2026-08-31T00:08:51.695252+00:00
TB,Jha'Quan Jackson,39,WR,5-9,188,26,2,Tulane,Active,2026-08-31T00:08:51.695252+00:00
TB,Nick Jackson,53,LB,6-0,235,25,1,Iowa,Active,2026-08-31T00:08:51.695252+00:00
TB,Kameron Johnson,19,WR,5-10,170,24,3,Barton College,Active,2026-08-31T00:08:51.695252+00:00
TB,Tez Johnson,15,WR,5-10,165,24,2,Oregon,Active,2026-08-31T00:08:51.695252+00:00
TB,Jayson Jones,93,DL,6-6,340,24,1,Auburn,Active,2026-08-31T00:08:51.695252+00:00
TB,Mohamed Kamara,59,OLB,6-1,253,26,2,Colorado State,Active,2026-08-31T00:08:51.695252+00:00
TB,Calijah Kancey,94,DL,6-0,280,25,4,Pittsburgh,Active,2026-08-31T00:08:51.695252+00:00
TB,Ko Kieft,41,TE,6-5,265,28,5,Minnesota,Active,2026-08-31T00:08:51.695252+00:00
TB,Miles Killebrew,29,S,6-2,222,33,11,Southern Utah,Active,2026-08-31T00:08:51.695252+00:00
TB,Elijah Klein,79,G,6-4,319,26,3,UTEP,Active,2026-08-31T00:08:51.695252+00:00
TB,Barika Kpeenu,49,RB,5-9,213,23,R,North Dakota State,Active,2026-08-31T00:08:51.695252+00:00
TB,Henry Lutovsky,61,G,6-6,319,23,R,Nebraska,Active,2026-08-31T00:08:51.695252+00:00
TB,Cody Mauch,69,G,6-6,303,27,4,North Dakota State,Active,2026-08-31T00:08:51.695252+00:00
TB,Baker Mayfield,6,QB,6-1,215,31,9,Oklahoma,Active,2026-08-31T00:08:51.695252+00:00
TB,Zyon McCollum,27,CB,6-2,199,27,5,Sam Houston State,Active,2026-08-31T00:08:51.695252+00:00
TB,Robert McDaniel,39,S,6-2,207,25,1,Jackson State University,Active,2026-08-31T00:08:51.695252+00:00
TB,Chase McLaughlin,4,K,6-0,190,30,8,Illinois,Active,2026-08-31T00:08:51.695252+00:00
TB,Jalen McMillan,11,WR,6-1,192,24,3,Washington,Active,2026-08-31T00:08:51.695252+00:00
TB,Ifeatu Melifonwu,35,S,6-3,210,27,6,Syracuse,Active,2026-08-31T00:08:51.695252+00:00
TB,Benjamin Morrison,21,CB,6-0,190,22,2,Notre Dame,Active,2026-08-31T00:08:51.695252+00:00
TB,Al-Quadin Muhammad,97,OLB,6-3,250,31,9,Miami,Active,2026-08-31T00:08:51.695252+00:00
TB,Anthony Nelson,98,OLB,6-7,271,29,8,Iowa,Active,2026-08-31T00:08:51.695252+00:00
TB,Rakeem Nuñez-Roches,56,DL,6-2,305,33,12,Southern Mississippi,Active,2026-08-31T00:08:51.695252+00:00
TB,Cade Otton,88,TE,6-5,247,27,5,Washington,Active,2026-08-31T00:08:51.695252+00:00
TB,Roman Parodie,37,CB,6-2,204,24,1,Ohio,Active,2026-08-31T00:08:51.695252+00:00
TB,Jacob Parrish,25,CB,5-10,198,22,2,Kansas State,Active,2026-08-31T00:08:51.695252+00:00
TB,Dean Patterson IV,8,WR,6-2,200,24,R,Georgia Tech,Active,2026-08-31T00:08:51.695252+00:00
TB,B.T. Potter,33,K,5-9,185,26,1,Clemson,Active,2026-08-31T00:08:51.695252+00:00
TB,Jack Pyburn,58,OLB,6-4,258,22,R,LSU,Active,2026-08-31T00:08:51.695252+00:00
TB,Eric Rivers Jr.,83,WR,5-10,176,23,R,Georgia Tech,Active,2026-08-31T00:08:51.695252+00:00
TB,Elijah Roberts,95,DL,6-4,295,24,2,SMU,Active,2026-08-31T00:08:51.695252+00:00
TB,JJ Roberts,36,S,6-0,195,24,2,Marshall,Active,2026-08-31T00:08:51.695252+00:00
TB,A'Shawn Robinson,91,DL,6-3,320,31,11,Alabama,Active,2026-08-31T00:08:51.695252+00:00
TB,Christian Rozeboom,52,LB,6-2,230,29,6,South Dakota State,Active,2026-08-31T00:08:51.695252+00:00
TB,Paul Rubelt,76,T,6-10,313,26,R,UCF,Active,2026-08-31T00:08:51.695252+00:00
TB,Billy Schrauth,75,G,6-4,310,22,R,Notre Dame,Active,2026-08-31T00:08:51.695252+00:00
TB,Ben Scott,66,G,6-5,310,25,1,Nebraska,Active,2026-08-31T00:08:51.695252+00:00
TB,Keionte Scott,22,DB,6-0,195,25,R,Miami,Active,2026-08-31T00:08:51.695252+00:00
TB,Bauer Sharp,84,TE,6-5,246,23,R,LSU,Active,2026-08-31T00:08:51.695252+00:00
TB,Travis Shaw,71,DL,6-5,334,22,R,Texas,Active,2026-08-31T00:08:51.695252+00:00
TB,David Sills V,80,WR,6-3,211,31,4,West Virginia,Active,2026-08-31T00:08:51.695252+00:00
TB,Elijah Simmons,92,DL,6-1,335,25,2,Tennessee,Active,2026-08-31T00:08:51.695252+00:00
TB,Justin Skule,77,T,6-6,315,29,7,Vanderbilt,Active,2026-08-31T00:08:51.695252+00:00
TB,Tykee Smith,23,S,5-10,202,25,3,Georgia,Active,2026-08-31T00:08:51.695252+00:00
TB,Josiah Trotter,45,LB,6-2,237,21,R,Missouri,Active,2026-08-31T00:08:51.695252+00:00
TB,Sean Tucker,44,RB,5-10,205,24,4,Syracuse,Active,2026-08-31T00:08:51.695252+00:00
TB,Vita Vea,50,NT,6-4,347,31,9,Washington,Active,2026-08-31T00:08:51.695252+00:00
TB,David Walker,51,OLB,6-2,260,26,2,Central Arkansas,Active,2026-08-31T00:08:51.695252+00:00
TB,Pepe Williams,28,CB,5-10,183,28,3,Houston,Active,2026-08-31T00:08:51.695252+00:00
TB,Josh Williams,18,RB,5-9,210,26,2,LSU,Active,2026-08-31T00:08:51.695252+00:00
TB,Xavier Williams,26,S,6-2,220,23,R,Cincinnati,Active,2026-08-31T00:08:51.695252+00:00
TB,Antoine Winfield Jr.,31,S,5-9,203,28,7,Minnesota,Active,2026-08-31T00:08:51.695252+00:00
TB,Tristan Wirfs,78,T,6-5,320,27,7,Iowa,Active,2026-08-31T00:08:51.695252+00:00
TB,Rashad Wisdom,38,S,5-9,210,25,2,Texas-San Antonio,Active,2026-08-31T00:08:51.695252+00:00
TB,Javin Wright,48,LB,6-4,232,26,R,Nebraska,Active,2026-08-31T00:08:51.695252+00:00
TB,Deshawn McKnight,73,DL,6-1,283,23,R,Arizona,Reserve/Injured,2026-08-31T00:08:51.695252+00:00
TEN,Tony Adams,38,S,5-11,210,27,5,Illinois,Active,2026-08-31T00:08:51.695252+00:00
TEN,Elic Ayomanor,5,WR,6-2,206,23,2,Stanford,Active,2026-08-31T00:08:51.695252+00:00
TEN,Cody Barton,50,LB,6-2,237,29,8,Utah,Active,2026-08-31T00:08:51.695252+00:00
TEN,Daniel Bellinger,82,TE,6-6,255,25,5,San Diego State,Active,2026-08-31T00:08:51.695252+00:00
TEN,Fernando Carmona Jr.,66,G,6-5,316,24,R,Arkansas,Active,2026-08-31T00:08:51.695252+00:00
TEN,Julius Chestnut,36,RB,5-11,228,25,5,Sacred Heart,Active,2026-08-31T00:08:51.695252+00:00
TEN,Pat Coogan,79,C,6-5,310,23,R,Indiana,Active,2026-08-31T00:08:51.695252+00:00
TEN,Morgan Cox,46,LS,6-4,233,40,17,Tennessee,Active,2026-08-31T00:08:51.695252+00:00
TEN,Brandon Crenshaw-Dickson,78,T,6-7,316,25,2,Florida,Active,2026-08-31T00:08:51.695252+00:00
TEN,Austin Deculus,76,T,6-5,330,27,4,LSU,Active,2026-08-31T00:08:51.695252+00:00
TEN,Garrett Dellinger,71,G,6-5,330,24,1,LSU,Active,2026-08-31T00:08:51.695252+00:00
TEN,Mohamoud Diabate,44,LB,6-4,235,25,4,Utah,Active,2026-08-31T00:08:51.695252+00:00
TEN,Chimere Dike,17,WR,6-1,196,24,2,Florida,Active,2026-08-31T00:08:51.695252+00:00
TEN,Jordan Elliott,95,DL,6-4,325,28,7,Missouri,Active,2026-08-31T00:08:51.695252+00:00
TEN,Keldric Faulk,15,DE,6-6,274,20,R,Auburn,Active,2026-08-31T00:08:51.695252+00:00
TEN,Cor'Dale Flott,18,CB,6-2,175,25,5,LSU,Active,2026-08-31T00:08:51.695252+00:00
TEN,John Franklin-Myers,91,DL,6-4,288,29,9,Stephen F. Austin,Active,2026-08-31T00:08:51.695252+00:00
TEN,Kylen Granson,86,TE,6-3,242,28,6,Southern Methodist,Active,2026-08-31T00:08:51.695252+00:00
TEN,Cedric Gray,33,LB,6-2,240,23,3,North Carolina,Active,2026-08-31T00:08:51.695252+00:00
TEN,Erick Hallett II,41,S,5-11,200,26,2,Pittsburgh,Active,2026-08-31T00:08:51.695252+00:00
TEN,Marcus Harris,26,CB,5-11,188,25,2,California,Active,2026-08-31T00:08:51.695252+00:00
TEN,Gunnar Helm,84,TE,6-5,241,23,2,Texas,Active,2026-08-31T00:08:51.695252+00:00
TEN,Anthony Hill Jr.,53,LB,6-2,238,21,R,Texas,Active,2026-08-31T00:08:51.695252+00:00
TEN,Amani Hooker,37,S,5-11,210,28,8,Iowa,Active,2026-08-31T00:08:51.695252+00:00
TEN,Jermaine Johnson II,11,DE,6-5,254,27,5,Florida State,Active,2026-08-31T00:08:51.695252+00:00
TEN,Truman Jones,56,DE,6-3,255,26,2,Harvard,Active,2026-08-31T00:08:51.695252+00:00
TEN,JC Latham,55,T,6-6,342,23,3,Alabama,Active,2026-08-31T00:08:51.695252+00:00
TEN,Jackie Marshall,96,DT,6-2,293,23,R,Baylor,Active,2026-08-31T00:08:51.695252+00:00
TEN,David Martin-Robinson,88,TE,6-3,255,26,3,Temple,Active,2026-08-31T00:08:51.695252+00:00
TEN,Jacob Martin,57,DE,6-2,260,30,9,Temple,Active,2026-08-31T00:08:51.695252+00:00
TEN,Dan Moore Jr.,75,T,6-5,315,27,6,Texas A&M,Active,2026-08-31T00:08:51.695252+00:00
TEN,Oluwafemi Oladejo,7,DE,6-3,259,22,2,UCLA,Active,2026-08-31T00:08:51.695252+00:00
TEN,Tony Pollard,20,RB,6-0,209,29,8,Memphis,Active,2026-08-31T00:08:51.695252+00:00
TEN,Jerrick Reed II,28,S,5-9,197,26,4,New Mexico,Active,2026-08-31T00:08:51.695252+00:00
TEN,Xavier Restrepo,87,WR,5-10,202,24,1,Miami,Active,2026-08-31T00:08:51.695252+00:00
TEN,Calvin Ridley,0,WR,6-1,190,31,8,Alabama,Active,2026-08-31T00:08:51.695252+00:00
TEN,Micah Robinson,21,CB,5-11,186,24,2,Tulane,Active,2026-08-31T00:08:51.695252+00:00
TEN,Wan'Dale Robinson,4,WR,5-8,185,25,5,Kentucky,Active,2026-08-31T00:08:51.695252+00:00
TEN,Austin Schlottmann,51,C,6-6,310,30,8,Texas Christian,Active,2026-08-31T00:08:51.695252+00:00
TEN,Jeffery Simmons,98,DT,6-4,305,29,8,Mississippi State,Active,2026-08-31T00:08:51.695252+00:00
TEN,Nicholas Singleton,32,RB,6-0,219,22,R,Penn State,Active,2026-08-31T00:08:51.695252+00:00
TEN,Peter Skoronski,77,G,6-4,330,25,4,Northwestern,Active,2026-08-31T00:08:51.695252+00:00
TEN,Jackson Slater,64,G,6-3,320,23,2,Sacramento State,Active,2026-08-31T00:08:51.695252+00:00
TEN,Joey Slye,6,K,5-11,228,30,8,Virginia Tech,Active,2026-08-31T00:08:51.695252+00:00
TEN,Tyjae Spears,2,RB,5-11,200,25,4,Tulane,Active,2026-08-31T00:08:51.695252+00:00
TEN,Carnell Tate,14,WR,6-2,192,21,R,Ohio State,Active,2026-08-31T00:08:51.695252+00:00
TEN,Alontae Taylor,24,CB,6-1,199,27,5,Tennessee,Active,2026-08-31T00:08:51.695252+00:00
TEN,Solomon Thomas,90,DT,6-2,285,31,10,Stanford,Active,2026-08-31T00:08:51.695252+00:00
TEN,Tommy Townsend,3,P,6-1,191,29,7,Florida,Active,2026-08-31T00:08:51.695252+00:00
TEN,Mitchell Trubisky,10,QB,6-3,222,32,10,North Carolina,Active,2026-08-31T00:08:51.695252+00:00
TEN,Cam Ward,1,QB,6-2,219,24,2,Miami,Active,2026-08-31T00:08:51.695252+00:00
TEN,James Williams Sr.,52,LB,6-4,232,23,3,Miami,Active,2026-08-31T00:08:51.695252+00:00
TEN,Kevin Winston Jr.,23,S,6-2,213,22,2,Penn State,Active,2026-08-31T00:08:51.695252+00:00
TEN,Milo Eifler,--,LB,6-2,225,28,3,Illinois,Reserve/Injured,2026-08-31T00:08:51.695252+00:00
TEN,Dominique Hampton,40,LB,6-3,220,26,2,Washington,Reserve/Injured,2026-08-31T00:08:51.695252+00:00
TEN,Jaylen Harrell,92,DE,6-4,255,24,3,Michigan,Reserve/Injured,2026-08-31T00:08:51.695252+00:00
TEN,Andre James,61,C,6-4,300,29,8,UCLA,Reserve/Injured,2026-08-31T00:08:51.695252+00:00
TEN,Jaren Kanak,81,TE,6-2,234,22,R,Oklahoma,Reserve/Injured,2026-08-31T00:08:51.695252+00:00
TEN,Tanoh Kpassagnon,58,DE,6-7,289,32,8,Villanova,Reserve/Injured,2026-08-31T00:08:51.695252+00:00
TEN,Dorian Mausi,54,LB,6-1,234,24,2,Auburn,Reserve/Injured; Designated for Return,2026-08-31T00:08:51.695252+00:00
TEN,Joshua Williams,25,CB,6-3,201,26,5,Fayetteville State,Reserve/Injured; Designated for Return,2026-08-31T00:08:51.695252+00:00
WAS,Nick Allegretti,67,G,6-4,310,30,8,Illinois,Active,2026-08-31T00:08:51.695252+00:00
WAS,Kaytron Allen,31,RB,5-11,217,23,R,Penn State,Active,2026-08-31T00:08:51.695252+00:00
WAS,Ricky Barber,50,DT,6-3,295,25,1,UCF,Active,2026-08-31T00:08:51.695252+00:00
WAS,John Bates,87,TE,6-6,256,28,6,Boise State,Active,2026-08-31T00:08:51.695252+00:00
WAS,Dyami Brown,6,WR,6-0,195,26,6,North Carolina,Active,2026-08-31T00:08:51.695252+00:00
WAS,Treylon Burks,13,WR,6-2,225,26,5,Arkansas,Active,2026-08-31T00:08:51.695252+00:00
WAS,Percy Butler,35,S,6-0,190,26,5,Louisiana,Active,2026-08-31T00:08:51.695252+00:00
WAS,K'Lavon Chaisson,45,OLB,6-3,255,27,7,LSU,Active,2026-08-31T00:08:51.695252+00:00
WAS,Leo Chenal,54,LB,6-3,250,25,5,Wisconsin,Active,2026-08-31T00:08:51.695252+00:00
WAS,Brandon Coleman,74,G,6-6,320,25,3,TCU,Active,2026-08-31T00:08:51.695252+00:00
WAS,Josh Conerly Jr.,72,T,6-4,315,22,2,Oregon,Active,2026-08-31T00:08:51.695252+00:00
WAS,Sam Cosmi,76,G,6-7,309,27,6,Texas,Active,2026-08-31T00:08:51.695252+00:00
WAS,Jacory Croskey-Merritt,22,RB,5-11,208,25,2,Arizona,Active,2026-08-31T00:08:51.695252+00:00
WAS,Nick Cross,25,S,6-0,212,24,5,Maryland,Active,2026-08-31T00:08:51.695252+00:00
WAS,Jayden Daniels,5,QB,6-4,210,25,3,LSU,Active,2026-08-31T00:08:51.695252+00:00
WAS,Stefon Diggs,3,WR,6-0,191,32,12,Maryland,Active,2026-08-31T00:08:51.695252+00:00
WAS,Rasul Douglas,31,CB,6-2,209,32,10,West Virginia,Active,2026-08-31T00:08:51.695252+00:00
WAS,Matt Gulbin,66,C,6-4,312,23,R,Michigan State,Active,2026-08-31T00:08:51.695252+00:00
WAS,D.J. Humphries,79,T,6-5,307,32,12,Florida,Active,2026-08-31T00:08:51.695252+00:00
WAS,Drake Jackson,93,DE,6-4,273,25,4,USC,Active,2026-08-31T00:08:51.695252+00:00
WAS,Javontae Jean-Baptiste,41,OLB,6-4,260,26,3,Notre Dame,Active,2026-08-31T00:08:51.695252+00:00
WAS,Joshua Josephs,48,OLB,6-3,240,22,R,Tennessee,Active,2026-08-31T00:08:51.695252+00:00
WAS,Athan Kaliakmanis,16,QB,6-2,216,23,R,Rutgers,Active,2026-08-31T00:08:51.695252+00:00
WAS,Javon Kinlaw,99,DT,6-5,319,28,7,South Carolina,Active,2026-08-31T00:08:51.695252+00:00
WAS,Jaylin Lane,83,WR,5-10,196,24,2,Virginia Tech,Active,2026-08-31T00:08:51.695252+00:00
WAS,Frankie Luvu,4,LB,6-3,235,29,9,Washington State,Active,2026-08-31T00:08:51.695252+00:00
WAS,Jordan Magee,58,LB,6-3,225,25,3,Temple,Active,2026-08-31T00:08:51.695252+00:00
WAS,Marcus Mariota,8,QB,6-4,222,32,12,Oregon,Active,2026-08-31T00:08:51.695252+00:00
WAS,Quan Martin,20,S,6-0,195,26,4,Illinois,Active,2026-08-31T00:08:51.695252+00:00
WAS,Luke McCaffrey,11,WR,6-2,195,25,3,Rice,Active,2026-08-31T00:08:51.695252+00:00
WAS,Terry McLaurin,17,WR,6-0,210,30,8,Ohio State,Active,2026-08-31T00:08:51.695252+00:00
WAS,Kain Medrano,56,LB,6-3,230,25,2,UCLA,Active,2026-08-31T00:08:51.695252+00:00
WAS,Jer'Zhan Newton,95,DT,6-2,295,24,3,Illinois,Active,2026-08-31T00:08:51.695252+00:00
WAS,Chig Okonkwo,85,TE,6-3,238,26,5,Maryland,Active,2026-08-31T00:08:51.695252+00:00
WAS,Charles Omenihu,90,DE,6-5,280,29,8,Texas,Active,2026-08-31T00:08:51.695252+00:00
WAS,Tyler Ott,69,LS,6-3,252,34,12,Harvard,Active,2026-08-31T00:08:51.695252+00:00
WAS,Odafe Oweh,98,OLB,6-5,251,27,6,Penn State,Active,2026-08-31T00:08:51.695252+00:00
WAS,Tyler Owens,18,S,6-2,213,25,3,Texas Tech,Active,2026-08-31T00:08:51.695252+00:00
WAS,Chris Paul,75,G,6-4,324,27,5,Tulsa,Active,2026-08-31T00:08:51.695252+00:00
WAS,Daron Payne,94,DT,6-3,320,29,9,Alabama,Active,2026-08-31T00:08:51.695252+00:00
WAS,Jeremy Reaves,39,S,5-11,200,30,7,South Alabama,Active,2026-08-31T00:08:51.695252+00:00
WAS,Amik Robertson,2,CB,5-9,183,28,7,Louisiana Tech,Active,2026-08-31T00:08:51.695252+00:00
WAS,Mike Sainristil,0,CB,5-10,182,25,3,Michigan,Active,2026-08-31T00:08:51.695252+00:00
WAS,Tim Settle,97,DT,6-3,315,29,9,Virginia Tech,Active,2026-08-31T00:08:51.695252+00:00
WAS,Ben Sinnott,82,TE,6-4,245,24,3,Kansas State,Active,2026-08-31T00:08:51.695252+00:00
WAS,Drew Stevens,19,K,6-1,213,22,R,Iowa,Active,2026-08-31T00:08:51.695252+00:00
WAS,Sonny Styles,52,LB,6-5,243,21,R,Ohio State,Active,2026-08-31T00:08:51.695252+00:00
WAS,Tanoa Togiai,62,G,6-6,321,25,R,Utah,Active,2026-08-31T00:08:51.695252+00:00
WAS,Laremy Tunsil,78,T,6-5,313,32,11,Mississippi,Active,2026-08-31T00:08:51.695252+00:00
WAS,Tress Way,10,P,6-1,220,36,13,Oklahoma,Active,2026-08-31T00:08:51.695252+00:00
WAS,Rachaad White,1,RB,6-0,214,27,5,Arizona State,Active,2026-08-31T00:08:51.695252+00:00
WAS,Antonio Williams,14,WR,5-11,195,22,R,Clemson,Active,2026-08-31T00:08:51.695252+00:00
WAS,Andrew Wylie,71,T/G,6-5,304,32,9,Eastern Michigan,Active,2026-08-31T00:08:51.695252+00:00
WAS,Colson Yankoff,80,TE,6-4,225,26,3,UCLA,Active,2026-08-31T00:08:51.695252+00:00
WAS,Trey Amos,23,CB,6-1,190,24,2,Mississippi,Reserve/Injured,2026-08-31T00:08:51.695252+00:00
WAS,Jeremy McNichols,26,RB,5-9,205,30,6,Boise State,Reserve/Injured,2026-08-31T00:08:51.695252+00:00
WAS,Malik Spencer,36,S,6-1,191,22,R,Michigan State,Reserve/Injured,2026-08-31T00:08:51.695252+00:00
WAS,Deatrich Wise Jr.,91,DE,6-5,280,32,10,Arkansas,Reserve/Physically Unable to Perform,2026-08-31T00:08:51.695252+00:00
WAS,Nick Bellore,57,LB,6-1,250,N/A,15,Central Michigan,Reserve/Retired,2026-08-31T00:08:51.695252+00:00
WAS,DJ Davidson,77,DT,6-5,320,N/A,4,Arizona State,Reserve/Retired,2026-08-31T00:08:51.695252+00:00
WAS,Ahkello Witherspoon,24,CB,6-2,195,N/A,9,Colorado,Reserve/Retired,2026-08-31T00:08:51.695252+00:00
WAS,Dorance Armstrong,92,DE,6-4,255,29,9,Kansas,Reserve/Suspended by Commissioner,2026-08-31T00:08:51.695252+00:00
