gsis_id,yahoo_id,sleeper_id,espn_id,name,merge_name,position,team,pulled_at
00-0041562,,13269,4837248,Fernando Mendoza,fernando mendoza,QB,LVR,2026-09-06T23:42:28.788368+00:00
00-0041568,,13275,4685522,Ty Simpson,ty simpson,QB,LAR,2026-09-06T23:42:28.788368+00:00
00-0040906,,13404,4567747,Garrett Nussmeier,garrett nussmeier,QB,KCC,2026-09-06T23:42:28.788368+00:00
00-0041561,,13272,4430841,Carson Beck,carson beck,QB,ARI,2026-09-06T23:42:28.788368+00:00
00-0041056,,13303,4685413,Cade Klubnik,cade klubnik,QB,NYJ,2026-09-06T23:42:28.788368+00:00
00-0041565,,13289,4714771,Drew Allar,drew allar,QB,PIT,2026-09-06T23:42:28.788368+00:00
00-0041251,,13425,4596472,Jalon Daniels,jalon daniels,QB,TBB,2026-09-06T23:42:28.788368+00:00
00-0041453,,13314,4597679,Luke Altmyer,luke altmyer,QB,FA,2026-09-06T23:42:28.788368+00:00
00-0041027,,13287,4870808,Jeremiyah Love,jeremiyah love,RB,ARI,2026-09-06T23:42:28.788368+00:00
00-0041512,,13286,4685512,Jadarian Price,jadarian price,RB,SEA,2026-09-06T23:42:28.788368+00:00
00-0041013,,13337,4832955,Emmett Johnson,emmett johnson,RB,KCC,2026-09-06T23:42:28.788368+00:00
00-0041125,,13424,4686468,Seth McGowan,seth mcgowan,RB,IND,2026-09-06T23:42:28.788368+00:00
00-0040886,,13288,4685555,Nicholas Singleton,nicholas singleton,RB,TEN,2026-09-06T23:42:28.788368+00:00
00-0041496,,13345,4702555,Jonah Coleman,jonah coleman,RB,DEN,2026-09-06T23:42:28.788368+00:00
00-0041096,,13405,4685246,Kaytron Allen,kaytron allen,RB,WAS,2026-09-06T23:42:28.788368+00:00
00-0040959,,13419,4685489,Jaydn Ott,jaydn ott,RB,KCC,2026-09-06T23:42:28.788368+00:00
00-0041104,,13347,4832846,Demond Claiborne,demond claiborne,RB,MIN,2026-09-06T23:42:28.788368+00:00
WAS569019,,13305,4686658,Mike Washington Jr.,mike washington,RB,LVR,2026-09-06T23:42:28.788368+00:00
00-0040998,,13416,4688835,Roman Hemby,roman hemby,RB,LVR,2026-09-06T23:42:28.788368+00:00
00-0041052,,13414,4696044,Kaelon Black,kaelon black,RB,SFO,2026-09-06T23:42:28.788368+00:00
00-0041129,,13403,4685477,Jam Miller,jam miller,RB,FA,2026-09-06T23:42:28.788368+00:00
00-0041217,,13348,4713118,J'Mari Taylor,jmari taylor,RB,JAC,2026-09-06T23:42:28.788368+00:00
00-0041239,,,4430893,Chip Trayanum,chip trayanum,RB,NYJ,2026-09-06T23:42:28.788368+00:00
00-0041312,,13437,4432631,Noah Whittington,noah whittington,RB,FA,2026-09-06T23:42:28.788368+00:00
00-0041415,,13315,5082269,Dean Connors,dean connors,RB,LAR,2026-09-06T23:42:28.788368+00:00
00-0041326,,13277,5081999,CJ Donaldson,cj donaldson,RB,NOS,2026-09-06T23:42:28.788368+00:00
00-0041191,,13595,4881826,Cash Jones,cash jones,RB,FA,2026-09-06T23:42:28.788368+00:00
00-0041438,,13279,4871023,Carnell Tate,carnell tate,WR,TEN,2026-09-06T23:42:28.788368+00:00
00-0041029,,13281,4880281,Jordyn Tyson,jordyn tyson,WR,NOS,2026-09-06T23:42:28.788368+00:00
00-0040867,,13294,4870795,Makai Lemon,makai lemon,WR,PHI,2026-09-06T23:42:28.788368+00:00
00-0041037,,13346,4832800,Denzel Boston,denzel boston,WR,CLE,2026-09-06T23:42:28.788368+00:00
00-0041547,,13298,4870653,KC Concepcion,kc concepcion,WR,CLE,2026-09-06T23:42:28.788368+00:00
00-0041511,,13276,4723820,Omar Cooper Jr.,omar cooper,WR,NYJ,2026-09-06T23:42:28.788368+00:00
00-0041489,,13274,4685261,Germie Bernard,germie bernard,WR,PIT,2026-09-06T23:42:28.788368+00:00
00-0041399,,,4605951,CJ Daniels,cj daniels,WR,LAR,2026-09-06T23:42:28.788368+00:00
00-0040876,,13268,5088338,Elijah Sarratt,elijah sarratt,WR,BAL,2026-09-06T23:42:28.788368+00:00
00-0041525,,13311,4869961,Chris Bell,chris bell,WR,MIA,2026-09-06T23:42:28.788368+00:00
00-0041044,,13320,4870612,Zachariah Branch,zachariah branch,WR,ATL,2026-09-06T23:42:28.788368+00:00
00-0041443,,13402,4683153,Skyler Bell,skyler bell,WR,BUF,2026-09-06T23:42:28.788368+00:00
00-0041047,,13353,5091739,Chris Brazzell II,chris brazzell,WR,CAR,2026-09-06T23:42:28.788368+00:00
00-0041132,,13333,4683151,Deion Burks,deion burks,WR,IND,2026-09-06T23:42:28.788368+00:00
00-0041042,,13285,4682648,Malachi Fields,malachi fields,WR,NYG,2026-09-06T23:42:28.788368+00:00
00-0041040,,13301,5081432,Antonio Williams,antonio williams,WR,WAS,2026-09-06T23:42:28.788368+00:00
00-0041035,,13417,4710714,De'Zhaun Stribling,dezhaun stribling,WR,SFO,2026-09-06T23:42:28.788368+00:00
00-0041257,,13316,4713277,Eric Rivers,eric rivers,WR,TBB,2026-09-06T23:42:28.788368+00:00
00-0040870,,13293,4870847,Ja'Kobi Lane,jakobi lane,WR,BAL,2026-09-06T23:42:28.788368+00:00
00-0040890,,13413,4912218,Cyrus Allen,cyrus allen,WR,KCC,2026-09-06T23:42:28.788368+00:00
00-0041067,,13420,4879276,Bryce Lance,bryce lance,WR,NOS,2026-09-06T23:42:28.788368+00:00
00-0041048,,13317,5220680,Ted Hurst,ted hurst,WR,TBB,2026-09-06T23:42:28.788368+00:00
00-0041051,,13411,4869748,Zavion Thomas,zavion thomas,WR,CHI,2026-09-06T23:42:28.788368+00:00
00-0041004,,13410,4714388,Chase Roberts,chase roberts,WR,LVR,2026-09-06T23:42:28.788368+00:00
00-0040953,,13392,4885466,Jeff Caldwell,jeff caldwell,WR,KCC,2026-09-06T23:42:28.788368+00:00
00-0041293,,13336,4685424,Dane Key,dane key,WR,FA,2026-09-06T23:42:28.788368+00:00
00-0041248,,13318,4718457,Noah Thomas,noah thomas,WR,FA,2026-09-06T23:42:28.788368+00:00
00-0041070,,13297,4869132,Reggie Virgil,reggie virgil,WR,ARI,2026-09-06T23:42:28.788368+00:00
00-0041100,,13394,4879194,Josh Cameron,josh cameron,WR,JAC,2026-09-06T23:42:28.788368+00:00
00-0041529,,13338,4685307,Kevin Coleman,kevin coleman,WR,MIA,2026-09-06T23:42:28.788368+00:00
00-0041550,,13380,4685553,Brenen Thompson,brenen thompson,WR,LAC,2026-09-06T23:42:28.788368+00:00
00-0041467,,13541,4683159,Lewis Bond,lewis bond,WR,FA,2026-09-06T23:42:28.788368+00:00
00-0041152,,13708,4869965,Kobe Prentice,kobe prentice,WR,FA,2026-09-06T23:42:28.788368+00:00
00-0041216,,13356,4575862,Trebor Pena,trebor pena,WR,FA,2026-09-06T23:42:28.788368+00:00
00-0041342,,13621,4712579,Dillon Bell,dillon bell,WR,MIN,2026-09-06T23:42:28.788368+00:00
00-0040912,,13776,4814930,Hank Beatty,hank beatty,WR,TEN,2026-09-06T23:42:28.788368+00:00
00-0041368,,13670,4699354,Harrison Wallace,harrison wallace,WR,FA,2026-09-06T23:42:28.788368+00:00
00-0041179,,13674,4431334,Chris Hilton Jr.,chris hilton,WR,FA,2026-09-06T23:42:28.788368+00:00
00-0041099,,13533,4698597,Barion Brown,barion brown,WR,NOS,2026-09-06T23:42:28.788368+00:00
00-0041069,,13477,5092508,Colbie Young,colbie young,WR,CIN,2026-09-06T23:42:28.788368+00:00
00-0041032,,13330,5083315,Kenyon Sadiq,kenyon sadiq,TE,NYJ,2026-09-06T23:42:28.788368+00:00
00-0041483,,13349,4431574,Eli Stowers,eli stowers,TE,PHI,2026-09-06T23:42:28.788368+00:00
00-0041116,,13282,5085189,Jack Endries,jack endries,TE,CIN,2026-09-06T23:42:28.788368+00:00
00-0040939,,13401,4594749,Michael Trigg,michael trigg,TE,FA,2026-09-06T23:42:28.788368+00:00
00-0041510,,13278,4833029,Max Klare,max klare,TE,LAR,2026-09-06T23:42:28.788368+00:00
00-0041077,,13400,4912052,Justin Joly,justin joly,TE,MIA,2026-09-06T23:42:28.788368+00:00
00-0041558,,13322,4685504,Sam Roush,sam roush,TE,CHI,2026-09-06T23:42:28.788368+00:00
00-0041031,,,4870617,Rueben Bain Jr.,rueben bain,DE,TBB,2026-09-06T23:42:28.788368+00:00
BAI173035,,,4685248,David Bailey,david bailey,DE,NYJ,2026-09-06T23:42:28.788368+00:00
00-0041546,,,4710752,Cashius Howell,cashius howell,DE,CIN,2026-09-06T23:42:28.788368+00:00
00-0041508,,,4870707,Keldric Faulk,keldric faulk,DE,TEN,2026-09-06T23:42:28.788368+00:00
00-0041036,,13455,4870886,T.J. Parker,tj parker,DE,BUF,2026-09-06T23:42:28.788368+00:00
00-0041545,,,4871063,Peter Woods,peter woods,DT,KCC,2026-09-06T23:42:28.788368+00:00
00-0041509,,13377,4950400,Arvell Reese,arvell reese,LB,NYG,2026-09-06T23:42:28.788368+00:00
00-0041028,,13375,5081807,Sonny Styles,sonny styles,LB,WAS,2026-09-06T23:42:28.788368+00:00
00-0041039,,13388,4870598,CJ Allen,cj allen,LB,IND,2026-09-06T23:42:28.788368+00:00
00-0040922,,13591,4432725,Deontae Lawson,deontae lawson,LB,FA,2026-09-06T23:42:28.788368+00:00
00-0041479,,13365,4870805,Anthony Hill Jr.,anthony hill,LB,TEN,2026-09-06T23:42:28.788368+00:00
00-0041563,,,5157289,Jermod McCoy,jermod mccoy,CB,LVR,2026-09-06T23:42:28.788368+00:00
00-0041543,,,4880124,Mansoor Delane,mansoor delane,CB,KCC,2026-09-06T23:42:28.788368+00:00
00-0040865,,,4870706,Caleb Downs,caleb downs,S,DAL,2026-09-06T23:42:28.788368+00:00
00-0041466,,,4685518,Kamari Ramsey,kamari ramsey,S,HOU,2026-09-06T23:42:28.788368+00:00
00-0041087,,13435,4565859,Joe Royer,joe royer,TE,CLE,2026-09-06T23:42:28.788368+00:00
00-0041041,,13319,4702559,Oscar Delp,oscar delp,TE,NOS,2026-09-06T23:42:28.788368+00:00
00-0041544,,,4429190,Akheem Mesidor,akheem mesidor,DE,LAC,2026-09-06T23:42:28.788368+00:00
00-0041440,,,4870893,Kayden McDonald,kayden mcdonald,DT,HOU,2026-09-06T23:42:28.788368+00:00
00-0041478,,,4431551,Lee Hunter,lee hunter,DT,CAR,2026-09-06T23:42:28.788368+00:00
00-0041495,,13391,4877652,Jake Golday,jake golday,LB,MIN,2026-09-06T23:42:28.788368+00:00
00-0041469,,,4870988,Avieon Terrell,avieon terrell,CB,ATL,2026-09-06T23:42:28.788368+00:00
00-0041533,,,4869579,Chris Johnson,chris johnson,CB,MIA,2026-09-06T23:42:28.788368+00:00
00-0041462,,,4921249,Colton Hood,colton hood,CB,NYG,2026-09-06T23:42:28.788368+00:00
00-0041471,,,4837186,Emmanuel McNeil-Warren,emmanuel mcneil-warren,S,CLE,2026-09-06T23:42:28.788368+00:00
00-0041538,,,4954445,Dillon Thieneman,dillon thieneman,S,CHI,2026-09-06T23:42:28.788368+00:00
00-0041076,,,4566384,Zakee Wheatley,zakee wheatley,S,CAR,2026-09-06T23:42:28.788368+00:00
00-0041527,,13479,4880273,Kyle Louis,kyle louis,LB,MIA,2026-09-06T23:42:28.788368+00:00
00-0041033,,13445,4602019,Caleb Banks,caleb banks,DT,MIN,2026-09-06T23:42:28.788368+00:00
00-0041537,,,4710067,Malachi Lawrence,malachi lawrence,DE,DAL,2026-09-06T23:42:28.788368+00:00
00-0041470,,,5076652,Brandon Cisse,brandon cisse,CB,GBP,2026-09-06T23:42:28.788368+00:00
00-0040868,,,4697757,Treydan Stukes,treydan stukes,S,LVR,2026-09-06T23:42:28.788368+00:00
00-0041501,,,5081927,R Mason Thomas,r mason thomas,DE,KCC,2026-09-06T23:42:28.788368+00:00
00-0041569,,13457,4837244,Gabe Jacas,gabe jacas,DE,NEP,2026-09-06T23:42:28.788368+00:00
00-0041390,,,4685479,Christen Miller,christen miller,DT,NOS,2026-09-06T23:42:28.788368+00:00
00-0041522,,13453,4566094,Jacob Rodriguez,jacob rodriguez,LB,MIA,2026-09-06T23:42:28.788368+00:00
00-0041441,,13458,4685461,Derrick Moore,derrick moore,DE,DET,2026-09-06T23:42:28.788368+00:00
00-0041494,,13460,4839501,Zion Young,zion young,DE,BAL,2026-09-06T23:42:28.788368+00:00
00-0041502,,13379,4870998,Josiah Trotter,josiah trotter,LB,TBB,2026-09-06T23:42:28.788368+00:00
00-0041038,,,5118340,D'Angelo Ponds,dangelo ponds,CB,NYJ,2026-09-06T23:42:28.788368+00:00
00-0041503,,13299,4686248,Nate Boerkircher,nate boerkircher,TE,JAC,2026-09-06T23:42:28.788368+00:00
00-0041391,,13454,4832035,Davison Igbinosun,davison igbinosun,CB,BUF,2026-09-06T23:42:28.788368+00:00
00-0041472,,13307,4695705,Marlin Klein,marlin klein,TE,HOU,2026-09-06T23:42:28.788368+00:00
00-0041463,,,4430262,Bud Clark,bud clark,S,SEA,2026-09-06T23:42:28.788368+00:00
00-0041552,,13472,4683535,Tyler Onyedim,tyler onyedim,DT,DEN,2026-09-06T23:42:28.788368+00:00
00-0041553,,13466,4911904,Keyron Crawford,keyron crawford,DE,LVR,2026-09-06T23:42:28.788368+00:00
00-0041556,,,4432244,Romello Height,romello height,DE,SFO,2026-09-06T23:42:28.788368+00:00
00-0041464,,13469,4726127,Tacario Davis,tacario davis,CB,CIN,2026-09-06T23:42:28.788368+00:00
00-0041523,,13296,4869645,Caleb Douglas,caleb douglas,WR,MIA,2026-09-06T23:42:28.788368+00:00
00-0040869,,13468,4820574,Chris McClellan,chris mcclellan,DT,GBP,2026-09-06T23:42:28.788368+00:00
00-0041043,,,4905664,A.J. Haulcy,aj haulcy,S,IND,2026-09-06T23:42:28.788368+00:00
00-0041045,,13476,4612298,Albert Regis,albert regis,DT,JAC,2026-09-06T23:42:28.788368+00:00
00-0041046,,13464,4698728,Domonique Orange,domonique orange,DT,MIN,2026-09-06T23:42:28.788368+00:00
00-0041393,,13470,4685327,Daylen Everette,daylen everette,CB,PIT,2026-09-06T23:42:28.788368+00:00
00-0041524,,13434,4880236,Will Kacmarek,will kacmarek,TE,MIA,2026-09-06T23:42:28.788368+00:00
00-0040872,,13381,4685266,Jaishawn Barham,jaishawn barham,LB,DAL,2026-09-06T23:42:28.788368+00:00
00-0041395,,13421,4831959,Eli Raridon,eli raridon,TE,NEP,2026-09-06T23:42:28.788368+00:00
00-0041054,,,4710865,Jakobe Thomas,jakobe thomas,S,MIN,2026-09-06T23:42:28.788368+00:00
00-0040873,,,4684543,Julian Neal,julian neal,CB,SEA,2026-09-06T23:42:28.788368+00:00
00-0041055,,,4912185,Jalen Huskey,jalen huskey,S,JAC,2026-09-06T23:42:28.788368+00:00
00-0041549,,13504,4612836,Darrell Jackson,darrell jackson,DT,NYJ,2026-09-06T23:42:28.788368+00:00
00-0041555,,13503,5084514,Kaleb Proctor,kaleb proctor,DT,ARI,2026-09-06T23:42:28.788368+00:00
00-0041557,,13501,4685369,Gracen Halton,gracen halton,DT,SFO,2026-09-06T23:42:28.788368+00:00
00-0041497,,13500,4710706,Jadon Canady,jadon canady,CB,KCC,2026-09-06T23:42:28.788368+00:00
00-0040875,,13496,4702577,Devin Moore,devin moore,CB,DAL,2026-09-06T23:42:28.788368+00:00
00-0041057,,,5093694,Keionte Scott,keionte scott,CB,TBB,2026-09-06T23:42:28.788368+00:00
00-0041442,,13494,4896353,Jimmy Rolder,jimmy rolder,LB,DET,2026-09-06T23:42:28.788368+00:00
00-0041059,,13493,4832922,Wesley Williams,wesley williams,DE,JAC,2026-09-06T23:42:28.788368+00:00
00-0040877,,13492,4685315,Dani Dennis-Sutton,dani dennis-sutton,DE,GBP,2026-09-06T23:42:28.788368+00:00
00-0041397,,13491,5081338,Kaden Wetjen,kaden wetjen,WR,PIT,2026-09-06T23:42:28.788368+00:00
00-0041465,,13490,4837286,Wade Woodaz,wade woodaz,LB,HOU,2026-09-06T23:42:28.788368+00:00
00-0041060,,13489,4870953,Malik Muhammad,malik muhammad,CB,CHI,2026-09-06T23:42:28.788368+00:00
00-0041444,,13488,4594321,Kaleb Elarms-Orr,kaleb elarms-orr,LB,BUF,2026-09-06T23:42:28.788368+00:00
00-0041063,,13485,5151083,Will Lee,will lee,CB,CAR,2026-09-06T23:42:28.788368+00:00
00-0041526,,13484,4879212,Trey Moore,trey moore,LB,MIA,2026-09-06T23:42:28.788368+00:00
00-0041064,,,4950551,Genesis Smith,genesis smith,S,LAC,2026-09-06T23:42:28.788368+00:00
00-0040879,,,4432260,Matthew Hibner,matthew hibner,TE,BAL,2026-09-06T23:42:28.788368+00:00
00-0041066,,13482,4595343,Kendal Daniels,kendal daniels,LB,ATL,2026-09-06T23:42:28.788368+00:00
00-0041518,,13481,5088571,Bryce Boettcher,bryce boettcher,LB,IND,2026-09-06T23:42:28.788368+00:00
00-0040880,,13480,4870960,LT Overton,lt overton,DE,DAL,2026-09-06T23:42:28.788368+00:00
00-0041068,,13478,4685523,Ephesians Prysock,ephesians prysock,CB,SFO,2026-09-06T23:42:28.788368+00:00
00-0041072,,13527,4682818,Nick Barrett,nick barrett,DT,LAC,2026-09-06T23:42:28.788368+00:00
00-0041074,,,5081392,Joshua Josephs,joshua josephs,DE,WAS,2026-09-06T23:42:28.788368+00:00
00-0041075,,13524,5150249,Justin Jefferson,justin jefferson,LB,CLE,2026-09-06T23:42:28.788368+00:00
00-0040883,,,4682488,Dalton Johnson,dalton johnson,S,LVR,2026-09-06T23:42:28.788368+00:00
00-0041078,,13520,5086161,Jaden Dugger,jaden dugger,LB,SFO,2026-09-06T23:42:28.788368+00:00
00-0041079,,13519,4429007,DeMonte Capehart,demonte capehart,DT,TBB,2026-09-06T23:42:28.788368+00:00
00-0041080,,13518,4708238,George Gumbs,george gumbs,DE,IND,2026-09-06T23:42:28.788368+00:00
00-0041445,,,5093004,Keith Abney,keith abney,CB,DET,2026-09-06T23:42:28.788368+00:00
00-0041528,,,4880346,Michael Taaffe,michael taaffe,S,MIA,2026-09-06T23:42:28.788368+00:00
00-0041081,,,4878695,Max Bredeson,max bredeson,TE,MIN,2026-09-06T23:42:28.788368+00:00
00-0040885,,13514,4702918,Chandler Rivers,chandler rivers,CB,BAL,2026-09-06T23:42:28.788368+00:00
00-0041083,,13513,5091793,Charles Demmings,charles demmings,CB,MIN,2026-09-06T23:42:28.788368+00:00
00-0041084,,13408,4917427,Tanner Koziol,tanner koziol,TE,JAC,2026-09-06T23:42:28.788368+00:00
00-0041085,,13512,4911952,Keyshaun Elliott,keyshaun elliott,LB,CHI,2026-09-06T23:42:28.788368+00:00
00-0041086,,,5076951,Jalon Kilgore,jalon kilgore,S,BUF,2026-09-06T23:42:28.788368+00:00
00-0041446,,13412,4685441,Kendrick Law,kendrick law,WR,DET,2026-09-06T23:42:28.788368+00:00
00-0041398,,13433,4693370,Riley Nowakowski,riley nowakowski,TE,PIT,2026-09-06T23:42:28.788368+00:00
00-0041088,,,4606666,Karon Prunty,karon prunty,CB,NEP,2026-09-06T23:42:28.788368+00:00
00-0041089,,,4432768,Lorenzo Styles,lorenzo styles,S,NOS,2026-09-06T23:42:28.788368+00:00
00-0040887,,13273,4876132,Josh Cuevas,josh cuevas,TE,BAL,2026-09-06T23:42:28.788368+00:00
00-0040888,,13302,4685526,Adam Randall,adam randall,RB,BAL,2026-09-06T23:42:28.788368+00:00
00-0040889,,13508,4917354,Hezekiah Masses,hezekiah masses,CB,LVR,2026-09-06T23:42:28.788368+00:00
00-0040891,,13335,4879250,Cole Payton,cole payton,QB,PHI,2026-09-06T23:42:28.788368+00:00
00-0041579,,13429,4714379,Seydou Traore,seydou traore,TE,MIA,2026-09-06T23:42:28.788368+00:00
00-0041091,,13506,4685347,Zane Durant,zane durant,DT,BUF,2026-09-06T23:42:28.788368+00:00
00-0041092,,13306,4431325,Taylen Green,taylen green,QB,CLE,2026-09-06T23:42:28.788368+00:00
00-0041093,,13551,4709695,Karson Sharar,karson sharar,LB,ARI,2026-09-06T23:42:28.788368+00:00
00-0040892,,,5081785,Jackie Marshall,jackie marshall,DT,TEN,2026-09-06T23:42:28.788368+00:00
00-0041094,,13308,4890373,Bauer Sharp,bauer sharp,TE,TBB,2026-09-06T23:42:28.788368+00:00
00-0041095,,,5159928,Bobby Jamison-Travis,bobby jamison-travis,DT,NYG,2026-09-06T23:42:28.788368+00:00
00-0041102,,13531,4876380,Jack Kelly,jack kelly,LB,NYG,2026-09-06T23:42:28.788368+00:00
00-0041484,,13552,5150660,Anterio Thompson,anterio thompson,DT,ATL,2026-09-06T23:42:28.788368+00:00
00-0040898,,,5084956,Ryan Eckley,ryan eckley,PN,BAL,2026-09-06T23:42:28.788368+00:00
00-0041109,,13542,5085407,Namdi Obiazor,namdi obiazor,LB,NEP,2026-09-06T23:42:28.788368+00:00
00-0041110,,,4875381,Jordan van den Berg,jordan van den berg,DT,CHI,2026-09-06T23:42:28.788368+00:00
00-0041112,,13555,4685502,Harold Perkins,harold perkins,LB,ATL,2026-09-06T23:42:28.788368+00:00
00-0040899,,,4869461,Trey Smack,trey smack,PK,GBP,2026-09-06T23:42:28.788368+00:00
00-0040895,,13313,4685381,Emmanuel Henderson,emmanuel henderson,WR,SEA,2026-09-06T23:42:28.788368+00:00
00-0040896,,13544,4685402,Domani Jackson,domani jackson,CB,FA,2026-09-06T23:42:28.788368+00:00
00-0041106,,13554,5085024,C.J. Williams,cj williams,WR,JAC,2026-09-06T23:42:28.788368+00:00
00-0041447,,13547,5103940,Skyler Gill-Howard,skyler gill-howard,DT,DET,2026-09-06T23:42:28.788368+00:00
00-0041111,,,4685324,Caden Curry,caden curry,DE,IND,2026-09-06T23:42:28.788368+00:00
00-0040900,,13582,4685110,Anthony Smith,anthony smith,WR,FA,2026-09-06T23:42:28.788368+00:00
00-0041114,,13556,4873075,TJ Hall,tj hall,CB,NOS,2026-09-06T23:42:28.788368+00:00
00-0041115,,13569,4698598,Toriano Pride,toriano pride,CB,CLE,2026-09-06T23:42:28.788368+00:00
00-0041448,,13575,4685609,Tyre West,tyre west,DT,FA,2026-09-06T23:42:28.788368+00:00
00-0041117,,13557,4432722,Athan Kaliakmanis,athan kaliakmanis,QB,WAS,2026-09-06T23:42:28.788368+00:00
00-0041401,,,4820584,Robert Spears-Jennings,robert spears-jennings,S,PIT,2026-09-06T23:42:28.788368+00:00
00-0040901,,13422,4877034,Jaren Kanak,jaren kanak,TE,TEN,2026-09-06T23:42:28.788368+00:00
00-0041118,,,5081542,Landon Robinson,landon robinson,DT,CIN,2026-09-06T23:42:28.788368+00:00
00-0041119,,,4875592,Jackson Kuwatch,jackson kuwatch,LB,CAR,2026-09-06T23:42:28.788368+00:00
00-0041120,,,4837388,VJ Payne,vj payne,S,NYJ,2026-09-06T23:42:28.788368+00:00
00-0041490,,13423,5081508,Eli Heidenreich,eli heidenreich,RB,PIT,2026-09-06T23:42:28.788368+00:00
00-0041534,,13558,4431414,Tim Keenan,tim keenan,DT,LAR,2026-09-06T23:42:28.788368+00:00
00-0041122,,13588,5121433,Zach Durfee,zach durfee,DE,JAC,2026-09-06T23:42:28.788368+00:00
00-0041531,,13566,4683101,Max Llewellyn,max llewellyn,DE,FA,2026-09-06T23:42:28.788368+00:00
00-0041126,,,4682758,Tommy Doman,tommy doman,PN,BUF,2026-09-06T23:42:28.788368+00:00
00-0041127,,,4880861,Parker Hughes,parker hughes,LB,JAC,2026-09-06T23:42:28.788368+00:00
00-0040904,,13563,4609203,Deven Eastern,deven eastern,DT,SEA,2026-09-06T23:42:28.788368+00:00
00-0041449,,13572,4912338,Aiden Fisher,aiden fisher,LB,HOU,2026-09-06T23:42:28.788368+00:00
00-0040905,,,4693345,Cole Wisniewski,cole wisniewski,S,PHI,2026-09-06T23:42:28.788368+00:00
00-0041130,,,4880014,Miles Scott,miles scott,S,FA,2026-09-06T23:42:28.788368+00:00
00-0041402,,13573,4698181,Quintayvious Hutchins,quintayvious hutchins,DE,NEP,2026-09-06T23:42:28.788368+00:00
00-0041131,,13580,4685540,Carsen Ryan,carsen ryan,TE,CLE,2026-09-06T23:42:28.788368+00:00
00-0040907,,13584,4432661,Rayshaun Benny,rayshaun benny,DT,FA,2026-09-06T23:42:28.788368+00:00
00-0041580,,,5344966,Uar Bernard,uar bernard,DT,PHI,2026-09-06T23:42:28.788368+00:00
00-0041133,,13577,5159802,Dallen Bentley,dallen bentley,TE,DEN,2026-09-06T23:42:28.788368+00:00
00-0041134,,13579,4912190,Red Murdock,red murdock,LB,FA,2026-09-06T23:42:28.788368+00:00
00-0040902,,,4685305,Brandon Cleveland,brandon cleveland,DT,LVR,2026-09-06T23:42:28.788368+00:00
00-0041123,,13295,4431465,Behren Morton,behren morton,QB,NEP,2026-09-06T23:42:28.788368+00:00
00-0040903,,13565,4693934,Andre Fuller,andre fuller,CB,SEA,2026-09-06T23:42:28.788368+00:00
00-0040908,,13562,5165139,Keyshawn James-Newby,keyshawn james-newby,DE,FA,2026-09-06T23:42:28.788368+00:00
00-0040910,,,2094390,Michael Dansby,michael dansby,CB,SEA,2026-09-06T23:42:28.788368+00:00
00-0040894,,13329,5150247,Malik Benson,malik benson,WR,LVR,2026-09-06T23:42:28.788368+00:00
00-0040948,,13770,4635009,J Michael Sturdivant,j michael sturdivant,WR,GBP,2026-09-06T23:42:28.788368+00:00
00-0041178,,13418,5151317,Robert Henry,robert henry,RB,WAS,2026-09-06T23:42:28.788368+00:00
00-0040955,,13342,4708490,John Michael Gyllenborg,john michael gyllenborg,TE,KCC,2026-09-06T23:42:28.788368+00:00
00-0041318,,,5011554,Kyle Dixon,kyle dixon,WR,NEP,2026-09-06T23:42:28.788368+00:00
00-0041149,,13415,4428993,Haynes King,haynes king,QB,CAR,2026-09-06T23:42:28.788368+00:00
00-0041301,,13593,4917859,Taurean York,taurean york,LB,FA,2026-09-06T23:42:28.788368+00:00
00-0040919,,13600,5103197,Tyren Montgomery,tyren montgomery,WR,TEN,2026-09-06T23:42:28.788368+00:00
00-0041281,,13750,5086027,TJ Harden,tj harden,RB,FA,2026-09-06T23:42:28.788368+00:00
00-0041277,,13339,5153650,Davon Booth,davon booth,RB,IND,2026-09-06T23:42:28.788368+00:00
00-0041323,,13964,4676889,Myles Montgomery,myles montgomery,RB,NEP,2026-09-06T23:42:28.788368+00:00
00-0041244,,13946,4611995,Jamal Haynes,jamal haynes,RB,FA,2026-09-06T23:42:28.788368+00:00
00-0041156,,13816,4695400,Mark Gronowski,mark gronowski,QB,MIA,2026-09-06T23:42:28.788368+00:00
00-0041372,,13607,4685272,Lander Barton,lander barton,LB,LAC,2026-09-06T23:42:28.788368+00:00
00-0041158,,13409,4596347,Donaven McCulley,donaven mcculley,WR,FA,2026-09-06T23:42:28.788368+00:00
00-0040927,,13331,4838696,Dae'Quan Wright,daequan wright,TE,FA,2026-09-06T23:42:28.788368+00:00
00-0041162,,,4691903,Mason Reiger,mason reiger,LB,PHI,2026-09-06T23:42:28.788368+00:00
00-0041182,,,5081335,Drew Stevens,drew stevens,PK,WAS,2026-09-06T23:42:28.788368+00:00
00-0040944,,13771,4726151,Nyjalik Kelly,nyjalik kelly,DE,FA,2026-09-06T23:42:28.788368+00:00
00-0041385,,,5081483,Nadame Tucker,nadame tucker,LB,LAC,2026-09-06T23:42:28.788368+00:00
00-0041403,,13810,5083509,Rohan Jones,rohan jones,TE,FA,2026-09-06T23:42:28.788368+00:00
00-0041362,,,4683155,Jalen Stroman,jalen stroman,S,SFO,2026-09-06T23:42:28.788368+00:00
00-0041582,,,5158921,Kansei Matsuzawa,kansei matsuzawa,PK,LVR,2026-09-06T23:42:28.788368+00:00
00-0040964,,13778,4430825,EJ Smith,ej smith,RB,KCC,2026-09-06T23:42:28.788368+00:00
00-0040934,,13325,4685409,Jordan Hudson,jordan hudson,WR,FA,2026-09-06T23:42:28.788368+00:00
00-0041422,,13321,4608858,Dan Villari,dan villari,TE,LAR,2026-09-06T23:42:28.788368+00:00
00-0041279,,13601,5080699,Logan Fano,logan fano,DE,FA,2026-09-06T23:42:28.788368+00:00
00-0041145,,,5082424,Dominic Zvada,dominic zvada,PK,NYG,2026-09-06T23:42:28.788368+00:00
00-0041199,,13826,4430185,Caullin Lacy,caullin lacy,WR,FA,2026-09-06T23:42:28.788368+00:00
00-0040937,,13725,4430689,Dominic Richardson,dominic richardson,RB,FA,2026-09-06T23:42:28.788368+00:00
00-0041329,,13643,4705926,Michael Heldman,michael heldman,DE,NOS,2026-09-06T23:42:28.788368+00:00
00-0041451,,14034,4877738,Brock Rechsteiner,brock rechsteiner,WR,FA,2026-09-06T23:42:28.788368+00:00
00-0041185,,13343,4869816,Vinny Anthony,vinny anthony,WR,FA,2026-09-06T23:42:28.788368+00:00
00-0041194,,,5344782,Jack Strand,jack strand,QB,ATL,2026-09-06T23:42:28.788368+00:00
00-0041006,,13895,5153665,Cian Slone,cian slone,DE,LVR,2026-09-06T23:42:28.788368+00:00
00-0041404,,,4430919,Wesley Bailey,wesley bailey,LB,LAR,2026-09-06T23:42:28.788368+00:00
00-0041321,,13915,4912116,Khalil Jacobs,khalil jacobs,LB,NEP,2026-09-06T23:42:28.788368+00:00
00-0040930,,13726,4808759,Camden Brown,camden brown,WR,DAL,2026-09-06T23:42:28.788368+00:00
00-0041382,,13635,5082331,Avery Smith,avery smith,CB,SEA,2026-09-06T23:42:28.788368+00:00
00-0041354,,,5082397,Jacob Thomas,jacob thomas,S,MIN,2026-09-06T23:42:28.788368+00:00
00-0040621,,13199,4600597,Montorie Foster,montorie foster,WR,SEA,2026-09-06T23:42:28.788368+00:00
00-0040957,,,4685491,Xavier Nwankpa,xavier nwankpa,S,KCC,2026-09-06T23:42:28.788368+00:00
00-0040946,,13906,4683165,Jaden Nixon,jaden nixon,RB,FA,2026-09-06T23:42:28.788368+00:00
00-0041272,,13696,4430270,Ja'Mori Maclin,jamori maclin,WR,FA,2026-09-06T23:42:28.788368+00:00
00-0040926,,,5344965,Joshua Weru,joshua weru,LB,PHI,2026-09-06T23:42:28.788368+00:00
00-0041357,,13432,4699678,Khalil Dinkins,khalil dinkins,TE,SFO,2026-09-06T23:42:28.788368+00:00
00-0040981,,13350,4429582,Joe Fagnano,joe fagnano,QB,BAL,2026-09-06T23:42:28.788368+00:00
00-0041581,,,4799994,Brett Thorson,brett thorson,PN,MIN,2026-09-06T23:42:28.788368+00:00
00-0041253,,,4890885,Ayden Garnes,ayden garnes,CB,TBB,2026-09-06T23:42:28.788368+00:00
00-0041338,,13971,4683096,Caden Fordham,caden fordham,LB,FA,2026-09-06T23:42:28.788368+00:00
00-0041218,,13650,4836472,Bryan Thomas Jr.,bryan thomas,DE,JAC,2026-09-06T23:42:28.788368+00:00
THO581952,,,4693371,James Thompson Jr.,james thompson,DT,SFO,2026-09-06T23:42:28.788368+00:00
00-0040676,,12522,4688380,Cam Ward,cam ward,QB,TEN,2026-09-06T23:42:28.788368+00:00
00-0040668,,12524,4432762,Shedeur Sanders,shedeur sanders,QB,CLE,2026-09-06T23:42:28.788368+00:00
00-0040691,,12508,4689114,Jaxson Dart,jaxson dart,QB,NYG,2026-09-06T23:42:28.788368+00:00
00-0040673,,12510,4432734,Jalen Milroe,jalen milroe,QB,SEA,2026-09-06T23:42:28.788368+00:00
00-0040234,,12500,4889929,Quinn Ewers,quinn ewers,QB,JAC,2026-09-06T23:42:28.788368+00:00
00-0040206,,12470,4683423,Riley Leonard,riley leonard,QB,IND,2026-09-06T23:42:28.788368+00:00
00-0040203,,12511,4429955,Will Howard,will howard,QB,PIT,2026-09-06T23:42:28.788368+00:00
00-0040704,,12486,4427238,Dillon Gabriel,dillon gabriel,QB,CLE,2026-09-06T23:42:28.788368+00:00
00-0040014,,12494,4433971,Kyle McCord,kyle mccord,QB,MIA,2026-09-06T23:42:28.788368+00:00
00-0040743,,12545,4360689,Tyler Shough,tyler shough,QB,NOS,2026-09-06T23:42:28.788368+00:00
00-0040398,,12538,4429435,Brady Cook,brady cook,QB,MIA,2026-09-06T23:42:28.788368+00:00
00-0040589,,12477,4430431,Kurtis Rourke,kurtis rourke,QB,SFO,2026-09-06T23:42:28.788368+00:00
00-0040122,,12527,4890973,Ashton Jeanty,ashton jeanty,RB,LVR,2026-09-06T23:42:28.788368+00:00
00-0040734,,12529,4432710,TreVeyon Henderson,treveyon henderson,RB,NEP,2026-09-06T23:42:28.788368+00:00
00-0040666,,12507,4685382,Omarion Hampton,omarion hampton,RB,LAC,2026-09-06T23:42:28.788368+00:00
00-0040715,,12481,4696981,Cam Skattebo,cam skattebo,RB,NYG,2026-09-06T23:42:28.788368+00:00
00-0040202,,12476,4682652,Devin Neal,devin neal,RB,NOS,2026-09-06T23:42:28.788368+00:00
00-0040162,,12469,5081397,Dylan Sampson,dylan sampson,RB,CLE,2026-09-06T23:42:28.788368+00:00
00-0040142,,12504,4819231,Kaleb Johnson,kaleb johnson,RB,GBP,2026-09-06T23:42:28.788368+00:00
00-0040078,,12455,4596602,Brashard Smith,brashard smith,RB,KCC,2026-09-06T23:42:28.788368+00:00
00-0040205,,12516,4429121,Kalel Mullings,kalel mullings,RB,TEN,2026-09-06T23:42:28.788368+00:00
00-0040784,,12512,4685702,Quinshon Judkins,quinshon judkins,RB,CLE,2026-09-06T23:42:28.788368+00:00
00-0040719,,12490,4882093,Bhayshul Tuten,bhayshul tuten,RB,JAC,2026-09-06T23:42:28.788368+00:00
00-0040583,,12474,4429059,Woody Marks,woody marks,RB,HOU,2026-09-06T23:42:28.788368+00:00
00-0040651,,12462,4808830,Damien Martinez,damien martinez,RB,FA,2026-09-06T23:42:28.788368+00:00
00-0040177,,12467,4685397,Jordan James,jordan james,RB,SFO,2026-09-06T23:42:28.788368+00:00
00-0040644,,12531,4685350,Trevor Etienne,trevor etienne,RB,CAR,2026-09-06T23:42:28.788368+00:00
00-0040400,,12515,4431536,Donovan Edwards,donovan edwards,RB,FA,2026-09-06T23:42:28.788368+00:00
00-0040208,,12543,4429299,Tahj Brooks,tahj brooks,RB,CIN,2026-09-06T23:42:28.788368+00:00
00-0040198,,12495,4711533,Ollie Gordon,ollie gordon,RB,MIA,2026-09-06T23:42:28.788368+00:00
00-0040179,,12471,4874509,DJ Giddens,dj giddens,RB,IND,2026-09-06T23:42:28.788368+00:00
00-0040238,,12544,4911851,LeQuint Allen,lequint allen,RB,JAC,2026-09-06T23:42:28.788368+00:00
00-0040466,,12472,4601080,Raheim Sanders,raheim sanders,RB,CLE,2026-09-06T23:42:28.788368+00:00
00-0040021,,12738,4431562,Phil Mafah,phil mafah,RB,FA,2026-09-06T23:42:28.788368+00:00
00-0040692,,11569,4710341,Jarquez Hunter,jarquez hunter,RB,MIA,2026-09-06T23:42:28.788368+00:00
00-0040236,,12534,4608686,Kyle Monangai,kyle monangai,RB,CHI,2026-09-06T23:42:28.788368+00:00
00-0040730,,12489,4568490,RJ Harvey,rj harvey,RB,DEN,2026-09-06T23:42:28.788368+00:00
00-0040586,,12457,4685279,Jaydon Blue,jaydon blue,RB,PHI,2026-09-06T23:42:28.788368+00:00
00-0040735,,12519,4685278,Luther Burden,luther burden,WR,CHI,2026-09-06T23:42:28.788368+00:00
00-0040124,,12526,4685472,Tetairoa McMillan,tetairoa mcmillan,WR,CAR,2026-09-06T23:42:28.788368+00:00
00-0040727,,12509,4686612,Tre Harris,tre harris,WR,LAC,2026-09-06T23:42:28.788368+00:00
00-0040170,,12499,4883647,Elic Ayomanor,elic ayomanor,WR,TEN,2026-09-06T23:42:28.788368+00:00
00-0040718,,12530,4685415,Travis Hunter,travis hunter,WR,JAC,2026-09-06T23:42:28.788368+00:00
00-0040667,,12501,4701936,Matthew Golden,matthew golden,WR,GBP,2026-09-06T23:42:28.788368+00:00
00-0040782,,12503,4808839,Isaiah Bond,isaiah bond,WR,CLE,2026-09-06T23:42:28.788368+00:00
00-0040522,,12520,4431353,Xavier Restrepo,xavier restrepo,WR,TEN,2026-09-06T23:42:28.788368+00:00
00-0040729,,12483,4603186,Jack Bech,jack bech,WR,LVR,2026-09-06T23:42:28.788368+00:00
00-0040237,,12485,4608810,Tez Johnson,tez johnson,WR,TBB,2026-09-06T23:42:28.788368+00:00
00-0040138,,12536,4586312,Jaylin Noel,jaylin noel,WR,HOU,2026-09-06T23:42:28.788368+00:00
00-0040129,,12514,4567750,Emeka Egbuka,emeka egbuka,WR,TBB,2026-09-06T23:42:28.788368+00:00
00-0040134,,12492,4600981,Pat Bryant,pat bryant,WR,DEN,2026-09-06T23:42:28.788368+00:00
00-0040130,,12484,4877706,Jayden Higgins,jayden higgins,WR,HOU,2026-09-06T23:42:28.788368+00:00
00-0040653,,12475,4431479,Ricky White,ricky white,WR,SEA,2026-09-06T23:42:28.788368+00:00
00-0040531,,12972,4431597,Roc Taylor,roc taylor,WR,FA,2026-09-06T23:42:28.788368+00:00
00-0040646,,12505,5082630,Jalen Royals,jalen royals,WR,KCC,2026-09-06T23:42:28.788368+00:00
00-0040581,,12541,4432775,Dont'e Thornton,donte thornton,WR,LVR,2026-09-06T23:42:28.788368+00:00
00-0040311,,12860,4426535,Theo Wease,theo wease,WR,LAC,2026-09-06T23:42:28.788368+00:00
00-0040438,,12460,4696062,Antwane Wells,antwane wells,WR,FA,2026-09-06T23:42:28.788368+00:00
00-0040315,,12532,4431506,Ja'Corey Brooks,jacorey brooks,WR,FA,2026-09-06T23:42:28.788368+00:00
00-0040009,,12482,4431487,Savion Williams,savion williams,WR,GBP,2026-09-06T23:42:28.788368+00:00
00-0040154,,12496,4565185,Tai Felton,tai felton,WR,MIN,2026-09-06T23:42:28.788368+00:00
00-0040648,,12497,4597703,Tory Horton,tory horton,WR,SEA,2026-09-06T23:42:28.788368+00:00
00-0040189,,12493,4595342,Oronde Gadsden,oronde gadsden,TE,LAC,2026-09-06T23:42:28.788368+00:00
00-0040551,,12478,4570242,Nick Nash,nick nash,WR,FA,2026-09-06T23:42:28.788368+00:00
00-0040239,,12721,4431509,Kaden Prather,kaden prather,WR,FA,2026-09-06T23:42:28.788368+00:00
00-0040128,,12518,4431459,Tyler Warren,tyler warren,TE,IND,2026-09-06T23:42:28.788368+00:00
00-0040663,,12506,5083076,Harold Fannin,harold fannin,TE,CLE,2026-09-06T23:42:28.788368+00:00
00-0040126,,12517,4723086,Colston Loveland,colston loveland,TE,CHI,2026-09-06T23:42:28.788368+00:00
00-0040584,,12502,4686728,Gunnar Helm,gunnar helm,TE,TEN,2026-09-06T23:42:28.788368+00:00
00-0040736,,12498,4808766,Mason Taylor,mason taylor,TE,NYJ,2026-09-06T23:42:28.788368+00:00
00-0040737,,12487,4570037,Terrance Ferguson,terrance ferguson,TE,LAR,2026-09-06T23:42:28.788368+00:00
00-0040739,,12521,4678006,Elijah Arroyo,elijah arroyo,TE,SEA,2026-09-06T23:42:28.788368+00:00
00-0040187,,12473,4683243,Mitchell Evans,mitchell evans,TE,CAR,2026-09-06T23:42:28.788368+00:00
00-0040250,,12725,4432338,Luke Lachey,luke lachey,TE,FA,2026-09-06T23:42:28.788368+00:00
00-0040677,,12574,4725996,Abdul Carter,abdul carter,DE,NYG,2026-09-06T23:42:28.788368+00:00
00-0040660,,12602,4685623,Mykel Williams,mykel williams,DE,SFO,2026-09-06T23:42:28.788368+00:00
00-0040756,,12560,4685562,Shemar Stewart,shemar stewart,DE,CIN,2026-09-06T23:42:28.788368+00:00
00-0040578,,12585,5081394,James Pearce,james pearce,DE,ATL,2026-09-06T23:42:28.788368+00:00
00-0040160,,12593,4431590,Jack Sawyer,jack sawyer,DE,PIT,2026-09-06T23:42:28.788368+00:00
00-0040132,,12580,4432715,Landon Jackson,landon jackson,DE,BUF,2026-09-06T23:42:28.788368+00:00
00-0040580,,12621,4682983,Josaiah Stewart,josaiah stewart,DE,LAR,2026-09-06T23:42:28.788368+00:00
00-0040746,,12562,4833355,Nic Scourton,nic scourton,DE,CAR,2026-09-06T23:42:28.788368+00:00
00-0040722,,12571,4683188,Mike Green,mike green,DE,BAL,2026-09-06T23:42:28.788368+00:00
00-0040685,,12573,4873232,Mason Graham,mason graham,DT,CLE,2026-09-06T23:42:28.788368+00:00
00-0040577,,12568,4685597,Jalon Walker,jalon walker,DE,ATL,2026-09-06T23:42:28.788368+00:00
00-0040708,,12566,4685287,Jihaad Campbell,jihaad campbell,LB,PHI,2026-09-06T23:42:28.788368+00:00
00-0040157,,12646,4431519,Barrett Carter,barrett carter,LB,CIN,2026-09-06T23:42:28.788368+00:00
00-0040738,,12617,4427729,Demetrius Knight,demetrius knight,LB,CIN,2026-09-06T23:42:28.788368+00:00
00-0040155,,12650,4683215,Danny Stutsman,danny stutsman,LB,NOS,2026-09-06T23:42:28.788368+00:00
00-0040751,,12565,4685408,Will Johnson,will johnson,CB,ARI,2026-09-06T23:42:28.788368+00:00
00-0040720,,12557,4430925,Jahdae Barron,jahdae barron,CB,DEN,2026-09-06T23:42:28.788368+00:00
00-0040747,,12576,4816107,Benjamin Morrison,benjamin morrison,CB,TBB,2026-09-06T23:42:28.788368+00:00
00-0040731,,12595,4574689,Trey Amos,trey amos,CB,WAS,2026-09-06T23:42:28.788368+00:00
00-0040148,,12591,4431005,Xavier Watts,xavier watts,S,ATL,2026-09-06T23:42:28.788368+00:00
00-0040688,,12567,4685530,Malaki Starks,malaki starks,S,BAL,2026-09-06T23:42:28.788368+00:00
00-0040003,,12548,5277116,Lenny Krieg,lenny krieg,PK,GBP,2026-09-06T23:42:28.788368+00:00
00-0040131,,12547,4613202,Kyle Williams,kyle williams,WR,NEP,2026-09-06T23:42:28.788368+00:00
00-0040725,,12556,4683848,Donovan Ezeiruaku,donovan ezeiruaku,DE,DAL,2026-09-06T23:42:28.788368+00:00
00-0040706,,12552,4685503,Walter Nolen,walter nolen,DT,ARI,2026-09-06T23:42:28.788368+00:00
00-0040678,,12561,4682980,Derrick Harmon,derrick harmon,DT,PIT,2026-09-06T23:42:28.788368+00:00
00-0040127,,12564,4894654,Kenneth Grant,kenneth grant,DT,MIA,2026-09-06T23:42:28.788368+00:00
00-0040724,,12612,4684527,T.J. Sanders,tj sanders,DT,BUF,2026-09-06T23:42:28.788368+00:00
00-0040013,,12667,4431573,Smael Mondon,smael mondon,LB,PHI,2026-09-06T23:42:28.788368+00:00
00-0040709,,12596,4688931,Maxwell Hairston,maxwell hairston,CB,BUF,2026-09-06T23:42:28.788368+00:00
00-0040008,,12559,5095865,Shavon Revel,shavon revel,CB,DAL,2026-09-06T23:42:28.788368+00:00
00-0040133,,12601,4685596,Azareye'h Thomas,azareyeh thomas,CB,NYJ,2026-09-06T23:42:28.788368+00:00
00-0040733,,12597,4869523,Nick Emmanwori,nick emmanwori,S,SEA,2026-09-06T23:42:28.788368+00:00
00-0040141,,12588,4685617,Kevin Winston,kevin winston,S,TEN,2026-09-06T23:42:28.788368+00:00
00-0040672,,12554,4431615,Tyleik Williams,tyleik williams,DT,DET,2026-09-06T23:42:28.788368+00:00
00-0040579,,12578,4876017,Carson Schwesinger,carson schwesinger,LB,CLE,2026-09-06T23:42:28.788368+00:00
00-0040721,,12590,4430835,Alfred Collins,alfred collins,DT,SFO,2026-09-06T23:42:28.788368+00:00
00-0040744,,12594,4566154,JT Tuimoloau,jt tuimoloau,DE,IND,2026-09-06T23:42:28.788368+00:00
00-0040752,,12583,4876057,Oluwafemi Oladejo,oluwafemi oladejo,DE,TEN,2026-09-06T23:42:28.788368+00:00
00-0040741,,12616,4432804,Shemar Turner,shemar turner,DT,CHI,2026-09-06T23:42:28.788368+00:00
00-0040748,,12615,4591008,Omarr Norman-Lott,omarr norman-lott,DT,KCC,2026-09-06T23:42:28.788368+00:00
00-0040749,,12604,4602197,Andrew Mukuba,andrew mukuba,S,PHI,2026-09-06T23:42:28.788368+00:00
00-0040694,,12581,4426542,Darius Alexander,darius alexander,DT,NYG,2026-09-06T23:42:28.788368+00:00
00-0040640,,12623,4684432,Ashton Gillotte,ashton gillotte,DE,KCC,2026-09-06T23:42:28.788368+00:00
00-0040641,,12584,4430330,Darien Porter,darien porter,CB,LVR,2026-09-06T23:42:28.788368+00:00
00-0040669,,12535,5123663,Isaac TeSlaa,isaac teslaa,WR,DET,2026-09-06T23:42:28.788368+00:00
00-0040642,,12618,4429040,Vernon Broughton,vernon broughton,DT,NOS,2026-09-06T23:42:28.788368+00:00
00-0040135,,12630,4573188,Nick Martin,nick martin,LB,SFO,2026-09-06T23:42:28.788368+00:00
00-0040136,,12610,4429166,Princely Umanmielen,princely umanmielen,DE,CAR,2026-09-06T23:42:28.788368+00:00
00-0040137,,12579,4428996,Jordan Burch,jordan burch,DE,ARI,2026-09-06T23:42:28.788368+00:00
00-0040139,,12625,4682909,Justin Walley,justin walley,CB,IND,2026-09-06T23:42:28.788368+00:00
00-0040143,,12605,4912847,Jacob Parrish,jacob parrish,CB,TBB,2026-09-06T23:42:28.788368+00:00
00-0040670,,12622,4610705,Nohl Williams,nohl williams,CB,KCC,2026-09-06T23:42:28.788368+00:00
00-0040144,,12620,5089178,Jamaree Caldwell,jamaree caldwell,DT,LAC,2026-09-06T23:42:28.788368+00:00
00-0040145,,12632,4683347,Caleb Ransaw,caleb ransaw,S,JAC,2026-09-06T23:42:28.788368+00:00
00-0040643,,12619,4683813,Jonas Sanker,jonas sanker,S,NOS,2026-09-06T23:42:28.788368+00:00
00-0040149,,12626,4594277,Jaylin Smith,jaylin smith,CB,HOU,2026-09-06T23:42:28.788368+00:00
00-0040152,,12631,4565200,Upton Stout,upton stout,CB,SFO,2026-09-06T23:42:28.788368+00:00
00-0040153,,12628,4603189,Sai'vion Jones,saivion jones,DT,DEN,2026-09-06T23:42:28.788368+00:00
00-0040705,,12540,4431268,Chimere Dike,chimere dike,WR,TEN,2026-09-06T23:42:28.788368+00:00
00-0040716,,12654,4428930,Craig Woodson,craig woodson,S,NEP,2026-09-06T23:42:28.788368+00:00
00-0040723,,12653,4427716,Jack Kiser,jack kiser,LB,FA,2026-09-06T23:42:28.788368+00:00
00-0040710,,12652,4831989,Deone Walker,deone walker,DT,BUF,2026-09-06T23:42:28.788368+00:00
00-0040582,,12539,4429105,Arian Smith,arian smith,WR,NYJ,2026-09-06T23:42:28.788368+00:00
00-0040662,,12651,4569586,Ty Robinson,ty robinson,DT,PHI,2026-09-06T23:42:28.788368+00:00
00-0040711,,12649,4686308,CJ West,cj west,DT,SFO,2026-09-06T23:42:28.788368+00:00
00-0040645,,12648,4429071,Cody Simon,cody simon,LB,ARI,2026-09-06T23:42:28.788368+00:00
00-0040156,,12647,4431194,Billy Bowman,billy bowman,S,ATL,2026-09-06T23:42:28.788368+00:00
00-0040158,,12645,5085355,David Walker,david walker,DE,TBB,2026-09-06T23:42:28.788368+00:00
00-0040159,,12611,4429110,Lathan Ransom,lathan ransom,S,CAR,2026-09-06T23:42:28.788368+00:00
00-0040010,,12644,4683643,Barryn Sorrell,barryn sorrell,DE,GBP,2026-09-06T23:42:28.788368+00:00
00-0040161,,12643,4432333,Kyle Kennard,kyle kennard,DE,LAC,2026-09-06T23:42:28.788368+00:00
00-0040164,,12641,4602667,Jaylin Lane,jaylin lane,WR,WAS,2026-09-06T23:42:28.788368+00:00
00-0040069,,12640,4698244,Teddye Buchanan,teddye buchanan,LB,BAL,2026-09-06T23:42:28.788368+00:00
00-0040165,,12639,4692024,Malachi Moore,malachi moore,S,NYJ,2026-09-06T23:42:28.788368+00:00
00-0040166,,12638,4428350,Quincy Riley,quincy riley,CB,NOS,2026-09-06T23:42:28.788368+00:00
00-0040167,,12637,4429970,Ruben Hyppolite,ruben hyppolite,LB,CHI,2026-09-06T23:42:28.788368+00:00
00-0040168,,12636,4692048,Quandarrius Robinson,que robinson,DE,DEN,2026-09-06T23:42:28.788368+00:00
00-0040169,,12635,4429109,Tonka Hemingway,tonka hemingway,DT,LVR,2026-09-06T23:42:28.788368+00:00
00-0040171,,12587,4611993,Joshua Farmer,joshua farmer,DT,NEP,2026-09-06T23:42:28.788368+00:00
00-0040172,,12634,4431466,Jordan Watkins,jordan watkins,WR,SFO,2026-09-06T23:42:28.788368+00:00
00-0040173,,12683,4629149,Tyrion Ingram-Dawkins,tyrion ingram-dawkins,DT,MIN,2026-09-06T23:42:28.788368+00:00
00-0040174,,12682,4687513,Cam Jackson,cam jackson,DT,CAR,2026-09-06T23:42:28.788368+00:00
00-0040647,,12680,4430838,Rylie Mills,rylie mills,DT,SEA,2026-09-06T23:42:28.788368+00:00
00-0040175,,12679,4837188,Jordan Phillips,jordan phillips,DT,MIA,2026-09-06T23:42:28.788368+00:00
00-0040071,,12678,4689651,Mac McWilliams,mac mcwilliams,CB,PHI,2026-09-06T23:42:28.788368+00:00
00-0040176,,12677,4431424,Bradyn Swinson,bradyn swinson,DE,PIT,2026-09-06T23:42:28.788368+00:00
00-0040585,,12676,4431118,Ty Hamilton,ty hamilton,DT,LAR,2026-09-06T23:42:28.788368+00:00
00-0040178,,12675,4432730,Jason Marshall,jason marshall,CB,MIA,2026-09-06T23:42:28.788368+00:00
00-0040011,,12614,4685400,Shemar James,shemar james,LB,DAL,2026-09-06T23:42:28.788368+00:00
00-0040182,,12673,4431664,Dante Trader,dante trader,S,MIA,2026-09-06T23:42:28.788368+00:00
00-0040072,,12672,4602389,Jeffrey Bassa,jeffrey bassa,LB,KCC,2026-09-06T23:42:28.788368+00:00
00-0040183,,12671,4690795,Elijah Roberts,elijah roberts,DT,TBB,2026-09-06T23:42:28.788368+00:00
00-0040184,,12670,4430870,KeAndre Lambert-Smith,keandre lambert-smith,WR,LAC,2026-09-06T23:42:28.788368+00:00
00-0040012,,12669,4683059,Collin Oliver,collin oliver,DE,GBP,2026-09-06T23:42:28.788368+00:00
00-0040185,,12668,4693337,Marques Sigle,marques sigle,S,SFO,2026-09-06T23:42:28.788368+00:00
00-0040186,,12666,4700136,Francisco Mauigoa,francisco mauigoa,LB,NYJ,2026-09-06T23:42:28.788368+00:00
00-0040188,,12665,4430947,Yahya Black,yahya black,DT,PIT,2026-09-06T23:42:28.788368+00:00
00-0040191,,12662,4572685,Zah Frazier,zah frazier,CB,CHI,2026-09-06T23:42:28.788368+00:00
00-0040192,,12661,4596480,Jordan Hancock,jordan hancock,S,BUF,2026-09-06T23:42:28.788368+00:00
00-0040588,,12659,4602943,Chris Paul,chris paul,LB,FA,2026-09-06T23:42:28.788368+00:00
00-0040194,,12658,4573699,Jackson Hawes,jackson hawes,TE,BUF,2026-09-06T23:42:28.788368+00:00
00-0040195,,12657,4432668,Denzel Burke,denzel burke,CB,ARI,2026-09-06T23:42:28.788368+00:00
00-0040649,,12656,4691688,Robbie Ouzts,robbie ouzts,RB,SEA,2026-09-06T23:42:28.788368+00:00
00-0040196,,12655,4692555,Tyler Baron,tyler baron,DE,NYJ,2026-09-06T23:42:28.788368+00:00
00-0040197,,12687,4568703,Dorian Strong,dorian strong,CB,BUF,2026-09-06T23:42:28.788368+00:00
00-0040073,,12714,5083656,Bilhal Kone,bilhal kone,CB,BAL,2026-09-06T23:42:28.788368+00:00
00-0040199,,12689,4430896,JJ Pegues,jj pegues,DT,LVR,2026-09-06T23:42:28.788368+00:00
00-0040200,,12713,4569923,Andres Borregales,andy borregales,PK,NEP,2026-09-06T23:42:28.788368+00:00
00-0040201,,12712,4570469,Marcus Harris,marcus harris,CB,TEN,2026-09-06T23:42:28.788368+00:00
00-0040074,,12711,4697745,Tyler Loop,tyler loop,PK,BAL,2026-09-06T23:42:28.788368+00:00
00-0040204,,12710,4432758,Jaylen Reed,jaylen reed,S,NEP,2026-09-06T23:42:28.788368+00:00
00-0040207,,12691,4692033,Tim Smith,tim smith,DT,IND,2026-09-06T23:42:28.788368+00:00
00-0040209,,12708,4576129,Jalen McLeod,jalen mcleod,DE,FA,2026-09-06T23:42:28.788368+00:00
00-0040761,,12706,4710422,Ahmed Hassanein,ahmed hassanein,DE,DET,2026-09-06T23:42:28.788368+00:00
00-0040211,,12705,4426335,Graham Mertz,graham mertz,QB,HOU,2026-09-06T23:42:28.788368+00:00
00-0040016,,12704,4429136,Warren Brinson,warren brinson,DT,GBP,2026-09-06T23:42:28.788368+00:00
00-0040213,,12702,4880675,Rayuan Lane,rayuan lane,S,JAC,2026-09-06T23:42:28.788368+00:00
00-0040214,,12701,4588300,Kobe King,kobe king,LB,FA,2026-09-06T23:42:28.788368+00:00
00-0040215,,12700,4708049,Gavin Bartholomew,gavin bartholomew,TE,MIN,2026-09-06T23:42:28.788368+00:00
00-0040075,,12699,4690143,LaJohntay Wester,lajohntay wester,WR,BAL,2026-09-06T23:42:28.788368+00:00
00-0040216,,12684,4427984,Kain Medrano,kain medrano,LB,WAS,2026-09-06T23:42:28.788368+00:00
00-0040218,,12523,4708486,Jimmy Horn,jimmy horn,WR,CAR,2026-09-06T23:42:28.788368+00:00
00-0040018,,12697,4429009,Antwaun Powell-Ryland,antwaun powell-ryland,DE,CIN,2026-09-06T23:42:28.788368+00:00
00-0040076,,12696,4565311,Aeneas Peebles,aeneas peebles,DT,BAL,2026-09-06T23:42:28.788368+00:00
00-0040077,,12695,4575860,Robert Longerbeam,robert longerbeam,CB,PHI,2026-09-06T23:42:28.788368+00:00
00-0040220,,12690,4775196,Tommy Mellott,tommy mellott,WR,NOS,2026-09-06T23:42:28.788368+00:00
00-0040221,,12694,4429018,R.J. Mickens,rj mickens,S,LAC,2026-09-06T23:42:28.788368+00:00
00-0040222,,12688,4693331,Cam Miller,cam miller,QB,FA,2026-09-06T23:42:28.788368+00:00
00-0040223,,12693,4589212,Jeremy Crawshaw,jeremy crawshaw,PN,DEN,2026-09-06T23:42:28.788368+00:00
00-0040019,,12737,4431603,Jay Toia,jay toia,DT,FA,2026-09-06T23:42:28.788368+00:00
00-0040225,,12715,4590292,Thomas Fidone,thomas fidone,TE,NYG,2026-09-06T23:42:28.788368+00:00
00-0040228,,12722,4685126,Cody Lindenberg,cody lindenberg,LB,LVR,2026-09-06T23:42:28.788368+00:00
00-0040229,,12724,4677281,Kyonte Hamilton,kyonte hamilton,DT,HOU,2026-09-06T23:42:28.788368+00:00
00-0040230,,12736,4430821,Kitan Crawford,kitan crawford,S,ARI,2026-09-06T23:42:28.788368+00:00
00-0040231,,12733,4429490,Carson Bruener,carson bruener,LB,PIT,2026-09-06T23:42:28.788368+00:00
00-0040232,,12734,4608004,Donte Kent,donte kent,CB,PIT,2026-09-06T23:42:28.788368+00:00
00-0040233,,12731,4575115,Dan Jackson,dan jackson,S,FA,2026-09-06T23:42:28.788368+00:00
00-0040235,,12723,4432789,Hunter Wohler,hunter wohler,S,IND,2026-09-06T23:42:28.788368+00:00
00-0040020,,12730,4695280,Micah Robinson,micah robinson,CB,TEN,2026-09-06T23:42:28.788368+00:00
00-0040240,,12735,4432208,Caleb Lohner,caleb lohner,TE,DEN,2026-09-06T23:42:28.788368+00:00
00-0040590,,12718,4710855,Konata Mumpfield,konata mumpfield,WR,LAR,2026-09-06T23:42:28.788368+00:00
00-0040241,,12732,4596439,Dominic Lovett,dominic lovett,WR,DET,2026-09-06T23:42:28.788368+00:00
00-0040242,,12533,4575131,Jacory Croskey-Merritt,jacory croskey-merritt,RB,WAS,2026-09-06T23:42:28.788368+00:00
00-0040243,,12716,4429281,Korie Black,korie black,CB,NYG,2026-09-06T23:42:28.788368+00:00
00-0040022,,12739,4683450,Tommy Akingbesote,tommy akingbesote,DT,BUF,2026-09-06T23:42:28.788368+00:00
00-0040244,,12480,4432731,Moliki Matavao,moliki matavao,TE,NOS,2026-09-06T23:42:28.788368+00:00
00-0040247,,12743,4887918,Junior Bergen,junior bergen,WR,FA,2026-09-06T23:42:28.788368+00:00
00-0040248,,12720,4683276,Zeek Biggers,zeek biggers,DT,MIA,2026-09-06T23:42:28.788368+00:00
00-0040249,,12609,4429073,Fadil Diggs,fadil diggs,DE,NOS,2026-09-06T23:42:28.788368+00:00
00-0040251,,12717,4426513,Trikweze Bridges,trikweze bridges,S,CIN,2026-09-06T23:42:28.788368+00:00
00-0040252,,12726,4566100,Kobee Minor,kobee minor,CB,FA,2026-09-06T23:42:28.788368+00:00
00-0040613,,13000,4693848,Shaun Dolac,shaun dolac,LB,LAR,2026-09-06T23:42:28.788368+00:00
00-0040028,,12868,4684625,Montrell Johnson,montrell johnson,RB,FA,2026-09-06T23:42:28.788368+00:00
00-0040568,,12969,4698253,Lan Larison,lan larison,RB,NEP,2026-09-06T23:42:28.788368+00:00
00-0040081,,12817,4431196,Jake Briningstool,jake briningstool,TE,KCC,2026-09-06T23:42:28.788368+00:00
00-0040563,,12542,4695193,Efton Chism,efton chism,WR,NEP,2026-09-06T23:42:28.788368+00:00
00-0040039,,12928,4878878,Amar Johnson,amar johnson,RB,LAC,2026-09-06T23:42:28.788368+00:00
00-0040603,,13001,4431618,Mario Williams,mario williams,WR,LAR,2026-09-06T23:42:28.788368+00:00
00-0040556,,12491,4431431,Corey Kiner,corey kiner,RB,NEP,2026-09-06T23:42:28.788368+00:00
00-0040558,,13074,4428116,Isaiah Neyor,isaiah neyor,WR,FA,2026-09-06T23:42:28.788368+00:00
00-0040298,,12863,5093923,Andrew Armstrong,andrew armstrong,WR,KCC,2026-09-06T23:42:28.788368+00:00
00-0040279,,12961,4568263,Ryan Fitzgerald,ryan fitzgerald,PK,CAR,2026-09-06T23:42:28.788368+00:00
00-0040352,,12829,4578436,Coleman Owen,coleman owen,WR,IND,2026-09-06T23:42:28.788368+00:00
00-0040526,,12940,5093062,Tre Stewart,tre stewart,RB,FA,2026-09-06T23:42:28.788368+00:00
00-0040566,,12984,4596545,CJ Dippre,cj dippre,TE,TBB,2026-09-06T23:42:28.788368+00:00
00-0040494,,12775,4573398,Max Brosmer,max brosmer,QB,MIN,2026-09-06T23:42:28.788368+00:00
00-0040330,,12898,4606194,Seth Henigan,seth henigan,QB,FA,2026-09-06T23:42:28.788368+00:00
00-0040301,,12866,4431044,Jalin Conyers,jalin conyers,TE,FA,2026-09-06T23:42:28.788368+00:00
00-0040509,,13121,4433959,Ben Yurosek,ben yurosek,TE,MIN,2026-09-06T23:42:28.788368+00:00
00-0040100,,13024,4565350,Jay Higgins,jay higgins,LB,BAL,2026-09-06T23:42:28.788368+00:00
00-0040056,,13048,4605478,Jared Ivey,jared ivey,LB,ATL,2026-09-06T23:42:28.788368+00:00
00-0040445,,12772,4565172,Courtney Jackson,courtney jackson,WR,FA,2026-09-06T23:42:28.788368+00:00
00-0040405,,12925,4892576,Jamaal Pritchett,jamaal pritchett,WR,NYJ,2026-09-06T23:42:28.788368+00:00
00-0040656,,13217,4565358,Hunter Dekkers,hunter dekkers,QB,NOS,2026-09-06T23:42:28.788368+00:00
00-0040546,,12603,4429324,Cobee Bryant,cobee bryant,CB,FA,2026-09-06T23:42:28.788368+00:00
00-0040461,,12803,4433830,Luke Grimm,luke grimm,WR,FA,2026-09-06T23:42:28.788368+00:00
00-0040630,,13072,4685270,Stone Blanton,stone blanton,LB,SFO,2026-09-06T23:42:28.788368+00:00
00-0040048,,12849,4429172,Traeshon Holden,traeshon holden,WR,DAL,2026-09-06T23:42:28.788368+00:00
00-0040571,,12981,4429115,Gee Scott,gee scott,TE,WAS,2026-09-06T23:42:28.788368+00:00
00-0040432,,12889,4431210,Beaux Collins,beaux collins,WR,ATL,2026-09-06T23:42:28.788368+00:00
00-0040486,,12993,4430111,Jah Joyner,jah joyner,DE,FA,2026-09-06T23:42:28.788368+00:00
00-0040375,,12761,4594444,Jordan Moore,jordan moore,WR,FA,2026-09-06T23:42:28.788368+00:00
00-0040476,,12826,4426689,Ulysses Bentley,ulysses bentley,RB,FA,2026-09-06T23:42:28.788368+00:00
00-0040464,,12773,4429020,DJ Uiagalelei,dj uiagalelei,QB,LAC,2026-09-06T23:42:28.788368+00:00
00-0040443,,12777,4696907,Joaquin Davis,joaquin davis,WR,FA,2026-09-06T23:42:28.788368+00:00
00-0040553,,12884,4572380,Quincy Skinner,quincy skinner,WR,FA,2026-09-06T23:42:28.788368+00:00
00-0040552,,12883,4430482,Joshua Simon,joshua simon,TE,WAS,2026-09-06T23:42:28.788368+00:00
00-0040337,,12909,4430288,Eli Pancol,eli pancol,WR,FA,2026-09-06T23:42:28.788368+00:00
00-0040617,,13189,4566157,Luke Floriea,luke floriea,WR,FA,2026-09-06T23:42:28.788368+00:00
00-0040527,,12955,4426882,Sebastian Castro,sebastian castro,S,PIT,2026-09-06T23:42:28.788368+00:00
00-0040045,,12855,4595352,Alijah Clark,alijah clark,S,DAL,2026-09-06T23:42:28.788368+00:00
00-0040597,,13011,4431342,Brennan Presley,brennan presley,WR,LAR,2026-09-06T23:42:28.788368+00:00
00-0040275,,12746,4685183,JP Richardson,jp richardson,WR,FA,2026-09-06T23:42:28.788368+00:00
00-0040043,,12853,4429249,Justin Barron,justin barron,LB,FA,2026-09-06T23:42:28.788368+00:00
00-0040629,,13202,4569372,Dalevon Campbell,dalevon campbell,WR,LAC,2026-09-06T23:42:28.788368+00:00
00-0040471,,12838,4691043,Nikko Reed,nikko reed,CB,LAC,2026-09-06T23:42:28.788368+00:00
00-0040332,,12479,4690972,Ja'Quinden Jackson,jaquinden jackson,RB,FA,2026-09-06T23:42:28.788368+00:00
00-0040041,,12927,4429142,Nazir Stackhouse,nazir stackhouse,DT,TEN,2026-09-06T23:42:28.788368+00:00
00-0040489,,13019,4686337,Greedy Vance,greedy vance,CB,LVR,2026-09-06T23:42:28.788368+00:00
00-0040024,,13150,4715355,Darius Cooper,darius cooper,WR,PHI,2026-09-06T23:42:28.788368+00:00
00-0040390,,12938,4602788,Jackson Meeks,jackson meeks,WR,DET,2026-09-06T23:42:28.788368+00:00
00-0040260,,12797,4432374,Ahmani Marshall,ahmani marshall,RB,FA,2026-09-06T23:42:28.788368+00:00
00-0040289,,12956,4880613,Bam Martin-Scott,bam martin-scott,LB,CAR,2026-09-06T23:42:28.788368+00:00
00-0040625,,13187,4568492,Nick Jackson,nick jackson,LB,FA,2026-09-06T23:42:28.788368+00:00
00-0040468,,12840,4433895,Eric Rogers,eric rogers,CB,LAC,2026-09-06T23:42:28.788368+00:00
00-0040507,,12942,4695609,Zemaiah Vaughn,zemaiah vaughn,CB,MIN,2026-09-06T23:42:28.788368+00:00
00-0040547,,12897,4605841,Nathan Carter,nathan carter,RB,ATL,2026-09-06T23:42:28.788368+00:00
00-0040259,,13101,4877203,Gage Larvadain,gage larvadain,WR,FA,2026-09-06T23:42:28.788368+00:00
00-0040255,,13104,4605792,Adin Huntington,adin huntington,DE,CLE,2026-09-06T23:42:28.788368+00:00
00-0040329,,12910,4875266,B.J. Green,bj green,DE,JAC,2026-09-06T23:42:28.788368+00:00
00-0040654,,13215,4570033,Kai Kroeger,kai kroeger,PN,HOU,2026-09-06T23:42:28.788368+00:00
00-0040277,,13079,5160110,Jahdae Walker,jahdae walker,WR,CHI,2026-09-06T23:42:28.788368+00:00
00-0040460,,12835,4431467,Marlowe Wax,marlowe wax,LB,LAC,2026-09-06T23:42:28.788368+00:00
00-0040496,,12879,4431520,Chaz Chambliss,chaz chambliss,LB,MIN,2026-09-06T23:42:28.788368+00:00
00-0040118,,13174,4567826,Cooper McDonald,cooper mcdonald,LB,KCC,2026-09-06T23:42:28.788368+00:00
00-0040296,,12957,4431426,Corey Thornton,corey thornton,CB,FA,2026-09-06T23:42:28.788368+00:00
00-0040416,,12790,4569563,John Bullock,john bullock,LB,FA,2026-09-06T23:42:28.788368+00:00
00-0040429,,12787,4568024,Josh Williams,josh williams,RB,TBB,2026-09-06T23:42:28.788368+00:00
00-0040506,,13075,4430656,Myles Price,myles price,WR,MIN,2026-09-06T23:42:28.788368+00:00
00-0040574,,12978,4688432,Elijah Ponder,elijah ponder,LB,NEP,2026-09-06T23:42:28.788368+00:00
00-0040449,,12781,4875336,Karene Reid,karene reid,LB,DEN,2026-09-06T23:42:28.788368+00:00
00-0040263,,,4686027,Donovan McMillon,donovan mcmillon,S,CLE,2026-09-06T23:42:28.788368+00:00
00-0039596,,,4428917,Rashad Wisdom,rashad wisdom,S,TBB,2026-09-06T23:42:28.788368+00:00
00-0040636,,13172,4694334,Keyon Martin,keyon martin,CB,BAL,2026-09-06T23:42:28.788368+00:00
00-0040501,,12948,4429185,Austin Keys,austin keys,LB,FA,2026-09-06T23:42:28.788368+00:00
00-0040044,,,4685841,Zion Childress,zion childress,CB,DAL,2026-09-06T23:42:28.788368+00:00
00-0040362,,,4577066,Keonta Jenkins,keonta jenkins,S,FA,2026-09-06T23:42:28.788368+00:00
00-0039332,,,4700676,C.J. Ravenell,cj ravenell,DE,FA,2026-09-06T23:42:28.788368+00:00
00-0037340,34489,8799,4876006,Zaire Mitchell-Paden,zaire mitchell-paden,TE,HOU,2026-09-06T23:42:28.788368+00:00
00-0040089,,,4602648,Kevin Knowles,kevin knowles,CB,TBB,2026-09-06T23:42:28.788368+00:00
00-0040261,,13165,5085888,Easton Mascarenas-Arnold,easton mascarenas-arnold,LB,CLE,2026-09-06T23:42:28.788368+00:00
00-0040369,,,4426992,Howard Cross,howard cross,DT,CIN,2026-09-06T23:42:28.788368+00:00
00-0040396,,,4426921,Dean Clark,dean clark,S,FA,2026-09-06T23:42:28.788368+00:00
00-0040067,,13047,4428943,Jacardia Wright,jacardia wright,RB,SEA,2026-09-06T23:42:28.788368+00:00
00-0040488,,13122,5155825,Carter Runyon,carter runyon,TE,LVR,2026-09-06T23:42:28.788368+00:00
00-0040624,,,4696782,Elijah Williams,elijah williams,DE,MIN,2026-09-06T23:42:28.788368+00:00
00-0040384,,,4430478,Elijah Simmons,elijah simmons,DT,TBB,2026-09-06T23:42:28.788368+00:00
00-0040347,,,4695991,Johnathan Edwards,johnathan edwards,CB,IND,2026-09-06T23:42:28.788368+00:00
00-0040357,,,4599160,Trey Washington,trey washington,S,FA,2026-09-06T23:42:28.788368+00:00
00-0040295,,,4570633,Trevian Thomas,trevian thomas,S,JAC,2026-09-06T23:42:28.788368+00:00
00-0040106,,,4692970,Reuben Lowery,reuben lowery,S,FA,2026-09-06T23:42:28.788368+00:00
00-0040534,,12971,4570738,Ke'Shawn Williams,keshawn williams,WR,CIN,2026-09-06T23:42:28.788368+00:00
00-0040342,,,4573319,Danny Striggow,danny striggow,DE,JAC,2026-09-06T23:42:28.788368+00:00
00-0040104,,,4878287,Keondre Jackson,keondre jackson,S,BAL,2026-09-06T23:42:28.788368+00:00
00-0040492,,,4608794,Tyler Batty,tyler batty,LB,MIN,2026-09-06T23:42:28.788368+00:00
00-0040408,,,4567416,Ja'Markis Weston,jamarkis weston,LB,SEA,2026-09-06T23:42:28.788368+00:00
00-0039489,,12389,4428396,Hayden Rucci,hayden rucci,TE,JAC,2026-09-06T23:42:28.788368+00:00
00-0040634,,,4693373,Jordan Turner,jordan turner,LB,DEN,2026-09-06T23:42:28.788368+00:00
00-0040326,,12917,4572704,Branson Combs,branson combs,LB,JAC,2026-09-06T23:42:28.788368+00:00
00-0040061,,,4605491,Connor O'Toole,connor otoole,LB,SEA,2026-09-06T23:42:28.788368+00:00
00-0040058,,13151,4569547,Nick Kallerup,nick kallerup,TE,SEA,2026-09-06T23:42:28.788368+00:00
00-0040318,,,4361090,Ale Kaho,ale kaho,LB,WAS,2026-09-06T23:42:28.788368+00:00
00-0040317,,13120,5083297,Jacoby Jones,jacoby jones,WR,FA,2026-09-06T23:42:28.788368+00:00
00-0040371,,,4567171,Eric Gregory,eric gregory,DT,NEP,2026-09-06T23:42:28.788368+00:00
00-0040431,,,4570296,Dalen Cambre,dalen cambre,WR,NYG,2026-09-06T23:42:28.788368+00:00
00-0040363,,12765,4688552,Keleki Latu,keleki latu,TE,BUF,2026-09-06T23:42:28.788368+00:00
00-0040108,,,4695086,Chandler Martin,chandler martin,LB,BAL,2026-09-06T23:42:28.788368+00:00
00-0040004,,,5278092,T.J. Maguranyanga,tj maguranyanga,DE,WAS,2026-09-06T23:42:28.788368+00:00
00-0040339,,,4877475,Cam'Ron Silmon-Craig,camron silmon-craig,S,JAC,2026-09-06T23:42:28.788368+00:00
00-0040397,,,4429411,Jordan Clark,jordan clark,CB,NYJ,2026-09-06T23:42:28.788368+00:00
00-0040027,,,4594338,Brandon Johnson,brandon johnson,CB,PHI,2026-09-06T23:42:28.788368+00:00
00-0040530,,,4566158,Ben Sauls,ben sauls,PK,FA,2026-09-06T23:42:28.788368+00:00
00-0040314,,,4428343,Ricky Barber,ricky barber,DT,WAS,2026-09-06T23:42:28.788368+00:00
00-0040404,,,4431582,Payton Page,payton page,DT,NYJ,2026-09-06T23:42:28.788368+00:00
00-0040372,,,4575559,Bralyn Lux,bralyn lux,CB,CIN,2026-09-06T23:42:28.788368+00:00
00-0040628,,,4429466,Drake Dabney,drake dabney,TE,GBP,2026-09-06T23:42:28.788368+00:00
00-0040033,,,4709980,Johnathan Baldwin,johnathan baldwin,S,GBP,2026-09-06T23:42:28.788368+00:00
00-0040388,,12935,5178972,Jakobie Keeney-James,jakobie keeney-james,WR,FA,2026-09-06T23:42:28.788368+00:00
00-0040037,,,4569680,Jamon Johnson,jamon johnson,LB,GBP,2026-09-06T23:42:28.788368+00:00
00-0040411,,,4577494,Alijah Huzzie,alijah huzzie,CB,HOU,2026-09-06T23:42:28.788368+00:00
00-0040406,,,4613050,Quentin Skinner,quentin skinner,WR,NYJ,2026-09-06T23:42:28.788368+00:00
00-0040066,,,4685637,Jackson Woodard,jackson woodard,LB,MIA,2026-09-06T23:42:28.788368+00:00
00-0040328,,,4431534,Ethan Downs,ethan downs,DE,KCC,2026-09-06T23:42:28.788368+00:00
00-0040604,,,4427408,Jahfari Harvey,jahfari harvey,DE,LVR,2026-09-06T23:42:28.788368+00:00
00-0040393,,12954,4880638,Kye Robichaux,kye robichaux,RB,FA,2026-09-06T23:42:28.788368+00:00
00-0040265,,13179,4876995,Ja'Seem Reed,jaseem reed,WR,FA,2026-09-06T23:42:28.788368+00:00
00-0040785,,13264,4384852,Dohnte Meyers,dohnte meyers,WR,CIN,2026-09-06T23:42:28.788368+00:00
00-0039918,40900,11560,4431611,Caleb Williams,caleb williams,QB,CHI,2026-09-06T23:42:28.788368+00:00
00-0039851,40881,11564,4431452,Drake Maye,drake maye,QB,NEP,2026-09-06T23:42:28.788368+00:00
00-0039910,40896,11566,4426348,Jayden Daniels,jayden daniels,QB,WAS,2026-09-06T23:42:28.788368+00:00
00-0039732,40875,11563,4426338,Bo Nix,bo nix,QB,DEN,2026-09-06T23:42:28.788368+00:00
00-0039917,40889,11559,4360423,Michael Penix Jr.,michael penix,QB,ATL,2026-09-06T23:42:28.788368+00:00
00-0039923,40905,11565,4433970,J.J. McCarthy,jj mccarthy,QB,MIN,2026-09-06T23:42:28.788368+00:00
00-0039398,41060,11557,4360698,Joe Milton,joe milton,QB,FA,2026-09-06T23:42:28.788368+00:00
00-0039376,41043,11562,4426339,Spencer Rattler,spencer rattler,QB,NOS,2026-09-06T23:42:28.788368+00:00
00-0039677,,11376,4361994,Sam Hartman,sam hartman,QB,WAS,2026-09-06T23:42:28.788368+00:00
00-0039238,41130,11561,4685039,Michael Pratt,michael pratt,QB,FA,2026-09-06T23:42:28.788368+00:00
00-0039797,41037,11567,4360799,Jordan Travis,jordan travis,QB,FA,2026-09-06T23:42:28.788368+00:00
00-0039801,41069,11556,4361653,Devin Leary,devin leary,QB,FA,2026-09-06T23:42:28.788368+00:00
00-0039501,,12009,2961162,Jack Plummer,jack plummer,QB,FA,2026-09-06T23:42:28.788368+00:00
00-0039738,40962,11586,4429096,Blake Corum,blake corum,RB,LAR,2026-09-06T23:42:28.788368+00:00
00-0039921,40958,11589,4429275,Trey Benson,trey benson,RB,ARI,2026-09-06T23:42:28.788368+00:00
00-0039373,41019,11579,4569682,Audric Estime,audric estime,RB,NOS,2026-09-06T23:42:28.788368+00:00
00-0039794,40981,11576,4685247,Braelon Allen,braelon allen,RB,NYJ,2026-09-06T23:42:28.788368+00:00
00-0039344,40926,11583,4678008,Jonathon Brooks,jonathon brooks,RB,CAR,2026-09-06T23:42:28.788368+00:00
00-0039361,40993,11584,4596448,Bucky Irving,bucky irving,RB,TBB,2026-09-06T23:42:28.788368+00:00
00-0039471,41243,11573,4429805,Frank Gore Jr.,frank gore,RB,FA,2026-09-06T23:42:28.788368+00:00
00-0039703,41193,11644,4391845,Cody Schrader,cody schrader,RB,FA,2026-09-06T23:42:28.788368+00:00
00-0039746,41002,11577,4431545,Will Shipley,will shipley,RB,PHI,2026-09-06T23:42:28.788368+00:00
00-0039875,40980,11575,4429501,Ray Davis,ray davis,RB,BUF,2026-09-06T23:42:28.788368+00:00
00-0039811,40971,11581,4429023,MarShawn Lloyd,marshawn lloyd,RB,GBP,2026-09-06T23:42:28.788368+00:00
00-0039393,41075,11590,4429001,Jase McClellan,jase mcclellan,RB,FA,2026-09-06T23:42:28.788368+00:00
00-0039266,,11649,4429012,Kendall Milton,kendall milton,RB,FA,2026-09-06T23:42:28.788368+00:00
00-0039652,41661,12356,4432545,Jabari Small,jabari small,RB,DET,2026-09-06T23:42:28.788368+00:00
00-0039299,41344,12048,4429835,George Holani,george holani,RB,SEA,2026-09-06T23:42:28.788368+00:00
00-0039647,41256,11580,4689338,Dillon Johnson,dillon johnson,RB,FA,2026-09-06T23:42:28.788368+00:00
00-0039874,41010,11643,4682745,Jaylen Wright,jaylen wright,RB,MIA,2026-09-06T23:42:28.788368+00:00
00-0039311,41271,11998,4565761,Emani Bailey,emani bailey,RB,FA,2026-09-06T23:42:28.788368+00:00
00-0039325,41464,11582,4714365,Carson Steele,carson steele,RB,PHI,2026-09-06T23:42:28.788368+00:00
00-0039407,41054,11574,4366963,Dylan Laube,dylan laube,RB,LVR,2026-09-06T23:42:28.788368+00:00
00-0039849,40893,11628,4432708,Marvin Harrison Jr.,marvin harrison,WR,ARI,2026-09-06T23:42:28.788368+00:00
00-0039337,40899,11632,4595348,Malik Nabers,malik nabers,WR,NYG,2026-09-06T23:42:28.788368+00:00
00-0039919,40901,11620,4431299,Rome Odunze,rome odunze,WR,CHI,2026-09-06T23:42:28.788368+00:00
00-0039901,40911,11637,4635008,Keon Coleman,keon coleman,WR,BUF,2026-09-06T23:42:28.788368+00:00
00-0039893,40883,11631,4432773,Brian Thomas Jr.,brian thomas,WR,JAC,2026-09-06T23:42:28.788368+00:00
00-0039868,41009,11627,4431280,Troy Franklin,troy franklin,WR,DEN,2026-09-06T23:42:28.788368+00:00
00-0039894,40877,11624,4683062,Xavier Worthy,xavier worthy,WR,KCC,2026-09-06T23:42:28.788368+00:00
00-0039792,40991,11629,4696882,Devontez Walker,devontez walker,WR,BAL,2026-09-06T23:42:28.788368+00:00
00-0039916,40892,11638,4428209,Ricky Pearsall,ricky pearsall,WR,SFO,2026-09-06T23:42:28.788368+00:00
00-0039415,41098,11621,4686781,Brenden Rice,brenden rice,WR,FA,2026-09-06T23:42:28.788368+00:00
00-0039379,41016,11633,4428678,Jamari Thrash,jamari thrash,WR,CLE,2026-09-06T23:42:28.788368+00:00
00-0039236,41089,11636,4686104,Johnny Wilson,johnny wilson,WR,PHI,2026-09-06T23:42:28.788368+00:00
00-0039890,40915,11625,4597500,Adonai Mitchell,adonai mitchell,WR,NYJ,2026-09-06T23:42:28.788368+00:00
00-0039915,40908,11635,4612826,Ladd McConkey,ladd mcconkey,WR,LAC,2026-09-06T23:42:28.788368+00:00
00-0039855,40954,11618,4430834,Jalen McMillan,jalen mcmillan,WR,TBB,2026-09-06T23:42:28.788368+00:00
00-0039739,40952,11630,4431492,Roman Wilson,roman wilson,WR,PIT,2026-09-06T23:42:28.788368+00:00
00-0039451,41421,11608,4569371,Isaiah Williams,isaiah williams,WR,NYJ,2026-09-06T23:42:28.788368+00:00
00-0039907,40914,11619,4430637,Ja'Lynn Polk,jalynn polk,WR,FA,2026-09-06T23:42:28.788368+00:00
00-0039810,40974,11640,4429033,Jermaine Burton,jermaine burton,WR,FA,2026-09-06T23:42:28.788368+00:00
00-0039751,41083,11623,4569382,Jordan Whittington,jordan whittington,WR,LAR,2026-09-06T23:42:28.788368+00:00
00-0039521,41202,11921,4428811,Xavier Weaver,xavier weaver,WR,FA,2026-09-06T23:42:28.788368+00:00
00-0039355,40964,11650,4426948,Luke McCaffrey,luke mccaffrey,WR,WAS,2026-09-06T23:42:28.788368+00:00
00-0039920,40944,11617,4613104,Malachi Corley,malachi corley,WR,CLE,2026-09-06T23:42:28.788368+00:00
00-0039853,40982,11645,4692022,Javon Baker,javon baker,WR,SFO,2026-09-06T23:42:28.788368+00:00
00-0039342,40890,11626,4430034,Xavier Legette,xavier legette,WR,CAR,2026-09-06T23:42:28.788368+00:00
00-0039365,40996,11616,4575665,Jacob Cowing,jacob cowing,WR,SFO,2026-09-06T23:42:28.788368+00:00
00-0039338,40878,11604,4432665,Brock Bowers,brock bowers,TE,LVR,2026-09-06T23:42:28.788368+00:00
00-0039359,40987,11599,4426496,Cade Stover,cade stover,TE,HOU,2026-09-06T23:42:28.788368+00:00
00-0039356,40995,11600,4431588,Ja'Tavion Sanders,jatavion sanders,TE,CAR,2026-09-06T23:42:28.788368+00:00
00-0039912,40931,11596,4690923,Ben Sinnott,ben sinnott,TE,WAS,2026-09-06T23:42:28.788368+00:00
00-0039814,40989,11592,4427834,Erick All,erick all,TE,CIN,2026-09-06T23:42:28.788368+00:00
00-0039420,41106,11605,4429262,Jaheim Bell,jaheim bell,TE,FA,2026-09-06T23:42:28.788368+00:00
00-0039530,41371,11593,4360967,Brevyn Spann-Ford,brevyn spann-ford,TE,DAL,2026-09-06T23:42:28.788368+00:00
00-0039824,40978,11595,4430723,Jared Wiley,jared wiley,TE,KCC,2026-09-06T23:42:28.788368+00:00
00-0039847,41003,11597,4429148,Theo Johnson,theo johnson,TE,NYG,2026-09-06T23:42:28.788368+00:00
00-0039924,,11667,4565190,Dallas Turner,dallas turner,DE,MIN,2026-09-06T23:42:28.788368+00:00
00-0039340,,11669,4426473,Laiatu Latu,laiatu latu,DE,IND,2026-09-06T23:42:28.788368+00:00
00-0039837,,11721,4428713,Bralen Trice,bralen trice,DE,FA,2026-09-06T23:42:28.788368+00:00
00-0039852,,11665,4578085,Jared Verse,jared verse,DE,CLE,2026-09-06T23:42:28.788368+00:00
00-0039809,,11714,4687592,Jonah Elliss,jonah elliss,DE,DEN,2026-09-06T23:42:28.788368+00:00
00-0039911,,11663,4431586,Chop Robinson,chop robinson,DE,MIA,2026-09-06T23:42:28.788368+00:00
00-0039902,,11679,4428989,Chris Braswell,chris braswell,DE,FA,2026-09-06T23:42:28.788368+00:00
00-0039859,,11740,4427090,Brandon Dorlus,brandon dorlus,DT,ATL,2026-09-06T23:42:28.788368+00:00
00-0039367,,11767,4360304,Xavier Thomas,xavier thomas,DE,FA,2026-09-06T23:42:28.788368+00:00
00-0039715,,11908,4428080,Gabriel Murphy,gabriel murphy,DE,MIN,2026-09-06T23:42:28.788368+00:00
00-0039854,,11658,4569480,Darius Robinson,darius robinson,DT,ARI,2026-09-06T23:42:28.788368+00:00
00-0039895,,11692,4600415,Michael Hall Jr.,michael hall,DT,CLE,2026-09-06T23:42:28.788368+00:00
00-0039908,,11688,4432301,Kris Jenkins,kris jenkins,DT,CIN,2026-09-06T23:42:28.788368+00:00
00-0039835,,11743,4567138,Justin Eboigbe,justin eboigbe,DT,LAC,2026-09-06T23:42:28.788368+00:00
00-0039826,,11752,4432777,Jeremiah Trotter Jr.,jeremiah trotter,LB,PHI,2026-09-06T23:42:28.788368+00:00
00-0039346,,11701,4431212,Junior Colson,junior colson,LB,LAC,2026-09-06T23:42:28.788368+00:00
00-0039374,,11761,4429560,Tommy Eichenberg,tommy eichenberg,LB,LVR,2026-09-06T23:42:28.788368+00:00
00-0039858,,11742,4429834,Cedric Gray,cedric gray,LB,TEN,2026-09-06T23:42:28.788368+00:00
00-0039440,,12130,4426482,Steele Chambers,steele chambers,LB,FA,2026-09-06T23:42:28.788368+00:00
00-0039388,,11747,4566088,Jaylan Ford,jaylan ford,LB,NOS,2026-09-06T23:42:28.788368+00:00
00-0039860,,11675,4433975,Kool-Aid McKinstry,kool-aid mckinstry,CB,NOS,2026-09-06T23:42:28.788368+00:00
00-0039903,,11661,4592837,Terrion Arnold,terrion arnold,CB,SEA,2026-09-06T23:42:28.788368+00:00
00-0039343,,11685,4602699,Kamari Lassiter,kamari lassiter,CB,HOU,2026-09-06T23:42:28.788368+00:00
00-0039232,,11656,4601278,Nate Wiggins,nate wiggins,CB,BAL,2026-09-06T23:42:28.788368+00:00
00-0039239,,11830,4431433,Kalen King,kalen king,CB,ARI,2026-09-06T23:42:28.788368+00:00
00-0039841,,11678,4682618,Cooper DeJean,cooper dejean,CB,PHI,2026-09-06T23:42:28.788368+00:00
00-0039834,,11726,4596363,Kamren Kinchens,kamren kinchens,S,LAR,2026-09-06T23:42:28.788368+00:00
00-0039867,,11686,4688930,Javon Bullard,javon bullard,S,GBP,2026-09-06T23:42:28.788368+00:00
00-0039364,41006,11729,4912274,Sione Vaki,sione vaki,RB,DET,2026-09-06T23:42:28.788368+00:00
00-0039861,,11674,4430261,Tyler Nubin,tyler nubin,S,NYG,2026-09-06T23:42:28.788368+00:00
00-0039409,41062,11786,4686361,Cam Little,cam little,PK,JAC,2026-09-06T23:42:28.788368+00:00
00-0039404,41093,11792,4567104,Will Reichard,will reichard,PK,MIN,2026-09-06T23:42:28.788368+00:00
00-0039577,41476,11648,4428512,Kedon Slovis,kedon slovis,QB,GBP,2026-09-06T23:42:28.788368+00:00
00-0039228,40872,11652,5208436,Louis Rees-Zammit,louis rees-zammit,RB,FA,2026-09-06T23:42:28.788368+00:00
00-0039880,41058,11610,4569603,Malik Washington,malik washington,WR,MIA,2026-09-06T23:42:28.788368+00:00
00-0039747,41030,11615,4428532,Ainias Smith,ainias smith,WR,FA,2026-09-06T23:42:28.788368+00:00
00-0039230,40874,11654,4367510,Dante Miller,dante miller,RB,FA,2026-09-06T23:42:28.788368+00:00
00-0039363,40998,11651,4372561,Isaac Guerendo,isaac guerendo,RB,SFO,2026-09-06T23:42:28.788368+00:00
00-0039309,,11668,4570040,Byron Murphy,byron murphy,DT,SEA,2026-09-06T23:42:28.788368+00:00
00-0039888,,11662,4686273,Quinyon Mitchell,quinyon mitchell,CB,PHI,2026-09-06T23:42:28.788368+00:00
00-0039733,,11695,4430271,Ruke Orhorhoro,ruke orhorhoro,DT,JAC,2026-09-06T23:42:28.788368+00:00
00-0039906,,11699,4430560,Jer'Zhan Newton,jerzhan newton,DT,WAS,2026-09-06T23:42:28.788368+00:00
00-0039886,,11691,4428617,T'Vondre Sweat,tvondre sweat,DT,NYJ,2026-09-06T23:42:28.788368+00:00
00-0039734,,11677,4362245,Braden Fiske,braden fiske,DT,LAR,2026-09-06T23:42:28.788368+00:00
00-0039807,,11693,4698113,Max Melton,max melton,CB,ARI,2026-09-06T23:42:28.788368+00:00
00-0039850,,11687,4430438,Edgerrin Cooper,edgerrin cooper,LB,GBP,2026-09-06T23:42:28.788368+00:00
00-0039889,,11698,4431567,Maason Smith,maason smith,DT,ATL,2026-09-06T23:42:28.788368+00:00
00-0039898,,11676,4428414,Mike Sainristil,mike sainristil,CB,WAS,2026-09-06T23:42:28.788368+00:00
00-0039900,,11694,4429996,Marshawn Kneeland,marshawn kneeland,DE,DAL,2026-09-06T23:42:28.788368+00:00
00-0039872,,11682,4676004,Cole Bishop,cole bishop,S,BUF,2026-09-06T23:42:28.788368+00:00
00-0039862,,11689,4566092,Ennis Rakestraw,ennis rakestraw,CB,DET,2026-09-06T23:42:28.788368+00:00
00-0039345,,11697,4427325,Renardo Green,renardo green,CB,SFO,2026-09-06T23:42:28.788368+00:00
00-0039821,,11700,4431321,Andru Phillips,andru phillips,CB,NYG,2026-09-06T23:42:28.788368+00:00
00-0039347,,11724,4683815,Trevin Wallace,trevin wallace,LB,NYJ,2026-09-06T23:42:28.788368+00:00
00-0039838,,11710,4431517,Calen Bullock,calen bullock,S,HOU,2026-09-06T23:42:28.788368+00:00
00-0039737,40959,11716,4696700,Tip Reiman,tip reiman,TE,ARI,2026-09-06T23:42:28.788368+00:00
00-0039352,,11720,4427816,Marist Liufau,marist liufau,DE,DAL,2026-09-06T23:42:28.788368+00:00
00-0039846,,11705,4428522,Tykee Smith,tykee smith,S,TBB,2026-09-06T23:42:28.788368+00:00
00-0039823,,11717,4360203,Elijah Jones,elijah jones,CB,NYG,2026-09-06T23:42:28.788368+00:00
00-0039812,,11712,4567406,Ty'Ron Hopper,tyron hopper,LB,GBP,2026-09-06T23:42:28.788368+00:00
00-0039791,,11722,4426372,Adisa Isaac,adisa isaac,DE,FA,2026-09-06T23:42:28.788368+00:00
00-0039740,,11703,4571162,Jalyx Hunt,jalyx hunt,DE,PHI,2026-09-06T23:42:28.788368+00:00
00-0039873,,11706,4426883,DeWayne Carter,dewayne carter,DT,BUF,2026-09-06T23:42:28.788368+00:00
00-0039353,,11725,4426448,Jarrian Jones,jarrian jones,CB,JAC,2026-09-06T23:42:28.788368+00:00
00-0039354,,11713,4692680,McKinnley Jackson,mckinnley jackson,DT,FA,2026-09-06T23:42:28.788368+00:00
00-0039741,,11727,4361652,Payton Wilson,payton wilson,LB,PIT,2026-09-06T23:42:28.788368+00:00
00-0039864,,11744,4428633,Dadrion Taylor-Demerson,dadrion taylor-demerson,S,ARI,2026-09-06T23:42:28.788368+00:00
00-0039856,,11741,4688806,Khyree Jackson,khyree jackson,CB,FA,2026-09-06T23:42:28.788368+00:00
00-0039813,,11739,4428863,Evan Williams,evan williams,S,GBP,2026-09-06T23:42:28.788368+00:00
00-0039357,,11738,4605498,Decamerion Richardson,decamerion richardson,CB,NOS,2026-09-06T23:42:28.788368+00:00
00-0039743,,11736,4569448,Jordan Jefferson,jordan jefferson,DT,LAC,2026-09-06T23:42:28.788368+00:00
00-0039815,,11734,4686540,Tyrice Knight,tyrice knight,LB,SEA,2026-09-06T23:42:28.788368+00:00
00-0039793,41001,11603,4576297,AJ Barner,aj barner,TE,SEA,2026-09-06T23:42:28.788368+00:00
00-0039745,,11732,4686889,Tory Taylor,tory taylor,PN,CHI,2026-09-06T23:42:28.788368+00:00
00-0039360,,11731,4696211,Malik Mustapha,malik mustapha,S,SFO,2026-09-06T23:42:28.788368+00:00
00-0039234,,11730,4575483,T.J. Tampa,tj tampa,CB,BAL,2026-09-06T23:42:28.788368+00:00
00-0039825,,11728,4685232,Jaden Hicks,jaden hicks,S,KCC,2026-09-06T23:42:28.788368+00:00
00-0039795,,11753,4567222,Nehemiah Pritchett,nehemiah pritchett,CB,SEA,2026-09-06T23:42:28.788368+00:00
00-0039366,,11779,4432571,Tarheeb Still,tarheeb still,CB,LAC,2026-09-06T23:42:28.788368+00:00
00-0039368,,11778,4568617,Jordan Magee,jordan magee,LB,WAS,2026-09-06T23:42:28.788368+00:00
00-0039369,,11749,4427404,Cam Hart,cam hart,CB,LAC,2026-09-06T23:42:28.788368+00:00
00-0039816,41046,11762,4429684,Anthony Gould,anthony gould,WR,FA,2026-09-06T23:42:28.788368+00:00
00-0039370,,11770,4428872,JD Bertrand,jd bertrand,LB,ATL,2026-09-06T23:42:28.788368+00:00
00-0039840,,11760,4683553,Austin Booker,austin booker,DE,CHI,2026-09-06T23:42:28.788368+00:00
00-0039371,,11765,4429193,Kris Abrams-Draine,kris abrams-draine,CB,DEN,2026-09-06T23:42:28.788368+00:00
00-0039372,,11766,4426817,Jarvis Brownlee,jarvis brownlee,CB,NYJ,2026-09-06T23:42:28.788368+00:00
00-0039375,,11764,4365319,Josh Newton,josh newton,CB,CIN,2026-09-06T23:42:28.788368+00:00
00-0039377,,11777,4601021,Jaylon Carlies,jaylon carlies,LB,IND,2026-09-06T23:42:28.788368+00:00
00-0039378,,11772,4428283,Deantre Prince,deantre prince,CB,FA,2026-09-06T23:42:28.788368+00:00
00-0039836,,11751,4373471,Brennan Jackson,brennan jackson,DE,LVR,2026-09-06T23:42:28.788368+00:00
00-0039380,,11771,4697636,Chau Smith-Wade,chau smith-wade,CB,CAR,2026-09-06T23:42:28.788368+00:00
00-0039877,,11754,4427677,Mohamed Kamara,mohamed kamara,DE,FA,2026-09-06T23:42:28.788368+00:00
00-0039878,,11757,4374280,Edefuan Ulofoshio,edefuan ulofoshio,LB,CLE,2026-09-06T23:42:28.788368+00:00
00-0039381,,11750,4361094,Dominique Hampton,dominique hampton,S,TEN,2026-09-06T23:42:28.788368+00:00
00-0039383,,11775,4567225,Jaylin Simpson,jaylin simpson,CB,MIA,2026-09-06T23:42:28.788368+00:00
00-0039796,41033,11570,4690013,Rasheen Ali,rasheen ali,RB,BAL,2026-09-06T23:42:28.788368+00:00
00-0039384,41048,11655,4360516,Tyrone Tracy,tyrone tracy,RB,NYG,2026-09-06T23:42:28.788368+00:00
00-0039385,41041,11773,4567095,Keilan Robinson,keilan robinson,RB,FA,2026-09-06T23:42:28.788368+00:00
00-0039879,,11759,4428548,Javon Solomon,javon solomon,DE,BUF,2026-09-06T23:42:28.788368+00:00
00-0039818,,11763,4374037,Kitan Oladapo,kitan oladapo,S,GBP,2026-09-06T23:42:28.788368+00:00
00-0039386,41045,11748,4427985,Bub Means,bub means,WR,FA,2026-09-06T23:42:28.788368+00:00
00-0039798,41031,11571,4695404,Isaiah Davis,isaiah davis,RB,NYJ,2026-09-06T23:42:28.788368+00:00
00-0039387,,11769,4431006,Caelen Carson,caelen carson,CB,DAL,2026-09-06T23:42:28.788368+00:00
00-0039789,,11755,5208977,Qwan'tez Stiggers,qwantez stiggers,CB,NYJ,2026-09-06T23:42:28.788368+00:00
00-0039389,,11811,4569474,Logan Lee,logan lee,DT,PIT,2026-09-06T23:42:28.788368+00:00
00-0039390,,11809,4875079,Marcellas Dial,marcellas dial,CB,NEP,2026-09-06T23:42:28.788368+00:00
00-0039391,41052,11647,4430968,Kimani Vidal,kimani vidal,RB,LAC,2026-09-06T23:42:28.788368+00:00
00-0039392,41065,11808,4427575,Jha'Quan Jackson,jhaquan jackson,WR,FA,2026-09-06T23:42:28.788368+00:00
00-0039829,,11807,4428072,Darius Muasau,darius muasau,LB,NEP,2026-09-06T23:42:28.788368+00:00
00-0039394,41074,11806,4428796,Casey Washington,casey washington,WR,FA,2026-09-06T23:42:28.788368+00:00
00-0039395,,11805,4427479,Jamal Hill,jamal hill,LB,FA,2026-09-06T23:42:28.788368+00:00
00-0039396,,11804,4586333,Mekhi Wingo,mekhi wingo,DT,DET,2026-09-06T23:42:28.788368+00:00
00-0039397,41079,11802,4875912,Tejhaun Palmer,tejhaun palmer,WR,FA,2026-09-06T23:42:28.788368+00:00
00-0039800,,11801,4429891,D.J. James,dj james,CB,FA,2026-09-06T23:42:28.788368+00:00
00-0039399,41066,11598,4384171,Tanner McLachlan,tanner mclachlan,TE,FA,2026-09-06T23:42:28.788368+00:00
00-0039748,,11800,4685092,Ryan Watts,ryan watts,S,FA,2026-09-06T23:42:28.788368+00:00
00-0039749,,11799,4568217,Tyler Davis,tyler davis,DT,LAR,2026-09-06T23:42:28.788368+00:00
00-0039400,,11798,4427826,Zion Logue,zion logue,DT,FA,2026-09-06T23:42:28.788368+00:00
00-0039881,,11797,4430158,Patrick McMorris,patrick mcmorris,S,NYG,2026-09-06T23:42:28.788368+00:00
00-0039401,,11796,4384595,Khristian Boyd,khristian boyd,DT,NOS,2026-09-06T23:42:28.788368+00:00
00-0039402,,11795,4362910,Jaden Crumedy,jaden crumedy,DT,FA,2026-09-06T23:42:28.788368+00:00
00-0039403,,11794,4427563,Micah Abraham,micah abraham,CB,FA,2026-09-06T23:42:28.788368+00:00
00-0039405,41064,11588,4429939,Jawhar Jordan,jawhar jordan,RB,FA,2026-09-06T23:42:28.788368+00:00
00-0039406,,11790,4362895,Nathaniel Watson,nathaniel watson,LB,FA,2026-09-06T23:42:28.788368+00:00
00-0039750,41081,11789,4566192,Joshua Karty,joshua karty,PK,FA,2026-09-06T23:42:28.788368+00:00
00-0039831,,11787,4427356,Kamal Hadden,kamal hadden,CB,GBP,2026-09-06T23:42:28.788368+00:00
00-0039752,,11785,4430065,Cedric Johnson,cedric johnson,DE,CIN,2026-09-06T23:42:28.788368+00:00
00-0039410,41087,11783,5083754,Ryan Flournoy,ryan flournoy,WR,DAL,2026-09-06T23:42:28.788368+00:00
00-0039883,,11781,4429743,Daequan Hardy,daequan hardy,CB,BUF,2026-09-06T23:42:28.788368+00:00
00-0039412,,11816,4361357,Javontae Jean-Baptiste,javontae jean-baptiste,DE,WAS,2026-09-06T23:42:28.788368+00:00
00-0039413,,11826,4693816,Trey Taylor,trey taylor,S,FA,2026-09-06T23:42:28.788368+00:00
00-0039414,,11831,4874448,Daijahn Anthony,daijahn anthony,S,FA,2026-09-06T23:42:28.788368+00:00
00-0039416,,11837,4426435,Jaden Davis,jaden davis,CB,ARI,2026-09-06T23:42:28.788368+00:00
00-0039417,,11836,4695783,Myles Harden,myles harden,CB,CLE,2026-09-06T23:42:28.788368+00:00
00-0039418,,11825,4427068,M.J. Devonshire,mj devonshire,CB,LVR,2026-09-06T23:42:28.788368+00:00
00-0039421,,11819,5093973,Levi Drake-Rodriguez,levi drake rodriguez,DT,MIN,2026-09-06T23:42:28.788368+00:00
00-0039423,,11827,4373956,Jonah Laulu,jonah laulu,DT,LVR,2026-09-06T23:42:28.788368+00:00
00-0039424,41097,11834,4569559,Devaughn Vele,devaughn vele,WR,NOS,2026-09-06T23:42:28.788368+00:00
00-0039425,,11844,4365303,Myles Cole,myles cole,DE,FA,2026-09-06T23:42:28.788368+00:00
00-0039427,,11829,4361689,Solomon Byrd,solomon byrd,DE,HOU,2026-09-06T23:42:28.788368+00:00
00-0039429,,11843,4372062,Michael Barrett,michael barrett,LB,FA,2026-09-06T23:42:28.788368+00:00
00-0039884,41104,11821,4567506,Tahj Washington,tahj washington,WR,FA,2026-09-06T23:42:28.788368+00:00
00-0039430,,11847,4431613,James Williams,james williams,LB,TEN,2026-09-06T23:42:28.788368+00:00
00-0039431,,11846,4426676,Jowon Briggs,jowon briggs,DT,NYJ,2026-09-06T23:42:28.788368+00:00
00-0039432,,11839,4692185,Justin Rogers,justin rogers,DT,FA,2026-09-06T23:42:28.788368+00:00
00-0039754,41120,11820,4361112,Devin Culp,devin culp,TE,TBB,2026-09-06T23:42:28.788368+00:00
00-0039433,,11828,4573152,Marcus Harris,marcus harris,DT,NEP,2026-09-06T23:42:28.788368+00:00
00-0039235,,11841,4430118,Sanoussi Kane,sanoussi kane,S,FA,2026-09-06T23:42:28.788368+00:00
00-0039435,,11842,4426698,Tatum Bethune,tatum bethune,LB,SFO,2026-09-06T23:42:28.788368+00:00
00-0039436,,11835,4429058,Jaylen Harrell,jaylen harrell,DE,TEN,2026-09-06T23:42:28.788368+00:00
00-0039437,41099,11815,4426479,Cornelius Johnson,cornelius johnson,WR,FA,2026-09-06T23:42:28.788368+00:00
00-0039802,,11822,4363417,Jaylen Key,jaylen key,S,CIN,2026-09-06T23:42:28.788368+00:00
00-0039573,41388,11568,4361604,Blake Watson,blake watson,RB,FA,2026-09-06T23:42:28.788368+00:00
00-0039464,41220,11931,4368343,Austin Reed,austin reed,QB,FA,2026-09-06T23:42:28.788368+00:00
00-0039503,41302,12013,4775270,Jaden Shirden,jaden shirden,RB,FA,2026-09-06T23:42:28.788368+00:00
00-0039552,41411,12114,4426893,Joshua Cephus,joshua cephus,WR,JAC,2026-09-06T23:42:28.788368+00:00
00-0039613,41180,11606,4373634,Dallin Holker,dallin holker,TE,FA,2026-09-06T23:42:28.788368+00:00
00-0039529,,12007,4428211,Nathaniel Peat,nathaniel peat,RB,FA,2026-09-06T23:42:28.788368+00:00
00-0039491,41293,11646,4695883,Jalen Coker,jalen coker,WR,CAR,2026-09-06T23:42:28.788368+00:00
00-0039244,,11963,4698191,Chris Collier,chris collier,RB,LVR,2026-09-06T23:42:28.788368+00:00
00-0039684,41234,11943,4569156,Michael Wiley,michael wiley,RB,FA,2026-09-06T23:42:28.788368+00:00
00-0039278,,12029,4360818,Tyler Harrell,tyler harrell,WR,FA,2026-09-06T23:42:28.788368+00:00
00-0039455,41134,11857,4429610,Daijun Edwards,daijun edwards,RB,FA,2026-09-06T23:42:28.788368+00:00
00-0039699,,11924,4360271,Tanner Mordecai,tanner mordecai,QB,FA,2026-09-06T23:42:28.788368+00:00
00-0039318,,12164,4429097,Curtis Jacobs,curtis jacobs,LB,FA,2026-09-06T23:42:28.788368+00:00
00-0039603,,12171,4373273,British Brooks,british brooks,RB,HOU,2026-09-06T23:42:28.788368+00:00
00-0039289,,12031,4431598,Leonard Taylor,leonard taylor,DT,NEP,2026-09-06T23:42:28.788368+00:00
00-0039683,41239,11946,4429019,Marcus Rosemy-Jacksaint,marcus rosemy-jacksaint,WR,FA,2026-09-06T23:42:28.788368+00:00
00-0039241,,11951,4429291,Beau Brade,beau brade,S,FA,2026-09-06T23:42:28.788368+00:00
00-0039259,41262,11964,4428763,Dayton Wade,dayton wade,WR,FA,2026-09-06T23:42:28.788368+00:00
00-0039562,,12224,5089537,David White,david white,WR,FA,2026-09-06T23:42:28.788368+00:00
00-0039621,,11901,5209803,Kyle Sheets,kyle sheets,WR,FA,2026-09-06T23:42:28.788368+00:00
00-0039661,,11864,4368315,Zach Heins,zach heins,TE,FA,2026-09-06T23:42:28.788368+00:00
00-0039516,,12080,4430404,Aidan Robbins,aidan robbins,RB,FA,2026-09-06T23:42:28.788368+00:00
00-0039678,,11947,4569330,Austin Jones,austin jones,RB,FA,2026-09-06T23:42:28.788368+00:00
00-0039728,41503,12212,4426367,Austin Stogner,austin stogner,TE,FA,2026-09-06T23:42:28.788368+00:00
00-0039637,,12057,4428125,Maema Njongmeta,maema njongmeta,LB,FA,2026-09-06T23:42:28.788368+00:00
00-0039766,,12402,4250013,Ramon Jefferson,ramon jefferson,RB,FA,2026-09-06T23:42:28.788368+00:00
00-0039730,,11941,4576845,Isaiah Wooden,isaiah wooden,WR,FA,2026-09-06T23:42:28.788368+00:00
00-0039648,,12357,4360978,David Martin-Robinson,david martin-robinson,TE,TEN,2026-09-06T23:42:28.788368+00:00
00-0039606,,12172,4686263,Pheldarius Payne,pheldarius payne,DT,FA,2026-09-06T23:42:28.788368+00:00
00-0039541,41163,11886,4429153,Lideatrick Griffin,lideatrick griffin,WR,FA,2026-09-06T23:42:28.788368+00:00
00-0039626,,12210,5192448,Cole Burgess,cole burgess,WR,PIT,2026-09-06T23:42:28.788368+00:00
00-0039585,,11990,4427291,Kalen DeLoach,kalen deloach,LB,FA,2026-09-06T23:42:28.788368+00:00
00-0039565,,12111,4428241,Levelle Bailey,levelle bailey,LB,DEN,2026-09-06T23:42:28.788368+00:00
00-0039473,41274,11969,4385430,Xavier Johnson,xavier johnson,WR,FA,2026-09-06T23:42:28.788368+00:00
00-0039702,,12068,4911517,Mason Pline,mason pline,TE,FA,2026-09-06T23:42:28.788368+00:00
00-0039305,41352,12045,4361100,Jack Westover,jack westover,TE,WAS,2026-09-06T23:42:28.788368+00:00
00-0039773,41453,12133,4360282,Drake Stoops,drake stoops,WR,FA,2026-09-06T23:42:28.788368+00:00
00-0039707,,11907,4361348,Dallas Gant,dallas gant,LB,FA,2026-09-06T23:42:28.788368+00:00
00-0039865,,12420,5214652,Gable Steveson,gable steveson,DT,FA,2026-09-06T23:42:28.788368+00:00
00-0039498,,12015,4574716,Harrison Mevis,harrison mevis,PK,LAR,2026-09-06T23:42:28.788368+00:00
00-0039777,,12139,4427822,Kenny Logan,kenny logan,S,FA,2026-09-06T23:42:28.788368+00:00
00-0039869,,12421,5215032,David Wallis,david wallis,WR,FA,2026-09-06T23:42:28.788368+00:00
00-0039914,,12370,5215426,Praise Olatoke,praise olatoke,WR,FA,2026-09-06T23:42:28.788368+00:00
00-0039934,,12385,5092436,Jude McAtamney,jude mcatamney,PK,NYG,2026-09-06T23:42:28.788368+00:00
00-0039701,,11925,4571579,Terique Owens,terique owens,WR,FA,2026-09-06T23:42:28.788368+00:00
00-0039477,,12005,4876013,Jack Browning,jack browning,PN,FA,2026-09-06T23:42:28.788368+00:00
00-0039296,,12242,4427265,Easton Gibbs,easton gibbs,LB,FA,2026-09-06T23:42:28.788368+00:00
00-0039263,,12070,4372741,McCallan Castles,mccallan castles,TE,FA,2026-09-06T23:42:28.788368+00:00
00-0039709,41203,11906,4575116,Ty James,ty james,WR,FA,2026-09-06T23:42:28.788368+00:00
00-0039623,41188,11895,4573697,Mason Tipton,mason tipton,WR,NOS,2026-09-06T23:42:28.788368+00:00
00-0039595,,11989,4567216,D.J. Williams,dj williams,RB,FA,2026-09-06T23:42:28.788368+00:00
00-0039543,41162,11885,4426399,Ramel Keyton,ramel keyton,WR,FA,2026-09-06T23:42:28.788368+00:00
00-0039454,,11860,4363052,Beanie Bishop,beanie bishop,CB,CHI,2026-09-06T23:42:28.788368+00:00
00-0039334,,12270,4361607,Andrew Peasley,andrew peasley,QB,FA,2026-09-06T23:42:28.788368+00:00
00-0039718,,11929,4875564,Bo Richter,bo richter,DE,MIN,2026-09-06T23:42:28.788368+00:00
00-0039774,,12140,4428550,Omar Speights,omar speights,LB,LAR,2026-09-06T23:42:28.788368+00:00
00-0039466,,12036,4579554,Ian Wheeler,ian wheeler,RB,FA,2026-09-06T23:42:28.788368+00:00
00-0039763,,12397,4366349,Joe Andreessen,joe andreessen,LB,BUF,2026-09-06T23:42:28.788368+00:00
00-0039649,,11949,4361765,Brayden Narveson,brayden narveson,PK,FA,2026-09-06T23:42:28.788368+00:00
00-0039945,,12438,4361831,Alex Hale,alex hale,PK,FA,2026-09-06T23:42:28.788368+00:00
00-0039764,,12319,4429392,Elijah Chatman,elijah chatman,DE,CLE,2026-09-06T23:42:28.788368+00:00
00-0039575,,12190,4360900,Jason Bean,jason bean,QB,FA,2026-09-06T23:42:28.788368+00:00
00-0039465,,12037,4428584,Reddy Steward,reddy steward,CB,FA,2026-09-06T23:42:28.788368+00:00
00-0039681,,11934,4572460,Tyler Owens,tyler owens,S,WAS,2026-09-06T23:42:28.788368+00:00
00-0039534,41133,11851,4362260,Carter Bradley,carter bradley,QB,JAC,2026-09-06T23:42:28.788368+00:00
00-0039589,,11994,5097554,Kameron Johnson,kameron johnson,WR,TBB,2026-09-06T23:42:28.788368+00:00
00-0039539,,11855,4360469,Amari Gainer,amari gainer,LB,NEP,2026-09-06T23:42:28.788368+00:00
00-0039333,,12269,4576069,Brandon Codrington,brandon codrington,CB,SFO,2026-09-06T23:42:28.788368+00:00
00-0039611,,11898,4571597,Matthew Hayball,matthew hayball,PN,FA,2026-09-06T23:42:28.788368+00:00
00-0039323,,12163,4608820,Ryan Rehkow,ryan rehkow,PN,CIN,2026-09-06T23:42:28.788368+00:00
00-0039720,,11930,4361114,Taki Taimani,taki taimani,DT,MIN,2026-09-06T23:42:28.788368+00:00
00-0039481,,12147,4427103,Storm Duck,storm duck,CB,MIA,2026-09-06T23:42:28.788368+00:00
00-0039714,,11905,4429128,Dwight McGlothern,dwight mcglothern,CB,FA,2026-09-06T23:42:28.788368+00:00
00-0039586,,11993,4367330,Tyrek Funderburk,tyrek funderburk,CB,CAR,2026-09-06T23:42:28.788368+00:00
00-0039291,,12238,4569016,Eric Watts,eric watts,DE,NYJ,2026-09-06T23:42:28.788368+00:00
00-0039284,,12030,4429005,Braiden McGregor,braiden mcgregor,DE,NYJ,2026-09-06T23:42:28.788368+00:00
00-0039306,,12050,5081362,Dee Williams,dee williams,CB,CLE,2026-09-06T23:42:28.788368+00:00
00-0039576,,12185,4571557,Spencer Shrader,spencer shrader,PK,IND,2026-09-06T23:42:28.788368+00:00
00-0039620,,11899,4368350,Rico Payton,rico payton,CB,NYG,2026-09-06T23:42:28.788368+00:00
00-0039686,,11942,4361088,Colson Yankoff,colson yankoff,TE,WAS,2026-09-06T23:42:28.788368+00:00
00-0039692,,12115,4428232,Dell Pettus,dell pettus,S,NEP,2026-09-06T23:42:28.788368+00:00
00-0039324,,12183,4428383,Chris Roland-Wallace,christian roland-wallace,CB,KCC,2026-09-06T23:42:28.788368+00:00
00-0039622,,11893,4361194,Isaiah Stalbird,isaiah stalbird,LB,NOS,2026-09-06T23:42:28.788368+00:00
00-0039776,,12142,4427120,Jaylen McCollough,jaylen mccollough,S,LAR,2026-09-06T23:42:28.788368+00:00
00-0039770,,12137,4368113,Charles Woods,charles woods,CB,NEP,2026-09-06T23:42:28.788368+00:00
00-0038778,,11328,4360277,Jalen Redmond,jalen redmond,DT,MIN,2026-09-06T23:42:28.788368+00:00
00-0039660,,11872,4569323,Thomas Harper,thomas harper,S,DET,2026-09-06T23:42:28.788368+00:00
00-0039601,,12011,4426926,Demani Richardson,demani richardson,S,FA,2026-09-06T23:42:28.788368+00:00
00-0039780,,12230,4427752,Cam Lampkin,cam lampkin,CB,LAR,2026-09-06T23:42:28.788368+00:00
00-0039697,,12345,4567534,Jaylen Mahoney,jaylen mahoney,S,SFO,2026-09-06T23:42:28.788368+00:00
00-0039696,,11923,4612182,Evan Anderson,evan anderson,DT,SFO,2026-09-06T23:42:28.788368+00:00
00-0039772,,12132,4572371,Josh Wallace,josh wallace,CB,LAR,2026-09-06T23:42:28.788368+00:00
00-0039587,,11986,4360864,Antonio Grier,antonio grier,LB,FA,2026-09-06T23:42:28.788368+00:00
00-0039757,,12412,4427600,Terrell Jennings,terrell jennings,RB,FA,2026-09-06T23:42:28.788368+00:00
00-0039450,,12128,4249608,Isaac Ukwu,isaac ukwu,DE,FA,2026-09-06T23:42:28.788368+00:00
00-0039458,,12374,4362603,Brenden Bates,brenden bates,TE,FA,2026-09-06T23:42:28.788368+00:00
00-0039614,,11897,4698301,Jermaine Jackson,jermaine jackson,WR,FA,2026-09-06T23:42:28.788368+00:00
00-0039457,,11861,4428909,Jacoby Windmon,jacoby windmon,LB,PIT,2026-09-06T23:42:28.788368+00:00
00-0039245,,12243,5085881,Bump Cooper,bump cooper,CB,SEA,2026-09-06T23:42:28.788368+00:00
00-0039285,,12056,4430182,Jarius Monroe,jarius monroe,S,NYJ,2026-09-06T23:42:28.788368+00:00
00-0039650,,11959,4362617,Bryce Oliver,bryce oliver,WR,CLE,2026-09-06T23:42:28.788368+00:00
00-0039631,,12062,4700712,Cam Grandy,cam grandy,TE,MIN,2026-09-06T23:42:28.788368+00:00
00-0039610,,11896,4569352,Millard Bradford,millard bradford,S,NOS,2026-09-06T23:42:28.788368+00:00
00-0039532,,12089,4872841,Julius Wood,julius wood,S,TEN,2026-09-06T23:42:28.788368+00:00
00-0039510,,12096,4361189,Casey Rogers,casey rogers,DT,NYG,2026-09-06T23:42:28.788368+00:00
00-0039267,,12102,4250510,Andre' Sam,andre sam,S,PHI,2026-09-06T23:42:28.788368+00:00
00-0039313,,12255,4570546,Swayze Bozeman,swayze bozeman,LB,CIN,2026-09-06T23:42:28.788368+00:00
00-0039453,,12160,4880777,Morice Norris,morice norris,CB,DET,2026-09-06T23:42:28.788368+00:00
00-0039617,,11900,4240911,Jacob Kibodi,jacob kibodi,RB,FA,2026-09-06T23:42:28.788368+00:00
00-0039312,,12182,4372413,Miles Battle,miles battle,CB,NEP,2026-09-06T23:42:28.788368+00:00
00-0039640,,11974,4427108,Khalid Duke,khalid duke,LB,TEN,2026-09-06T23:42:28.788368+00:00
00-0039292,,12234,4371336,Shemar Bartholomew,shemar bartholomew,CB,GBP,2026-09-06T23:42:28.788368+00:00
00-0039494,,12391,4574008,Kenny Dyson,kenny dyson,LB,CAR,2026-09-06T23:42:28.788368+00:00
00-0039448,,12161,4917439,Loren Strickland,loren strickland,S,DET,2026-09-06T23:42:28.788368+00:00
00-0039483,,12124,4367699,Isaiah Johnson,isaiah johnson,CB,MIA,2026-09-06T23:42:28.788368+00:00
00-0039486,,12146,4428077,Grayson Murphy,grayson murphy,LB,FA,2026-09-06T23:42:28.788368+00:00
00-0039634,,12076,4427982,Austin McNamara,austin mcnamara,PN,NYJ,2026-09-06T23:42:28.788368+00:00
00-0039632,,12058,4429946,PJ Jules,pj jules,S,CIN,2026-09-06T23:42:28.788368+00:00
00-0039526,,12087,4361437,Emany Johnson,emany johnson,LB,FA,2026-09-06T23:42:28.788368+00:00
00-0039480,,,4367504,Jordan Colbert,jordan colbert,S,MIA,2026-09-06T23:42:28.788368+00:00
00-0039460,,,4569428,Carl Jones,carl jones,LB,FA,2026-09-06T23:42:28.788368+00:00
00-0039783,,12138,4372378,Anthony Goodlow,anthony goodlow,DE,CAR,2026-09-06T23:42:28.788368+00:00
00-0039176,,,5144942,CJ Okoye,cj okoye,DT,NYG,2026-09-06T23:42:28.788368+00:00
00-0039288,,,4361101,Jackson Sirmon,jackson sirmon,LB,NYJ,2026-09-06T23:42:28.788368+00:00
00-0036775,33710,7865,4240577,Brandon Smith,brandon smith,WR,PIT,2026-09-06T23:42:28.788368+00:00
00-0039207,,,4360638,Durell Nchami,durell nchami,LB,IND,2026-09-06T23:42:28.788368+00:00
00-0039513,,,4572922,Christopher Edmonds,christopher edmonds,S,CLE,2026-09-06T23:42:28.788368+00:00
00-0038366,,,4361651,Tanner Ingle,tanner ingle,S,LAR,2026-09-06T23:42:28.788368+00:00
00-0039229,,,5208518,Charlie Smyth,charlie smyth,PK,NOS,2026-09-06T23:42:28.788368+00:00
00-0038521,,,4371946,Reese Taylor,reese taylor,CB,DEN,2026-09-06T23:42:28.788368+00:00
00-0037015,33932,8089,4242536,Sal Cannella,sal cannella,TE,FA,2026-09-06T23:42:28.788368+00:00
00-0039710,,,4360637,Jeshaun Jones,jeshaun jones,WR,MIN,2026-09-06T23:42:28.788368+00:00
00-0038400,40220,9230,4685201,Tanner McKee,tanner mckee,QB,PHI,2026-09-06T23:42:28.788368+00:00
00-0037527,34322,8620,4260703,Segun Olubi,segun olubi,LB,LVR,2026-09-06T23:42:28.788368+00:00
00-0039150,40029,9228,4685720,Bryce Young,bryce young,QB,CAR,2026-09-06T23:42:28.788368+00:00
00-0039152,40068,9999,4361418,Will Levis,will levis,QB,FA,2026-09-06T23:42:28.788368+00:00
00-0039163,40030,9758,4432577,C.J. Stroud,cj stroud,QB,HOU,2026-09-06T23:42:28.788368+00:00
00-0038550,40096,9998,4240858,Hendon Hooker,hendon hooker,QB,TEN,2026-09-06T23:42:28.788368+00:00
00-0039164,40040,9229,4429084,Anthony Richardson,anthony richardson,QB,IND,2026-09-06T23:42:28.788368+00:00
00-0039107,40153,10857,4259553,Stetson Bennett,stetson bennett,QB,LAR,2026-09-06T23:42:28.788368+00:00
00-0038598,40185,9231,4373632,Jaren Hall,jaren hall,QB,FA,2026-09-06T23:42:28.788368+00:00
00-0038637,40272,10233,4427105,Max Duggan,max duggan,QB,FA,2026-09-06T23:42:28.788368+00:00
00-0038998,40144,10215,4243322,Jake Haener,jake haener,QB,NYG,2026-09-06T23:42:28.788368+00:00
00-0038911,40290,10860,4240069,Malik Cunningham,malik cunningham,WR,FA,2026-09-06T23:42:28.788368+00:00
00-0038583,40195,10862,4367178,Dorian Thompson-Robinson,dorian thompson-robinson,QB,FA,2026-09-06T23:42:28.788368+00:00
00-0038579,40138,10866,4260394,Aidan O'Connell,aidan oconnell,QB,LVR,2026-09-06T23:42:28.788368+00:00
00-0038582,40188,10217,4360175,Clayton Tune,clayton tune,QB,FA,2026-09-06T23:42:28.788368+00:00
00-0038542,40055,9509,4430807,Bijan Robinson,bijan robinson,RB,ATL,2026-09-06T23:42:28.788368+00:00
00-0039139,40059,9221,4429795,Jahmyr Gibbs,jahmyr gibbs,RB,DET,2026-09-06T23:42:28.788368+00:00
00-0039136,40243,9222,4685035,Zach Evans,zach evans,RB,FA,2026-09-06T23:42:28.788368+00:00
00-0038555,40095,9225,4429013,Tank Bigsby,tank bigsby,RB,PHI,2026-09-06T23:42:28.788368+00:00
00-0039032,40119,9508,4428557,Tyjae Spears,tyjae spears,RB,TEN,2026-09-06T23:42:28.788368+00:00
00-0038951,40742,9506,4430871,Sean Tucker,sean tucker,RB,TBB,2026-09-06T23:42:28.788368+00:00
00-0039040,40118,9226,4429160,De'Von Achane,devon achane,RB,MIA,2026-09-06T23:42:28.788368+00:00
00-0038389,40165,9227,4429202,Israel Abanikanda,israel abanikanda,RB,FA,2026-09-06T23:42:28.788368+00:00
00-0039165,40075,9753,4426385,Zach Charbonnet,zach charbonnet,RB,SEA,2026-09-06T23:42:28.788368+00:00
00-0038636,40267,10216,4427391,Kenny McIntosh,kenny mcintosh,RB,FA,2026-09-06T23:42:28.788368+00:00
00-0038551,40108,9757,4599739,Kendre Miller,kendre miller,RB,NOS,2026-09-06T23:42:28.788368+00:00
00-0038656,40586,10651,4240750,Mohamed Ibrahim,mohamed ibrahim,RB,FA,2026-09-06T23:42:28.788368+00:00
00-0038396,40198,10223,4570561,Eric Gray,eric gray,RB,FA,2026-09-06T23:42:28.788368+00:00
00-0038611,40231,10219,4362619,Chris Rodriguez,chris rodriguez,RB,JAC,2026-09-06T23:42:28.788368+00:00
00-0039021,40162,10235,4426386,Roschon Johnson,roschon johnson,RB,CHI,2026-09-06T23:42:28.788368+00:00
00-0038622,40240,9505,4431453,Deuce Vaughn,deuce vaughn,RB,FA,2026-09-06T23:42:28.788368+00:00
00-0038495,,10865,,Travis Dye,travis dye,RB,FA,2026-09-06T23:42:28.788368+00:00
00-0038454,40641,9511,4596334,Keaton Mitchell,keaton mitchell,RB,LAC,2026-09-06T23:42:28.788368+00:00
00-0039046,40285,9512,4430388,DeWayne McBride,dewayne mcbride,RB,FA,2026-09-06T23:42:28.788368+00:00
00-0038397,40169,9220,4569609,Evan Hull,evan hull,RB,FA,2026-09-06T23:42:28.788368+00:00
00-0038597,40196,9224,4362238,Chase Brown,chase brown,RB,CIN,2026-09-06T23:42:28.788368+00:00
00-0038777,40587,10211,,Camerun Peoples,camerun peoples,RB,FA,2026-09-06T23:42:28.788368+00:00
00-0038938,40128,9497,4692590,Jalin Hyatt,jalin hyatt,WR,NYG,2026-09-06T23:42:28.788368+00:00
00-0039146,40063,10222,4362249,Jayden Reed,jayden reed,WR,GBP,2026-09-06T23:42:28.788368+00:00
00-0038543,40041,9488,4430878,Jaxon Smith-Njigba,jaxon smith-njigba,WR,SEA,2026-09-06T23:42:28.788368+00:00
00-0038994,40042,9756,4429205,Jordan Addison,jordan addison,WR,MIN,2026-09-06T23:42:28.788368+00:00
00-0038997,40126,9500,4688813,Josh Downs,josh downs,WR,IND,2026-09-06T23:42:28.788368+00:00
00-0038544,40051,9754,4429025,Quentin Johnston,quentin johnston,WR,LAC,2026-09-06T23:42:28.788368+00:00
00-0038976,40090,9494,4686472,Marvin Mims,marvin mims,WR,DEN,2026-09-06T23:42:28.788368+00:00
00-0039064,40039,9997,4429615,Zay Flowers,zay flowers,WR,BAL,2026-09-06T23:42:28.788368+00:00
00-0038979,40093,10444,4369863,Cedric Tillman,cedric tillman,WR,FA,2026-09-06T23:42:28.788368+00:00
00-0038606,40234,9487,4432620,Parker Washington,parker washington,WR,JAC,2026-09-06T23:42:28.788368+00:00
00-0038608,40224,9504,4429022,Kayshon Boutte,kayshon boutte,WR,HOU,2026-09-06T23:42:28.788368+00:00
00-0039067,40084,10229,4428331,Rashee Rice,rashee rice,WR,KCC,2026-09-06T23:42:28.788368+00:00
00-0038393,40201,9486,4428850,Dontayvion Wicks,dontayvion wicks,WR,PHI,2026-09-06T23:42:28.788368+00:00
00-0038612,40242,10863,4362019,A.T. Perry,at perry,WR,FA,2026-09-06T23:42:28.788368+00:00
00-0039062,40073,10225,4426485,Jonathan Mingo,jonathan mingo,WR,DAL,2026-09-06T23:42:28.788368+00:00
00-0038821,40671,9495,4429006,Rakim Jarrett,rakim jarrett,WR,PIT,2026-09-06T23:42:28.788368+00:00
00-0039052,40223,9492,4426407,Trey Palmer,trey palmer,WR,NOS,2026-09-06T23:42:28.788368+00:00
00-0038447,40642,11382,,Dontay Demus,dontay demus,WR,FA,2026-09-06T23:42:28.788368+00:00
00-0038618,40232,10218,4686422,Xavier Hutchinson,xavier hutchinson,WR,HOU,2026-09-06T23:42:28.788368+00:00
00-0038647,40279,10221,4372063,Ronnie Bell,ronnie bell,WR,FA,2026-09-06T23:42:28.788368+00:00
00-0038576,40158,10228,4257188,Charlie Jones,charlie jones,WR,FA,2026-09-06T23:42:28.788368+00:00
00-0038977,40097,9502,4366031,Tank Dell,tank dell,WR,HOU,2026-09-06T23:42:28.788368+00:00
00-0038941,40141,9490,4565908,Tyler Scott,tyler scott,WR,FA,2026-09-06T23:42:28.788368+00:00
00-0038559,40121,10232,4360761,Michael Wilson,michael wilson,WR,ARI,2026-09-06T23:42:28.788368+00:00
00-0038619,40211,10226,4368003,Andrei Iosivas,andrei iosivas,WR,CIN,2026-09-06T23:42:28.788368+00:00
00-0038483,40515,9498,,Jadon Haselwood,jadon haselwood,WR,FA,2026-09-06T23:42:28.788368+00:00
00-0038590,40167,9489,4361426,Justin Shorter,justin shorter,WR,LVR,2026-09-06T23:42:28.788368+00:00
00-0039075,40168,9493,4426515,Puka Nacua,puka nacua,WR,LAR,2026-09-06T23:42:28.788368+00:00
00-0039066,40065,9482,4429086,Michael Mayer,michael mayer,TE,LVR,2026-09-06T23:42:28.788368+00:00
00-0038933,40048,10236,4385690,Dalton Kincaid,dalton kincaid,TE,BUF,2026-09-06T23:42:28.788368+00:00
00-0039065,40064,10859,4430027,Sam LaPorta,sam laporta,TE,DET,2026-09-06T23:42:28.788368+00:00
00-0039144,40074,9481,4428085,Luke Musgrave,luke musgrave,TE,GBP,2026-09-06T23:42:28.788368+00:00
00-0038558,40094,9479,4430802,Darnell Washington,darnell washington,TE,PIT,2026-09-06T23:42:28.788368+00:00
00-0038564,40101,10210,4372026,Cameron Latu,cameron latu,TE,NEP,2026-09-06T23:42:28.788368+00:00
00-0039050,40193,10227,4372505,Payne Durham,payne durham,TE,TBB,2026-09-06T23:42:28.788368+00:00
00-0039074,40164,10214,4426553,Davis Allen,davis allen,TE,LAR,2026-09-06T23:42:28.788368+00:00
00-0038394,40180,10220,4362523,Will Mallory,will mallory,TE,IND,2026-09-06T23:42:28.788368+00:00
00-0038547,40061,10871,4372096,Luke Schoonmaker,luke schoonmaker,TE,DAL,2026-09-06T23:42:28.788368+00:00
00-0038996,40102,9484,4572680,Tucker Kraft,tucker kraft,TE,GBP,2026-09-06T23:42:28.788368+00:00
00-0039108,40031,10892,4685724,Will Anderson,will anderson,DE,HOU,2026-09-06T23:42:28.788368+00:00
00-0038546,40057,10875,4428985,Myles Murphy,myles murphy,DE,CIN,2026-09-06T23:42:28.788368+00:00
00-0039155,40088,10908,4429111,BJ Ojulari,bj ojulari,DE,FA,2026-09-06T23:42:28.788368+00:00
00-0038541,40043,10889,4372533,Tyree Wilson,tyree wilson,DE,NOS,2026-09-06T23:42:28.788368+00:00
00-0038980,40115,10934,4426412,Zach Harrison,zach harrison,DT,ATL,2026-09-06T23:42:28.788368+00:00
00-0039013,40054,10873,4426331,Nolan Smith,nolan smith,DE,PHI,2026-09-06T23:42:28.788368+00:00
00-0038801,,11084,4577333,Andre Carter,andre carter,DE,WAS,2026-09-06T23:42:28.788368+00:00
00-0039112,40037,10885,4686906,Lukas Van Ness,lukas van ness,DE,GBP,2026-09-06T23:42:28.788368+00:00
00-0039003,40109,10929,4685721,Drew Sanders,drew sanders,LB,DEN,2026-09-06T23:42:28.788368+00:00
00-0038591,,10982,4572055,Mike Morris,mike morris,DT,SEA,2026-09-06T23:42:28.788368+00:00
00-0038386,40035,10888,4685759,Jalen Carter,jalen carter,DT,PHI,2026-09-06T23:42:28.788368+00:00
00-0038504,40116,10935,4430831,Trenton Simpson,trenton simpson,LB,BAL,2026-09-06T23:42:28.788368+00:00
00-0039047,40070,10911,4567226,Derick Hall,derick hall,DE,SEA,2026-09-06T23:42:28.788368+00:00
00-0038599,40189,10970,4426350,Henry To'oTo'o,henry tootoo,LB,HOU,2026-09-06T23:42:28.788368+00:00
00-0038600,40200,10969,4567219,Owen Pappoe,owen pappoe,LB,TEN,2026-09-06T23:42:28.788368+00:00
00-0038390,40172,10984,4430822,Noah Sewell,noah sewell,LB,CHI,2026-09-06T23:42:28.788368+00:00
00-0039018,40036,10880,4569465,Jack Campbell,jack campbell,LB,DET,2026-09-06T23:42:28.788368+00:00
00-0039167,40089,10913,4426506,Joey Porter Jr.,joey porter,CB,PIT,2026-09-06T23:42:28.788368+00:00
00-0039169,40056,10891,4575431,Devon Witherspoon,devon witherspoon,CB,SEA,2026-09-06T23:42:28.788368+00:00
00-0039140,40131,10962,4428992,Kelee Ringo,kelee ringo,CB,PHI,2026-09-06T23:42:28.788368+00:00
00-0039133,40081,10900,4570672,Cam Smith,cam smith,CB,FA,2026-09-06T23:42:28.788368+00:00
00-0039141,40067,10905,4692025,Brian Branch,brian branch,S,DET,2026-09-06T23:42:28.788368+00:00
00-0038560,40117,10927,4567098,Jordan Battle,jordan battle,S,CIN,2026-09-06T23:42:28.788368+00:00
00-0038596,40166,10974,4429168,Antonio Johnson,antonio johnson,S,JAC,2026-09-06T23:42:28.788368+00:00
00-0038605,40230,11011,4428503,JL Skinner,jl skinner,S,DEN,2026-09-06T23:42:28.788368+00:00
00-0038406,40255,9483,4361417,Zack Kuntz,zack kuntz,TE,FA,2026-09-06T23:42:28.788368+00:00
00-0038484,40514,11276,4426426,Joseph Ngata,joseph ngata,WR,FA,2026-09-06T23:42:28.788368+00:00
00-0039147,40052,10881,4686772,Christian Gonzalez,christian gonzalez,CB,NEP,2026-09-06T23:42:28.788368+00:00
00-0039142,40038,10883,4361767,Will McDonald,will mcdonald,DE,NYJ,2026-09-06T23:42:28.788368+00:00
00-0039151,40033,10882,4429767,Emmanuel Forbes,emmanuel forbes,CB,LAR,2026-09-06T23:42:28.788368+00:00
00-0039063,40049,10879,4427673,Calijah Kancey,calijah kancey,DT,TBB,2026-09-06T23:42:28.788368+00:00
00-0039000,40053,10878,42873,Deonte Banks,deonte banks,CB,NYG,2026-09-06T23:42:28.788368+00:00
00-0038995,40045,10874,4428988,Bryan Bresee,bryan bresee,DT,NOS,2026-09-06T23:42:28.788368+00:00
00-0039006,40034,10872,4612387,Felix Anudike-Uzomah,felix anudike-uzomah,DE,KCC,2026-09-06T23:42:28.788368+00:00
00-0038545,40044,10877,4426347,Mazi Smith,mazi smith,DT,MIA,2026-09-06T23:42:28.788368+00:00
00-0038939,40122,10928,4365457,Brodric Martin,brodric martin,DT,FA,2026-09-06T23:42:28.788368+00:00
00-0039143,40082,10909,4426457,Isaiah Foskey,isaiah foskey,DE,FA,2026-09-06T23:42:28.788368+00:00
00-0039156,40062,10906,4360488,Julius Brents,julius brents,CB,MIA,2026-09-06T23:42:28.788368+00:00
00-0039148,40080,10904,4243493,Keion White,keion white,DE,SFO,2026-09-06T23:42:28.788368+00:00
00-0039149,40087,10903,4360378,Quan Martin,jartavius martin,S,WAS,2026-09-06T23:42:28.788368+00:00
00-0039110,40079,10901,4426694,Keeanu Benton,keeanu benton,DT,PIT,2026-09-06T23:42:28.788368+00:00
00-0039070,40091,10899,4429014,Gervon Dexter,gervon dexter,DT,ATL,2026-09-06T23:42:28.788368+00:00
00-0039111,40077,10898,4431442,Tuli Tuipulotu,tuli tuipulotu,DE,LAC,2026-09-06T23:42:28.788368+00:00
00-0039071,40071,10897,4426374,Tyrique Stevenson,tyrique stevenson,CB,CHI,2026-09-06T23:42:28.788368+00:00
00-0038549,40076,10894,4572036,DJ Turner,dj turner,CB,CIN,2026-09-06T23:42:28.788368+00:00
00-0038935,40078,9480,4430539,Brenton Strange,brenton strange,TE,JAC,2026-09-06T23:42:28.788368+00:00
00-0038937,40111,10924,4426332,Zacch Pickens,zacch pickens,DT,FA,2026-09-06T23:42:28.788368+00:00
00-0039002,40123,10919,4360386,Sydney Brown,sydney brown,S,ATL,2026-09-06T23:42:28.788368+00:00
00-0038978,40125,10925,4567123,Byron Young,byron young,DT,PHI,2026-09-06T23:42:28.788368+00:00
00-0039007,40127,10932,4568506,Garrett Williams,garrett williams,CB,ARI,2026-09-06T23:42:28.788368+00:00
00-0039054,40105,10926,4248899,Marte Mapu,marte mapu,LB,FA,2026-09-06T23:42:28.788368+00:00
00-0039137,40124,10917,4875196,Byron Young,byron young,DE,LAR,2026-09-06T23:42:28.788368+00:00
00-0038535,,10938,4240623,DJ Johnson,dj johnson,DE,FA,2026-09-06T23:42:28.788368+00:00
00-0039068,40107,10921,4686334,YaYa Diaby,yaya diaby,DE,TBB,2026-09-06T23:42:28.788368+00:00
00-0038552,40112,10930,4382401,Riley Moss,riley moss,CB,DEN,2026-09-06T23:42:28.788368+00:00
00-0038553,40113,10914,4241597,Daiyan Henley,daiyan henley,LB,LAC,2026-09-06T23:42:28.788368+00:00
00-0038554,40106,10936,4693644,Ji'Ayir Brown,jiayir brown,S,SFO,2026-09-06T23:42:28.788368+00:00
00-0039138,40110,10916,4250621,Kobie Turner,kobie turner,DT,LAR,2026-09-06T23:42:28.788368+00:00
00-0038556,40099,10933,4362088,DeMarvion Overshown,demarvion overshown,LB,DAL,2026-09-06T23:42:28.788368+00:00
00-0038557,40098,10923,4568624,Dorian Williams,dorian williams,LB,BUF,2026-09-06T23:42:28.788368+00:00
00-0038561,40104,10931,4426440,Siaki Ika,siaki ika,DT,FA,2026-09-06T23:42:28.788368+00:00
00-0038562,40129,10937,4372066,Jake Moody,jake moody,PK,FA,2026-09-06T23:42:28.788368+00:00
00-0038563,40114,10213,4428718,Tre Tucker,tre tucker,WR,LVR,2026-09-06T23:42:28.788368+00:00
00-0038565,40103,10918,4360677,Mekhi Blackmon,mekhi blackmon,CB,CLE,2026-09-06T23:42:28.788368+00:00
00-0039072,40148,10963,4686911,Jakorian Bennett,jakorian bennett,CB,PHI,2026-09-06T23:42:28.788368+00:00
00-0039009,40151,10958,4374066,Dylan Horton,dylan horton,DE,HOU,2026-09-06T23:42:28.788368+00:00
00-0039031,40143,10957,4427635,Adetomiwa Adebawore,adetomiwa adebawore,DT,IND,2026-09-06T23:42:28.788368+00:00
00-0038567,40159,10955,4363538,Chad Ryland,chad ryland,PK,ARI,2026-09-06T23:42:28.788368+00:00
00-0038568,40146,10954,4429067,Clark Phillips,clark phillips,CB,CHI,2026-09-06T23:42:28.788368+00:00
00-0038387,40132,10952,4567224,Colby Wooden,colby wooden,DT,NOS,2026-09-06T23:42:28.788368+00:00
00-0038982,,10949,4361964,Chamarri Conner,chamarri conner,S,KCC,2026-09-06T23:42:28.788368+00:00
00-0038570,40155,10947,4240610,Ventrell Miller,ventrell miller,LB,JAC,2026-09-06T23:42:28.788368+00:00
00-0038572,40157,10945,4362911,Cameron Young,cameron young,DT,FA,2026-09-06T23:42:28.788368+00:00
00-0038505,40135,10944,4690179,Tavius Robinson,tavius robinson,DE,BAL,2026-09-06T23:42:28.788368+00:00
00-0038573,40133,10234,4362477,Derius Davis,derius davis,WR,LAC,2026-09-06T23:42:28.788368+00:00
00-0038574,40150,10943,4427963,Isaiah McGuire,isaiah mcguire,DE,CLE,2026-09-06T23:42:28.788368+00:00
00-0038575,40140,10942,4374148,Viliami Fehoko,viliami fehoko,DT,WAS,2026-09-06T23:42:28.788368+00:00
00-0038940,40161,10941,4361861,Tyler Lacy,tyler lacy,DT,DET,2026-09-06T23:42:28.788368+00:00
00-0038577,40139,10940,4429164,Nick Herbig,nick herbig,DE,PIT,2026-09-06T23:42:28.788368+00:00
00-0038578,40147,10939,4568007,Jay Ward,jay ward,S,MIN,2026-09-06T23:42:28.788368+00:00
00-0038580,,10992,4360807,Yasir Abdullah,yasir abdullah,LB,ATL,2026-09-06T23:42:28.788368+00:00
00-0038581,,10991,4360308,K.J. Henry,kj henry,DE,FA,2026-09-06T23:42:28.788368+00:00
00-0038388,40170,10990,4362858,Darius Rush,darius rush,CB,WAS,2026-09-06T23:42:28.788368+00:00
00-0038584,,10989,4429034,Jaquelin Roy,jaquelin roy,DT,NEP,2026-09-06T23:42:28.788368+00:00
00-0038585,40184,10988,4569607,Cameron Mitchell,cameron mitchell,CB,IND,2026-09-06T23:42:28.788368+00:00
00-0038587,40176,10986,4430411,Jammie Robinson,jammie robinson,S,ATL,2026-09-06T23:42:28.788368+00:00
00-0038588,40199,10985,4360949,Jordan Howden,jordan howden,S,NOS,2026-09-06T23:42:28.788368+00:00
00-0038589,40182,10212,4360086,Josh Whyle,josh whyle,TE,GBP,2026-09-06T23:42:28.788368+00:00
00-0038391,40173,10983,4259592,Sean Clifford,sean clifford,QB,FA,2026-09-06T23:42:28.788368+00:00
00-0039049,40194,10980,4429511,SirVocea Dennis,sirvocea dennis,LB,TBB,2026-09-06T23:42:28.788368+00:00
00-0038594,40186,10978,4685978,Darrell Luter,darrell luter,CB,LVR,2026-09-06T23:42:28.788368+00:00
00-0038381,40187,10976,4427695,Kyu Blu Kelly,kyu blu kelly,CB,LVR,2026-09-06T23:42:28.788368+00:00
00-0038392,40205,10975,4242415,Daniel Scott,daniel scott,S,FA,2026-09-06T23:42:28.788368+00:00
00-0039076,,10973,4360773,Nick Hampton,nick hampton,LB,FA,2026-09-06T23:42:28.788368+00:00
00-0038395,40175,10972,4360935,Terell Smith,terell smith,CB,WAS,2026-09-06T23:42:28.788368+00:00
00-0038983,40190,10971,4691084,BJ Thompson,bj thompson,DE,FA,2026-09-06T23:42:28.788368+00:00
00-0038602,40178,10967,4379413,Christopher Smith,chris smith,S,FA,2026-09-06T23:42:28.788368+00:00
00-0038603,40181,10966,4259558,Robert Beal,robert beal,DE,MIA,2026-09-06T23:42:28.788368+00:00
00-0038604,,11020,4248032,Eric Scott,eric scott,CB,KCC,2026-09-06T23:42:28.788368+00:00
00-0038398,40238,11009,4373423,Karl Brooks,karl brooks,DT,GBP,2026-09-06T23:42:28.788368+00:00
00-0038984,40229,11014,4426923,Kei'Trel Clark,keitrel clark,CB,ARI,2026-09-06T23:42:28.788368+00:00
00-0039051,,10999,4248533,Josh Hayes,josh hayes,CB,TBB,2026-09-06T23:42:28.788368+00:00
00-0039134,40237,10995,4427493,Tre Tomlinson,tre tomlinson,CB,SFO,2026-09-06T23:42:28.788368+00:00
00-0038399,40233,11000,4362234,Zaire Barnes,zaire barnes,LB,NYG,2026-09-06T23:42:28.788368+00:00
00-0039135,40241,10996,4362486,Ochaun Mathis,ochaun mathis,DE,NYJ,2026-09-06T23:42:28.788368+00:00
00-0038610,,11007,4240545,Bryce Baringer,bryce baringer,PN,NEP,2026-09-06T23:42:28.788368+00:00
00-0038985,40245,11002,4362117,Keondre Coburn,keondre coburn,DT,FA,2026-09-06T23:42:28.788368+00:00
00-0039053,40215,10998,4569068,Jose Ramirez,jose ramirez,DE,PHI,2026-09-06T23:42:28.788368+00:00
00-0039041,40226,10231,4426844,Elijah Higgins,elijah higgins,TE,ARI,2026-09-06T23:42:28.788368+00:00
00-0038613,40239,10997,4570084,Jerrick Reed,jerrick reed,S,TEN,2026-09-06T23:42:28.788368+00:00
00-0038614,40225,10994,4373684,Scott Matlock,scott matlock,RB,LAC,2026-09-06T23:42:28.788368+00:00
00-0038616,40208,11018,4257580,Christian Braswell,christian braswell,CB,JAC,2026-09-06T23:42:28.788368+00:00
00-0038617,40235,11003,4360239,Amari Burney,amari burney,LB,FA,2026-09-06T23:42:28.788368+00:00
00-0038401,40236,11001,4361834,Jarrick Bernard-Converse,jarrick bernard-converse,CB,NYG,2026-09-06T23:42:28.788368+00:00
00-0038402,40214,11008,4242519,Anders Carlson,anders carlson,PK,FA,2026-09-06T23:42:28.788368+00:00
00-0038620,,11019,4373320,Erick Hallett,erick hallett,S,TEN,2026-09-06T23:42:28.788368+00:00
00-0038403,40228,10993,4686553,Tre Hawkins,tre hawkins,CB,FA,2026-09-06T23:42:28.788368+00:00
00-0038621,40222,9501,4427095,Demario Douglas,demario douglas,WR,NEP,2026-09-06T23:42:28.788368+00:00
00-0038404,40219,11004,4368468,Titus Leo,titus leo,DE,PHI,2026-09-06T23:42:28.788368+00:00
00-0038623,40244,11015,4362225,Dante Stills,dante stills,DT,ARI,2026-09-06T23:42:28.788368+00:00
00-0038624,,11006,4259546,Ameer Speed,ameer speed,CB,DAL,2026-09-06T23:42:28.788368+00:00
00-0038625,40227,11017,4428914,Dee Winters,dee winters,LB,DAL,2026-09-06T23:42:28.788368+00:00
00-0038626,,11010,4258197,Brad Robbins,brad robbins,PN,LVR,2026-09-06T23:42:28.788368+00:00
00-0038405,,11054,4246741,Travis Bell,travis bell,DT,FA,2026-09-06T23:42:28.788368+00:00
00-0038627,40281,11053,4373266,Antoine Green,antoine green,WR,FA,2026-09-06T23:42:28.788368+00:00
00-0038407,40258,11052,4685145,Jaylon Jones,jaylon jones,CB,IND,2026-09-06T23:42:28.788368+00:00
00-0039059,,11051,5125875,Ethan Evans,ethan evans,PN,LAR,2026-09-06T23:42:28.788368+00:00
00-0038628,40278,11050,4567111,DeMarcco Hellams,demarcco hellams,S,ATL,2026-09-06T23:42:28.788368+00:00
00-0038632,40263,11046,4250945,Colton Dowell,colton dowell,WR,FA,2026-09-06T23:42:28.788368+00:00
00-0038634,,11043,4362497,Nesta Jade Silvera,nesta jade silvera,DT,FA,2026-09-06T23:42:28.788368+00:00
00-0038408,40274,11042,4430965,Carrington Valentine,carrington valentine,CB,GBP,2026-09-06T23:42:28.788368+00:00
00-0038635,40247,11041,4249214,Andre Jones,andre jones,DE,FA,2026-09-06T23:42:28.788368+00:00
00-0039060,40287,11040,4361835,Jason Taylor,jason taylor,S,FA,2026-09-06T23:42:28.788368+00:00
00-0038409,40260,9510,4428119,Lew Nichols,lew nichols,RB,PIT,2026-09-06T23:42:28.788368+00:00
00-0038638,,11038,4240261,Derek Parish,derek parish,RB,FA,2026-09-06T23:42:28.788368+00:00
00-0038639,40256,11037,4372492,Cory Trice,cory trice,CB,PIT,2026-09-06T23:42:28.788368+00:00
00-0038411,40282,11036,4361748,Anthony Johnson,anthony johnson,S,FA,2026-09-06T23:42:28.788368+00:00
00-0038506,40269,11035,4240677,Jordon Riley,jordon riley,DT,GBP,2026-09-06T23:42:28.788368+00:00
00-0038640,40257,11034,4692835,Jalen Brooks,jalen brooks,WR,ARI,2026-09-06T23:42:28.788368+00:00
00-0038641,,11033,4711029,Isaiah Bolden,isaiah bolden,CB,NEP,2026-09-06T23:42:28.788368+00:00
00-0038642,40259,11032,4362502,DJ Ivey,dj ivey,CB,CIN,2026-09-06T23:42:28.788368+00:00
00-0038643,40261,10224,4360290,Brayden Willis,brayden willis,TE,SFO,2026-09-06T23:42:28.788368+00:00
00-0038644,,11031,4568662,Brandon Hill,brandon hill,S,HOU,2026-09-06T23:42:28.788368+00:00
00-0038412,40246,11030,4362116,Moro Ojomo,moro ojomo,DT,PHI,2026-09-06T23:42:28.788368+00:00
00-0038986,,11029,4427636,Nic Jones,nic jones,CB,NYG,2026-09-06T23:42:28.788368+00:00
00-0038646,,11027,4426599,Alex Austin,alex austin,CB,FA,2026-09-06T23:42:28.788368+00:00
00-0038413,,11026,4567482,Gervarrius Owens,gervarrius owens,S,CHI,2026-09-06T23:42:28.788368+00:00
00-0038648,40265,11025,4570410,Jalen Graham,jalen graham,LB,SFO,2026-09-06T23:42:28.788368+00:00
00-0038507,40251,11024,4879650,Grant Dubose,grant dubose,WR,FA,2026-09-06T23:42:28.788368+00:00
00-0038414,40248,11022,4360745,Kendall Williamson,kendall williamson,S,LAC,2026-09-06T23:42:28.788368+00:00
00-0039061,40270,11021,4362294,Desjuan Johnson,desjuan johnson,DT,LAR,2026-09-06T23:42:28.788368+00:00
00-0038744,,11214,,Tanner Morgan,tanner morgan,QB,FA,2026-09-06T23:42:28.788368+00:00
00-0038477,40529,9499,4362227,Bryce Ford-Wheaton,bryce ford-wheaton,WR,NYG,2026-09-06T23:42:28.788368+00:00
00-0038518,40570,10870,4372526,Deneric Prince,deneric prince,RB,NEP,2026-09-06T23:42:28.788368+00:00
00-0038883,40466,11232,4247942,Isaiah Winstead,isaiah winstead,WR,FA,2026-09-06T23:42:28.788368+00:00
00-0038807,40301,11086,4430280,Ivan Pace,ivan pace,LB,MIN,2026-09-06T23:42:28.788368+00:00
00-0038416,40504,11256,4434153,Tyson Bagent,tyson bagent,QB,CHI,2026-09-06T23:42:28.788368+00:00
00-0038705,40430,11199,4362478,Emari Demercado,emari demercado,RB,DAL,2026-09-06T23:42:28.788368+00:00
00-0038727,40721,10861,4240350,Xazavian Valladay,xazavian valladay,RB,FA,2026-09-06T23:42:28.788368+00:00
00-0038685,40625,11370,3149687,Chris Brooks,chris brooks,RB,GBP,2026-09-06T23:42:28.788368+00:00
00-0038734,,11505,4370374,David Durden,david durden,WR,FA,2026-09-06T23:42:28.788368+00:00
00-0038794,40696,11439,4722893,Jaleel McLaughlin,jaleel mclaughlin,RB,CLE,2026-09-06T23:42:28.788368+00:00
00-0038738,40780,11510,4383396,Hunter Luepke,hunter luepke,RB,DAL,2026-09-06T23:42:28.788368+00:00
00-0038957,,11472,,Alfonzo Graham,alfonzo graham,RB,FA,2026-09-06T23:42:28.788368+00:00
00-0038752,40452,10867,4360405,Jake Bobo,jake bobo,WR,SEA,2026-09-06T23:42:28.788368+00:00
00-0038740,40774,11506,4426990,Jalen Cropper,jalen cropper,WR,NOS,2026-09-06T23:42:28.788368+00:00
00-0038714,40507,11270,4360805,Hassan Hall,hassan hall,RB,FA,2026-09-06T23:42:28.788368+00:00
00-0038539,,11335,,Bumper Pool,bumper pool,LB,FA,2026-09-06T23:42:28.788368+00:00
00-0038904,,11192,,Malik Flowers,malik flowers,WR,FA,2026-09-06T23:42:28.788368+00:00
00-0038762,40458,10869,4259550,Matt Landers,matt landers,WR,FA,2026-09-06T23:42:28.788368+00:00
00-0038758,40463,11225,,Noah Gindorff,noah gindorff,TE,FA,2026-09-06T23:42:28.788368+00:00
00-0038843,40710,9503,4360233,Jacob Copeland,jacob copeland,WR,FA,2026-09-06T23:42:28.788368+00:00
00-0038910,,11104,4362162,SaRodorick Thompson,sarodorick thompson,RB,FA,2026-09-06T23:42:28.788368+00:00
00-0038839,40313,11068,4690070,Mitchell Tinsley,mitchell tinsley,WR,HOU,2026-09-06T23:42:28.788368+00:00
00-0039043,,11528,,Garett Maag,garett maag,WR,FA,2026-09-06T23:42:28.788368+00:00
00-0038862,40358,11114,4248909,Elijah Dotson,elijah dotson,RB,FA,2026-09-06T23:42:28.788368+00:00
00-0038354,40376,11145,4696736,Tanner Brown,tanner brown,PK,FA,2026-09-06T23:42:28.788368+00:00
00-0038861,,11119,,Jerrod Clark,jerrod clark,DT,LAC,2026-09-06T23:42:28.788368+00:00
00-0038150,40016,8938,4244688,Nathan Rourke,nathan rourke,QB,FA,2026-09-06T23:42:28.788368+00:00
00-0038465,40445,11210,4689334,Malik Heath,malik heath,WR,ATL,2026-09-06T23:42:28.788368+00:00
00-0037692,40819,11533,3953687,Brandon Aubrey,brandon aubrey,PK,DAL,2026-09-06T23:42:28.788368+00:00
00-0038949,,11170,,DeAndre Square,deandre square,LB,FA,2026-09-06T23:42:28.788368+00:00
00-0038496,40548,11306,4427278,Xavier Gipson,xavier gipson,WR,FA,2026-09-06T23:42:28.788368+00:00
00-0038749,40450,11216,,Holton Ahlers,holton ahlers,QB,FA,2026-09-06T23:42:28.788368+00:00
00-0038737,40779,11514,4574551,Isaiah Land,isaiah land,DE,FA,2026-09-06T23:42:28.788368+00:00
00-0038428,40496,11261,4258620,Andre Szmyt,andre szmyt,PK,CLE,2026-09-06T23:42:28.788368+00:00
00-0038519,40571,11320,4372716,Nikko Remigio,nikko remigio,WR,KCC,2026-09-06T23:42:28.788368+00:00
00-0038492,40545,11311,4689988,Jason Brownlee,jason brownlee,WR,FA,2026-09-06T23:42:28.788368+00:00
00-0038678,40631,11378,4243004,Jordan Mims,jordan mims,RB,FA,2026-09-06T23:42:28.788368+00:00
00-0038720,40629,11371,4365395,Julian Hill,julian hill,TE,NEP,2026-09-06T23:42:28.788368+00:00
00-0038887,,11247,,Mac Hippenhammer,mac hippenhammer,WR,FA,2026-09-06T23:42:28.788368+00:00
00-0038359,40399,11168,4386544,Xavier Smith,xavier smith,WR,LAR,2026-09-06T23:42:28.788368+00:00
00-0038953,40737,11474,4363551,Dylan Drummond,dylan drummond,WR,FA,2026-09-06T23:42:28.788368+00:00
00-0038671,,11133,4362650,Jaray Jenkins,jaray jenkins,WR,FA,2026-09-06T23:42:28.788368+00:00
00-0038877,40404,11173,4362082,D'Shawn Jamison,dshawn jamison,CB,PIT,2026-09-06T23:42:28.788368+00:00
00-0038797,40707,11435,4887558,Emanuel Wilson,emanuel wilson,RB,SEA,2026-09-06T23:42:28.788368+00:00
00-0038741,,11511,4362489,John Stephens Jr.,john stephens,TE,FA,2026-09-06T23:42:28.788368+00:00
00-0038908,,11108,4567535,Anfernee Orji,anfernee orji,LB,FA,2026-09-06T23:42:28.788368+00:00
00-0038651,,11347,4367186,Chase Cota,chase cota,WR,FA,2026-09-06T23:42:28.788368+00:00
00-0038965,40748,11483,4685016,Ellis Merriweather,ellis merriweather,RB,FA,2026-09-06T23:42:28.788368+00:00
00-0038711,40598,11350,4567403,Mohamoud Diabate,mohamoud diabate,LB,TEN,2026-09-06T23:42:28.788368+00:00
00-0038851,40330,11098,4911489,Caleb Murphy,caleb murphy,LB,FA,2026-09-06T23:42:28.788368+00:00
00-0038476,40533,11292,4240391,Tommy DeVito,tommy devito,QB,NEP,2026-09-06T23:42:28.788368+00:00
00-0038702,40432,11184,4360644,Daniel Arias,daniel arias,WR,FA,2026-09-06T23:42:28.788368+00:00
00-0038764,,11230,4364623,Patrick O'Connell,patrick oconnell,LB,SEA,2026-09-06T23:42:28.788368+00:00
00-0038905,40296,11058,4259619,Blake Grupe,blake grupe,PK,NYJ,2026-09-06T23:42:28.788368+00:00
00-0038902,40338,11105,4579752,Shaquan Davis,shaquan davis,WR,PHI,2026-09-06T23:42:28.788368+00:00
00-0038958,,11432,4373706,Markees Watts,markees watts,DE,FA,2026-09-06T23:42:28.788368+00:00
00-0038456,40643,11381,4259324,Travis Vokolek,travis vokolek,TE,ARI,2026-09-06T23:42:28.788368+00:00
00-0038494,,11309,4360235,Trey Dean,trey dean,S,CLE,2026-09-06T23:42:28.788368+00:00
00-0038961,40739,11479,4363101,Eric Garror,eric garror,CB,FA,2026-09-06T23:42:28.788368+00:00
00-0038922,40730,11470,4428659,Drake Thomas,drake thomas,LB,SEA,2026-09-06T23:42:28.788368+00:00
00-0038679,40630,11377,4241476,Tyrell Shavers,tyrell shavers,WR,BUF,2026-09-06T23:42:28.788368+00:00
00-0038667,40374,11139,4241588,Elijah Cooks,elijah cooks,WR,FA,2026-09-06T23:42:28.788368+00:00
00-0038487,40511,11278,4429011,Eli Ricks,eli ricks,CB,PHI,2026-09-06T23:42:28.788368+00:00
00-0038463,40439,11193,4361776,Brenton Cox,brenton cox,DE,GBP,2026-09-06T23:42:28.788368+00:00
00-0038969,40326,11099,4361778,Kearis Jackson,kearis jackson,WR,FA,2026-09-06T23:42:28.788368+00:00
00-0038820,40681,11427,4372459,Christian Izien,christian izien,S,DET,2026-09-06T23:42:28.788368+00:00
00-0038906,,11107,4568308,Lou Hedley,lou hedley,PN,FA,2026-09-06T23:42:28.788368+00:00
00-0038853,40708,11454,4379411,Otis Reese,otis reese,LB,NEP,2026-09-06T23:42:28.788368+00:00
00-0038715,40597,11352,4569620,Ronnie Hickman,ronnie hickman,S,CLE,2026-09-06T23:42:28.788368+00:00
00-0038490,,11277,4569130,Ty Zentner,ty zentner,PN,FA,2026-09-06T23:42:28.788368+00:00
00-0038823,40684,11429,4360502,Kaevon Merriweather,kaevon merriweather,S,JAC,2026-09-06T23:42:28.788368+00:00
00-0038811,,11076,4361382,NaJee Thompson,najee thompson,CB,MIN,2026-09-06T23:42:28.788368+00:00
00-0038848,,11455,5143279,Anthony Kendall,anthony kendall,CB,FA,2026-09-06T23:42:28.788368+00:00
00-0038783,40702,11433,4383440,Nate Adkins,nate adkins,TE,DEN,2026-09-06T23:42:28.788368+00:00
00-0038513,40557,11315,4371959,Cam Jones,cam jones,LB,KCC,2026-09-06T23:42:28.788368+00:00
00-0038368,,11150,4371731,Quindell Johnson,quindell johnson,S,SFO,2026-09-06T23:42:28.788368+00:00
00-0038809,40335,11082,4373030,Ben Sims,ben sims,TE,FA,2026-09-06T23:42:28.788368+00:00
00-0038791,40698,11441,4714157,Thomas Incoom,thomas incoom,LB,CAR,2026-09-06T23:42:28.788368+00:00
00-0038694,,11396,4259651,Brandon Pili,brandon pili,DT,SEA,2026-09-06T23:42:28.788368+00:00
00-0038827,,11425,4241884,Derrek Pitts,derrek pitts,CB,FA,2026-09-06T23:42:28.788368+00:00
00-0038493,40547,11305,4256224,Claudin Cherelus,claudin cherelus,LB,CAR,2026-09-06T23:42:28.788368+00:00
00-0038845,,11458,4250737,Matthew Jackson,matthew jackson,S,FA,2026-09-06T23:42:28.788368+00:00
00-0038488,40519,11280,4243176,Brady Russell,brady russell,RB,SEA,2026-09-06T23:42:28.788368+00:00
00-0038865,,11122,4394894,Andrew Farmer,andrew farmer,LB,DEN,2026-09-06T23:42:28.788368+00:00
00-0038655,,11487,4374338,Steven Gilmore,steven gilmore,CB,FA,2026-09-06T23:42:28.788368+00:00
00-0038657,,11339,4569604,Brandon Joseph,brandon joseph,S,FA,2026-09-06T23:42:28.788368+00:00
00-0038866,40356,11121,4427190,AJ Finley,aj finley,S,SEA,2026-09-06T23:42:28.788368+00:00
00-0038742,,11512,4689333,Tyrus Wheat,tyrus wheat,DE,DAL,2026-09-06T23:42:28.788368+00:00
00-0038719,40509,11272,,Charlie Thomas,charlie thomas,LB,FA,2026-09-06T23:42:28.788368+00:00
00-0038663,40593,11343,4363408,Starling Thomas,starling thomas,CB,ARI,2026-09-06T23:42:28.788368+00:00
00-0038653,,11338,4240042,Cory Durden,cory durden,DT,NEP,2026-09-06T23:42:28.788368+00:00
00-0038458,40639,11384,4249616,Owen Wright,owen wright,RB,FA,2026-09-06T23:42:28.788368+00:00
00-0038385,,11169,4250970,Dresser Winn,dresser winn,QB,FA,2026-09-06T23:42:28.788368+00:00
00-0038489,40518,11273,4372070,Ben VanSumeren,ben vansumeren,LB,KCC,2026-09-06T23:42:28.788368+00:00
00-0038475,40530,11290,4243320,Alex Cook,alex cook,S,CHI,2026-09-06T23:42:28.788368+00:00
00-0038782,40574,11336,4361272,Eku Leota,eku leota,LB,ARI,2026-09-06T23:42:28.788368+00:00
00-0038523,40756,11489,4373814,Kahlef Hailassie,kahlef hailassie,CB,MIN,2026-09-06T23:42:28.788368+00:00
00-0038660,40591,11348,5144894,Trevor Nowaske,trevor nowaske,LB,DET,2026-09-06T23:42:28.788368+00:00
00-0038891,40491,11257,4361332,Shedrick Jackson,shedrick jackson,WR,FA,2026-09-06T23:42:28.788368+00:00
00-0038850,40327,11096,4568018,TK McLendon,tk mclendon,DE,FA,2026-09-06T23:42:28.788368+00:00
00-0038423,,11258,4259370,Jalen Harris,jalen harris,DE,FA,2026-09-06T23:42:28.788368+00:00
00-0038468,40444,11209,4360794,Henry Pearson,henry pearson,RB,FA,2026-09-06T23:42:28.788368+00:00
00-0038674,,11132,4361779,Divaad Wilson,divaad wilson,CB,NYG,2026-09-06T23:42:28.788368+00:00
00-0038795,40693,11436,4361421,P.J. Mustipher,pj mustipher,DT,FA,2026-09-06T23:42:28.788368+00:00
00-0038684,,11391,4360746,Ethan Bonner,ethan bonner,CB,MIA,2026-09-06T23:42:28.788368+00:00
00-0038717,,11353,4361824,Tanner McCalister,tanner mccalister,S,DEN,2026-09-06T23:42:28.788368+00:00
00-0038765,,11233,4247808,Ty Okada,ty okada,S,SEA,2026-09-06T23:42:28.788368+00:00
00-0037041,,8415,5033343,Haggai Ndubuisi,haggai ndubuisi,DT,HOU,2026-09-06T23:42:28.788368+00:00
00-0039172,40835,11539,4689936,Jake Bates,jake bates,PK,DET,2026-09-06T23:42:28.788368+00:00
00-0038896,,11237,4383429,Jacob Saylors,jacob saylors,RB,DET,2026-09-06T23:42:28.788368+00:00
00-0038680,40762,11495,4243261,Bryan Thompson,bryan thompson,WR,FA,2026-09-06T23:42:28.788368+00:00
00-0038479,,11297,4362280,Dyontae Johnson,dyontae johnson,LB,FA,2026-09-06T23:42:28.788368+00:00
00-0038930,40420,11186,4248425,Carlos Washington,carlos washington,RB,MIA,2026-09-06T23:42:28.788368+00:00
00-0038658,40299,11065,4361182,Adrian Martinez,adrian martinez,QB,FA,2026-09-06T23:42:28.788368+00:00
00-0038830,40311,11070,4367180,Kazmeir Allen,kazmeir allen,WR,FA,2026-09-06T23:42:28.788368+00:00
00-0038437,,11288,4360193,Donavan Mutin,donavan mutin,LB,FA,2026-09-06T23:42:28.788368+00:00
00-0038661,,11345,4367835,Chris Smith,chris smith,DT,DET,2026-09-06T23:42:28.788368+00:00
00-0038696,,11395,4372418,Keidron Smith,keidron smith,S,NYJ,2026-09-06T23:42:28.788368+00:00
00-0038498,,11304,4248557,E.J. Jenkins,ej jenkins,TE,PHI,2026-09-06T23:42:28.788368+00:00
00-0038788,,11440,4689674,Art Green,art green,CB,FA,2026-09-06T23:42:28.788368+00:00
00-0037799,,12427,5216101,Dondrea Tillman,dondrea tillman,DE,DEN,2026-09-06T23:42:28.788368+00:00
00-0038724,,11062,4243321,Ali Gaye,ali gaye,LB,TEN,2026-09-06T23:42:28.788368+00:00
00-0038710,40433,11201,4362018,Blake Whiteheart,blake whiteheart,TE,CLE,2026-09-06T23:42:28.788368+00:00
00-0038840,40407,11157,4360763,Brycen Tremayne,brycen tremayne,WR,CAR,2026-09-06T23:42:28.788368+00:00
00-0038920,,11467,4242526,John Samuel Shenker,john samuel shenker,TE,FA,2026-09-06T23:42:28.788368+00:00
00-0038824,40676,11421,4369466,Ryan Miller,ryan miller,WR,MIA,2026-09-06T23:42:28.788368+00:00
00-0038966,,11481,4689989,Natrone Brooks,natrone brooks,CB,FA,2026-09-06T23:42:28.788368+00:00
00-0038348,,11535,3929814,Josh Butler,josh butler,CB,FA,2026-09-06T23:42:28.788368+00:00
00-0038735,40778,11508,4242442,Princeton Fant,princeton fant,TE,DAL,2026-09-06T23:42:28.788368+00:00
00-0038682,,11394,4591235,Mitchell Agude,mitchell agude,LB,DET,2026-09-06T23:42:28.788368+00:00
00-0038890,,11251,4360413,Shaka Heyward,shaka heyward,LB,FA,2026-09-06T23:42:28.788368+00:00
00-0038703,,11185,4585317,Kendell Brooks,kendell brooks,S,FA,2026-09-06T23:42:28.788368+00:00
00-0038666,,11135,4368812,DJ Coleman,dj coleman,DE,FA,2026-09-06T23:42:28.788368+00:00
00-0038728,40288,11056,4430681,Jared Wayne,jared wayne,WR,HOU,2026-09-06T23:42:28.788368+00:00
00-0038514,,11319,4367828,Truman Jones,truman jones,DE,TEN,2026-09-06T23:42:28.788368+00:00
00-0038440,,11299,4257364,Zavier Scott,zavier scott,RB,CHI,2026-09-06T23:42:28.788368+00:00
00-0038181,40791,11520,3915802,Lucky Jackson,lucky jackson,WR,FA,2026-09-06T23:42:28.788368+00:00
00-0039178,,11066,4374171,Austin Ajiake,austin ajiake,LB,IND,2026-09-06T23:42:28.788368+00:00
00-0038841,,11160,5143915,Nick Whiteside,nick whiteside,CB,FA,2026-09-06T23:42:28.788368+00:00
00-0039676,,,4360475,Chigozie Anusiem,chigozie anusiem,CB,LVR,2026-09-06T23:42:28.788368+00:00
00-0039775,,,4428098,Elias Neal,elias neal,LB,LAR,2026-09-06T23:42:28.788368+00:00
00-0038132,34050,8164,4362874,Matt Corral,matt corral,QB,FA,2026-09-06T23:42:28.788368+00:00
00-0038102,33975,8160,4240703,Kenny Pickett,kenny pickett,QB,CAR,2026-09-06T23:42:28.788368+00:00
00-0037077,34100,8162,4426875,Sam Howell,sam howell,QB,DAL,2026-09-06T23:42:28.788368+00:00
00-0038128,34042,8161,4242512,Malik Willis,malik willis,QB,MIA,2026-09-06T23:42:28.788368+00:00
00-0037139,34385,8158,4361435,Carson Strong,carson strong,QB,FA,2026-09-06T23:42:28.788368+00:00
00-0038108,34093,8157,4250360,Bailey Zappe,bailey zappe,QB,NYJ,2026-09-06T23:42:28.788368+00:00
00-0038122,34030,8159,4239086,Desmond Ridder,desmond ridder,QB,FA,2026-09-06T23:42:28.788368+00:00
00-0037834,34218,8183,4361741,Brock Purdy,brock purdy,QB,SFO,2026-09-06T23:42:28.788368+00:00
00-0037327,34203,8206,4036419,Skylar Thompson,skylar thompson,QB,BAL,2026-09-06T23:42:28.788368+00:00
00-0037507,34545,8431,,Chase Garbers,chase garbers,QB,FA,2026-09-06T23:42:28.788368+00:00
00-0038137,34707,8915,,Drew Plitt,drew plitt,QB,FA,2026-09-06T23:42:28.788368+00:00
00-0037390,34481,8201,,Jack Coan,jack coan,QB,FA,2026-09-06T23:42:28.788368+00:00
00-0037201,34425,8199,,D'Eriq King,deriq king,QB,FA,2026-09-06T23:42:28.788368+00:00
00-0037209,34433,8212,,Dustin Crum,dustin crum,QB,FA,2026-09-06T23:42:28.788368+00:00
00-0037068,34346,8193,4239936,EJ Perry,ej perry,QB,FA,2026-09-06T23:42:28.788368+00:00
00-0038120,33991,8155,4427366,Breece Hall,breece hall,RB,NYJ,2026-09-06T23:42:28.788368+00:00
00-0038045,34079,8153,4426891,Isaiah Spiller,isaiah spiller,RB,FA,2026-09-06T23:42:28.788368+00:00
00-0037840,34120,8150,4430737,Kyren Williams,kyren williams,RB,LAR,2026-09-06T23:42:28.788368+00:00
00-0038134,33996,8151,4567048,Kenneth Walker III,kenneth walker,RB,KCC,2026-09-06T23:42:28.788368+00:00
00-0037263,34107,8132,4373626,Tyler Allgeier,tyler allgeier,RB,ARI,2026-09-06T23:42:28.788368+00:00
00-0037267,34112,8143,4372019,Jerome Ford,jerome ford,RB,FA,2026-09-06T23:42:28.788368+00:00
00-0038040,34078,8139,4361777,Zamir White,zamir white,RB,NOS,2026-09-06T23:42:28.788368+00:00
00-0037248,34019,8138,4379399,James Cook,james cook,RB,BUF,2026-09-06T23:42:28.788368+00:00
00-0037746,34054,8154,4241474,Brian Robinson,brian robinson,RB,ATL,2026-09-06T23:42:28.788368+00:00
00-0037258,34063,8129,4360238,Dameon Pierce,dameon pierce,RB,PHI,2026-09-06T23:42:28.788368+00:00
00-0037085,34152,8208,4362748,Tyler Badie,tyler badie,RB,DEN,2026-09-06T23:42:28.788368+00:00
00-0037286,34139,8174,4570674,Kevin Harris,kevin harris,RB,FA,2026-09-06T23:42:28.788368+00:00
00-0037617,34087,8123,4372071,Hassan Haskins,hassan haskins,RB,NEP,2026-09-06T23:42:28.788368+00:00
00-0037256,34047,8136,4697815,Rachaad White,rachaad white,RB,WAS,2026-09-06T23:42:28.788368+00:00
00-0037276,34125,8230,4242431,Ty Chandler,ty chandler,RB,NOS,2026-09-06T23:42:28.788368+00:00
00-0037466,34628,8217,,Leddie Brown,leddie brown,RB,FA,2026-09-06T23:42:28.788368+00:00
00-0037265,34110,8179,4567246,Snoop Conner,snoop conner,RB,FA,2026-09-06T23:42:28.788368+00:00
00-0037557,34310,8195,4243003,Ronnie Rivers,ronnie rivers,RB,LAR,2026-09-06T23:42:28.788368+00:00
00-0037157,34357,8122,4427728,Bam Knight,bam knight,RB,ARI,2026-09-06T23:42:28.788368+00:00
00-0037546,34660,8190,4241224,Abram Smith,abram smith,RB,FA,2026-09-06T23:42:28.788368+00:00
00-0037410,34665,8194,4372519,Jashaun Corbin,jashaun corbin,RB,FA,2026-09-06T23:42:28.788368+00:00
00-0037120,34261,8207,4429676,Tyler Goodson,tyler goodson,RB,FA,2026-09-06T23:42:28.788368+00:00
00-0037111,34373,8149,,Master Teague,master teague,RB,FA,2026-09-06T23:42:28.788368+00:00
00-0038098,34083,8116,4249836,Pierre Strong Jr.,pierre strong,RB,FA,2026-09-06T23:42:28.788368+00:00
00-0037299,34157,8221,4362087,Keaontay Ingram,keaontay ingram,RB,KCC,2026-09-06T23:42:28.788368+00:00
00-0037389,34479,8218,,Max Borghi,max borghi,RB,FA,2026-09-06T23:42:28.788368+00:00
00-0037131,34377,8152,,Kennedy Brooks,kennedy brooks,RB,FA,2026-09-06T23:42:28.788368+00:00
00-0037563,34610,8800,4240603,Malik Davis,malik davis,RB,DAL,2026-09-06T23:42:28.788368+00:00
00-0037182,34402,8239,4361655,Ricky Person,ricky person,RB,FA,2026-09-06T23:42:28.788368+00:00
00-0037228,34447,8228,4569987,Jaylen Warren,jaylen warren,RB,PIT,2026-09-06T23:42:28.788368+00:00
00-0037509,34551,8220,4430104,Sincere McCormick,sincere mccormick,RB,SFO,2026-09-06T23:42:28.788368+00:00
00-0037400,34521,8184,4244651,D'vonte Price,dvonte price,RB,FA,2026-09-06T23:42:28.788368+00:00
00-0037827,34049,8211,4426475,Tyrion Davis-Price,tyrion davis-price,RB,FA,2026-09-06T23:42:28.788368+00:00
00-0037437,34544,8226,,Greg Bell,greg bell,RB,FA,2026-09-06T23:42:28.788368+00:00
00-0037087,34159,8189,4259169,Trestan Ebner,trestan ebner,RB,FA,2026-09-06T23:42:28.788368+00:00
00-0037197,34207,8205,4361529,Isiah Pacheco,isiah pacheco,RB,DET,2026-09-06T23:42:28.788368+00:00
00-0037238,33963,8112,4426502,Drake London,drake london,WR,ATL,2026-09-06T23:42:28.788368+00:00
00-0037742,33973,8135,4567156,Treylon Burks,treylon burks,WR,WAS,2026-09-06T23:42:28.788368+00:00
00-0037740,33965,8146,4569618,Garrett Wilson,garrett wilson,WR,NYJ,2026-09-06T23:42:28.788368+00:00
00-0037239,33966,8144,4361370,Chris Olave,chris olave,WR,NOS,2026-09-06T23:42:28.788368+00:00
00-0037741,33971,8119,4361409,Jahan Dotson,jahan dotson,WR,ATL,2026-09-06T23:42:28.788368+00:00
00-0037240,33967,8148,4426388,Jameson Williams,jameson williams,WR,DET,2026-09-06T23:42:28.788368+00:00
00-0038117,33998,8126,4569587,Wan'Dale Robinson,wandale robinson,WR,TEN,2026-09-06T23:42:28.788368+00:00
00-0037257,34055,8118,4570409,David Bell,david bell,WR,CLE,2026-09-06T23:42:28.788368+00:00
00-0037614,33999,8147,4567096,John Metchie,john metchie,WR,CAR,2026-09-06T23:42:28.788368+00:00
00-0037173,34442,8191,,Slade Bolden,slade bolden,WR,FA,2026-09-06T23:42:28.788368+00:00
00-0037261,34104,8134,4373678,Khalil Shakir,khalil shakir,WR,BUF,2026-09-06T23:42:28.788368+00:00
00-0037247,34007,8137,4426354,George Pickens,george pickens,WR,DAL,2026-09-06T23:42:28.788368+00:00
00-0037216,34440,8140,4360306,Justyn Ross,justyn ross,WR,FA,2026-09-06T23:42:28.788368+00:00
00-0037231,34242,8200,4372758,Kevin Austin,kevin austin,WR,NOS,2026-09-06T23:42:28.788368+00:00
00-0038090,34009,8168,4430191,Skyy Moore,skyy moore,WR,GBP,2026-09-06T23:42:28.788368+00:00
00-0037745,34027,8223,4035693,Velus Jones,velus jones,WR,SEA,2026-09-06T23:42:28.788368+00:00
00-0037664,34008,8142,4360078,Alec Pierce,alec pierce,WR,IND,2026-09-06T23:42:28.788368+00:00
00-0037604,,8175,,Reggie Roberson,reggie roberson,WR,FA,2026-09-06T23:42:28.788368+00:00
00-0037524,34319,8250,4245144,Tay Martin,tay martin,WR,DET,2026-09-06T23:42:28.788368+00:00
00-0037132,34378,8414,3926231,Britain Covey,britain covey,WR,PHI,2026-09-06T23:42:28.788368+00:00
00-0037183,34403,8209,,Makai Polk,makai polk,WR,FA,2026-09-06T23:42:28.788368+00:00
00-0037564,34608,8166,,Dontario Drummond,dontario drummond,WR,FA,2026-09-06T23:42:28.788368+00:00
00-0037355,34534,8178,4259908,Braylon Sanders,braylon sanders,WR,FA,2026-09-06T23:42:28.788368+00:00
00-0037366,34229,8198,,Charleston Rambo,charleston rambo,WR,FA,2026-09-06T23:42:28.788368+00:00
00-0037837,34094,8125,4243389,Calvin Austin III,calvin austin,WR,NYG,2026-09-06T23:42:28.788368+00:00
00-0037042,34297,8213,,Dai'Jean Dixon,daijean dixon,WR,FA,2026-09-06T23:42:28.788368+00:00
00-0037816,34088,8121,4361432,Romeo Doubs,romeo doubs,WR,NEP,2026-09-06T23:42:28.788368+00:00
00-0038092,34081,8114,4362186,Erik Ezukanma,erik ezukanma,WR,FA,2026-09-06T23:42:28.788368+00:00
00-0037566,34609,8196,,Ty Fryfogle,ty fryfogle,WR,FA,2026-09-06T23:42:28.788368+00:00
00-0037828,34061,8176,4689546,Danny Gray,danny gray,WR,PHI,2026-09-06T23:42:28.788368+00:00
00-0037460,34601,8185,4242504,Johnny Johnson,johnny johnson,WR,FA,2026-09-06T23:42:28.788368+00:00
00-0037091,34185,8204,4259305,Bo Melton,bo melton,WR,GBP,2026-09-06T23:42:28.788368+00:00
00-0037291,34147,8180,4382466,Jalen Nailor,jalen nailor,WR,LVR,2026-09-06T23:42:28.788368+00:00
00-0038104,34005,8188,4362921,Tyquan Thornton,tyquan thornton,WR,KCC,2026-09-06T23:42:28.788368+00:00
00-0037666,34044,8117,4249417,Jalen Tolbert,jalen tolbert,WR,MIA,2026-09-06T23:42:28.788368+00:00
00-0038124,33989,8167,4248528,Christian Watson,christian watson,WR,GBP,2026-09-06T23:42:28.788368+00:00
00-0037343,34494,8229,,Isaiah Weston,isaiah weston,WR,FA,2026-09-06T23:42:28.788368+00:00
00-0037187,34412,8186,,Devon Williams,devon williams,WR,FA,2026-09-06T23:42:28.788368+00:00
00-0037300,34158,8202,4360174,Michael Woods,mike woods,WR,GBP,2026-09-06T23:42:28.788368+00:00
00-0037436,34623,8115,4428952,Jalen Wydermyer,jalen wydermyer,TE,FA,2026-09-06T23:42:28.788368+00:00
00-0037744,34010,8130,4361307,Trey McBride,trey mcbride,TE,ARI,2026-09-06T23:42:28.788368+00:00
00-0038046,34084,8127,4241263,Charlie Kolar,charlie kolar,TE,LAC,2026-09-06T23:42:28.788368+00:00
00-0037805,34057,8145,4361372,Jeremy Ruckert,jeremy ruckert,TE,NYJ,2026-09-06T23:42:28.788368+00:00
00-0037252,34036,8172,4367209,Greg Dulcich,greg dulcich,TE,MIA,2026-09-06T23:42:28.788368+00:00
00-0037838,34095,8131,4361050,Isaiah Likely,isaiah likely,TE,NYG,2026-09-06T23:42:28.788368+00:00
00-0038041,34085,8110,4242355,Jake Ferguson,jake ferguson,TE,DAL,2026-09-06T23:42:28.788368+00:00
00-0037304,34163,8181,4241961,Connor Heyward,connor heyward,TE,LVR,2026-09-06T23:42:28.788368+00:00
00-0037369,34664,8215,,Austin Allen,austin allen,TE,FA,2026-09-06T23:42:28.788368+00:00
00-0038129,34062,8111,4243331,Cade Otton,cade otton,TE,TBB,2026-09-06T23:42:28.788368+00:00
00-0037078,34105,8214,4361438,Cole Turner,cole turner,TE,MIA,2026-09-06T23:42:28.788368+00:00
00-0037086,34154,8177,4241374,Grant Calcaterra,grant calcaterra,TE,PHI,2026-09-06T23:42:28.788368+00:00
00-0037236,33957,8289,4372099,Aidan Hutchinson,aidan hutchinson,DE,DET,2026-09-06T23:42:28.788368+00:00
00-0037611,33960,8355,4426326,Kayvon Thibodeaux,kayvon thibodeaux,DE,NYG,2026-09-06T23:42:28.788368+00:00
00-0038142,34000,8287,4426507,David Ojabo,david ojabo,DE,FA,2026-09-06T23:42:28.788368+00:00
00-0037192,33985,8385,4426659,George Karlaftis,george karlaftis,DE,KCC,2026-09-06T23:42:28.788368+00:00
00-0037663,33981,8398,4567962,Jermaine Johnson,jermaine johnson,DE,TEN,2026-09-06T23:42:28.788368+00:00
00-0037751,34056,8291,4360080,Myjai Sanders,myjai sanders,DE,FA,2026-09-06T23:42:28.788368+00:00
00-0037826,34017,8351,4569511,Drake Jackson,drake jackson,DE,WAS,2026-09-06T23:42:28.788368+00:00
00-0038127,33988,8360,4360189,Logan Hall,logan hall,DT,HOU,2026-09-06T23:42:28.788368+00:00
00-0037083,34135,8382,4362840,Kingsley Enagbare,kingsley enagbare,DE,NYJ,2026-09-06T23:42:28.788368+00:00
00-0037815,34043,8383,4361510,Cameron Thomas,cameron thomas,DE,ATL,2026-09-06T23:42:28.788368+00:00
00-0037235,33956,8265,4426349,Travon Walker,travon walker,DE,JAC,2026-09-06T23:42:28.788368+00:00
00-0038126,34064,8279,4686470,Perrion Winfrey,perrion winfrey,DT,DAL,2026-09-06T23:42:28.788368+00:00
00-0037073,33968,8269,4381558,Jordan Davis,jordan davis,DT,PHI,2026-09-06T23:42:28.788368+00:00
00-0037759,34040,8319,4426359,DeMarvin Leal,demarvin leal,DE,FA,2026-09-06T23:42:28.788368+00:00
00-0037075,33983,8270,4361791,Devonte Wyatt,devonte wyatt,DT,GBP,2026-09-06T23:42:28.788368+00:00
00-0038099,34002,8273,4241468,Phidarian Mathis,phidarian mathis,DT,BUF,2026-09-06T23:42:28.788368+00:00
00-0037615,34039,8267,4426340,Nakobe Dean,nakobe dean,LB,LVR,2026-09-06T23:42:28.788368+00:00
00-0037244,33982,8329,4243256,Devin Lloyd,devin lloyd,LB,CAR,2026-09-06T23:42:28.788368+00:00
00-0037823,34031,8278,4567099,Christian Harris,christian harris,LB,ATL,2026-09-06T23:42:28.788368+00:00
00-0037813,34058,8272,4379414,Channing Tindall,channing tindall,LB,FA,2026-09-06T23:42:28.788368+00:00
00-0037285,34138,8292,4239121,Darrian Beavers,darrian beavers,LB,FA,2026-09-06T23:42:28.788368+00:00
00-0037281,34132,8309,4362636,Damone Clark,damone clark,LB,DET,2026-09-06T23:42:28.788368+00:00
00-0037393,34490,8340,4034841,JoJo Domann,jojo domann,LB,FA,2026-09-06T23:42:28.788368+00:00
00-0038113,34076,8324,4575416,Brandon Smith,brandon smith,LB,FA,2026-09-06T23:42:28.788368+00:00
00-0037822,34022,8283,4360255,Brian Asamoah,brian asamoah,LB,CIN,2026-09-06T23:42:28.788368+00:00
00-0037811,34026,8371,4361707,Chad Muma,chad muma,LB,FA,2026-09-06T23:42:28.788368+00:00
00-0037819,34059,8362,4426901,Leo Chenal,leo chenal,LB,WAS,2026-09-06T23:42:28.788368+00:00
00-0037237,33958,8308,4426434,Derek Stingley Jr.,derek stingley,CB,HOU,2026-09-06T23:42:28.788368+00:00
00-0037190,33959,8290,4427250,Sauce Gardner,ahmad gardner,CB,IND,2026-09-06T23:42:28.788368+00:00
00-0038038,33969,8339,4575517,Kyle Hamilton,kyle hamilton,S,BAL,2026-09-06T23:42:28.788368+00:00
00-0038135,34003,8323,4570044,Jaquan Brisker,jaquan brisker,S,PIT,2026-09-06T23:42:28.788368+00:00
00-0037743,33986,8286,4426422,Daxton Hill,daxton hill,CB,CIN,2026-09-06T23:42:28.788368+00:00
00-0037245,33987,8268,4426536,Lewis Cine,lewis cine,S,FA,2026-09-06T23:42:28.788368+00:00
00-0037354,34532,8353,4360692,Verone McKinley III,verone mckinley,S,FA,2026-09-06T23:42:28.788368+00:00
00-0037616,34052,8392,4426403,Nick Cross,nick cross,S,WAS,2026-09-06T23:42:28.788368+00:00
00-0037755,34029,8219,4241410,Jelani Woods,jelani woods,TE,NYJ,2026-09-06T23:42:28.788368+00:00
00-0037098,34214,8235,4027873,Samori Toure,samori toure,WR,FA,2026-09-06T23:42:28.788368+00:00
00-0037039,33953,8411,3052083,Devon Allen,devon allen,WR,FA,2026-09-06T23:42:28.788368+00:00
00-0037191,33976,8364,4426405,Trent McDuffie,trent mcduffie,CB,LAR,2026-09-06T23:42:28.788368+00:00
00-0037074,33977,8266,4379416,Quay Walker,quay walker,LB,LVR,2026-09-06T23:42:28.788368+00:00
00-0037242,33978,8296,4567399,Kaiir Elam,kaiir elam,CB,LAC,2026-09-06T23:42:28.788368+00:00
00-0038125,33990,8303,4371973,Roger McCreary,roger mccreary,CB,DET,2026-09-06T23:42:28.788368+00:00
00-0037246,33992,8314,4241223,Jalen Pitre,jalen pitre,S,HOU,2026-09-06T23:42:28.788368+00:00
00-0038116,33993,8325,4257591,Arnold Ebiketie,arnold ebiketie,DE,PHI,2026-09-06T23:42:28.788368+00:00
00-0038111,33994,8365,4361093,Kyler Gordon,kyler gordon,CB,CHI,2026-09-06T23:42:28.788368+00:00
00-0038133,33995,8343,4240754,Boye Mafe,boye mafe,DE,CIN,2026-09-06T23:42:28.788368+00:00
00-0038130,33997,8300,4426344,Andrew Booth,andrew booth,CB,FA,2026-09-06T23:42:28.788368+00:00
00-0038096,34001,8358,4259994,Josh Paschal,josh paschal,DE,DET,2026-09-06T23:42:28.788368+00:00
00-0038121,34004,8333,4369835,Alontae Taylor,alontae taylor,CB,TEN,2026-09-06T23:42:28.788368+00:00
00-0037665,34011,8368,4567242,Sam Williams,sam williams,DE,CLE,2026-09-06T23:42:28.788368+00:00
00-0037810,34015,8388,4247807,Troy Andersen,troy andersen,LB,FA,2026-09-06T23:42:28.788368+00:00
00-0037753,34016,8341,4361196,Cam Taylor-Britt,cam taylor-britt,CB,IND,2026-09-06T23:42:28.788368+00:00
00-0037193,34018,8294,4247726,Bryan Cook,bryan cook,S,CIN,2026-09-06T23:42:28.788368+00:00
00-0037249,34020,8280,4360259,Nik Bonitto,nik bonitto,DE,DEN,2026-09-06T23:42:28.788368+00:00
00-0037250,34024,8390,4429568,Martin Emerson,martin emerson,CB,NOS,2026-09-06T23:42:28.788368+00:00
00-0037756,34032,8400,4362139,Travis Jones,travis jones,DT,BAL,2026-09-06T23:42:28.788368+00:00
00-0037251,34034,8376,4570119,Alex Wright,alex wright,DE,CLE,2026-09-06T23:42:28.788368+00:00
00-0038091,34035,8313,4362917,JT Woods,jt woods,S,NYJ,2026-09-06T23:42:28.788368+00:00
00-0037758,34037,8310,4429607,Cordale Flott,cordale flott,CB,TEN,2026-09-06T23:42:28.788368+00:00
00-0037808,34038,8372,4243457,DeAngelo Malone,deangelo malone,DE,ATL,2026-09-06T23:42:28.788368+00:00
00-0037253,34041,8359,4241720,Marcus Jones,marcus jones,CB,NEP,2026-09-06T23:42:28.788368+00:00
00-0037254,34045,8311,4259166,Terrel Bernard,terrel bernard,LB,BUF,2026-09-06T23:42:28.788368+00:00
00-0037804,34051,8295,4240619,Zachary Carter,zachary carter,DT,ARI,2026-09-06T23:42:28.788368+00:00
00-0037667,34053,8348,4360383,Kerby Joseph,kerby joseph,S,DET,2026-09-06T23:42:28.788368+00:00
00-0038136,34065,8293,4239094,Coby Bryant,coby bryant,S,CHI,2026-09-06T23:42:28.788368+00:00
00-0038115,34068,8225,4361516,Daniel Bellinger,daniel bellinger,TE,TEN,2026-09-06T23:42:28.788368+00:00
00-0038100,34069,8394,4363097,Percy Butler,percy butler,S,WAS,2026-09-06T23:42:28.788368+00:00
00-0038123,34070,8395,4426686,Dane Belton,dane belton,S,NYJ,2026-09-06T23:42:28.788368+00:00
00-0038105,34071,8386,4240707,Damarri Mathis,damarri mathis,CB,CAR,2026-09-06T23:42:28.788368+00:00
00-0038106,34072,8347,4066109,Eyioma Uwazurike,eyioma uwazurike,DT,DEN,2026-09-06T23:42:28.788368+00:00
00-0038107,34073,8316,4240896,Micheal Clemons,micheal clemons,DE,IND,2026-09-06T23:42:28.788368+00:00
00-0038119,34075,8276,4372017,Jalyn Armour-Davis,jalyn armour-davis,CB,TEN,2026-09-06T23:42:28.788368+00:00
00-0038101,34074,8389,4244607,Akayleb Evans,akayleb evans,CB,CAR,2026-09-06T23:42:28.788368+00:00
00-0038039,34077,8261,4035686,Jack Jones,jack jones,CB,SFO,2026-09-06T23:42:28.788368+00:00
00-0038097,34080,8258,4428963,Cade York,cade york,PK,FA,2026-09-06T23:42:28.788368+00:00
00-0038093,34082,8307,4242234,Neil Farrell,neil farrell,DT,FA,2026-09-06T23:42:28.788368+00:00
00-0038094,,8467,4260224,Jordan Stout,jordan stout,PN,NYG,2026-09-06T23:42:28.788368+00:00
00-0038043,34091,8470,4917635,Joshua Williams,joshua williams,CB,TEN,2026-09-06T23:42:28.788368+00:00
00-0037984,34097,8361,4567480,Damarion Williams,damarion williams,CB,TBB,2026-09-06T23:42:28.788368+00:00
00-0038042,,8466,4379396,Jake Camarda,jake camarda,PN,FA,2026-09-06T23:42:28.788368+00:00
00-0037839,,8381,4384549,Decobie Durant,cobie durant,CB,DAL,2026-09-06T23:42:28.788368+00:00
00-0037809,34099,8210,4360635,Chigoziem Okonkwo,chigoziem okonkwo,TE,WAS,2026-09-06T23:42:28.788368+00:00
00-0037259,34102,8396,4371961,Micah McFadden,micah mcfadden,LB,NYG,2026-09-06T23:42:28.788368+00:00
00-0037260,34103,8262,4242899,D.J. Davidson,dj davidson,DT,FA,2026-09-06T23:42:28.788368+00:00
00-0037262,34106,8380,4360749,Thomas Booker,thomas booker,DE,LVR,2026-09-06T23:42:28.788368+00:00
00-0037264,34108,8282,4360287,Delarrin Turner-Yell,delarrin turner-yell,S,DEN,2026-09-06T23:42:28.788368+00:00
00-0037079,34109,8374,4245185,Tariq Woolen,tariq woolen,CB,PHI,2026-09-06T23:42:28.788368+00:00
00-0037268,34113,8384,4250392,Zyon McCollum,zyon mccollum,CB,TBB,2026-09-06T23:42:28.788368+00:00
00-0037080,34114,8336,4361340,Tyreke Smith,tyreke smith,DE,KCC,2026-09-06T23:42:28.788368+00:00
00-0037269,34115,8473,4050971,Eric Johnson,eric johnson,DT,FA,2026-09-06T23:42:28.788368+00:00
00-0037270,34116,8331,4367210,Otito Ogbonnia,otito ogbonnia,DT,DAL,2026-09-06T23:42:28.788368+00:00
00-0037271,34117,8367,4241007,D'Marco Jackson,dmarco jackson,LB,CHI,2026-09-06T23:42:28.788368+00:00
00-0037272,34118,8475,4248822,Montrell Washington,montrell washington,WR,FA,2026-09-06T23:42:28.788368+00:00
00-0037273,34119,8171,4367175,Kyle Philips,kyle philips,WR,FA,2026-09-06T23:42:28.788368+00:00
00-0037274,34121,8342,4240759,Esezi Otomewo,esezi otomewo,DT,PIT,2026-09-06T23:42:28.788368+00:00
00-0037752,34122,8377,4257240,Tycen Anderson,tycen anderson,S,DEN,2026-09-06T23:42:28.788368+00:00
00-0037275,34123,8476,4248911,DaRon Bland,daron bland,CB,DAL,2026-09-06T23:42:28.788368+00:00
00-0037277,34126,8227,4374045,Teagan Quitoriano,teagan quitoriano,TE,FA,2026-09-06T23:42:28.788368+00:00
00-0037830,34128,8478,4280416,Samuel Womack,samuel womack,CB,NYJ,2026-09-06T23:42:28.788368+00:00
00-0037082,34130,8391,4244300,Dominique Robinson,dominique robinson,DE,HOU,2026-09-06T23:42:28.788368+00:00
00-0037280,34131,8332,4242457,Matthew Butler,matthew butler,DT,FA,2026-09-06T23:42:28.788368+00:00
00-0037282,34133,8170,4361988,James Mitchell,james mitchell,TE,FA,2026-09-06T23:42:28.788368+00:00
00-0037283,34134,8306,4248047,John Ridgeway,john ridgeway,DT,NOS,2026-09-06T23:42:28.788368+00:00
00-0037284,,8486,4361496,Matt Araiza,matt araiza,PN,KCC,2026-09-06T23:42:28.788368+00:00
00-0037084,34137,8483,4241302,Kyron Johnson,kyron johnson,LB,TEN,2026-09-06T23:42:28.788368+00:00
00-0037288,34141,8487,4379778,Christian Benford,christian benford,CB,BUF,2026-09-06T23:42:28.788368+00:00
00-0037289,34144,8334,4241411,Malcolm Rodriguez,malcolm rodriguez,LB,DET,2026-09-06T23:42:28.788368+00:00
00-0037043,34145,8327,4568439,Amare Barno,amare barno,DE,FA,2026-09-06T23:42:28.788368+00:00
00-0037292,34148,8489,4722908,Drew Ogletree,andrew ogletree,TE,IND,2026-09-06T23:42:28.788368+00:00
00-0037293,34149,8498,4038436,Devin Harper,devin harper,LB,PIT,2026-09-06T23:42:28.788368+00:00
00-0037294,34150,8370,4261090,Jordan Jackson,jordan jackson,DT,DEN,2026-09-06T23:42:28.788368+00:00
00-0037296,34153,8503,4400960,Gregory Junior,gregory junior,CB,HOU,2026-09-06T23:42:28.788368+00:00
00-0037298,34156,8492,4077786,Sam Roberts,sam roberts,DT,FA,2026-09-06T23:42:28.788368+00:00
00-0037301,34164,8496,4242436,Theo Jackson,theo jackson,S,MIN,2026-09-06T23:42:28.788368+00:00
00-0037303,34161,8495,4242358,Matt Henningsen,matt henningsen,DT,DEN,2026-09-06T23:42:28.788368+00:00
00-0037841,34167,8330,4249128,Quentin Lake,quentin lake,S,LAR,2026-09-06T23:42:28.788368+00:00
00-0037842,34168,8271,4360307,Derion Kendrick,derion kendrick,CB,FA,2026-09-06T23:42:28.788368+00:00
00-0037306,34169,8500,4379401,John FitzPatrick,john fitzpatrick,TE,GBP,2026-09-06T23:42:28.788368+00:00
00-0037307,34170,8481,4240434,Ja'Sir Taylor,jasir taylor,CB,CIN,2026-09-06T23:42:28.788368+00:00
00-0037309,34172,8490,4037474,Curtis Brooks,curtis brooks,DT,TEN,2026-09-06T23:42:28.788368+00:00
00-0037310,34173,8494,4240608,James Houston,james houston,DE,DAL,2026-09-06T23:42:28.788368+00:00
00-0037311,34174,8484,4034779,Ko Kieft,ko kieft,TE,TBB,2026-09-06T23:42:28.788368+00:00
00-0037312,34175,8369,4372051,Chance Campbell,chance campbell,LB,PHI,2026-09-06T23:42:28.788368+00:00
00-0037832,34176,8375,4243541,Kalia Davis,kalia davis,DT,CLE,2026-09-06T23:42:28.788368+00:00
00-0037833,34177,8321,4259590,Tariq Castro-Fields,tariq castro-fields,CB,FA,2026-09-06T23:42:28.788368+00:00
00-0037313,34178,8305,4242149,Montaric Brown,montaric brown,CB,JAC,2026-09-06T23:42:28.788368+00:00
00-0037314,34179,8281,4241404,Isaiah Thomas,isaiah thomas,DE,CIN,2026-09-06T23:42:28.788368+00:00
00-0037315,34180,8526,4035857,Cameron Goode,cameron goode,LB,FA,2026-09-06T23:42:28.788368+00:00
00-0037316,34181,8525,4249342,Mark Robinson,mark robinson,LB,CLE,2026-09-06T23:42:28.788368+00:00
00-0037317,34183,8523,4249624,Nick Muse,nick muse,TE,NYJ,2026-09-06T23:42:28.788368+00:00
00-0037090,34184,8405,4240486,Tariq Carpenter,tariq carpenter,LB,FA,2026-09-06T23:42:28.788368+00:00
00-0037318,34187,8299,4239997,Baylon Spector,baylon spector,LB,FA,2026-09-06T23:42:28.788368+00:00
00-0037319,34188,8521,4242333,Faion Hicks,faion hicks,CB,FA,2026-09-06T23:42:28.788368+00:00
00-0037093,34189,8527,4401805,Dareke Young,dareke young,WR,LVR,2026-09-06T23:42:28.788368+00:00
00-0037094,34190,8344,4259762,Jonathan Ford,jonathan ford,DT,GBP,2026-09-06T23:42:28.788368+00:00
00-0037843,34191,8520,4365629,Daniel Hardy,daniel hardy,DE,CHI,2026-09-06T23:42:28.788368+00:00
00-0037320,,8519,4690171,Deane Leonard,deane leonard,CB,LAC,2026-09-06T23:42:28.788368+00:00
00-0037321,34193,8264,4047846,Chase Lucas,chase lucas,CB,FA,2026-09-06T23:42:28.788368+00:00
00-0037323,34195,8517,4248455,Rodney Thomas II,rodney thomas,S,FA,2026-09-06T23:42:28.788368+00:00
00-0037095,34196,8516,4035105,Christian Holmes,christian holmes,CB,FA,2026-09-06T23:42:28.788368+00:00
00-0037324,34197,8413,4044111,Chris Oladokun,chris oladokun,QB,KCC,2026-09-06T23:42:28.788368+00:00
00-0037325,,8312,4373017,Kalon Barnes,kalon barnes,CB,PIT,2026-09-06T23:42:28.788368+00:00
00-0037195,34199,8373,4697639,Jaylen Watson,jaylen watson,CB,LAR,2026-09-06T23:42:28.788368+00:00
00-0037747,,8515,4911023,Christian Matthew,christian matthew,CB,FA,2026-09-06T23:42:28.788368+00:00
00-0037328,34204,8512,4035453,Andre Anthony,andre anthony,LB,FA,2026-09-06T23:42:28.788368+00:00
00-0037329,34206,8423,4036032,Brittain Brown,brittain brown,RB,CHI,2026-09-06T23:42:28.788368+00:00
00-0037760,34208,8402,4241089,Jeff Gunter,jeff gunter,DE,FA,2026-09-06T23:42:28.788368+00:00
00-0037844,34209,8510,4240071,Russ Yeast,russ yeast,S,CIN,2026-09-06T23:42:28.788368+00:00
00-0037096,34210,8509,4242402,Elijah Hicks,elijah hicks,S,CHI,2026-09-06T23:42:28.788368+00:00
00-0037097,,8508,4240128,Trenton Gill,trenton gill,PN,ATL,2026-09-06T23:42:28.788368+00:00
00-0037330,34212,8322,4361419,Jesse Luketa,jesse luketa,DE,LAR,2026-09-06T23:42:28.788368+00:00
00-0037198,34215,8506,4043625,Nazeeh Johnson,nazeeh johnson,CB,TEN,2026-09-06T23:42:28.788368+00:00
00-0037331,34216,8428,4260406,Zander Horvath,zander horvath,RB,FA,2026-09-06T23:42:28.788368+00:00
00-0037165,34275,8224,,Cole Kelley,cole kelley,QB,FA,2026-09-06T23:42:28.788368+00:00
00-0037594,34451,8254,4367567,Julius Chestnut,julius chestnut,RB,TEN,2026-09-06T23:42:28.788368+00:00
00-0037226,34445,8233,4360406,Mataeo Durant,mataeo durant,RB,FA,2026-09-06T23:42:28.788368+00:00
00-0037233,34252,8247,,Gerrit Prince,gerrit prince,TE,FA,2026-09-06T23:42:28.788368+00:00
00-0037178,,8301,,Zakoby McClain,zakoby mcclain,LB,FA,2026-09-06T23:42:28.788368+00:00
00-0037539,34654,8249,4360231,Lucas Krull,lucas krull,TE,FA,2026-09-06T23:42:28.788368+00:00
00-0037486,34516,8236,,Jerreth Sterns,jerreth sterns,WR,FA,2026-09-06T23:42:28.788368+00:00
00-0037525,34320,8408,4360569,Jordan Mason,jordan mason,RB,MIN,2026-09-06T23:42:28.788368+00:00
00-0037429,34617,8255,4259308,Raheem Blackshear,raheem blackshear,RB,FA,2026-09-06T23:42:28.788368+00:00
00-0037109,34370,8363,4372576,Jack Sanborn,jack sanborn,LB,CHI,2026-09-06T23:42:28.788368+00:00
00-0037495,34234,8246,,Bryant Koback,bryant koback,RB,FA,2026-09-06T23:42:28.788368+00:00
00-0037487,34520,8253,4374187,Deven Thompkins,deven thompkins,WR,LVR,2026-09-06T23:42:28.788368+00:00
00-0037224,34344,8259,4362081,Cameron Dicker,cameron dicker,PK,LAC,2026-09-06T23:42:28.788368+00:00
00-0037071,34255,8650,,Lujuan Winningham,lujuan winningham,WR,FA,2026-09-06T23:42:28.788368+00:00
00-0037801,34709,8917,3676833,KaVontae Turpin,kavontae turpin,WR,DAL,2026-09-06T23:42:28.788368+00:00
00-0037503,34536,8263,4360466,Darien Butler,darien butler,LB,LVR,2026-09-06T23:42:28.788368+00:00
00-0037570,34592,8801,4572786,Dennis Houston,dennis houston,WR,TBB,2026-09-06T23:42:28.788368+00:00
00-0037156,34356,8861,3929636,Irvin Charles,irvin charles,WR,FA,2026-09-06T23:42:28.788368+00:00
00-0037561,,8399,4241921,Markquese Bell,markquese bell,S,DAL,2026-09-06T23:42:28.788368+00:00
00-0037382,34571,8756,4035198,Brandon Johnson,brandon johnson,WR,DEN,2026-09-06T23:42:28.788368+00:00
00-0037174,34387,8731,,Shemar Bridges,shemar bridges,WR,FA,2026-09-06T23:42:28.788368+00:00
00-0037137,34383,8275,4372020,Josh Jobe,josh jobe,CB,SEA,2026-09-06T23:42:28.788368+00:00
00-0037168,34278,8665,4056052,Armani Rogers,armani rogers,TE,BUF,2026-09-06T23:42:28.788368+00:00
00-0037348,34513,8849,4047422,Tanner Conner,tanner conner,TE,FA,2026-09-06T23:42:28.788368+00:00
00-0037115,34256,8240,,BJ Baylor,bj baylor,RB,ATL,2026-09-06T23:42:28.788368+00:00
00-0037055,34330,8745,4247812,Lance McCutcheon,lance mccutcheon,WR,TEN,2026-09-06T23:42:28.788368+00:00
00-0037406,34531,8403,,Sterling Weatherford,sterling weatherford,LB,FA,2026-09-06T23:42:28.788368+00:00
00-0037387,34579,8416,4036448,Jalen Virgil,jalen virgil,WR,FA,2026-09-06T23:42:28.788368+00:00
00-0037119,34260,8602,,Danny Davis,danny davis,WR,FA,2026-09-06T23:42:28.788368+00:00
00-0037203,34427,8274,4241473,LaBryan Ray,labryan ray,DT,FA,2026-09-06T23:42:28.788368+00:00
00-0037569,34607,8197,4258248,Peyton Hendershot,peyton hendershot,TE,FA,2026-09-06T23:42:28.788368+00:00
00-0037580,34284,8663,4911488,Jared Bernhardt,jared bernhardt,WR,FA,2026-09-06T23:42:28.788368+00:00
00-0037471,34633,8577,4033806,James McCourt,james mccourt,PK,FA,2026-09-06T23:42:28.788368+00:00
00-0037499,,8530,4258210,Luiji Vilain,luiji vilain,DE,FA,2026-09-06T23:42:28.788368+00:00
00-0037517,34549,8839,4037212,Luke Masterson,luke masterson,LB,FA,2026-09-06T23:42:28.788368+00:00
00-0037481,34502,8870,4259299,Olakunle Fatukasi,olakunle fatukasi,LB,LAR,2026-09-06T23:42:28.788368+00:00
00-0037459,34600,8547,4258594,Kurt Hinish,kurt hinish,DT,HOU,2026-09-06T23:42:28.788368+00:00
00-0037184,34404,8285,4258198,Josh Ross,josh ross,LB,MIN,2026-09-06T23:42:28.788368+00:00
00-0037596,34454,8680,4249739,Jack Gibbens,jack gibbens,LB,ARI,2026-09-06T23:42:28.788368+00:00
00-0037500,,8528,4361823,Ryan Wright,ryan wright,PN,NOS,2026-09-06T23:42:28.788368+00:00
00-0037607,,8538,4256051,Ryan Stonehouse,ryan stonehouse,PN,FA,2026-09-06T23:42:28.788368+00:00
00-0037587,34291,8659,4243181,Nate Landman,nate landman,LB,LAR,2026-09-06T23:42:28.788368+00:00
00-0037155,34355,8860,4240532,Tony Adams,tony adams,S,TEN,2026-09-06T23:42:28.788368+00:00
00-0037422,34476,8783,4035776,Kendric Pryor,kendric pryor,WR,CIN,2026-09-06T23:42:28.788368+00:00
00-0037353,34529,8857,4291489,Kader Kohou,kader kohou,CB,KCC,2026-09-06T23:42:28.788368+00:00
00-0037633,34342,8733,4241250,Jake Hummel,jacob hummel,LB,HOU,2026-09-06T23:42:28.788368+00:00
00-0037130,34376,8406,4243956,Reed Blankenship,reed blankenship,S,HOU,2026-09-06T23:42:28.788368+00:00
00-0037457,34598,8349,4033812,Jake Hansen,jake hansen,LB,HOU,2026-09-06T23:42:28.788368+00:00
00-0037202,,8725,4693173,DaMarcus Mitchell,damarcus mitchell,DT,FA,2026-09-06T23:42:28.788368+00:00
00-0037175,34389,8241,4035312,Anthony Brown,anthony brown,QB,FA,2026-09-06T23:42:28.788368+00:00
00-0037332,34475,8795,4608386,D'Anthony Bell,danthony bell,S,FA,2026-09-06T23:42:28.788368+00:00
00-0037585,,8654,4045701,Timmy Horne,timmy horne,DT,NYG,2026-09-06T23:42:28.788368+00:00
00-0037456,34597,8820,4274040,Troy Hairston,troy hairston,RB,FA,2026-09-06T23:42:28.788368+00:00
00-0037106,,8702,4047655,Jaylon Jones,jaylon jones,CB,CHI,2026-09-06T23:42:28.788368+00:00
00-0037593,34449,8925,4259300,Tre Avery,tre avery,CB,FA,2026-09-06T23:42:28.788368+00:00
00-0037447,,8854,4037520,Tomon Fox,tomon fox,DE,FA,2026-09-06T23:42:28.788368+00:00
00-0037112,34374,8698,4259147,Jake Tonges,jake tonges,TE,SFO,2026-09-06T23:42:28.788368+00:00
00-0038152,34720,8932,4245661,Lucas Havrisik,lucas havrisik,PK,FA,2026-09-06T23:42:28.788368+00:00
00-0037205,,8726,4047941,Brenden Schooler,brenden schooler,S,NEP,2026-09-06T23:42:28.788368+00:00
00-0037046,,8564,4258183,Donovan Jeter,donovan jeter,DT,FA,2026-09-06T23:42:28.788368+00:00
00-0037185,34407,8732,4032247,Raleigh Webb,raleigh webb,WR,FA,2026-09-06T23:42:28.788368+00:00
00-0037516,,8844,4700660,Sam Webb,sam webb,CB,CLE,2026-09-06T23:42:28.788368+00:00
00-0037129,,8714,4240459,Josh Blackwell,josh blackwell,CB,CHI,2026-09-06T23:42:28.788368+00:00
00-0037431,,8776,4240405,Kingsley Jonathan,kingsley jonathan,DE,NYJ,2026-09-06T23:42:28.788368+00:00
00-0037662,34686,8898,4052017,C.J. Brewer,cj brewer,DT,TBB,2026-09-06T23:42:28.788368+00:00
00-0037661,,8901,4240059,Ja'Marcus Ingram,jamarcus ingram,CB,HOU,2026-09-06T23:42:28.788368+00:00
00-0037526,,8618,4045299,Marcelino McCrary-Ball,marcelino mccrary-ball,LB,NYJ,2026-09-06T23:42:28.788368+00:00
00-0037395,34503,8833,4917592,Dallis Flowers,dallis flowers,CB,CHI,2026-09-06T23:42:28.788368+00:00
00-0037660,,8899,4034335,Prince Emili,prince emili,DT,NOS,2026-09-06T23:42:28.788368+00:00
00-0037208,34432,8710,4249766,Jack Cochrane,jack cochrane,LB,KCC,2026-09-06T23:42:28.788368+00:00
00-0037141,34388,8683,4240824,Joey Blount,joey blount,S,ARI,2026-09-06T23:42:28.788368+00:00
00-0037602,,8540,4569497,Sam Okuayinonu,sam okuayinonu,DE,SFO,2026-09-06T23:42:28.788368+00:00
00-0037545,34659,8676,4032473,Rashid Shaheed,rashid shaheed,WR,SEA,2026-09-06T23:42:28.788368+00:00
00-0037364,,8569,4242996,Arron Mosby,arron mosby,DE,FA,2026-09-06T23:42:28.788368+00:00
00-0037070,34254,8379,4259346,Josh Thompson,josh thompson,CB,TEN,2026-09-06T23:42:28.788368+00:00
00-0037621,,8874,4242430,Ryder Anderson,ryder anderson,DE,NOS,2026-09-06T23:42:28.788368+00:00
00-0037061,,8641,4247944,De'Shaan Dixon,deshaan dixon,DE,JAC,2026-09-06T23:42:28.788368+00:00
00-0037356,34537,8850,4034861,Ben Stille,ben stille,DT,ATL,2026-09-06T23:42:28.788368+00:00
00-0037491,34514,8869,4243366,J.J. Russell,jj russell,LB,ARI,2026-09-06T23:42:28.788368+00:00
00-0037645,34679,8893,4362020,Nick Sciba,nick sciba,PK,FA,2026-09-06T23:42:28.788368+00:00
00-0037581,34285,8419,4245639,Stanley Berryhill,stanley berryhill,WR,FA,2026-09-06T23:42:28.788368+00:00
00-0037172,34276,8595,4242270,Kyric McGowan,kyric mcgowan,WR,FA,2026-09-06T23:42:28.788368+00:00
00-0037560,34313,8635,4242515,Chandler Wooten,chandler wooten,LB,FA,2026-09-06T23:42:28.788368+00:00
00-0037149,,8687,4071085,Joshua Onujiogu,joshua onujiogu,LB,SEA,2026-09-06T23:42:28.788368+00:00
00-0037512,34556,8838,4259632,Isaiah Pola-Mao,isaiah pola-mao,S,LVR,2026-09-06T23:42:28.788368+00:00
00-0037341,,8794,4052609,Roderick Perry,roderick perry,DT,CLE,2026-09-06T23:42:28.788368+00:00
00-0037475,34637,8583,4250764,Stone Smartt,stone smartt,TE,NOS,2026-09-06T23:42:28.788368+00:00
00-0037153,,8691,4259636,Vi Jones,vi jones,LB,FA,2026-09-06T23:42:28.788368+00:00
00-0037606,34469,8536,4036146,Caleb Shudak,caleb shudak,PK,FA,2026-09-06T23:42:28.788368+00:00
00-0037373,,8765,4243808,Zyon Gilbert,zyon gilbert,CB,GBP,2026-09-06T23:42:28.788368+00:00
00-0037222,,8719,4240155,A.J. Thomas,aj thomas,S,FA,2026-09-06T23:42:28.788368+00:00
00-0037493,34232,8532,4244310,Mike Brown,mike brown,S,TEN,2026-09-06T23:42:28.788368+00:00
00-0037464,,8546,4039366,Jacobi Francis,jacobi francis,CB,HOU,2026-09-06T23:42:28.788368+00:00
00-0037057,,8739,4038843,Keir Thomas,keir thomas,DE,LAR,2026-09-06T23:42:28.788368+00:00
00-0037488,34517,8871,4035468,Nolan Turner,nolan turner,S,FA,2026-09-06T23:42:28.788368+00:00
00-0037401,,8836,,Forrest Rhyne,forrest rhyne,LB,IND,2026-09-06T23:42:28.788368+00:00
00-0038147,34713,8928,4262900,Daylen Baldwin,daylen baldwin,WR,MIN,2026-09-06T23:42:28.788368+00:00
00-0037551,,8625,4256041,Manny Jones,manny jones,DT,ARI,2026-09-06T23:42:28.788368+00:00
00-0037415,,8788,4242655,Allan George,allan george,CB,CIN,2026-09-06T23:42:28.788368+00:00
00-0037375,,8288,4426583,Christopher Hinton,christopher hinton,DT,LAC,2026-09-06T23:42:28.788368+00:00
00-0037468,,8578,4258237,Raheem Layne,raheem layne,S,NYG,2026-09-06T23:42:28.788368+00:00
00-0035916,,8748,4035044,TJ Carter,tj carter,CB,LAR,2026-09-06T23:42:28.788368+00:00
00-0037031,33950,8107,4916349,Nikola Kalinic,nikola kalinic,TE,CHI,2026-09-06T23:42:28.788368+00:00
00-0037181,34400,8552,4032721,Rayshad Nichols,rayshad nichols,DT,BAL,2026-09-06T23:42:28.788368+00:00
00-0037549,34302,8666,4036660,Darrell Baker,darrell baker,CB,MIA,2026-09-06T23:42:28.788368+00:00
00-0037639,,8889,4044132,William Kwenkeu,william kwenkeu,LB,BAL,2026-09-06T23:42:28.788368+00:00
00-0037051,,8736,4039170,Elijah Garcia,elijah garcia,DT,DAL,2026-09-06T23:42:28.788368+00:00
00-0037384,34574,8752,4567462,Ja'Quan McMillian,jaquan mcmillian,CB,DEN,2026-09-06T23:42:28.788368+00:00
00-0037542,34657,8670,4051167,John Parker Romo,john parker romo,PK,FA,2026-09-06T23:42:28.788368+00:00
00-0037164,34274,8192,4242896,Curtis Hodges,curtis hodges,TE,FA,2026-09-06T23:42:28.788368+00:00
00-0037506,34543,8840,4361008,Cole Fotheringham,cole fotheringham,TE,FA,2026-09-06T23:42:28.788368+00:00
00-0037547,,8674,4248789,Daniel Whelan,daniel whelan,PN,GBP,2026-09-06T23:42:28.788368+00:00
00-0037544,34716,8328,4241611,Nephi Sewell,nephi sewell,LB,CHI,2026-09-06T23:42:28.788368+00:00
00-0037627,,8887,4249596,Mike Greene,mike greene,DT,TBB,2026-09-06T23:42:28.788368+00:00
00-0037515,34561,8841,4569479,Zach VanValkenburg,zach vanvalkenburg,LB,FA,2026-09-06T23:42:28.788368+00:00
00-0037578,34595,8397,4360590,Juanyeh Thomas,juanyeh thomas,S,FA,2026-09-06T23:42:28.788368+00:00
00-0037136,,8298,4360318,Mario Goodrich,mario goodrich,CB,FA,2026-09-06T23:42:28.788368+00:00
00-0037608,,8537,4240476,Tre Swilling,tre swilling,CB,BAL,2026-09-06T23:42:28.788368+00:00
00-0037392,,8834,4360538,Trevor Denbow,trevor denbow,S,FA,2026-09-06T23:42:28.788368+00:00
00-0037179,34397,8297,4034959,Jeremiah Moon,jeremiah moon,LB,PIT,2026-09-06T23:42:28.788368+00:00
00-0037383,,8758,4360855,Kana'i Mauga,kanai mauga,LB,PIT,2026-09-06T23:42:28.788368+00:00
00-0037420,34473,8435,4035912,Kwamie Lassiter,kwamie lassiter,WR,FA,2026-09-06T23:42:28.788368+00:00
00-0037711,,8914,5081728,Jeremiah Pharms,jeremiah pharms,DT,NEP,2026-09-06T23:42:28.788368+00:00
00-0037377,34675,8763,4036817,Trenton Thompson,trenton thompson,S,FA,2026-09-06T23:42:28.788368+00:00
00-0037638,34332,8746,4247722,Benton Whitley,benton whitley,LB,ARI,2026-09-06T23:42:28.788368+00:00
00-0037654,34625,8885,4242558,Tucker Fisk,tucker fisk,TE,LAC,2026-09-06T23:42:28.788368+00:00
00-0037461,,8542,4250393,Tristin McCollum,tristin mccollum,S,LVR,2026-09-06T23:42:28.788368+00:00
00-0037450,34573,8749,4589248,Tyreik McAllister,tyreik mcallister,WR,FA,2026-09-06T23:42:28.788368+00:00
00-0037553,34306,8628,4242209,Jontre Kirklin,jontre kirklin,WR,FA,2026-09-06T23:42:28.788368+00:00
00-0037380,34569,8755,5065495,Kaden Davis,kaden davis,WR,FA,2026-09-06T23:42:28.788368+00:00
00-0037603,34465,8318,4240927,Jayden Peevy,jayden peevy,DT,FA,2026-09-06T23:42:28.788368+00:00
00-0039515,,12083,4251125,Winston Reid,winston reid,LB,CLE,2026-09-06T23:42:28.788368+00:00
00-0037609,34594,8809,4248068,Aaron Shampklin,aaron shampklin,RB,FA,2026-09-06T23:42:28.788368+00:00
00-0036971,33389,7523,4360310,Trevor Lawrence,trevor lawrence,QB,JAC,2026-09-06T23:42:28.788368+00:00
00-0036945,33399,7591,4362887,Justin Fields,justin fields,QB,KCC,2026-09-06T23:42:28.788368+00:00
00-0037013,33390,7538,4361259,Zach Wilson,zach wilson,QB,NOS,2026-09-06T23:42:28.788368+00:00
00-0037012,33391,7610,4383351,Trey Lance,trey lance,QB,LAC,2026-09-06T23:42:28.788368+00:00
00-0036972,33403,7527,4241464,Mac Jones,mac jones,QB,SFO,2026-09-06T23:42:28.788368+00:00
00-0036928,33452,7605,4034946,Kyle Trask,kyle trask,QB,FA,2026-09-06T23:42:28.788368+00:00
00-0036946,33454,7581,4240904,Kellen Mond,kellen mond,QB,FA,2026-09-06T23:42:28.788368+00:00
00-0036825,33729,7531,4034948,Feleipe Franks,feleipe franks,TE,CAR,2026-09-06T23:42:28.788368+00:00
00-0036929,33521,7589,4046678,Ian Book,ian book,QB,FA,2026-09-06T23:42:28.788368+00:00
00-0036679,33879,8002,4039034,Shane Buechele,shane buechele,QB,FA,2026-09-06T23:42:28.788368+00:00
00-0036879,33606,7583,4241820,Sam Ehlinger,sam ehlinger,QB,DEN,2026-09-06T23:42:28.788368+00:00
00-0036898,33455,7585,4242546,Davis Mills,davis mills,QB,HOU,2026-09-06T23:42:28.788368+00:00
00-0036973,33413,7543,4239996,Travis Etienne,travis etienne,RB,NOS,2026-09-06T23:42:28.788368+00:00
00-0036893,33412,7528,4241457,Najee Harris,najee harris,RB,NYG,2026-09-06T23:42:28.788368+00:00
00-0036919,33538,7567,4371733,Kenneth Gainwell,kenneth gainwell,RB,TBB,2026-09-06T23:42:28.788368+00:00
00-0036997,33423,7588,4361579,Javonte Williams,javonte williams,RB,DAL,2026-09-06T23:42:28.788368+00:00
00-0036984,33476,7593,4241401,Trey Sermon,trey sermon,RB,ATL,2026-09-06T23:42:28.788368+00:00
00-0036924,33495,7607,4240657,Michael Carter,michael carter,RB,TEN,2026-09-06T23:42:28.788368+00:00
00-0036875,33508,7611,4569173,Rhamondre Stevenson,rhamondre stevenson,RB,NEP,2026-09-06T23:42:28.788368+00:00
00-0036755,33706,7537,4362452,Jaret Patterson,jaret patterson,RB,FA,2026-09-06T23:42:28.788368+00:00
00-0036555,33514,7594,4241416,Chuba Hubbard,chuba hubbard,RB,CAR,2026-09-06T23:42:28.788368+00:00
00-0036670,33644,7599,4374033,Jermar Jefferson,jermar jefferson,RB,FA,2026-09-06T23:42:28.788368+00:00
00-0036567,33582,7561,4241555,Elijah Mitchell,elijah mitchell,RB,FA,2026-09-06T23:42:28.788368+00:00
00-0036669,33643,7572,4259805,Kylin Hill,kylin hill,RB,FA,2026-09-06T23:42:28.788368+00:00
00-0036734,33850,7560,,Pooka Williams,pooka williams,RB,FA,2026-09-06T23:42:28.788368+00:00
00-0036819,33784,7918,,A.J. Rose,aj rose,RB,FA,2026-09-06T23:42:28.788368+00:00
00-0036827,33731,7563,4360802,Javian Hawkins,javian hawkins,RB,FA,2026-09-06T23:42:28.788368+00:00
00-0036698,33839,8085,4379504,Mekhi Sargent,mekhi sargent,RB,FA,2026-09-06T23:42:28.788368+00:00
00-0036654,33599,7609,4035826,Demetric Felton,demetric felton,RB,FA,2026-09-06T23:42:28.788368+00:00
00-0036906,33605,7608,4035886,Khalil Herbert,khalil herbert,RB,FA,2026-09-06T23:42:28.788368+00:00
00-0036650,33586,7574,4241205,Larry Rountree,larry rountree,RB,FA,2026-09-06T23:42:28.788368+00:00
00-0036548,33692,7904,,Stevie Scott,stevie scott,RB,FA,2026-09-06T23:42:28.788368+00:00
00-0036523,33809,7993,4040728,Trey Ragas,trey ragas,RB,FA,2026-09-06T23:42:28.788368+00:00
00-0036857,33590,7794,4046530,Chris Evans,chris evans,RB,FA,2026-09-06T23:42:28.788368+00:00
00-0036543,33724,7867,4239768,Spencer Brown,spencer brown,RB,CAR,2026-09-06T23:42:28.788368+00:00
00-0036493,33798,7551,4240455,Deon Jackson,deon jackson,RB,FA,2026-09-06T23:42:28.788368+00:00
00-0036900,33393,7564,4362628,Ja'Marr Chase,jamarr chase,WR,CIN,2026-09-06T23:42:28.788368+00:00
00-0036912,33398,7525,4241478,DeVonta Smith,devonta smith,WR,PHI,2026-09-06T23:42:28.788368+00:00
00-0036936,33437,7601,4372485,Rondale Moore,rondale moore,XX,MIN,2026-09-06T23:42:28.788368+00:00
00-0036613,33394,7526,4372016,Jaylen Waddle,jaylen waddle,WR,DEN,2026-09-06T23:42:28.788368+00:00
00-0036630,33519,7595,4241424,Tylan Wallace,tylan wallace,WR,CLE,2026-09-06T23:42:28.788368+00:00
00-0036657,33607,7534,4371974,Seth Williams,seth williams,WR,FA,2026-09-06T23:42:28.788368+00:00
00-0036963,33500,7547,4374302,Amon-Ra St. Brown,amon-ra st brown,WR,DET,2026-09-06T23:42:28.788368+00:00
00-0036980,33422,7596,4372414,Elijah Moore,elijah moore,WR,PHI,2026-09-06T23:42:28.788368+00:00
00-0036913,33408,7606,4240600,Kadarius Toney,kadarius toney,WR,FA,2026-09-06T23:42:28.788368+00:00
00-0036554,33477,7569,4258173,Nico Collins,nico collins,WR,HOU,2026-09-06T23:42:28.788368+00:00
00-0036907,33609,7586,4240661,Dazz Newsome,dazz newsome,WR,FA,2026-09-06T23:42:28.788368+00:00
00-0036626,33470,7587,4361577,Dyami Brown,dyami brown,WR,WAS,2026-09-06T23:42:28.788368+00:00
00-0036550,33415,7571,4360939,Rashod Bateman,rashod bateman,WR,BAL,2026-09-06T23:42:28.788368+00:00
00-0036753,33773,7576,4240432,Sage Surratt,sage surratt,WR,FA,2026-09-06T23:42:28.788368+00:00
00-0036999,33479,7533,4371986,Anthony Schwartz,anthony schwartz,WR,FA,2026-09-06T23:42:28.788368+00:00
00-0036991,33473,7540,4239992,Amari Rodgers,amari rodgers,WR,FA,2026-09-06T23:42:28.788368+00:00
00-0036572,33592,7603,4259499,Shi Smith,shi smith,WR,FA,2026-09-06T23:42:28.788368+00:00
00-0036721,33897,7550,,Warren Jackson,warren jackson,WR,FA,2026-09-06T23:42:28.788368+00:00
00-0036849,33445,7562,4360797,Tutu Atwell,tutu atwell,WR,LAR,2026-09-06T23:42:28.788368+00:00
00-0036620,33444,7612,4043016,Dee Eskridge,dwayne eskridge,WR,MIA,2026-09-06T23:42:28.788368+00:00
00-0036646,33567,7812,4360739,Simi Fehoko,simi fehoko,WR,ARI,2026-09-06T23:42:28.788368+00:00
00-0036951,33575,7530,4047836,Frank Darby,frank darby,WR,FA,2026-09-06T23:42:28.788368+00:00
00-0036536,33630,7546,4047648,Tre Nixon,tre nixon,WR,FA,2026-09-06T23:42:28.788368+00:00
00-0036776,33709,7862,4043158,T.J. Vasher,tj vasher,WR,FA,2026-09-06T23:42:28.788368+00:00
00-0036955,33447,7565,4362630,Terrace Marshall,terrace marshall,WR,FA,2026-09-06T23:42:28.788368+00:00
00-0036773,33711,7860,,Osirus Mitchell,osirus mitchell,WR,FA,2026-09-06T23:42:28.788368+00:00
00-0036526,33812,7996,4038460,Dillon Stoner,dillon stoner,WR,FA,2026-09-06T23:42:28.788368+00:00
00-0036495,33800,7548,,Tyler Vaughns,tyler vaughns,WR,FA,2026-09-06T23:42:28.788368+00:00
00-0036652,33593,7793,4242231,Racey McMath,racey mcmath,WR,FA,2026-09-06T23:42:28.788368+00:00
00-0036647,33569,7541,4035465,Cornell Powell,cornell powell,WR,PIT,2026-09-06T23:42:28.788368+00:00
00-0036571,33591,7556,4039307,Marquez Stevenson,marquez stevenson,WR,FA,2026-09-06T23:42:28.788368+00:00
00-0036988,33465,7670,4242433,Joshua Palmer,josh palmer,WR,BUF,2026-09-06T23:42:28.788368+00:00
00-0036877,33517,7713,4243830,Jaelon Darden,jaelon darden,WR,FA,2026-09-06T23:42:28.788368+00:00
00-0036676,33830,7579,4363409,Austin Watkins,austin watkins,WR,FA,2026-09-06T23:42:28.788368+00:00
00-0036810,33858,7956,4031033,Cade Johnson,cade johnson,WR,FA,2026-09-06T23:42:28.788368+00:00
00-0036671,33645,7751,4373642,Dax Milne,dax milne,WR,FA,2026-09-06T23:42:28.788368+00:00
00-0036491,33797,8005,4258170,Tarik Black,tarik black,WR,FA,2026-09-06T23:42:28.788368+00:00
00-0036970,33392,7553,4360248,Kyle Pitts,kyle pitts,TE,ATL,2026-09-06T23:42:28.788368+00:00
00-0036556,33535,7568,4362504,Brevin Jordan,brevin jordan,TE,HOU,2026-09-06T23:42:28.788368+00:00
00-0036894,33443,7600,4361411,Pat Freiermuth,pat freiermuth,TE,PIT,2026-09-06T23:42:28.788368+00:00
00-0037005,33471,7694,4372780,Tommy Tremble,tommy tremble,TE,CAR,2026-09-06T23:42:28.788368+00:00
00-0037011,33485,7554,4240023,Tre' McKitty,tre mckitty,TE,FA,2026-09-06T23:42:28.788368+00:00
00-0037004,33469,7535,4239944,Hunter Long,hunter long,TE,ARI,2026-09-06T23:42:28.788368+00:00
00-0036887,33533,7842,4040612,Luke Farrell,luke farrell,TE,SFO,2026-09-06T23:42:28.788368+00:00
00-0036766,33714,7859,,Nick Eubanks,nick eubanks,TE,FA,2026-09-06T23:42:28.788368+00:00
00-0036637,33550,7828,4240472,Noah Gray,noah gray,TE,KCC,2026-09-06T23:42:28.788368+00:00
00-0036718,33892,8018,,Shaun Beyer,shaun beyer,TE,DEN,2026-09-06T23:42:28.788368+00:00
00-0036510,33705,7597,4044144,Kenny Yeboah,kenny yeboah,TE,FA,2026-09-06T23:42:28.788368+00:00
00-0036583,33791,7972,4039271,Tony Poljan,tony poljan,TE,FA,2026-09-06T23:42:28.788368+00:00
00-0036590,33819,7536,4244049,Quintin Morris,quintin morris,TE,JAC,2026-09-06T23:42:28.788368+00:00
00-0036640,33556,7943,4746079,Zach Davidson,zach davidson,TE,NYG,2026-09-06T23:42:28.788368+00:00
00-0036628,33512,7716,4048228,John Bates,john bates,TE,WAS,2026-09-06T23:42:28.788368+00:00
00-0036479,33409,7633,4258194,Kwity Paye,kwity paye,DE,LVR,2026-09-06T23:42:28.788368+00:00
00-0036914,33418,7627,4362506,Gregory Rousseau,gregory rousseau,DE,BUF,2026-09-06T23:42:28.788368+00:00
00-0036938,33523,7709,4036076,Rashad Weaver,rashad weaver,DE,LAC,2026-09-06T23:42:28.788368+00:00
00-0036553,33449,7646,4037239,Carlos Basham,carlos basham,DE,FA,2026-09-06T23:42:28.788368+00:00
00-0036934,33406,7635,4242975,Jaelan Phillips,jaelan phillips,DE,CAR,2026-09-06T23:42:28.788368+00:00
00-0036932,33400,7640,4361423,Micah Parsons,micah parsons,DE,GBP,2026-09-06T23:42:28.788368+00:00
00-0036915,33440,7651,4258599,Jeremiah Owusu-Koramoah,jeremiah owusu-koramoah,LB,CLE,2026-09-06T23:42:28.788368+00:00
00-0036933,33404,7637,4244606,Zaven Collins,zaven collins,DE,ARI,2026-09-06T23:42:28.788368+00:00
00-0037003,33466,7673,4037521,Chazz Surratt,chazz surratt,LB,SEA,2026-09-06T23:42:28.788368+00:00
00-0036508,33650,8009,,Dylan Moses,dylan moses,LB,FA,2026-09-06T23:42:28.788368+00:00
00-0036621,33446,7648,4362759,Nick Bolton,nick bolton,LB,KCC,2026-09-06T23:42:28.788368+00:00
00-0036995,33493,7681,4241987,Baron Browning,baron browning,DE,ARI,2026-09-06T23:42:28.788368+00:00
00-0036981,33426,7664,4372030,Christian Barmore,christian barmore,DT,NEP,2026-09-06T23:42:28.788368+00:00
00-0036883,33520,7711,4361366,Tommy Togiai,tommy togiai,DT,HOU,2026-09-06T23:42:28.788368+00:00
00-0036881,33494,7731,4259647,Jay Tufele,jay tufele,DT,FA,2026-09-06T23:42:28.788368+00:00
00-0036615,33410,7632,4240859,Caleb Farley,caleb farley,CB,FA,2026-09-06T23:42:28.788368+00:00
00-0036944,33396,7642,4362847,Jaycee Horn,jaycee horn,CB,CAR,2026-09-06T23:42:28.788368+00:00
00-0036874,33397,7641,4372012,Patrick Surtain II,patrick surtain,CB,DEN,2026-09-06T23:42:28.788368+00:00
00-0036993,33489,7680,4240401,Ifeatu Melifonwu,ifeatu melifonwu,S,TBB,2026-09-06T23:42:28.788368+00:00
00-0036941,33453,7698,4361939,Andre Cisco,andre cisco,S,NYJ,2026-09-06T23:42:28.788368+00:00
00-0036962,33431,7659,4362487,Trevon Moehrig,trevon moehrig,S,CAR,2026-09-06T23:42:28.788368+00:00
00-0036998,33424,7666,4373809,Jevon Holland,jevon holland,S,NYG,2026-09-06T23:42:28.788368+00:00
00-0036503,33574,7806,4240030,Hamsah Nasirildeen,hamsah nasirildeen,LB,FA,2026-09-06T23:42:28.788368+00:00
00-0036854,33537,7839,4360234,Evan McPherson,evan mcpherson,PK,CIN,2026-09-06T23:42:28.788368+00:00
00-0036816,33781,7922,4243371,Riley Patterson,riley patterson,PK,MIA,2026-09-06T23:42:28.788368+00:00
00-0036470,33382,7618,,Micah Simon,micah simon,WR,FA,2026-09-06T23:42:28.788368+00:00
00-0036614,33407,7634,4240778,Jamin Davis,jamin davis,LB,FA,2026-09-06T23:42:28.788368+00:00
00-0036474,33386,7622,3148929,Sammis Reyes,sammis reyes,TE,FA,2026-09-06T23:42:28.788368+00:00
00-0036996,33414,7630,4361266,Greg Newsome,greg newsome,CB,NYG,2026-09-06T23:42:28.788368+00:00
00-0036926,33416,7629,4240269,Payton Turner,payton turner,DE,DET,2026-09-06T23:42:28.788368+00:00
00-0036901,33417,7628,4259561,Eric Stokes,eric stokes,CB,LVR,2026-09-06T23:42:28.788368+00:00
00-0036940,33419,7626,4361422,Odafe Oweh,odafe oweh,DE,WAS,2026-09-06T23:42:28.788368+00:00
00-0036967,33420,7625,4243333,Joe Tryon,joe tryon-shoyinka,DE,FA,2026-09-06T23:42:28.788368+00:00
00-0036974,33421,7667,4379397,Tyson Campbell,tyson campbell,CB,CLE,2026-09-06T23:42:28.788368+00:00
00-0036961,33428,7662,4042119,Richie Grant,richie grant,S,NEP,2026-09-06T23:42:28.788368+00:00
00-0036954,33429,7661,4039020,Levi Onwuzurike,levi onwuzurike,DT,DET,2026-09-06T23:42:28.788368+00:00
00-0036935,33432,7658,4362629,Kelvin Joseph,kelvin joseph,CB,FA,2026-09-06T23:42:28.788368+00:00
00-0036617,33435,7655,4363034,Asante Samuel,asante samuel,CB,PIT,2026-09-06T23:42:28.788368+00:00
00-0036552,33438,7653,4379409,Azeez Ojulari,azeez ojulari,DE,FA,2026-09-06T23:42:28.788368+00:00
00-0036480,33442,7649,4242659,Dayo Odeyingbo,dayo odeyingbo,DE,CHI,2026-09-06T23:42:28.788368+00:00
00-0036927,33448,7647,4241993,Pete Werner,pete werner,LB,NOS,2026-09-06T23:42:28.788368+00:00
00-0036902,33457,7678,4362094,Joseph Ossai,joseph ossai,DE,NYJ,2026-09-06T23:42:28.788368+00:00
00-0036899,33459,7668,4040979,Aaron Robinson,aaron robinson,CB,FA,2026-09-06T23:42:28.788368+00:00
00-0036624,33460,7679,4361662,Alim McNeill,alim mcneill,DT,DET,2026-09-06T23:42:28.788368+00:00
00-0036916,33461,7696,4239699,Milton Williams,milton williams,DT,NEP,2026-09-06T23:42:28.788368+00:00
00-0036625,33462,7671,4258206,Benjamin St-Juste,benjamin st-juste,CB,GBP,2026-09-06T23:42:28.788368+00:00
00-0036942,33463,7695,4035840,Osa Odighizuwa,osa odighizuwa,DT,SFO,2026-09-06T23:42:28.788368+00:00
00-0036937,33464,7669,4242547,Paulson Adebo,paulson adebo,CB,NYG,2026-09-06T23:42:28.788368+00:00
00-0036989,33467,7676,4239719,Malcolm Koonce,malcolm koonce,DE,LVR,2026-09-06T23:42:28.788368+00:00
00-0036990,33468,7677,4037626,Divine Deablo,divine deablo,LB,ATL,2026-09-06T23:42:28.788368+00:00
00-0036982,33472,7693,4036132,Chauncey Golston,chauncey golston,DE,NYG,2026-09-06T23:42:28.788368+00:00
00-0037007,33478,7674,4036063,Patrick Jones,patrick jones,DE,CAR,2026-09-06T23:42:28.788368+00:00
00-0037000,33480,7683,4240692,Monty Rice,monty rice,LB,FA,2026-09-06T23:42:28.788368+00:00
00-0036978,33484,7688,4360274,Ronnie Perkins,ronnie perkins,DE,FA,2026-09-06T23:42:28.788368+00:00
00-0036986,33487,7687,4570470,Nahshon Wright,nahshon wright,CB,NYJ,2026-09-06T23:42:28.788368+00:00
00-0036992,33488,7682,4243328,Elijah Molden,elijah molden,S,LAC,2026-09-06T23:42:28.788368+00:00
00-0037008,33490,7686,4258209,Ambry Thomas,ambry thomas,CB,PHI,2026-09-06T23:42:28.788368+00:00
00-0036994,33491,7672,4362851,Ernest Jones,ernest jones,LB,SEA,2026-09-06T23:42:28.788368+00:00
00-0036987,33492,7685,4035824,Brandon Stephens,brandon stephens,CB,NYJ,2026-09-06T23:42:28.788368+00:00
00-0036956,33496,7730,4261606,Darren Hall,darren hall,S,ARI,2026-09-06T23:42:28.788368+00:00
00-0036627,33497,7729,4036026,Dez Fitzpatrick,dez fitzpatrick,WR,FA,2026-09-06T23:42:28.788368+00:00
00-0036850,33499,7727,4243923,Cameron Sample,cameron sample,DE,FA,2026-09-06T23:42:28.788368+00:00
00-0036964,33501,7726,4260409,Derrick Barnes,derrick barnes,LB,DET,2026-09-06T23:42:28.788368+00:00
00-0036882,33503,7724,4040940,Jabril Cox,jabril cox,LB,FA,2026-09-06T23:42:28.788368+00:00
00-0036895,33504,7723,4030924,Elerson Smith,elerson smith,DE,FA,2026-09-06T23:42:28.788368+00:00
00-0036903,33505,7722,4372518,Bobby Brown,bobby brown,DT,CAR,2026-09-06T23:42:28.788368+00:00
00-0036867,33506,7721,4240475,Chris Rumph,chris rumph,DE,NOS,2026-09-06T23:42:28.788368+00:00
00-0036842,33507,7720,4035537,Kene Nwangwu,kene nwangwu,RB,NYJ,2026-09-06T23:42:28.788368+00:00
00-0036868,33509,7719,4034957,Jordan Smith,jordan smith,DE,FA,2026-09-06T23:42:28.788368+00:00
00-0036851,33510,7718,4242228,Tyler Shelvin,tyler shelvin,DT,FA,2026-09-06T23:42:28.788368+00:00
00-0036917,33511,7717,4045161,Zech McPhearson,zech mcphearson,CB,FA,2026-09-06T23:42:28.788368+00:00
00-0036629,33513,7715,4035861,Camryn Bynum,camryn bynum,S,IND,2026-09-06T23:42:28.788368+00:00
00-0036876,33515,7602,4039160,Kylen Granson,kylen granson,TE,TEN,2026-09-06T23:42:28.788368+00:00
00-0036904,33518,7712,4032200,Robert Rochell,robert rochell,CB,CAR,2026-09-06T23:42:28.788368+00:00
00-0036878,33522,7710,4035604,Janarius Robinson,janarius robinson,DE,KCC,2026-09-06T23:42:28.788368+00:00
00-0036884,33524,7708,4240595,Marco Wilson,marco wilson,CB,FA,2026-09-06T23:42:28.788368+00:00
00-0036885,33525,7707,4241373,Tre Brown,tre brown,CB,NYJ,2026-09-06T23:42:28.788368+00:00
00-0036870,33528,7704,4240900,Buddy Johnson,buddy johnson,LB,CHI,2026-09-06T23:42:28.788368+00:00
00-0036918,33529,7703,3932144,Jacob Harris,jacob harris,WR,FA,2026-09-06T23:42:28.788368+00:00
00-0036853,33531,7701,4241195,Tyree Gillespie,tyree gillespie,S,FA,2026-09-06T23:42:28.788368+00:00
00-0036632,33532,7700,4240026,Joshua Kaindoh,joshua kaindoh,DE,FA,2026-09-06T23:42:28.788368+00:00
00-0036500,33534,7841,4361331,Jamien Sherwood,jamien sherwood,LB,NYJ,2026-09-06T23:42:28.788368+00:00
00-0036948,33536,7840,4262197,Ta'Quon Graham,taquon graham,DT,FA,2026-09-06T23:42:28.788368+00:00
00-0036633,33540,7837,4362077,Caden Sterns,caden sterns,S,FA,2026-09-06T23:42:28.788368+00:00
00-0036634,33541,7836,4245655,Tony Fields,tony fields,LB,CHI,2026-09-06T23:42:28.788368+00:00
00-0036501,33542,7835,4240456,Michael Carter,michael carter,CB,PHI,2026-09-06T23:42:28.788368+00:00
00-0036843,33544,7833,4035798,Isaiahh Loudermilk,isaiahh loudermilk,DT,FA,2026-09-06T23:42:28.788368+00:00
00-0036635,33545,7559,4240573,Ihmir Smith-Marsette,ihmir smith-marsette,WR,FA,2026-09-06T23:42:28.788368+00:00
00-0036558,33546,7832,4360484,Daviyon Nixon,daviyon nixon,DT,FA,2026-09-06T23:42:28.788368+00:00
00-0036559,33548,7830,4241995,Shaun Wade,shaun wade,CB,FA,2026-09-06T23:42:28.788368+00:00
00-0036638,33551,7827,4239088,Darrick Forrest,darrick forrest,S,SFO,2026-09-06T23:42:28.788368+00:00
00-0036639,33552,7826,4371949,Jamar Johnson,jamar johnson,S,FA,2026-09-06T23:42:28.788368+00:00
00-0036481,33553,7825,4240602,Shawn Davis,shawn davis,S,FA,2026-09-06T23:42:28.788368+00:00
00-0036561,33554,7824,4243332,Keith Taylor,keith taylor,CB,FA,2026-09-06T23:42:28.788368+00:00
00-0036871,33555,7823,4240542,Nate Hobbs,nate hobbs,CB,SFO,2026-09-06T23:42:28.788368+00:00
00-0036641,,7822,4240686,Richard LeCounte,richard lecounte,S,FA,2026-09-06T23:42:28.788368+00:00
00-0036844,33558,7821,4241807,Garret Wallow,garret wallow,LB,SFO,2026-09-06T23:42:28.788368+00:00
00-0036562,33559,7820,4039028,Daelin Hayes,daelin hayes,LB,FA,2026-09-06T23:42:28.788368+00:00
00-0036563,33560,7819,4242488,Deommodore Lenoir,deommodore lenoir,CB,SFO,2026-09-06T23:42:28.788368+00:00
00-0036642,33561,7818,4240612,Tedarrell Slaton,tedarrell slaton,DT,CIN,2026-09-06T23:42:28.788368+00:00
00-0036855,33562,7817,4242292,Earnest Brown,earnest brown,DE,FA,2026-09-06T23:42:28.788368+00:00
00-0036502,33563,7816,4240706,Jason Pinnock,jason pinnock,S,NYG,2026-09-06T23:42:28.788368+00:00
00-0036643,33564,7815,4242521,K.J. Britt,kj britt,LB,NEP,2026-09-06T23:42:28.788368+00:00
00-0036644,33565,7814,4372085,Cameron McGrone,cameron mcgrone,LB,LVR,2026-09-06T23:42:28.788368+00:00
00-0036645,33566,7813,4036430,Shemar Jean-Charles,shemar jean-charles,CB,SEA,2026-09-06T23:42:28.788368+00:00
00-0036564,33568,7811,4360853,Talanoa Hufanga,talanoa hufanga,S,DEN,2026-09-06T23:42:28.788368+00:00
00-0036949,33570,7810,4046693,Adetokunbo Ogundeji,adetokunbo ogundeji,DE,FA,2026-09-06T23:42:28.788368+00:00
00-0036950,33571,7809,4048259,Avery Williams,avery williams,RB,NYJ,2026-09-06T23:42:28.788368+00:00
00-0036565,33572,7808,4258190,Ben Mason,ben mason,RB,BAL,2026-09-06T23:42:28.788368+00:00
00-0036648,33573,7807,4036141,Nick Niemann,nick niemann,LB,GBP,2026-09-06T23:42:28.788368+00:00
00-0036872,33576,7805,4241199,Joshuah Bledsoe,joshuah bledsoe,S,FA,2026-09-06T23:42:28.788368+00:00
00-0036920,33577,7804,4243218,Marlon Tuipulotu,marlon tuipulotu,DT,FA,2026-09-06T23:42:28.788368+00:00
00-0036921,33579,7802,4052031,Tarron Jackson,tarron jackson,DE,PHI,2026-09-06T23:42:28.788368+00:00
00-0036649,33580,7801,4259978,Quinton Bohanna,quinton bohanna,DT,FA,2026-09-06T23:42:28.788368+00:00
00-0036568,33583,7799,4040805,Roy Lopez,roy lopez,DT,ARI,2026-09-06T23:42:28.788368+00:00
00-0036569,33584,7529,4245645,Gary Brightwell,gary brightwell,RB,FA,2026-09-06T23:42:28.788368+00:00
00-0036651,33587,7797,4240716,Jaylen Twyman,jaylen twyman,DT,FA,2026-09-06T23:42:28.788368+00:00
00-0036504,33588,7796,4567979,Brandin Echols,brandin echols,CB,PIT,2026-09-06T23:42:28.788368+00:00
00-0036570,33589,7795,4038430,Rodarius Williams,rodarius williams,CB,FA,2026-09-06T23:42:28.788368+00:00
00-0036505,33595,7791,4035590,Jonathan Marshall,jonathan marshall,DT,PIT,2026-09-06T23:42:28.788368+00:00
00-0036858,33597,7789,4037311,Jalen Camp,jalen camp,WR,FA,2026-09-06T23:42:28.788368+00:00
00-0036896,33598,7788,4240464,Victor Dimukeje,victor dimukeje,DE,SFO,2026-09-06T23:42:28.788368+00:00
00-0036888,33600,7787,4036060,Damar Hamlin,damar hamlin,S,BUF,2026-09-06T23:42:28.788368+00:00
00-0036573,33601,7786,4372560,Rachad Wildgoose,rachad wildgoose,CB,FA,2026-09-06T23:42:28.788368+00:00
00-0036656,33603,7784,4038944,Brady Breeze,brady breeze,S,FA,2026-09-06T23:42:28.788368+00:00
00-0036845,33604,7783,4044145,Quincy Roche,quincy roche,DE,FA,2026-09-06T23:42:28.788368+00:00
00-0036658,33608,7782,4239947,Isaiah McDuffie,isaiah mcduffie,LB,GBP,2026-09-06T23:42:28.788368+00:00
00-0036897,33611,7780,4038967,Tay Gowan,tay gowan,CB,TEN,2026-09-06T23:42:28.788368+00:00
00-0036925,33612,7779,4242204,JaCoby Stevens,jacoby stevens,S,FA,2026-09-06T23:42:28.788368+00:00
00-0036661,33615,7776,4362855,Israel Mukuamu,israel mukuamu,S,FA,2026-09-06T23:42:28.788368+00:00
00-0036908,33616,7775,4242485,Thomas Graham,thomas graham,CB,PIT,2026-09-06T23:42:28.788368+00:00
00-0036482,33620,7944,4589245,Mike Strachan,mike strachan,WR,FA,2026-09-06T23:42:28.788368+00:00
00-0036576,33619,7772,4259989,Phil Hoskins,phil hoskins,DT,ARI,2026-09-06T23:42:28.788368+00:00
00-0036860,33621,7771,4036224,Jake Funk,jake funk,RB,FA,2026-09-06T23:42:28.788368+00:00
00-0036922,33622,7770,4243916,Patrick Johnson,patrick johnson,DE,LVR,2026-09-06T23:42:28.788368+00:00
00-0036861,33623,7769,4241344,Wyatt Hubert,wyatt hubert,DE,FA,2026-09-06T23:42:28.788368+00:00
00-0036662,,7767,4242211,Kary Vincent,kary vincent,CB,FA,2026-09-06T23:42:28.788368+00:00
00-0036952,33627,7765,4040608,Jonathon Cooper,jonathon cooper,DE,DEN,2026-09-06T23:42:28.788368+00:00
00-0036664,,7764,4036476,William Bradley-King,william bradley-king,DE,NEP,2026-09-06T23:42:28.788368+00:00
00-0036665,,7763,4259570,Mark Webb,mark webb,S,FA,2026-09-06T23:42:28.788368+00:00
00-0036889,33631,7762,4044064,James Wiggins,james wiggins,S,FA,2026-09-06T23:42:28.788368+00:00
00-0036578,33632,7539,4037478,Gerrid Doaks,gerrid doaks,RB,FA,2026-09-06T23:42:28.788368+00:00
00-0036846,33633,7761,4241396,Tre Norwood,tre norwood,S,FA,2026-09-06T23:42:28.788368+00:00
00-0036666,33634,7760,4045169,Shaka Toney,shaka toney,DE,FA,2026-09-06T23:42:28.788368+00:00
00-0036862,33637,7757,4035656,Ben Skowronek,ben skowronek,WR,PIT,2026-09-06T23:42:28.788368+00:00
00-0036909,33851,7756,4256074,Khyiris Tonga,khyiris tonga,DT,KCC,2026-09-06T23:42:28.788368+00:00
00-0036667,,7755,4046652,Chris Wilcox,chris wilcox,CB,IND,2026-09-06T23:42:28.788368+00:00
00-0036863,33640,7945,4820589,Chris Garrett,chris garrett,LB,SEA,2026-09-06T23:42:28.788368+00:00
00-0036668,33639,7754,4035372,Marquiss Spencer,marquiss spencer,DE,NYJ,2026-09-06T23:42:28.788368+00:00
00-0036847,,7753,4240485,Pressley Harvin,pressley harvin,PN,SFO,2026-09-06T23:42:28.788368+00:00
00-0036939,33642,7752,4068152,Kawaan Baker,kawaan baker,WR,NEP,2026-09-06T23:42:28.788368+00:00
00-0036672,33646,7750,4240255,Grant Stuard,grant stuard,LB,LAR,2026-09-06T23:42:28.788368+00:00
00-0036750,33770,7890,,Javon McKinley,javon mckinley,WR,FA,2026-09-06T23:42:28.788368+00:00
00-0036799,33859,8051,4390717,Josh Johnson,josh johnson,RB,FA,2026-09-06T23:42:28.788368+00:00
00-0036582,33793,8058,4820592,Nate McCrary,nate mccrary,RB,FA,2026-09-06T23:42:28.788368+00:00
00-0036818,33783,7552,,Blake Proehl,blake proehl,WR,FA,2026-09-06T23:42:28.788368+00:00
00-0036829,33732,7741,4244732,Caleb Huntley,caleb huntley,RB,FA,2026-09-06T23:42:28.788368+00:00
00-0036519,33804,7992,4242369,Matt Bushman,matt bushman,TE,FA,2026-09-06T23:42:28.788368+00:00
00-0036757,33867,7961,,Jose Borregales,jose borregales,PK,FA,2026-09-06T23:42:28.788368+00:00
00-0036587,33788,7970,4362492,Ar'Darius Washington,ardarius washington,S,NYG,2026-09-06T23:42:28.788368+00:00
00-0036515,33700,8042,4241822,Chris Naggar,chris naggar,PK,FA,2026-09-06T23:42:28.788368+00:00
00-0036689,33750,8029,4240029,Marvin Wilson,marvin wilson,DT,FA,2026-09-06T23:42:28.788368+00:00
00-0036782,33875,7573,,Damon Hazelton,damon hazelton,WR,FA,2026-09-06T23:42:28.788368+00:00
00-0036711,33914,7849,4240849,Charles Snowden,charles snowden,DE,FA,2026-09-06T23:42:28.788368+00:00
00-0036488,33787,8040,4046532,Quinn Nordin,quinn nordin,PK,FA,2026-09-06T23:42:28.788368+00:00
00-0036673,33827,7732,,Justin Hilliard,justin hilliard,LB,FA,2026-09-06T23:42:28.788368+00:00
00-0036716,33680,7936,4038432,Amen Ogbongbemiga,amen ogbongbemiga,LB,FA,2026-09-06T23:42:28.788368+00:00
00-0036541,33658,7901,,Rico Bussey,rico bussey,WR,PIT,2026-09-06T23:42:28.788368+00:00
00-0036469,33381,7617,3919602,Matt Ammendola,matt ammendola,PK,FA,2026-09-06T23:42:28.788368+00:00
00-0036683,,8004,4037559,Devon Key,devon key,S,DEN,2026-09-06T23:42:28.788368+00:00
00-0036824,33728,7982,,Dorian Etheridge,dorian etheridge,LB,ATL,2026-09-06T23:42:28.788368+00:00
00-0036692,33836,7854,4040714,Miller Forristall,miller forristall,TE,LAR,2026-09-06T23:42:28.788368+00:00
00-0036678,33878,8003,4034835,DiCaprio Bootle,dicaprio bootle,CB,FA,2026-09-06T23:42:28.788368+00:00
00-0036730,33846,7987,4370351,Darius Hodge,darius hodge,DE,FA,2026-09-06T23:42:28.788368+00:00
00-0036802,33862,7957,4258485,Jon Rhattigan,jon rhattigan,LB,FA,2026-09-06T23:42:28.788368+00:00
00-0036598,33664,7915,4035554,Landen Akers,landen akers,WR,FA,2026-09-06T23:42:28.788368+00:00
00-0036741,33891,7946,4034862,Jack Stoll,jack stoll,TE,FA,2026-09-06T23:42:28.788368+00:00
00-0036752,33772,7892,4046592,AJ Parker,aj parker,CB,FA,2026-09-06T23:42:28.788368+00:00
00-0036748,33768,7889,4373578,Jerry Jacobs,jerry jacobs,CB,FA,2026-09-06T23:42:28.788368+00:00
00-0036725,33900,8024,4035279,Andre Mintze,andre mintze,LB,DEN,2026-09-06T23:42:28.788368+00:00
00-0036611,33654,7930,4241135,Raymond Johnson,raymond johnson,DE,CIN,2026-09-06T23:42:28.788368+00:00
00-0036465,33373,7519,3908943,Aaron Patrick,aaron patrick,DE,FA,2026-09-06T23:42:28.788368+00:00
00-0036704,33907,7846,4051069,Caleb Johnson,caleb johnson,LB,FA,2026-09-06T23:42:28.788368+00:00
00-0036691,33835,7852,4242212,Tory Carter,tory carter,RB,FA,2026-09-06T23:42:28.788368+00:00
00-0036774,33713,7941,3893625,Nick Ralston,nick ralston,TE,FA,2026-09-06T23:42:28.788368+00:00
00-0036767,33719,7866,4242509,Austin Faoliu,austin faoliu,DT,FA,2026-09-06T23:42:28.788368+00:00
00-0036506,,8044,4255989,Isaiah Dunn,isaiah dunn,CB,SEA,2026-09-06T23:42:28.788368+00:00
00-0036780,33679,7931,4373582,Forrest Merrill,forrest merrill,DT,LAC,2026-09-06T23:42:28.788368+00:00
00-0036534,33803,8041,4608362,Shane Zylstra,shane zylstra,TE,NEP,2026-09-06T23:42:28.788368+00:00
00-0036703,33906,8055,4046184,Brian Johnson,brian johnson,PK,FA,2026-09-06T23:42:28.788368+00:00
00-0036705,33908,7844,4033855,Sam Kamara,sam kamara,DT,CLE,2026-09-06T23:42:28.788368+00:00
00-0036589,33818,7974,4036169,Nick McCloud,nick mccloud,CB,FA,2026-09-06T23:42:28.788368+00:00
00-0036546,33684,7912,4361942,Trill Williams,trill williams,CB,MIA,2026-09-06T23:42:28.788368+00:00
00-0036695,33833,7853,4046716,Naquan Jones,naquan jones,DT,MIN,2026-09-06T23:42:28.788368+00:00
00-0036728,33902,8020,4044448,Curtis Robinson,curtis robinson,LB,FA,2026-09-06T23:42:28.788368+00:00
00-0036754,33774,7891,4242392,Brock Wright,brock wright,TE,DET,2026-09-06T23:42:28.788368+00:00
00-0036537,33687,8037,3923400,Josiah Bronson,josiah bronson,DT,FA,2026-09-06T23:42:28.788368+00:00
00-0036530,33659,8084,4036033,Mark Gilbert,mark gilbert,CB,DET,2026-09-06T23:42:28.788368+00:00
00-0036586,33816,8059,,Barrington Wade,barrington wade,LB,DEN,2026-09-06T23:42:28.788368+00:00
00-0036788,33755,7880,4039485,Jack Heflin,jack heflin,DT,NYJ,2026-09-06T23:42:28.788368+00:00
00-0036517,33702,7877,4042827,Hamilcar Rashed,hamilcar rashed,DE,NYJ,2026-09-06T23:42:28.788368+00:00
00-0036688,,8031,4034788,Kiondre Thomas,kiondre thomas,CB,FA,2026-09-06T23:42:28.788368+00:00
00-0036700,33903,8054,4044146,Daniel Archibong,daniel archibong,DT,PIT,2026-09-06T23:42:28.788368+00:00
00-0036727,33901,8025,3929914,Adam Prentice,adam prentice,RB,FA,2026-09-06T23:42:28.788368+00:00
00-0036792,,7907,4369838,Bryce Thompson,bryce thompson,CB,FA,2026-09-06T23:42:28.788368+00:00
00-0036714,33677,7933,4046164,Alex Kessman,alex kessman,PK,FA,2026-09-06T23:42:28.788368+00:00
00-0036768,33707,7863,4069817,JaQuan Hardy,jaquan hardy,RB,FA,2026-09-06T23:42:28.788368+00:00
00-0036959,33928,8076,4034704,Michael Bandy,michael bandy,WR,FA,2026-09-06T23:42:28.788368+00:00
00-0036507,33695,7876,4046544,Michael Dwumfour,michael dwumfour,DT,CHI,2026-09-06T23:42:28.788368+00:00
00-0036677,33877,8000,3932335,Zayne Anderson,zayne anderson,S,MIA,2026-09-06T23:42:28.788368+00:00
00-0036696,33837,7903,,Briley Moore-McKinney,briley moore-mckinney,TE,FA,2026-09-06T23:42:28.788368+00:00
00-0036764,,7942,4044079,Tyler Coyle,tyler coyle,S,DAL,2026-09-06T23:42:28.788368+00:00
00-0036813,33778,7921,4245273,Christian Elliss,christian elliss,LB,NEP,2026-09-06T23:42:28.788368+00:00
00-0036724,,7895,4369247,Mac McCain,mac mccain,CB,PHI,2026-09-06T23:42:28.788368+00:00
00-0036910,33921,8068,4040627,C.J. Saunders,cj saunders,WR,FA,2026-09-06T23:42:28.788368+00:00
00-0036729,,7984,4040607,Drue Chrisman,drue chrisman,PN,FA,2026-09-06T23:42:28.788368+00:00
00-0036746,33766,8061,,Jake Hausmann,jake hausmann,TE,FA,2026-09-06T23:42:28.788368+00:00
00-0036873,33918,8056,,Jake Verity,jake verity,PK,FA,2026-09-06T23:42:28.788368+00:00
00-0036527,33813,7989,4036211,DJ Turner,dj turner,WR,FA,2026-09-06T23:42:28.788368+00:00
00-0036497,33649,8013,4245131,Tim Jones,tim jones,WR,FA,2026-09-06T23:42:28.788368+00:00
00-0037034,33945,8104,4401823,Dee Alford,dee alford,CB,BUF,2026-09-06T23:42:28.788368+00:00
00-0036511,33696,7878,4371940,Milo Eifler,milo eifler,LB,WAS,2026-09-06T23:42:28.788368+00:00
00-0036682,33882,8001,4259547,Malik Herring,malik herring,DE,MIA,2026-09-06T23:42:28.788368+00:00
00-0037708,34712,8921,3914307,Maurice Alexander,maurice alexander,WR,FA,2026-09-06T23:42:28.788368+00:00
00-0036841,33745,7746,4244856,Austin Trammell,austin trammell,WR,JAC,2026-09-06T23:42:28.788368+00:00
00-0036463,33376,7521,4369886,Chris Blair,chris blair,WR,ATL,2026-09-06T23:42:28.788368+00:00
00-0035742,32650,6739,3072765,Cameron Nizialek,cameron nizialek,PN,FA,2026-09-06T23:42:28.788368+00:00
00-0036442,32671,6770,3915511,Joe Burrow,joe burrow,QB,CIN,2026-09-06T23:42:28.788368+00:00
00-0036212,32675,6768,4241479,Tua Tagovailoa,tua tagovailoa,QB,ATL,2026-09-06T23:42:28.788368+00:00
00-0036355,32676,6797,4038941,Justin Herbert,justin herbert,QB,LAC,2026-09-06T23:42:28.788368+00:00
00-0036226,32792,6823,4035003,Jacob Eason,jacob eason,QB,FA,2026-09-06T23:42:28.788368+00:00
00-0036197,32837,6822,4240689,Jake Fromm,jake fromm,QB,FA,2026-09-06T23:42:28.788368+00:00
00-0036264,32696,6804,4036378,Jordan Love,jordan love,QB,GBP,2026-09-06T23:42:28.788368+00:00
00-0036389,32723,6904,4040715,Jalen Hurts,jalen hurts,QB,PHI,2026-09-06T23:42:28.788368+00:00
00-0036022,33207,7013,3915436,Steven Montez,steven montez,QB,FA,2026-09-06T23:42:28.788368+00:00
00-0036279,32914,6892,4036149,Nate Stanley,nate stanley,QB,FA,2026-09-06T23:42:28.788368+00:00
00-0035988,33266,6898,4055171,Anthony Gordon,anthony gordon,QB,FA,2026-09-06T23:42:28.788368+00:00
00-0036092,33015,7008,3929824,Brian Lewerke,brian lewerke,QB,FA,2026-09-06T23:42:28.788368+00:00
00-0035993,32993,7083,4035671,Tyler Huntley,tyler huntley,QB,BAL,2026-09-06T23:42:28.788368+00:00
00-0036301,32795,7081,3914395,James Morgan,james morgan,QB,FA,2026-09-06T23:42:28.788368+00:00
00-0035939,33258,7335,3675812,Bryce Perkins,bryce perkins,QB,FA,2026-09-06T23:42:28.788368+00:00
00-0036312,32859,7084,3124900,Jake Luton,jake luton,QB,FA,2026-09-06T23:42:28.788368+00:00
00-0036275,32705,6790,4259545,D'Andre Swift,dandre swift,RB,CHI,2026-09-06T23:42:28.788368+00:00
00-0036251,32756,6845,4035676,Zack Moss,zack moss,RB,FA,2026-09-06T23:42:28.788368+00:00
00-0036414,32722,6938,4240021,Cam Akers,cam akers,RB,FA,2026-09-06T23:42:28.788368+00:00
00-0036158,32725,6806,4241985,J.K. Dobbins,jk dobbins,RB,DEN,2026-09-06T23:42:28.788368+00:00
00-0036383,32892,6951,4242873,Eno Benjamin,eno benjamin,RB,FA,2026-09-06T23:42:28.788368+00:00
00-0036223,32711,6813,4242335,Jonathan Taylor,jonathan taylor,RB,IND,2026-09-06T23:42:28.788368+00:00
00-0036360,32702,6820,4242214,Clyde Edwards-Helaire,clyde edwards-helaire,RB,KCC,2026-09-06T23:42:28.788368+00:00
00-0036336,32794,6878,4241941,Anthony McFarland,anthony mcfarland,RB,FA,2026-09-06T23:42:28.788368+00:00
00-0036265,32732,6828,4239934,AJ Dillon,aj dillon,RB,CAR,2026-09-06T23:42:28.788368+00:00
00-0036269,32790,6908,4034952,Lamical Perine,lamical perine,RB,FA,2026-09-06T23:42:28.788368+00:00
00-0036370,32782,7045,3910544,Joshua Kelley,joshua kelley,RB,FA,2026-09-06T23:42:28.788368+00:00
00-0036297,32763,7064,4036431,Darrynton Evans,darrynton evans,RB,FA,2026-09-06T23:42:28.788368+00:00
00-0035957,33153,7101,3116074,Rodney Smith,rodney smith,RB,FA,2026-09-06T23:42:28.788368+00:00
00-0036450,32746,6885,3917612,Ke'Shawn Vaughn,keshawn vaughn,RB,FA,2026-09-06T23:42:28.788368+00:00
00-0036020,33265,6918,4243315,Salvon Ahmed,salvon ahmed,RB,FA,2026-09-06T23:42:28.788368+00:00
00-0036027,33098,7038,4038533,Darius Anderson,darius anderson,RB,FA,2026-09-06T23:42:28.788368+00:00
00-0035831,33138,6955,4052042,James Robinson,james robinson,RB,FA,2026-09-06T23:42:28.788368+00:00
00-0036425,32814,6931,4240631,DeeJay Dallas,deejay dallas,RB,MIN,2026-09-06T23:42:28.788368+00:00
00-0036006,32972,6992,4239083,Michael Warren,michael warren,RB,FA,2026-09-06T23:42:28.788368+00:00
00-0035973,33235,6963,4039358,Patrick Taylor,patrick taylor,RB,FA,2026-09-06T23:42:28.788368+00:00
00-0036078,33297,7088,3916209,Xavier Jones,xavier jones,RB,FA,2026-09-06T23:42:28.788368+00:00
00-0035825,33126,7103,4035470,Tavien Feaster,tavien feaster,RB,FA,2026-09-06T23:42:28.788368+00:00
00-0035868,33037,6966,4241940,Javon Leake,javon leake,RB,FA,2026-09-06T23:42:28.788368+00:00
00-0035806,33199,6996,3928925,JaMycal Hasty,jamycal hasty,RB,FA,2026-09-06T23:42:28.788368+00:00
00-0036139,33100,7021,4038815,Rico Dowdle,rico dowdle,RB,PIT,2026-09-06T23:42:28.788368+00:00
00-0036069,33161,7005,4362878,Scottie Phillips,scottie phillips,RB,FA,2026-09-06T23:42:28.788368+00:00
00-0036208,33179,7227,4042808,Artavis Pierce,artavis pierce,RB,FA,2026-09-06T23:42:28.788368+00:00
00-0036096,33028,6973,4039607,J.J. Taylor,jj taylor,RB,FA,2026-09-06T23:42:28.788368+00:00
00-0035860,33114,6984,4046676,Tony Jones,tony jones,RB,FA,2026-09-06T23:42:28.788368+00:00
00-0036117,33309,7048,4045702,Benny LeMay,benny lemay,RB,FA,2026-09-06T23:42:28.788368+00:00
00-0035912,32926,6959,3916721,LeVante Bellamy,levante bellamy,RB,FA,2026-09-06T23:42:28.788368+00:00
00-0036000,32966,7093,4042112,Adrian Killins Jr.,adrian killins,RB,FA,2026-09-06T23:42:28.788368+00:00
00-0036358,32687,6786,4241389,CeeDee Lamb,ceedee lamb,WR,DAL,2026-09-06T23:42:28.788368+00:00
00-0036407,32685,6783,4241463,Jerry Jeudy,jerry jeudy,WR,CLE,2026-09-06T23:42:28.788368+00:00
00-0036357,32682,6789,4241475,Henry Ruggs,henry ruggs,WR,FA,2026-09-06T23:42:28.788368+00:00
00-0036410,32703,6801,4239993,Tee Higgins,tee higgins,WR,CIN,2026-09-06T23:42:28.788368+00:00
00-0036322,32692,6794,4262921,Justin Jefferson,justin jefferson,WR,MIN,2026-09-06T23:42:28.788368+00:00
00-0036412,32716,6805,4240380,KJ Hamler,kj hamler,WR,FA,2026-09-06T23:42:28.788368+00:00
00-0036268,32712,6814,4243160,Laviska Shenault,laviska shenault,WR,FA,2026-09-06T23:42:28.788368+00:00
00-0036387,32691,6798,4241802,Jalen Reagor,jalen reagor,WR,MIA,2026-09-06T23:42:28.788368+00:00
00-0036261,32695,6803,4360438,Brandon Aiyuk,brandon aiyuk,WR,SFO,2026-09-06T23:42:28.788368+00:00
00-0036326,32719,6886,4046692,Chase Claypool,chase claypool,WR,FA,2026-09-06T23:42:28.788368+00:00
00-0036252,32704,6819,4035687,Michael Pittman,michael pittman,WR,PIT,2026-09-06T23:42:28.788368+00:00
00-0036364,32750,6909,4259979,Lynn Bowden,lynn bowden,WR,FA,2026-09-06T23:42:28.788368+00:00
00-0036365,32751,6870,4038818,Bryan Edwards,bryan edwards,WR,FA,2026-09-06T23:42:28.788368+00:00
00-0036196,32798,6943,4243537,Gabriel Davis,gabriel davis,WR,BUF,2026-09-06T23:42:28.788368+00:00
00-0036255,32729,6849,4035403,Denzel Mims,denzel mims,WR,FA,2026-09-06T23:42:28.788368+00:00
00-0036331,32762,6847,4039050,Devin Duvernay,devin duvernay,WR,ARI,2026-09-06T23:42:28.788368+00:00
00-0036133,32871,6957,3916204,James Proche,james proche,WR,TEN,2026-09-06T23:42:28.788368+00:00
00-0036165,32877,6920,4242540,Isaiah Hodgins,isaiah hodgins,WR,FA,2026-09-06T23:42:28.788368+00:00
00-0036277,32836,6895,4035793,Quintez Cephus,quintez cephus,WR,HOU,2026-09-06T23:42:28.788368+00:00
00-0036382,32890,6866,3915522,K.J. Hill,kj hill,WR,FA,2026-09-06T23:42:28.788368+00:00
00-0036328,32736,6945,4360294,Antonio Gibson,antonio gibson,RB,FA,2026-09-06T23:42:28.788368+00:00
00-0036254,32835,6857,4039043,Collin Johnson,collin johnson,WR,FA,2026-09-06T23:42:28.788368+00:00
00-0035819,33040,6939,4040628,Binjimen Victor,binjimen victor,WR,FA,2026-09-06T23:42:28.788368+00:00
00-0035869,33039,6873,4040623,Austin Mack,austin mack,WR,FA,2026-09-06T23:42:28.788368+00:00
00-0035978,33027,6879,4035221,Quartney Davis,quartney davis,WR,FA,2026-09-06T23:42:28.788368+00:00
00-0036233,32857,6824,4258195,Donovan Peoples-Jones,donovan peoples-jones,WR,FA,2026-09-06T23:42:28.788368+00:00
00-0036415,32727,6853,3930066,Van Jefferson,van jefferson,WR,FA,2026-09-06T23:42:28.788368+00:00
00-0035934,33253,7009,4046715,Trishton Jackson,trishton jackson,WR,FA,2026-09-06T23:42:28.788368+00:00
00-0036259,32887,7049,3886598,Jauan Jennings,jauan jennings,WR,MIN,2026-09-06T23:42:28.788368+00:00
00-0036040,33113,7002,3929645,Juwan Johnson,juwan johnson,TE,NOS,2026-09-06T23:42:28.788368+00:00
00-0036377,32821,6913,4037591,Joe Reed,joe reed,WR,FA,2026-09-06T23:42:28.788368+00:00
00-0036340,32812,6906,4029893,Antonio Gandy-Golden,antonio gandy-golden,WR,FA,2026-09-06T23:42:28.788368+00:00
00-0036427,32831,6960,2310331,Tyler Johnson,tyler johnson,WR,FA,2026-09-06T23:42:28.788368+00:00
00-0036247,32884,7135,4034950,Freddie Swain,freddie swain,WR,FA,2026-09-06T23:42:28.788368+00:00
00-0036290,32713,6826,4258595,Cole Kmet,cole kmet,TE,CHI,2026-09-06T23:42:28.788368+00:00
00-0036424,32806,6926,3918003,Brycen Hopkins,brycen hopkins,TE,FA,2026-09-06T23:42:28.788368+00:00
00-0036023,33208,6919,4036189,Thaddeus Moss,thaddeus moss,TE,FA,2026-09-06T23:42:28.788368+00:00
00-0036422,32775,6869,3911853,Adam Trautman,adam trautman,TE,DEN,2026-09-06T23:42:28.788368+00:00
00-0036244,32803,6865,4242557,Colby Parkinson,colby parkinson,TE,LAR,2026-09-06T23:42:28.788368+00:00
00-0035787,33064,6834,3915772,Jared Pinkney,jared pinkney,TE,FA,2026-09-06T23:42:28.788368+00:00
00-0036423,32788,6843,4035115,Albert Okwuegbunam,albert okwuegbunam,TE,LVR,2026-09-06T23:42:28.788368+00:00
00-0036008,33186,6846,4243318,Hunter Bryant,hunter bryant,TE,FA,2026-09-06T23:42:28.788368+00:00
00-0036232,32785,6850,4040774,Harrison Bryant,harrison bryant,TE,FA,2026-09-06T23:42:28.788368+00:00
00-0036332,32764,7050,3914151,Josiah Deguara,josiah deguara,TE,FA,2026-09-06T23:42:28.788368+00:00
00-0036321,32672,6782,4241986,Chase Young,chase young,DE,NOS,2026-09-06T23:42:28.788368+00:00
00-0036288,32707,6812,4259594,Yetur Gross-Matos,yetur gross-matos,DE,SFO,2026-09-06T23:42:28.788368+00:00
00-0036192,32724,6802,4240585,A.J. Epenesa,aj epenesa,DE,PHI,2026-09-06T23:42:28.788368+00:00
00-0036341,32817,6864,4039029,Khalid Kareem,khalid kareem,DE,ATL,2026-09-06T23:42:28.788368+00:00
00-0036089,33320,6861,4047458,Nick Coe,nick coe,DE,FA,2026-09-06T23:42:28.788368+00:00
00-0036224,32760,6900,3916409,Jonathan Greenard,jonathan greenard,DE,PHI,2026-09-06T23:42:28.788368+00:00
00-0036291,32717,6838,4035494,Marlon Davidson,marlon davidson,DT,HOU,2026-09-06T23:42:28.788368+00:00
00-0036160,32824,6830,3895843,Jason Strowbridge,jason strowbridge,DE,FA,2026-09-06T23:42:28.788368+00:00
00-0036296,32749,6897,3915123,Jabari Zuniga,jabari zuniga,DE,FA,2026-09-06T23:42:28.788368+00:00
00-0036379,32849,6827,4035660,Bradlee Anae,bradlee anae,DE,NYJ,2026-09-06T23:42:28.788368+00:00
00-0036356,32678,6781,4035462,Isaiah Simmons,isaiah simmons,LB,FA,2026-09-06T23:42:28.788368+00:00
00-0036286,32690,6800,4242205,K'Lavon Chaisson,klavon chaisson,DE,WAS,2026-09-06T23:42:28.788368+00:00
00-0036441,32693,6811,4241394,Kenneth Murray,kenneth murray,LB,FA,2026-09-06T23:42:28.788368+00:00
00-0036276,32767,7006,4242206,Jacob Phillips,jacob phillips,LB,IND,2026-09-06T23:42:28.788368+00:00
00-0036280,32768,6867,4040615,Malik Harrison,malik harrison,LB,FA,2026-09-06T23:42:28.788368+00:00
00-0036409,32697,6949,4043130,Jordyn Brooks,jordyn brooks,LB,MIA,2026-09-06T23:42:28.788368+00:00
00-0036418,32744,6815,3917657,Zack Baun,zack baun,LB,PHI,2026-09-06T23:42:28.788368+00:00
00-0036193,32757,6848,3925350,Anfernee Jennings,anfernee jennings,DE,NOS,2026-09-06T23:42:28.788368+00:00
00-0036323,32698,6807,4242207,Patrick Queen,patrick queen,LB,PIT,2026-09-06T23:42:28.788368+00:00
00-0036220,32677,6784,4035495,Derrick Brown,derrick brown,DT,CAR,2026-09-06T23:42:28.788368+00:00
00-0036213,32726,6831,4040965,Raekwon Davis,raekwon davis,DT,FA,2026-09-06T23:42:28.788368+00:00
00-0036260,32684,6792,4259491,Javon Kinlaw,javon kinlaw,DT,WAS,2026-09-06T23:42:28.788368+00:00
00-0036130,32741,6818,4035245,Nnamdi Madubuike,nnamdi madubuike,DT,BAL,2026-09-06T23:42:28.788368+00:00
00-0036366,32752,6825,3892883,Neville Gallimore,neville gallimore,DT,CHI,2026-09-06T23:42:28.788368+00:00
00-0036274,32673,6785,4241984,Jeff Okudah,jeff okudah,CB,MIN,2026-09-06T23:42:28.788368+00:00
00-0036361,32721,6809,4040966,Trevon Diggs,trevon diggs,CB,SEA,2026-09-06T23:42:28.788368+00:00
00-0036416,32731,6829,4035433,Kristian Fulton,kristian fulton,CB,KCC,2026-09-06T23:42:28.788368+00:00
00-0036281,32679,6791,4240596,CJ Henderson,cj henderson,CB,ATL,2026-09-06T23:42:28.788368+00:00
00-0036359,32689,6840,3915506,Damon Arnette,damon arnette,CB,HOU,2026-09-06T23:42:28.788368+00:00
00-0036282,32714,6799,4242208,Grant Delpit,grant delpit,S,CLE,2026-09-06T23:42:28.788368+00:00
00-0036388,32706,6788,4241470,Xavier McKinney,xavier mckinney,S,GBP,2026-09-06T23:42:28.788368+00:00
00-0036411,32715,6888,4034790,Antoine Winfield,antoine winfield,S,TBB,2026-09-06T23:42:28.788368+00:00
00-0036221,32740,6911,4039059,Brandon Jones,brandon jones,S,DEN,2026-09-06T23:42:28.788368+00:00
00-0036329,32738,6855,3858271,Ashtyn Davis,ashtyn davis,S,SFO,2026-09-06T23:42:28.788368+00:00
00-0035849,33211,7062,3915165,Rodrigo Blankenship,rodrigo blankenship,PK,FA,2026-09-06T23:42:28.788368+00:00
00-0036285,32686,6836,4239995,A.J. Terrell,aj terrell,CB,ATL,2026-09-06T23:42:28.788368+00:00
00-0036287,32700,6817,4242516,Noah Igbinoghene,noah igbinoghene,CB,CLE,2026-09-06T23:42:28.788368+00:00
00-0036324,32701,6842,3676819,Jeff Gladney,jeff gladney,CB,FA,2026-09-06T23:42:28.788368+00:00
00-0036231,32710,6872,4401811,Kyle Dugger,kyle dugger,S,CIN,2026-09-06T23:42:28.788368+00:00
00-0036289,32709,6795,4038557,Ross Blacklock,ross blacklock,DT,NYG,2026-09-06T23:42:28.788368+00:00
00-0036413,32718,6910,3915396,Darrell Taylor,darrell taylor,DE,NEP,2026-09-06T23:42:28.788368+00:00
00-0036292,32720,6839,4243253,Jaylon Johnson,jaylon johnson,CB,CHI,2026-09-06T23:42:28.788368+00:00
00-0036159,32730,6921,4046528,Josh Uche,josh uche,DE,MIA,2026-09-06T23:42:28.788368+00:00
00-0036362,32733,7023,4259804,Willie Gay,willie gay,LB,MIA,2026-09-06T23:42:28.788368+00:00
00-0036293,32734,7016,4043169,Jeremy Chinn,jeremy chinn,S,LVR,2026-09-06T23:42:28.788368+00:00
00-0036294,32735,6880,3918330,Logan Wilson,logan wilson,LB,FA,2026-09-06T23:42:28.788368+00:00
00-0036249,32737,6851,4046690,Julian Okwara,julian okwara,DE,CLE,2026-09-06T23:42:28.788368+00:00
00-0036262,32743,6972,3915520,Davon Hamilton,davon hamilton,DT,JAC,2026-09-06T23:42:28.788368+00:00
00-0036390,32747,6983,3894830,Michael Ojemudia,michael ojemudia,CB,FA,2026-09-06T23:42:28.788368+00:00
00-0036419,32754,6837,4040968,Terrell Lewis,terrell lewis,DE,FA,2026-09-06T23:42:28.788368+00:00
00-0036253,32755,7044,4035661,Julian Blackmon,julian blackmon,S,NOS,2026-09-06T23:42:28.788368+00:00
00-0036266,32758,6841,4039052,Jordan Elliott,jordan elliott,DT,TEN,2026-09-06T23:42:28.788368+00:00
00-0036330,32759,6871,4035385,Cameron Dantzler,cameron dantzler,CB,FA,2026-09-06T23:42:28.788368+00:00
00-0036194,32761,6956,4046522,Devin Asiasi,devin asiasi,TE,FA,2026-09-06T23:42:28.788368+00:00
00-0036420,32765,7111,4035566,McTelvin Agim,mctelvin agim,DT,TEN,2026-09-06T23:42:28.788368+00:00
00-0036368,32770,6990,3728263,Tanner Muse,tanner muse,LB,FA,2026-09-06T23:42:28.788368+00:00
00-0036225,32771,7082,4240861,Dalton Keene,dalton keene,TE,HOU,2026-09-06T23:42:28.788368+00:00
00-0036333,32772,7113,4037333,Alex Highsmith,alex highsmith,DE,PIT,2026-09-06T23:42:28.788368+00:00
00-0036393,32773,6912,4360645,Davion Taylor,davion taylor,LB,FA,2026-09-06T23:42:28.788368+00:00
00-0036421,32774,7036,4035663,Terrell Burgess,terrell burgess,S,TEN,2026-09-06T23:42:28.788368+00:00
00-0036298,32777,6860,3917142,Akeem Davis-Gaither,akeem davis-gaither,LB,IND,2026-09-06T23:42:28.788368+00:00
00-0036394,32780,6882,4242973,Darnay Holmes,darnay holmes,CB,FA,2026-09-06T23:42:28.788368+00:00
00-0036299,32783,6856,4046679,Troy Pride,troy pride,CB,NOS,2026-09-06T23:42:28.788368+00:00
00-0036371,32784,6948,4035666,Leki Fotu,leki fotu,DT,FA,2026-09-06T23:42:28.788368+00:00
00-0036335,32787,6868,4038849,D.J. Wonnum,dj wonnum,DE,DET,2026-09-06T23:42:28.788368+00:00
00-0036300,32789,7012,4243009,Mykal Walker,mykal walker,LB,NYJ,2026-09-06T23:42:28.788368+00:00
00-0036372,32793,7114,3917006,Reggie Robinson,reggie robinson,CB,FA,2026-09-06T23:42:28.788368+00:00
00-0036395,32797,6947,4035463,K'Von Wallace,kvon wallace,S,FA,2026-09-06T23:42:28.788368+00:00
00-0036337,32800,6858,4259181,James Lynch,james lynch,DT,CHI,2026-09-06T23:42:28.788368+00:00
00-0036373,32801,7004,4035452,Rashard Lawrence,rashard lawrence,DT,DEN,2026-09-06T23:42:28.788368+00:00
00-0036338,32802,6941,4038946,Troy Dye,troy dye,LB,LAC,2026-09-06T23:42:28.788368+00:00
00-0036302,32804,7058,3858276,Jaylinn Hawkins,jaylinn hawkins,S,BAL,2026-09-06T23:42:28.788368+00:00
00-0036303,32807,6935,4241977,Josiah Scott,josiah scott,CB,FA,2026-09-06T23:42:28.788368+00:00
00-0036374,32808,7117,4040432,L'Jarius Sneed,ljarius sneed,CB,KCC,2026-09-06T23:42:28.788368+00:00
00-0036375,32809,6896,4239694,Amik Robertson,amik robertson,CB,WAS,2026-09-06T23:42:28.788368+00:00
00-0036235,32810,6997,4037468,Shaquille Quarterman,shaquille quarterman,LB,FA,2026-09-06T23:42:28.788368+00:00
00-0036304,32811,7052,3929653,John Reid,john reid,CB,FA,2026-09-06T23:42:28.788368+00:00
00-0036426,32818,6915,4254276,Alton Robinson,alton robinson,DE,FA,2026-09-06T23:42:28.788368+00:00
00-0036283,32822,7119,4241889,Kenny Robinson,kenny robinson,S,FA,2026-09-06T23:42:28.788368+00:00
00-0036305,32825,7120,3917016,Trevis Gipson,trevis gipson,DE,CAR,2026-09-06T23:42:28.788368+00:00
00-0036306,32827,7053,4035505,Daniel Thomas,daniel thomas,S,CLE,2026-09-06T23:42:28.788368+00:00
00-0036241,32828,6833,4037584,Bryce Hall,bryce hall,CB,FA,2026-09-06T23:42:28.788368+00:00
00-0036161,32829,7121,3913295,Justin Rohrwasser,justin rohrwasser,PK,FA,2026-09-06T23:42:28.788368+00:00
00-0036343,32832,6937,4046525,Khaleke Hudson,khaleke hudson,LB,FA,2026-09-06T23:42:28.788368+00:00
00-0036307,32833,6928,4036651,Kindle Vildor,kindle vildor,CB,NEP,2026-09-06T23:42:28.788368+00:00
00-0036216,32834,6854,4048257,Curtis Weaver,curtis weaver,DE,FA,2026-09-06T23:42:28.788368+00:00
00-0036398,32838,7086,4373673,John Hightower,john hightower,WR,FA,2026-09-06T23:42:28.788368+00:00
00-0036344,32839,6961,4259170,Harrison Hand,harrison hand,CB,FA,2026-09-06T23:42:28.788368+00:00
00-0036081,32840,7122,3915837,Broderick Washington,broderick washington,DT,BAL,2026-09-06T23:42:28.788368+00:00
00-0036308,32841,7085,4248504,Isaiah Coulter,isaiah coulter,WR,FA,2026-09-06T23:42:28.788368+00:00
00-0036278,32842,7107,4040790,Jason Huntley,jason huntley,RB,FA,2026-09-06T23:42:28.788368+00:00
00-0036309,32843,7090,4040655,Darnell Mooney,darnell mooney,WR,NYG,2026-09-06T23:42:28.788368+00:00
00-0036237,32844,6887,4240123,Larrell Murchison,larrell murchison,DT,LAR,2026-09-06T23:42:28.788368+00:00
00-0036270,32845,6890,4034781,Kamal Martin,kamal martin,LB,FA,2026-09-06T23:42:28.788368+00:00
00-0036345,32846,7066,3916566,K.J. Osborn,kj osborn,WR,TEN,2026-09-06T23:42:28.788368+00:00
00-0036378,32847,6958,3915487,Michael Danna,michael danna,DE,BUF,2026-09-06T23:42:28.788368+00:00
00-0036428,32848,6977,3919548,Justin Strnad,justin strnad,LB,DEN,2026-09-06T23:42:28.788368+00:00
00-0036400,32852,7020,4045165,Cam Brown,cam brown,LB,MIA,2026-09-06T23:42:28.788368+00:00
00-0036311,32854,7124,4035407,Bravvion Roy,bravvion roy,DT,BAL,2026-09-06T23:42:28.788368+00:00
00-0036380,32856,7069,4039413,Alohi Gilman,alohi gilman,S,KCC,2026-09-06T23:42:28.788368+00:00
00-0036162,32858,7042,3917232,Tyler Bass,tyler bass,PK,BUF,2026-09-06T23:42:28.788368+00:00
00-0036429,32860,7075,4035020,Charlie Woerner,charlie woerner,TE,ATL,2026-09-06T23:42:28.788368+00:00
00-0036313,32861,6950,4035239,Braden Mann,braden mann,PN,PHI,2026-09-06T23:42:28.788368+00:00
00-0036227,32863,6893,3929658,Robert Windsor,robert windsor,DT,IND,2026-09-06T23:42:28.788368+00:00
00-0036430,32864,7125,3699530,Khalil Davis,khalil davis,DT,FA,2026-09-06T23:42:28.788368+00:00
00-0036401,32866,7127,4038902,Shaun Bradley,shaun bradley,LB,KCC,2026-09-06T23:42:28.788368+00:00
00-0036238,32867,7128,4243257,John Penisini,john penisini,DT,FA,2026-09-06T23:42:28.788368+00:00
00-0036346,32868,6917,4036213,Antoine Brooks,antoine brooks,CB,FA,2026-09-06T23:42:28.788368+00:00
00-0036431,32869,6968,4040613,Jordan Fuller,jordan fuller,S,ATL,2026-09-06T23:42:28.788368+00:00
00-0036271,32870,6927,4050373,Quez Watkins,quez watkins,WR,FA,2026-09-06T23:42:28.788368+00:00
00-0036381,32872,7040,4035875,Evan Weaver,evan weaver,LB,FA,2026-09-06T23:42:28.788368+00:00
00-0036164,32874,7130,4048736,Cassh Maluia,cassh maluia,LB,FA,2026-09-06T23:42:28.788368+00:00
00-0036348,32875,6901,4046537,Josh Metellus,josh metellus,S,MIN,2026-09-06T23:42:28.788368+00:00
00-0036250,32876,7131,3914240,Tyler Davis,tyler davis,TE,FA,2026-09-06T23:42:28.788368+00:00
00-0036222,32881,7133,4044540,Isaiah Rodgers,isaiah rodgers,CB,MIN,2026-09-06T23:42:28.788368+00:00
00-0036228,32882,6985,4054085,Dezmon Patmon,dezmon patmon,WR,FA,2026-09-06T23:42:28.788368+00:00
00-0036229,32883,7134,3929928,Jordan Glasgow,jordan glasgow,LB,FA,2026-09-06T23:42:28.788368+00:00
00-0036314,32885,6891,3917992,Markus Bailey,markus bailey,LB,FA,2026-09-06T23:42:28.788368+00:00
00-0036349,32886,7136,4242154,Kamren Curl,kamren curl,S,LAR,2026-09-06T23:42:28.788368+00:00
00-0036402,32888,7011,4034766,Carter Coughlin,carter coughlin,LB,FA,2026-09-06T23:42:28.788368+00:00
00-0036199,32889,6923,4240575,Geno Stone,geno stone,S,FA,2026-09-06T23:42:28.788368+00:00
00-0036315,32891,7137,4046353,Stantley Thomas-Oliver,stantley thomas-oliver,CB,DET,2026-09-06T23:42:28.788368+00:00
00-0036350,32895,6874,3929833,Kenny Willekes,kenny willekes,DE,FA,2026-09-06T23:42:28.788368+00:00
00-0036319,32898,7141,3916449,Sterling Hofrichter,sterling hofrichter,PN,FA,2026-09-06T23:42:28.788368+00:00
00-0036351,32899,7024,3686690,James Smith-Williams,james smith-williams,DE,FA,2026-09-06T23:42:28.788368+00:00
00-0036384,32901,7143,3895785,Ben DiNucci,ben dinucci,QB,DEN,2026-09-06T23:42:28.788368+00:00
00-0036352,32902,6995,3699462,Carlos Davis,carlos davis,DT,FA,2026-09-06T23:42:28.788368+00:00
00-0036403,32903,7030,3931408,Casey Toohill,casey toohill,DE,FA,2026-09-06T23:42:28.788368+00:00
00-0036432,32904,7144,3928928,Clay Johnston,clay johnston,LB,FA,2026-09-06T23:42:28.788368+00:00
00-0036444,32905,7145,3873928,Jashon Cornell,jashon cornell,DE,FA,2026-09-06T23:42:28.788368+00:00
00-0036243,32906,7146,4038538,Vernon Scott,vernon scott,S,GBP,2026-09-06T23:42:28.788368+00:00
00-0036385,32907,7147,4040652,Thakarius Keyes,thakarius keyes,CB,BAL,2026-09-06T23:42:28.788368+00:00
00-0036404,32908,7148,4038811,T.J. Brunson,tj brunson,LB,FA,2026-09-06T23:42:28.788368+00:00
00-0036166,32909,6969,3895791,Dane Jackson,dane jackson,CB,FA,2026-09-06T23:42:28.788368+00:00
00-0036433,32910,7149,3791110,Tommy Stevens,tommy stevens,QB,FA,2026-09-06T23:42:28.788368+00:00
00-0036434,32911,7000,3923413,Chapelle Russell,chapelle russell,LB,PIT,2026-09-06T23:42:28.788368+00:00
00-0036239,32912,6965,4240655,Jonathan Garvin,jonathan garvin,DE,FA,2026-09-06T23:42:28.788368+00:00
00-0036240,32913,7150,4043605,Chris Jackson,chris jackson,CB,FA,2026-09-06T23:42:28.788368+00:00
00-0036435,32915,6988,4040732,Raymond Calais,raymond calais,RB,FA,2026-09-06T23:42:28.788368+00:00
00-0036245,32916,7109,4039436,Malcolm Perry,malcolm perry,WR,FA,2026-09-06T23:42:28.788368+00:00
00-0036405,32917,7151,3915122,Chris Williamson,chris williamson,CB,TEN,2026-09-06T23:42:28.788368+00:00
00-0036436,32918,7152,4038994,Sam Sloman,sam sloman,PK,FA,2026-09-06T23:42:28.788368+00:00
00-0036353,32919,6929,3672884,Brian Cole,brian cole,S,FA,2026-09-06T23:42:28.788368+00:00
00-0036438,32921,6970,4035426,Stephen Sullivan,stephen sullivan,TE,FA,2026-09-06T23:42:28.788368+00:00
00-0036439,32922,7032,4034964,Tyrie Cleveland,tyrie cleveland,WR,FA,2026-09-06T23:42:28.788368+00:00
00-0036440,32923,7154,3930915,Derrek Tuszka,derrek tuszka,DE,FA,2026-09-06T23:42:28.788368+00:00
00-0036167,32924,7155,3915171,Tae Crowder,tae crowder,LB,FA,2026-09-06T23:42:28.788368+00:00
00-0036219,33109,6989,4035170,Marquez Callaway,marquez callaway,WR,FA,2026-09-06T23:42:28.788368+00:00
00-0035887,32946,6832,4035277,Kalija Lipscomb,kalija lipscomb,WR,FA,2026-09-06T23:42:28.788368+00:00
00-0035947,33132,7080,3917166,Omar Bayless,omar bayless,WR,FA,2026-09-06T23:42:28.788368+00:00
00-0036034,33095,7091,4032749,Aaron Parker,aaron parker,WR,FA,2026-09-06T23:42:28.788368+00:00
00-0036457,33006,7098,3895827,Ty'Son Williams,tyson williams,RB,FA,2026-09-06T23:42:28.788368+00:00
00-0036145,33329,7106,3917849,Lawrence Cager,lawrence cager,TE,FA,2026-09-06T23:42:28.788368+00:00
00-0035924,33088,7087,4039274,Jonathan Ward,jonathan ward,RB,BAL,2026-09-06T23:42:28.788368+00:00
00-0036154,32994,7015,3915136,Jacob Breeland,jacob breeland,TE,FA,2026-09-06T23:42:28.788368+00:00
00-0035844,33242,7351,3915145,Kirk Merritt,kirk merritt,WR,FA,2026-09-06T23:42:28.788368+00:00
00-0035895,33108,7014,4036507,Joe Bachie,joe bachie,LB,FA,2026-09-06T23:42:28.788368+00:00
00-0036140,33096,6932,3910630,Charlie Taumoepeau,charlie taumoepeau,TE,FA,2026-09-06T23:42:28.788368+00:00
00-0035889,32960,7307,3915398,Tommy Townsend,tommy townsend,PN,TEN,2026-09-06T23:42:28.788368+00:00
00-0035789,33066,7175,4052137,Chris Rowland,chris rowland,WR,FA,2026-09-06T23:42:28.788368+00:00
00-0035956,33151,7216,3916749,Giovanni Ricci,giovanni ricci,TE,DET,2026-09-06T23:42:28.788368+00:00
00-0036320,33360,6936,3924357,Joseph Charlton,joseph charlton,PN,FA,2026-09-06T23:42:28.788368+00:00
00-0036085,33318,7311,3921709,Javin White,javin white,LB,CHI,2026-09-06T23:42:28.788368+00:00
00-0035976,33023,7357,3929637,Dan Chisena,dan chisena,WR,CAR,2026-09-06T23:42:28.788368+00:00
00-0035979,33029,7366,4037511,Myles Dorn,myles dorn,S,CAR,2026-09-06T23:42:28.788368+00:00
00-0035790,33067,7185,4361650,Ray Wilborn,ray wilborn,LB,GBP,2026-09-06T23:42:28.788368+00:00
00-0036090,33321,7504,4035577,De'Jon Harris,dejon harris,LB,FA,2026-09-06T23:42:28.788368+00:00
00-0036129,33007,7065,3915400,Eli Wolf,eli wolf,TE,FA,2026-09-06T23:42:28.788368+00:00
00-0034802,31754,5759,3052527,Nate Holley,nate holley,LB,MIA,2026-09-06T23:42:28.788368+00:00
00-0035845,33243,7356,3914456,Tyshun Render,tyshun render,DE,FA,2026-09-06T23:42:28.788368+00:00
00-0035987,33267,6967,4039000,Aaron Fuller,aaron fuller,WR,FA,2026-09-06T23:42:28.788368+00:00
00-0036029,33103,7253,3930024,Ron'Dell Carter,rondell carter,LB,FA,2026-09-06T23:42:28.788368+00:00
00-0036106,33293,7449,4037647,Parnell Motley,parnell motley,CB,FA,2026-09-06T23:42:28.788368+00:00
00-0036209,33180,7232,4040762,Rashad Smith,rashad smith,LB,PHI,2026-09-06T23:42:28.788368+00:00
00-0036177,33343,7446,4035098,Tucker McCann,tucker mccann,PK,FA,2026-09-06T23:42:28.788368+00:00
00-0035942,33261,7346,3909013,Christian Rozeboom,christian rozeboom,LB,TBB,2026-09-06T23:42:28.788368+00:00
00-0036142,33209,7407,4044121,Isaiah Wright,isaiah wright,WR,FA,2026-09-06T23:42:28.788368+00:00
00-0036316,32893,7138,4371737,Chris Claybrooks,chris claybrooks,CB,JAC,2026-09-06T23:42:28.788368+00:00
00-0035862,32932,6925,4037216,Essang Bassey,essang bassey,CB,FA,2026-09-06T23:42:28.788368+00:00
00-0036005,32970,7404,3930298,Noah Togiai,noah togiai,TE,FA,2026-09-06T23:42:28.788368+00:00
00-0035890,32952,7301,4058925,Tershawn Wharton,tershawn wharton,DT,CAR,2026-09-06T23:42:28.788368+00:00
00-0035961,33221,7268,4035817,Krys Barnes,krys barnes,LB,FA,2026-09-06T23:42:28.788368+00:00
00-0035835,33123,7466,3917812,Nathan Cottrell,nathan cottrell,RB,FA,2026-09-06T23:42:28.788368+00:00
00-0035823,33124,7288,3930900,Ben Ellefson,ben ellefson,TE,FA,2026-09-06T23:42:28.788368+00:00
00-0035763,33118,7018,4039064,Malcolm Roach,malcolm roach,DT,DEN,2026-09-06T23:42:28.788368+00:00
00-0035965,33225,6981,3676832,Tipa Galeai,tipa galeai,LB,FA,2026-09-06T23:42:28.788368+00:00
00-0035908,32987,7318,4035611,Gabe Nabers,gabe nabers,RB,FA,2026-09-06T23:42:28.788368+00:00
00-0036032,33101,6964,4036275,Sean McKeon,sean mckeon,TE,FA,2026-09-06T23:42:28.788368+00:00
00-0035898,32975,7316,4040640,Darius Bradwell,darius bradwell,RB,FA,2026-09-06T23:42:28.788368+00:00
00-0035897,32974,7328,3932422,Asmar Bilal,asmar bilal,LB,LVR,2026-09-06T23:42:28.788368+00:00
00-0036187,33357,7204,4039505,Reggie Gilliam,reggie gilliam,RB,NEP,2026-09-06T23:42:28.788368+00:00
00-0036182,33348,7496,3929785,Nick Westbrook-Ikhine,nick westbrook-ikhine,WR,FA,2026-09-06T23:42:28.788368+00:00
00-0035833,33149,7296,3917558,Brandon Wright,brandon wright,PK,FA,2026-09-06T23:42:28.788368+00:00
00-0035950,33139,7226,4035290,Myles Hartsfield,myles hartsfield,S,FA,2026-09-06T23:42:28.788368+00:00
00-0036100,33020,7458,3916129,Isaiah Zuber,isaiah zuber,WR,FA,2026-09-06T23:42:28.788368+00:00
00-0036151,33335,7391,4039375,Bryce Huff,bryce huff,DE,FA,2026-09-06T23:42:28.788368+00:00
00-0035795,32939,7419,4259252,James Pierre,james pierre,CB,MIN,2026-09-06T23:42:28.788368+00:00
00-0036152,33336,6994,4034849,Lamar Jackson,lamar jackson,CB,CAR,2026-09-06T23:42:28.788368+00:00
00-0036028,33105,7068,3932336,Francis Bernard,francis bernard,LB,FA,2026-09-06T23:42:28.788368+00:00
00-0035822,33122,7289,4038987,Doug Costin,doug costin,DT,FA,2026-09-06T23:42:28.788368+00:00
00-0036124,33012,7200,4027919,Khalil Dorsey,khalil dorsey,CB,DET,2026-09-06T23:42:28.788368+00:00
00-0036077,33296,7347,4040901,Juju Hughes,juju hughes,S,FA,2026-09-06T23:42:28.788368+00:00
00-0036118,33310,7251,3914450,Jovante Moffatt,jovante moffatt,S,ATL,2026-09-06T23:42:28.788368+00:00
00-0036084,33316,7312,4038440,Madre Harper,madre harper,CB,PIT,2026-09-06T23:42:28.788368+00:00
00-0035906,32985,7324,4365493,Jessie Lemonier,jessie lemonier,LB,FA,2026-09-06T23:42:28.788368+00:00
00-0035995,32961,7051,4035389,Grayland Arnold,grayland arnold,S,FA,2026-09-06T23:42:28.788368+00:00
00-0036045,33272,7451,4034496,Cam Gill,cam gill,LB,FA,2026-09-06T23:42:28.788368+00:00
00-0035783,33058,7188,4048718,Tyler Hall,tyler hall,CB,SEA,2026-09-06T23:42:28.788368+00:00
00-0036149,33333,7392,4243250,Javelin Guidry,javelin guidry,CB,NYJ,2026-09-06T23:42:28.788368+00:00
00-0036037,33137,7224,4044133,Sam Franklin,sam franklin,S,BUF,2026-09-06T23:42:28.788368+00:00
00-0035848,33215,7279,4374496,De'Michael Harris,demichael harris,WR,FA,2026-09-06T23:42:28.788368+00:00
00-0036157,33005,7197,4036153,Kristian Welch,kristian welch,LB,FA,2026-09-06T23:42:28.788368+00:00
00-0035923,33086,7398,4046605,Reggie Walker,reggie walker,LB,FA,2026-09-06T23:42:28.788368+00:00
00-0035808,33201,7027,4040975,Jared Mayden,jared mayden,S,PHI,2026-09-06T23:42:28.788368+00:00
00-0036111,33303,7078,3915821,Tony Brown,tony brown,WR,FA,2026-09-06T23:42:28.788368+00:00
00-0035962,33222,7271,3928920,Henry Black,henry black,S,IND,2026-09-06T23:42:28.788368+00:00
00-0035841,33239,6999,4035299,Benito Jones,benito jones,DT,FA,2026-09-06T23:42:28.788368+00:00
00-0036189,33358,7208,3917159,Josh Thomas,josh thomas,S,ARI,2026-09-06T23:42:28.788368+00:00
00-0035998,32964,7405,3917576,Michael Jacquet,michael jacquet,CB,FA,2026-09-06T23:42:28.788368+00:00
00-0035970,33231,6916,4240024,Stanford Samuels,stanford samuels,CB,GBP,2026-09-06T23:42:28.788368+00:00
00-0036458,,7516,3045246,Hunter Niswander,hunter niswander,PN,FA,2026-09-06T23:42:28.788368+00:00
00-0036033,33099,7055,4038539,Sewo Olonilua,sewo olonilua,RB,FA,2026-09-06T23:42:28.788368+00:00
00-0036181,33347,7443,4374269,Teair Tart,teair tart,DT,LAC,2026-09-06T23:42:28.788368+00:00
00-0036043,33089,7169,3821572,Jace Whittaker,jace whittaker,CB,FA,2026-09-06T23:42:28.788368+00:00
00-0036087,33319,6946,4039010,Myles Bryant,myles bryant,CB,FA,2026-09-06T23:42:28.788368+00:00
00-0036101,33115,7293,4361499,Luq Barcoo,luq barcoo,CB,FA,2026-09-06T23:42:28.788368+00:00
00-0035864,32929,7210,3700815,Kendall Hinton,kendall hinton,WR,FA,2026-09-06T23:42:28.788368+00:00
00-0035816,33051,7381,4030955,Niko Lalos,niko lalos,DE,NOS,2026-09-06T23:42:28.788368+00:00
00-0035850,33212,7281,4041572,Kameron Cline,kameron cline,DE,FA,2026-09-06T23:42:28.788368+00:00
00-0036191,33008,7194,3895837,Aaron Crawford,aaron crawford,DT,BAL,2026-09-06T23:42:28.788368+00:00
00-0036011,33190,7259,4030779,Bobby Price,bobby price,CB,FA,2026-09-06T23:42:28.788368+00:00
00-0035900,32977,7329,4036959,Cole Christiansen,cole christiansen,LB,KCC,2026-09-06T23:42:28.788368+00:00
00-0036007,32973,6933,3929834,Raequan Williams,raequan williams,DT,JAC,2026-09-06T23:42:28.788368+00:00
00-0035925,33090,7170,3911073,Jarren Williams,jarren williams,CB,DET,2026-09-06T23:42:28.788368+00:00
00-0035802,33195,6975,3919607,Darrion Daniels,darrion daniels,DT,SFO,2026-09-06T23:42:28.788368+00:00
00-0036065,33156,7276,3911982,Auzoyah Alufohai,auzoyah alufohai,DT,HOU,2026-09-06T23:42:28.788368+00:00
00-0035984,33034,7364,3892773,Blake Lynch,blake lynch,LB,KCC,2026-09-06T23:42:28.788368+00:00
00-0035830,33135,7046,3917012,J.R. Reed,jr reed,S,FA,2026-09-06T23:42:28.788368+00:00
00-0036110,33302,7244,3917569,Ja'Marcus Bradley,jamarcus bradley,WR,FA,2026-09-06T23:42:28.788368+00:00
00-0035879,32953,7302,4043618,Omari Cobb,omari cobb,LB,KCC,2026-09-06T23:42:28.788368+00:00
00-0036203,33174,7474,4040621,Keandre Jones,keandre jones,LB,CIN,2026-09-06T23:42:28.788368+00:00
00-0035903,32982,7325,3915990,Joe Gaziano,joe gaziano,DT,FA,2026-09-06T23:42:28.788368+00:00
00-0036456,33367,7502,4036129,Dominique Dafney,dominique dafney,TE,FA,2026-09-06T23:42:28.788368+00:00
00-0036086,33024,7459,3915508,Rashod Berry,rashod berry,TE,DET,2026-09-06T23:42:28.788368+00:00
00-0036188,33359,7203,4040629,Antonio Williams,antonio williams,RB,FA,2026-09-06T23:42:28.788368+00:00
00-0035838,33236,7352,4041703,Matt Cole,matt cole,WR,FA,2026-09-06T23:42:28.788368+00:00
00-0036002,32968,7406,4036924,Elijah Riley,elijah riley,S,NYG,2026-09-06T23:42:28.788368+00:00
00-0036058,33285,7491,4036138,Cedrick Lattimore,cedrick lattimore,DT,SEA,2026-09-06T23:42:28.788368+00:00
00-0036114,33306,6876,4038437,A.J. Green,aj green,CB,MIA,2026-09-06T23:42:28.788368+00:00
00-0035946,33131,7222,4039164,Myles Adams,myles adams,DT,FA,2026-09-06T23:42:28.788368+00:00
00-0035859,33112,7467,4045180,Blake Gillikin,blake gillikin,PN,ARI,2026-09-06T23:42:28.788368+00:00
00-0036013,33192,7261,4371989,Arryn Siposs,arryn siposs,PN,FA,2026-09-06T23:42:28.788368+00:00
00-0036168,33352,7314,3932960,Dominik Eberle,dominik eberle,PK,FA,2026-09-06T23:42:28.788368+00:00
00-0035786,33063,7173,3919609,Jalen McCleskey,jalen mccleskey,WR,FA,2026-09-06T23:42:28.788368+00:00
00-0036183,33349,7438,3910176,Kristian Wilkerson,kristian wilkerson,WR,BUF,2026-09-06T23:42:28.788368+00:00
00-0036080,33299,7337,4245174,Easop Winston,easop winston,WR,NYJ,2026-09-06T23:42:28.788368+00:00
00-0036449,33188,7412,4683485,Sandro Platzgummer,sandro platzgummer,RB,FA,2026-09-06T23:42:28.788368+00:00
00-0036176,33351,7436,4057082,Mason Kinsey,mason kinsey,WR,FA,2026-09-06T23:42:28.788368+00:00
00-0036471,33384,7619,4039339,Mathew Sexton,mathew sexton,WR,KCC,2026-09-06T23:42:28.788368+00:00
00-0036083,33315,7308,3929633,Nick Bowers,nick bowers,TE,FA,2026-09-06T23:42:28.788368+00:00
00-0035804,33197,7421,3908558,Jonas Griffith,jonas griffith,LB,FA,2026-09-06T23:42:28.788368+00:00
00-0036173,33340,7439,3675550,Tommy Hudson,tommy hudson,TE,TEN,2026-09-06T23:42:28.788368+00:00
00-0036136,33094,7462,,Stephen Guidry,stephen guidry,WR,DAL,2026-09-06T23:42:28.788368+00:00
00-0035928,33247,7341,4040703,Eric Banks,eric banks,DT,TBB,2026-09-06T23:42:28.788368+00:00
00-0035944,33263,7344,4032481,Jonah Williams,jonah williams,DT,NOS,2026-09-06T23:42:28.788368+00:00
00-0035985,33035,7362,3127587,David Moa,david moa,DT,LAC,2026-09-06T23:42:28.788368+00:00
00-0036068,33159,7277,4046688,Jamir Jones,jamir jones,DE,FA,2026-09-06T23:42:28.788368+00:00
00-0036059,33286,7427,3916587,Tyler Mabry,tyler mabry,TE,SEA,2026-09-06T23:42:28.788368+00:00
00-0035771,33171,6894,3923392,Mitchell Wilcox,mitchell wilcox,TE,FA,2026-09-06T23:42:28.788368+00:00
00-0035933,33252,7342,4033234,Michael Hoecht,michael hoecht,DE,BUF,2026-09-06T23:42:28.788368+00:00
00-0036137,33106,7254,4360328,Azur Kamara,azur kamara,LB,FA,2026-09-06T23:42:28.788368+00:00
00-0036052,33279,7159,3926936,Reid Sinnett,reid sinnett,QB,FA,2026-09-06T23:42:28.788368+00:00
00-0035857,33220,7283,4034530,Chris Williams,chris williams,DT,CLE,2026-09-06T23:42:28.788368+00:00
00-0035891,32948,7039,4241983,Cody White,cody white,WR,LVR,2026-09-06T23:42:28.788368+00:00
00-0036076,32996,7019,3915186,Chauncey Rivers,chauncey rivers,LB,GBP,2026-09-06T23:42:28.788368+00:00
00-0036030,33104,6962,4039075,La'Darius Hamilton,ladarius hamilton,DE,FA,2026-09-06T23:42:28.788368+00:00
00-0035927,32980,7326,3674831,Breiden Fehoko,breiden fehoko,DT,FA,2026-09-06T23:42:28.788368+00:00
00-0036010,33189,6902,4046680,Jalen Elliott,jalen elliott,S,LVR,2026-09-06T23:42:28.788368+00:00
00-0035935,33254,7339,3910287,J.J. Koski,jj koski,WR,FA,2026-09-06T23:42:28.788368+00:00
00-0035883,32944,7234,4036055,Maurice Ffrench,maurice ffrench,WR,FA,2026-09-06T23:42:28.788368+00:00
00-0036205,33176,7160,4257195,Ledarius Mack,ledarius mack,LB,CHI,2026-09-06T23:42:28.788368+00:00
00-0035880,32958,6974,3916926,Javaris Davis,javaris davis,CB,MIA,2026-09-06T23:42:28.788368+00:00
00-0035910,32991,7327,3916917,T.J. Smith,tj smith,DT,FA,2026-09-06T23:42:28.788368+00:00
00-0036056,33283,7433,3912347,Gavin Heslop,gavin heslop,CB,SEA,2026-09-06T23:42:28.788368+00:00
00-0036180,33346,7444,4038840,Kobe Smith,kobe smith,DT,TBB,2026-09-06T23:42:28.788368+00:00
00-0036462,,7520,4038534,Innis Gaines,innis gaines,S,FA,2026-09-06T23:42:28.788368+00:00
00-0035821,32942,7215,3125280,Corliss Waitman,corliss waitman,PN,SFO,2026-09-06T23:42:28.788368+00:00
00-0036453,33364,7499,2575891,Paul Quessenberry,paul quessenberry,TE,FA,2026-09-06T23:42:28.788368+00:00
00-0036050,33277,7456,3886826,Benning Potoa'e,benning potoae,DT,WAS,2026-09-06T23:42:28.788368+00:00
00-0036127,33004,6986,4035173,Nigel Warrior,nigel warrior,S,SEA,2026-09-06T23:42:28.788368+00:00
00-0036156,33000,7202,4037225,Dom Maggio,dom maggio,PN,FA,2026-09-06T23:42:28.788368+00:00
00-0035761,32670,7105,4266790,Ramiz Ahmed,ramiz ahmed,PK,FA,2026-09-06T23:42:28.788368+00:00
00-0035876,32943,7233,3886809,Andre Baccellia,andre baccellia,WR,FA,2026-09-06T23:42:28.788368+00:00
00-0035754,32661,6760,4035166,Jonathan Kongbo,jonathan kongbo,LB,DEN,2026-09-06T23:42:28.788368+00:00
00-0036148,33332,7390,4590720,Domenique Davis,domenique davis,DT,CIN,2026-09-06T23:42:28.788368+00:00
00-0036447,33185,7410,4686421,David Bada,david bada,DT,WAS,2026-09-06T23:42:28.788368+00:00
00-0036204,33175,7231,4376288,LaCale London,lacale london,DT,ATL,2026-09-06T23:42:28.788368+00:00
00-0035228,31833,5849,3917315,Kyler Murray,kyler murray,QB,MIN,2026-09-06T23:42:28.788368+00:00
00-0035704,31874,5854,3924327,Drew Lock,drew lock,QB,SEA,2026-09-06T23:42:28.788368+00:00
00-0035232,31847,5845,4040616,Dwayne Haskins,dwayne haskins,QB,FA,2026-09-06T23:42:28.788368+00:00
00-0035710,31838,5870,3917792,Daniel Jones,daniel jones,QB,IND,2026-09-06T23:42:28.788368+00:00
00-0035356,32415,6040,3916564,Tyree Jackson,tyree jackson,TE,WAS,2026-09-06T23:42:28.788368+00:00
00-0035146,32029,5974,3116172,Trace McSorley,trace mcsorley,QB,FA,2026-09-06T23:42:28.788368+00:00
00-0035251,31932,5903,3115252,Will Grier,will grier,QB,FA,2026-09-06T23:42:28.788368+00:00
00-0035264,31965,6136,3892775,Jarrett Stidham,jarrett stidham,QB,DEN,2026-09-06T23:42:28.788368+00:00
00-0035283,31999,6147,3116144,Clayton Thorson,clayton thorson,QB,FA,2026-09-06T23:42:28.788368+00:00
00-0034955,32221,6037,3722362,Brett Rypien,brett rypien,QB,FA,2026-09-06T23:42:28.788368+00:00
00-0035163,32366,6269,3915776,Kyle Shurmur,kyle shurmur,QB,FA,2026-09-06T23:42:28.788368+00:00
00-0035289,32010,6011,4038524,Gardner Minshew,gardner minshew,QB,ARI,2026-09-06T23:42:28.788368+00:00
00-0035652,31936,5885,3042876,Ryan Finley,ryan finley,QB,FA,2026-09-06T23:42:28.788368+00:00
00-0035282,31998,6185,3120590,Easton Stick,easton stick,QB,TBB,2026-09-06T23:42:28.788368+00:00
00-0035040,32272,6450,3116188,David Blough,david blough,QB,FA,2026-09-06T23:42:28.788368+00:00
00-0035685,31905,5892,4035538,David Montgomery,david montgomery,RB,HOU,2026-09-06T23:42:28.788368+00:00
00-0035217,31954,6156,4035072,Benny Snell,benny snell,RB,FA,2026-09-06T23:42:28.788368+00:00
00-0035700,31856,5850,4047365,Josh Jacobs,josh jacobs,RB,GBP,2026-09-06T23:42:28.788368+00:00
00-0034995,32026,6153,3932449,Dexter Williams,dexter williams,RB,FA,2026-09-06T23:42:28.788368+00:00
00-0035657,31919,5890,3925347,Damien Harris,damien harris,RB,FA,2026-09-06T23:42:28.788368+00:00
00-0035291,32014,6144,4035222,Trayveon Williams,trayveon williams,RB,FA,2026-09-06T23:42:28.788368+00:00
00-0035303,32050,6159,3915536,Mike Weber,mike weber,RB,FA,2026-09-06T23:42:28.788368+00:00
00-0035454,32508,5976,3929927,Karan Higdon,karan higdon,RB,FA,2026-09-06T23:42:28.788368+00:00
00-0035243,31885,6151,4045163,Miles Sanders,miles sanders,RB,FA,2026-09-06T23:42:28.788368+00:00
00-0035250,31906,6130,4040761,Devin Singletary,devin singletary,RB,NYG,2026-09-06T23:42:28.788368+00:00
00-0035311,32066,5980,3886818,Myles Gaskin,myles gaskin,RB,FA,2026-09-06T23:42:28.788368+00:00
00-0035256,31944,5889,3931398,Bryce Love,bryce love,RB,FA,2026-09-06T23:42:28.788368+00:00
00-0035594,32036,6012,4037457,Travis Homer,travis homer,RB,PIT,2026-09-06T23:42:28.788368+00:00
00-0035442,32148,5919,4035006,Elijah Holyfield,elijah holyfield,RB,FA,2026-09-06T23:42:28.788368+00:00
00-0035261,31960,5967,3916148,Tony Pollard,tony pollard,RB,TEN,2026-09-06T23:42:28.788368+00:00
00-0034975,31945,5995,4038441,Justice Hill,justice hill,RB,BAL,2026-09-06T23:42:28.788368+00:00
00-0035664,31902,5916,4039359,Darrell Henderson,darrell henderson,RB,FA,2026-09-06T23:42:28.788368+00:00
00-0035299,32043,5918,3705353,Rodney Anderson,rodney anderson,RB,FA,2026-09-06T23:42:28.788368+00:00
00-0034961,32226,6021,3843406,Nick Brossette,nick brossette,RB,FA,2026-09-06T23:42:28.788368+00:00
00-0035546,32569,6161,3929828,LJ Scott,lj scott,RB,FA,2026-09-06T23:42:28.788368+00:00
00-0035505,32528,5961,3123675,Jalin Moore,jalin moore,RB,FA,2026-09-06T23:42:28.788368+00:00
00-0035268,31972,6007,3923397,Ryquell Armstead,ryquell armstead,RB,FA,2026-09-06T23:42:28.788368+00:00
00-0035275,31986,6167,3915115,Jordan Scarlett,jordan scarlett,RB,FA,2026-09-06T23:42:28.788368+00:00
00-0035537,32018,6039,3915411,Ty Johnson,ty johnson,RB,BUF,2026-09-06T23:42:28.788368+00:00
00-0035184,32390,6068,3699935,Devine Ozigbo,devine ozigbo,RB,FA,2026-09-06T23:42:28.788368+00:00
00-0035273,31984,6002,3123944,Qadree Ollison,qadree ollison,RB,FA,2026-09-06T23:42:28.788368+00:00
00-0035448,32502,6334,4035102,Damarea Crockett,damarea crockett,RB,FA,2026-09-06T23:42:28.788368+00:00
00-0035043,32279,6448,3895788,Darrin Hall,darrin hall,RB,FA,2026-09-06T23:42:28.788368+00:00
00-0035387,32404,6637,,Nico Evans,nico evans,RB,FA,2026-09-06T23:42:28.788368+00:00
00-0035624,31864,5878,4047839,N'Keal Harry,nkeal harry,TE,FA,2026-09-06T23:42:28.788368+00:00
00-0035640,31896,5846,4047650,DK Metcalf,dk metcalf,WR,PIT,2026-09-06T23:42:28.788368+00:00
00-0035590,31958,5873,4035015,Riley Ridley,riley ridley,WR,FA,2026-09-06T23:42:28.788368+00:00
00-0035676,31883,5859,4047646,A.J. Brown,aj brown,WR,NEP,2026-09-06T23:42:28.788368+00:00
00-0035662,31857,5848,4241372,Marquise Brown,marquise brown,WR,PHI,2026-09-06T23:42:28.788368+00:00
00-0035529,31935,5886,3917940,Hakeem Butler,hakeem butler,WR,FA,2026-09-06T23:42:28.788368+00:00
00-0035246,31889,5863,3931397,JJ Arcega-Whiteside,jj arcega-whiteside,TE,FA,2026-09-06T23:42:28.788368+00:00
00-0035500,32523,5970,4037235,Greg Dortch,greg dortch,WR,BUF,2026-09-06T23:42:28.788368+00:00
00-0035659,31908,5927,3121422,Terry McLaurin,terry mclaurin,WR,WAS,2026-09-06T23:42:28.788368+00:00
00-0035359,32418,6154,3871102,David Sills,david sills,WR,TBB,2026-09-06T23:42:28.788368+00:00
00-0035475,32483,6017,3930064,DaMarkus Lodge,damarkus lodge,WR,FA,2026-09-06T23:42:28.788368+00:00
00-0035639,31891,5880,3121410,Parris Campbell,parris campbell,WR,FA,2026-09-06T23:42:28.788368+00:00
00-0035140,31888,5917,4035004,Mecole Hardman,mecole hardman,WR,FA,2026-09-06T23:42:28.788368+00:00
00-0035297,32038,5884,4036163,Kelvin Harmon,kelvin harmon,WR,FA,2026-09-06T23:42:28.788368+00:00
00-0035070,32253,5924,3924318,Emanuel Hall,emanuel hall,WR,FA,2026-09-06T23:42:28.788368+00:00
00-0034971,31899,5911,3115328,Jalen Hurd,jalen hurd,WR,FA,2026-09-06T23:42:28.788368+00:00
00-0035457,32511,6063,3894912,Tyron Johnson,tyron johnson,WR,FA,2026-09-06T23:42:28.788368+00:00
00-0035406,32494,5938,4039057,Lil'Jordan Humphrey,liljordan humphrey,WR,DEN,2026-09-06T23:42:28.788368+00:00
00-0035474,32482,5929,4049301,Anthony Johnson,anthony johnson,WR,FA,2026-09-06T23:42:28.788368+00:00
00-0035589,31952,6045,3916071,Gary Jennings,gary jennings,WR,FA,2026-09-06T23:42:28.788368+00:00
00-0035527,31894,5915,3914328,Andy Isabella,andy isabella,WR,FA,2026-09-06T23:42:28.788368+00:00
00-0035535,32003,6149,3916945,Darius Slayton,darius slayton,WR,NYG,2026-09-06T23:42:28.788368+00:00
00-0034983,31981,5955,3135321,Hunter Renfrow,hunter renfrow,WR,FA,2026-09-06T23:42:28.788368+00:00
00-0035287,32006,5962,3124537,KeeSean Johnson,keesean johnson,WR,FA,2026-09-06T23:42:28.788368+00:00
00-0035703,31925,5965,3932423,Miles Boykin,miles boykin,WR,FA,2026-09-06T23:42:28.788368+00:00
00-0035350,32447,6148,3915399,Preston Williams,preston williams,WR,FA,2026-09-06T23:42:28.788368+00:00
00-0034960,32231,5947,3916433,Jakobi Meyers,jakobi meyers,WR,JAC,2026-09-06T23:42:28.788368+00:00
00-0035361,32088,6049,3123074,Tyre Brady,tyre brady,WR,FA,2026-09-06T23:42:28.788368+00:00
00-0035002,32071,6047,4038938,Dillon Mitchell,dillon mitchell,WR,FA,2026-09-06T23:42:28.788368+00:00
00-0035126,32317,6165,4043161,Antoine Wesley,antoine wesley,WR,FA,2026-09-06T23:42:28.788368+00:00
00-0035399,32469,6069,3699902,Stanley Morgan,stanley morgan,WR,FA,2026-09-06T23:42:28.788368+00:00
00-0035153,32355,6097,3124013,Jamal Custis,jamal custis,WR,FA,2026-09-06T23:42:28.788368+00:00
00-0035450,32504,6019,3121413,Johnnie Dixon,johnnie dixon,WR,FA,2026-09-06T23:42:28.788368+00:00
00-0035719,31868,5872,3126486,Deebo Samuel,deebo samuel,WR,SFO,2026-09-06T23:42:28.788368+00:00
00-0035644,31852,5857,4036131,Noah Fant,noah fant,TE,NOS,2026-09-06T23:42:28.788368+00:00
00-0035229,31840,5844,4036133,T.J. Hockenson,tj hockenson,TE,MIN,2026-09-06T23:42:28.788368+00:00
00-0035309,32063,5975,3932433,Alize Mack,alize mack,TE,FA,2026-09-06T23:42:28.788368+00:00
00-0035671,31907,6139,3917962,Jace Sternberger,jace sternberger,TE,FA,2026-09-06T23:42:28.788368+00:00
00-0034970,31882,6126,4040980,Irv Smith,irv smith,TE,FA,2026-09-06T23:42:28.788368+00:00
00-0034988,32008,6146,4044452,Kaden Smith,kaden smith,TE,FA,2026-09-06T23:42:28.788368+00:00
00-0035689,31928,5906,3930086,Dawson Knox,dawson knox,TE,BUF,2026-09-06T23:42:28.788368+00:00
00-0035539,32056,5957,4035014,Isaac Nauta,isaac nauta,TE,FA,2026-09-06T23:42:28.788368+00:00
00-0035320,32086,6142,3932936,Caleb Wilson,caleb wilson,TE,FA,2026-09-06T23:42:28.788368+00:00
00-0035631,31884,6001,3127310,Drew Sample,drew sample,TE,CIN,2026-09-06T23:42:28.788368+00:00
00-0035717,31834,5816,4040605,Nick Bosa,nick bosa,DE,SFO,2026-09-06T23:42:28.788368+00:00
00-0035647,31858,6124,3134690,Montez Sweat,montez sweat,DE,CHI,2026-09-06T23:42:28.788368+00:00
00-0034967,31844,5839,4046523,Rashan Gary,rashan gary,DE,DAL,2026-09-06T23:42:28.788368+00:00
00-0035531,31949,5942,3728253,Austin Bryant,austin bryant,DE,FA,2026-09-06T23:42:28.788368+00:00
00-0035692,31836,5842,3728258,Clelin Ferrell,clelin ferrell,DE,MIA,2026-09-06T23:42:28.788368+00:00
00-0035281,31997,5923,4037459,Joe Jackson,joe jackson,DE,FA,2026-09-06T23:42:28.788368+00:00
00-0035248,31897,5871,3915282,Zach Allen,zach allen,DT,DEN,2026-09-06T23:42:28.788368+00:00
00-0035254,31939,6003,3894856,Anthony Nelson,anthony nelson,DE,TBB,2026-09-06T23:42:28.788368+00:00
00-0035636,31861,5861,3116449,L.J. Collier,lj collier,DT,ARI,2026-09-06T23:42:28.788368+00:00
00-0035267,31970,5900,3929648,Shareef Miller,shareef miller,DE,FA,2026-09-06T23:42:28.788368+00:00
00-0035718,31835,6118,4040982,Quinnen Williams,quinnen williams,DT,DAL,2026-09-06T23:42:28.788368+00:00
00-0035230,31841,5841,4039303,Ed Oliver,ed oliver,DT,BUF,2026-09-06T23:42:28.788368+00:00
00-0035683,31849,5847,4035483,Dexter Lawrence,dexter lawrence,DT,CIN,2026-09-06T23:42:28.788368+00:00
00-0035219,32024,6033,4241451,Isaiah Buggs,isaiah buggs,DT,FA,2026-09-06T23:42:28.788368+00:00
00-0035674,31860,6129,3863182,Jerry Tillery,jerry tillery,DT,IND,2026-09-06T23:42:28.788368+00:00
00-0035231,31845,6120,3728266,Christian Wilkins,christian wilkins,DT,FA,2026-09-06T23:42:28.788368+00:00
00-0035643,31851,6125,4035369,Jeffery Simmons,jeffery simmons,DT,TEN,2026-09-06T23:42:28.788368+00:00
00-0035678,31903,5865,3915525,Dre'Mont Jones,dremont jones,DE,NEP,2026-09-06T23:42:28.788368+00:00
00-0035128,32308,6134,3115258,Gerald Willis,gerald willis,DE,FA,2026-09-06T23:42:28.788368+00:00
00-0034985,31992,6048,3917316,Daylon Mack,daylon mack,DT,FA,2026-09-06T23:42:28.788368+00:00
00-0035642,31839,5840,3915239,Josh Hines-Allen,josh hines-allen,DE,JAC,2026-09-06T23:42:28.788368+00:00
00-0035707,31837,6119,4035434,Devin White,devin white,LB,DET,2026-09-06T23:42:28.788368+00:00
00-0035144,31987,6131,4040983,Mack Wilson,mack wilson,LB,ARI,2026-09-06T23:42:28.788368+00:00
00-0035525,31842,5843,4036261,Devin Bush,devin bush,LB,CHI,2026-09-06T23:42:28.788368+00:00
00-0035713,31848,5862,4035631,Brian Burns,brian burns,DE,NYG,2026-09-06T23:42:28.788368+00:00
00-0035115,32340,6020,3862861,Te'von Coney,tevon coney,LB,FA,2026-09-06T23:42:28.788368+00:00
00-0035528,31900,5851,4034967,Jachai Polite,jachai polite,LB,FA,2026-09-06T23:42:28.788368+00:00
00-0035284,32000,6135,3915196,D'Andre Walker,dandre walker,LB,FA,2026-09-06T23:42:28.788368+00:00
00-0035654,31909,6133,3115974,Chase Winovich,chase winovich,DE,MIA,2026-09-06T23:42:28.788368+00:00
00-0035638,31878,6123,4035437,Greedy Williams,greedy williams,CB,FA,2026-09-06T23:42:28.788368+00:00
00-0035684,31862,5852,3915163,Deandre Baker,deandre baker,CB,FA,2026-09-06T23:42:28.788368+00:00
00-0034974,31940,5876,4046675,Julian Love,julian love,S,SEA,2026-09-06T23:42:28.788368+00:00
00-0035236,31865,5864,4038999,Byron Murphy,byron murphy,CB,MIN,2026-09-06T23:42:28.788368+00:00
00-0035695,31872,5853,4035458,Trayvon Mullen,trayvon mullen,CB,FA,2026-09-06T23:42:28.788368+00:00
00-0035632,31948,5908,4036134,Amani Hooker,amani hooker,S,TEN,2026-09-06T23:42:28.788368+00:00
00-0035532,31971,5866,3859100,Deionte Thompson,deionte thompson,S,FA,2026-09-06T23:42:28.788368+00:00
00-0035693,31859,5860,3728305,Johnathan Abram,johnathan abram,S,FA,2026-09-06T23:42:28.788368+00:00
00-0035677,31892,5881,3912028,Nasir Adderley,nasir adderley,S,FA,2026-09-06T23:42:28.788368+00:00
00-0035663,31893,5882,4039007,Taylor Rapp,taylor rapp,S,FA,2026-09-06T23:42:28.788368+00:00
00-0031543,28861,2650,2582324,Ty Long,ty long,PN,FA,2026-09-06T23:42:28.788368+00:00
00-0035512,32419,6031,3886636,Alex Barnes,alex barnes,RB,FA,2026-09-06T23:42:28.788368+00:00
00-0027452,32368,6169,3884368,James Williams,james williams,RB,FA,2026-09-06T23:42:28.788368+00:00
00-0035728,31822,6196,4420894,Christian Wade,christian wade,RB,FA,2026-09-06T23:42:28.788368+00:00
00-0035660,31918,6164,3933327,Kahale Warring,kahale warring,TE,FA,2026-09-06T23:42:28.788368+00:00
00-0034968,31853,6210,3915419,Darnell Savage,darnell savage,S,FA,2026-09-06T23:42:28.788368+00:00
00-0035637,31866,6128,3910229,Rock Ya-Sin,rock ya-sin,CB,DET,2026-09-06T23:42:28.788368+00:00
00-0035239,31871,6060,3932886,Sean Murphy-Bunting,sean murphy-bunting,CB,TBB,2026-09-06T23:42:28.788368+00:00
00-0035240,31875,6179,3124587,Jahlani Tavai,jahlani tavai,LB,JAC,2026-09-06T23:42:28.788368+00:00
00-0035241,31877,6127,4035286,Joejuan Williams,joejuan williams,CB,FA,2026-09-06T23:42:28.788368+00:00
00-0035139,31879,5982,4243244,Marquise Blair,marquise blair,S,FA,2026-09-06T23:42:28.788368+00:00
00-0034969,31881,5971,3124970,Ben Banogu,ben banogu,DE,FA,2026-09-06T23:42:28.788368+00:00
00-0035244,31886,5883,4240780,Lonnie Johnson,lonnie johnson,S,FA,2026-09-06T23:42:28.788368+00:00
00-0035247,31890,5989,4042141,Trysten Hill,trysten hill,DT,FA,2026-09-06T23:42:28.788368+00:00
00-0035625,31895,6145,3917909,Juan Thornhill,juan thornhill,S,JAC,2026-09-06T23:42:28.788368+00:00
00-0035216,31898,5937,3932905,Diontae Johnson,diontae johnson,WR,FA,2026-09-06T23:42:28.788368+00:00
00-0035249,31901,5973,3921690,Josh Oliver,josh oliver,TE,MIN,2026-09-06T23:42:28.788368+00:00
00-0035697,31904,5894,3116724,Germaine Pratt,germaine pratt,LB,FA,2026-09-06T23:42:28.788368+00:00
00-0035665,31911,5914,4046536,David Long,david long,CB,CAR,2026-09-06T23:42:28.788368+00:00
00-0035646,31912,6211,3138834,Sione Takitaki,sione takitaki,LB,FA,2026-09-06T23:42:28.788368+00:00
00-0035655,31913,5920,3915297,Will Harris,will harris,S,FA,2026-09-06T23:42:28.788368+00:00
00-0035650,31915,5905,4046719,Justin Layne,justin layne,CB,FA,2026-09-06T23:42:28.788368+00:00
00-0035656,31916,6177,3121634,Khalen Saunders,khalen saunders,DT,FA,2026-09-06T23:42:28.788368+00:00
00-0035651,31917,5879,3122766,Jaylon Ferguson,jaylon ferguson,LB,FA,2026-09-06T23:42:28.788368+00:00
00-0035672,31920,6065,3926229,Cody Barton,cody barton,LB,TEN,2026-09-06T23:42:28.788368+00:00
00-0035687,31921,5944,3117253,Bobby Okereke,bobby okereke,LB,CAR,2026-09-06T23:42:28.788368+00:00
00-0035699,31926,5946,3873935,Jamel Dean,jamel dean,CB,PIT,2026-09-06T23:42:28.788368+00:00
00-0035708,31927,6132,3123233,Oshane Ximines,oshane ximines,DE,FA,2026-09-06T23:42:28.788368+00:00
00-0035680,31930,6214,3110565,Quincy Williams,quincy williams,LB,CLE,2026-09-06T23:42:28.788368+00:00
00-0035681,31931,5959,3155647,Mike Edwards,mike edwards,S,KCC,2026-09-06T23:42:28.788368+00:00
00-0034972,31934,5987,4048244,Alexander Mattison,alexander mattison,RB,MIA,2026-09-06T23:42:28.788368+00:00
00-0035253,31937,5893,4034953,Chauncey Gardner-Johnson,cj gardner-johnson,S,BUF,2026-09-06T23:42:28.788368+00:00
00-0034973,31938,5991,3916655,Maxx Crosby,maxx crosby,DE,LVR,2026-09-06T23:42:28.788368+00:00
00-0035530,31941,6152,3929835,Khari Willis,khari willis,S,FA,2026-09-06T23:42:28.788368+00:00
00-0034941,31942,6173,4035685,Mitch Wishnowsky,mitch wishnowsky,PN,NEP,2026-09-06T23:42:28.788368+00:00
00-0035255,31943,6140,3925358,Kendall Sheffield,kendall sheffield,CB,MIA,2026-09-06T23:42:28.788368+00:00
00-0035257,31947,5986,3126362,Christian Miller,christian miller,LB,FA,2026-09-06T23:42:28.788368+00:00
00-0034977,31951,5983,3917852,Sheldrick Redwine,sheldrick redwine,S,FA,2026-09-06T23:42:28.788368+00:00
00-0035259,31953,6181,4039253,Trevon Wesco,trevon wesco,TE,FA,2026-09-06T23:42:28.788368+00:00
00-0035260,31957,6157,3128815,Renell Wren,renell wren,DT,PIT,2026-09-06T23:42:28.788368+00:00
00-0034979,31959,6023,3912545,Iman Marshall,iman marshall,CB,BAL,2026-09-06T23:42:28.788368+00:00
00-0034980,31961,5951,3126182,Isaiah Johnson,isaiah johnson,CB,FA,2026-09-06T23:42:28.788368+00:00
00-0035262,31962,6141,3129310,Drue Tranquill,drue tranquill,LB,KCC,2026-09-06T23:42:28.788368+00:00
00-0035142,31964,6216,3886834,Ugo Amadi,ugo amadi,CB,FA,2026-09-06T23:42:28.788368+00:00
00-0035667,31966,5981,3127294,Greg Gaines,greg gaines,DT,BUF,2026-09-06T23:42:28.788368+00:00
00-0035265,31967,6116,4411771,John Cominsky,john cominsky,DE,FA,2026-09-06T23:42:28.788368+00:00
00-0034981,31969,5985,3843945,Foster Moreau,foster moreau,TE,HOU,2026-09-06T23:42:28.788368+00:00
00-0035222,31973,6018,3929924,Zach Gentry,zach gentry,TE,FA,2026-09-06T23:42:28.788368+00:00
00-0035143,31974,6098,3886816,Ben Burr-Kirven,ben burr-kirven,LB,FA,2026-09-06T23:42:28.788368+00:00
00-0035533,31975,5979,3121538,Ryan Connelly,ryan connelly,LB,FA,2026-09-06T23:42:28.788368+00:00
00-0035534,31976,6143,3912544,Marvell Tell,marvell tell,CB,FA,2026-09-06T23:42:28.788368+00:00
00-0035269,31977,6083,4249087,Matt Gay,matt gay,PK,LVR,2026-09-06T23:42:28.788368+00:00
00-0035270,31978,5888,3116175,Amani Oruwariye,amani oruwariye,CB,FA,2026-09-06T23:42:28.788368+00:00
00-0035271,31979,5907,4034945,Vosean Joseph,vosean joseph,LB,FA,2026-09-06T23:42:28.788368+00:00
00-0034982,31980,6056,3916903,Dre Greenlaw,dre greenlaw,LB,SFO,2026-09-06T23:42:28.788368+00:00
00-0034984,31982,6103,3917340,Kingsley Keke,kingsley keke,DT,FA,2026-09-06T23:42:28.788368+00:00
00-0035272,31983,6183,3133487,Andrew Van Ginkel,andrew van ginkel,DE,MIN,2026-09-06T23:42:28.788368+00:00
00-0035591,31988,6076,3122678,Justin Hollins,justin hollins,DE,FA,2026-09-06T23:42:28.788368+00:00
00-0035276,31989,6217,3728281,Blake Cashman,blake cashman,LB,MIN,2026-09-06T23:42:28.788368+00:00
00-0035277,31990,6025,3917853,Michael Jackson,michael jackson,CB,CAR,2026-09-06T23:42:28.788368+00:00
00-0035278,31991,6006,3916922,Byron Cowart,byron cowart,DT,FA,2026-09-06T23:42:28.788368+00:00
00-0035279,31993,5934,3929865,Charles Omenihu,charles omenihu,DE,WAS,2026-09-06T23:42:28.788368+00:00
00-0034986,31994,6176,3701669,Cameron Smith,cameron smith,LB,FA,2026-09-06T23:42:28.788368+00:00
00-0035280,31995,6093,3931395,Jake Bailey,jake bailey,PN,ATL,2026-09-06T23:42:28.788368+00:00
00-0034987,31996,6218,3071353,E.J. Speed,ej speed,LB,HOU,2026-09-06T23:42:28.788368+00:00
00-0035145,32002,6219,3821683,Austin Seibert,austin seibert,PK,FA,2026-09-06T23:42:28.788368+00:00
00-0035285,32004,6009,3886824,Jordan Miller,jordan miller,CB,FA,2026-09-06T23:42:28.788368+00:00
00-0035286,32005,6220,3116689,Cole Holcomb,cole holcomb,LB,PIT,2026-09-06T23:42:28.788368+00:00
00-0035218,32007,6188,3921970,Sutton Smith,sutton smith,LB,FA,2026-09-06T23:42:28.788368+00:00
00-0035288,32009,6013,3127367,Saquan Hampton,saquan hampton,S,FA,2026-09-06T23:42:28.788368+00:00
00-0035633,32012,6283,4411769,Corey Ballentine,corey ballentine,CB,FA,2026-09-06T23:42:28.788368+00:00
00-0035290,32013,5930,3672862,Jaquan Johnson,jaquan johnson,S,FA,2026-09-06T23:42:28.788368+00:00
00-0035592,32016,6059,3139522,Travis Fulgham,travis fulgham,WR,FA,2026-09-06T23:42:28.788368+00:00
00-0034990,32017,6222,3916676,Ka'dar Hollman,kadar hollman,CB,FA,2026-09-06T23:42:28.788368+00:00
00-0035593,32019,6223,3128317,Juwann Winfree,juwann winfree,WR,FA,2026-09-06T23:42:28.788368+00:00
00-0035292,32020,5928,3916074,David Long Jr.,david long,LB,FA,2026-09-06T23:42:28.788368+00:00
00-0034992,32022,6186,3128685,Armon Watts,armon watts,DT,FA,2026-09-06T23:42:28.788368+00:00
00-0034993,32023,6284,3139368,Marcus Epps,marcus epps,S,PHI,2026-09-06T23:42:28.788368+00:00
00-0035293,32027,6285,3860287,Xavier Crawford,xavier crawford,CB,FA,2026-09-06T23:42:28.788368+00:00
00-0035294,32028,5933,3870072,Blessuan Austin,blessuan austin,CB,FA,2026-09-06T23:42:28.788368+00:00
00-0034996,32030,6286,3048681,Tim Harris,tim harris,CB,BUF,2026-09-06T23:42:28.788368+00:00
00-0034997,32031,6272,3115469,Gerri Green,gerri green,DE,LVR,2026-09-06T23:42:28.788368+00:00
00-0035538,32032,5978,3914613,Emeke Egbule,emeke egbule,LB,PIT,2026-09-06T23:42:28.788368+00:00
00-0035147,32033,6014,3924364,Rashad Fenton,rashad fenton,CB,ARI,2026-09-06T23:42:28.788368+00:00
00-0035296,32035,6288,3124964,Marcus Green,marcus green,WR,FA,2026-09-06T23:42:28.788368+00:00
00-0035696,32037,6289,3916126,Duke Shelley,duke shelley,CB,FA,2026-09-06T23:42:28.788368+00:00
00-0035223,32039,6057,3920867,Ulysees Gilbert,ulysees gilbert,LB,FA,2026-09-06T23:42:28.788368+00:00
00-0035298,32040,6290,3914397,Scotty Miller,scott miller,WR,FA,2026-09-06T23:42:28.788368+00:00
00-0035595,32041,5953,3122915,Demarcus Christmas,demarcus christmas,DT,SEA,2026-09-06T23:42:28.788368+00:00
00-0035626,32042,6015,3121578,Deshaun Davis,deshaun davis,LB,FA,2026-09-06T23:42:28.788368+00:00
00-0035301,32045,6291,3122135,Donovan Wilson,donovan wilson,S,DAL,2026-09-06T23:42:28.788368+00:00
00-0035148,32046,6178,4361606,Darwin Thompson,darwin thompson,RB,FA,2026-09-06T23:42:28.788368+00:00
00-0035302,32047,5925,3924310,Terry Beckner,terry beckner,DT,FA,2026-09-06T23:42:28.788368+00:00
00-0035150,32049,5921,3929845,Kris Boyd,kris boyd,CB,NYJ,2026-09-06T23:42:28.788368+00:00
00-0035304,32052,6293,3122143,Cullen Gillaspia,cullen gillaspia,RB,FA,2026-09-06T23:42:28.788368+00:00
00-0034998,32053,6034,3126245,Donnie Lewis,donnie lewis,CB,CLE,2026-09-06T23:42:28.788368+00:00
00-0035596,32054,6175,3919104,Kerrith Whyte,kerrith whyte,RB,GBP,2026-09-06T23:42:28.788368+00:00
00-0035305,32055,6030,3121034,Jordan Brown,jordan brown,CB,OAK,2026-09-06T23:42:28.788368+00:00
00-0035306,32057,6051,3957672,Darryl Johnson,darryl johnson,DE,FA,2026-09-06T23:42:28.788368+00:00
00-0034999,32058,6294,3116431,Ty Summers,ty summers,LB,CHI,2026-09-06T23:42:28.788368+00:00
00-0035307,32059,6070,3120508,Jimmy Moreland,jimmy moreland,CB,NYJ,2026-09-06T23:42:28.788368+00:00
00-0035308,32060,6137,3122818,Tommy Sweeney,tommy sweeney,TE,FA,2026-09-06T23:42:28.788368+00:00
00-0035310,32065,6298,3843217,Chandler Cox,chandler cox,RB,FA,2026-09-06T23:42:28.788368+00:00
00-0035312,32067,5926,3121587,Dontavius Russell,dontavius russell,DT,FA,2026-09-06T23:42:28.788368+00:00
00-0035597,32068,6168,3933064,John Ursua,john ursua,WR,FA,2026-09-06T23:42:28.788368+00:00
00-0035313,32069,5977,3915174,Terry Godwin,terry godwin,WR,FA,2026-09-06T23:42:28.788368+00:00
00-0035598,32070,6299,4408864,Stephen Denmark,stephen denmark,CB,CHI,2026-09-06T23:42:28.788368+00:00
00-0035314,32073,5935,3122692,Jalen Jelks,jalen jelks,DE,DAL,2026-09-06T23:42:28.788368+00:00
00-0035315,32074,6300,3139036,Cortez Broughton,cortez broughton,DT,KCC,2026-09-06T23:42:28.788368+00:00
00-0035669,32075,6301,3116179,Nick Scott,nick scott,S,CAR,2026-09-06T23:42:28.788368+00:00
00-0035316,32076,6302,3124890,Kaden Elliss,kaden elliss,LB,NOS,2026-09-06T23:42:28.788368+00:00
00-0035004,32077,6174,3124015,Chris Slayton,chris slayton,DT,NYG,2026-09-06T23:42:28.788368+00:00
00-0035006,32079,6088,3917067,Olabisi Johnson,olabisi johnson,WR,FA,2026-09-06T23:42:28.788368+00:00
00-0035541,32081,6304,3138765,Michael Dogbe,michael dogbe,DT,FA,2026-09-06T23:42:28.788368+00:00
00-0035670,32083,5993,3139453,Dakota Allen,dakota allen,LB,FA,2026-09-06T23:42:28.788368+00:00
00-0035318,32084,6405,3128743,Ken Webster,ken webster,CB,FA,2026-09-06T23:42:28.788368+00:00
00-0035319,32085,5954,3122420,Jordan Brailford,jordan brailford,LB,ATL,2026-09-06T23:42:28.788368+00:00
00-0035000,32062,6296,3933407,Quinton Bell,quinton bell,DE,FA,2026-09-06T23:42:28.788368+00:00
00-0035540,32061,6273,3910660,P.J. Johnson,pj johnson,DT,LAC,2026-09-06T23:42:28.788368+00:00
00-0034913,31819,6192,3045141,Chris Blewitt,chris blewitt,PK,FA,2026-09-06T23:42:28.788368+00:00
00-0034943,32211,6107,3119471,Emmanuel Butler,emmanuel butler,WR,FA,2026-09-06T23:42:28.788368+00:00
00-0035467,32475,6072,3930901,Bruce Anderson,bruce anderson,RB,FA,2026-09-06T23:42:28.788368+00:00
00-0035021,32292,6427,4061956,Ashton Dulin,ashton dulin,WR,IND,2026-09-06T23:42:28.788368+00:00
00-0035022,32293,5902,3917546,Penny Hart,penny hart,WR,FA,2026-09-06T23:42:28.788368+00:00
00-0035120,32342,6032,3120980,Keelan Doss,keelan doss,WR,FA,2026-09-06T23:42:28.788368+00:00
00-0035090,32338,5997,3843603,Jazz Ferguson,jazz ferguson,WR,FA,2026-09-06T23:42:28.788368+00:00
00-0034959,32225,6323,3125107,Andrew Beck,andrew beck,RB,NYJ,2026-09-06T23:42:28.788368+00:00
00-0035164,32367,6171,3126115,Cody Thompson,cody thompson,WR,FA,2026-09-06T23:42:28.788368+00:00
00-0035386,32403,5960,3121544,T.J. Edwards,tj edwards,LB,CHI,2026-09-06T23:42:28.788368+00:00
00-0033092,30063,3893,2989641,Reece Horn,reece horn,WR,FA,2026-09-06T23:42:28.788368+00:00
00-0035058,32261,6016,3932963,Dax Raymond,dax raymond,TE,FA,2026-09-06T23:42:28.788368+00:00
00-0034931,32190,6046,3133361,Joe Dineen,joe dineen,LB,FA,2026-09-06T23:42:28.788368+00:00
00-0035338,32434,5939,3922125,Terrill Hanks,terrill hanks,LB,MIA,2026-09-06T23:42:28.788368+00:00
00-0035121,32302,6155,3916418,Jaylen Smith,jaylen smith,WR,FA,2026-09-06T23:42:28.788368+00:00
00-0035378,32105,6416,3918331,Andrew Wingard,andrew wingard,S,ARI,2026-09-06T23:42:28.788368+00:00
00-0035019,32244,6261,3121225,Reggie White Jr.,reggie white,WR,FA,2026-09-06T23:42:28.788368+00:00
00-0035181,32378,6519,3120588,Darrius Shepherd,darrius shepherd,WR,FA,2026-09-06T23:42:28.788368+00:00
00-0035628,32608,6694,3139602,D'Ernest Johnson,dernest johnson,RB,FA,2026-09-06T23:42:28.788368+00:00
00-0035009,32352,6501,3915230,C.J. Conrad,cj conrad,TE,FA,2026-09-06T23:42:28.788368+00:00
00-0035489,32473,6115,3060919,Wes Hills,wes hills,RB,FA,2026-09-06T23:42:28.788368+00:00
00-0034921,31831,6208,3048898,Elliott Fry,elliott fry,PK,FA,2026-09-06T23:42:28.788368+00:00
00-0035417,32200,6420,3126095,Jon'Vea Johnson,jonvea johnson,WR,FA,2026-09-06T23:42:28.788368+00:00
00-0035414,32201,6421,3932430,Jalen Guyton,jalen guyton,WR,FA,2026-09-06T23:42:28.788368+00:00
00-0035013,32238,6446,3122799,Jon Hilliman,jon hilliman,RB,FA,2026-09-06T23:42:28.788368+00:00
00-0035491,32159,6373,3124369,A.J. Richardson,aj richardson,WR,ARI,2026-09-06T23:42:28.788368+00:00
00-0035329,32456,6074,3912092,Donald Parham,donald parham,TE,PIT,2026-09-06T23:42:28.788368+00:00
00-0035394,32464,6317,3921586,Jacob Dolegala,jacob dolegala,QB,FA,2026-09-06T23:42:28.788368+00:00
00-0034922,31832,6209,3039968,Ishmael Hyman,ishmael hyman,WR,CAR,2026-09-06T23:42:28.788368+00:00
00-0034915,31821,6195,4420843,Damon Sheehy-Guiseppi,damon sheehy-guiseppi,WR,FA,2026-09-06T23:42:28.788368+00:00
00-0035520,32426,5984,3895828,Anthony Ratliff-Williams,anthony ratliff-williams,WR,FA,2026-09-06T23:42:28.788368+00:00
00-0035603,32125,6081,3122103,Kendall Blanton,kendall blanton,TE,FA,2026-09-06T23:42:28.788368+00:00
00-0035100,32138,6111,3886812,Jake Browning,jake browning,QB,FA,2026-09-06T23:42:28.788368+00:00
00-0035726,31826,6202,3115349,Jakob Johnson,jakob johnson,RB,HOU,2026-09-06T23:42:28.788368+00:00
00-0035428,32543,6089,3115359,Daniel Helm,daniel helm,TE,FA,2026-09-06T23:42:28.788368+00:00
00-0035187,32383,6553,3123857,Austin Walter,austin walter,RB,FA,2026-09-06T23:42:28.788368+00:00
00-0035401,32471,6549,4241723,Damion Willis,damion willis,WR,FA,2026-09-06T23:42:28.788368+00:00
00-0035179,32374,6510,3895834,Jalen Dalton,jalen dalton,DT,FA,2026-09-06T23:42:28.788368+00:00
00-0035177,32377,6498,3128396,Willie Harvey,willie harvey,LB,CLE,2026-09-06T23:42:28.788368+00:00
00-0034954,32220,6436,3124634,Malik Reed,malik reed,DE,FA,2026-09-06T23:42:28.788368+00:00
00-0035171,32369,6496,3128692,Cole Hedlund,cole hedlund,PK,FA,2026-09-06T23:42:28.788368+00:00
00-0035343,32440,5945,3728308,Jonathan Ledbetter,jonathan ledbetter,DE,FA,2026-09-06T23:42:28.788368+00:00
00-0034902,31815,5830,2577637,Sam Eguavoen,sam eguavoen,LB,FA,2026-09-06T23:42:28.788368+00:00
00-0035402,32490,5912,3918310,Carl Granderson,carl granderson,DE,NOS,2026-09-06T23:42:28.788368+00:00
00-0035125,32344,6109,3917668,Alec Ingold,alec ingold,RB,LAC,2026-09-06T23:42:28.788368+00:00
00-0035189,32174,6268,3128444,Matthew Wright,matthew wright,PK,BUF,2026-09-06T23:42:28.788368+00:00
00-0034578,31302,5162,3116642,Reggie Bonnafon,reggie bonnafon,RB,FA,2026-09-06T23:42:28.788368+00:00
00-0035374,32101,6363,3915296,Michael Walker,michael walker,WR,FA,2026-09-06T23:42:28.788368+00:00
00-0035373,32100,6656,3122794,Connor Strachan,connor strachan,LB,HOU,2026-09-06T23:42:28.788368+00:00
00-0035691,32621,6710,4426310,Josh Caldwell,josh caldwell,RB,FA,2026-09-06T23:42:28.788368+00:00
00-0035154,32356,5941,3929817,Felton Davis,felton davis,WR,FA,2026-09-06T23:42:28.788368+00:00
00-0035375,32102,6244,3115968,Brandon Watson,brandon rusnak,CB,JAC,2026-09-06T23:42:28.788368+00:00
00-0035427,32541,6246,3914534,Jeremy Cox,jeremy cox,RB,FA,2026-09-06T23:42:28.788368+00:00
00-0035194,32109,6357,3957156,Shawn Bane,shawn bane,WR,FA,2026-09-06T23:42:28.788368+00:00
00-0035200,32115,6358,3914158,Kahlil Lewis,kahlil lewis,WR,FA,2026-09-06T23:42:28.788368+00:00
00-0035551,32559,6585,3886841,Tony Brooks-James,tony brooks-james,RB,FA,2026-09-06T23:42:28.788368+00:00
00-0035198,32113,6347,4262186,Tre' Crawford,tre crawford,LB,FA,2026-09-06T23:42:28.788368+00:00
00-0035202,32118,6348,4240528,Del'Shawn Phillips,delshawn phillips,LB,LAC,2026-09-06T23:42:28.788368+00:00
00-0035353,32412,6227,4240591,Nick Easley,nick easley,WR,BUF,2026-09-06T23:42:28.788368+00:00
00-0035352,32411,6315,4035232,Tyrel Dodson,tyrel dodson,LB,CAR,2026-09-06T23:42:28.788368+00:00
00-0035396,32466,6318,3124022,Jordan Ellis,jordan ellis,RB,FA,2026-09-06T23:42:28.788368+00:00
00-0035548,32556,6628,3138760,Ventell Bryant,ventell bryant,WR,FA,2026-09-06T23:42:28.788368+00:00
00-0035549,32557,6666,3911689,Noah Dawkins,noah dawkins,LB,FA,2026-09-06T23:42:28.788368+00:00
00-0035045,32283,6453,4249030,D.J. Montgomery,dj montgomery,WR,IND,2026-09-06T23:42:28.788368+00:00
00-0035039,32273,6451,3948283,Stephen Carlson,stephen carlson,TE,FA,2026-09-06T23:42:28.788368+00:00
00-0035042,32277,6452,3936185,Jamie Gillan,jamie gillan,PN,FA,2026-09-06T23:42:28.788368+00:00
00-0035415,32206,6027,3116134,Nate Hall,nate hall,LB,TEN,2026-09-06T23:42:28.788368+00:00
00-0035412,32208,6611,3929818,Andrew Dowell,andrew dowell,LB,NOS,2026-09-06T23:42:28.788368+00:00
00-0035413,32205,6612,3116097,Luke Gifford,luke gifford,LB,SFO,2026-09-06T23:42:28.788368+00:00
00-0034935,32400,6539,4422215,Devontae Jackson,devontae jackson,RB,FA,2026-09-06T23:42:28.788368+00:00
00-0034949,32219,6438,3915575,Kelvin McKnight,kelvin mcknight,WR,DEN,2026-09-06T23:42:28.788368+00:00
00-0034930,32189,6395,4422214,Trinity Benson,trinity benson,WR,FA,2026-09-06T23:42:28.788368+00:00
00-0034932,32191,6396,3125402,Austin Fort,austin fort,TE,DEN,2026-09-06T23:42:28.788368+00:00
00-0035544,32561,6588,3126997,Tom Kennedy,tom kennedy,WR,FA,2026-09-06T23:42:28.788368+00:00
00-0035330,32457,6651,4423367,Anthony Pittman,anthony pittman,LB,DET,2026-09-06T23:42:28.788368+00:00
00-0035076,32266,6430,3116367,Curtis Bolton,curtis bolton,LB,TEN,2026-09-06T23:42:28.788368+00:00
00-0035483,32152,6371,4040826,Drew Anderson,drew anderson,QB,FA,2026-09-06T23:42:28.788368+00:00
00-0035494,32162,6372,3119996,Xavier Turner,xavier turner,RB,FA,2026-09-06T23:42:28.788368+00:00
00-0035705,32623,6711,4043089,Jalen Thompson,jalen thompson,S,DAL,2026-09-06T23:42:28.788368+00:00
00-0035444,32151,6307,4035866,Jordan Kunaszyk,jordan kunaszyk,LB,FA,2026-09-06T23:42:28.788368+00:00
00-0035118,32306,6461,4422336,Matt Orzech,matt orzech,TE,JAC,2026-09-06T23:42:28.788368+00:00
00-0035455,32509,6026,3728248,Albert Huggins,albert huggins,DT,ATL,2026-09-06T23:42:28.788368+00:00
00-0035155,32357,5968,3728261,Mark Fields,mark fields,CB,HOU,2026-09-06T23:42:28.788368+00:00
00-0035480,32488,6239,4408988,Malik Taylor,malik taylor,WR,FA,2026-09-06T23:42:28.788368+00:00
00-0035513,32420,6043,4037633,Amani Bledsoe,amani bledsoe,DT,FA,2026-09-06T23:42:28.788368+00:00
00-0035157,32359,6551,3122906,Darius Harris,darius harris,LB,NEP,2026-09-06T23:42:28.788368+00:00
00-0035701,32624,6712,4039244,Marcus Simms,marcus simms,WR,FA,2026-09-06T23:42:28.788368+00:00
00-0035432,32547,6247,4069806,Jason Moore,jason moore,WR,FA,2026-09-06T23:42:28.788368+00:00
00-0035602,32124,6386,3919510,Alex Bachman,alex bachman,WR,LAR,2026-09-06T23:42:28.788368+00:00
00-0035621,32137,6387,3119317,Nsimba Webster,nsimba webster,WR,FA,2026-09-06T23:42:28.788368+00:00
00-0035341,32438,6598,3931391,Trenton Irwin,trenton irwin,WR,NYJ,2026-09-06T23:42:28.788368+00:00
00-0035099,32140,6379,3122154,Khari Blasingame,khari blasingame,RB,FA,2026-09-06T23:42:28.788368+00:00
00-0035101,32141,6380,3933568,Davion Davis,davion davis,WR,FA,2026-09-06T23:42:28.788368+00:00
00-0035104,32143,6381,4249496,Alexander Hollins,alexander hollins,WR,CLE,2026-09-06T23:42:28.788368+00:00
00-0035645,32612,6699,4424106,Gunner Olszewski,gunner olszewski,WR,NYG,2026-09-06T23:42:28.788368+00:00
00-0034962,32230,5990,3924319,Terez Hall,terez hall,LB,NEP,2026-09-06T23:42:28.788368+00:00
00-0035215,32398,6234,4411193,Deonte Harty,deonte harty,WR,FA,2026-09-06T23:42:28.788368+00:00
00-0035404,32492,5996,3912553,Porter Gustin,porter gustin,LB,FA,2026-09-06T23:42:28.788368+00:00
00-0035018,32243,6163,3121110,Alex Wesley,alex wesley,WR,FA,2026-09-06T23:42:28.788368+00:00
00-0035510,32533,6557,3929118,Jeff Smith,jeff smith,WR,FA,2026-09-06T23:42:28.788368+00:00
00-0035385,32409,6540,3116182,DeAndre Thompkins,deandre thompkins,WR,FA,2026-09-06T23:42:28.788368+00:00
00-0035433,32548,6563,3129309,Tyler Newsome,tyler newsome,PN,FA,2026-09-06T23:42:28.788368+00:00
00-0035573,32589,6682,3675805,Kareem Orr,kareem orr,CB,FA,2026-09-06T23:42:28.788368+00:00
00-0034956,32222,2894,3124520,Josh Watson,josh watson,LB,HOU,2026-09-06T23:42:28.788368+00:00
00-0035587,32560,6593,3126075,Spencer Schnell,spencer schnell,WR,TBB,2026-09-06T23:42:28.788368+00:00
00-0035166,32318,6485,3919117,Azeez Al-Shaair,azeez al-shaair,LB,HOU,2026-09-06T23:42:28.788368+00:00
00-0035161,32364,6231,3118906,John Lovett,john lovett,TE,FA,2026-09-06T23:42:28.788368+00:00
00-0035208,32123,6271,3917914,Olamide Zaccheaus,olamide zaccheaus,WR,ATL,2026-09-06T23:42:28.788368+00:00
00-0035334,32461,6536,3124052,Kevin Strong,kevin strong,DT,FA,2026-09-06T23:42:28.788368+00:00
00-0035192,32384,6528,3124084,Joey Slye,joey slye,PK,TEN,2026-09-06T23:42:28.788368+00:00
00-0035419,32204,6472,3122441,Justin Phillips,justin phillips,LB,FA,2026-09-06T23:42:28.788368+00:00
00-0035634,32609,6695,3140141,Alex Brown,alex brown,CB,KCC,2026-09-06T23:42:28.788368+00:00
00-0035557,32578,6584,3145343,Deyon Sizer,deyon sizer,DT,DEN,2026-09-06T23:42:28.788368+00:00
00-0035342,32439,6311,3127211,Patrick Laird,patrick laird,RB,FA,2026-09-06T23:42:28.788368+00:00
00-0034928,32187,6402,3917960,Steven Sims,steven sims,WR,ARI,2026-09-06T23:42:28.788368+00:00
00-0035577,32581,6595,3127051,Devlin Hodges,devlin hodges,QB,FA,2026-09-06T23:42:28.788368+00:00
00-0035735,32642,6730,4242418,Jordan Ta'amu,jordan taamu,QB,FA,2026-09-06T23:42:28.788368+00:00
00-0035098,32139,6355,3915373,Micah Abernathy,micah abernathy,S,FA,2026-09-06T23:42:28.788368+00:00
00-0035190,32386,6555,3686689,A.J. Cole,aj cole,PN,LVR,2026-09-06T23:42:28.788368+00:00
00-0035340,32436,6538,3115334,Dewayne Hendrix,dewayne hendrix,DE,FA,2026-09-06T23:42:28.788368+00:00
00-0034909,31808,5823,3127313,Tristan Vizcaino,tristan vizcaino,PK,FA,2026-09-06T23:42:28.788368+00:00
00-0034923,32181,6099,4250485,B.J. Blunt,bj blunt,LB,FA,2026-09-06T23:42:28.788368+00:00
00-0035026,32321,6005,3929641,Kevin Givens,kevin givens,DT,SFO,2026-09-06T23:42:28.788368+00:00
00-0035519,32425,6601,3131784,Isaiah Mack,isaiah mack,DT,FA,2026-09-06T23:42:28.788368+00:00
00-0035025,32295,6439,3925348,Hale Hentges,hale hentges,TE,FA,2026-09-06T23:42:28.788368+00:00
00-0035016,32241,6160,3914595,Josiah Tauaefa,josiah tauaefa,LB,FA,2026-09-06T23:42:28.788368+00:00
00-0035102,32142,6279,4411192,Brandon Dillon,brandon dillon,TE,FA,2026-09-06T23:42:28.788368+00:00
00-0035133,32348,6333,4259493,Keisean Nixon,keisean nixon,CB,GBP,2026-09-06T23:42:28.788368+00:00
00-0035617,32135,6353,3116177,Troy Reeder,troy reeder,LB,NYJ,2026-09-06T23:42:28.788368+00:00
00-0035615,32134,6055,3728310,Natrez Patrick,natrez patrick,LB,FA,2026-09-06T23:42:28.788368+00:00
00-0035409,32497,6627,3886601,Shy Tuttle,shy tuttle,DT,WAS,2026-09-06T23:42:28.788368+00:00
00-0035507,32530,6235,3886528,Kyle Phillips,kyle phillips,DE,FA,2026-09-06T23:42:28.788368+00:00
00-0035486,32155,6378,3913020,Miles Brown,miles brown,DT,FA,2026-09-06T23:42:28.788368+00:00
00-0035579,32582,6679,4039521,Tuzar Skipper,tuzar skipper,LB,TEN,2026-09-06T23:42:28.788368+00:00
00-0035434,32549,6252,3124030,Chris Peace,chris peace,DE,NYG,2026-09-06T23:42:28.788368+00:00
00-0035094,32336,6494,3115979,Bryan Mone,bryan mone,DT,SEA,2026-09-06T23:42:28.788368+00:00
00-0035103,32304,6432,3122141,Otaro Alaka,otaro alaka,LB,BAL,2026-09-06T23:42:28.788368+00:00
00-0035108,32145,6354,3886327,Nate Meadors,nate meadors,CB,CLE,2026-09-06T23:42:28.788368+00:00
00-0035437,32552,6257,3917058,Roderic Teamer,roderic teamer,S,FA,2026-09-06T23:42:28.788368+00:00
00-0035073,32254,6467,4422407,Jonathan Harris,jonathan harris,DT,FA,2026-09-06T23:42:28.788368+00:00
00-0035358,32417,6650,3150744,Chase McLaughlin,chase mclaughlin,PK,TBB,2026-09-06T23:42:28.788368+00:00
00-0035172,32371,6579,3935064,Shakial Taylor,shakial taylor,CB,FA,2026-09-06T23:42:28.788368+00:00
00-0035346,32443,6258,3124702,Nik Needham,nik needham,CB,NYJ,2026-09-06T23:42:28.788368+00:00
00-0035567,32596,6659,4421446,Craig Reynolds,craig reynolds,RB,WAS,2026-09-06T23:42:28.788368+00:00
00-0035521,32427,6581,3125126,Derick Roberson,derick roberson,LB,FA,2026-09-06T23:42:28.788368+00:00
00-0035363,32091,6105,3917797,Joe Giles-Harris,joe giles-harris,LB,FA,2026-09-06T23:42:28.788368+00:00
00-0035390,32408,6542,4239817,Anthony Rush,anthony rush,DT,FA,2026-09-06T23:42:28.788368+00:00
00-0035365,32092,6310,3917147,Tae Hayes,tae hayes,CB,NYJ,2026-09-06T23:42:28.788368+00:00
00-0035714,32628,6714,3139613,Mazzi Wilkins,mazzi wilkins,CB,TBB,2026-09-06T23:42:28.788368+00:00
00-0035553,32565,6591,3126263,Charles Jones,charles jones,TE,JAC,2026-09-06T23:42:28.788368+00:00
00-0035562,32576,6075,3940587,Jesper Horsted,jesper horsted,TE,FA,2026-09-06T23:42:28.788368+00:00
00-0035044,32280,6429,4264341,J.T. Hassell,jt hassell,S,NYJ,2026-09-06T23:42:28.788368+00:00
00-0034933,32192,6398,3127075,Ahmad Gooden,ahmad gooden,LB,NYJ,2026-09-06T23:42:28.788368+00:00
00-0035499,32522,6328,3125705,Kyron Brown,kyron brown,CB,NYJ,2026-09-06T23:42:28.788368+00:00
00-0035339,32435,6090,3915970,Montre Hartage,montre hartage,S,MIA,2026-09-06T23:42:28.788368+00:00
00-0035485,32472,6634,3914477,Nate Brooks,nate brooks,CB,MIA,2026-09-06T23:42:28.788368+00:00
00-0035758,32668,7094,4682912,Lirim Hajrullahu,lirim hajrullahu,PK,FA,2026-09-06T23:42:28.788368+00:00
00-0035759,32667,7095,3053774,Austin MacGinnis,austin macginnis,PK,FA,2026-09-06T23:42:28.788368+00:00
00-0035370,32097,6138,4035425,Saivion Smith,saivion smith,CB,FA,2026-09-06T23:42:28.788368+00:00
00-0035760,32669,6108,3693033,Jacques Patrick,jacques patrick,RB,FA,2026-09-06T23:42:28.788368+00:00
00-0035156,32358,6523,3916370,Jack Fox,jack fox,PN,DET,2026-09-06T23:42:28.788368+00:00
00-0035750,32664,6763,2974503,Reggie Begelton,reggie begelton,WR,FA,2026-09-06T23:42:28.788368+00:00
00-0035752,32662,6778,3040206,Chris Streveler,chris streveler,QB,FA,2026-09-06T23:42:28.788368+00:00
00-0035048,32287,5966,3915285,Wyatt Ray,wyatt ray,LB,DEN,2026-09-06T23:42:28.788368+00:00
00-0035547,32600,6665,4408854,Jody Fortson,jody fortson,TE,FA,2026-09-06T23:42:28.788368+00:00
00-0035607,32130,6390,3914150,Marquise Copeland,marquise copeland,DT,FA,2026-09-06T23:42:28.788368+00:00
00-0035227,32164,6419,3929850,P.J. Locke,pj locke,S,DAL,2026-09-06T23:42:28.788368+00:00
00-0035600,32601,6657,3116082,Freedom Akinmoladun,freedom akinmoladun,DT,FA,2026-09-06T23:42:28.788368+00:00
00-0035020,32319,6610,3931424,Demetrius Flannigan-Fowles,demetrius flannigan-fowles,LB,BUF,2026-09-06T23:42:28.788368+00:00
00-0035357,32416,6314,3916577,Cam Lewis,cam lewis,S,CHI,2026-09-06T23:42:28.788368+00:00
00-0035085,32276,6517,3128675,Randy Ramsey,randy ramsey,LB,FA,2026-09-06T23:42:28.788368+00:00
00-0035130,32346,6332,3909365,Dylan Mabin,dylan mabin,CB,MIN,2026-09-06T23:42:28.788368+00:00
00-0035137,32381,6639,3147988,Terrell Bonds,terrell bonds,CB,FA,2026-09-06T23:42:28.788368+00:00
00-0034948,32218,6104,3117249,Alijah Holder,alijah holder,S,FA,2026-09-06T23:42:28.788368+00:00
00-0035210,32396,6640,3919107,Herb Miller,herb miller,CB,CAR,2026-09-06T23:42:28.788368+00:00
00-0035422,32199,6243,3915255,Chris Westry,chris westry,CB,FA,2026-09-06T23:42:28.788368+00:00
00-0036459,33372,7518,4611153,Taylor Russolino,taylor russolino,PK,FA,2026-09-06T23:42:28.788368+00:00
00-0035188,32171,6266,4039292,Alex Myres,alex myres,CB,FA,2026-09-06T23:42:28.788368+00:00
00-0035393,32463,6645,3910754,Anthony Chesley,anthony chesley,CB,TBB,2026-09-06T23:42:28.788368+00:00
00-0035436,32551,6233,3121378,Matt Sokol,matt sokol,TE,LAC,2026-09-06T23:42:28.788368+00:00
00-0035462,32515,6335,4241221,Walter Palmore,walter palmore,DT,DAL,2026-09-06T23:42:28.788368+00:00
00-0035135,32351,6321,3914553,Tim Ward,tim ward,DE,FA,2026-09-06T23:42:28.788368+00:00
00-0034944,32212,5952,2971641,Chase Hansen,chase hansen,LB,NOS,2026-09-06T23:42:28.788368+00:00
00-0035715,32630,6753,3925346,Derrick Gore,derrick gore,RB,FA,2026-09-06T23:42:28.788368+00:00
00-0035542,32542,6254,4243831,Kemon Hall,kemon hall,CB,TEN,2026-09-06T23:42:28.788368+00:00
00-0035572,32588,6662,3144991,Parker Hesse,parker hesse,TE,FA,2026-09-06T23:42:28.788368+00:00
00-0035345,32442,6529,3138744,Chris Myarick,chris myarick,TE,FA,2026-09-06T23:42:28.788368+00:00
00-0035423,32198,6423,3133368,Daniel Wise,daniel wise,DE,KCC,2026-09-06T23:42:28.788368+00:00
00-0035609,32603,6687,3144988,Jake Gervase,jake gervase,LB,FA,2026-09-06T23:42:28.788368+00:00
00-0035518,32424,6602,3115492,Braxton Hoyett,braxton hoyett,DT,NOS,2026-09-06T23:42:28.788368+00:00
00-0034966,32223,6476,3139389,D'Angelo Ross,dangelo ross,CB,CLE,2026-09-06T23:42:28.788368+00:00
00-0035063,32248,6604,4411188,Mathieu Betts,mathieu betts,DE,FA,2026-09-06T23:42:28.788368+00:00
00-0034887,31792,5822,2577712,Alexander Johnson,alexander johnson,LB,FA,2026-09-06T23:42:28.788368+00:00
00-0032945,29973,3846,3115315,Duke Williams,duke williams,WR,FA,2026-09-06T23:42:28.788368+00:00
00-0034052,30959,4878,4294520,Brandon Zylstra,brandon zylstra,WR,FA,2026-09-06T23:42:28.788368+00:00
00-0034857,30977,4984,3918298,Josh Allen,josh allen,QB,BUF,2026-09-06T23:42:28.788368+00:00
00-0034855,30971,4892,3052587,Baker Mayfield,baker mayfield,QB,TBB,2026-09-06T23:42:28.788368+00:00
00-0034343,30980,4863,3886377,Josh Rosen,josh rosen,QB,FA,2026-09-06T23:42:28.788368+00:00
00-0034869,30973,4943,3912547,Sam Darnold,sam darnold,QB,SEA,2026-09-06T23:42:28.788368+00:00
00-0034796,31002,4881,3916387,Lamar Jackson,lamar jackson,QB,BAL,2026-09-06T23:42:28.788368+00:00
00-0034412,31169,5108,3052061,Luke Falk,luke falk,QB,FA,2026-09-06T23:42:28.788368+00:00
00-0034771,31046,4972,3116407,Mason Rudolph,mason rudolph,QB,PIT,2026-09-06T23:42:28.788368+00:00
00-0034126,31365,5228,3040507,J.T. Barrett,jt barrett,QB,FA,2026-09-06T23:42:28.788368+00:00
00-0034401,31141,5089,3051381,Mike White,mike white,QB,FA,2026-09-06T23:42:28.788368+00:00
00-0034416,31173,5118,3041097,Tanner Lee,tanner lee,QB,FA,2026-09-06T23:42:28.788368+00:00
00-0034131,31336,5142,3040535,Kurt Benkert,kurt benkert,QB,FA,2026-09-06T23:42:28.788368+00:00
00-0034369,31078,4996,3049872,Kyle Lauletta,kyle lauletta,QB,FA,2026-09-06T23:42:28.788368+00:00
00-0034531,31560,5165,3139591,Quinton Flowers,quinton flowers,RB,FA,2026-09-06T23:42:28.788368+00:00
00-0034844,30972,4866,3929630,Saquon Barkley,saquon barkley,RB,PHI,2026-09-06T23:42:28.788368+00:00
00-0034358,31029,4949,3843750,Derrius Guice,derrius guice,RB,FA,2026-09-06T23:42:28.788368+00:00
00-0034816,31008,5052,3912550,Ronald Jones,ronald jones,RB,FA,2026-09-06T23:42:28.788368+00:00
00-0034845,31001,4962,3128721,Sony Michel,sony michel,RB,FA,2026-09-06T23:42:28.788368+00:00
00-0034750,30997,4985,3139925,Rashaad Penny,rashaad penny,RB,FA,2026-09-06T23:42:28.788368+00:00
00-0034670,31622,5195,3040146,Akrum Wadley,akrum wadley,RB,FA,2026-09-06T23:42:28.788368+00:00
00-0034791,31005,4988,3128720,Nick Chubb,nick chubb,RB,FA,2026-09-06T23:42:28.788368+00:00
00-0034457,31567,5136,3932420,Josh Adams,josh adams,RB,FA,2026-09-06T23:42:28.788368+00:00
00-0034349,31013,5068,3916925,Kerryon Johnson,kerryon johnson,RB,FA,2026-09-06T23:42:28.788368+00:00
00-0034331,31135,5107,3116721,Jaylen Samuels,jaylen samuels,RB,FA,2026-09-06T23:42:28.788368+00:00
00-0034109,31379,5170,3052117,Phillip Lindsay,phillip lindsay,RB,FA,2026-09-06T23:42:28.788368+00:00
00-0034432,31206,5112,3126367,Bo Scarbrough,bo scarbrough,RB,FA,2026-09-06T23:42:28.788368+00:00
00-0034679,31082,4997,3917846,Mark Walton,mark walton,RB,FA,2026-09-06T23:42:28.788368+00:00
00-0034838,31041,5046,3122672,Royce Freeman,royce freeman,RB,LAC,2026-09-06T23:42:28.788368+00:00
00-0034808,31145,5076,3915381,John Kelly,john kelly,RB,FA,2026-09-06T23:42:28.788368+00:00
00-0034440,31221,5131,3116136,Justin Jackson,justin jackson,RB,FA,2026-09-06T23:42:28.788368+00:00
00-0034799,31100,4994,3128774,Kalen Ballage,kalen ballage,RB,FA,2026-09-06T23:42:28.788368+00:00
00-0034367,31074,5347,3916430,Nyheim Hines,nyheim hines,RB,NOS,2026-09-06T23:42:28.788368+00:00
00-0034301,31500,5549,3115375,Darrel Williams,darrel williams,RB,FA,2026-09-06T23:42:28.788368+00:00
00-0034205,31485,5278,3129453,Jarvion Franklin,jarvion franklin,RB,FA,2026-09-06T23:42:28.788368+00:00
00-0034596,31653,5192,3051762,Ralph Webb,ralph webb,RB,PIT,2026-09-06T23:42:28.788368+00:00
00-0034221,31241,5274,3121583,Roc Thomas,roc thomas,RB,FA,2026-09-06T23:42:28.788368+00:00
00-0034837,30996,4981,3925357,Calvin Ridley,calvin ridley,WR,TEN,2026-09-06T23:42:28.788368+00:00
00-0034348,31010,5045,3128429,Courtland Sutton,courtland sutton,WR,DEN,2026-09-06T23:42:28.788368+00:00
00-0034676,31030,5024,3122449,James Washington,james washington,WR,FA,2026-09-06T23:42:28.788368+00:00
00-0034521,31268,5185,3128390,Allen Lazard,allen lazard,WR,FA,2026-09-06T23:42:28.788368+00:00
00-0034775,31017,4950,3895856,Christian Kirk,christian kirk,WR,SFO,2026-09-06T23:42:28.788368+00:00
00-0034860,31014,4992,3127306,Dante Pettis,dante pettis,WR,FA,2026-09-06T23:42:28.788368+00:00
00-0034827,30994,4983,3915416,D.J. Moore,dj moore,WR,BUF,2026-09-06T23:42:28.788368+00:00
00-0034406,31155,5101,3728254,Deon Cain,deon cain,WR,FA,2026-09-06T23:42:28.788368+00:00
00-0034279,31177,5323,3932442,Equanimeous St. Brown,equanimeous st brown,WR,FA,2026-09-06T23:42:28.788368+00:00
00-0034419,31180,5121,3123075,Braxton Berrios,braxton berrios,WR,NYG,2026-09-06T23:42:28.788368+00:00
00-0034353,31021,5013,3050487,Anthony Miller,anthony miller,WR,FA,2026-09-06T23:42:28.788368+00:00
00-0034772,31075,5310,3915097,Antonio Callaway,antonio callaway,WR,FA,2026-09-06T23:42:28.788368+00:00
00-0034407,31157,5096,3728262,Ray-Ray McCloud,ray-ray mccloud,WR,CHI,2026-09-06T23:42:28.788368+00:00
00-0034686,31223,5130,3921564,Auden Tate,auden tate,WR,FA,2026-09-06T23:42:28.788368+00:00
00-0034068,31397,5164,3128251,Simmie Cobbs,simmie cobbs,WR,FA,2026-09-06T23:42:28.788368+00:00
00-0034426,31194,5111,4035019,Javon Wims,javon wims,WR,FA,2026-09-06T23:42:28.788368+00:00
00-0034765,31061,5026,3128451,Tre'Quan Smith,trequan smith,WR,FA,2026-09-06T23:42:28.788368+00:00
00-0034764,31051,5038,4036348,Michael Gallup,michael gallup,WR,FA,2026-09-06T23:42:28.788368+00:00
00-0034747,31198,4942,3046320,Marcell Ateman,marcell ateman,WR,FA,2026-09-06T23:42:28.788368+00:00
00-0034653,31624,5290,3932935,Deontay Burnett,deontay burnett,WR,FA,2026-09-06T23:42:28.788368+00:00
00-0034370,31083,4998,3057987,DaeSean Hamilton,daesean hamilton,WR,FA,2026-09-06T23:42:28.788368+00:00
00-0034442,31225,5126,3116680,Austin Proehl,austin proehl,WR,FA,2026-09-06T23:42:28.788368+00:00
00-0034888,900375,5798,3052098,Darren Carrington,darren carrington,WR,FA,2026-09-06T23:42:28.788368+00:00
00-0034418,31178,5113,4036335,Cedrick Wilson,cedrick wilson,WR,FA,2026-09-06T23:42:28.788368+00:00
00-0034510,31601,5250,3054845,Robert Foster,robert foster,WR,FA,2026-09-06T23:42:28.788368+00:00
00-0034512,31598,5625,3124079,Cam Phillips,cam phillips,WR,FA,2026-09-06T23:42:28.788368+00:00
00-0034633,31592,5261,3045164,Jester Weah,jester weah,WR,FA,2026-09-06T23:42:28.788368+00:00
00-0034268,31103,5006,3051857,J'Mon Moore,jmon moore,WR,FA,2026-09-06T23:42:28.788368+00:00
00-0034271,31132,5070,3134302,Jordan Lasley,jordan lasley,WR,FA,2026-09-06T23:42:28.788368+00:00
00-0034081,31391,5132,3043225,Steven Mitchell,steven mitchell,WR,FA,2026-09-06T23:42:28.788368+00:00
00-0034878,31783,5787,3052102,Bryce Bobo,bryce bobo,WR,FA,2026-09-06T23:42:28.788368+00:00
00-0034748,31739,5176,3059719,Davon Grayson,davon grayson,WR,FA,2026-09-06T23:42:28.788368+00:00
00-0034366,31073,5007,3915823,Keke Coutee,keke coutee,WR,FA,2026-09-06T23:42:28.788368+00:00
00-0034267,31102,5005,4040792,Jaleel Scott,jaleel scott,WR,FA,2026-09-06T23:42:28.788368+00:00
00-0034339,31226,5139,3115365,Trey Quinn,trey quinn,WR,FA,2026-09-06T23:42:28.788368+00:00
00-0034222,31242,5211,3049054,Jake Wieneke,jake wieneke,WR,FA,2026-09-06T23:42:28.788368+00:00
00-0034395,31129,5102,3120659,Daurice Fountain,daurice fountain,WR,FA,2026-09-06T23:42:28.788368+00:00
00-0034220,31240,5210,3123968,Korey Robertson,korey robertson,WR,FA,2026-09-06T23:42:28.788368+00:00
00-0034777,31031,4951,3115394,D.J. Chark,dj chark,WR,FA,2026-09-06T23:42:28.788368+00:00
00-0034867,31777,5781,3115928,Malik Turner,malik turner,WR,FA,2026-09-06T23:42:28.788368+00:00
00-0034584,31646,5665,3047553,Darren Andrews,darren andrews,WR,FA,2026-09-06T23:42:28.788368+00:00
00-0034753,31056,5012,3116365,Mark Andrews,mark andrews,TE,BAL,2026-09-06T23:42:28.788368+00:00
00-0034829,31012,4993,3116164,Mike Gesicki,mike gesicki,TE,CIN,2026-09-06T23:42:28.788368+00:00
00-0034393,31126,5092,3045264,Troy Fumagalli,troy fumagalli,TE,FA,2026-09-06T23:42:28.788368+00:00
00-0034351,31019,5022,3121023,Dallas Goedert,dallas goedert,TE,PHI,2026-09-06T23:42:28.788368+00:00
00-0034270,31220,5133,3915486,Tyler Conklin,tyler conklin,TE,DET,2026-09-06T23:42:28.788368+00:00
00-0034798,31093,5008,3052897,Durham Smythe,durham smythe,TE,BAL,2026-09-06T23:42:28.788368+00:00
00-0034365,31071,4995,4045305,Ian Thomas,ian thomas,TE,LVR,2026-09-06T23:42:28.788368+00:00
00-0034766,31077,5009,3123050,Chris Herndon,chris herndon,TE,FA,2026-09-06T23:42:28.788368+00:00
00-0034830,30995,4973,3924365,Hayden Hurst,hayden hurst,TE,FA,2026-09-06T23:42:28.788368+00:00
00-0034832,30975,4967,3116733,Bradley Chubb,bradley chubb,DE,BUF,2026-09-06T23:42:28.788368+00:00
00-0034825,31057,5067,3843843,Arden Key,arden key,DE,IND,2026-09-06T23:42:28.788368+00:00
00-0034371,31084,5351,3126352,Da'Shawn Hand,dashawn hand,DT,ATL,2026-09-06T23:42:28.788368+00:00
00-0034834,31047,5015,3121416,Sam Hubbard,sam hubbard,DE,FA,2026-09-06T23:42:28.788368+00:00
00-0034807,31130,5075,3052667,Ogbonnia Okoronkwo,ogbonnia okoronkwo,DE,SFO,2026-09-06T23:42:28.788368+00:00
00-0034813,31214,5307,3040109,Justin Lawler,justin lawler,LB,FA,2026-09-06T23:42:28.788368+00:00
00-0034359,31034,5057,3040513,Tyquan Lewis,tyquan lewis,DE,IND,2026-09-06T23:42:28.788368+00:00
00-0034344,30984,4965,3124058,Marcus Davenport,marcus davenport,DE,FA,2026-09-06T23:42:28.788368+00:00
00-0034215,31235,5212,3127274,Hercules Mata'afa,hercules mataafa,DT,FA,2026-09-06T23:42:28.788368+00:00
00-0034381,31101,4999,3693166,Josh Sweat,josh sweat,DE,ARI,2026-09-06T23:42:28.788368+00:00
00-0034746,31110,5002,3045220,Maurice Hurst,maurice hurst,DT,CLE,2026-09-06T23:42:28.788368+00:00
00-0034773,30982,4969,3134362,Vita Vea,vita vea,DT,TBB,2026-09-06T23:42:28.788368+00:00
00-0034782,31066,5049,3117255,Harrison Phillips,harrison phillips,DT,NYJ,2026-09-06T23:42:28.788368+00:00
00-0034397,31133,5366,3929956,Tim Settle,tim settle,DT,WAS,2026-09-06T23:42:28.788368+00:00
00-0034842,30999,4975,3115249,Taven Bryan,taven bryan,DT,BAL,2026-09-06T23:42:28.788368+00:00
00-0034874,30978,4960,3915189,Roquan Smith,roquan smith,LB,BAL,2026-09-06T23:42:28.788368+00:00
00-0034673,30986,4968,3929950,Tremaine Edmunds,tremaine edmunds,LB,NYG,2026-09-06T23:42:28.788368+00:00
00-0034835,31048,5016,3821576,Malik Jefferson,malik jefferson,LB,FA,2026-09-06T23:42:28.788368+00:00
00-0034743,30992,4978,3126349,Rashaan Evans,rashaan evans,LB,FA,2026-09-06T23:42:28.788368+00:00
00-0034828,31011,5030,3122793,Harold Landry,harold landry,DE,NEP,2026-09-06T23:42:28.788368+00:00
00-0034781,31070,5033,3045132,Dorian O'Daniel,dorian odaniel,LB,FA,2026-09-06T23:42:28.788368+00:00
00-0034368,31076,5334,3040150,Josey Jewell,josey jewell,LB,FA,2026-09-06T23:42:28.788368+00:00
00-0034360,31036,5021,3128715,Lorenzo Carter,lorenzo carter,DE,FA,2026-09-06T23:42:28.788368+00:00
00-0034350,31018,5061,3120358,Uchenna Nwosu,uchenna nwosu,DE,SEA,2026-09-06T23:42:28.788368+00:00
00-0034755,31111,5003,3054029,Shaquem Griffin,shaquem griffin,LB,FA,2026-09-06T23:42:28.788368+00:00
00-0034797,31043,5056,3915507,Jerome Baker,jerome baker,LB,CLE,2026-09-06T23:42:28.788368+00:00
00-0034856,30974,4964,3915535,Denzel Ward,denzel ward,CB,CLE,2026-09-06T23:42:28.788368+00:00
00-0034751,31015,5029,3144984,Josh Jackson,josh jackson,CB,FA,2026-09-06T23:42:28.788368+00:00
00-0034357,31028,5044,3915437,Isaiah Oliver,isaiah oliver,S,FA,2026-09-06T23:42:28.788368+00:00
00-0034778,31033,5054,3916923,Carlton Davis,carlton davis,CB,NEP,2026-09-06T23:42:28.788368+00:00
00-0034514,31603,5153,3133440,Levi Wallace,levi wallace,CB,FA,2026-09-06T23:42:28.788368+00:00
00-0034095,31385,5435,3921563,Tarvarus McFadden,tarvarus mcfadden,CB,FA,2026-09-06T23:42:28.788368+00:00
00-0034789,30981,4963,3925345,Minkah Fitzpatrick,minkah fitzpatrick,S,NYJ,2026-09-06T23:42:28.788368+00:00
00-0034790,30987,4971,3691739,Derwin James,derwin james,S,LAC,2026-09-06T23:42:28.788368+00:00
00-0034779,31063,5025,3859006,Ronnie Harrison,ronnie harrison,S,MIA,2026-09-06T23:42:28.788368+00:00
00-0034858,30998,4974,3124067,Terrell Edmunds,terrell edmunds,S,LVR,2026-09-06T23:42:28.788368+00:00
00-0034361,31038,5036,3931399,Justin Reid,justin reid,S,NOS,2026-09-06T23:42:28.788368+00:00
00-0034161,31137,5095,3051909,Daniel Carlson,daniel carlson,PK,NOS,2026-09-06T23:42:28.788368+00:00
00-0034173,31482,5189,4034949,Eddy Pineiro,eddy pineiro,PK,SFO,2026-09-06T23:42:28.788368+00:00
00-0034333,30983,4976,3925354,Da'Ron Payne,daron payne,DT,WAS,2026-09-06T23:42:28.788368+00:00
00-0034286,31210,5137,3122899,Richie James,richie james,WR,FA,2026-09-06T23:42:28.788368+00:00
00-0034315,31514,5587,3929855,Chris Warren,chris warren,RB,FA,2026-09-06T23:42:28.788368+00:00
00-0034681,31104,5000,3119195,Chase Edmonds,chase edmonds,RB,WAS,2026-09-06T23:42:28.788368+00:00
00-0034674,30989,4980,3138677,Leighton Vander Esch,leighton vander esch,LB,FA,2026-09-06T23:42:28.788368+00:00
00-0034728,30988,4979,3895429,Jaire Alexander,jaire alexander,CB,PHI,2026-09-06T23:42:28.788368+00:00
00-0034843,31000,4982,3895841,Mike Hughes,mike hughes,CB,ATL,2026-09-06T23:42:28.788368+00:00
00-0034064,30967,4954,3050015,Colby Wadman,colby wadman,PN,FA,2026-09-06T23:42:28.788368+00:00
00-0034846,31006,4990,3056362,Shaquille Leonard,shaquille leonard,LB,FA,2026-09-06T23:42:28.788368+00:00
00-0034774,31016,5037,3128740,Breeland Speaks,breeland speaks,DE,FA,2026-09-06T23:42:28.788368+00:00
00-0034354,31022,5058,3047512,Kemoko Turay,kemoko turay,DE,FA,2026-09-06T23:42:28.788368+00:00
00-0034355,31023,5055,3116679,M.J. Stewart,mj stewart,S,HOU,2026-09-06T23:42:28.788368+00:00
00-0034675,31024,5017,3919512,Jessie Bates,jessie bates,S,ATL,2026-09-06T23:42:28.788368+00:00
00-0034356,31025,5051,3843769,Donte Jackson,donte jackson,CB,LAC,2026-09-06T23:42:28.788368+00:00
00-0034744,31026,5028,3115250,Duke Dawson,duke dawson,CB,PIT,2026-09-06T23:42:28.788368+00:00
00-0034262,31027,5066,3050754,P.J. Hall,pj hall,DT,FA,2026-09-06T23:42:28.788368+00:00
00-0034770,31037,5019,3123045,Chad Thomas,chad thomas,DE,FA,2026-09-06T23:42:28.788368+00:00
00-0034800,31039,5020,3116748,B.J. Hill,bj hill,DT,CIN,2026-09-06T23:42:28.788368+00:00
00-0034815,31040,5041,3138826,Fred Warner,fred warner,LB,SFO,2026-09-06T23:42:28.788368+00:00
00-0034760,31042,5043,4076951,Nathan Shepherd,nathan shepherd,DT,NOS,2026-09-06T23:42:28.788368+00:00
00-0034818,31045,5035,3122930,Derrick Nnadi,derrick nnadi,DT,FA,2026-09-06T23:42:28.788368+00:00
00-0034831,31049,5059,3912562,Rasheem Green,rasheem green,DE,FA,2026-09-06T23:42:28.788368+00:00
00-0034745,31052,5064,3042499,Tracy Walker,tracy walker,S,FA,2026-09-06T23:42:28.788368+00:00
00-0034677,31054,5063,3116746,Justin Jones,justin jones,DT,FA,2026-09-06T23:42:28.788368+00:00
00-0034362,31055,5050,3115333,Rashaan Gaulden,rashaan gaulden,S,FA,2026-09-06T23:42:28.788368+00:00
00-0034754,31058,5031,3051746,Oren Burks,oren burks,LB,CIN,2026-09-06T23:42:28.788368+00:00
00-0034363,31060,5042,3051376,Deadrin Senat,deadrin senat,DT,FA,2026-09-06T23:42:28.788368+00:00
00-0034263,31065,5040,4039278,Tarvarius Moore,tarvarius moore,S,FA,2026-09-06T23:42:28.788368+00:00
00-0034364,31068,5032,3128452,Jordan Akins,jordan akins,TE,JAC,2026-09-06T23:42:28.788368+00:00
00-0034780,31069,5048,3122797,Isaac Yiadom,isaac yiadom,CB,WAS,2026-09-06T23:42:28.788368+00:00
00-0034264,31072,5333,3121414,Jalyn Holmes,jalyn holmes,DE,TEN,2026-09-06T23:42:28.788368+00:00
00-0034334,31079,5365,3116152,Troy Apke,troy apke,CB,FA,2026-09-06T23:42:28.788368+00:00
00-0034767,31080,5382,3124574,Nick Nelson,nick nelson,CB,IND,2026-09-06T23:42:28.788368+00:00
00-0034372,31085,5303,3124779,Joel Iyiegbuniwe,joel iyiegbuniwe,LB,FA,2026-09-06T23:42:28.788368+00:00
00-0034373,31086,5330,3928979,Dorance Armstrong,dorance armstrong,DE,WAS,2026-09-06T23:42:28.788368+00:00
00-0034374,31087,5375,3895798,Jordan Whitehead,jordan whitehead,S,FA,2026-09-06T23:42:28.788368+00:00
00-0034265,31088,5301,3054841,Anthony Averett,anthony averett,CB,FA,2026-09-06T23:42:28.788368+00:00
00-0034375,31089,5348,4039254,Kyzir White,kyzir white,LB,FA,2026-09-06T23:42:28.788368+00:00
00-0034159,31090,5010,3127292,Will Dissly,will dissly,TE,FA,2026-09-06T23:42:28.788368+00:00
00-0034376,31091,5341,3121003,Taron Johnson,taron johnson,CB,LVR,2026-09-06T23:42:28.788368+00:00
00-0034266,31092,5300,3134310,Kenny Young,kenny young,LB,FA,2026-09-06T23:42:28.788368+00:00
00-0034680,31094,5329,3122136,Armani Watts,armani watts,S,FA,2026-09-06T23:42:28.788368+00:00
00-0034377,31095,5361,3123938,Avonte Maddox,avonte maddox,S,DET,2026-09-06T23:42:28.788368+00:00
00-0034378,31096,5004,3123969,Ito Smith,ito smith,RB,FA,2026-09-06T23:42:28.788368+00:00
00-0034320,31098,5371,3116726,Kentavius Street,kentavius street,DT,CHI,2026-09-06T23:42:28.788368+00:00
00-0034805,31105,5466,3120464,John Franklin-Myers,john franklin-myers,DT,TEN,2026-09-06T23:42:28.788368+00:00
00-0034382,31106,5342,3115456,Marquis Haynes,marquis haynes,DE,FA,2026-09-06T23:42:28.788368+00:00
00-0034383,31107,5001,3117256,Dalton Schultz,dalton schultz,TE,HOU,2026-09-06T23:42:28.788368+00:00
00-0034848,31109,5311,3917872,RJ McIntosh,rj mcintosh,DT,FA,2026-09-06T23:42:28.788368+00:00
00-0034384,31112,5372,3139387,D.J. Reed,dj reed,CB,DET,2026-09-06T23:42:28.788368+00:00
00-0034385,31113,5318,3116187,Ja'Whaun Bentley,jawhaun bentley,LB,PIT,2026-09-06T23:42:28.788368+00:00
00-0034386,31114,5374,3118892,Justin Watson,justin watson,WR,FA,2026-09-06T23:42:28.788368+00:00
00-0034387,31115,5302,3117922,Bilal Nichols,bilal nichols,DT,FA,2026-09-06T23:42:28.788368+00:00
00-0034756,31116,5379,3046326,Tre Flowers,tre flowers,CB,PIT,2026-09-06T23:42:28.788368+00:00
00-0034806,31117,5074,3048692,Micah Kiser,micah kiser,LB,FA,2026-09-06T23:42:28.788368+00:00
00-0034335,31118,5360,3116149,Marcus Allen,marcus allen,LB,FA,2026-09-06T23:42:28.788368+00:00
00-0034682,31120,5081,3126204,Genard Avery,genard avery,DE,FA,2026-09-06T23:42:28.788368+00:00
00-0034160,31119,5011,3929851,Michael Dickson,michael dickson,PN,SEA,2026-09-06T23:42:28.788368+00:00
00-0034388,31121,5078,3047188,Davontae Harris,davontae harris,CB,TEN,2026-09-06T23:42:28.788368+00:00
00-0034389,31122,5369,3931422,Dane Cruikshank,dane cruikshank,S,FA,2026-09-06T23:42:28.788368+00:00
00-0034391,31124,5098,3057524,Siran Neal,siran neal,CB,SFO,2026-09-06T23:42:28.788368+00:00
00-0034394,31128,5077,3116761,Andrew Brown,andrew brown,DT,FA,2026-09-06T23:42:28.788368+00:00
00-0034396,31131,5099,3053047,Jermaine Carter,jermaine carter,LB,FA,2026-09-06T23:42:28.788368+00:00
00-0034398,31134,5084,3121552,Natrell Jamerson,natrell jamerson,CB,LVR,2026-09-06T23:42:28.788368+00:00
00-0034400,31139,5100,3051891,Jordan Wilkins,jordan wilkins,RB,FA,2026-09-06T23:42:28.788368+00:00
00-0034683,31140,5079,3042785,Darius Phillips,darius phillips,CB,FA,2026-09-06T23:42:28.788368+00:00
00-0034162,31142,5087,3126368,J.K. Scott,jk scott,PN,LAC,2026-09-06T23:42:28.788368+00:00
00-0034684,31143,5381,3054971,Johnny Townsend,johnny townsend,PN,KCC,2026-09-06T23:42:28.788368+00:00
00-0034272,31144,5086,3051738,Marquez Valdes-Scantling,marquez valdes-scantling,WR,FA,2026-09-06T23:42:28.788368+00:00
00-0034273,31148,5080,3895857,Damion Ratley,damion ratley,WR,FA,2026-09-06T23:42:28.788368+00:00
00-0034402,31146,5088,3039783,Duke Ejiofor,duke ejiofor,LB,FA,2026-09-06T23:42:28.788368+00:00
00-0034403,31147,5085,3128801,Christian Sam,christian sam,LB,FA,2026-09-06T23:42:28.788368+00:00
00-0034274,31149,5091,3041098,Parry Nickerson,parry nickerson,CB,PHI,2026-09-06T23:42:28.788368+00:00
00-0034275,31150,5090,3045172,Foley Fatukasi,folorunso fatukasi,DT,LVR,2026-09-06T23:42:28.788368+00:00
00-0034404,31151,5069,3047582,Kylie Fitts,kylie fitts,LB,FA,2026-09-06T23:42:28.788368+00:00
00-0034685,31152,5350,3116159,Christian Campbell,christian campbell,CB,NOS,2026-09-06T23:42:28.788368+00:00
00-0034730,31154,5370,3043110,Marcell Harris,marcell harris,LB,FA,2026-09-06T23:42:28.788368+00:00
00-0034163,31156,5378,3138764,Jake Martin,jacob martin,DE,TEN,2026-09-06T23:42:28.788368+00:00
00-0034276,31158,5082,3042496,Simeon Thomas,simeon thomas,CB,FA,2026-09-06T23:42:28.788368+00:00
00-0034408,31159,5083,3122800,Kamrin Moore,kamrin moore,S,FA,2026-09-06T23:42:28.788368+00:00
00-0034277,31160,5071,3929846,DeShon Elliott,deshon elliott,S,PIT,2026-09-06T23:42:28.788368+00:00
00-0034409,31161,5103,3052576,Dylan Cantrell,dylan cantrell,TE,FA,2026-09-06T23:42:28.788368+00:00
00-0034410,31163,5331,3128252,Chris Covington,chris covington,LB,FA,2026-09-06T23:42:28.788368+00:00
00-0034411,31164,5110,3115378,Russell Gage,russell gage,WR,SFO,2026-09-06T23:42:28.788368+00:00
00-0034810,31165,5073,3047495,Sebastian Joseph-Day,sebastian joseph-day,DT,PIT,2026-09-06T23:42:28.788368+00:00
00-0034278,31166,5328,3134448,Tremon Smith,tremon smith,CB,HOU,2026-09-06T23:42:28.788368+00:00
00-0034336,31167,5367,3115310,Shaun Dion Hamilton,shaun dion hamilton,LB,FA,2026-09-06T23:42:28.788368+00:00
00-0034413,31170,5332,3050073,Foyesade Oluokun,foyesade oluokun,LB,JAC,2026-09-06T23:42:28.788368+00:00
00-0034414,31171,5122,3051439,Boston Scott,boston scott,RB,FA,2026-09-06T23:42:28.788368+00:00
00-0034415,31172,5376,3045259,Jack Cichy,jack cichy,LB,FA,2026-09-06T23:42:28.788368+00:00
00-0034164,31174,5123,4261020,Trenton Cannon,trenton cannon,RB,FA,2026-09-06T23:42:28.788368+00:00
00-0034811,31175,5305,3116667,Trevon Young,trevon young,LB,CLE,2026-09-06T23:42:28.788368+00:00
00-0034792,31179,5344,3123963,Cornell Armstrong,cornell armstrong,CB,FA,2026-09-06T23:42:28.788368+00:00
00-0034420,31181,5117,4035379,Jordan Thomas,jordan thomas,TE,FA,2026-09-06T23:42:28.788368+00:00
00-0034421,31184,5325,3043276,Peter Kalambayi,peter kalambayi,LB,FA,2026-09-06T23:42:28.788368+00:00
00-0034422,31187,5338,3052161,Keishawn Bierria,keishawn bierria,LB,FA,2026-09-06T23:42:28.788368+00:00
00-0034166,31188,5336,3041114,Ade Aruna,ade aruna,DE,OAK,2026-09-06T23:42:28.788368+00:00
00-0034423,31189,5120,3052450,Danny Etling,danny etling,QB,FA,2026-09-06T23:42:28.788368+00:00
00-0034732,31190,5124,3128843,Alex McGough,alex mcgough,QB,FA,2026-09-06T23:42:28.788368+00:00
00-0034424,31191,5345,3126179,Matthew Adams,matthew adams,LB,FA,2026-09-06T23:42:28.788368+00:00
00-0034425,31192,5326,3052169,Jermaine Kelly,jermaine kelly,CB,FA,2026-09-06T23:42:28.788368+00:00
00-0034283,31193,5373,3051320,Jullian Taylor,jullian taylor,DE,FA,2026-09-06T23:42:28.788368+00:00
00-0034167,31195,5337,3122593,Devante Downs,devante downs,LB,FA,2026-09-06T23:42:28.788368+00:00
00-0034427,31196,5115,3048924,David Williams,david williams,RB,FA,2026-09-06T23:42:28.788368+00:00
00-0034793,31197,5343,3052996,Quentin Poling,quentin poling,LB,FA,2026-09-06T23:42:28.788368+00:00
00-0034794,31199,5119,3124679,Jason Sanders,jason sanders,PK,NYJ,2026-09-06T23:42:28.788368+00:00
00-0034812,31201,5306,3116424,Travin Howard,travin howard,LB,FA,2026-09-06T23:42:28.788368+00:00
00-0034428,31200,5315,3045267,Leon Jacobs,leon jacobs,LB,FA,2026-09-06T23:42:28.788368+00:00
00-0034284,31202,5322,3039794,James Looney,james looney,DE,GBP,2026-09-06T23:42:28.788368+00:00
00-0034430,31204,5340,3895831,Andre Smith,andre smith,LB,FA,2026-09-06T23:42:28.788368+00:00
00-0034431,31205,5346,3124005,Zaire Franklin,zaire franklin,LB,GBP,2026-09-06T23:42:28.788368+00:00
00-0034433,31207,5116,3125232,Nick Bawden,nick bawden,RB,FA,2026-09-06T23:42:28.788368+00:00
00-0034285,31208,5297,3057956,Zach Sieler,zach sieler,DT,MIA,2026-09-06T23:42:28.788368+00:00
00-0034337,31211,5368,3124086,Greg Stroman,greg stroman,CB,FA,2026-09-06T23:42:28.788368+00:00
00-0034435,31213,5317,3117135,Keion Crossen,keion crossen,CB,MIA,2026-09-06T23:42:28.788368+00:00
00-0034434,31212,5339,3917847,Kendrick Norton,kendrick norton,DT,MIA,2026-09-06T23:42:28.788368+00:00
00-0034437,31216,5314,3115480,Logan Cooke,logan cooke,PN,JAC,2026-09-06T23:42:28.788368+00:00
00-0034287,31218,5320,3112083,Kendall Donnerson,kendall donnerson,LB,GBP,2026-09-06T23:42:28.788368+00:00
00-0034438,31219,5128,3042749,Logan Woodside,logan woodside,QB,ARI,2026-09-06T23:42:28.788368+00:00
00-0034439,31127,5094,3122920,Ryan Izzo,ryan izzo,TE,FA,2026-09-06T23:42:28.788368+00:00
00-0034597,31662,5163,3127335,Ryan Nall,ryan nall,RB,FA,2026-09-06T23:42:28.788368+00:00
00-0034184,31424,5248,3051926,Gus Edwards,gus edwards,RB,FA,2026-09-06T23:42:28.788368+00:00
00-0034121,31410,5174,3128268,Tegray Scales,tegray scales,LB,FA,2026-09-06T23:42:28.788368+00:00
00-0034090,31372,5450,3048912,Skai Moore,skai moore,LB,IND,2026-09-06T23:42:28.788368+00:00
00-0034098,31395,5434,3124020,Quin Blanding,quin blanding,S,CAR,2026-09-06T23:42:28.788368+00:00
00-0034474,31300,5516,3914861,Frank Ginda,frank ginda,LB,FA,2026-09-06T23:42:28.788368+00:00
00-0034632,31590,5201,3126113,Terry Swanson,terry swanson,RB,FA,2026-09-06T23:42:28.788368+00:00
00-0034319,31519,5277,3059766,Deon Yelder,deon yelder,TE,FA,2026-09-06T23:42:28.788368+00:00
00-0034715,31705,5703,4055563,Deontez Alexander,deontez alexander,WR,FA,2026-09-06T23:42:28.788368+00:00
00-0034557,31682,5268,3039970,Ben Johnson,ben johnson,TE,FA,2026-09-06T23:42:28.788368+00:00
00-0034784,31747,5751,3134314,Austin Roberts,austin roberts,TE,FA,2026-09-06T23:42:28.788368+00:00
00-0034297,31496,5199,4036416,Byron Pringle,byron pringle,WR,FA,2026-09-06T23:42:28.788368+00:00
00-0034099,31396,5138,3140525,Martez Carter,martez carter,RB,FA,2026-09-06T23:42:28.788368+00:00
00-0034839,31764,5766,3916720,Sam Beal,sam beal,CB,FA,2026-09-06T23:42:28.788368+00:00
00-0034840,31762,5767,3871875,Adonis Alexander,adonis alexander,CB,LAR,2026-09-06T23:42:28.788368+00:00
00-0034208,31228,5209,3139033,Mike Boone,mike boone,RB,FA,2026-09-06T23:42:28.788368+00:00
00-0034721,31727,5721,4039396,Corey Bojorquez,corey bojorquez,PN,CLE,2026-09-06T23:42:28.788368+00:00
00-0033447,30635,4859,3042403,Ahmad Thomas,ahmad thomas,LB,FA,2026-09-06T23:42:28.788368+00:00
00-0034253,31457,5536,3126246,Dontrell Hilliard,dontrell hilliard,RB,FA,2026-09-06T23:42:28.788368+00:00
00-0034549,31680,5231,3047912,Cole Hunt,cole hunt,TE,FA,2026-09-06T23:42:28.788368+00:00
00-0034177,31431,5257,3045169,Tim Boyle,tim boyle,QB,FA,2026-09-06T23:42:28.788368+00:00
00-0034621,31278,5395,3116563,Shaun Wilson,shaun wilson,RB,FA,2026-09-06T23:42:28.788368+00:00
00-0034200,31423,5463,4057659,Mark Thompson,mark thompson,RB,OAK,2026-09-06T23:42:28.788368+00:00
00-0034647,31642,5255,3045763,Teo Redding,teo redding,WR,FA,2026-09-06T23:42:28.788368+00:00
00-0034202,31421,5460,3068715,Kaare Vedvik,kaare vedvik,PK,FA,2026-09-06T23:42:28.788368+00:00
00-0034577,31301,5127,3115293,Kyle Allen,kyle allen,QB,BUF,2026-09-06T23:42:28.788368+00:00
00-0034669,31626,5293,4035853,Jordan Veasy,jordan veasy,WR,WAS,2026-09-06T23:42:28.788368+00:00
00-0034317,31517,5134,3046401,Keith Kirkwood,keith kirkwood,WR,FA,2026-09-06T23:42:28.788368+00:00
00-0034698,31701,5125,3125383,Damoun Patterson,damoun patterson,WR,FA,2026-09-06T23:42:28.788368+00:00
00-0034631,31588,5260,3155188,Vyncint Smith,vyncint smith,WR,FA,2026-09-06T23:42:28.788368+00:00
00-0034157,31355,5506,3042693,Anthony Winbush,anthony winbush,LB,IND,2026-09-06T23:42:28.788368+00:00
00-0034473,31299,5158,4334300,Dennis Gardeck,dennis gardeck,DE,JAC,2026-09-06T23:42:28.788368+00:00
00-0034565,31685,5266,3117131,Detrez Newsome,detrez newsome,RB,FA,2026-09-06T23:42:28.788368+00:00
00-0034291,31490,5263,3931782,Chase Litton,chase litton,QB,FA,2026-09-06T23:42:28.788368+00:00
00-0034487,31320,5154,3122168,Trent Sherfield,trent sherfield,WR,FA,2026-09-06T23:42:28.788368+00:00
00-0034104,31405,5432,3115314,Cam Sims,cam sims,WR,FA,2026-09-06T23:42:28.788368+00:00
00-0034708,31704,5700,3127374,Robert Martin,robert martin,RB,FA,2026-09-06T23:42:28.788368+00:00
00-0034107,31377,5443,3916928,Jeff Holland,jeff holland,LB,LAR,2026-09-06T23:42:28.788368+00:00
00-0034450,31538,5272,3975763,Greg Joseph,greg joseph,PK,LVR,2026-09-06T23:42:28.788368+00:00
00-0034087,31369,5262,3123992,Steve Ishmael,steve ishmael,WR,IND,2026-09-06T23:42:28.788368+00:00
00-0034479,31310,5386,3052413,Matthew McCrane,matthew mccrane,PK,FA,2026-09-06T23:42:28.788368+00:00
00-0034143,31357,5500,,Richard Jarvis,richard jarvis,LB,FA,2026-09-06T23:42:28.788368+00:00
00-0034341,31532,5605,3045376,Matthew Thomas,matthew thomas,LB,FA,2026-09-06T23:42:28.788368+00:00
00-0034307,31506,5567,3047490,Janarion Grant,janarion grant,WR,FA,2026-09-06T23:42:28.788368+00:00
00-0034560,31683,5267,4329471,J.J. Jones,jj jones,WR,FA,2026-09-06T23:42:28.788368+00:00
00-0034171,31480,5565,3116158,Jason Cabinda,jason cabinda,LB,FA,2026-09-06T23:42:28.788368+00:00
00-0034872,31780,5784,3116052,Jonathan Celestin,jonathan celestin,LB,CAR,2026-09-06T23:42:28.788368+00:00
00-0034626,31579,5206,3044725,Trevor Daniel,trevor daniel,PN,FA,2026-09-06T23:42:28.788368+00:00
00-0034646,31641,5695,3115255,Brandon Powell,brandon powell,WR,FA,2026-09-06T23:42:28.788368+00:00
00-0034258,31462,5539,3040137,Derrick Willies,derrick willies,WR,FA,2026-09-06T23:42:28.788368+00:00
00-0034652,31623,5289,3139456,Cameron Batson,cam batson,WR,FA,2026-09-06T23:42:28.788368+00:00
00-0034296,31495,5576,3140643,Ben Niemann,ben niemann,LB,LAR,2026-09-06T23:42:28.788368+00:00
00-0034516,31262,5479,3122160,Tre Herndon,tre herndon,CB,FA,2026-09-06T23:42:28.788368+00:00
00-0033452,30568,4811,2982304,Austin Calitro,austin calitro,LB,FA,2026-09-06T23:42:28.788368+00:00
00-0034449,31537,5271,3122716,Buddy Howell,buddy howell,RB,LAR,2026-09-06T23:42:28.788368+00:00
00-0034591,31650,5193,3121649,J.C. Jackson,jc jackson,CB,FA,2026-09-06T23:42:28.788368+00:00
00-0034071,31402,5388,3141066,Danny Johnson,danny johnson,CB,FA,2026-09-06T23:42:28.788368+00:00
00-0033455,30571,4435,3049698,Anthony Firkser,anthony firkser,TE,FA,2026-09-06T23:42:28.788368+00:00
00-0034573,31293,5493,4037361,Charvarius Ward,charvarius ward,CB,IND,2026-09-06T23:42:28.788368+00:00
00-0034461,31572,5613,3051369,Bruce Hector,bruce hector,DT,NYJ,2026-09-06T23:42:28.788368+00:00
00-0034204,31484,5183,3126081,Ola Adeniyi,ola adeniyi,LB,FA,2026-09-06T23:42:28.788368+00:00
00-0034787,31750,5753,3060403,Chris Board,chris board,LB,FA,2026-09-06T23:42:28.788368+00:00
00-0034657,31612,5615,3134316,Matt Dickerson,matt dickerson,DT,JAC,2026-09-06T23:42:28.788368+00:00
00-0034481,31314,5159,3126311,Deatrick Nichols,deatrick nichols,CB,FA,2026-09-06T23:42:28.788368+00:00
00-0034490,31324,5161,3894901,Zeke Turner,ezekiel turner,LB,DET,2026-09-06T23:42:28.788368+00:00
00-0034569,31296,5494,3052080,Tyree Robinson,tyree robinson,S,SFO,2026-09-06T23:42:28.788368+00:00
00-0034139,31356,5147,3123863,Emmanuel Ellerbee,emmanuel ellerbee,LB,ATL,2026-09-06T23:42:28.788368+00:00
00-0034234,31477,5226,3125114,Poona Ford,poona ford,DT,LAR,2026-09-06T23:42:28.788368+00:00
00-0034545,31676,5416,3045458,Brandon Facyson,brandon facyson,CB,FA,2026-09-06T23:42:28.788368+00:00
00-0034881,31785,5141,3042445,James Crawford,james crawford,LB,FA,2026-09-06T23:42:28.788368+00:00
00-0034179,31433,5545,3049331,Raven Greene,raven greene,S,FA,2026-09-06T23:42:28.788368+00:00
00-0034091,31373,5445,3050199,George Odum,george odum,S,FA,2026-09-06T23:42:28.788368+00:00
00-0034325,31526,5191,3126489,Taylor Stallworth,taylor stallworth,DT,FA,2026-09-06T23:42:28.788368+00:00
00-0034116,31411,5452,3115481,J.T. Gray,jt gray,S,FA,2026-09-06T23:42:28.788368+00:00
00-0034500,31552,5646,3131775,Tae Davis,tae davis,LB,FA,2026-09-06T23:42:28.788368+00:00
00-0034213,31233,5214,3929847,Holton Hill,holton hill,CB,FA,2026-09-06T23:42:28.788368+00:00
00-0034603,31667,5629,3843234,Kevin Toliver,kevin toliver,CB,FA,2026-09-06T23:42:28.788368+00:00
00-0034302,31503,5580,3127273,Frankie Luvu,frankie luvu,LB,WAS,2026-09-06T23:42:28.788368+00:00
00-0034488,31321,5519,4334405,Tavierre Thomas,tavierre thomas,CB,MIN,2026-09-06T23:42:28.788368+00:00
00-0034659,31615,5669,3051333,Sharif Finch,sharif finch,LB,NOS,2026-09-06T23:42:28.788368+00:00
00-0034594,31652,5662,3128746,A.J. Moore,aj moore,S,FA,2026-09-06T23:42:28.788368+00:00
00-0034496,31548,5178,3138733,Sean Chandler,sean chandler,S,FA,2026-09-06T23:42:28.788368+00:00
00-0034201,31425,5464,3928461,De'Lance Turner,delance turner,RB,FA,2026-09-06T23:42:28.788368+00:00
00-0034203,31422,5526,4239833,Darious Williams,darious williams,CB,FA,2026-09-06T23:42:28.788368+00:00
00-0034654,31620,5619,3052449,Dalyn Dawkins,dalyn dawkins,RB,FA,2026-09-06T23:42:28.788368+00:00
00-0034854,31769,5773,3047876,KhaDarel Hodge,khadarel hodge,WR,SFO,2026-09-06T23:42:28.788368+00:00
00-0034499,31551,5175,3066147,Jawill Davis,jawill davis,WR,FA,2026-09-06T23:42:28.788368+00:00
00-0034540,31671,5424,3115308,Tony Brown,tony brown,CB,CLE,2026-09-06T23:42:28.788368+00:00
00-0034548,31679,5418,3040024,D'Juan Hines,djuan hines,LB,CLE,2026-09-06T23:42:28.788368+00:00
00-0034523,31270,5188,3931400,Quenton Meeks,quenton meeks,CB,LAC,2026-09-06T23:42:28.788368+00:00
00-0034795,31751,5756,3116132,Garrett Dickerson,garrett dickerson,TE,NYG,2026-09-06T23:42:28.788368+00:00
00-0032634,29728,3472,2970038,David Grinnage,david grinnage,TE,FA,2026-09-06T23:42:28.788368+00:00
00-0034084,31366,5230,3123052,Mike Badgley,michael badgley,PK,FA,2026-09-06T23:42:28.788368+00:00
00-0034454,31542,5601,3128455,Jamiyus Pittman,jamiyus pittman,DT,FA,2026-09-06T23:42:28.788368+00:00
00-0034720,31708,5726,3129446,Robert Spillane,robert spillane,LB,NEP,2026-09-06T23:42:28.788368+00:00
00-0034073,31329,5285,3120303,Ross Dwelley,ross dwelley,TE,CAR,2026-09-06T23:42:28.788368+00:00
00-0034185,31436,5483,3045242,Tyler Lancaster,tyler lancaster,DT,FA,2026-09-06T23:42:28.788368+00:00
00-0034256,31460,5166,3056577,Da'Mari Scott,damari scott,WR,FA,2026-09-06T23:42:28.788368+00:00
00-0034206,31486,5279,3895789,Quadree Henderson,quadree henderson,WR,PIT,2026-09-06T23:42:28.788368+00:00
00-0034655,31614,5670,3060410,Nick Deluca,nick deluca,LB,FA,2026-09-06T23:42:28.788368+00:00
00-0034532,31561,5253,3128439,Jordan Franks,jordan franks,TE,CIN,2026-09-06T23:42:28.788368+00:00
00-0034502,31555,5647,3116166,Grant Haley,grant haley,CB,FA,2026-09-06T23:42:28.788368+00:00
00-0034096,31386,5436,3115337,Emmanuel Moseley,emmanuel moseley,CB,FA,2026-09-06T23:42:28.788368+00:00
00-0034309,31508,5570,3047968,Chad Beebe,chad beebe,WR,FA,2026-09-06T23:42:28.788368+00:00
00-0034170,31479,5135,3116155,Saeed Blacknall,saeed blacknall,WR,FA,2026-09-06T23:42:28.788368+00:00
00-0034614,31258,5220,3045238,Godwin Igwebuike,godwin igwebuike,RB,FA,2026-09-06T23:42:28.788368+00:00
00-0034639,31634,5691,3050916,Mike Ford,mike ford,CB,ATL,2026-09-06T23:42:28.788368+00:00
00-0034468,31589,5181,3124849,Chandon Sullivan,chandon sullivan,CB,PIT,2026-09-06T23:42:28.788368+00:00
00-0034489,31322,5383,4329491,Jalen Tolliver,jalen tolliver,WR,FA,2026-09-06T23:42:28.788368+00:00
00-0034539,31597,5680,2976524,Corey Thompson,corey thompson,LB,FA,2026-09-06T23:42:28.788368+00:00
00-0034115,31394,5284,3122976,Jeffery Wilson,jeff wilson,RB,MIA,2026-09-06T23:42:28.788368+00:00
00-0034515,31261,5658,3049726,Dee Delaney,dee delaney,S,FA,2026-09-06T23:42:28.788368+00:00
00-0034662,31609,5671,3116105,Joshua Kalu,joshua kalu,S,FA,2026-09-06T23:42:28.788368+00:00
00-0034310,31509,5583,3116058,Craig James,craig james,CB,DET,2026-09-06T23:42:28.788368+00:00
00-0034527,31576,5655,3121344,Ryan Neal,ryan neal,S,FA,2026-09-06T23:42:28.788368+00:00
00-0034509,31595,5624,3052662,Keith Ford,keith ford,RB,FA,2026-09-06T23:42:28.788368+00:00
00-0034511,31605,5623,3051371,Mike Love,mike love,DE,BUF,2026-09-06T23:42:28.788368+00:00
00-0034537,31566,5641,3051412,Chris Worley,chris worley,LB,CIN,2026-09-06T23:42:28.788368+00:00
00-0034624,31575,5259,3052163,Lavon Coleman,lavon coleman,RB,FA,2026-09-06T23:42:28.788368+00:00
00-0034446,31534,5222,3125356,Jalen Davis,jalen davis,CB,CIN,2026-09-06T23:42:28.788368+00:00
00-0034586,31647,5659,3043127,John Atkins,john atkins,DT,FA,2026-09-06T23:42:28.788368+00:00
00-0034303,31504,5581,3128853,Anthony Wint,anthony wint,LB,FA,2026-09-06T23:42:28.788368+00:00
00-0034726,31723,5736,3053801,Dallin Leavitt,dallin leavitt,S,FA,2026-09-06T23:42:28.788368+00:00
00-0034593,31651,5661,3122430,Chris Lacy,chris lacy,WR,FA,2026-09-06T23:42:28.788368+00:00
00-0034710,31722,5722,3051650,Darvin Kidsy,darvin kidsy,WR,WAS,2026-09-06T23:42:28.788368+00:00
00-0034819,31758,5760,4350798,Josh Crockett,josh crockett,WR,FA,2026-09-06T23:42:28.788368+00:00
00-0032609,29540,3568,2591718,Marken Michel,marken michel,WR,PHI,2026-09-06T23:42:28.788368+00:00
00-0032550,29710,3420,2980238,Alonzo Russell,alonzo russell,WR,FA,2026-09-06T23:42:28.788368+00:00
00-0034737,31734,5709,4290778,Luis Perez,luis perez,QB,FA,2026-09-06T23:42:28.788368+00:00
00-0034207,31227,5275,3053760,Jeff Badet,jeff badet,WR,FA,2026-09-06T23:42:28.788368+00:00
00-0034141,31349,5244,4037481,Devin Gray,devin gray,WR,ATL,2026-09-06T23:42:28.788368+00:00
00-0034132,31347,5241,3126002,Christian Blake,christian blake,WR,FA,2026-09-06T23:42:28.788368+00:00
00-0034551,31280,5168,3053732,Jordan Chunn,jordan chunn,RB,FA,2026-09-06T23:42:28.788368+00:00
00-0034735,31732,5269,3951441,Codey McElroy,codey mcelroy,WR,FA,2026-09-06T23:42:28.788368+00:00
00-0034575,31283,5235,3047536,David Wells,david wells,TE,FA,2026-09-06T23:42:28.788368+00:00
00-0034192,31427,5465,4329472,Nick Keizer,nick keizer,TE,FA,2026-09-06T23:42:28.788368+00:00
00-0034193,31441,5171,3049290,Kevin Rader,kevin rader,TE,FA,2026-09-06T23:42:28.788368+00:00
00-0034613,31257,5409,3050481,Tanner Hudson,tanner hudson,TE,CIN,2026-09-06T23:42:28.788368+00:00
00-0034587,31657,5636,3119119,Abdullah Anderson,abdullah anderson,DE,TEN,2026-09-06T23:42:28.788368+00:00
00-0034801,31753,5757,3128303,Josh Woods,josh woods,LB,ATL,2026-09-06T23:42:28.788368+00:00
00-0034533,31562,5642,3046382,Trayvon Henderson,trayvon henderson,S,CIN,2026-09-06T23:42:28.788368+00:00
00-0034223,31243,5402,3051766,Jonathan Wynn,jonathan wynn,DE,DET,2026-09-06T23:42:28.788368+00:00
00-0034648,31643,5692,3040204,Ryan Santoso,ryan santoso,PK,FA,2026-09-06T23:42:28.788368+00:00
00-0034736,31733,5741,3116387,Steven Parker,steven parker,S,FA,2026-09-06T23:42:28.788368+00:00
00-0034903,31810,5827,4410136,Tevaughn Campbell,tevaughn campbell,CB,JAC,2026-09-06T23:42:28.788368+00:00
00-0034485,31318,5520,4331768,Jonathan Owens,jonathan owens,S,IND,2026-09-06T23:42:28.788368+00:00
00-0034588,31648,5664,3123054,Trent Harris,trent harris,LB,FA,2026-09-06T23:42:28.788368+00:00
00-0034650,31645,5684,3676003,JoJo Wicker,jojo wicker,DT,FA,2026-09-06T23:42:28.788368+00:00
00-0034465,31582,5792,3125248,Jeremy Reaves,jeremy reaves,S,WAS,2026-09-06T23:42:28.788368+00:00
00-0034085,31367,5449,3912343,Chris Cooper,chris cooper,S,TBB,2026-09-06T23:42:28.788368+00:00
00-0034145,31359,5508,3128630,Chris Lammons,chris lammons,CB,IND,2026-09-06T23:42:28.788368+00:00
00-0034788,31749,5754,3118954,Jaeden Graham,jaeden graham,TE,FA,2026-09-06T23:42:28.788368+00:00
00-0034111,31381,5442,3116602,Trey Marshall,trey marshall,S,LAC,2026-09-06T23:42:28.788368+00:00
00-0034606,31670,5639,3045166,Ryan Winslow,ryan winslow,PN,FA,2026-09-06T23:42:28.788368+00:00
00-0034169,31478,5233,3051387,Marcus Baugh,marcus baugh,TE,FA,2026-09-06T23:42:28.788368+00:00
00-0034590,31649,5660,3042746,Frank Herron,frank herron,DE,CAR,2026-09-06T23:42:28.788368+00:00
00-0034326,31523,5591,3128264,Robert McCray,robert mccray,LB,CLE,2026-09-06T23:42:28.788368+00:00
00-0034672,31627,5196,3115360,Ethan Wolf,ethan wolf,TE,FA,2026-09-06T23:42:28.788368+00:00
00-0034255,31459,5528,3046700,Montrel Meander,montrel meander,S,CLE,2026-09-06T23:42:28.788368+00:00
00-0034556,31294,5489,3139926,Kameron Kelly,kameron kelly,CB,FA,2026-09-06T23:42:28.788368+00:00
00-0034251,31454,5532,3052059,Daniel Ekuale,daniel ekuale,DT,PIT,2026-09-06T23:42:28.788368+00:00
00-0034612,31256,5218,3052926,Demone Harris,demone harris,DE,ATL,2026-09-06T23:42:28.788368+00:00
00-0034641,31636,2682,3116104,Chris Jones,chris jones,CB,FA,2026-09-06T23:42:28.788368+00:00
00-0034088,31370,5448,4036898,Robert Jackson,robert jackson,CB,BAL,2026-09-06T23:42:28.788368+00:00
00-0034154,31352,5505,3134315,Jacob Tuioti-Mariner,jacob tuioti-mariner,DE,FA,2026-09-06T23:42:28.788368+00:00
00-0034559,31286,5495,4035726,Austin Larkin,austin larkin,DE,CAR,2026-09-06T23:42:28.788368+00:00
00-0034660,31607,5197,4048717,Rico Gafford,rico gafford,WR,FA,2026-09-06T23:42:28.788368+00:00
00-0034130,31415,5474,3125816,Linden Stephens,linden stephens,CB,SEA,2026-09-06T23:42:28.788368+00:00
00-0034605,31669,5628,3053054,Cavon Walker,cavon walker,DE,FA,2026-09-06T23:42:28.788368+00:00
00-0034769,31744,5748,3128747,DeMarquis Gates,demarquis gates,LB,FA,2026-09-06T23:42:28.788368+00:00
00-0034899,31803,5806,3124092,John Wolford,john wolford,QB,MIN,2026-09-06T23:42:28.788368+00:00
00-0034667,31625,5292,3052122,Devin Ross,devin ross,WR,FA,2026-09-06T23:42:28.788368+00:00
00-0034723,31726,5727,3040031,Nick Thurman,nick thurman,DT,FA,2026-09-06T23:42:28.788368+00:00
00-0034125,31420,5470,3044732,Kendal Vickers,kendal vickers,DT,FA,2026-09-06T23:42:28.788368+00:00
00-0034731,31168,5327,3915388,Kahlil McKenzie,kahlil mckenzie,DT,CIN,2026-09-06T23:42:28.788368+00:00
00-0034318,31518,5572,3122690,Henry Mondeaux,henry mondeaux,DT,FA,2026-09-06T23:42:28.788368+00:00
00-0034463,31578,5179,3044706,Joe Ostman,joe ostman,DE,PHI,2026-09-06T23:42:28.788368+00:00
00-0034623,31573,5674,3125287,Andre Chachere,andre chachere,S,FA,2026-09-06T23:42:28.788368+00:00
00-0034248,31451,5534,3932901,Elijah Campbell,elijah campbell,S,NYG,2026-09-06T23:42:28.788368+00:00
00-0034311,31510,5569,3040499,Johnny Stanton,johnny stanton,RB,FA,2026-09-06T23:42:28.788368+00:00
00-0034602,31666,5626,3060151,Bunmi Rotimi,bunmi rotimi,DE,WAS,2026-09-06T23:42:28.788368+00:00
00-0031787,28974,2821,3085107,Jake Kumerow,jake kumerow,WR,FA,2026-09-06T23:42:28.788368+00:00
00-0033537,30125,4017,3122840,Deshaun Watson,deshaun watson,QB,CLE,2026-09-06T23:42:28.788368+00:00
00-0033899,30165,4026,3129302,DeShone Kizer,deshone kizer,QB,FA,2026-09-06T23:42:28.788368+00:00
00-0033869,30115,3976,3039707,Mitchell Trubisky,mitchell trubisky,QB,TEN,2026-09-06T23:42:28.788368+00:00
00-0033873,30123,4046,3139477,Patrick Mahomes,patrick mahomes,QB,KCC,2026-09-06T23:42:28.788368+00:00
00-0033585,30328,4222,3123048,Brad Kaaya,brad kaaya,QB,FA,2026-09-06T23:42:28.788368+00:00
00-0033949,30248,4179,3044720,Joshua Dobbs,joshua dobbs,QB,DET,2026-09-06T23:42:28.788368+00:00
00-0033550,30200,4061,3052600,Davis Webb,davis webb,QB,FA,2026-09-06T23:42:28.788368+00:00
00-0033597,30366,4051,2977665,Chad Kelly,chad kelly,QB,FA,2026-09-06T23:42:28.788368+00:00
00-0033662,30788,4574,2972515,Cooper Rush,cooper rush,QB,ATL,2026-09-06T23:42:28.788368+00:00
00-0033936,30217,4127,2979520,C.J. Beathard,cj beathard,QB,DET,2026-09-06T23:42:28.788368+00:00
00-0033958,30284,4183,2972236,Nathan Peterman,nathan peterman,QB,FA,2026-09-06T23:42:28.788368+00:00
00-0033893,30154,4029,3116593,Dalvin Cook,dalvin cook,RB,FA,2026-09-06T23:42:28.788368+00:00
00-0033856,30117,3969,3115364,Leonard Fournette,leonard fournette,RB,FA,2026-09-06T23:42:28.788368+00:00
00-0033280,30121,4034,3117251,Christian McCaffrey,christian mccaffrey,RB,SFO,2026-09-06T23:42:28.788368+00:00
00-0033897,30161,4018,3116385,Joe Mixon,joe mixon,RB,FA,2026-09-06T23:42:28.788368+00:00
00-0033906,30180,4035,3054850,Alvin Kamara,alvin kamara,RB,NOS,2026-09-06T23:42:28.788368+00:00
00-0033526,30227,4147,3116389,Samaje Perine,samaje perine,RB,CIN,2026-09-06T23:42:28.788368+00:00
00-0033925,30202,4111,3125116,D'Onta Foreman,donta foreman,RB,FA,2026-09-06T23:42:28.788368+00:00
00-0033950,30253,4150,3045127,Wayne Gallman,wayne gallman,RB,FA,2026-09-06T23:42:28.788368+00:00
00-0033725,30707,4651,3045260,Corey Clement,corey clement,RB,FA,2026-09-06T23:42:28.788368+00:00
00-0033561,30245,4178,3047519,Donnel Pumphrey,donnel pumphrey,RB,FA,2026-09-06T23:42:28.788368+00:00
00-0033923,30199,4098,3059915,Kareem Hunt,kareem hunt,RB,FA,2026-09-06T23:42:28.788368+00:00
00-0033948,30247,4149,2980453,Jamaal Williams,jamaal williams,RB,FA,2026-09-06T23:42:28.788368+00:00
00-0033596,30365,4232,3051711,Matthew Dayes,matthew dayes,RB,FA,2026-09-06T23:42:28.788368+00:00
00-0033975,30354,4265,3116690,Elijah Hood,elijah hood,RB,FA,2026-09-06T23:42:28.788368+00:00
00-0033789,30292,4186,3039723,T.J. Logan,tj logan,RB,FA,2026-09-06T23:42:28.788368+00:00
00-0033955,30275,4219,3127586,Jeremy McNichols,jeremy mcnichols,RB,WAS,2026-09-06T23:42:28.788368+00:00
00-0033295,30301,4263,3042494,Elijah McGuire,elijah mcguire,RB,FA,2026-09-06T23:42:28.788368+00:00
00-0033413,30650,4398,3045199,De'Veon Smith,deveon smith,RB,FA,2026-09-06T23:42:28.788368+00:00
00-0033553,30218,4137,3045147,James Conner,james conner,RB,ARI,2026-09-06T23:42:28.788368+00:00
00-0033854,30860,4718,2983509,Dare Ogunbowale,dare ogunbowale,RB,LVR,2026-09-06T23:42:28.788368+00:00
00-0033664,30790,4576,3051315,Jahad Thomas,jahad thomas,RB,FA,2026-09-06T23:42:28.788368+00:00
00-0033760,30370,4635,3043216,Justin Davis,justin davis,RB,FA,2026-09-06T23:42:28.788368+00:00
00-0033268,30533,4806,2970183,Brandon Radcliff,brandon radcliff,RB,FA,2026-09-06T23:42:28.788368+00:00
00-0033871,30118,4036,3042778,Corey Davis,corey davis,WR,FA,2026-09-06T23:42:28.788368+00:00
00-0033536,30120,4068,3045138,Mike Williams,mike williams,WR,FA,2026-09-06T23:42:28.788368+00:00
00-0033460,30122,4038,3052177,John Ross,john ross,WR,FA,2026-09-06T23:42:28.788368+00:00
00-0033857,30175,4040,3120348,JuJu Smith-Schuster,juju smith-schuster,WR,FA,2026-09-06T23:42:28.788368+00:00
00-0033282,30153,4082,3121427,Curtis Samuel,curtis samuel,WR,FA,2026-09-06T23:42:28.788368+00:00
00-0033839,30223,4146,3892889,Dede Westbrook,dede westbrook,WR,FA,2026-09-06T23:42:28.788368+00:00
00-0033309,30553,4456,3128348,KD Cannon,kd cannon,WR,FA,2026-09-06T23:42:28.788368+00:00
00-0033305,30360,4243,3115366,Malachi Dupre,malachi dupre,WR,FA,2026-09-06T23:42:28.788368+00:00
00-0033706,30432,4670,3122839,Artavis Scott,artavis scott,WR,FA,2026-09-06T23:42:28.788368+00:00
00-0033471,30350,4252,3124069,Isaiah Ford,isaiah ford,WR,FA,2026-09-06T23:42:28.788368+00:00
00-0033921,30197,4037,3116165,Chris Godwin,chris godwin,WR,TBB,2026-09-06T23:42:28.788368+00:00
00-0033908,30182,4039,2977187,Cooper Kupp,cooper kupp,WR,SEA,2026-09-06T23:42:28.788368+00:00
00-0033562,30246,4162,3039725,Ryan Switzer,ryan switzer,WR,FA,2026-09-06T23:42:28.788368+00:00
00-0033937,30219,4139,2977629,Amara Darboh,amara darboh,WR,FA,2026-09-06T23:42:28.788368+00:00
00-0033911,30185,4125,3059760,Taywan Taylor,taywan taylor,WR,FA,2026-09-06T23:42:28.788368+00:00
00-0033943,30230,4171,3115306,Josh Reynolds,josh reynolds,WR,NYJ,2026-09-06T23:42:28.788368+00:00
00-0033464,30252,4169,2977631,Jehu Chesson,jehu chesson,WR,FA,2026-09-06T23:42:28.788368+00:00
00-0033573,30279,4214,3042417,Shelton Gibson,shelton gibson,WR,FA,2026-09-06T23:42:28.788368+00:00
00-0033919,30195,4108,3040561,Carlos Henderson,carlos henderson,WR,FA,2026-09-06T23:42:28.788368+00:00
00-0033591,30352,4234,3121409,Noah Brown,noah brown,WR,FA,2026-09-06T23:42:28.788368+00:00
00-0033916,30192,4119,3054860,ArDarius Stewart,ardarius stewart,WR,FA,2026-09-06T23:42:28.788368+00:00
00-0033412,30382,4360,3044857,Fred Ross,fred ross,WR,FA,2026-09-06T23:42:28.788368+00:00
00-0033891,30150,4080,3059722,Zay Jones,zay jones,WR,FA,2026-09-06T23:42:28.788368+00:00
00-0033968,30332,4254,3051923,Stacy Coley,stacy coley,WR,FA,2026-09-06T23:42:28.788368+00:00
00-0033474,30679,4489,2980460,Gehrig Dieter,gehrig dieter,WR,FA,2026-09-06T23:42:28.788368+00:00
00-0033259,30524,4324,2971233,Trey Griffey,trey griffey,WR,FA,2026-09-06T23:42:28.788368+00:00
00-0033717,30737,4644,3122935,Travis Rudolph,travis rudolph,WR,FA,2026-09-06T23:42:28.788368+00:00
00-0033840,30254,4175,3066074,Chad Hansen,chad hansen,WR,FA,2026-09-06T23:42:28.788368+00:00
00-0033517,30410,4520,2976557,Travin Dural,travin dural,WR,NOS,2026-09-06T23:42:28.788368+00:00
00-0033739,30761,4676,2971617,Darreus Rogers,darreus rogers,WR,FA,2026-09-06T23:42:28.788368+00:00
00-0033291,30288,4200,3052470,DeAngelo Yancey,deangelo yancey,WR,FA,2026-09-06T23:42:28.788368+00:00
00-0033879,30132,4055,3043080,O.J. Howard,oj howard,TE,FA,2026-09-06T23:42:28.788368+00:00
00-0033881,30136,4066,3051876,Evan Engram,evan engram,TE,DEN,2026-09-06T23:42:28.788368+00:00
00-0033564,30258,4151,3045225,Jake Butt,jake butt,TE,FA,2026-09-06T23:42:28.788368+00:00
00-0033966,30314,4184,3045466,Bucky Hodges,bucky hodges,TE,FA,2026-09-06T23:42:28.788368+00:00
00-0033885,30142,4033,3123076,David Njoku,david njoku,TE,LAC,2026-09-06T23:42:28.788368+00:00
00-0033858,30213,4144,3054212,Jonnu Smith,jonnu smith,TE,GBP,2026-09-06T23:42:28.788368+00:00
00-0033528,30267,4221,2980073,Jeremy Sprinkle,jeremy sprinkle,TE,FA,2026-09-06T23:42:28.788368+00:00
00-0033953,30263,4153,3045118,Jordan Leggett,jordan leggett,TE,FA,2026-09-06T23:42:28.788368+00:00
00-0033559,30240,4164,3059945,Michael Roberts,michael roberts,TE,FA,2026-09-06T23:42:28.788368+00:00
00-0033868,30114,3973,3122132,Myles Garrett,myles garrett,DE,LAR,2026-09-06T23:42:28.788368+00:00
00-0033870,30116,4058,3117258,Solomon Thomas,solomon thomas,DT,TEN,2026-09-06T23:42:28.788368+00:00
00-0033541,30141,4073,3045210,Taco Charlton,taco charlton,DE,FA,2026-09-06T23:42:28.788368+00:00
00-0033876,30127,4065,3115336,Derek Barnett,derek barnett,DE,CLE,2026-09-06T23:42:28.788368+00:00
00-0033463,30229,4148,3051911,Carl Lawson,carl lawson,DE,BAL,2026-09-06T23:42:28.788368+00:00
00-0033588,30338,4271,3052894,Isaac Rochell,isaac rochell,DE,FA,2026-09-06T23:42:28.788368+00:00
00-0033880,30135,4075,3051852,Charles Harris,charles harris,DE,FA,2026-09-06T23:42:28.788368+00:00
00-0033540,30139,4069,3152371,Takkarist McKinley,takk mckinley,DE,FA,2026-09-06T23:42:28.788368+00:00
00-0033285,30190,4103,3051807,Daeshon Hall,daeshon hall,DE,SFO,2026-09-06T23:42:28.788368+00:00
00-0033912,30186,4105,3052434,Jordan Willis,jordan willis,DE,FA,2026-09-06T23:42:28.788368+00:00
00-0033523,30130,4032,3054840,Jonathan Allen,jonathan allen,DT,CIN,2026-09-06T23:42:28.788368+00:00
00-0033962,30298,4231,3054950,Caleb Brantley,caleb brantley,DT,FA,2026-09-06T23:42:28.788368+00:00
00-0034019,30148,4095,3134681,Malik McDowell,malik mcdowell,DT,FA,2026-09-06T23:42:28.788368+00:00
00-0033563,30255,4166,2977681,Carlos Watkins,carlos watkins,DT,TEN,2026-09-06T23:42:28.788368+00:00
00-0033913,30187,4101,2977615,Chris Wormley,chris wormley,DT,IND,2026-09-06T23:42:28.788368+00:00
00-0033915,30191,4100,3054862,Tim Williams,tim williams,LB,FA,2026-09-06T23:42:28.788368+00:00
00-0033886,30143,4070,3045282,T.J. Watt,tj watt,DE,PIT,2026-09-06T23:42:28.788368+00:00
00-0033887,30144,4030,3054844,Reuben Foster,reuben foster,LB,FA,2026-09-06T23:42:28.788368+00:00
00-0033547,30170,4110,3051750,Zach Cunningham,zach cunningham,LB,DET,2026-09-06T23:42:28.788368+00:00
00-0033938,30220,4143,3042733,Kendell Beckwith,kendell beckwith,LB,FA,2026-09-06T23:42:28.788368+00:00
00-0033525,30162,4097,2976495,Ryan Anderson,ryan anderson,LB,FA,2026-09-06T23:42:28.788368+00:00
00-0033549,30188,4099,3042725,Duke Riley,duke riley,LB,FA,2026-09-06T23:42:28.788368+00:00
00-0033539,30134,4067,3054951,Jarrad Davis,jarrad davis,LB,FA,2026-09-06T23:42:28.788368+00:00
00-0033461,30167,4090,3121423,Raekwon McMillan,raekwon mcmillan,LB,FA,2026-09-06T23:42:28.788368+00:00
00-0033281,30129,4071,3126356,Marlon Humphrey,marlon humphrey,CB,BAL,2026-09-06T23:42:28.788368+00:00
00-0033874,30124,4059,3121421,Marshon Lattimore,marshon lattimore,CB,FA,2026-09-06T23:42:28.788368+00:00
00-0033543,30156,4083,3127299,Sidney Jones,sidney jones,CB,FA,2026-09-06T23:42:28.788368+00:00
00-0033878,30131,4078,3120347,Adoree Jackson,adoree jackson,CB,PHI,2026-09-06T23:42:28.788368+00:00
00-0033928,30205,4129,3045207,Jourdan Lewis,jourdan lewis,CB,JAC,2026-09-06T23:42:28.788368+00:00
00-0033877,30128,4074,3121415,Malik Hooker,malik hooker,S,DAL,2026-09-06T23:42:28.788368+00:00
00-0033784,30225,4158,3054847,Eddie Jackson,eddie jackson,S,FA,2026-09-06T23:42:28.788368+00:00
00-0033872,30119,4077,3115373,Jamal Adams,jamal adams,LB,MIN,2026-09-06T23:42:28.788368+00:00
00-0033883,30138,4056,3115962,Jabrill Peppers,jabrill peppers,S,PIT,2026-09-06T23:42:28.788368+00:00
00-0033566,30264,4216,3040145,Desmond King,desmond king,CB,FA,2026-09-06T23:42:28.788368+00:00
00-0033951,30256,4152,3139605,Marlon Mack,marlon mack,RB,FA,2026-09-06T23:42:28.788368+00:00
00-0033859,30241,4160,3115330,Josh Malone,josh malone,WR,FA,2026-09-06T23:42:28.788368+00:00
00-0033895,30157,4089,3918639,Gerald Everett,gerald everett,TE,FA,2026-09-06T23:42:28.788368+00:00
00-0033286,30234,4042,3912576,Joe Williams,joe williams,RB,FA,2026-09-06T23:42:28.788368+00:00
00-0033530,30322,4285,3042373,Robert Davis,robert davis,WR,FA,2026-09-06T23:42:28.788368+00:00
00-0033567,30269,4187,3125403,Brian Hill,brian hill,RB,FA,2026-09-06T23:42:28.788368+00:00
00-0033875,30126,4063,2980504,Haason Reddick,haason reddick,DE,TBB,2026-09-06T23:42:28.788368+00:00
00-0033217,30112,4054,2998565,Mo Alie-Cox,mo alie-cox,TE,IND,2026-09-06T23:42:28.788368+00:00
00-0033882,30137,4057,3051391,Gareon Conley,gareon conley,CB,FA,2026-09-06T23:42:28.788368+00:00
00-0033884,30140,4072,3042717,Tre'Davious White,tredavious white,CB,BUF,2026-09-06T23:42:28.788368+00:00
00-0033524,30146,4079,3052170,Kevin King,kevin king,CB,FA,2026-09-06T23:42:28.788368+00:00
00-0033890,30149,4081,3127287,Budda Baker,budda baker,S,ARI,2026-09-06T23:42:28.788368+00:00
00-0033892,30152,4093,2980110,Marcus Maye,marcus maye,S,LAC,2026-09-06T23:42:28.788368+00:00
00-0033894,30155,4091,3122882,Marcus Williams,marcus williams,S,LAC,2026-09-06T23:42:28.788368+00:00
00-0033896,30158,4085,4198676,Adam Shaheen,adam shaheen,TE,FA,2026-09-06T23:42:28.788368+00:00
00-0033544,30159,4088,3121660,Quincy Wilson,quincy wilson,CB,FA,2026-09-06T23:42:28.788368+00:00
00-0033283,30160,4084,3040037,Tyus Bowser,tyus bowser,DE,FA,2026-09-06T23:42:28.788368+00:00
00-0033898,30163,4096,3895859,Justin Evans,justin evans,S,FA,2026-09-06T23:42:28.788368+00:00
00-0033782,30164,4086,3045377,DeMarcus Walker,demarcus walker,DE,WAS,2026-09-06T23:42:28.788368+00:00
00-0033545,30166,4087,3115257,Teez Tabor,teez tabor,CB,FA,2026-09-06T23:42:28.788368+00:00
00-0033546,30168,4092,2979860,Dalvin Tomlinson,dalvin tomlinson,DT,LAC,2026-09-06T23:42:28.788368+00:00
00-0033900,30169,4120,2974247,Obi Melifonwu,obi melifonwu,S,FA,2026-09-06T23:42:28.788368+00:00
00-0033902,30172,4114,2982313,Tanoh Kpassagnon,tanoh kpassagnon,DE,TEN,2026-09-06T23:42:28.788368+00:00
00-0033548,30173,4107,3052101,Chidobe Awuzie,chidobe awuzie,CB,BAL,2026-09-06T23:42:28.788368+00:00
00-0033903,30174,4109,3051716,Josh Jones,josh jones,S,FA,2026-09-06T23:42:28.788368+00:00
00-0033905,30178,4106,3050122,Larry Ogunjobi,larry ogunjobi,DT,BUF,2026-09-06T23:42:28.788368+00:00
00-0033783,30179,4124,3122630,Ahkello Witherspoon,ahkello witherspoon,CB,FA,2026-09-06T23:42:28.788368+00:00
00-0033907,30181,4113,3042476,Dawuane Smoot,dawuane smoot,DE,JAC,2026-09-06T23:42:28.788368+00:00
00-0033914,30189,4118,3043107,Alex Anzalone,alex anzalone,LB,TBB,2026-09-06T23:42:28.788368+00:00
00-0033917,30193,4112,3052977,Tarell Basham,tarell basham,DE,FA,2026-09-06T23:42:28.788368+00:00
00-0033918,30194,4126,2971586,Fabian Moreau,fabian moreau,CB,WAS,2026-09-06T23:42:28.788368+00:00
00-0033920,30196,4117,3049268,Derek Rivers,derek rivers,DE,FA,2026-09-06T23:42:28.788368+00:00
00-0033924,30201,4121,3047570,Eddie Vanderdoes,eddie vanderdoes,DT,FA,2026-09-06T23:42:28.788368+00:00
00-0033926,30203,4140,3054026,Shaq Griffin,shaquill griffin,CB,SEA,2026-09-06T23:42:28.788368+00:00
00-0033927,30204,4133,3046292,John Johnson,john johnson,S,FA,2026-09-06T23:42:28.788368+00:00
00-0033929,30206,4132,3051894,Montravius Adams,montravius adams,DT,FA,2026-09-06T23:42:28.788368+00:00
00-0033930,30207,4138,3044724,Cameron Sutton,cameron sutton,CB,FA,2026-09-06T23:42:28.788368+00:00
00-0033932,30209,4131,2974858,Kenny Golladay,kenny golladay,WR,FA,2026-09-06T23:42:28.788368+00:00
00-0033931,30208,4141,3045214,Delano Hill,delano hill,S,FA,2026-09-06T23:42:28.788368+00:00
00-0033462,30210,4134,3045136,Cordrea Tankersley,cordrea tankersley,CB,FA,2026-09-06T23:42:28.788368+00:00
00-0033933,30211,4128,3066052,Chad Williams,chad williams,WR,FA,2026-09-06T23:42:28.788368+00:00
00-0033551,30212,4136,3943270,Rasul Douglas,rasul douglas,CB,WAS,2026-09-06T23:42:28.788368+00:00
00-0033552,30214,4130,3043144,Brendan Langley,brendan langley,WR,FA,2026-09-06T23:42:28.788368+00:00
00-0033934,30215,4142,3039721,Nazair Jones,nazair jones,DE,FA,2026-09-06T23:42:28.788368+00:00
00-0033935,30216,4135,3052743,Trey Hendrickson,trey hendrickson,DE,BAL,2026-09-06T23:42:28.788368+00:00
00-0033939,30221,4145,2977798,Vince Biegel,vince biegel,DE,FA,2026-09-06T23:42:28.788368+00:00
00-0033940,30222,4173,2979523,Jaleel Johnson,jaleel johnson,DT,FA,2026-09-06T23:42:28.788368+00:00
00-0033554,30224,4181,3052125,Tedric Thompson,tedric thompson,S,FA,2026-09-06T23:42:28.788368+00:00
00-0033941,30226,4180,2969961,Rayshawn Jenkins,rayshawn jenkins,S,PIT,2026-09-06T23:42:28.788368+00:00
00-0033555,30231,4177,2991662,Mack Hollins,mack hollins,WR,NEP,2026-09-06T23:42:28.788368+00:00
00-0033556,30232,4157,3066158,Tarik Cohen,tarik cohen,RB,FA,2026-09-06T23:42:28.788368+00:00
00-0033944,30233,4172,3045212,Ben Gedeon,ben gedeon,LB,FA,2026-09-06T23:42:28.788368+00:00
00-0033527,30236,4182,3134683,Montae Nicholson,montae nicholson,S,FA,2026-09-06T23:42:28.788368+00:00
00-0033557,30237,4163,3044729,Jalen Reeves-Maybin,jalen reeves-maybin,LB,CHI,2026-09-06T23:42:28.788368+00:00
00-0033945,30238,4170,3045527,Samson Ebukam,samson ebukam,DE,ATL,2026-09-06T23:42:28.788368+00:00
00-0033558,30239,4161,3126176,Howard Wilson,howard wilson,CB,CLE,2026-09-06T23:42:28.788368+00:00
00-0033947,30244,4174,2980080,Deatrich Wise,deatrich wise,DE,WAS,2026-09-06T23:42:28.788368+00:00
00-0033786,30251,4159,2977635,Ryan Glasgow,ryan glasgow,DT,FA,2026-09-06T23:42:28.788368+00:00
00-0033952,30257,4168,4058825,Grover Stewart,grover stewart,DT,IND,2026-09-06T23:42:28.788368+00:00
00-0033288,30259,4217,3040151,George Kittle,george kittle,TE,SFO,2026-09-06T23:42:28.788368+00:00
00-0033841,30261,4204,2980639,Blair Brown,blair brown,LB,FA,2026-09-06T23:42:28.788368+00:00
00-0033512,30262,4188,2976099,Damontae Kazee,damontae kazee,S,DET,2026-09-06T23:42:28.788368+00:00
00-0033289,30265,4192,3051929,Corn Elder,corn elder,CB,FA,2026-09-06T23:42:28.788368+00:00
00-0033787,30266,4195,3050478,Jake Elliott,jake elliott,PK,PHI,2026-09-06T23:42:28.788368+00:00
00-0033954,30268,4220,3047559,Jayon Brown,jayon brown,LB,FA,2026-09-06T23:42:28.788368+00:00
00-0033568,30271,4202,2976259,Nate Hairston,nate hairston,CB,ARI,2026-09-06T23:42:28.788368+00:00
00-0033570,30274,4203,3045251,Anthony Walker,anthony walker,LB,FA,2026-09-06T23:42:28.788368+00:00
00-0033571,30276,4191,3046287,Matt Milano,matt milano,LB,BUF,2026-09-06T23:42:28.788368+00:00
00-0033572,30278,4198,3061612,Jamal Agnew,jamal agnew,WR,FA,2026-09-06T23:42:28.788368+00:00
00-0033574,30280,4210,2974324,Avery Moss,avery moss,LB,FA,2026-09-06T23:42:28.788368+00:00
00-0033956,30281,4212,3039776,Marquel Lee,marquel lee,LB,FA,2026-09-06T23:42:28.788368+00:00
00-0033575,30282,4201,2985844,Treston Decoud,treston decoud,CB,FA,2026-09-06T23:42:28.788368+00:00
00-0033957,30283,4208,3059918,Rodney Adams,rodney adams,WR,FA,2026-09-06T23:42:28.788368+00:00
00-0033466,30285,4197,3128724,Isaiah McKenzie,isaiah mckenzie,WR,FA,2026-09-06T23:42:28.788368+00:00
00-0033467,30286,4215,2971632,Brian Allen,brian allen,CB,FA,2026-09-06T23:42:28.788368+00:00
00-0033576,30287,4189,2975863,Eric Saubert,eric saubert,TE,SEA,2026-09-06T23:42:28.788368+00:00
00-0033292,30290,4218,3040569,Trent Taylor,trent taylor,WR,FA,2026-09-06T23:42:28.788368+00:00
00-0033860,30291,4207,3115383,Davon Godchaux,davon godchaux,DT,NOS,2026-09-06T23:42:28.788368+00:00
00-0033961,30294,4211,2584628,Dylan Donahue,dylan donahue,LB,FA,2026-09-06T23:42:28.788368+00:00
00-0033293,30295,4199,3042519,Aaron Jones,aaron jones,RB,MIN,2026-09-06T23:42:28.788368+00:00
00-0033468,30296,4205,2969922,Ukeme Eligwe,ukeme eligwe,LB,OAK,2026-09-06T23:42:28.788368+00:00
00-0033577,30297,4213,3040475,Nate Gerry,nate gerry,LB,FA,2026-09-06T23:42:28.788368+00:00
00-0033294,30299,4224,3045463,Chuck Clark,chuck clark,S,DET,2026-09-06T23:42:28.788368+00:00
00-0033861,30300,4276,3056913,Mike Tyson,mike tyson,S,FA,2026-09-06T23:42:28.788368+00:00
00-0033963,30302,4251,3041112,Tanzel Smart,tanzel smart,DT,NYJ,2026-09-06T23:42:28.788368+00:00
00-0033579,30304,4238,3040572,Xavier Woods,xavier woods,S,CHI,2026-09-06T23:42:28.788368+00:00
00-0033296,30305,4226,4212884,Alexander Armah,alex armah,RB,FA,2026-09-06T23:42:28.788368+00:00
00-0033790,30306,4228,3052660,Jordan Evans,jordan evans,LB,FA,2026-09-06T23:42:28.788368+00:00
00-0033469,30307,4253,3046343,Vincent Taylor,vincent taylor,DT,ATL,2026-09-06T23:42:28.788368+00:00
00-0033580,30308,4225,3042895,Tanner Vallejo,tanner vallejo,LB,FA,2026-09-06T23:42:28.788368+00:00
00-0033964,30309,4259,3051942,Al-Quadin Muhammad,al-quadin muhammad,DE,TBB,2026-09-06T23:42:28.788368+00:00
00-0033520,30311,4261,2977613,Jeremy Clark,jeremy clark,CB,FA,2026-09-06T23:42:28.788368+00:00
00-0033297,30310,4278,3894915,D.J. Jones,dj jones,DT,DEN,2026-09-06T23:42:28.788368+00:00
00-0033298,30315,4279,3055105,Pita Taumoepenu,pita taumoepenu,LB,FA,2026-09-06T23:42:28.788368+00:00
00-0033581,30319,4239,2968226,De'Angelo Henderson,deangelo henderson,RB,FA,2026-09-06T23:42:28.788368+00:00
00-0033299,30316,4262,3051880,Derrick Jones,derrick jones,CB,FA,2026-09-06T23:42:28.788368+00:00
00-0033582,30317,4240,3892689,Jeremiah Ledbetter,jeremiah ledbetter,DT,FA,2026-09-06T23:42:28.788368+00:00
00-0033791,30320,4230,2982632,Brandon Wilson,brandon wilson,S,IND,2026-09-06T23:42:28.788368+00:00
00-0033792,30321,4223,3051901,Rudy Ford,rudy ford,S,FA,2026-09-06T23:42:28.788368+00:00
00-0033584,30327,4268,3052175,Elijah Qualls,elijah qualls,DT,FA,2026-09-06T23:42:28.788368+00:00
00-0033586,30329,4237,3045378,Marquez White,marquez white,CB,FA,2026-09-06T23:42:28.788368+00:00
00-0033470,30331,4248,3043217,Leon McQuay,leon mcquay,CB,FA,2026-09-06T23:42:28.788368+00:00
00-0033969,30333,4256,2974353,Ifeadi Odenigbo,ifeadi odenigbo,LB,NYJ,2026-09-06T23:42:28.788368+00:00
00-0033970,30334,4266,3894908,Shalom Luani,shalom luani,S,FA,2026-09-06T23:42:28.788368+00:00
00-0033587,30335,4246,3040198,Jalen Myrick,jalen myrick,CB,MIN,2026-09-06T23:42:28.788368+00:00
00-0033971,30336,4280,3052515,Stevie Tu'ikolovatu,stevie tuikolovatu,DT,FA,2026-09-06T23:42:28.788368+00:00
00-0033862,30337,4233,3043234,Zane Gonzalez,zane gonzalez,PK,FA,2026-09-06T23:42:28.788368+00:00
00-0033589,30339,4274,4212909,David Moore,david moore,WR,FA,2026-09-06T23:42:28.788368+00:00
00-0033794,30340,4281,2971565,Josh Carraway,josh carraway,LB,FA,2026-09-06T23:42:28.788368+00:00
00-0033590,30341,4236,3043112,Joey Ivie,joey ivie,DT,TEN,2026-09-06T23:42:28.788368+00:00
00-0033302,30342,4277,2971699,Adrian Colbert,adrian colbert,S,CHI,2026-09-06T23:42:28.788368+00:00
00-0033532,30343,4286,2977645,Josh Harvey-Clemons,josh harvey-clemons,LB,FA,2026-09-06T23:42:28.788368+00:00
00-0033973,30345,4255,3125073,Elijah Lee,elijah lee,LB,FA,2026-09-06T23:42:28.788368+00:00
00-0033303,30346,4227,3055899,Harrison Butker,harrison butker,PK,KCC,2026-09-06T23:42:28.788368+00:00
00-0033974,30347,4249,2576666,Ejuan Price,ejuan price,LB,FA,2026-09-06T23:42:28.788368+00:00
00-0033533,30348,4287,2971036,Joshua Holsey,joshua holsey,CB,WAS,2026-09-06T23:42:28.788368+00:00
00-0033304,30351,4244,3918026,Devante Mays,devante mays,RB,JAC,2026-09-06T23:42:28.788368+00:00
00-0033797,30355,4283,3052143,Khalfani Muhammad,khalfani muhammad,RB,DEN,2026-09-06T23:42:28.788368+00:00
00-0033976,30357,4264,2973027,Treyvon Hester,treyvon hester,DT,FA,2026-09-06T23:42:28.788368+00:00
00-0033977,30358,4257,3051737,Jack Tocho,jack tocho,S,FA,2026-09-06T23:42:28.788368+00:00
00-0033521,30361,4269,3042773,Keion Adams,keion adams,LB,FA,2026-09-06T23:42:28.788368+00:00
00-0033594,30362,4273,3919596,Chris Carson,chris carson,RB,FA,2026-09-06T23:42:28.788368+00:00
00-0033595,30363,4241,2980206,Pat O'Connor,pat oconnor,DT,DET,2026-09-06T23:42:28.788368+00:00
00-0033798,30364,4229,2972331,Mason Schreck,mason schreck,TE,FA,2026-09-06T23:42:28.788368+00:00
00-0033382,30656,4416,2974339,Austin Carr,austin carr,WR,FA,2026-09-06T23:42:28.788368+00:00
00-0033338,30577,4362,3040470,Cethan Carter,cethan carter,TE,FA,2026-09-06T23:42:28.788368+00:00
00-0033604,30487,4526,4198679,Krishawn Hogan,krishawn hogan,WR,FA,2026-09-06T23:42:28.788368+00:00
00-0033441,30629,4445,2980061,Keon Hatcher,keon hatcher,WR,NYJ,2026-09-06T23:42:28.788368+00:00
00-0033633,30720,4551,3043841,Tanner Gentry,tanner gentry,WR,FA,2026-09-06T23:42:28.788368+00:00
00-0033687,30394,4626,2976215,Amba Etta-Tawo,amba etta-tawo,WR,FA,2026-09-06T23:42:28.788368+00:00
00-0033306,30550,4453,3056476,Victor Bolden,victor bolden,WR,FA,2026-09-06T23:42:28.788368+00:00
00-0033375,30511,4351,3134353,Tim Patrick,tim patrick,WR,NYJ,2026-09-06T23:42:28.788368+00:00
00-0033308,30552,4455,3049916,Matt Breida,matt breida,RB,FA,2026-09-06T23:42:28.788368+00:00
00-0033240,30388,4309,3045163,Scott Orndoff,scott orndoff,TE,CIN,2026-09-06T23:42:28.788368+00:00
00-0033407,30647,4396,3046438,Drew Morgan,drew morgan,WR,FA,2026-09-06T23:42:28.788368+00:00
00-0033611,30494,4531,3051806,Ricky Seals-Jones,ricky seals-jones,TE,FA,2026-09-06T23:42:28.788368+00:00
00-0033222,30450,4294,2977689,Deante Burton,deante burton,CB,HOU,2026-09-06T23:42:28.788368+00:00
00-0033373,900125,4349,3048680,Taquan Mizzell,taquan mizzell,RB,FA,2026-09-06T23:42:28.788368+00:00
00-0033261,30526,4326,3039720,Bug Howard,bug howard,TE,FA,2026-09-06T23:42:28.788368+00:00
00-0033392,30666,4426,2570996,Harvey Langi,harvey langi,LB,FA,2026-09-06T23:42:28.788368+00:00
00-0033672,30822,4588,2972092,Kyle Sloter,kyle sloter,QB,FA,2026-09-06T23:42:28.788368+00:00
00-0033992,30899,4750,3049249,Lance Lenoir,lance lenoir,WR,DAL,2026-09-06T23:42:28.788368+00:00
00-0033387,30661,4421,3125404,Jacob Hollister,jacob hollister,TE,FA,2026-09-06T23:42:28.788368+00:00
00-0033003,29521,3540,3045565,Jamaal Jones,jamaal jones,WR,FA,2026-09-06T23:42:28.788368+00:00
00-0033649,30548,4564,3053804,Kai Nacua,kai nacua,S,NYJ,2026-09-06T23:42:28.788368+00:00
00-0033379,30510,4355,3915403,Tim White,tim white,WR,FA,2026-09-06T23:42:28.788368+00:00
00-0033316,30560,4461,3050534,Lorenzo Jerome,lorenzo jerome,S,FA,2026-09-06T23:42:28.788368+00:00
00-0033607,30490,4528,2976593,Trevor Knight,trevor knight,QB,FA,2026-09-06T23:42:28.788368+00:00
00-0033242,30499,4311,3051924,Jermaine Grace,jermaine grace,LB,FA,2026-09-06T23:42:28.788368+00:00
00-0033702,30426,4666,3049899,Younghoe Koo,younghoe koo,PK,FA,2026-09-06T23:42:28.788368+00:00
00-0033699,30423,4663,3068267,Austin Ekeler,austin ekeler,RB,FA,2026-09-06T23:42:28.788368+00:00
00-0033366,30512,4342,3051869,Quincy Adeboyejo,quincy adeboyejo,WR,FA,2026-09-06T23:42:28.788368+00:00
00-0033435,30623,4439,3048663,Breon Borders,breon borders,CB,FA,2026-09-06T23:42:28.788368+00:00
00-0033352,30609,4376,3931763,Michael Clark,michael clark,WR,FA,2026-09-06T23:42:28.788368+00:00
00-0033742,30763,4678,3046705,Tyrone Swoopes,tyrone swoopes,TE,WAS,2026-09-06T23:42:28.788368+00:00
00-0033681,30396,4622,3071572,Keelan Cole,keelan cole,WR,FA,2026-09-06T23:42:28.788368+00:00
00-0033417,30653,4401,3052182,Damore'ea Stringfellow,damoreea stringfellow,WR,FA,2026-09-06T23:42:28.788368+00:00
00-0033800,30751,4707,3128756,Akeem Judd,akeem judd,RB,FA,2026-09-06T23:42:28.788368+00:00
00-0033275,30538,4335,3051308,P.J. Walker,pj walker,QB,FA,2026-09-06T23:42:28.788368+00:00
00-0033477,30700,4511,2972232,LaTroy Lewis,latroy lewis,LB,TEN,2026-09-06T23:42:28.788368+00:00
00-0033307,30551,4454,3045523,Kendrick Bourne,kendrick bourne,WR,ARI,2026-09-06T23:42:28.788368+00:00
00-0033773,30808,4614,2988624,Riley McCarron,riley mccarron,WR,FA,2026-09-06T23:42:28.788368+00:00
00-0033620,30598,4541,2974328,Brandon Reilly,brandon reilly,WR,FA,2026-09-06T23:42:28.788368+00:00
00-0033765,30799,4606,2986109,Dylan Cole,dylan cole,LB,FA,2026-09-06T23:42:28.788368+00:00
00-0033357,30614,4381,2468609,Taysom Hill,taysom hill,TE,FA,2026-09-06T23:42:28.788368+00:00
00-0033445,30633,4449,4232830,Nicholas Morrow,nicholas morrow,LB,FA,2026-09-06T23:42:28.788368+00:00
00-0033757,30777,4602,2975674,Robert Tonyan,robert tonyan,TE,PIT,2026-09-06T23:42:28.788368+00:00
00-0033400,30641,4390,3043237,Matt Haack,matt haack,PN,FA,2026-09-06T23:42:28.788368+00:00
00-0033269,30534,4331,3914922,Rigoberto Sanchez,rigoberto sanchez,PN,IND,2026-09-06T23:42:28.788368+00:00
00-0033622,30602,4544,3042428,Daikiel Shorts,daikiel shorts,WR,FA,2026-09-06T23:42:28.788368+00:00
00-0033515,30703,4519,3128267,Devine Redding,devine redding,RB,FA,2026-09-06T23:42:28.788368+00:00
00-0033815,30827,4681,3043134,Reggie Davis,reggie davis,WR,CHI,2026-09-06T23:42:28.788368+00:00
00-0033748,30768,4596,2979825,Tion Green,tion green,RB,FA,2026-09-06T23:42:28.788368+00:00
00-0033696,30420,4660,2971426,Sean Culkin,sean culkin,TE,FA,2026-09-06T23:42:28.788368+00:00
00-0033234,30462,4304,3042361,Chris Odom,chris odom,DE,FA,2026-09-06T23:42:28.788368+00:00
00-0033410,30381,4359,3052883,Cole Luke,cole luke,CB,WAS,2026-09-06T23:42:28.788368+00:00
00-0033826,30846,4684,3057517,Jaylen Hill,jaylen hill,CB,FA,2026-09-06T23:42:28.788368+00:00
00-0033415,30652,4400,3054859,Maurice Smith,maurice smith,S,WAS,2026-09-06T23:42:28.788368+00:00
00-0033819,30848,4689,3051925,Jamal Carter,jamal carter,S,ARI,2026-09-06T23:42:28.788368+00:00
00-0033716,30736,4643,3047530,Calvin Munson,calvin munson,LB,MIA,2026-09-06T23:42:28.788368+00:00
00-0033421,30468,4468,4081127,Antony Auclair,antony auclair,TE,FA,2026-09-06T23:42:28.788368+00:00
00-0033344,30583,4368,2978211,Hardy Nickerson,hardy nickerson,LB,FA,2026-09-06T23:42:28.788368+00:00
00-0033336,30448,4413,3056916,Eric Wilson,eric wilson,LB,MIN,2026-09-06T23:42:28.788368+00:00
00-0033381,30655,4415,2972342,Adam Butler,adam butler,DT,LVR,2026-09-06T23:42:28.788368+00:00
00-0033845,30865,4720,3052502,Dominique Hatfield,dominique hatfield,CB,CAR,2026-09-06T23:42:28.788368+00:00
00-0033838,30850,4696,2970090,Trey Edmunds,trey edmunds,RB,FA,2026-09-06T23:42:28.788368+00:00
00-0032649,29747,3728,3040661,Brian Price,brian price,DT,FA,2026-09-06T23:42:28.788368+00:00
00-0033368,30514,4345,2970256,Bam Bradley,bam bradley,LB,BAL,2026-09-06T23:42:28.788368+00:00
00-0033376,30592,4353,2975417,Patrick Ricard,patrick ricard,RB,NYG,2026-09-06T23:42:28.788368+00:00
00-0033430,30477,4476,2979515,Greg Mabin,greg mabin,CB,FA,2026-09-06T23:42:28.788368+00:00
00-0033339,30578,4363,2979535,Demetrious Cox,demetrious cox,S,CIN,2026-09-06T23:42:28.788368+00:00
00-0033758,30778,4603,2976151,Jeremiah Valoaga,jeremiah valoaga,DE,OAK,2026-09-06T23:42:28.788368+00:00
00-0033598,30792,4604,3008150,Eli Ankou,eli ankou,DT,FA,2026-09-06T23:42:28.788368+00:00
00-0033420,30622,4352,3048402,Donald Payne,donald payne,LB,FA,2026-09-06T23:42:28.788368+00:00
00-0033704,30428,4668,3052889,James Onwualu,james onwualu,LB,SFO,2026-09-06T23:42:28.788368+00:00
00-0033399,30640,4389,2975680,Chase Allen,chase allen,LB,FA,2026-09-06T23:42:28.788368+00:00
00-0033642,30539,4558,2970622,B.J. Bello,bj bello,LB,LAC,2026-09-06T23:42:28.788368+00:00
00-0033393,30669,4427,4218312,Kenny Moore,kenny moore,CB,FA,2026-09-06T23:42:28.788368+00:00
00-0033450,30638,4452,3042370,Xavier Woodson-Luster,xavier woodson-luster,LB,FA,2026-09-06T23:42:28.788368+00:00
00-0033746,30766,4594,2976114,Alex Barrett,alex barrett,DE,SFO,2026-09-06T23:42:28.788368+00:00
00-0033700,30424,4664,3051368,Nigel Harris,nigel harris,LB,TEN,2026-09-06T23:42:28.788368+00:00
00-0033763,30795,4605,2971280,Evan Baylis,evan baylis,TE,FA,2026-09-06T23:42:28.788368+00:00
00-0033697,30422,4661,3053795,Michael Davis,michael davis,CB,FA,2026-09-06T23:42:28.788368+00:00
00-0033251,30502,4319,2978109,Zach Pascal,zach pascal,WR,FA,2026-09-06T23:42:28.788368+00:00
00-0033770,30811,4611,2970625,Justin Hardee,justin hardee,CB,TEN,2026-09-06T23:42:28.788368+00:00
00-0033855,30861,4719,3054970,Chris Thompson,chris thompson,WR,FA,2026-09-06T23:42:28.788368+00:00
00-0032749,29577,3592,2570484,Isaiah Johnson,isaiah johnson,S,FA,2026-09-06T23:42:28.788368+00:00
00-0033481,30682,4491,3046399,Marcus Kemp,marcus kemp,WR,FA,2026-09-06T23:42:28.788368+00:00
00-0033362,30619,4386,2972562,Lenzy Pipkins,lenzy pipkins,CB,FA,2026-09-06T23:42:28.788368+00:00
00-0032641,29846,3765,2972896,Donte Deayon,donte deayon,CB,LAR,2026-09-06T23:42:28.788368+00:00
00-0033315,30559,4460,2968204,Cole Hikutini,cole hikutini,TE,DAL,2026-09-06T23:42:28.788368+00:00
00-0033408,30379,4357,2980098,Bryan Cox,bryan cox,DE,FA,2026-09-06T23:42:28.788368+00:00
00-0033254,,,,Brandon Banks,brandon banks,DE,WAS,2026-09-06T23:42:28.788368+00:00
00-0031834,28930,2769,2512892,Larry Pinkard,larry pinkard,WR,JAC,2026-09-06T23:42:28.788368+00:00
00-0033635,30722,4552,3043197,Isaiah Irving,isaiah irving,LB,FA,2026-09-06T23:42:28.788368+00:00
00-0033324,30427,4402,3042726,Tashawn Bower,tashawn bower,DE,FA,2026-09-06T23:42:28.788368+00:00
00-0033599,30482,4522,2982809,Carlton Agudosi,carlton agudosi,WR,FA,2026-09-06T23:42:28.788368+00:00
00-0033384,30658,4418,3040143,LeShun Daniels,leshun daniels,RB,FA,2026-09-06T23:42:28.788368+00:00
00-0032851,29937,3818,2577651,Pete Robertson,pete robertson,LB,WAS,2026-09-06T23:42:28.788368+00:00
00-0033659,30785,4572,2974344,Joseph Jones,joseph jones,LB,TEN,2026-09-06T23:42:28.788368+00:00
00-0033434,30481,4480,3045380,Bobo Wilson,bobo wilson,WR,FA,2026-09-06T23:42:28.788368+00:00
00-0033449,30637,4451,3894883,Isaac Whitney,isaac whitney,WR,HOU,2026-09-06T23:42:28.788368+00:00
00-0033503,30415,4503,3916144,Art Maulet,arthur maulet,CB,DET,2026-09-06T23:42:28.788368+00:00
00-0033776,30803,4616,2971022,Gimel President,gimel president,LB,TEN,2026-09-06T23:42:28.788368+00:00
00-0032689,29806,3774,3057863,Jason Vander Laan,jason vander laan,TE,NOS,2026-09-06T23:42:28.788368+00:00
00-0033693,30405,4632,3115911,Carroll Phillips,carroll phillips,DE,FA,2026-09-06T23:42:28.788368+00:00
00-0033405,30646,4395,3058965,Torry McTyer,torry mctyer,CB,WAS,2026-09-06T23:42:28.788368+00:00
00-0033738,,,,Otha Peters,otha peters,LB,WAS,2026-09-06T23:42:28.788368+00:00
00-0033337,30576,4361,3057972,Brandon Bell,brandon bell,LB,CIN,2026-09-06T23:42:28.788368+00:00
00-0033403,30644,4393,2981511,Cameron Malveaux,cameron malveaux,LB,PHI,2026-09-06T23:42:28.788368+00:00
00-0033535,30802,4617,4220624,Daniel Ross,daniel ross,DT,FA,2026-09-06T23:42:28.788368+00:00
00-0033424,30471,4470,2979532,Riley Bullough,riley bullough,LB,FA,2026-09-06T23:42:28.788368+00:00
00-0033675,30825,4591,3045206,Dymonte Thomas,dymonte thomas,S,FA,2026-09-06T23:42:28.788368+00:00
00-0033514,30702,4518,3931761,Emanuel Byrd,emanuel byrd,TE,FA,2026-09-06T23:42:28.788368+00:00
00-0033353,30610,4377,2973973,Montay Crockett,montay crockett,WR,JAC,2026-09-06T23:42:28.788368+00:00
00-0033658,30784,4571,2991767,Blake Jarwin,blake jarwin,TE,FA,2026-09-06T23:42:28.788368+00:00
00-0033735,30756,4650,3957543,Billy Brown,billy brown,TE,IND,2026-09-06T23:42:28.788368+00:00
00-0033729,30711,4654,3051397,Cam Johnston,cam johnston,PN,PIT,2026-09-06T23:42:28.788368+00:00
00-0033386,30660,4420,3115443,Cody Hollister,cody hollister,WR,TEN,2026-09-06T23:42:28.788368+00:00
00-0033630,30717,4548,3047969,Joel Bouagnon,joel bouagnon,RB,FA,2026-09-06T23:42:28.788368+00:00
00-0034054,30955,4854,3052056,River Cracraft,river cracraft,WR,FA,2026-09-06T23:42:28.788368+00:00
00-0033733,30715,6744,3040035,Greg Ward,greg ward,WR,FA,2026-09-06T23:42:28.788368+00:00
00-0033367,30513,4344,2973626,C.J. Board,cj board,WR,FA,2026-09-06T23:42:28.788368+00:00
00-0034011,30891,4741,4212989,Dan Arnold,dan arnold,TE,FA,2026-09-06T23:42:28.788368+00:00
00-0033731,30713,4656,3957450,Tre Sullivan,tre sullivan,S,FA,2026-09-06T23:42:28.788368+00:00
00-0033627,30594,4536,2972240,Jason Croom,jason croom,TE,FA,2026-09-06T23:42:28.788368+00:00
00-0034030,30934,4819,2973627,Keionta Davis,keionta davis,DE,NEP,2026-09-06T23:42:28.788368+00:00
00-0032669,29712,3467,2578718,Taylor Bertolet,taylor bertolet,PK,FA,2026-09-06T23:42:28.788368+00:00
00-0030332,27369,4958,16486,Brett Maher,brett maher,PK,FA,2026-09-06T23:42:28.788368+00:00
00-0033438,30626,4442,2981846,Fadol Brown,fadol brown,DE,FA,2026-09-06T23:42:28.788368+00:00
00-0033374,30517,4350,2978244,Ricky Ortiz,ricky ortiz,RB,NOS,2026-09-06T23:42:28.788368+00:00
00-0031500,28386,2796,3734467,Efe Obada,efe obada,DE,FA,2026-09-06T23:42:28.788368+00:00
00-0033501,30412,4501,3121581,Devaroe Lawrence,devaroe lawrence,DT,FA,2026-09-06T23:42:28.788368+00:00
00-0033779,30794,4619,2973647,Dee Virgin,dee virgin,CB,CHI,2026-09-06T23:42:28.788368+00:00
00-0033246,30373,4314,3052096,Johnny Mundt,johnny mundt,TE,PHI,2026-09-06T23:42:28.788368+00:00
00-0032931,29956,3837,2577484,Kenneth Durden,kenneth durden,CB,TEN,2026-09-06T23:42:28.788368+00:00
00-0033608,30491,4529,2970264,Ryan Lewis,ryan lewis,CB,FA,2026-09-06T23:42:28.788368+00:00
00-0033347,30586,4371,2979632,Josh Tupou,josh tupou,DT,BAL,2026-09-06T23:42:28.788368+00:00
00-0033319,30563,4464,3059989,Nick Mullens,nick mullens,QB,FA,2026-09-06T23:42:28.788368+00:00
00-0033439,30627,4443,2971281,Pharaoh Brown,pharaoh brown,TE,FA,2026-09-06T23:42:28.788368+00:00
00-0032751,29584,3469,2971032,Cassanova McKinzy,cassanova mckinzy,LB,FA,2026-09-06T23:42:28.788368+00:00
00-0033606,30489,4527,3045851,Tre'von Johnson,trevon johnson,LB,LAC,2026-09-06T23:42:28.788368+00:00
00-0033215,30111,4050,4217370,Cyril Grayson,cyril grayson,WR,FA,2026-09-06T23:42:28.788368+00:00
00-0033994,30901,4752,2971397,Fred Brown,fred brown,WR,FA,2026-09-06T23:42:28.788368+00:00
00-0033705,30430,4669,3047504,Andre Patton,andre patton,WR,FA,2026-09-06T23:42:28.788368+00:00
00-0033997,30904,4761,3057876,Brady Sheldon,brady sheldon,LB,FA,2026-09-06T23:42:28.788368+00:00
00-0034051,30954,4848,2978524,Christian Kuntz,christian kuntz,LB,PIT,2026-09-06T23:42:28.788368+00:00
00-0034034,30940,4828,3049329,Rashard Davis,rashard davis,WR,TEN,2026-09-06T23:42:28.788368+00:00
00-0034035,30938,4829,3060347,Daniel Williams,daniel williams,WR,FA,2026-09-06T23:42:28.788368+00:00
00-0035327,32454,6724,3128745,C.J. Moore,cj moore,S,FA,2026-09-06T23:42:28.788368+00:00
00-0033734,30716,4658,3892777,Jamal Perry,jamal perry,CB,FA,2026-09-06T23:42:28.788368+00:00
00-0033720,30740,4647,2980120,Colin Thompson,colin thompson,TE,FA,2026-09-06T23:42:28.788368+00:00
00-0032950,29236,3161,2573079,Carson Wentz,carson wentz,QB,MIN,2026-09-06T23:42:28.788368+00:00
00-0033106,29235,3163,3046779,Jared Goff,jared goff,QB,DET,2026-09-06T23:42:28.788368+00:00
00-0033108,29260,3170,2977881,Paxton Lynch,paxton lynch,QB,FA,2026-09-06T23:42:28.788368+00:00
00-0032893,29334,3171,2576261,Connor Cook,connor cook,QB,FA,2026-09-06T23:42:28.788368+00:00
00-0032953,29284,3168,3057986,Christian Hackenberg,christian hackenberg,QB,FA,2026-09-06T23:42:28.788368+00:00
00-0033098,29373,3210,2976299,Cardale Jones,cardale jones,QB,FA,2026-09-06T23:42:28.788368+00:00
00-0033119,29325,3257,2578570,Jacoby Brissett,jacoby brissett,QB,ARI,2026-09-06T23:42:28.788368+00:00
00-0033104,29327,3205,2577243,Cody Kessler,cody kessler,QB,FA,2026-09-06T23:42:28.788368+00:00
00-0032784,29396,3318,2577128,Kevin Hogan,kevin hogan,QB,FA,2026-09-06T23:42:28.788368+00:00
00-0033077,29369,3294,2577417,Dak Prescott,dak prescott,QB,DAL,2026-09-06T23:42:28.788368+00:00
00-0032434,29435,3357,2574511,Brandon Allen,brandon allen,QB,FA,2026-09-06T23:42:28.788368+00:00
00-0032436,29441,3362,2574630,Jeff Driskel,jeff driskel,QB,WAS,2026-09-06T23:42:28.788368+00:00
00-0033045,29238,3164,3051392,Ezekiel Elliott,ezekiel elliott,RB,FA,2026-09-06T23:42:28.788368+00:00
00-0032764,29279,3198,3043078,Derrick Henry,derrick henry,RB,BAL,2026-09-06T23:42:28.788368+00:00
00-0032393,29324,3204,2980148,C.J. Prosise,cj prosise,RB,FA,2026-09-06T23:42:28.788368+00:00
00-0032426,29405,3327,3046409,Alex Collins,alex collins,RB,FA,2026-09-06T23:42:28.788368+00:00
00-0032972,29370,3209,3122866,Devontae Booker,devontae booker,RB,FA,2026-09-06T23:42:28.788368+00:00
00-0033118,29307,3242,2979843,Kenyan Drake,kenyan drake,RB,FA,2026-09-06T23:42:28.788368+00:00
00-0032417,29383,3211,2971589,Paul Perkins,paul perkins,RB,FA,2026-09-06T23:42:28.788368+00:00
00-0032411,29368,3208,2971888,Kenneth Dixon,kenneth dixon,RB,FA,2026-09-06T23:42:28.788368+00:00
00-0032440,29445,3366,3043120,Kelvin Taylor,kelvin taylor,RB,CLE,2026-09-06T23:42:28.788368+00:00
00-0032780,29384,3306,3060022,Jordan Howard,jordan howard,RB,FA,2026-09-06T23:42:28.788368+00:00
00-0032975,29390,3312,2980077,Jonathan Williams,jonathan williams,RB,FA,2026-09-06T23:42:28.788368+00:00
00-0032782,29387,3309,3042429,Wendell Smallwood,wendell smallwood,RB,FA,2026-09-06T23:42:28.788368+00:00
00-0032741,29560,3594,3051902,Peyton Barber,peyton barber,RB,FA,2026-09-06T23:42:28.788368+00:00
00-0033078,29416,3338,2970457,Keenan Reynolds,keenan reynolds,WR,FA,2026-09-06T23:42:28.788368+00:00
00-0032404,29353,3280,2573974,Tyler Ervin,tyler ervin,RB,FA,2026-09-06T23:42:28.788368+00:00
00-0032377,29599,3453,2576165,Josh Ferguson,josh ferguson,RB,FA,2026-09-06T23:42:28.788368+00:00
00-0032672,29715,3471,2570994,Aaron Green,aaron green,RB,BUF,2026-09-06T23:42:28.788368+00:00
00-0032902,29518,3532,2575553,Kenneth Farrow,kenneth farrow,RB,FA,2026-09-06T23:42:28.788368+00:00
00-0032806,29476,3397,2971062,Keith Marshall,keith marshall,RB,FA,2026-09-06T23:42:28.788368+00:00
00-0032472,29821,3564,2577245,Tre Madden,tre madden,RB,FA,2026-09-06T23:42:28.788368+00:00
00-0032951,29257,3155,3051889,Laquon Treadwell,laquon treadwell,WR,IND,2026-09-06T23:42:28.788368+00:00
00-0032966,29249,3177,2978929,Corey Coleman,corey coleman,WR,FA,2026-09-06T23:42:28.788368+00:00
00-0033127,29255,3157,3052876,Will Fuller,will fuller,WR,FA,2026-09-06T23:42:28.788368+00:00
00-0032760,29256,3178,2576019,Josh Doctson,josh doctson,WR,FA,2026-09-06T23:42:28.788368+00:00
00-0032659,29855,3519,3125745,Roger Lewis,roger lewis,WR,FA,2026-09-06T23:42:28.788368+00:00
00-0033009,29288,3225,3045144,Tyler Boyd,tyler boyd,WR,FA,2026-09-06T23:42:28.788368+00:00
00-0033069,29319,3203,2570987,Braxton Miller,braxton miller,WR,FA,2026-09-06T23:42:28.788368+00:00
00-0032765,29281,3199,2976316,Michael Thomas,michael thomas,WR,FA,2026-09-06T23:42:28.788368+00:00
00-0032694,29791,3492,3051400,Jalin Marshall,jalin marshall,WR,FA,2026-09-06T23:42:28.788368+00:00
00-0032453,29477,3398,2978201,Kenny Lawler,kenny lawler,WR,FA,2026-09-06T23:42:28.788368+00:00
00-0033060,29320,3253,2982804,Leonte Carroo,leonte carroo,WR,FA,2026-09-06T23:42:28.788368+00:00
00-0032977,29406,3328,3042910,Rashard Higgins,rashard higgins,WR,FA,2026-09-06T23:42:28.788368+00:00
00-0032778,29374,3297,2982828,Tajae Sharpe,tajae sharpe,WR,FA,2026-09-06T23:42:28.788368+00:00
00-0032385,29274,3200,2976592,Sterling Shepard,sterling shepard,WR,FA,2026-09-06T23:42:28.788368+00:00
00-0032559,29780,3520,2577051,Jay Lee,jay lee,WR,FA,2026-09-06T23:42:28.788368+00:00
00-0033111,29351,3278,3048897,Pharoh Cooper,pharoh cooper,WR,FA,2026-09-06T23:42:28.788368+00:00
00-0032482,29616,3620,2971271,Bralon Addison,bralon addison,RB,FA,2026-09-06T23:42:28.788368+00:00
00-0032441,29447,3368,2979533,Aaron Burbridge,aaron burbridge,WR,FA,2026-09-06T23:42:28.788368+00:00
00-0032974,29388,3310,2971588,Jordan Payton,jordan payton,WR,FA,2026-09-06T23:42:28.788368+00:00
00-0033061,29465,3386,3047558,Thomas Duarte,thomas duarte,TE,FA,2026-09-06T23:42:28.788368+00:00
00-0032626,29719,3503,3115913,Geronimo Allison,geronimo allison,WR,FA,2026-09-06T23:42:28.788368+00:00
00-0032702,29888,3486,2980137,Chris Brown,chris brown,WR,FA,2026-09-06T23:42:28.788368+00:00
00-0032400,29346,3273,2578553,Malcolm Mitchell,malcolm mitchell,WR,FA,2026-09-06T23:42:28.788368+00:00
00-0032365,29463,3384,3040026,Demarcus Ayers,demarcus ayers,WR,FA,2026-09-06T23:42:28.788368+00:00
00-0032957,29426,3348,2971544,Kolby Listenbee,kolby listenbee,WR,FA,2026-09-06T23:42:28.788368+00:00
00-0032801,29464,3385,2973052,Daniel Braverman,daniel braverman,WR,FA,2026-09-06T23:42:28.788368+00:00
00-0032959,29475,3396,2576498,Charone Peake,charone peake,WR,FA,2026-09-06T23:42:28.788368+00:00
00-0032716,29764,3500,2577123,Devon Cajuste,devon cajuste,TE,FA,2026-09-06T23:42:28.788368+00:00
00-0033114,29440,3652,3123986,Mike Thomas,mike thomas,WR,FA,2026-09-06T23:42:28.788368+00:00
00-0033090,29269,3214,3046439,Hunter Henry,hunter henry,TE,NEP,2026-09-06T23:42:28.788368+00:00
00-0032392,29315,3202,3043275,Austin Hooper,austin hooper,TE,ATL,2026-09-06T23:42:28.788368+00:00
00-0033110,29344,3271,2573401,Tyler Higbee,tyler higbee,TE,LAR,2026-09-06T23:42:28.788368+00:00
00-0032583,29879,3561,2981998,Bryce Williams,bryce williams,TE,FA,2026-09-06T23:42:28.788368+00:00
00-0032394,29328,3258,2576399,Nick Vannett,nick vannett,TE,BAL,2026-09-06T23:42:28.788368+00:00
00-0032429,29418,3340,2978727,Jerell Adams,jerell adams,TE,FA,2026-09-06T23:42:28.788368+00:00
00-0032997,29504,3514,2512657,Jake McGee,jake mcgee,TE,FA,2026-09-06T23:42:28.788368+00:00
00-0032606,29537,3481,2582138,Kyle Carter,kyle carter,TE,FA,2026-09-06T23:42:28.788368+00:00
00-0032582,29877,3504,2577793,Steven Scheu,steven scheu,TE,DEN,2026-09-06T23:42:28.788368+00:00
00-0032599,29654,3668,2578377,Joshua Perkins,joshua perkins,TE,FA,2026-09-06T23:42:28.788368+00:00
00-0033156,29237,3156,3051389,Joey Bosa,joey bosa,DE,FA,2026-09-06T23:42:28.788368+00:00
00-0033096,29253,3182,2977679,Shaq Lawson,shaq lawson,DE,BUF,2026-09-06T23:42:28.788368+00:00
00-0032378,29241,3172,2971282,DeForest Buckner,deforest buckner,DT,IND,2026-09-06T23:42:28.788368+00:00
00-0033074,29267,3196,2977682,Kevin Dodd,kevin dodd,LB,TEN,2026-09-06T23:42:28.788368+00:00
00-0032952,29273,3195,2976313,Noah Spence,noah spence,DE,FA,2026-09-06T23:42:28.788368+00:00
00-0033073,29266,3197,2977740,Emmanuel Ogbah,emmanuel ogbah,DE,KCC,2026-09-06T23:42:28.788368+00:00
00-0033122,29309,3244,2576257,Shilique Calhoun,shilique calhoun,DE,FA,2026-09-06T23:42:28.788368+00:00
00-0032718,29766,3494,2517397,Jason Fanaika,jason fanaika,DE,FA,2026-09-06T23:42:28.788368+00:00
00-0032435,29436,3358,2582150,Anthony Zettel,anthony zettel,DE,FA,2026-09-06T23:42:28.788368+00:00
00-0032761,29263,3180,3051886,Robert Nkemdiche,robert nkemdiche,DT,FA,2026-09-06T23:42:28.788368+00:00
00-0032889,29280,3218,3054857,A'Shawn Robinson,ashawn robinson,DT,TBB,2026-09-06T23:42:28.788368+00:00
00-0032387,29289,3220,3115312,Jarran Reed,jarran reed,DT,SEA,2026-09-06T23:42:28.788368+00:00
00-0033066,29356,3207,3051775,Andrew Billings,andrew billings,DT,ARI,2026-09-06T23:42:28.788368+00:00
00-0032763,29277,3560,2979591,Austin Johnson,austin johnson,DT,JAC,2026-09-06T23:42:28.788368+00:00
00-0033052,29268,3167,3052896,Jaylon Smith,jaylon smith,LB,FA,2026-09-06T23:42:28.788368+00:00
00-0032968,29270,3166,3047566,Myles Jack,myles jack,LB,FA,2026-09-06T23:42:28.788368+00:00
00-0033058,29275,3176,2979855,Reggie Ragland,reggie ragland,LB,CLE,2026-09-06T23:42:28.788368+00:00
00-0032979,29484,3405,3056472,Scooby Wright,scooby wright,LB,FA,2026-09-06T23:42:28.788368+00:00
00-0033147,29254,3190,3051398,Darron Lee,darron lee,LB,FA,2026-09-06T23:42:28.788368+00:00
00-0032970,29317,3251,2977647,Jordan Jenkins,jordan jenkins,DE,FA,2026-09-06T23:42:28.788368+00:00
00-0032894,29336,3264,2976306,Joshua Perry,joshua perry,LB,FA,2026-09-06T23:42:28.788368+00:00
00-0032983,29662,3530,3052651,Dominique Alexander,dominique alexander,LB,FA,2026-09-06T23:42:28.788368+00:00
00-0032422,29394,3316,2577354,Kentrell Brothers,kentrell brothers,LB,FA,2026-09-06T23:42:28.788368+00:00
00-0033055,29239,3160,3045373,Jalen Ramsey,jalen ramsey,CB,PIT,2026-09-06T23:42:28.788368+00:00
00-0032758,29245,3194,3054955,Vernon Hargreaves,vernon hargreaves,CB,FA,2026-09-06T23:42:28.788368+00:00
00-0032389,29287,3224,3045120,Mackensie Alexander,mackensie alexander,CB,FA,2026-09-06T23:42:28.788368+00:00
00-0033084,29318,3252,3045465,Kendall Fuller,kendall fuller,CB,DET,2026-09-06T23:42:28.788368+00:00
00-0032379,29244,3189,3040506,Eli Apple,eli apple,CB,FA,2026-09-06T23:42:28.788368+00:00
00-0032803,29467,3388,2976540,Jalen Mills,jalen mills,S,DET,2026-09-06T23:42:28.788368+00:00
00-0032888,29248,3191,2976639,Karl Joseph,karl joseph,S,FA,2026-09-06T23:42:28.788368+00:00
00-0032939,29295,3230,3051388,Vonn Bell,vonn bell,S,FA,2026-09-06T23:42:28.788368+00:00
00-0033083,29305,3240,2573317,Darian Thompson,darian thompson,S,FA,2026-09-06T23:42:28.788368+00:00
00-0032454,29478,3399,3045130,Jayron Kearse,jayron kearse,S,FA,2026-09-06T23:42:28.788368+00:00
00-0033102,29293,3201,2978887,Roberto Aguayo,roberto aguayo,PK,FA,2026-09-06T23:42:28.788368+00:00
00-0032995,29502,3475,2575381,Keyarris Garrett,keyarris garrett,WR,FA,2026-09-06T23:42:28.788368+00:00
00-0033072,29243,3174,3043136,Leonard Floyd,leonard floyd,DE,ATL,2026-09-06T23:42:28.788368+00:00
00-0032759,29246,3188,2970204,Sheldon Rankins,sheldon rankins,DT,HOU,2026-09-06T23:42:28.788368+00:00
00-0032382,29251,3181,3054962,Keanu Neal,keanu neal,S,FA,2026-09-06T23:42:28.788368+00:00
00-0033107,29258,3184,3061106,William Jackson,william jackson,CB,FA,2026-09-06T23:42:28.788368+00:00
00-0033103,29259,3192,3051921,Artie Burns,artie burns,CB,MIA,2026-09-06T23:42:28.788368+00:00
00-0033120,29261,3186,3122752,Kenny Clark,kenny clark,DT,DAL,2026-09-06T23:42:28.788368+00:00
00-0032967,29264,3183,2971883,Vernon Butler,vernon butler,DT,FA,2026-09-06T23:42:28.788368+00:00
00-0032762,29271,3558,3044859,Chris Jones,chris jones,DT,KCC,2026-09-06T23:42:28.788368+00:00
00-0033050,29272,3215,2978935,Xavien Howard,xavien howard,CB,FA,2026-09-06T23:42:28.788368+00:00
00-0032386,29276,3216,3042874,Kamalei Correa,kamalei correa,LB,FA,2026-09-06T23:42:28.788368+00:00
00-0033046,29278,3217,3115914,Jihad Ward,jihad ward,DT,TEN,2026-09-06T23:42:28.788368+00:00
00-0032388,29285,3222,2976545,Deion Jones,deion jones,LB,FA,2026-09-06T23:42:28.788368+00:00
00-0032767,29286,3223,3043215,Su'a Cravens,sua cravens,S,FA,2026-09-06T23:42:28.788368+00:00
00-0033059,29291,3227,3045128,T.J. Green,tj green,S,FA,2026-09-06T23:42:28.788368+00:00
00-0033053,29292,3228,2976210,Sean Davis,sean davis,S,FA,2026-09-06T23:42:28.788368+00:00
00-0032390,29294,3229,2979849,Cyrus Jones,cyrus jones,CB,FA,2026-09-06T23:42:28.788368+00:00
00-0032890,29296,3231,2572841,James Bradberry,james bradberry,S,FA,2026-09-06T23:42:28.788368+00:00
00-0033064,29297,3232,2971498,Adam Gotsis,adam gotsis,DT,TBB,2026-09-06T23:42:28.788368+00:00
00-0033132,29298,3233,2574056,Kevin Byard,kevin byard,S,NEP,2026-09-06T23:42:28.788368+00:00
00-0033129,29299,3234,2614825,Carl Nassib,carl nassib,DE,FA,2026-09-06T23:42:28.788368+00:00
00-0033131,29301,3236,3040471,Maliek Collins,maliek collins,DT,CLE,2026-09-06T23:42:28.788368+00:00
00-0033124,29302,3237,2971364,Will Redmond,will redmond,S,FA,2026-09-06T23:42:28.788368+00:00
00-0033123,29303,3238,3053044,Yannick Ngakoue,yannick ngakoue,DE,FA,2026-09-06T23:42:28.788368+00:00
00-0033117,29304,3239,2980444,Bronson Kaufusi,bronson kaufusi,LB,FA,2026-09-06T23:42:28.788368+00:00
00-0033093,29306,3241,2980097,Jonathan Bullard,jonathan bullard,DT,DAL,2026-09-06T23:42:28.788368+00:00
00-0033091,29308,3243,2980150,KeiVarae Russell,keivarae russell,CB,NOS,2026-09-06T23:42:28.788368+00:00
00-0032891,29311,3246,3042436,Daryl Worley,daryl worley,S,WAS,2026-09-06T23:42:28.788368+00:00
00-0033037,29314,3249,2976317,Adolphus Washington,adolphus washington,DT,FA,2026-09-06T23:42:28.788368+00:00
00-0032892,29321,3254,2971816,Nick Vigil,nick vigil,LB,FA,2026-09-06T23:42:28.788368+00:00
00-0032955,29322,3255,2574229,Kyler Fackrell,kyler fackrell,LB,FA,2026-09-06T23:42:28.788368+00:00
00-0033109,29323,3256,2983055,Javon Hargrave,javon hargrave,DT,GBP,2026-09-06T23:42:28.788368+00:00
00-0032769,27103,1696,2972286,Brandon Williams,brandon williams,CB,FA,2026-09-06T23:42:28.788368+00:00
00-0032396,29330,3260,2974333,Vincent Valentine,vincent valentine,DT,FA,2026-09-06T23:42:28.788368+00:00
00-0032971,29332,3262,2969860,Justin Simmons,justin simmons,S,FA,2026-09-06T23:42:28.788368+00:00
00-0033125,29333,3206,2977819,Joe Schobert,joe schobert,LB,FA,2026-09-06T23:42:28.788368+00:00
00-0033075,29335,3263,2976623,Charles Tapper,charles tapper,DE,NYJ,2026-09-06T23:42:28.788368+00:00
00-0032770,29338,3266,2976244,Tavon Young,tavon young,CB,FA,2026-09-06T23:42:28.788368+00:00
00-0033010,29337,3265,2976194,Sheldon Day,sheldon day,DT,WAS,2026-09-06T23:42:28.788368+00:00
00-0033038,29340,3268,2970716,Eric Murray,eric murray,S,JAC,2026-09-06T23:42:28.788368+00:00
00-0032398,29341,3269,2576581,Chris Moore,chris moore,WR,FA,2026-09-06T23:42:28.788368+00:00
00-0033121,29343,3270,2576489,B.J. Goodson,bj goodson,LB,FA,2026-09-06T23:42:28.788368+00:00
00-0032772,29342,5547,2574666,Ryan Smith,ryan smith,CB,FA,2026-09-06T23:42:28.788368+00:00
00-0032399,29345,3272,2575164,Miles Killebrew,miles killebrew,S,TBB,2026-09-06T23:42:28.788368+00:00
00-0033079,29348,3275,2971023,Ricardo Louis,ricardo louis,WR,MIA,2026-09-06T23:42:28.788368+00:00
00-0032773,29347,3274,2581818,Nick Kwiatkoski,nick kwiatkoski,LB,FA,2026-09-06T23:42:28.788368+00:00
00-0032401,29349,3276,3040180,De'Vondre Campbell,devondre campbell,LB,FA,2026-09-06T23:42:28.788368+00:00
00-0032402,29350,3277,2971725,Hassan Ridgeway,hassan ridgeway,DT,FA,2026-09-06T23:42:28.788368+00:00
00-0032403,29352,3279,2577740,Juston Burris,juston burris,S,FA,2026-09-06T23:42:28.788368+00:00
00-0033051,29354,3281,4002046,David Onyemata,david onyemata,DT,NYJ,2026-09-06T23:42:28.788368+00:00
00-0032774,29358,3284,2969944,Deon Bush,deon bush,S,KCC,2026-09-06T23:42:28.788368+00:00
00-0032406,29359,3285,2971051,Antonio Morrison,antonio morrison,LB,FA,2026-09-06T23:42:28.788368+00:00
00-0032775,29360,3286,3043116,Demarcus Robinson,demarcus robinson,WR,SFO,2026-09-06T23:42:28.788368+00:00
00-0032776,29361,3287,2986767,Deiondre' Hall,deiondre hall,CB,FA,2026-09-06T23:42:28.788368+00:00
00-0033076,29363,3289,2971550,Derrick Kindred,derrick kindred,S,FA,2026-09-06T23:42:28.788368+00:00
00-0032408,29365,3291,2978273,Blake Martinez,blake martinez,LB,FA,2026-09-06T23:42:28.788368+00:00
00-0032409,29366,3292,2977625,Willie Henry,willie henry,DE,SFO,2026-09-06T23:42:28.788368+00:00
00-0032410,29367,3293,3042718,Rashard Robinson,rashard robinson,CB,FA,2026-09-06T23:42:28.788368+00:00
00-0032412,29371,3295,2974348,Dean Lowry,dean lowry,DT,PIT,2026-09-06T23:42:28.788368+00:00
00-0033080,29372,3296,2566659,Seth DeValve,seth devalve,TE,FA,2026-09-06T23:42:28.788368+00:00
00-0032973,29375,3298,2976596,Zack Sanchez,zack sanchez,CB,FA,2026-09-06T23:42:28.788368+00:00
00-0032413,29376,3299,2567711,Ronald Blair,ronald blair,DE,FA,2026-09-06T23:42:28.788368+00:00
00-0032415,29380,3303,3961466,Matt Judon,matthew judon,DE,BUF,2026-09-06T23:42:28.788368+00:00
00-0032416,29381,3304,2577078,Quinton Jefferson,quinton jefferson,DT,FA,2026-09-06T23:42:28.788368+00:00
00-0032781,29386,3308,2976263,Matt Ioannidis,matt ioannidis,DT,FA,2026-09-06T23:42:28.788368+00:00
00-0032421,29393,3315,2976629,K.J. Dillon,kj dillon,S,FA,2026-09-06T23:42:28.788368+00:00
00-0032783,29391,3313,2575171,LeShaun Sims,leshaun sims,CB,FA,2026-09-06T23:42:28.788368+00:00
00-0032423,29397,3319,2573343,Trevor Davis,trevor davis,WR,FA,2026-09-06T23:42:28.788368+00:00
00-0033040,29399,3321,3116406,Tyreek Hill,tyreek hill,WR,FA,2026-09-06T23:42:28.788368+00:00
00-0032424,29400,3322,2977670,D.J. Reader,dj reader,DT,NYG,2026-09-06T23:42:28.788368+00:00
00-0032786,29401,3323,3960454,Marqui Christian,marqui christian,S,FA,2026-09-06T23:42:28.788368+00:00
00-0032425,29403,3325,2567868,Antwione Williams,antwione williams,LB,FA,2026-09-06T23:42:28.788368+00:00
00-0032895,29409,3331,2971929,Jatavis Brown,jatavis brown,LB,FA,2026-09-06T23:42:28.788368+00:00
00-0032956,29410,3332,2974317,Andy Janovich,andy janovich,RB,FA,2026-09-06T23:42:28.788368+00:00
00-0033112,29411,3333,2580330,Temarrick Hemingway,temarrick hemingway,TE,FA,2026-09-06T23:42:28.788368+00:00
00-0032896,29413,3335,2578698,Drew Kaser,drew kaser,PN,FA,2026-09-06T23:42:28.788368+00:00
00-0032341,29414,3336,4002672,Moritz Boehringer,moritz boehringer,WR,FA,2026-09-06T23:42:28.788368+00:00
00-0032788,29412,3334,2971478,D.J. White,dj white,CB,FA,2026-09-06T23:42:28.788368+00:00
00-0032428,29415,3337,2982949,Tyrone Holmes,tyrone holmes,LB,FA,2026-09-06T23:42:28.788368+00:00
00-0032789,29417,3339,3116368,Devante Bond,devante bond,LB,FA,2026-09-06T23:42:28.788368+00:00
00-0032790,29419,3341,2566034,DeAndre Houston-Carson,deandre houston-carson,S,FA,2026-09-06T23:42:28.788368+00:00
00-0032791,29420,3342,2577641,Jakeem Grant,jakeem grant,WR,FA,2026-09-06T23:42:28.788368+00:00
00-0032792,29421,3343,2979501,Nate Sudfeld,nate sudfeld,QB,FA,2026-09-06T23:42:28.788368+00:00
00-0032430,29422,3344,2582138,David Morgan,david morgan,TE,MIN,2026-09-06T23:42:28.788368+00:00
00-0033047,29423,3345,2977756,Anthony Brown,anthony brown,CB,FA,2026-09-06T23:42:28.788368+00:00
00-0033113,29424,3346,2576678,Josh Forrest,josh forrest,LB,FA,2026-09-06T23:42:28.788368+00:00
00-0032431,29425,3347,2582424,Jake Rudock,jake rudock,QB,FA,2026-09-06T23:42:28.788368+00:00
00-0033056,29428,3350,2575663,Cory James,cory james,LB,FA,2026-09-06T23:42:28.788368+00:00
00-0032793,29430,3352,2576229,Blake Countess,blake countess,S,FA,2026-09-06T23:42:28.788368+00:00
00-0032794,29431,3353,2974365,Dan Vitale,dan vitale,RB,FA,2026-09-06T23:42:28.788368+00:00
00-0032897,29432,3354,2576450,Derek Watt,derek watt,RB,FA,2026-09-06T23:42:28.788368+00:00
00-0032795,29433,3355,2980378,Cody Core,cody core,WR,MIA,2026-09-06T23:42:28.788368+00:00
00-0032796,29437,3359,3929954,Dadi Nicolas,dadi nicolas,LB,KCC,2026-09-06T23:42:28.788368+00:00
00-0032797,29438,3360,2979595,Jordan Lucas,jordan lucas,S,FA,2026-09-06T23:42:28.788368+00:00
00-0032798,29439,3361,2974631,Harlan Miller,harlan miller,S,FA,2026-09-06T23:42:28.788368+00:00
00-0032437,29442,3363,3050851,Kamu Grugier-Hill,kamu grugier-hill,LB,FA,2026-09-06T23:42:28.788368+00:00
00-0032438,29443,3364,2979655,Maurice Canady,maurice canady,CB,FA,2026-09-06T23:42:28.788368+00:00
00-0033048,29446,3367,2972505,Kavon Frazier,kavon frazier,S,FA,2026-09-06T23:42:28.788368+00:00
00-0032442,29448,3369,2987743,Elandon Roberts,elandon roberts,LB,FA,2026-09-06T23:42:28.788368+00:00
00-0033049,29450,3371,2980197,Darius Jackson,darius jackson,RB,FA,2026-09-06T23:42:28.788368+00:00
00-0033054,29451,3372,2990959,Rico Gathers,rico gathers,TE,FA,2026-09-06T23:42:28.788368+00:00
00-0032942,29452,3374,2971603,Kevon Seymour,kevon seymour,CB,FA,2026-09-06T23:42:28.788368+00:00
00-0032958,29453,3373,2971248,Will Parks,will parks,S,FA,2026-09-06T23:42:28.788368+00:00
00-0032444,29454,3375,2578367,Travis Feeney,travis feeney,LB,FA,2026-09-06T23:42:28.788368+00:00
00-0032799,29456,3377,2577203,Aaron Wallace,aaron wallace,LB,FA,2026-09-06T23:42:28.788368+00:00
00-0032446,29457,3378,2517676,Brandon Doughty,brandon doughty,QB,FA,2026-09-06T23:42:28.788368+00:00
00-0032447,29459,3380,2577190,Devin Lucien,devin lucien,WR,FA,2026-09-06T23:42:28.788368+00:00
00-0032800,29460,3381,2567970,Jonathan Woodard,jonathan woodard,DE,FA,2026-09-06T23:42:28.788368+00:00
00-0032448,29461,3382,2972362,Stephen Weatherly,stephen weatherly,DE,FA,2026-09-06T23:42:28.788368+00:00
00-0032943,29462,3383,2577619,Riley Dixon,riley dixon,PN,TBB,2026-09-06T23:42:28.788368+00:00
00-0032802,29466,3387,2969870,Steven Daniels,steven daniels,LB,FA,2026-09-06T23:42:28.788368+00:00
00-0032449,29469,3390,3061740,Lachlan Edwards,lachlan edwards,PN,FA,2026-09-06T23:42:28.788368+00:00
00-0032450,29470,3391,3002265,Dwayne Washington,dwayne washington,RB,FA,2026-09-06T23:42:28.788368+00:00
00-0032804,29471,3392,2576873,Daniel Lasco,daniel lasco,RB,FA,2026-09-06T23:42:28.788368+00:00
00-0032451,29472,3393,2971574,Devin Fuller,devin fuller,WR,ATL,2026-09-06T23:42:28.788368+00:00
00-0032452,29473,3394,2585785,Trevor Bates,trevor bates,LB,DET,2026-09-06T23:42:28.788368+00:00
00-0032805,29474,3395,2980111,Alex McCalister,alex mccalister,DE,PHI,2026-09-06T23:42:28.788368+00:00
00-0032807,29479,3400,3042455,Clayton Fejedelem,clayton fejedelem,S,FA,2026-09-06T23:42:28.788368+00:00
00-0032366,29480,3401,2976249,Tyler Matakevich,tyler matakevich,LB,FA,2026-09-06T23:42:28.788368+00:00
00-0032808,29481,3402,2977667,Zac Brooks,zac brooks,RB,FA,2026-09-06T23:42:28.788368+00:00
00-0032456,29483,3404,2994680,Prince Charles Iworah,prince charles iworah,CB,SFO,2026-09-06T23:42:28.788368+00:00
00-0032809,29485,3406,3043184,Joe Walker,joe walker,LB,FA,2026-09-06T23:42:28.788368+00:00
00-0032900,29486,3407,3039705,Beau Sandland,beau sandland,TE,FA,2026-09-06T23:42:28.788368+00:00
00-0032810,29487,3212,2972090,Kalan Reed,kalan reed,CB,SEA,2026-09-06T23:42:28.788368+00:00
00-0032940,29377,3300,2577654,DeAndre Washington,deandre washington,RB,FA,2026-09-06T23:42:28.788368+00:00
00-0032725,29789,3496,2576854,Stephen Anderson,stephen anderson,TE,FA,2026-09-06T23:42:28.788368+00:00
00-0032726,29792,3451,2971573,Ka'imi Fairbairn,kaimi fairbairn,PK,HOU,2026-09-06T23:42:28.788368+00:00
00-0032681,29733,3464,3044716,Marquez North,marquez north,WR,FA,2026-09-06T23:42:28.788368+00:00
00-0032817,29883,3516,2474890,Mitch Mathews,mitch mathews,WR,FA,2026-09-06T23:42:28.788368+00:00
00-0032679,29730,3470,2975817,Paul McRoberts,paul mcroberts,WR,FA,2026-09-06T23:42:28.788368+00:00
00-0032964,29680,3491,2971289,Byron Marshall,byron marshall,RB,FA,2026-09-06T23:42:28.788368+00:00
00-0032739,29819,3552,3933497,Wendall Williams,wendall williams,WR,FA,2026-09-06T23:42:28.788368+00:00
00-0032611,29542,3463,2974212,Jhurell Pressley,jhurell pressley,RB,FA,2026-09-06T23:42:28.788368+00:00
00-0032593,29661,3573,2577692,Brandon Wilds,brandon wilds,RB,FA,2026-09-06T23:42:28.788368+00:00
00-0032661,29913,3465,2969241,Ben Braunecker,ben braunecker,TE,FA,2026-09-06T23:42:28.788368+00:00
00-0032996,32114,3412,2979206,Devon Johnson,devon johnson,RB,FA,2026-09-06T23:42:28.788368+00:00
00-0032994,29501,3436,2576378,Jeremy Cash,jeremy cash,LB,ARI,2026-09-06T23:42:28.788368+00:00
00-0032577,29872,3488,2978124,D.J. Foster,dj foster,RB,FA,2026-09-06T23:42:28.788368+00:00
00-0032322,29216,3118,2470860,Dexter McCoil,dexter mccoil,S,FA,2026-09-06T23:42:28.788368+00:00
00-0032707,29893,3702,2982761,Andy Jones,andy jones,WR,FA,2026-09-06T23:42:28.788368+00:00
00-0032508,29587,3612,2567213,Hakeem Valles,hakeem valles,TE,FA,2026-09-06T23:42:28.788368+00:00
00-0032901,29516,3495,2576822,Mike Bercovici,mike bercovici,QB,FA,2026-09-06T23:42:28.788368+00:00
00-0032537,29496,3555,2979681,Canaan Severin,canaan severin,WR,FA,2026-09-06T23:42:28.788368+00:00
00-0032524,29512,3548,2574024,Jamal Robinson,jamal robinson,WR,FA,2026-09-06T23:42:28.788368+00:00
00-0032462,29812,3213,2575910,Trevone Boykin,trevone boykin,QB,FA,2026-09-06T23:42:28.788368+00:00
00-0032479,29833,3562,2976308,Tyvis Powell,tyvis powell,CB,SFO,2026-09-06T23:42:28.788368+00:00
00-0032963,29679,3447,2971719,Cayleb Jones,cayleb jones,WR,FA,2026-09-06T23:42:28.788368+00:00
00-0032685,29743,3484,2576952,Nelson Spruce,nelson spruce,WR,FA,2026-09-06T23:42:28.788368+00:00
00-0032347,29600,3497,2572850,Darion Griswold,darion griswold,TE,FA,2026-09-06T23:42:28.788368+00:00
00-0032839,29682,3517,3125354,Hunter Sharp,hunter sharp,WR,FA,2026-09-06T23:42:28.788368+00:00
00-0032371,29694,3657,2575408,Rob Kelley,rob kelley,RB,FA,2026-09-06T23:42:28.788368+00:00
00-0032518,29559,3473,3057899,Justin Zimmer,justin zimmer,DT,FA,2026-09-06T23:42:28.788368+00:00
00-0032728,29795,3730,2586703,Tevin Jones,tevin jones,WR,FA,2026-09-06T23:42:28.788368+00:00
00-0032523,29623,3485,3144999,Henry Krieger-Coble,henry krieger-coble,TE,FA,2026-09-06T23:42:28.788368+00:00
00-0032621,29836,3457,2579623,Rashawn Scott,rashawn scott,WR,FA,2026-09-06T23:42:28.788368+00:00
00-0032844,29930,3810,2972811,Brandon Burks,brandon burks,RB,FA,2026-09-06T23:42:28.788368+00:00
00-0032562,29783,3715,2982151,Cole Wick,cole wick,TE,NOS,2026-09-06T23:42:28.788368+00:00
00-0032937,29961,3840,2969896,Max McCaffrey,max mccaffrey,WR,FA,2026-09-06T23:42:28.788368+00:00
00-0032838,29681,3780,3016887,Cedric O'Neal,cedric oneal,RB,FA,2026-09-06T23:42:28.788368+00:00
00-0032525,29514,3550,2970661,Jarrod Wilson,jarrod wilson,S,FA,2026-09-06T23:42:28.788368+00:00
00-0032048,29085,2634,2512191,Mack Brown,mack brown,RB,FA,2026-09-06T23:42:28.788368+00:00
00-0033025,30000,3868,2972091,Jalen Richard,jalen richard,RB,FA,2026-09-06T23:42:28.788368+00:00
00-0032543,29703,3433,2977800,Alex Erickson,alex erickson,WR,FA,2026-09-06T23:42:28.788368+00:00
00-0031732,28848,2732,2517011,Connor Hamlett,connor hamlett,TE,FA,2026-09-06T23:42:28.788368+00:00
00-0032935,29958,3476,3056906,Johnny Holton,johnny holton,WR,FA,2026-09-06T23:42:28.788368+00:00
00-0032362,29638,3650,2576868,Maurice Harris,maurice harris,WR,FA,2026-09-06T23:42:28.788368+00:00
00-0032488,29618,3622,2977874,Mose Frazier,mose frazier,WR,FA,2026-09-06T23:42:28.788368+00:00
00-0032881,29854,3614,2574918,Tommylee Lewis,tommylee lewis,WR,FA,2026-09-06T23:42:28.788368+00:00
00-0032656,29868,3768,2978216,Darius Powe,darius powe,WR,FA,2026-09-06T23:42:28.788368+00:00
00-0032918,29951,3832,4012556,C.J. Ham,cj ham,RB,FA,2026-09-06T23:42:28.788368+00:00
00-0032929,29955,3836,2471470,James Cowser,james cowser,LB,OAK,2026-09-06T23:42:28.788368+00:00
00-0032630,29722,3717,3078660,Joe Callahan,joe callahan,QB,FA,2026-09-06T23:42:28.788368+00:00
00-0032708,,,,Deon King,deon king,LB,FA,2026-09-06T23:42:28.788368+00:00
00-0032841,29686,3783,2577286,Paul Turner,paul turner,WR,NOS,2026-09-06T23:42:28.788368+00:00
00-0032753,29588,3598,2566045,Luke Rhodes,luke rhodes,LB,IND,2026-09-06T23:42:28.788368+00:00
00-0033164,30061,3934,2983319,Troymaine Pope,troymaine pope,RB,FA,2026-09-06T23:42:28.788368+00:00
00-0032688,29785,3423,2574808,Robbie Chosen,robbie chosen,WR,WAS,2026-09-06T23:42:28.788368+00:00
00-0032946,29847,3424,2972273,De'Vante Harris,devante harris,CB,FA,2026-09-06T23:42:28.788368+00:00
00-0032553,29772,3710,3060950,Jace Billingsley,jace billingsley,WR,FA,2026-09-06T23:42:28.788368+00:00
00-0032915,29533,3505,2578446,Dom Williams,dom williams,WR,PHI,2026-09-06T23:42:28.788368+00:00
00-0032355,29609,3582,2983209,Chester Rogers,chester rogers,WR,FA,2026-09-06T23:42:28.788368+00:00
00-0032876,29865,3621,2972065,Jordan Williams,jordan williams,WR,NOS,2026-09-06T23:42:28.788368+00:00
00-0032596,29655,3669,2980115,Brian Poole,brian poole,CB,FA,2026-09-06T23:42:28.788368+00:00
00-0032358,29612,3583,2979507,Tevaun Smith,tevaun smith,WR,JAC,2026-09-06T23:42:28.788368+00:00
00-0032628,29720,3716,2971881,Kentrell Brice,kentrell brice,S,FA,2026-09-06T23:42:28.788368+00:00
00-0031755,29022,2784,2511832,Jameill Showers,jameill showers,S,DAL,2026-09-06T23:42:28.788368+00:00
00-0032614,29545,3456,2576446,Joel Stave,joel stave,QB,KCC,2026-09-06T23:42:28.788368+00:00
00-0032351,29605,3418,2980068,Mekale McKay,mekale mckay,WR,CIN,2026-09-06T23:42:28.788368+00:00
00-0031420,28307,2990,17495,Kasey Redfern,kasey redfern,PN,FA,2026-09-06T23:42:28.788368+00:00
00-0032484,29617,3623,2574163,Vontarrius Dora,vontarrius dora,DE,ARI,2026-09-06T23:42:28.788368+00:00
00-0032724,29775,3797,2978219,Bryce Treggs,bryce treggs,WR,FA,2026-09-06T23:42:28.788368+00:00
00-0032655,29867,3502,2980147,Romeo Okwara,romeo okwara,DE,FA,2026-09-06T23:42:28.788368+00:00
00-0032475,29825,3788,2577684,Tanner McEvoy,tanner mcevoy,WR,FA,2026-09-06T23:42:28.788368+00:00
00-0032727,29794,3446,2576267,Joel Heath,joel heath,DE,FA,2026-09-06T23:42:28.788368+00:00
00-0032674,29716,3745,2576660,Nicholas Grigsby,nicholas grigsby,LB,FA,2026-09-06T23:42:28.788368+00:00
00-0032574,29759,3681,2972144,Michael Pierce,michael pierce,DT,FA,2026-09-06T23:42:28.788368+00:00
00-0032369,29696,3659,2585962,Anthony Lanier,anthony lanier,DT,KCC,2026-09-06T23:42:28.788368+00:00
00-0032515,29508,3547,3125253,Braedon Bowman,braedon bowman,TE,FA,2026-09-06T23:42:28.788368+00:00
00-0031484,28365,3048,2531358,Chris Manhertz,chris manhertz,TE,NYG,2026-09-06T23:42:28.788368+00:00
00-0032569,29754,3678,2985659,Wil Lutz,wil lutz,PK,DEN,2026-09-06T23:42:28.788368+00:00
00-0032875,29842,3426,2979612,Ken Crawley,ken crawley,CB,FA,2026-09-06T23:42:28.788368+00:00
00-0032998,29505,3513,2575997,Jared Norris,jared norris,LB,WAS,2026-09-06T23:42:28.788368+00:00
00-0032859,29687,3784,2978355,Destiny Vaeao,destiny vaeao,DT,FA,2026-09-06T23:42:28.788368+00:00
00-0030871,28109,1830,17253,Garrison Smith,garrison smith,DT,FA,2026-09-06T23:42:28.788368+00:00
00-0032361,29603,3419,2577719,Curt Maggitt,curt maggitt,LB,FA,2026-09-06T23:42:28.788368+00:00
00-0032552,29771,3709,2971880,Adairius Barnes,adairius barnes,CB,FA,2026-09-06T23:42:28.788368+00:00
00-0032734,29807,3734,2576885,Brennan Scarlett,brennan scarlett,LB,FA,2026-09-06T23:42:28.788368+00:00
00-0032922,29952,3828,3053027,Marwin Evans,marwin evans,S,SEA,2026-09-06T23:42:28.788368+00:00
00-0031914,28694,3000,2579622,Olsen Pierre,olsen pierre,DT,FA,2026-09-06T23:42:28.788368+00:00
00-0032491,29546,3575,2978064,Bryson Albright,bryson albright,LB,FA,2026-09-06T23:42:28.788368+00:00
00-0031706,28808,2835,2970515,Paul Lasike,paul lasike,RB,FA,2026-09-06T23:42:28.788368+00:00
00-0032517,29507,3474,2970694,Briean Boddy-Calhoun,briean boddy-calhoun,CB,FA,2026-09-06T23:42:28.788368+00:00
00-0032750,29581,3597,3121601,DaVonte Lambert,davonte lambert,DT,TBB,2026-09-06T23:42:28.788368+00:00
00-0032465,29814,3478,2575655,DeAndre Elliott,deandre elliott,CB,SEA,2026-09-06T23:42:28.788368+00:00
00-0032933,29957,3838,3056354,Antonio Hamilton,antonio hamilton,CB,FA,2026-09-06T23:42:28.788368+00:00
00-0032502,,,,Lamar Louis,lamar louis,LB,FA,2026-09-06T23:42:28.788368+00:00
00-0031795,28982,2827,2576508,DeShawn Williams,deshawn williams,DT,FA,2026-09-06T23:42:28.788368+00:00
00-0032463,29630,3633,3134288,Kyle Peko,kyle peko,DT,DET,2026-09-06T23:42:28.788368+00:00
00-0032677,29718,3747,2978304,Cory Littleton,cory littleton,LB,FA,2026-09-06T23:42:28.788368+00:00
00-0032740,29805,3644,2576280,Lawrence Thomas,lawrence thomas,RB,NYJ,2026-09-06T23:42:28.788368+00:00
00-0030946,27862,1857,17068,Kerry Hyder,kerry hyder,DE,FA,2026-09-06T23:42:28.788368+00:00
00-0032580,29875,3415,2971027,Jonathan Jones,jonathan jones,CB,PHI,2026-09-06T23:42:28.788368+00:00
00-0032496,29574,3605,2579840,Matthias Farley,matthias farley,S,FA,2026-09-06T23:42:28.788368+00:00
00-0032745,29571,3595,2586700,Alan Cross,alan cross,TE,FA,2026-09-06T23:42:28.788368+00:00
00-0032635,29729,3721,2575523,Josh Hawkins,josh hawkins,CB,FA,2026-09-06T23:42:28.788368+00:00
00-0032637,29841,3764,2576599,Andrew Adams,andrew adams,S,FA,2026-09-06T23:42:28.788368+00:00
00-0032581,29876,3416,2982870,Cre'von LeBlanc,crevon leblanc,CB,FA,2026-09-06T23:42:28.788368+00:00
00-0032756,29593,3600,2984056,Channing Ward,channing ward,DT,TBB,2026-09-06T23:42:28.788368+00:00
00-0032643,29848,3766,2578305,Michael Hunter,michael hunter,CB,NYG,2026-09-06T23:42:28.788368+00:00
00-0032578,29873,3763,2577392,Woodrow Hamilton,woodrow hamilton,DT,FA,2026-09-06T23:42:28.788368+00:00
00-0032470,29818,3563,2982803,Steve Longa,steve longa,LB,DET,2026-09-06T23:42:28.788368+00:00
00-0032747,29575,3461,2971435,Russell Hansbrough,russell hansbrough,RB,FA,2026-09-06T23:42:28.788368+00:00
00-0032636,29731,3722,3042945,Don Jackson,don jackson,RB,FA,2026-09-06T23:42:28.788368+00:00
00-0032916,29534,3438,2979605,Trevor Williams,trevor williams,CB,FA,2026-09-06T23:42:28.788368+00:00
00-0032829,29902,3800,2576421,Frankie Williams,frankie williams,CB,IND,2026-09-06T23:42:28.788368+00:00
00-0032573,29758,3680,2576761,Patrick Onwuasor,patrick onwuasor,LB,FA,2026-09-06T23:42:28.788368+00:00
00-0033021,30002,3864,3057850,Jake Lampman,jake lampman,WR,FA,2026-09-06T23:42:28.788368+00:00
00-0032815,29905,3802,2986501,Chris Hubert,chris hubert,WR,ARI,2026-09-06T23:42:28.788368+00:00
00-0032905,29522,3537,2574558,Chris Landrum,chris landrum,LB,HOU,2026-09-06T23:42:28.788368+00:00
00-0032820,29885,3417,2576809,Terrance Smith,terrance smith,LB,ARI,2026-09-06T23:42:28.788368+00:00
00-0032349,29602,3584,2577081,Marcus Leak,marcus leak,WR,IND,2026-09-06T23:42:28.788368+00:00
00-0032617,29835,3761,2576665,Lafayette Pitts,lafayette pitts,CB,IND,2026-09-06T23:42:28.788368+00:00
00-0031876,28738,3008,2576240,Matt Wile,matt wile,PN,FA,2026-09-06T23:42:28.788368+00:00
00-0032540,29700,3688,2972283,Tra Carson,tra carson,RB,FA,2026-09-06T23:42:28.788368+00:00
00-0033087,30019,3889,2974198,Marquis Bundy,marquis bundy,WR,FA,2026-09-06T23:42:28.788368+00:00
00-0032464,29631,3634,2973405,Kalif Raymond,kalif raymond,WR,CHI,2026-09-06T23:42:28.788368+00:00
00-0032864,29944,3824,2577731,Alex Ellis,alex ellis,TE,PHI,2026-09-06T23:42:28.788368+00:00
00-0032676,29724,3487,3961462,Michael Jordan,michael jordan,CB,TEN,2026-09-06T23:42:28.788368+00:00
00-0032729,29797,3642,3051940,Ufomba Kamalu,ufomba kamalu,DT,BAL,2026-09-06T23:42:28.788368+00:00
00-0033024,29999,3867,2577642,Branden Jackson,branden jackson,DE,SEA,2026-09-06T23:42:28.788368+00:00
00-0032353,29607,3589,2576895,Chris Milton,chris milton,CB,FA,2026-09-06T23:42:28.788368+00:00
00-0032856,29684,3781,2573091,C.J. Smith,cj smith,CB,CLE,2026-09-06T23:42:28.788368+00:00
00-0032290,28715,2813,2512218,Trovon Reed,trovon reed,CB,FA,2026-09-06T23:42:28.788368+00:00
00-0032697,29798,3643,2567725,Doug Middleton,doug middleton,S,JAC,2026-09-06T23:42:28.788368+00:00
00-0033070,30014,3886,3116598,Javien Elliott,javien elliott,CB,FA,2026-09-06T23:42:28.788368+00:00
00-0032671,29714,3743,3059620,Morgan Fox,morgan fox,DT,BUF,2026-09-06T23:42:28.788368+00:00
00-0032860,29940,3428,2576467,Mehdi Abdesmad,mehdi abdesmad,DE,FA,2026-09-06T23:42:28.788368+00:00
00-0032592,29653,3667,2982866,Sharrod Neasman,sharrod neasman,S,FA,2026-09-06T23:42:28.788368+00:00
00-0032871,29950,3479,2577278,Antwaun Woods,antwaun woods,DT,FA,2026-09-06T23:42:28.788368+00:00
00-0032602,29650,3664,2572861,J.D. McKissic,jd mckissic,RB,FA,2026-09-06T23:42:28.788368+00:00
00-0032652,29749,3729,2969976,Herb Waters,herb waters,CB,GBP,2026-09-06T23:42:28.788368+00:00
00-0032813,29906,3803,2575965,Elijhaa Penny,elijhaa penny,RB,FA,2026-09-06T23:42:28.788368+00:00
00-0032870,29949,3827,3068939,Aldrick Rosas,aldrick rosas,PK,FA,2026-09-06T23:42:28.788368+00:00
00-0030197,27348,1774,16475,Deon Lacey,deon lacey,LB,FA,2026-09-06T23:42:28.788368+00:00
00-0032978,29407,3329,2972550,Trey Caldwell,trey caldwell,CB,FA,2026-09-06T23:42:28.788368+00:00
00-0032980,29678,3445,2971718,Marcus Johnson,marcus johnson,WR,FA,2026-09-06T23:42:28.788368+00:00
00-0032094,29111,2613,3895228,Tyrell Adams,tyrell adams,LB,FA,2026-09-06T23:42:28.788368+00:00
00-0032332,29227,3149,2474999,Aaron Grymes,aaron grymes,CB,FA,2026-09-06T23:42:28.788368+00:00
00-0033258,30523,4323,3052166,Darrell Daniels,darrell daniels,TE,FA,2026-09-06T23:42:28.788368+00:00
00-0032480,29636,3637,2576040,Eddie Yarbrough,eddie yarbrough,DE,FA,2026-09-06T23:42:28.788368+00:00
00-0032521,29510,3546,2980383,Mike Hilton,mike hilton,CB,IND,2026-09-06T23:42:28.788368+00:00
00-0031738,28870,2863,2574756,Justin Currie,justin currie,LB,SEA,2026-09-06T23:42:28.788368+00:00
00-0032658,29870,3440,2575214,Josh Woodrum,josh woodrum,QB,FA,2026-09-06T23:42:28.788368+00:00
00-0032653,29861,3515,2970712,K.J. Maye,kj maye,WR,FA,2026-09-06T23:42:28.788368+00:00
00-0032667,29920,3526,2574891,Roy Robertson-Harris,roy robertson-harris,DT,NYG,2026-09-06T23:42:28.788368+00:00
00-0032566,29751,3676,2982880,Trevon Coley,trevon coley,DE,TEN,2026-09-06T23:42:28.788368+00:00
00-0033001,29845,3427,2980380,Trae Elston,trae elston,S,FA,2026-09-06T23:42:28.788368+00:00
00-0032627,29822,3444,2970181,James Burgess,james burgess,LB,FA,2026-09-06T23:42:28.788368+00:00
00-0032560,29781,3714,2579163,Charles Washington,charles washington,S,FA,2026-09-06T23:42:28.788368+00:00
00-0032883,29856,3616,2578754,Mitchell Loewen,mitchell loewen,DE,NOS,2026-09-06T23:42:28.788368+00:00
00-0032730,29799,3731,2970397,Eric Lee,eric lee,DE,FA,2026-09-06T23:42:28.788368+00:00
00-0031636,28771,2859,2574009,Justin Hamilton,justin hamilton,DT,FA,2026-09-06T23:42:28.788368+00:00
00-0032934,29962,3841,2969422,Tony McRae,tony mcrae,CB,FA,2026-09-06T23:42:28.788368+00:00
00-0033094,30023,3895,2578369,Marvin Hall,marvin hall,WR,FA,2026-09-06T23:42:28.788368+00:00
00-0033006,29978,3852,2978308,Jaydon Mickens,jaydon mickens,WR,FA,2026-09-06T23:42:28.788368+00:00
00-0033266,30531,4330,2971830,JoJo Natson,jojo natson,WR,FA,2026-09-06T23:42:28.788368+00:00
00-0031512,28801,3016,2574557,Jermaine Whitehead,jermaine whitehead,S,FA,2026-09-06T23:42:28.788368+00:00
00-0033043,30008,3878,2576449,Austin Traylor,austin traylor,TE,FA,2026-09-06T23:42:28.788368+00:00
00-0033095,30024,3894,2987440,Garrett Griffin,garrett griffin,TE,FA,2026-09-06T23:42:28.788368+00:00
00-0032633,29727,3720,2576755,Reggie Gilbert,reggie gilbert,LB,FA,2026-09-06T23:42:28.788368+00:00
00-0032650,29857,3506,2577892,Ryan Malleck,ryan malleck,TE,HOU,2026-09-06T23:42:28.788368+00:00
00-0032926,29953,3834,2577664,K.J. Brent,kj brent,WR,FA,2026-09-06T23:42:28.788368+00:00
00-0031878,28959,2885,3053794,Robertson Daniel,robertson daniel,CB,BAL,2026-09-06T23:42:28.788368+00:00
00-0032986,29666,3695,2970262,J.P. Holtz,jp holtz,TE,FA,2026-09-06T23:42:28.788368+00:00
00-0032830,29933,3808,3916678,Rolan Milligan,rolan milligan,S,FA,2026-09-06T23:42:28.788368+00:00
00-0032835,29915,3805,3135726,Jon Brown,jon brown,PK,FA,2026-09-06T23:42:28.788368+00:00
00-0032660,29813,3785,2982857,Brandin Bryant,brandin bryant,DT,BUF,2026-09-06T23:42:28.788368+00:00
00-0032849,29925,3813,2578317,Tre Roberson,tre roberson,CB,FA,2026-09-06T23:42:28.788368+00:00
00-0032848,29924,3527,2977742,Kevin Peterson,kevin peterson,CB,FA,2026-09-06T23:42:28.788368+00:00
00-0032072,28642,2553,2577661,Rory Anderson,rory anderson,TE,FA,2026-09-06T23:42:28.788368+00:00
00-0031486,28373,2564,2447781,Duron Carter,duron carter,WR,FA,2026-09-06T23:42:28.788368+00:00
00-0031503,28389,2306,2969939,Jameis Winston,jameis winston,QB,NYG,2026-09-06T23:42:28.788368+00:00
00-0032268,28390,2307,2576980,Marcus Mariota,marcus mariota,QB,WAS,2026-09-06T23:42:28.788368+00:00
00-0031589,28535,2450,2577189,Brett Hundley,brett hundley,QB,FA,2026-09-06T23:42:28.788368+00:00
00-0033193,30082,3957,2515957,Blake Sims,blake sims,QB,FA,2026-09-06T23:42:28.788368+00:00
00-0031568,28491,2408,2466005,Bryce Petty,bryce petty,QB,FA,2026-09-06T23:42:28.788368+00:00
00-0032245,28477,2394,2517017,Sean Mannion,sean mannion,QB,FA,2026-09-06T23:42:28.788368+00:00
00-0032148,28463,2380,2575660,Garrett Grayson,garrett grayson,QB,FA,2026-09-06T23:42:28.788368+00:00
00-0032241,28398,2315,2977644,Todd Gurley,todd gurley,RB,FA,2026-09-06T23:42:28.788368+00:00
00-0032144,28403,2320,2576434,Melvin Gordon,melvin gordon,RB,FA,2026-09-06T23:42:28.788368+00:00
00-0032058,28461,2378,2979477,Tevin Coleman,tevin coleman,RB,FA,2026-09-06T23:42:28.788368+00:00
00-0032209,28424,2341,2976516,T.J. Yeldon,tj yeldon,RB,FA,2026-09-06T23:42:28.788368+00:00
00-0031590,28537,2452,2573300,Jay Ajayi,jay ajayi,RB,FA,2026-09-06T23:42:28.788368+00:00
00-0032104,28442,2359,2576336,Ameer Abdullah,ameer abdullah,RB,JAC,2026-09-06T23:42:28.788368+00:00
00-0031569,28494,2411,2515416,Jeremy Langford,jeremy langford,RB,FA,2026-09-06T23:42:28.788368+00:00
00-0032257,28465,2382,2969962,Duke Johnson,duke johnson,RB,FA,2026-09-06T23:42:28.788368+00:00
00-0032133,28526,2441,2576303,David Cobb,david cobb,RB,FA,2026-09-06T23:42:28.788368+00:00
00-0031577,28513,2430,2577253,Javorius Allen,javorius allen,RB,FA,2026-09-06T23:42:28.788368+00:00
00-0032152,28543,2458,2576817,Karlos Williams,karlos williams,RB,FA,2026-09-06T23:42:28.788368+00:00
00-0031599,28562,2477,3043097,Cameron Artis-Payne,cameron artis-payne,RB,FA,2026-09-06T23:42:28.788368+00:00
00-0031939,28483,2400,2980105,Matt Jones,matt jones,RB,FA,2026-09-06T23:42:28.788368+00:00
00-0031611,28593,2506,2577419,Josh Robinson,josh robinson,RB,FA,2026-09-06T23:42:28.788368+00:00
00-0032063,28514,2431,3025433,Mike Davis,mike davis,RB,FA,2026-09-06T23:42:28.788368+00:00
00-0031768,28953,2556,2577283,Terrence Magee,terrence magee,RB,FA,2026-09-06T23:42:28.788368+00:00
00-0031625,28623,2534,2577288,Kenny Hilliard,kenny hilliard,RB,HOU,2026-09-06T23:42:28.788368+00:00
00-0031897,28714,2585,2576237,Thomas Rawls,thomas rawls,RB,FA,2026-09-06T23:42:28.788368+00:00
00-0031743,28874,2731,2576408,Akeem Hunt,akeem hunt,RB,FA,2026-09-06T23:42:28.788368+00:00
00-0032187,28474,2391,2508176,David Johnson,david johnson,RB,FA,2026-09-06T23:42:28.788368+00:00
00-0032261,28420,2337,2971698,Malcom Brown,malcom brown,DT,FA,2026-09-06T23:42:28.788368+00:00
00-0031544,28392,2309,2976499,Amari Cooper,amari cooper,WR,FA,2026-09-06T23:42:28.788368+00:00
00-0031547,28402,2319,2576623,DeVante Parker,devante parker,WR,FA,2026-09-06T23:42:28.788368+00:00
00-0031545,28395,2312,3042435,Kevin White,kevin white,WR,FA,2026-09-06T23:42:28.788368+00:00
00-0032166,28475,2392,2574549,Sammie Coates,sammie coates,WR,FA,2026-09-06T23:42:28.788368+00:00
00-0031560,28458,2375,3043263,Jaelen Strong,jaelen strong,WR,FA,2026-09-06T23:42:28.788368+00:00
00-0032218,28428,2345,2971433,Dorial Green-Beckham,dorial green-beckham,WR,FA,2026-09-06T23:42:28.788368+00:00
00-0031549,28408,2325,2971618,Nelson Agholor,nelson agholor,WR,FA,2026-09-06T23:42:28.788368+00:00
00-0031934,28425,2342,2576395,Devin Smith,devin smith,WR,FA,2026-09-06T23:42:28.788368+00:00
00-0032170,900026,2442,2576785,Rashad Greene,rashad greene,WR,FA,2026-09-06T23:42:28.788368+00:00
00-0031941,28493,2410,2576716,Jamison Crowder,jamison crowder,WR,FA,2026-09-06T23:42:28.788368+00:00
00-0031570,28495,2412,2518678,Justin Hardy,justin hardy,WR,FA,2026-09-06T23:42:28.788368+00:00
00-0031588,28534,2449,2976212,Stefon Diggs,stefon diggs,WR,WAS,2026-09-06T23:42:28.788368+00:00
00-0032211,28457,2374,2577327,Tyler Lockett,tyler lockett,WR,FA,2026-09-06T23:42:28.788368+00:00
00-0032208,28417,2334,2579604,Phillip Dorsett,phillip dorsett,WR,FA,2026-09-06T23:42:28.788368+00:00
00-0031594,28544,2459,2515418,Tony Lippett,tony lippett,CB,FA,2026-09-06T23:42:28.788368+00:00
00-0031504,28793,2587,2514542,Dres Anderson,dres anderson,WR,FA,2026-09-06T23:42:28.788368+00:00
00-0032080,28678,2580,2574420,Titus Davis,titus davis,WR,FA,2026-09-06T23:42:28.788368+00:00
00-0031747,29014,2593,2512996,Antwan Goodley,antwan goodley,WR,FA,2026-09-06T23:42:28.788368+00:00
00-0032113,28550,2465,2514150,Kenny Bell,kenny bell,WR,FA,2026-09-06T23:42:28.788368+00:00
00-0032188,28511,2428,3052066,Vince Mayle,vince mayle,TE,FA,2026-09-06T23:42:28.788368+00:00
00-0032054,28414,2331,2972460,Breshad Perriman,breshad perriman,WR,FA,2026-09-06T23:42:28.788368+00:00
00-0032101,28710,2584,2516901,Austin Hill,austin hill,WR,FA,2026-09-06T23:42:28.788368+00:00
00-0031854,28985,2721,2978196,Chris Harper,chris harper,WR,FA,2026-09-06T23:42:28.788368+00:00
00-0032064,28520,2436,3055912,DeAndre Smelter,deandre smelter,WR,FA,2026-09-06T23:42:28.788368+00:00
00-0032055,28429,2346,2977609,Devin Funchess,devin funchess,TE,FA,2026-09-06T23:42:28.788368+00:00
00-0031558,28443,2360,2970726,Maxx Williams,maxx williams,TE,FA,2026-09-06T23:42:28.788368+00:00
00-0032117,28582,2495,2576804,Nick O'Leary,nick oleary,TE,LVR,2026-09-06T23:42:28.788368+00:00
00-0032227,28480,2397,2576389,Jeff Heuerman,jeff heuerman,TE,FA,2026-09-06T23:42:28.788368+00:00
00-0032139,28617,2528,2579846,Ben Koyack,ben koyack,TE,FA,2026-09-06T23:42:28.788368+00:00
00-0032256,28456,2373,2512593,Clive Walford,clive walford,TE,FA,2026-09-06T23:42:28.788368+00:00
00-0032135,28548,2463,2979590,Jesse James,jesse james,TE,FA,2026-09-06T23:42:28.788368+00:00
00-0032214,28473,2390,2582410,Tyler Kroft,tyler kroft,TE,FA,2026-09-06T23:42:28.788368+00:00
00-0032062,28505,2422,2514206,Blake Bell,blake bell,TE,FA,2026-09-06T23:42:28.788368+00:00
00-0031968,29034,2559,3039924,E.J. Bibbs,ej bibbs,TE,FA,2026-09-06T23:42:28.788368+00:00
00-0032197,28448,2365,3040479,Randy Gregory,randy gregory,DE,FA,2026-09-06T23:42:28.788368+00:00
00-0032221,28411,2328,2577371,Shane Ray,shane ray,LB,FA,2026-09-06T23:42:28.788368+00:00
00-0032052,28391,2308,2980100,Dante Fowler,dante fowler,DE,SEA,2026-09-06T23:42:28.788368+00:00
00-0032164,28405,2322,2971275,Arik Armstead,arik armstead,DT,JAC,2026-09-06T23:42:28.788368+00:00
00-0032265,28423,2340,2969921,Mario Edwards,mario edwards,DT,HOU,2026-09-06T23:42:28.788368+00:00
00-0032060,28467,2384,2979652,Eli Harold,eli harold,DE,FA,2026-09-06T23:42:28.788368+00:00
00-0031565,28476,2393,2976560,Danielle Hunter,danielle hunter,DE,HOU,2026-09-06T23:42:28.788368+00:00
00-0031566,28489,2406,2574519,Trey Flowers,trey flowers,DE,FA,2026-09-06T23:42:28.788368+00:00
00-0031556,28439,2356,3052511,Nate Orchard,nate orchard,DE,FA,2026-09-06T23:42:28.788368+00:00
00-0031640,28775,2606,2577574,Cedric Reed,cedric reed,DE,BUF,2026-09-06T23:42:28.788368+00:00
00-0031933,28394,2311,2971622,Leonard Williams,leonard williams,DT,SEA,2026-09-06T23:42:28.788368+00:00
00-0032143,28400,2317,2578384,Danny Shelton,danny shelton,DT,FA,2026-09-06T23:42:28.788368+00:00
00-0031938,28478,2395,2511690,Carl Davis,carl davis,DT,WAS,2026-09-06T23:42:28.788368+00:00
00-0032154,28568,2482,2576371,Michael Bennett,michael bennett,DT,ATL,2026-09-06T23:42:28.788368+00:00
00-0031557,28440,2357,2577466,Jordan Phillips,jordan phillips,DT,BUF,2026-09-06T23:42:28.788368+00:00
00-0032240,28396,2313,2512400,Vic Beasley,vic beasley,LB,FA,2026-09-06T23:42:28.788368+00:00
00-0031550,28413,2330,2978313,Shaq Thompson,shaq thompson,LB,BUF,2026-09-06T23:42:28.788368+00:00
00-0031578,28517,2434,2515337,Jake Ryan,jake ryan,LB,FA,2026-09-06T23:42:28.788368+00:00
00-0032109,28512,2429,2976541,Kwon Alexander,kwon alexander,LB,FA,2026-09-06T23:42:28.788368+00:00
00-0032146,28410,2327,2576702,Bud Dupree,bud dupree,DE,LAC,2026-09-06T23:42:28.788368+00:00
00-0031931,28902,2563,2517002,Tony Washington,tony washington,LB,FA,2026-09-06T23:42:28.788368+00:00
00-0032167,28487,2404,2971555,Paul Dawson,paul dawson,LB,FA,2026-09-06T23:42:28.788368+00:00
00-0031943,28506,2423,2578565,Ramik Wilson,ramik wilson,LB,FA,2026-09-06T23:42:28.788368+00:00
00-0032103,28436,2353,2579621,Denzel Perryman,denzel perryman,LB,LAC,2026-09-06T23:42:28.788368+00:00
00-0031554,28433,2350,2510863,Eric Kendricks,eric kendricks,LB,SFO,2026-09-06T23:42:28.788368+00:00
00-0031723,28912,2571,2512509,Jeff Luc,jeff luc,LB,NYJ,2026-09-06T23:42:28.788368+00:00
00-0032102,28419,2336,2576482,Stephone Anthony,stephone anthony,LB,FA,2026-09-06T23:42:28.788368+00:00
00-0032248,28612,2523,2512999,Bryce Hager,bryce hager,LB,FA,2026-09-06T23:42:28.788368+00:00
00-0032165,28406,2323,2578378,Marcus Peters,marcus peters,CB,FA,2026-09-06T23:42:28.788368+00:00
00-0032059,28466,2383,2977661,P.J. Williams,pj williams,CB,FA,2026-09-06T23:42:28.788368+00:00
00-0031552,28430,2347,2577292,Jalen Collins,jalen collins,CB,FA,2026-09-06T23:42:28.788368+00:00
00-0031546,28399,2316,2576283,Trae Waynes,trae waynes,CB,FA,2026-09-06T23:42:28.788368+00:00
00-0031548,28404,2321,2511523,Kevin Johnson,kevin johnson,CB,FA,2026-09-06T23:42:28.788368+00:00
00-0032262,28421,2338,2979841,Landon Collins,landon collins,LB,FA,2026-09-06T23:42:28.788368+00:00
00-0031919,28889,2696,2515405,Kurtis Drummond,kurtis drummond,S,HOU,2026-09-06T23:42:28.788368+00:00
00-0031799,28838,2719,2577814,Anthony Harris,anthony harris,S,FA,2026-09-06T23:42:28.788368+00:00
00-0032069,28585,2498,2517248,Derron Smith,derron smith,S,FA,2026-09-06T23:42:28.788368+00:00
00-0032219,28627,2538,2970179,Gerod Holliman,gerod holliman,S,TBB,2026-09-06T23:42:28.788368+00:00
00-0031493,28379,2786,3423412,Jarryd Hayne,jarryd hayne,RB,FA,2026-09-06T23:42:28.788368+00:00
00-0032128,28464,2381,2578533,Chris Conley,chris conley,WR,FA,2026-09-06T23:42:28.788368+00:00
00-0032123,28633,2544,2566041,Tre McBride,tre mcbride,WR,FA,2026-09-06T23:42:28.788368+00:00
00-0032200,28482,2399,2577134,Ty Montgomery,ty montgomery,RB,FA,2026-09-06T23:42:28.788368+00:00
00-0031610,28592,2505,2576925,Darren Waller,darren waller,TE,CAR,2026-09-06T23:42:28.788368+00:00
00-0031665,28887,2560,2521161,Zach Zenner,zach zenner,RB,FA,2026-09-06T23:42:28.788368+00:00
00-0031502,28388,2975,2472364,Jordan Berry,jordan berry,PN,FA,2026-09-06T23:42:28.788368+00:00
00-0032239,28415,2332,2513035,Byron Jones,byron jones,CB,FA,2026-09-06T23:42:28.788368+00:00
00-0032251,28418,2335,3043258,Damarious Randall,damarious randall,S,FA,2026-09-06T23:42:28.788368+00:00
00-0031935,28426,2343,2577446,Preston Smith,preston smith,DE,WAS,2026-09-06T23:42:28.788368+00:00
00-0031551,28427,2344,2969924,Eddie Goldman,eddie goldman,DT,WAS,2026-09-06T23:42:28.788368+00:00
00-0031553,28431,2348,2577429,Benardrick McKinney,benardrick mckinney,LB,FA,2026-09-06T23:42:28.788368+00:00
00-0032056,28432,2349,2509488,Hau'oli Kikaha,hauoli kikaha,DE,FA,2026-09-06T23:42:28.788368+00:00
00-0032057,28434,2351,2509844,Jaquiski Tartt,jaquiski tartt,S,FA,2026-09-06T23:42:28.788368+00:00
00-0031555,28435,2352,2576002,Eric Rowe,eric rowe,S,FA,2026-09-06T23:42:28.788368+00:00
00-0032195,28438,2355,2969920,Ronald Darby,ronald darby,CB,FA,2026-09-06T23:42:28.788368+00:00
00-0032105,28444,2361,2577390,Senquez Golson,senquez golson,CB,FA,2026-09-06T23:42:28.788368+00:00
00-0032127,28446,2363,2971432,Markus Golden,markus golden,DE,FA,2026-09-06T23:42:28.788368+00:00
00-0031937,28450,2367,3125961,Quinten Rollins,quinten rollins,CB,ARI,2026-09-06T23:42:28.788368+00:00
00-0032210,28451,2368,2576242,Frank Clark,frank clark,DE,FA,2026-09-06T23:42:28.788368+00:00
00-0031559,28452,2369,2577139,Jordan Richards,jordan richards,S,FA,2026-09-06T23:42:28.788368+00:00
00-0032271,28453,2370,2982861,D'Joun Smith,djoun smith,CB,FA,2026-09-06T23:42:28.788368+00:00
00-0031562,28462,2379,2510866,Owamagbe Odighizuwa,owamagbe odighizuwa,DE,FA,2026-09-06T23:42:28.788368+00:00
00-0031563,28468,2385,2978256,Alex Carter,alex carter,S,SEA,2026-09-06T23:42:28.788368+00:00
00-0031564,28470,2387,2576646,Lorenzo Mauldin,lorenzo mauldin,LB,FA,2026-09-06T23:42:28.788368+00:00
00-0032106,28471,2388,2510713,Craig Mager,craig mager,CB,FA,2026-09-06T23:42:28.788368+00:00
00-0032129,28472,2389,2514270,Jordan Hicks,jordan hicks,LB,FA,2026-09-06T23:42:28.788368+00:00
00-0032269,28481,2398,2517752,Henry Anderson,henry anderson,DT,FA,2026-09-06T23:42:28.788368+00:00
00-0032061,28484,2401,2578408,Xavier Cooper,xavier cooper,DE,FA,2026-09-06T23:42:28.788368+00:00
00-0031940,28485,2402,2514217,Geneo Grissom,geneo grissom,LB,FA,2026-09-06T23:42:28.788368+00:00
00-0032150,28486,2403,3045287,Steven Nelson,steven nelson,CB,FA,2026-09-06T23:42:28.788368+00:00
00-0032107,28488,2405,2574582,Angelo Blackson,angelo blackson,DT,FA,2026-09-06T23:42:28.788368+00:00
00-0032108,28492,2409,2578381,James Sample,james sample,S,WAS,2026-09-06T23:42:28.788368+00:00
00-0032130,28496,2413,2515931,Jalston Fowler,jalston fowler,RB,FA,2026-09-06T23:42:28.788368+00:00
00-0031571,28497,2414,2519211,Clayton Geathers,clayton geathers,S,FA,2026-09-06T23:42:28.788368+00:00
00-0031574,28501,2418,2574579,Gabe Wright,gabe wright,DT,OAK,2026-09-06T23:42:28.788368+00:00
00-0032198,28503,2420,2511090,Ibraheim Campbell,ibraheim campbell,S,FA,2026-09-06T23:42:28.788368+00:00
00-0032131,28504,2421,2507719,Rodney Gunter,rodney gunter,DT,FA,2026-09-06T23:42:28.788368+00:00
00-0032168,28508,2425,2971605,Josh Shaw,josh shaw,CB,ARI,2026-09-06T23:42:28.788368+00:00
00-0031944,28509,2426,2576385,Doran Grant,doran grant,CB,FA,2026-09-06T23:42:28.788368+00:00
00-0031576,28510,2427,3043168,Za'Darius Smith,zadarius smith,DE,ATL,2026-09-06T23:42:28.788368+00:00
00-0032215,28515,2432,3040207,Damien Wilson,damien wilson,LB,FA,2026-09-06T23:42:28.788368+00:00
00-0032169,28523,2439,3043238,Marcus Hardison,marcus hardison,DT,HOU,2026-09-06T23:42:28.788368+00:00
00-0031582,28524,2440,2567992,Tray Walker,tray walker,CB,FA,2026-09-06T23:42:28.788368+00:00
00-0031583,28525,2592,2576492,Grady Jarrett,grady jarrett,DT,CHI,2026-09-06T23:42:28.788368+00:00
00-0032201,28528,2443,2577219,Ben Heeney,ben heeney,LB,FA,2026-09-06T23:42:28.788368+00:00
00-0031945,28529,2444,3046428,Martrell Spaight,martrell spaight,LB,FA,2026-09-06T23:42:28.788368+00:00
00-0031584,28530,2445,2582132,Adrian Amos,adrian amos,S,FA,2026-09-06T23:42:28.788368+00:00
00-0031585,28531,2446,2508256,MyCole Pruitt,mycole pruitt,TE,FA,2026-09-06T23:42:28.788368+00:00
00-0031586,28532,2447,2577581,Mykkele Thompson,mykkele thompson,S,FA,2026-09-06T23:42:28.788368+00:00
00-0031587,28533,2448,2575606,Bobby McCain,bobby mccain,S,FA,2026-09-06T23:42:28.788368+00:00
00-0031946,28536,2451,2520845,Davis Tull,davis tull,DE,FA,2026-09-06T23:42:28.788368+00:00
00-0031591,28538,2453,2576327,Cedric Thompson,cedric thompson,S,MIN,2026-09-06T23:42:28.788368+00:00
00-0031592,28539,2454,2517779,David Parry,david parry,DT,FA,2026-09-06T23:42:28.788368+00:00
00-0032110,28541,2456,2508212,Kyle Emanuel,kyle emanuel,LB,HOU,2026-09-06T23:42:28.788368+00:00
00-0031947,28542,2457,2517230,Tyeler Davison,tyeler davison,DT,FA,2026-09-06T23:42:28.788368+00:00
00-0032134,28545,2460,2574576,C.J. Uzomah,cj uzomah,TE,FA,2026-09-06T23:42:28.788368+00:00
00-0032111,28546,2461,2589809,Shaquille Riddick,shaquille riddick,LB,FA,2026-09-06T23:42:28.788368+00:00
00-0032112,28547,2462,2515759,J.J. Nelson,jj nelson,WR,FA,2026-09-06T23:42:28.788368+00:00
00-0032205,28549,2464,2516039,Neiron Ball,neiron ball,LB,FA,2026-09-06T23:42:28.788368+00:00
00-0031948,28551,2466,2511687,Ryan Russell,ryan russell,DE,FA,2026-09-06T23:42:28.788368+00:00
00-0032136,28552,2467,2972135,Lorenzo Doss,lorenzo doss,CB,CAR,2026-09-06T23:42:28.788368+00:00
00-0032065,28553,2468,2977680,Bradley Pinion,bradley pinion,PN,MIA,2026-09-06T23:42:28.788368+00:00
00-0031949,28555,2470,2578561,Damian Swann,damian swann,CB,FA,2026-09-06T23:42:28.788368+00:00
00-0031595,28556,2471,2515270,Michael Burton,michael burton,RB,CLE,2026-09-06T23:42:28.788368+00:00
00-0031596,28557,2472,2972400,David Mayo,david mayo,LB,FA,2026-09-06T23:42:28.788368+00:00
00-0031597,28558,2473,2588098,Tye Smith,tye smith,CB,FA,2026-09-06T23:42:28.788368+00:00
00-0031598,28559,2474,2574591,Nick Boyle,nick boyle,TE,FA,2026-09-06T23:42:28.788368+00:00
00-0031950,28560,2475,3001171,D.J. Alexander,dj alexander,LB,FA,2026-09-06T23:42:28.788368+00:00
00-0031951,28561,2476,2508079,James O'Shaughnessy,james oshaughnessy,TE,FA,2026-09-06T23:42:28.788368+00:00
00-0031600,28563,2478,2515420,Keith Mumphery,keith mumphery,WR,FA,2026-09-06T23:42:28.788368+00:00
00-0032114,28565,2479,2576635,Deiontrez Mount,deiontrez mount,LB,IND,2026-09-06T23:42:28.788368+00:00
00-0031602,28566,2480,2516295,Matthew Wells,matthew wells,LB,FA,2026-09-06T23:42:28.788368+00:00
00-0032153,28567,2481,3048702,Max Valles,max valles,LB,BUF,2026-09-06T23:42:28.788368+00:00
00-0031952,28569,2483,2577889,Kyshoen Jarrett,kyshoen jarrett,S,WAS,2026-09-06T23:42:28.788368+00:00
00-0032066,28570,2988,2574530,Tevin Mitchel,tevin mitchel,CB,FA,2026-09-06T23:42:28.788368+00:00
00-0032115,28572,2485,2516957,Kaelin Clay,kaelin clay,WR,FA,2026-09-06T23:42:28.788368+00:00
00-0031953,28574,2487,2513030,Geremy Davis,geremy davis,WR,FA,2026-09-06T23:42:28.788368+00:00
00-0031954,28575,2488,2576396,Evan Spencer,evan spencer,WR,FA,2026-09-06T23:42:28.788368+00:00
00-0032189,28576,2489,2576504,Tony Steward,tony steward,LB,FA,2026-09-06T23:42:28.788368+00:00
00-0031955,28577,2490,2576621,Charles Gaines,charles gaines,CB,BUF,2026-09-06T23:42:28.788368+00:00
00-0032137,28578,2492,2577237,JaCorey Shepherd,jacorey shepherd,CB,FA,2026-09-06T23:42:28.788368+00:00
00-0032116,28580,2493,2980071,Darius Philon,darius philon,DT,FA,2026-09-06T23:42:28.788368+00:00
00-0031605,28581,2494,2576645,B.J. Dubose,bj dubose,DE,MIN,2026-09-06T23:42:28.788368+00:00
00-0032068,28583,2496,2516316,Malcolm Johnson,malcolm johnson,RB,SFO,2026-09-06T23:42:28.788368+00:00
00-0031606,28584,2497,2512151,Randall Evans,randall evans,CB,PHI,2026-09-06T23:42:28.788368+00:00
00-0031533,28586,2499,2510611,Randall Telfer,randall telfer,TE,FA,2026-09-06T23:42:28.788368+00:00
00-0031607,28587,2500,2516417,Leterrius Walton,leterrius walton,DE,BUF,2026-09-06T23:42:28.788368+00:00
00-0031608,28588,2501,2577553,Quandre Diggs,quandre diggs,S,SEA,2026-09-06T23:42:28.788368+00:00
00-0031609,28590,2503,3046413,A.J. Derby,aj derby,TE,FA,2026-09-06T23:42:28.788368+00:00
00-0032138,28591,2504,2512544,Darius Kilgo,darius kilgo,DT,TEN,2026-09-06T23:42:28.788368+00:00
00-0031612,28594,2507,2574010,Aaron Ripkowski,aaron ripkowski,RB,FA,2026-09-06T23:42:28.788368+00:00
00-0031613,28595,2508,2578542,Amarlo Herrera,amarlo herrera,LB,FA,2026-09-06T23:42:28.788368+00:00
00-0031614,28597,2510,2468550,Obum Gwacham,obum gwacham,DE,FA,2026-09-06T23:42:28.788368+00:00
00-0031615,28598,2511,2574023,Christian Ringo,christian ringo,DT,FA,2026-09-06T23:42:28.788368+00:00
00-0031616,28599,2512,2514799,Reshard Cliett,reshard cliett,LB,TEN,2026-09-06T23:42:28.788368+00:00
00-0031956,28600,2513,2579601,Anthony Chickillo,anthony chickillo,LB,FA,2026-09-06T23:42:28.788368+00:00
00-0031617,28601,2514,2582311,Kennard Backman,kennard backman,TE,FA,2026-09-06T23:42:28.788368+00:00
00-0031619,28604,2517,2580666,Christian Covington,christian covington,DT,FA,2026-09-06T23:42:28.788368+00:00
00-0031957,28605,2993,2575453,Rakeem Nunez-Roches,rakeem nunez-roches,DT,TBB,2026-09-06T23:42:28.788368+00:00
00-0032171,28607,2518,2510601,Hayes Pullard,hayes pullard,LB,FA,2026-09-06T23:42:28.788368+00:00
00-0032120,28608,2519,2513770,Neal Sterling,neal sterling,TE,FA,2026-09-06T23:42:28.788368+00:00
00-0032121,28609,2520,2447736,Andre Debose,andre debose,WR,FA,2026-09-06T23:42:28.788368+00:00
00-0031620,28611,2522,2568060,Deon Simon,deon simon,DT,FA,2026-09-06T23:42:28.788368+00:00
00-0032249,28615,2526,2515577,Martin Ifedi,martin ifedi,DT,TBB,2026-09-06T23:42:28.788368+00:00
00-0031959,28618,2529,2514123,Marcus Murphy,marcus murphy,RB,FA,2026-09-06T23:42:28.788368+00:00
00-0032122,28619,2530,2517262,Joey Iosefa,joey iosefa,RB,FA,2026-09-06T23:42:28.788368+00:00
00-0031624,28620,2531,3137087,Edmond Robinson,edmond robinson,LB,FA,2026-09-06T23:42:28.788368+00:00
00-0031960,28621,2532,2513351,Da'Ron Brown,daron brown,WR,KCC,2026-09-06T23:42:28.788368+00:00
00-0032070,28622,2533,2567965,Dezmin Lewis,dezmin lewis,WR,FA,2026-09-06T23:42:28.788368+00:00
00-0031961,28624,2535,2576030,Mark Nzeocha,mark nzeocha,LB,FA,2026-09-06T23:42:28.788368+00:00
00-0031626,28625,2536,2576480,Brian Mihalik,brian mihalik,DT,PIT,2026-09-06T23:42:28.788368+00:00
00-0031962,28626,2537,3052686,Mario Alford,mario alford,WR,FA,2026-09-06T23:42:28.788368+00:00
00-0032140,28629,2540,2576969,Ifo Ekpre-Olomu,ifo ekpre-olomu,S,MIA,2026-09-06T23:42:28.788368+00:00
00-0032212,28630,2541,2513908,Dexter McDonald,dexter mcdonald,CB,FA,2026-09-06T23:42:28.788368+00:00
00-0031629,28636,2547,2517020,Ryan Murphy,ryan murphy,S,FA,2026-09-06T23:42:28.788368+00:00
00-0032141,28634,2545,3046704,Geoff Swaim,geoff swaim,TE,FA,2026-09-06T23:42:28.788368+00:00
00-0031628,28635,2546,2515490,Darryl Roberts,darryl roberts,CB,FA,2026-09-06T23:42:28.788368+00:00
00-0031630,28637,2548,2509574,Akeem King,akeem king,CB,FA,2026-09-06T23:42:28.788368+00:00
00-0032156,28638,2549,2511109,Trevor Siemian,trevor siemian,QB,FA,2026-09-06T23:42:28.788368+00:00
00-0032157,28639,2550,2515587,Taurean Nixon,taurean nixon,CB,DEN,2026-09-06T23:42:28.788368+00:00
00-0031631,28641,2552,2578470,Xzavier Dickson,xzavier dickson,LB,FA,2026-09-06T23:42:28.788368+00:00
00-0032190,28644,2555,2512192,Gerald Christian,gerald christian,TE,FA,2026-09-06T23:42:28.788368+00:00
00-0031806,28990,2588,2570986,Malcolm Brown,malcolm brown,RB,FA,2026-09-06T23:42:28.788368+00:00
00-0031826,28922,2562,2986739,John Crockett,john crockett,RB,BAL,2026-09-06T23:42:28.788368+00:00
00-0031793,29178,2598,2581598,Terrell Watson,terrell watson,RB,FA,2026-09-06T23:42:28.788368+00:00
00-0032160,28691,2583,2587819,Tyrell Williams,tyrell williams,WR,FA,2026-09-06T23:42:28.788368+00:00
00-0031531,28865,2633,2972282,Trey Williams,trey williams,RB,DAL,2026-09-06T23:42:28.788368+00:00
00-0031526,28752,2566,2969294,Tyler Varga,tyler varga,RB,IND,2026-09-06T23:42:28.788368+00:00
00-0031763,28947,2750,2580216,DeAndre Carter,deandre carter,WR,FA,2026-09-06T23:42:28.788368+00:00
00-0031746,29013,2890,2570993,George Farmer,george farmer,RB,FA,2026-09-06T23:42:28.788368+00:00
00-0031710,28812,2654,2577578,Jaxon Shipley,jaxon shipley,WR,FA,2026-09-06T23:42:28.788368+00:00
00-0031697,28727,2685,2515662,Jordan Taylor,jordan taylor,WR,FA,2026-09-06T23:42:28.788368+00:00
00-0031645,28645,2753,3892271,Rasheed Bailey,rasheed bailey,WR,FA,2026-09-06T23:42:28.788368+00:00
00-0031731,28847,2729,2515934,Corey Grant,corey grant,RB,FA,2026-09-06T23:42:28.788368+00:00
00-0031714,29010,2672,2507242,Damarr Aultman,damarr aultman,WR,MIA,2026-09-06T23:42:28.788368+00:00
00-0032029,28757,2723,2507284,R.J. Harris,rj harris,WR,NOS,2026-09-06T23:42:28.788368+00:00
00-0031864,28941,2596,2972765,Wes Saxton,wes saxton,TE,WAS,2026-09-06T23:42:28.788368+00:00
00-0031885,28965,2785,2568174,Gus Johnson,gus johnson,RB,FA,2026-09-06T23:42:28.788368+00:00
00-0032082,28680,2581,2577845,Jahwan Edwards,jahwan edwards,RB,MIA,2026-09-06T23:42:28.788368+00:00
00-0032035,29052,2805,2514423,Deon Long,deon long,WR,STL,2026-09-06T23:42:28.788368+00:00
00-0031846,28787,2823,2581464,Rannell Hall,rannell hall,WR,CLE,2026-09-06T23:42:28.788368+00:00
00-0032090,28689,2652,2577239,Dreamius Smith,dreamius smith,RB,FA,2026-09-06T23:42:28.788368+00:00
00-0031656,28878,2649,2576045,Kyle Brindza,kyle brindza,PK,FA,2026-09-06T23:42:28.788368+00:00
00-0032087,28685,2671,2998120,Josh Lambo,josh lambo,PK,FA,2026-09-06T23:42:28.788368+00:00
00-0031719,28908,2579,2515545,Mike Hull,mike hull,LB,MIA,2026-09-06T23:42:28.788368+00:00
00-0031801,28840,3063,2511952,Jordan Leslie,jordan leslie,WR,FA,2026-09-06T23:42:28.788368+00:00
00-0031474,28371,2853,2267296,Delvin Breaux,delvin breaux,CB,FA,2026-09-06T23:42:28.788368+00:00
00-0031671,28821,2909,2974931,Beau Gardner,beau gardner,TE,FA,2026-09-06T23:42:28.788368+00:00
00-0031718,28907,2683,3893609,Andrew Franks,andrew franks,PK,FA,2026-09-06T23:42:28.788368+00:00
00-0031518,28744,2568,2566598,Zack Hodges,zack hodges,LB,STL,2026-09-06T23:42:28.788368+00:00
00-0031728,28916,2676,2517389,Zach Vigil,zach vigil,LB,FA,2026-09-06T23:42:28.788368+00:00
00-0031713,28815,2668,2508191,Xavier Williams,xavier williams,DT,FA,2026-09-06T23:42:28.788368+00:00
00-0031511,28800,2801,2515962,DeAndrew White,deandrew white,WR,FA,2026-09-06T23:42:28.788368+00:00
00-0032250,29152,2611,2578394,Kasen Williams,kasen williams,WR,FA,2026-09-06T23:42:28.788368+00:00
00-0032089,28688,2653,2508328,Brian Parker,brian parker,TE,NOS,2026-09-06T23:42:28.788368+00:00
00-0032267,29160,2841,3039977,Kevin Short,kevin short,CB,NYJ,2026-09-06T23:42:28.788368+00:00
00-0031757,29024,2789,3052735,Lucky Whitehead,lucky whitehead,WR,FA,2026-09-06T23:42:28.788368+00:00
00-0031830,28926,2766,2574010,Alonzo Harris,alonzo harris,RB,FA,2026-09-06T23:42:28.788368+00:00
00-0032024,28763,2850,2578316,Bobby Richardson,bobby richardson,DE,FA,2026-09-06T23:42:28.788368+00:00
00-0031900,28718,2892,2512197,Rod Smith,rod smith,RB,FA,2026-09-06T23:42:28.788368+00:00
00-0031890,28970,2884,2509499,Josh Shirley,josh shirley,LB,SEA,2026-09-06T23:42:28.788368+00:00
00-0031682,28832,2621,2577023,Terron Ward,terron ward,RB,FA,2026-09-06T23:42:28.788368+00:00
00-0031687,28654,2749,2576414,Raheem Mostert,raheem mostert,RB,LVR,2026-09-06T23:42:28.788368+00:00
00-0032007,29077,2645,2516049,Quinton Dunbar,quinton dunbar,CB,FA,2026-09-06T23:42:28.788368+00:00
00-0031894,28711,2896,2507931,Keenan Lambert,keenan lambert,S,FA,2026-09-06T23:42:28.788368+00:00
00-0032100,29105,2774,2512378,Shakim Phillips,shakim phillips,WR,PIT,2026-09-06T23:42:28.788368+00:00
00-0031688,28656,2761,2565759,Denzel Rice,denzel rice,CB,FA,2026-09-06T23:42:28.788368+00:00
00-0032176,29125,2726,2512652,Henry Coley,henry coley,LB,FA,2026-09-06T23:42:28.788368+00:00
00-0031875,28737,2594,2465679,Brandon Wegher,brandon wegher,RB,FA,2026-09-06T23:42:28.788368+00:00
00-0031684,28834,2603,2578322,Shane Wynn,shane wynn,WR,FA,2026-09-06T23:42:28.788368+00:00
00-0031529,28855,2638,2520767,Reggie Bell,reggie bell,WR,NOS,2026-09-06T23:42:28.788368+00:00
00-0031729,28845,2735,2579598,Thurston Armbrister,thurston armbrister,LB,NYG,2026-09-06T23:42:28.788368+00:00
00-0031868,28730,2673,2577667,Damiere Byrd,damiere byrd,WR,FA,2026-09-06T23:42:28.788368+00:00
00-0031912,28697,2699,2520698,Cameron Meredith,cameron meredith,WR,FA,2026-09-06T23:42:28.788368+00:00
00-0031816,28666,2773,2516059,Tyler Murphy,tyler murphy,WR,MIA,2026-09-06T23:42:28.788368+00:00
00-0032032,28754,2849,2512398,Tavaris Barnes,tavaris barnes,DE,FA,2026-09-06T23:42:28.788368+00:00
00-0031716,28905,2963,2516357,Matt Darr,matt darr,PN,FA,2026-09-06T23:42:28.788368+00:00
00-0032162,29114,2614,2577757,T.Y. McGill,ty mcgill,DT,FA,2026-09-06T23:42:28.788368+00:00
00-0031818,29001,2803,2577645,Bradley Marquez,bradley marquez,WR,FA,2026-09-06T23:42:28.788368+00:00
00-0031800,28839,2711,2565969,Taylor Heinicke,taylor heinicke,QB,FA,2026-09-06T23:42:28.788368+00:00
00-0031642,28777,2558,2517788,A.J. Tarpley,aj tarpley,LB,FA,2026-09-06T23:42:28.788368+00:00
00-0031829,28925,2779,2969954,Ladarius Gunter,ladarius gunter,CB,FA,2026-09-06T23:42:28.788368+00:00
00-0031922,28893,2686,3144062,Khari Lee,khari lee,TE,FA,2026-09-06T23:42:28.788368+00:00
00-0031831,28927,2772,2573419,Mitchell Henry,mitchell henry,TE,FA,2026-09-06T23:42:28.788368+00:00
00-0031740,28935,2677,3059880,Neville Hewitt,neville hewitt,LB,NYG,2026-09-06T23:42:28.788368+00:00
00-0031848,28789,2830,3908873,Caushaud Lyons,caushaud lyons,DE,TEN,2026-09-06T23:42:28.788368+00:00
00-0031870,28732,2679,2519038,Dean Marlowe,dean marlowe,S,FA,2026-09-06T23:42:28.788368+00:00
00-0031915,28695,2707,2578388,John Timu,john timu,LB,FA,2026-09-06T23:42:28.788368+00:00
00-0031989,29061,2667,3894939,Harold Jones-Quartey,harold jones-quartey,S,FA,2026-09-06T23:42:28.788368+00:00
00-0031733,28849,2742,3051898,Nick Marshall,nick marshall,CB,FA,2026-09-06T23:42:28.788368+00:00
00-0032081,28679,2655,2518789,Nick Dzubnar,nick dzubnar,LB,FA,2026-09-06T23:42:28.788368+00:00
00-0031815,28999,2806,2577602,Cameron Lynch,cameron lynch,LB,FA,2026-09-06T23:42:28.788368+00:00
00-0032041,29060,2815,2516063,Cody Riggs,cody riggs,CB,TBB,2026-09-06T23:42:28.788368+00:00
00-0031884,28964,2714,2468368,Gabe Holmes,gabe holmes,TE,FA,2026-09-06T23:42:28.788368+00:00
00-0032181,29121,2642,2516049,Houston Bates,houston bates,LB,FA,2026-09-06T23:42:28.788368+00:00
00-0031702,28804,2669,2513206,Alani Fua,alani fua,LB,ARI,2026-09-06T23:42:28.788368+00:00
00-0032009,29070,2822,2576491,Adam Humphries,adam humphries,WR,FA,2026-09-06T23:42:28.788368+00:00
00-0031904,28705,2860,2515641,Bryce Callahan,bryce callahan,CB,FA,2026-09-06T23:42:28.788368+00:00
00-0031932,28903,2687,2581319,Chandler Worthy,chandler worthy,WR,FA,2026-09-06T23:42:28.788368+00:00
00-0031857,28988,2709,2577861,Eric Patterson,eric patterson,CB,FA,2026-09-06T23:42:28.788368+00:00
00-0031796,28835,2572,2577707,Justin Coleman,justin coleman,CB,FA,2026-09-06T23:42:28.788368+00:00
00-0031843,28784,2589,2519069,Ryan Delaire,ryan delaire,DE,FA,2026-09-06T23:42:28.788368+00:00
00-0032004,29046,3043,2512523,Will Tye,will tye,TE,FA,2026-09-06T23:42:28.788368+00:00
00-0031997,29096,3040,2577162,David Irving,david irving,DT,FA,2026-09-06T23:42:28.788368+00:00
00-0032008,29069,2824,3894952,Donteea Dye,donteea dye,WR,FA,2026-09-06T23:42:28.788368+00:00
00-0031856,28987,2724,3051905,Brandon King,brandon king,LB,FA,2026-09-06T23:42:28.788368+00:00
00-0031844,28785,2643,2578692,Deshazor Everett,deshazor everett,S,FA,2026-09-06T23:42:28.788368+00:00
00-0031902,28707,2704,2514468,Jonathan Anderson,jonathan anderson,LB,FA,2026-09-06T23:42:28.788368+00:00
00-0031700,28802,2664,3892576,Cariel Brooks,cariel brooks,CB,ARI,2026-09-06T23:42:28.788368+00:00
00-0032273,29162,2831,2515836,Jude Adjei-Barimah,jude adjei-barimah,CB,FA,2026-09-06T23:42:28.788368+00:00
00-0031514,28740,2887,2574545,Quan Bray,quan bray,WR,FA,2026-09-06T23:42:28.788368+00:00
00-0031814,28998,2811,3085243,Matt Longacre,matt longacre,LB,FA,2026-09-06T23:42:28.788368+00:00
00-0031657,28879,2640,2510547,Isaiah Johnson,isaiah johnson,S,TBB,2026-09-06T23:42:28.788368+00:00
00-0032045,29066,2804,2513916,Andrew Turzilli,andrew turzilli,WR,DET,2026-09-06T23:42:28.788368+00:00
00-0031907,28702,2861,2972442,Jacoby Glenn,jacoby glenn,CB,FA,2026-09-06T23:42:28.788368+00:00
00-0031510,28799,2586,2516344,Dylan Thompson,dylan thompson,QB,SFO,2026-09-06T23:42:28.788368+00:00
00-0032098,29102,2751,2519013,Daniel Brown,daniel brown,TE,FA,2026-09-06T23:42:28.788368+00:00
00-0031972,29038,2602,2577808,Darius Jennings,darius jennings,WR,FA,2026-09-06T23:42:28.788368+00:00
00-0031785,28972,2826,2525933,Troy Hill,troy hill,CB,FA,2026-09-06T23:42:28.788368+00:00
00-0032044,29065,3069,2577264,J.R. Tavai,jr tavai,LB,FA,2026-09-06T23:42:28.788368+00:00
00-0031676,28826,2627,2575583,Joey Mbu,joey mbu,DT,FA,2026-09-06T23:42:28.788368+00:00
00-0031888,28968,2717,2516060,Leon Orr,leon orr,DT,MIA,2026-09-06T23:42:28.788368+00:00
00-0031744,28875,2944,2576179,Matt LaCosse,matt lacosse,TE,FA,2026-09-06T23:42:28.788368+00:00
00-0032001,29045,2907,2507340,Ben Edwards,ben edwards,WR,NYG,2026-09-06T23:42:28.788368+00:00
00-0031791,28978,2825,2514179,Trevor Roach,trevor roach,LB,CIN,2026-09-06T23:42:28.788368+00:00
00-0031707,28809,2843,2515838,Gabe Martin,gabe martin,LB,ARI,2026-09-06T23:42:28.788368+00:00
00-0031525,28751,2708,2574801,Junior Sylvestre,junior sylvestre,LB,FA,2026-09-06T23:42:28.788368+00:00
00-0031862,28939,2575,2576268,Taiwan Jones,taiwan jones,LB,FA,2026-09-06T23:42:28.788368+00:00
00-0031696,28720,2690,2974300,Zaire Anderson,zaire anderson,LB,FA,2026-09-06T23:42:28.788368+00:00
00-0030396,900007,3154,16573,Freddie Bishop,freddie bishop,LB,FA,2026-09-06T23:42:28.788368+00:00
00-0031782,28669,2980,2576643,Eli Rogers,eli rogers,WR,FA,2026-09-06T23:42:28.788368+00:00
00-0031999,29098,2839,2574282,Justin March,justin march,LB,FA,2026-09-06T23:42:28.788368+00:00
00-0032319,29208,3041,3936647,Ross Travis,ross travis,TE,FA,2026-09-06T23:42:28.788368+00:00
00-0032320,29224,3144,4010714,Erik Harris,erik harris,S,FA,2026-09-06T23:42:28.788368+00:00
00-0030944,27893,2165,17097,Dominique Williams,dominique williams,RB,FA,2026-09-06T23:42:28.788368+00:00
00-0030023,27000,1643,16179,Jordan Dangerfield,jordan dangerfield,S,FA,2026-09-06T23:42:28.788368+00:00
00-0031357,28289,2869,17474,C.J. Goodwin,cj goodwin,CB,FA,2026-09-06T23:42:28.788368+00:00
00-0032050,29086,2697,2578554,Corey Moore,corey moore,S,FA,2026-09-06T23:42:28.788368+00:00
00-0030322,26927,1625,16080,Josh Johnson,josh johnson,CB,FA,2026-09-06T23:42:28.788368+00:00
00-0032042,29062,2983,2525492,Curtis Riley,curtis riley,S,TBB,2026-09-06T23:42:28.788368+00:00
00-0031991,29090,3022,2613234,DeVante Bausby,devante bausby,CB,FA,2026-09-06T23:42:28.788368+00:00
00-0031996,29095,2604,2515609,Manasseh Garner,manasseh garner,TE,BUF,2026-09-06T23:42:28.788368+00:00
00-0031981,29028,2741,2515345,Richard Ash,richard ash,DT,FA,2026-09-06T23:42:28.788368+00:00
00-0031788,28975,3036,2470916,Matt Lengel,matt lengel,TE,FA,2026-09-06T23:42:28.788368+00:00
00-0031363,28292,2818,17475,Michael Palardy,michael palardy,PN,ARI,2026-09-06T23:42:28.788368+00:00
00-0031690,28658,2755,2511973,Eric Tomlinson,eric tomlinson,TE,FA,2026-09-06T23:42:28.788368+00:00
00-0032298,29184,2599,2574474,Bronson Hill,bronson hill,RB,FA,2026-09-06T23:42:28.788368+00:00
00-0031866,28943,2630,2577718,Jordan Williams,jordan williams,DE,NYG,2026-09-06T23:42:28.788368+00:00
00-0033138,30038,3909,2582139,Sam Ficken,sam ficken,PK,FA,2026-09-06T23:42:28.788368+00:00
00-0031898,28716,2617,2612151,Alex Singleton,alex singleton,LB,DEN,2026-09-06T23:42:28.788368+00:00
00-0031838,28934,2778,2577145,James Vaughters,james vaughters,LB,FA,2026-09-06T23:42:28.788368+00:00
00-0031237,27560,2152,16728,Teddy Bridgewater,teddy bridgewater,QB,FA,2026-09-06T23:42:28.788368+00:00
00-0031409,27550,1907,16736,Johnny Manziel,johnny manziel,QB,FA,2026-09-06T23:42:28.788368+00:00
00-0031407,27531,1979,16724,Blake Bortles,blake bortles,QB,FA,2026-09-06T23:42:28.788368+00:00
00-0031288,27692,1895,16810,A.J. McCarron,aj mccarron,QB,FA,2026-09-06T23:42:28.788368+00:00
00-0031280,27564,2028,16757,Derek Carr,derek carr,QB,FA,2026-09-06T23:42:28.788368+00:00
00-0031266,27706,1935,16814,Zach Mettenberger,zach mettenberger,QB,FA,2026-09-06T23:42:28.788368+00:00
00-0031260,27648,2251,16813,Logan Thomas,logan thomas,TE,FA,2026-09-06T23:42:28.788368+00:00
00-0031287,27691,2019,17021,Aaron Murray,aaron murray,QB,FA,2026-09-06T23:42:28.788368+00:00
00-0031064,27663,1957,16943,Tom Savage,tom savage,QB,FA,2026-09-06T23:42:28.788368+00:00
00-0031391,27603,2231,16784,Tre Mason,tre mason,RB,FA,2026-09-06T23:42:28.788368+00:00
00-0031078,27714,2101,16885,Lache Seastrunk,lache seastrunk,RB,FA,2026-09-06T23:42:28.788368+00:00
00-0031057,27645,2104,16942,Ka'Deem Carey,kadeem carey,RB,FA,2026-09-06T23:42:28.788368+00:00
00-0031413,27582,1937,16794,Bishop Sankey,bishop sankey,RB,FA,2026-09-06T23:42:28.788368+00:00
00-0031301,27583,1892,16803,Jeremy Hill,jeremy hill,RB,FA,2026-09-06T23:42:28.788368+00:00
00-0030999,27729,2048,16956,Marion Grice,marion grice,RB,FA,2026-09-06T23:42:28.788368+00:00
00-0031390,27597,2223,16749,Charles Sims,charles sims,RB,FA,2026-09-06T23:42:28.788368+00:00
00-0031045,27585,2257,16777,Carlos Hyde,carlos hyde,RB,FA,2026-09-06T23:42:28.788368+00:00
00-0031055,27641,2088,16889,Andre Williams,andre williams,RB,FA,2026-09-06T23:42:28.788368+00:00
00-0031060,27652,2023,16945,De'Anthony Thomas,deanthony thomas,WR,FA,2026-09-06T23:42:28.788368+00:00
00-0031285,27631,2168,16944,Devonta Freeman,devonta freeman,RB,FA,2026-09-06T23:42:28.788368+00:00
00-0031190,27732,2189,16838,Tyler Gaffney,tyler gaffney,RB,JAC,2026-09-06T23:42:28.788368+00:00
00-0030786,28031,2283,17289,James Wilder,james wilder,RB,FA,2026-09-06T23:42:28.788368+00:00
00-0031243,27750,1986,16884,Storm Johnson,storm johnson,RB,FA,2026-09-06T23:42:28.788368+00:00
00-0031106,,,17010,Henry Josey,henry josey,RB,FA,2026-09-06T23:42:28.788368+00:00
00-0031008,28176,2100,17352,Silas Redd,silas redd,RB,WAS,2026-09-06T23:42:28.788368+00:00
00-0030958,28131,2065,17319,Ben Malena,ben malena,RB,DAL,2026-09-06T23:42:28.788368+00:00
00-0030656,28014,1901,17133,Isaiah Crowell,isaiah crowell,RB,FA,2026-09-06T23:42:28.788368+00:00
00-0030756,28084,2142,17221,Rajion Neal,rajion neal,RB,CLE,2026-09-06T23:42:28.788368+00:00
00-0031325,27532,1817,16725,Sammy Watkins,sammy watkins,WR,FA,2026-09-06T23:42:28.788368+00:00
00-0031408,27535,2216,16737,Mike Evans,mike evans,WR,SFO,2026-09-06T23:42:28.788368+00:00
00-0031431,27567,1987,16787,Marqise Lee,marqise lee,WR,FA,2026-09-06T23:42:28.788368+00:00
00-0031359,27556,2182,16730,Kelvin Benjamin,kelvin benjamin,TE,FA,2026-09-06T23:42:28.788368+00:00
00-0031236,27548,2197,16731,Brandin Cooks,brandin cooks,WR,BUF,2026-09-06T23:42:28.788368+00:00
00-0031381,27581,2133,16800,Davante Adams,davante adams,WR,LAR,2026-09-06T23:42:28.788368+00:00
00-0031299,27570,1800,16763,Jordan Matthews,jordan matthews,TE,FA,2026-09-06T23:42:28.788368+00:00
00-0031339,27618,1971,16791,Donte Moncrief,donte moncrief,WR,FA,2026-09-06T23:42:28.788368+00:00
00-0031428,27589,1992,16799,Allen Robinson,allen robinson,WR,FA,2026-09-06T23:42:28.788368+00:00
00-0031235,27540,2078,16733,Odell Beckham,odell beckham,WR,NYG,2026-09-06T23:42:28.788368+00:00
00-0031382,27591,1825,16790,Jarvis Landry,jarvis landry,WR,FA,2026-09-06T23:42:28.788368+00:00
00-0031257,27573,2279,16781,Paul Richardson,paul richardson,WR,FA,2026-09-06T23:42:28.788368+00:00
00-0031021,27704,2132,16836,Jared Abbrederis,jared abbrederis,WR,FA,2026-09-06T23:42:28.788368+00:00
00-0031053,27632,1862,16928,Jalen Saunders,jalen saunders,WR,FA,2026-09-06T23:42:28.788368+00:00
00-0030990,27614,1798,16779,Josh Huff,josh huff,WR,FA,2026-09-06T23:42:28.788368+00:00
00-0031189,27717,2121,16880,T.J. Jones,tj jones,WR,FA,2026-09-06T23:42:28.788368+00:00
00-0031310,27674,2074,16815,Devin Street,devin street,WR,FA,2026-09-06T23:42:28.788368+00:00
00-0031373,27646,1916,16886,Martavis Bryant,martavis bryant,WR,FA,2026-09-06T23:42:28.788368+00:00
00-0031326,27634,2255,16946,Bruce Ellington,bruce ellington,WR,FA,2026-09-06T23:42:28.788368+00:00
00-0031056,27643,1855,16811,Shaq Evans,shaq evans,WR,FA,2026-09-06T23:42:28.788368+00:00
00-0030932,27886,2153,17055,Kain Colter,kain colter,WR,FA,2026-09-06T23:42:28.788368+00:00
00-0030796,27950,1938,17261,Josh Stewart,josh stewart,WR,FA,2026-09-06T23:42:28.788368+00:00
00-0031387,27538,2118,16732,Eric Ebron,eric ebron,TE,FA,2026-09-06T23:42:28.788368+00:00
00-0031042,27577,1849,16792,Jace Amaro,jace amaro,TE,FA,2026-09-06T23:42:28.788368+00:00
00-0031418,27566,2222,16795,Austin Seferian-Jenkins,austin seferian-jenkins,TE,FA,2026-09-06T23:42:28.788368+00:00
00-0031302,27593,1951,16766,C.J. Fiedorowicz,cj fiedorowicz,TE,FA,2026-09-06T23:42:28.788368+00:00
00-0030822,27875,1985,17183,Marcel Jensen,marcel jensen,TE,WAS,2026-09-06T23:42:28.788368+00:00
00-0031286,27683,1827,16844,Arthur Lynch,arthur lynch,TE,FA,2026-09-06T23:42:28.788368+00:00
00-0031035,28184,2082,17348,Xavier Grimble,xavier grimble,TE,FA,2026-09-06T23:42:28.788368+00:00
00-0031044,27580,2245,16797,Troy Niklas,troy niklas,TE,FA,2026-09-06T23:42:28.788368+00:00
00-0030710,27789,1793,16974,Trey Burton,trey burton,TE,FA,2026-09-06T23:42:28.788368+00:00
00-0031364,27529,1947,16734,Jadeveon Clowney,jadeveon clowney,DE,HOU,2026-09-06T23:42:28.788368+00:00
00-0031412,27574,1925,16798,Stephon Tuitt,stephon tuitt,DE,FA,2026-09-06T23:42:28.788368+00:00
00-0031336,27588,2187,16773,Kony Ealy,kony ealy,DE,FA,2026-09-06T23:42:28.788368+00:00
00-0031300,27575,2099,16751,Trent Murphy,trent murphy,DE,FA,2026-09-06T23:42:28.788368+00:00
00-0031425,27557,1835,16721,Dominique Easley,dominique easley,LB,FA,2026-09-06T23:42:28.788368+00:00
00-0031297,27551,2015,16707,Dee Ford,dee ford,DE,FA,2026-09-06T23:42:28.788368+00:00
00-0030993,27678,2259,16941,Aaron Lynch,aaron lynch,LB,FA,2026-09-06T23:42:28.788368+00:00
00-0030771,27805,2274,17008,Jackson Jeffcoat,jackson jeffcoat,LB,CLE,2026-09-06T23:42:28.788368+00:00
00-0031398,,,16829,Michael Sam,michael sam,DE,FA,2026-09-06T23:42:28.788368+00:00
00-0031049,27611,1954,16806,Louis Nix,louis nix,DT,FA,2026-09-06T23:42:28.788368+00:00
00-0031281,27565,2170,16744,Ra'Shede Hageman,rashede hageman,DT,FA,2026-09-06T23:42:28.788368+00:00
00-0031170,27576,1872,16785,Timmy Jernigan,timmy jernigan,DT,FA,2026-09-06T23:42:28.788368+00:00
00-0031043,27579,2107,16778,Ego Ferguson,ego ferguson,DT,FA,2026-09-06T23:42:28.788368+00:00
00-0031193,27743,1921,16952,Daniel McCullers,daniel mccullers,DT,FA,2026-09-06T23:42:28.788368+00:00
00-0031256,27537,2151,16711,Anthony Barr,anthony barr,LB,FA,2026-09-06T23:42:28.788368+00:00
00-0031040,27533,2036,16710,Khalil Mack,khalil mack,DE,LAC,2026-09-06T23:42:28.788368+00:00
00-0031365,27543,1924,16727,Ryan Shazier,ryan shazier,LB,FA,2026-09-06T23:42:28.788368+00:00
00-0031360,27568,2130,16772,Kyle Van Noy,kyle van noy,DE,MIN,2026-09-06T23:42:28.788368+00:00
00-0031130,27839,2110,17070,Christian Jones,christian jones,LB,FA,2026-09-06T23:42:28.788368+00:00
00-0031258,27578,2042,16761,Jeremiah Attaochu,jeremiah attaochu,DE,FA,2026-09-06T23:42:28.788368+00:00
00-0030754,28080,2139,17175,Adrian Hubbard,adrian hubbard,LB,GBP,2026-09-06T23:42:28.788368+00:00
00-0031073,27697,2207,16887,Ronald Powell,ronald powell,LB,FA,2026-09-06T23:42:28.788368+00:00
00-0031296,27545,1875,16720,C.J. Mosley,cj mosley,LB,FA,2026-09-06T23:42:28.788368+00:00
00-0031195,27781,2176,16896,Yawin Smallwood,yawin smallwood,LB,TEN,2026-09-06T23:42:28.788368+00:00
00-0030768,28070,2265,17251,Shayne Skov,shayne skov,LB,NOS,2026-09-06T23:42:28.788368+00:00
00-0031303,,,16748,Chris Borland,chris borland,LB,FA,2026-09-06T23:42:28.788368+00:00
00-0031138,28190,1946,17387,Max Bullough,max bullough,LB,CLE,2026-09-06T23:42:28.788368+00:00
00-0031354,27684,2000,16852,Lamin Barrow,lamin barrow,LB,MIA,2026-09-06T23:42:28.788368+00:00
00-0030889,,2241,17123,Glenn Carson,glenn carson,LB,FA,2026-09-06T23:42:28.788368+00:00
00-0031372,27559,2008,16719,Bradley Roby,bradley roby,CB,FA,2026-09-06T23:42:28.788368+00:00
00-0031438,27536,1904,16714,Justin Gilbert,justin gilbert,CB,FA,2026-09-06T23:42:28.788368+00:00
00-0031380,27552,1887,16718,Darqueze Dennard,darqueze dennard,CB,FA,2026-09-06T23:42:28.788368+00:00
00-0030853,,,17234,Louchiez Purifoy,louchiez purifoy,CB,FA,2026-09-06T23:42:28.788368+00:00
00-0031259,27642,1982,16900,Aaron Colvin,aaron colvin,CB,FA,2026-09-06T23:42:28.788368+00:00
00-0031333,27549,2135,16735,Ha Ha Clinton-Dix,ha ha clinton-dix,S,FA,2026-09-06T23:42:28.788368+00:00
00-0031343,27546,1859,16729,Calvin Pryor,calvin pryor,S,FA,2026-09-06T23:42:28.788368+00:00
00-0031389,27569,2230,16769,Lamarcus Joyner,lamarcus joyner,S,FA,2026-09-06T23:42:28.788368+00:00
00-0031096,,,16895,Ahmad Dixon,ahmad dixon,S,FA,2026-09-06T23:42:28.788368+00:00
00-0031312,27690,1802,16933,Ed Reynolds,ed reynolds,S,CLE,2026-09-06T23:42:28.788368+00:00
00-0030634,27515,1972,16689,Henoc Muamba,henoc muamba,LB,FA,2026-09-06T23:42:28.788368+00:00
00-0031375,27622,1912,16783,Terrance West,terrance west,RB,FA,2026-09-06T23:42:28.788368+00:00
00-0031062,27658,1848,16913,James White,james white,RB,FA,2026-09-06T23:42:28.788368+00:00
00-0028702,25594,2292,14285,Chris Matthews,chris matthews,WR,FA,2026-09-06T23:42:28.788368+00:00
00-0030801,27921,2196,17127,Brandon Coleman,brandon coleman,WR,FA,2026-09-06T23:42:28.788368+00:00
00-0031187,27713,2217,16903,Robert Herron,robert herron,WR,MIA,2026-09-06T23:42:28.788368+00:00
00-0031388,27541,2227,16716,Aaron Donald,aaron donald,DT,LAR,2026-09-06T23:42:28.788368+00:00
00-0031344,27584,2004,16793,Cody Latimer,cody latimer,WR,FA,2026-09-06T23:42:28.788368+00:00
00-0030640,27520,2195,16698,Marcus Ball,marcus ball,S,FA,2026-09-06T23:42:28.788368+00:00
00-0031345,27590,1837,16760,Jimmy Garoppolo,jimmy garoppolo,QB,LAR,2026-09-06T23:42:28.788368+00:00
00-0031376,27624,2161,16782,Jerick McKinnon,jerick mckinnon,RB,FA,2026-09-06T23:42:28.788368+00:00
00-0031041,27542,2108,16715,Kyle Fuller,kyle fuller,CB,FA,2026-09-06T23:42:28.788368+00:00
00-0031334,27553,2055,16726,Jason Verrett,jason verrett,CB,FA,2026-09-06T23:42:28.788368+00:00
00-0031371,27554,1803,16712,Marcus Smith,marcus smith,LB,FA,2026-09-06T23:42:28.788368+00:00
00-0031366,27555,2240,16723,Deone Bucannon,deone bucannon,LB,FA,2026-09-06T23:42:28.788368+00:00
00-0031298,27558,2267,16717,Jimmie Ward,jimmie ward,S,FA,2026-09-06T23:42:28.788368+00:00
00-0031411,27562,2064,16802,Demarcus Lawrence,demarcus lawrence,DE,SEA,2026-09-06T23:42:28.788368+00:00
00-0031239,27586,2204,16774,Stanley Jean-Baptiste,stanley jean-baptiste,CB,SEA,2026-09-06T23:42:28.788368+00:00
00-0031383,27596,2178,16747,Dezmen Southward,dezmen southward,S,CAR,2026-09-06T23:42:28.788368+00:00
00-0031361,27599,1905,16767,Christian Kirksey,christian kirksey,LB,FA,2026-09-06T23:42:28.788368+00:00
00-0031283,27600,2155,16780,Scott Crichton,scott crichton,DE,FA,2026-09-06T23:42:28.788368+00:00
00-0031403,27602,2080,16776,Jay Bromley,jay bromley,DT,FA,2026-09-06T23:42:28.788368+00:00
00-0031171,27601,1808,16762,Preston Brown,preston brown,LB,FA,2026-09-06T23:42:28.788368+00:00
00-0031338,27607,1864,16768,Terrence Brooks,terrence brooks,S,FA,2026-09-06T23:42:28.788368+00:00
00-0031414,27608,1858,16805,Dexter McDougle,dexter mcdougle,CB,JAC,2026-09-06T23:42:28.788368+00:00
00-0031048,27610,2115,16738,Will Sutton,will sutton,DT,FA,2026-09-06T23:42:28.788368+00:00
00-0031050,27612,2244,16764,Kareem Martin,kareem martin,LB,FA,2026-09-06T23:42:28.788368+00:00
00-0031172,27613,2148,16756,Khyri Thornton,khyri thornton,DT,FA,2026-09-06T23:42:28.788368+00:00
00-0031015,27615,2017,16750,Phillip Gaines,phillip gaines,CB,FA,2026-09-06T23:42:28.788368+00:00
00-0031304,27616,1885,16758,Will Clarke,will clarke,DE,FA,2026-09-06T23:42:28.788368+00:00
00-0031051,27619,2238,16804,John Brown,john brown,WR,FA,2026-09-06T23:42:28.788368+00:00
00-0031392,27625,1914,16755,Dri Archer,dri archer,RB,FA,2026-09-06T23:42:28.788368+00:00
00-0031384,27626,2146,16786,Richard Rodgers,richard rodgers,TE,FA,2026-09-06T23:42:28.788368+00:00
00-0030992,27627,1868,16775,Crockett Gillmore,crockett gillmore,TE,FA,2026-09-06T23:42:28.788368+00:00
00-0031173,27629,1806,16919,Jaylen Watkins,jaylen watkins,S,FA,2026-09-06T23:42:28.788368+00:00
00-0031052,27630,2091,16890,Bashaud Breeland,bashaud breeland,CB,FA,2026-09-06T23:42:28.788368+00:00
00-0031346,27635,2031,16857,Justin Ellis,justin ellis,DT,FA,2026-09-06T23:42:28.788368+00:00
00-0031175,27636,2275,16873,Cassius Marsh,cassius marsh,LB,FA,2026-09-06T23:42:28.788368+00:00
00-0031016,27637,1809,16843,Ross Cockrell,ross cockrell,CB,FA,2026-09-06T23:42:28.788368+00:00
00-0031393,27638,2224,16937,Maurice Alexander,maurice alexander,S,FA,2026-09-06T23:42:28.788368+00:00
00-0031054,27640,1932,16910,DaQuan Jones,daquan jones,DT,BUF,2026-09-06T23:42:28.788368+00:00
00-0031347,27644,2037,16940,Keith McGill,keith mcgill,S,FA,2026-09-06T23:42:28.788368+00:00
00-0031348,27647,2062,16883,Anthony Hitchens,anthony hitchens,LB,FA,2026-09-06T23:42:28.788368+00:00
00-0031058,27649,2134,16926,Carl Bradford,carl bradford,LB,CIN,2026-09-06T23:42:28.788368+00:00
00-0031059,27650,1930,16094,Marqueston Huff,marqueston huff,S,FA,2026-09-06T23:42:28.788368+00:00
00-0031327,27651,2276,16841,Kevin Norwood,kevin norwood,WR,FA,2026-09-06T23:42:28.788368+00:00
00-0031307,27653,1818,16819,Walt Aikens,walt aikens,S,FA,2026-09-06T23:42:28.788368+00:00
00-0031240,,2201,16909,Khairi Fortt,khairi fortt,LB,FA,2026-09-06T23:42:28.788368+00:00
00-0031331,27655,1902,16948,Pierre Desir,pierre desir,CB,FA,2026-09-06T23:42:28.788368+00:00
00-0031261,27656,2184,16877,Tre Boston,tre boston,S,FA,2026-09-06T23:42:28.788368+00:00
00-0031061,27657,2258,16893,Dontae Johnson,dontae johnson,CB,FA,2026-09-06T23:42:28.788368+00:00
00-0031063,27659,2116,16906,Brock Vereen,brock vereen,S,FA,2026-09-06T23:42:28.788368+00:00
00-0031308,27660,2277,16888,Kevin Pierre-Louis,kevin pierre-louis,LB,FA,2026-09-06T23:42:28.788368+00:00
00-0031176,27661,2122,16929,Nevin Lawson,nevin lawson,CB,FA,2026-09-06T23:42:28.788368+00:00
00-0031177,27662,1881,16831,Brent Urban,brent urban,DT,BAL,2026-09-06T23:42:28.788368+00:00
00-0031065,27664,2131,16869,Larry Webster,larry webster,DE,CAR,2026-09-06T23:42:28.788368+00:00
00-0031066,27666,1880,16950,Lorenzo Taliaferro,lorenzo taliaferro,RB,FA,2026-09-06T23:42:28.788368+00:00
00-0031178,,,16881,Prince Shembo,prince shembo,LB,FA,2026-09-06T23:42:28.788368+00:00
00-0031179,27669,1796,16865,Taylor Hart,taylor hart,DT,PHI,2026-09-06T23:42:28.788368+00:00
00-0031068,27670,2093,16845,Ryan Grant,ryan grant,WR,FA,2026-09-06T23:42:28.788368+00:00
00-0031309,27672,1995,16891,Telvin Smith,telvin smith,LB,FA,2026-09-06T23:42:28.788368+00:00
00-0031181,27675,2167,16882,Ricardo Allen,ricardo allen,S,FA,2026-09-06T23:42:28.788368+00:00
00-0031262,27676,2183,16872,Bene Benwikere,bene benwikere,CB,FA,2026-09-06T23:42:28.788368+00:00
00-0031263,27679,1940,16920,Avery Williamson,avery williamson,LB,FA,2026-09-06T23:42:28.788368+00:00
00-0031070,27680,2079,16850,Nat Berhe,nat berhe,S,FA,2026-09-06T23:42:28.788368+00:00
00-0031018,27682,1856,16897,Jeremiah George,jeremiah george,LB,FA,2026-09-06T23:42:28.788368+00:00
00-0031340,27685,1923,16925,Shaquille Richardson,shaquille richardson,CB,FA,2026-09-06T23:42:28.788368+00:00
00-0031071,27686,2126,16853,Caraun Reid,caraun reid,DE,JAC,2026-09-06T23:42:28.788368+00:00
00-0031264,27687,1994,16917,Chris Smith,chris smith,LB,FA,2026-09-06T23:42:28.788368+00:00
00-0031265,27688,2250,16840,Ed Stinson,ed stinson,DE,FA,2026-09-06T23:42:28.788368+00:00
00-0030994,27693,2043,16851,Ryan Carrethers,ryan carrethers,DT,FA,2026-09-06T23:42:28.788368+00:00
00-0030995,27694,1973,16867,Jonathan Newsome,jonathan newsome,LB,FA,2026-09-06T23:42:28.788368+00:00
00-0031072,27695,2208,16938,Vinnie Sunseri,vinnie sunseri,S,NOS,2026-09-06T23:42:28.788368+00:00
00-0031183,,2179,16905,Marquis Spruill,marquis spruill,LB,FA,2026-09-06T23:42:28.788368+00:00
00-0031020,27698,2264,16930,Keith Reaser,keith reaser,CB,FA,2026-09-06T23:42:28.788368+00:00
00-0031313,27699,1831,16862,Jordan Tripp,jordan tripp,LB,ATL,2026-09-06T23:42:28.788368+00:00
00-0031184,27700,2281,16822,Jimmy Staten,jimmy staten,DT,FA,2026-09-06T23:42:28.788368+00:00
00-0031241,27702,2084,16820,Devon Kennard,devon kennard,LB,FA,2026-09-06T23:42:28.788368+00:00
00-0031074,27705,1955,16947,Jeoffrey Pagan,jeoffrey pagan,DE,HOU,2026-09-06T23:42:28.788368+00:00
00-0031186,27708,2253,16914,Kenneth Acker,kenneth acker,CB,FA,2026-09-06T23:42:28.788368+00:00
00-0031267,27710,2156,16833,Antone Exum,antone exum,S,FA,2026-09-06T23:42:28.788368+00:00
00-0031075,27709,1944,16921,Alfred Blue,alfred blue,RB,FA,2026-09-06T23:42:28.788368+00:00
00-0031076,27711,2106,16821,David Fales,david fales,QB,FA,2026-09-06T23:42:28.788368+00:00
00-0031077,27712,2159,16854,Kendall James,kendall james,CB,FA,2026-09-06T23:42:28.788368+00:00
00-0031188,27715,2083,16879,Bennett Jackson,bennett jackson,S,NYJ,2026-09-06T23:42:28.788368+00:00
00-0031394,27716,2228,16898,E.J. Gaines,ej gaines,CB,FA,2026-09-06T23:42:28.788368+00:00
00-0031315,27718,1821,16870,Matt Hazel,matt hazel,WR,FA,2026-09-06T23:42:28.788368+00:00
00-0031079,27719,2113,16863,Pat O'Donnell,pat odonnell,PN,FA,2026-09-06T23:42:28.788368+00:00
00-0030998,27722,1883,16915,Keith Wenning,keith wenning,QB,FA,2026-09-06T23:42:28.788368+00:00
00-0031268,27724,2247,16871,Walter Powell,walter powell,WR,FA,2026-09-06T23:42:28.788368+00:00
00-0031080,27725,2138,16949,Demetri Goodson,demetri goodson,CB,GBP,2026-09-06T23:42:28.788368+00:00
00-0031081,27726,1843,16959,Zach Moore,zach moore,DE,FA,2026-09-06T23:42:28.788368+00:00
00-0031328,27723,1851,16957,Brandon Dixon,brandon dixon,CB,FA,2026-09-06T23:42:28.788368+00:00
00-0031083,,,16931,Andrew Jackson,andrew jackson,LB,FA,2026-09-06T23:42:28.788368+00:00
00-0031192,27734,1847,16817,Jemea Thomas,jemea thomas,CB,TEN,2026-09-06T23:42:28.788368+00:00
00-0031084,27736,2278,16849,Eric Pinkins,eric pinkins,LB,FA,2026-09-06T23:42:28.788368+00:00
00-0031023,27737,1854,16899,Quincy Enunwa,quincy enunwa,WR,FA,2026-09-06T23:42:28.788368+00:00
00-0031085,27739,1956,16875,Jay Prosch,jay prosch,RB,FA,2026-09-06T23:42:28.788368+00:00
00-0031290,27740,1889,16924,Marquis Flowers,marquis flowers,LB,FA,2026-09-06T23:42:28.788368+00:00
00-0031024,27738,1853,16858,IK Enemkpali,ik enemkpali,LB,FA,2026-09-06T23:42:28.788368+00:00
00-0031395,27742,2229,16809,Garrett Gilbert,garrett gilbert,QB,FA,2026-09-06T23:42:28.788368+00:00
00-0031087,27744,1952,10411,Dre Hal,dre hal,S,HOU,2026-09-06T23:42:28.788368+00:00
00-0031088,,2090,16827,Ted Bolser,ted bolser,TE,FA,2026-09-06T23:42:28.788368+00:00
00-0031025,27746,1866,16832,Michael Campanaro,michael campanaro,WR,FA,2026-09-06T23:42:28.788368+00:00
00-0031269,27747,2029,16808,T.J. Carrie,tj carrie,CB,FA,2026-09-06T23:42:28.788368+00:00
00-0031242,27748,2163,16866,Shamar Stephen,shamar stephen,DE,FA,2026-09-06T23:42:28.788368+00:00
00-0031026,27749,1813,16816,Randell Johnson,randell johnson,LB,NYJ,2026-09-06T23:42:28.788368+00:00
00-0031244,27751,2164,16818,Brandon Watts,brandon watts,LB,MIA,2026-09-06T23:42:28.788368+00:00
00-0031089,27752,1788,16912,Beau Allen,beau allen,DT,FA,2026-09-06T23:42:28.788368+00:00
00-0031090,27753,2162,16878,Jabari Price,jabari price,CB,MIN,2026-09-06T23:42:28.788368+00:00
00-0031091,27755,2280,16939,Kiero Small,kiero small,RB,FA,2026-09-06T23:42:28.788368+00:00
00-0031092,27756,2094,16916,Zach Hocker,zach hocker,PK,FA,2026-09-06T23:42:28.788368+00:00
00-0031093,,,16823,Nate Freese,nate freese,PK,FA,2026-09-06T23:42:28.788368+00:00
00-0031194,27758,1915,16855,Rob Blanchflower,rob blanchflower,TE,FA,2026-09-06T23:42:28.788368+00:00
00-0031027,27759,2061,16839,Ben Gardner,ben gardner,DE,SDC,2026-09-06T23:42:28.788368+00:00
00-0031000,27761,1861,16834,Trevor Reilly,trevor reilly,LB,FA,2026-09-06T23:42:28.788368+00:00
00-0031001,27764,2140,16960,Jeff Janis,jeff janis,WR,FA,2026-09-06T23:42:28.788368+00:00
00-0031317,27762,1820,16860,Terrence Fede,terrence fede,DE,FA,2026-09-06T23:42:28.788368+00:00
00-0031270,27763,2033,16837,Shelby Harris,shelby harris,DT,NYG,2026-09-06T23:42:28.788368+00:00
00-0031030,,,16951,Will Smith,will smith,LB,FA,2026-09-06T23:42:28.788368+00:00
00-0031291,27767,1898,16922,James Wright,james wright,WR,IND,2026-09-06T23:42:28.788368+00:00
00-0031002,27768,2052,16824,Tevin Reese,tevin reese,WR,FA,2026-09-06T23:42:28.788368+00:00
00-0031397,27769,2226,16908,Christian Bryant,christian bryant,S,FA,2026-09-06T23:42:28.788368+00:00
00-0031350,27770,2005,16902,Corey Nelson,corey nelson,LB,FA,2026-09-06T23:42:28.788368+00:00
00-0031003,27771,2263,16807,Kaleb Ramsey,kaleb ramsey,DE,SFO,2026-09-06T23:42:28.788368+00:00
00-0031271,27773,2262,16901,Trey Millard,trey millard,RB,KCC,2026-09-06T23:42:28.788368+00:00
00-0031272,27775,2030,16918,Jonathan Dowling,jonathan dowling,S,BUF,2026-09-06T23:42:28.788368+00:00
00-0031245,27779,2057,16953,Ken Bishop,ken bishop,DT,FA,2026-09-06T23:42:28.788368+00:00
00-0031097,27782,2067,16927,Terrance Mitchell,terrance mitchell,CB,FA,2026-09-06T23:42:28.788368+00:00
00-0031196,27783,2180,16856,Tyler Starr,tyler starr,LB,ATL,2026-09-06T23:42:28.788368+00:00
00-0031098,27784,1942,16911,Lonnie Ballentine,lonnie ballentine,S,FA,2026-09-06T23:42:28.788368+00:00
00-0030874,28115,1833,17359,Damien Williams,damien williams,RB,FA,2026-09-06T23:42:28.788368+00:00
00-0030669,28046,2025,17051,Albert Wilson,albert wilson,WR,FA,2026-09-06T23:42:28.788368+00:00
00-0030865,,,17173,Gator Hoskins,gator hoskins,TE,FA,2026-09-06T23:42:28.788368+00:00
00-0030711,27790,1794,16994,David Fluellen,david fluellen,RB,FA,2026-09-06T23:42:28.788368+00:00
00-0031102,27821,2001,16969,Kapri Bibbs,kapri bibbs,RB,FA,2026-09-06T23:42:28.788368+00:00
JON157260,28018,,17188,Chandler Jones,chandler jones,WR,TBB,2026-09-06T23:42:28.788368+00:00
00-0030661,28024,1910,17247,Connor Shaw,connor shaw,QB,FA,2026-09-06T23:42:28.788368+00:00
00-0030825,27878,1990,17220,Stephen Morris,stephen morris,QB,WAS,2026-09-06T23:42:28.788368+00:00
00-0030673,27829,2007,17033,Bryn Renner,bryn renner,QB,FA,2026-09-06T23:42:28.788368+00:00
00-0030789,27946,1928,17105,Antonio Andrews,antonio andrews,RB,FA,2026-09-06T23:42:28.788368+00:00
00-0030971,28143,2076,17307,L'Damian Washington,ldamian washington,WR,PIT,2026-09-06T23:42:28.788368+00:00
00-0030952,,2058,17318,Chris Boyd,chris boyd,WR,FA,2026-09-06T23:42:28.788368+00:00
00-0030854,27914,1975,17091,Erik Swoope,erik swoope,TE,FA,2026-09-06T23:42:28.788368+00:00
00-0030709,27788,1792,16970,Kadron Boone,kadron boone,WR,FA,2026-09-06T23:42:28.788368+00:00
00-0030686,,,17189,Justin Jones,justin jones,TE,FA,2026-09-06T23:42:28.788368+00:00
00-0030685,28004,1841,17174,Stephen Houston,stephen houston,RB,FA,2026-09-06T23:42:28.788368+00:00
00-0031112,27958,1929,17130,Travis Coons,travis coons,PK,FA,2026-09-06T23:42:28.788368+00:00
00-0030759,,,17232,LaDarius Perkins,ladarius perkins,RB,FA,2026-09-06T23:42:28.788368+00:00
00-0030970,28142,2075,17337,Dustin Vaughan,dustin vaughan,QB,PIT,2026-09-06T23:42:28.788368+00:00
00-0031121,27941,2191,17382,Marcus Lucas,marcus lucas,TE,FA,2026-09-06T23:42:28.788368+00:00
00-0030807,27928,2205,17191,Seantavius Jones,seantavius jones,WR,IND,2026-09-06T23:42:28.788368+00:00
00-0030881,27813,1919,17009,Howard Jones,howard jones,DE,FA,2026-09-06T23:42:28.788368+00:00
00-0031158,28185,2026,17396,George Atkinson,george atkinson,RB,FA,2026-09-06T23:42:28.788368+00:00
00-0030821,27874,1984,17177,Allen Hurns,allen hurns,WR,FA,2026-09-06T23:42:28.788368+00:00
00-0030916,27846,2045,16985,Alden Darby,alden darby,S,NOS,2026-09-06T23:42:28.788368+00:00
00-0030780,28021,1891,17169,Ryan Hewitt,ryan hewitt,RB,FA,2026-09-06T23:42:28.788368+00:00
00-0030671,27822,2002,16972,Isaiah Burse,isaiah burse,WR,LAC,2026-09-06T23:42:28.788368+00:00
00-0030670,27826,2003,16995,Bennie Fowler,bennie fowler,WR,FA,2026-09-06T23:42:28.788368+00:00
00-0030691,27976,1865,17122,Jeremy Butler,jeremy butler,WR,FA,2026-09-06T23:42:28.788368+00:00
00-0030898,27802,2272,16988,Chase Dixon,chase dixon,TE,FA,2026-09-06T23:42:28.788368+00:00
00-0031161,28209,2032,17389,Carlos Fields,carlos fields,LB,FA,2026-09-06T23:42:28.788368+00:00
00-0031165,28213,2038,17393,Jake Murphy,jake murphy,TE,FA,2026-09-06T23:42:28.788368+00:00
00-0031136,28188,1945,17372,Chris Boswell,chris boswell,PK,PIT,2026-09-06T23:42:28.788368+00:00
00-0030705,27832,2011,17045,Juwan Thompson,juwan thompson,RB,FA,2026-09-06T23:42:28.788368+00:00
00-0030035,27277,1689,16460,Adam Thielen,adam thielen,WR,FA,2026-09-06T23:42:28.788368+00:00
00-0030824,,1989,17201,Craig Loston,craig loston,S,JAC,2026-09-06T23:42:28.788368+00:00
00-0031277,28272,2050,17452,Branden Oliver,branden oliver,RB,FA,2026-09-06T23:42:28.788368+00:00
00-0031123,27943,2193,17397,Darrin Reaves,darrin reaves,RB,KCC,2026-09-06T23:42:28.788368+00:00
00-0030855,27916,1976,17094,Zurlon Tipton,zurlon tipton,XX,FA,2026-09-06T23:42:28.788368+00:00
00-0030805,27926,2202,17165,Je'Ron Hamm,jeron hamm,TE,SFO,2026-09-06T23:42:28.788368+00:00
00-0031203,28227,2020,17427,Cairo Santos,cairo santos,PK,CHI,2026-09-06T23:42:28.788368+00:00
00-0030743,28071,2175,17032,Bernard Reedy,bernard reedy,WR,FA,2026-09-06T23:42:28.788368+00:00
00-0029822,27120,1433,16339,Brandon McManus,brandon mcmanus,PK,FA,2026-09-06T23:42:28.788368+00:00
00-0030814,27935,2210,17278,Pierre Warren,pierre warren,S,FA,2026-09-06T23:42:28.788368+00:00
00-0031208,28242,1828,17430,Chris McCain,chris mccain,DE,FA,2026-09-06T23:42:28.788368+00:00
00-0030663,28026,1911,17258,Willie Snead,willie snead,WR,FA,2026-09-06T23:42:28.788368+00:00
00-0030897,28121,2252,17279,Corey Washington,corey washington,WR,FA,2026-09-06T23:42:28.788368+00:00
00-0030752,28075,4903,16991,Jayrone Elliott,jayrone elliott,LB,PIT,2026-09-06T23:42:28.788368+00:00
00-0030770,27801,2271,16983,Brock Coyle,brock coyle,LB,FA,2026-09-06T23:42:28.788368+00:00
00-0030665,28036,2022,17259,Daniel Sorensen,daniel sorensen,S,FA,2026-09-06T23:42:28.788368+00:00
00-0030896,28103,2242,16976,Chandler Catanzaro,chandler catanzaro,PK,FA,2026-09-06T23:42:28.788368+00:00
00-0030707,27786,1790,16964,Blake Annen,blake annen,TE,FA,2026-09-06T23:42:28.788368+00:00
00-0031209,28223,2114,17421,Senorise Perry,senorise perry,RB,FA,2026-09-06T23:42:28.788368+00:00
00-0031218,28244,1834,17435,Malcolm Butler,malcolm butler,CB,FA,2026-09-06T23:42:28.788368+00:00
00-0030850,27911,1974,17082,Cody Parkey,cody parkey,PK,FA,2026-09-06T23:42:28.788368+00:00
00-0030920,27852,2049,17005,Javontee Herndon,javontee herndon,WR,FA,2026-09-06T23:42:28.788368+00:00
00-0030757,28085,2143,17230,Mike Pennel,mike pennel,DT,KCC,2026-09-06T23:42:28.788368+00:00
00-0030626,27506,2219,16684,Patrick Murray,patrick murray,PK,FA,2026-09-06T23:42:28.788368+00:00
00-0031118,27938,2185,17399,Corey Brown,corey brown,WR,FA,2026-09-06T23:42:28.788368+00:00
00-0031276,28270,2068,17450,Tyler Patmon,tyler patmon,CB,FA,2026-09-06T23:42:28.788368+00:00
00-0031228,28234,1903,17437,Taylor Gabriel,taylor gabriel,WR,FA,2026-09-06T23:42:28.788368+00:00
00-0030839,28043,2221,17228,Solomon Patton,solomon patton,WR,FA,2026-09-06T23:42:28.788368+00:00
00-0030860,28169,1819,17331,Orleans Darkwa,orleans darkwa,RB,FA,2026-09-06T23:42:28.788368+00:00
00-0031459,28343,2297,2310051,Glenn Winston,glenn winston,RB,CLE,2026-09-06T23:42:28.788368+00:00
00-0030985,27971,2236,17282,Trey Watts,trey watts,RB,RAM,2026-09-06T23:42:28.788368+00:00
00-0030653,28011,1899,17101,Ray Agnew,ray agnew,RB,FA,2026-09-06T23:42:28.788368+00:00
00-0030700,27986,1877,17300,Zachary Orr,zachary orr,LB,FA,2026-09-06T23:42:28.788368+00:00
00-0031135,28187,1941,17368,Jason Ankrah,jason ankrah,LB,FA,2026-09-06T23:42:28.788368+00:00
00-0030954,28127,2059,17334,Davon Coleman,davon coleman,DT,FA,2026-09-06T23:42:28.788368+00:00
00-0030722,27993,2117,16982,Jerome Couplin,jerome couplin,S,RAM,2026-09-06T23:42:28.788368+00:00
00-0030975,27959,2225,17110,Alex Bayer,alex bayer,TE,FA,2026-09-06T23:42:28.788368+00:00
00-0031105,27905,1965,17071,Zach Kerr,zach kerr,DT,FA,2026-09-06T23:42:28.788368+00:00
00-0031232,28237,1909,17416,Robert Nelson,robert nelson,CB,BAL,2026-09-06T23:42:28.788368+00:00
00-0031255,27923,2199,17141,Kasim Edebali,kasim edebali,LB,FA,2026-09-06T23:42:28.788368+00:00
00-0030767,28148,2261,17212,James McCray,james mccray,S,SFO,2026-09-06T23:42:28.788368+00:00
00-0030864,28097,1823,17184,Anthony Johnson,anthony johnson,DE,IND,2026-09-06T23:42:28.788368+00:00
00-0030703,27989,1879,17244,Sammy Seamster,sammy seamster,CB,MIA,2026-09-06T23:42:28.788368+00:00
00-0030986,27972,2237,17285,Ethan Westbrooks,ethan westbrooks,DT,FA,2026-09-06T23:42:28.788368+00:00
00-0030917,27847,2046,16987,Chris Davis,chris davis,CB,FA,2026-09-06T23:42:28.788368+00:00
00-0030892,28108,2243,17155,Bruce Gaston,bruce gaston,DE,FA,2026-09-06T23:42:28.788368+00:00
00-0030776,28051,2089,17296,Kerry Wynn,kerry wynn,DE,FA,2026-09-06T23:42:28.788368+00:00
00-0031332,28283,2282,17465,Fitzgerald Toussaint,fitzgerald toussaint,RB,FA,2026-09-06T23:42:28.788368+00:00
00-0030802,27922,2198,17139,Brian Dixon,brian dixon,CB,FA,2026-09-06T23:42:28.788368+00:00
00-0031253,28265,1913,17444,K'Waun Williams,kwaun williams,CB,FA,2026-09-06T23:42:28.788368+00:00
00-0030644,27524,2092,16702,Akeem Davis,akeem davis,S,KCC,2026-09-06T23:42:28.788368+00:00
00-0031169,,2012,17438,Chase Vaughn,chase vaughn,LB,DEN,2026-09-06T23:42:28.788368+00:00
00-0030687,28006,1845,17250,Deontae Skinner,deontae skinner,LB,NYG,2026-09-06T23:42:28.788368+00:00
00-0031227,,,17429,Bojay Filimoeatu,bojay filimoeatu,LB,FA,2026-09-06T23:42:28.788368+00:00
00-0030912,,,17311,Dan Fox,dan fox,LB,NYG,2026-09-06T23:42:28.788368+00:00
00-0030775,28049,2085,17235,Kelcy Quarles,kelcy quarles,DT,IND,2026-09-06T23:42:28.788368+00:00
00-0030832,28147,2254,17125,Asante Cleveland,asante cleveland,TE,LAC,2026-09-06T23:42:28.788368+00:00
00-0030968,28141,2073,17315,Keith Smith,keith smith,RB,FA,2026-09-06T23:42:28.788368+00:00
00-0030730,28009,2127,17245,Mohammed Seisay,mohammed seisay,CB,DET,2026-09-06T23:42:28.788368+00:00
00-0030806,27927,2203,17181,Nic Jacobs,nic jacobs,TE,FA,2026-09-06T23:42:28.788368+00:00
00-0030650,27908,1969,17078,Dewey McDonald,dewey mcdonald,LB,SEA,2026-09-06T23:42:28.788368+00:00
00-0030737,28060,2171,17205,Freddie Martino,freddie martino,WR,FA,2026-09-06T23:42:28.788368+00:00
00-0030682,27998,1838,17154,Shamiel Gary,shamiel gary,S,BUF,2026-09-06T23:42:28.788368+00:00
00-0031352,28286,2301,17470,Al Louis-Jean,al louis-jean,CB,CHI,2026-09-06T23:42:28.788368+00:00
00-0031134,,2111,17072,DeDe Lattimore,dede lattimore,LB,CHI,2026-09-06T23:42:28.788368+00:00
00-0030908,28153,1815,17317,Kenny Ladler,kenny ladler,S,WAS,2026-09-06T23:42:28.788368+00:00
00-0031120,27940,2190,17401,Adarius Taylor,adarius taylor,LB,FA,2026-09-06T23:42:28.788368+00:00
00-0031213,28253,2268,17423,Rashaun Allen,rashaun allen,TE,NOS,2026-09-06T23:42:28.788368+00:00
00-0031101,27820,1999,16967,Shaq Barrett,shaquil barrett,DE,FA,2026-09-06T23:42:28.788368+00:00
00-0031229,28236,1908,17410,Jacobbi McDaniel,jacobbi mcdaniel,DT,CLE,2026-09-06T23:42:28.788368+00:00
00-0031467,28352,2302,2469737,T.J. Fatinikun,tj fatinikun,DE,TBB,2026-09-06T23:42:28.788368+00:00
00-0031254,28266,2027,17447,Denico Autry,denico autry,DE,HOU,2026-09-06T23:42:28.788368+00:00
00-0031427,28312,2689,17497,Todd Davis,todd davis,LB,FA,2026-09-06T23:42:28.788368+00:00
00-0031404,28303,2287,17487,Adrian Phillips,adrian phillips,S,FA,2026-09-06T23:42:28.788368+00:00
00-0031151,28204,1960,2508192,Marcus Williams,marcus williams,CB,FA,2026-09-06T23:42:28.788368+00:00
00-0030668,28044,2024,17284,Charcandrick West,charcandrick west,RB,FA,2026-09-06T23:42:28.788368+00:00
00-0030883,27815,1920,17017,Josh Mauro,josh mauro,DE,FA,2026-09-06T23:42:28.788368+00:00
00-0030758,28086,2144,17231,Justin Perillo,justin perillo,TE,FA,2026-09-06T23:42:28.788368+00:00
00-0031450,28331,2303,2467210,Josh Harris,josh harris,RB,FA,2026-09-06T23:42:28.788368+00:00
00-0031273,28267,2214,17453,Cameron Brate,cameron brate,TE,FA,2026-09-06T23:42:28.788368+00:00
00-0031127,27835,2105,17061,Brandon Dunn,brandon dunn,DT,FA,2026-09-06T23:42:28.788368+00:00
00-0030777,28015,1886,16986,James Davidson,james davidson,LB,NYG,2026-09-06T23:42:28.788368+00:00
00-0031462,28348,2304,2476373,Jerome Cunningham,jerome cunningham,TE,WAS,2026-09-06T23:42:28.788368+00:00
00-0030697,27983,1874,17214,Jamie Meder,jamie meder,DT,FA,2026-09-06T23:42:28.788368+00:00
00-0031167,28215,2040,17391,Scott Simonson,scott simonson,TE,FA,2026-09-06T23:42:28.788368+00:00
00-0030241,27328,1679,16551,Earl Okine,earl okine,DE,KCC,2026-09-06T23:42:28.788368+00:00
00-0031492,28378,2747,2473037,Jason Myers,jason myers,PK,SEA,2026-09-06T23:42:28.788368+00:00
00-0031006,28178,2102,5273,Robert Thomas,robert thomas,DT,FA,2026-09-06T23:42:28.788368+00:00
00-0030135,26940,1505,16147,Josh Lenz,josh lenz,WR,HOU,2026-09-06T23:42:28.788368+00:00
00-0029655,26139,1746,15704,Tevita Finau,tevita finau,DT,FA,2026-09-06T23:42:28.788368+00:00
00-0030769,27800,2269,16966,Dion Bailey,dion bailey,S,NYJ,2026-09-06T23:42:28.788368+00:00
00-0031320,28118,2295,17257,Fred Williams,fred williams,WR,KCC,2026-09-06T23:42:28.788368+00:00
00-0031480,,,2517026,Uani Unga,uani unga,LB,FA,2026-09-06T23:42:28.788368+00:00
00-0031166,28214,2039,17402,Seth Roberts,seth roberts,WR,FA,2026-09-06T23:42:28.788368+00:00
00-0030785,28030,1897,17288,Nikita Whitlock,nikita whitlock,RB,NYG,2026-09-06T23:42:28.788368+00:00
00-0022888,26613,1399,5774,Jake Schum,jake schum,PN,FA,2026-09-06T23:42:28.788368+00:00
00-0030010,27259,1657,16393,Brandon Copeland,brandon copeland,LB,FA,2026-09-06T23:42:28.788368+00:00
00-0030761,28089,2147,17266,Joe Thomas,joe thomas,LB,FA,2026-09-06T23:42:28.788368+00:00
00-0031491,28377,2720,2265764,Brian Peters,brian peters,LB,HOU,2026-09-06T23:42:28.788368+00:00
00-0031155,28220,2285,17380,James Morris,james morris,LB,NYG,2026-09-06T23:42:28.788368+00:00
00-0030659,28020,1906,17194,Jonathan Krause,jonathan krause,WR,FA,2026-09-06T23:42:28.788368+00:00
00-0030963,28136,2070,17333,Dashaun Phillips,dashaun phillips,CB,FA,2026-09-06T23:42:28.788368+00:00
00-0031009,28174,2095,17349,Rashad Lawrence,rashad lawrence,WR,JAC,2026-09-06T23:42:28.788368+00:00
00-0030675,27833,2013,17052,Lou Young,lou young,CB,CAR,2026-09-06T23:42:28.788368+00:00
00-0031319,28279,5828,17463,Diontae Spencer,diontae spencer,WR,FA,2026-09-06T23:42:28.788368+00:00
00-0031385,28300,7515,17480,Sergio Castillo,sergio castillo,PK,FA,2026-09-06T23:42:28.788368+00:00
00-0030741,28068,2174,17223,Roosevelt Nix,roosevelt nix,RB,FA,2026-09-06T23:42:28.788368+00:00
00-0030565,26662,1373,15864,Geno Smith,geno smith,QB,NYJ,2026-09-06T23:42:28.788368+00:00
00-0030533,26721,1338,15948,Matt Barkley,matt barkley,QB,FA,2026-09-06T23:42:28.788368+00:00
00-0030520,26696,1559,15837,Mike Glennon,mike glennon,QB,FA,2026-09-06T23:42:28.788368+00:00
00-0030568,26735,,15941,Tyler Wilson,tyler wilson,QB,FA,2026-09-06T23:42:28.788368+00:00
00-0030526,26639,1349,15803,E.J. Manuel,ej manuel,QB,FA,2026-09-06T23:42:28.788368+00:00
00-0030586,26733,1495,15891,Ryan Nassib,ryan nassib,QB,FA,2026-09-06T23:42:28.788368+00:00
00-0030524,26738,1411,15904,Landry Jones,landry jones,QB,FA,2026-09-06T23:42:28.788368+00:00
00-0030394,26857,1455,15935,Zac Dysert,zac dysert,QB,FA,2026-09-06T23:42:28.788368+00:00
00-0029956,,,16158,Jordan Rodgers,jordan rodgers,QB,FA,2026-09-06T23:42:28.788368+00:00
00-0029957,,,16161,Matt Scott,matt scott,QB,FA,2026-09-06T23:42:28.788368+00:00
00-0030569,26872,1544,15894,Sean Renfree,sean renfree,QB,FA,2026-09-06T23:42:28.788368+00:00
00-0030024,27019,1644,16237,Jeff Tuel,jeff tuel,QB,FA,2026-09-06T23:42:28.788368+00:00
00-0029772,,,16182,Seth Doege,seth doege,QB,FA,2026-09-06T23:42:28.788368+00:00
00-0030151,27170,1612,16252,Tyler Bray,tyler bray,QB,FA,2026-09-06T23:42:28.788368+00:00
00-0030522,26681,1454,15823,Montee Ball,montee ball,RB,FA,2026-09-06T23:42:28.788368+00:00
00-0030287,26810,1575,15893,Andre Ellington,andre ellington,RB,FA,2026-09-06T23:42:28.788368+00:00
00-0030282,26763,1579,15981,Stepfan Taylor,stepfan taylor,RB,FA,2026-09-06T23:42:28.788368+00:00
00-0030465,26805,1546,15921,Kenjon Barner,kenjon barner,RB,FA,2026-09-06T23:42:28.788368+00:00
00-0030233,,,16497,Ray Graham,ray graham,RB,FA,2026-09-06T23:42:28.788368+00:00
00-0030432,26685,1596,15855,Christine Michael,christine michael,RB,FA,2026-09-06T23:42:28.788368+00:00
00-0030433,26787,1353,15952,Mike Gillislee,mike gillislee,RB,FA,2026-09-06T23:42:28.788368+00:00
00-0030078,26748,,15925,Johnathan Franklin,johnathan franklin,RB,FA,2026-09-06T23:42:28.788368+00:00
00-0030288,26813,1387,15971,Rex Burkhead,rex burkhead,RB,FA,2026-09-06T23:42:28.788368+00:00
00-0030236,27311,,16495,Dennis Johnson,dennis johnson,RB,FA,2026-09-06T23:42:28.788368+00:00
00-0030117,26853,1441,16024,Kerwynn Williams,kerwynn williams,RB,FA,2026-09-06T23:42:28.788368+00:00
00-0030404,26777,1502,15966,Chris Thompson,chris thompson,RB,FA,2026-09-06T23:42:28.788368+00:00
00-0030107,26822,1517,15994,Theo Riddick,theo riddick,RB,FA,2026-09-06T23:42:28.788368+00:00
00-0030536,26783,1573,15996,Zac Stacy,zac stacy,RB,FA,2026-09-06T23:42:28.788368+00:00
00-0030391,26812,1560,15968,Mike James,mike james,RB,DET,2026-09-06T23:42:28.788368+00:00
00-0029864,,,16319,Onterio McCalebb,onterio mccalebb,RB,CIN,2026-09-06T23:42:28.788368+00:00
00-0030496,26671,1408,15825,Le'Veon Bell,leveon bell,RB,FA,2026-09-06T23:42:28.788368+00:00
00-0030456,26660,1386,15826,Giovani Bernard,giovani bernard,RB,FA,2026-09-06T23:42:28.788368+00:00
00-0030280,26719,1463,15832,Knile Davis,knile davis,RB,FA,2026-09-06T23:42:28.788368+00:00
00-0030134,26937,1503,16135,Michael Ford,michael ford,RB,FA,2026-09-06T23:42:28.788368+00:00
00-0030415,,,16018,Jawan Jamison,jawan jamison,RB,FA,2026-09-06T23:42:28.788368+00:00
00-0030497,26754,,16012,Marcus Lattimore,marcus lattimore,RB,FA,2026-09-06T23:42:28.788368+00:00
00-0030414,26817,1601,16020,Spencer Ware,spencer ware,RB,FA,2026-09-06T23:42:28.788368+00:00
00-0030388,26774,1487,16013,Joseph Randle,joseph randle,RB,FA,2026-09-06T23:42:28.788368+00:00
00-0030485,26684,1527,15848,Eddie Lacy,eddie lacy,RB,FA,2026-09-06T23:42:28.788368+00:00
00-0030248,27313,1682,16496,Cierre Wood,cierre wood,RB,BUF,2026-09-06T23:42:28.788368+00:00
00-0029791,,,16242,Ronnie Wingo,ronnie wingo,RB,FA,2026-09-06T23:42:28.788368+00:00
00-0030547,26758,1449,15951,Denard Robinson,denard robinson,RB,FA,2026-09-06T23:42:28.788368+00:00
00-0030542,26697,1490,15878,Terrance Williams,terrance williams,WR,FA,2026-09-06T23:42:28.788368+00:00
00-0030521,26657,1418,15845,Justin Hunter,justin hunter,WR,FA,2026-09-06T23:42:28.788368+00:00
00-0030525,26631,1567,15786,Tavon Austin,tavon austin,WR,FA,2026-09-06T23:42:28.788368+00:00
00-0030540,26682,1365,15834,Aaron Dobson,aaron dobson,WR,FA,2026-09-06T23:42:28.788368+00:00
00-0030290,26820,1390,15983,Cobi Hamilton,cobi hamilton,WR,FA,2026-09-06T23:42:28.788368+00:00
00-0029896,26861,,15947,Aaron Mellette,aaron mellette,WR,FA,2026-09-06T23:42:28.788368+00:00
00-0030450,26751,1589,16026,Quinton Patton,quinton patton,WR,FA,2026-09-06T23:42:28.788368+00:00
00-0030091,26784,1456,15911,Tavarres King,tavarres king,WR,FA,2026-09-06T23:42:28.788368+00:00
00-0030095,26794,1514,16014,Corey Fuller,corey fuller,WR,NOS,2026-09-06T23:42:28.788368+00:00
00-0029934,27143,1631,16373,Rodney Smith,rodney smith,WR,DAL,2026-09-06T23:42:28.788368+00:00
00-0030279,26699,1479,15818,Keenan Allen,keenan allen,WR,IND,2026-09-06T23:42:28.788368+00:00
00-0030532,26715,1568,15822,Stedman Bailey,stedman bailey,WR,FA,2026-09-06T23:42:28.788368+00:00
00-0030474,26725,1362,15998,Josh Boyce,josh boyce,WR,FA,2026-09-06T23:42:28.788368+00:00
00-0030578,26652,1535,15807,Cordarrelle Patterson,cordarrelle patterson,RB,FA,2026-09-06T23:42:28.788368+00:00
00-0030043,27009,1673,16159,Da'Rick Rogers,darick rogers,WR,FA,2026-09-06T23:42:28.788368+00:00
00-0030085,26767,1555,16016,Kenny Stills,kenny stills,WR,FA,2026-09-06T23:42:28.788368+00:00
00-0030431,26664,1352,15880,Robert Woods,robert woods,WR,FA,2026-09-06T23:42:28.788368+00:00
00-0030460,26702,1413,15873,Markus Wheaton,markus wheaton,WR,FA,2026-09-06T23:42:28.788368+00:00
00-0029761,,,16248,Conner Vernon,conner vernon,WR,FA,2026-09-06T23:42:28.788368+00:00
00-0030047,26859,1512,16023,Marquess Wilson,marquess wilson,WR,FA,2026-09-06T23:42:28.788368+00:00
00-0030564,26650,1426,15795,DeAndre Hopkins,deandre hopkins,WR,FA,2026-09-06T23:42:28.788368+00:00
00-0030550,26724,1450,16022,Ace Sanders,ace sanders,WR,FA,2026-09-06T23:42:28.788368+00:00
00-0030077,26746,1595,16007,Chris Harper,chris harper,WR,FA,2026-09-06T23:42:28.788368+00:00
00-0029860,27195,1605,16300,Emory Blake,emory blake,WR,STL,2026-09-06T23:42:28.788368+00:00
00-0030147,27055,1333,16227,Russell Shepard,russell shepard,WR,FA,2026-09-06T23:42:28.788368+00:00
00-0030068,26701,1346,15839,Marquise Goodwin,marquise goodwin,WR,FA,2026-09-06T23:42:28.788368+00:00
00-0030040,,,16200,Brandon Kaufman,brandon kaufman,WR,FA,2026-09-06T23:42:28.788368+00:00
00-0029883,27187,1628,16330,Joseph Fauria,joseph fauria,TE,FA,2026-09-06T23:42:28.788368+00:00
00-0030506,26686,1466,15847,Travis Kelce,travis kelce,TE,KCC,2026-09-06T23:42:28.788368+00:00
00-0030272,27359,1749,16493,Jake Stoneburner,jake stoneburner,TE,NOS,2026-09-06T23:42:28.788368+00:00
00-0030061,26658,1339,15835,Zach Ertz,zach ertz,TE,FA,2026-09-06T23:42:28.788368+00:00
00-0030472,26708,1500,15860,Jordan Reed,jordan reed,TE,FA,2026-09-06T23:42:28.788368+00:00
00-0030422,26729,1357,15974,Dion Sims,dion sims,TE,FA,2026-09-06T23:42:28.788368+00:00
00-0030549,26644,1388,15788,Tyler Eifert,tyler eifert,TE,FA,2026-09-06T23:42:28.788368+00:00
00-0030544,26670,1485,15836,Gavin Escobar,gavin escobar,TE,MIA,2026-09-06T23:42:28.788368+00:00
00-0030443,26756,1642,15980,Levine Toilolo,levine toilolo,TE,FA,2026-09-06T23:42:28.788368+00:00
00-0029951,,1664,16156,Ryan Otten,ryan otten,TE,SDC,2026-09-06T23:42:28.788368+00:00
00-0030110,26834,1520,15910,Michael Williams,michael williams,TE,FA,2026-09-06T23:42:28.788368+00:00
00-0030512,26795,1473,15962,Nick Kasa,nick kasa,TE,FA,2026-09-06T23:42:28.788368+00:00
00-0030049,26845,1347,15940,Chris Gragg,chris gragg,TE,NYJ,2026-09-06T23:42:28.788368+00:00
00-0030470,26678,1587,15853,Vance McDonald,vance mcdonald,TE,FA,2026-09-06T23:42:28.788368+00:00
00-0030514,26807,1477,15923,Mychal Rivera,mychal rivera,TE,FA,2026-09-06T23:42:28.788368+00:00
00-0029999,27234,1654,16418,Zach Sudfeld,zach sudfeld,TE,FA,2026-09-06T23:42:28.788368+00:00
00-0030563,26647,1440,15815,Bjoern Werner,bjoern werner,LB,FA,2026-09-06T23:42:28.788368+00:00
00-0030069,26704,1494,15858,Damontre Moore,damontre moore,DE,FA,2026-09-06T23:42:28.788368+00:00
00-0030503,26726,1578,15976,Alex Okafor,alex okafor,DE,FA,2026-09-06T23:42:28.788368+00:00
00-0030555,26626,1356,15800,Dion Jordan,dion jordan,DE,FA,2026-09-06T23:42:28.788368+00:00
00-0030473,,1427,15857,Sam Montgomery,sam montgomery,DE,CIN,2026-09-06T23:42:28.788368+00:00
00-0030386,26749,1558,16019,William Gholston,william gholston,DT,FA,2026-09-06T23:42:28.788368+00:00
00-0030518,26711,1586,15849,Corey Lemonier,corey lemonier,LB,NYJ,2026-09-06T23:42:28.788368+00:00
00-0030059,26628,1513,15785,Ezekiel Ansah,ezekiel ansah,DE,FA,2026-09-06T23:42:28.788368+00:00
00-0030488,26765,1416,15909,Lavar Edwards,lavar edwards,LB,CLE,2026-09-06T23:42:28.788368+00:00
00-0030079,26755,1641,15916,Devin Taylor,devin taylor,DE,FA,2026-09-06T23:42:28.788368+00:00
00-0030457,26663,1582,15829,Cornellius Carradine,cornellius carradine,DE,FA,2026-09-06T23:42:28.788368+00:00
00-0029894,26823,1380,15937,Kapron Lewis-Moore,kapron lewis-moore,DE,CHI,2026-09-06T23:42:28.788368+00:00
00-0030576,26649,1526,15798,Datone Jones,datone jones,DE,FA,2026-09-06T23:42:28.788368+00:00
00-0030442,26752,1381,16010,John Simon,john simon,DE,FA,2026-09-06T23:42:28.788368+00:00
00-0030449,26676,1392,15844,Margus Hunt,margus hunt,DT,FA,2026-09-06T23:42:28.788368+00:00
00-0030111,,1341,16017,Joe Kruger,joe kruger,DE,FA,2026-09-06T23:42:28.788368+00:00
00-0030475,,1363,15959,Michael Buchanan,michael buchanan,DE,FA,2026-09-06T23:42:28.788368+00:00
00-0030424,26750,1541,15957,Malliciah Goodman,malliciah goodman,DE,JAC,2026-09-06T23:42:28.788368+00:00
00-0029946,27104,1663,16376,Abry Jones,abry jones,DT,FA,2026-09-06T23:42:28.788368+00:00
00-0030425,26776,1543,15999,Stansly Maponga,stansly maponga,DE,NYG,2026-09-06T23:42:28.788368+00:00
00-0030455,26637,1548,15802,Star Lotulelei,star lotulelei,DT,FA,2026-09-06T23:42:28.788368+00:00
00-0030063,26672,1492,15841,Johnathan Hankins,johnathan hankins,DT,FA,2026-09-06T23:42:28.788368+00:00
00-0030402,26723,1562,15958,Akeem Spence,akeem spence,DT,FA,2026-09-06T23:42:28.788368+00:00
00-0030573,26636,1372,15811,Sheldon Richardson,sheldon richardson,DT,FA,2026-09-06T23:42:28.788368+00:00
00-0030574,26646,1531,15791,Sharrif Floyd,sharrif floyd,DT,MIN,2026-09-06T23:42:28.788368+00:00
00-0030577,26651,1460,15816,Sylvester Williams,sylvester williams,DT,FA,2026-09-06T23:42:28.788368+00:00
00-0030070,26705,1553,15846,John Jenkins,john jenkins,DT,BAL,2026-09-06T23:42:28.788368+00:00
00-0030081,26760,1602,16029,Jesse Williams,jesse williams,DT,SEA,2026-09-06T23:42:28.788368+00:00
00-0030318,,,16067,Kwame Geathers,kwame geathers,DE,FA,2026-09-06T23:42:28.788368+00:00
00-0030507,26690,1342,15850,Bennie Logan,bennie logan,DT,FA,2026-09-06T23:42:28.788368+00:00
00-0030499,26640,1410,15799,Jarvis Jones,jarvis jones,LB,FA,2026-09-06T23:42:28.788368+00:00
00-0030458,26679,1376,15828,Arthur Brown,arthur brown,LB,FA,2026-09-06T23:42:28.788368+00:00
00-0030278,26661,1482,15867,Manti Te'o,manti teo,LB,FA,2026-09-06T23:42:28.788368+00:00
00-0030527,26653,1572,15806,Alec Ogletree,alec ogletree,LB,FA,2026-09-06T23:42:28.788368+00:00
00-0030508,,1465,15982,Nico Johnson,nico johnson,LB,FA,2026-09-06T23:42:28.788368+00:00
00-0030558,26629,1405,15805,Barkevious Mingo,barkevious mingo,LB,FA,2026-09-06T23:42:28.788368+00:00
00-0030225,,,16165,Chase Thomas,chase thomas,LB,GBP,2026-09-06T23:42:28.788368+00:00
00-0030064,26673,1507,15827,Jon Bostic,jon bostic,LB,FA,2026-09-06T23:42:28.788368+00:00
00-0030222,26956,141,16157,Kevin Reddick,kevin reddick,LB,FA,2026-09-06T23:42:28.788368+00:00
00-0030392,26836,1534,15903,Michael Mauti,michael mauti,LB,FA,2026-09-06T23:42:28.788368+00:00
00-0029820,,,16282,Bruce Taylor,bruce taylor,LB,FA,2026-09-06T23:42:28.788368+00:00
00-0030385,26743,1532,15977,Gerald Hodges,gerald hodges,LB,FA,2026-09-06T23:42:28.788368+00:00
00-0030284,,,15967,Brandon Jenkins,brandon jenkins,LB,FA,2026-09-06T23:42:28.788368+00:00
00-0030384,26727,1354,15985,Jelani Jenkins,jelani jenkins,LB,FA,2026-09-06T23:42:28.788368+00:00
00-0030281,26741,1394,15986,Sean Porter,sean porter,LB,JAC,2026-09-06T23:42:28.788368+00:00
00-0030502,26720,1417,15838,Zaviar Gooden,zaviar gooden,LB,FA,2026-09-06T23:42:28.788368+00:00
00-0030401,26669,1345,15819,Kiko Alonso,kiko alonso,LB,FA,2026-09-06T23:42:28.788368+00:00
00-0030382,26668,1577,15856,Kevin Minter,kevin minter,LB,FA,2026-09-06T23:42:28.788368+00:00
00-0030592,26632,1371,15804,Dee Milliner,dee milliner,CB,FA,2026-09-06T23:42:28.788368+00:00
00-0030562,26645,1545,15812,Desmond Trufant,desmond trufant,CB,FA,2026-09-06T23:42:28.788368+00:00
00-0030459,26692,1576,15851,Tyrann Mathieu,tyrann mathieu,S,FA,2026-09-06T23:42:28.788368+00:00
00-0030575,26648,1536,15810,Xavier Rhodes,xavier rhodes,CB,FA,2026-09-06T23:42:28.788368+00:00
00-0030420,26674,1498,15820,David Amerson,david amerson,CB,FA,2026-09-06T23:42:28.788368+00:00
00-0030411,26706,1367,15861,Logan Ryan,logan ryan,S,FA,2026-09-06T23:42:28.788368+00:00
00-0030114,26841,1343,15979,Jordan Poyer,jordan poyer,S,BUF,2026-09-06T23:42:28.788368+00:00
00-0030484,26677,1359,15866,Jamar Taylor,jamar taylor,CB,FA,2026-09-06T23:42:28.788368+00:00
00-0030462,,1462,15913,Sanders Commings,sanders commings,S,FA,2026-09-06T23:42:28.788368+00:00
00-0030519,26716,1695,15833,Will Davis,will davis,CB,FA,2026-09-06T23:42:28.788368+00:00
00-0030469,26666,1557,15824,Johnthan Banks,johnthan banks,CB,FA,2026-09-06T23:42:28.788368+00:00
00-0030559,26655,1377,15789,Matt Elam,matt elam,S,FA,2026-09-06T23:42:28.788368+00:00
00-0030548,26641,1590,15809,Eric Reid,eric reid,S,FA,2026-09-06T23:42:28.788368+00:00
00-0030060,26638,1556,15813,Kenny Vaccaro,kenny vaccaro,S,FA,2026-09-06T23:42:28.788368+00:00
00-0030289,26814,1499,15912,Bacarri Rambo,bacarri rambo,S,FA,2026-09-06T23:42:28.788368+00:00
00-0030530,26694,1570,15852,T.J. McDonald,tj mcdonald,S,FA,2026-09-06T23:42:28.788368+00:00
00-0030294,27081,1686,16195,Tony Jefferson,tony jefferson,S,LAC,2026-09-06T23:42:28.788368+00:00
00-0030254,,1744,16434,Robert Lester,robert lester,S,FA,2026-09-06T23:42:28.788368+00:00
00-0030428,,,15993,Zeke Motta,zeke motta,S,ATL,2026-09-06T23:42:28.788368+00:00
00-0030471,26707,1395,15877,Shawn Williams,shawn williams,S,FA,2026-09-06T23:42:28.788368+00:00
00-0030557,26792,1444,15984,Josh Evans,josh evans,S,FA,2026-09-06T23:42:28.788368+00:00
00-0029104,26273,1698,15364,Jonas Gray,jonas gray,RB,FA,2026-09-06T23:42:28.788368+00:00
00-0030448,26667,1549,15862,Kawann Short,kawann short,DT,FA,2026-09-06T23:42:28.788368+00:00
00-0029741,,1397,15776,Brandon Bogotay,brandon bogotay,PK,FA,2026-09-06T23:42:28.788368+00:00
00-0029740,26614,1332,15775,Ifeanyi Momah,ifeanyi momah,TE,ARI,2026-09-06T23:42:28.788368+00:00
00-0029123,26422,1253,15389,Marquette King,marquette king,PN,FA,2026-09-06T23:42:28.788368+00:00
00-0030572,26635,1472,15794,D.J. Hayden,dj hayden,CB,FA,2026-09-06T23:42:28.788368+00:00
00-0030538,26656,1443,15831,Johnathan Cyprien,johnathan cyprien,S,FA,2026-09-06T23:42:28.788368+00:00
00-0030062,26659,1518,15863,Darius Slay,darius slay,CB,FA,2026-09-06T23:42:28.788368+00:00
00-0030421,26675,1364,15830,Jamie Collins,jamie collins,LB,FA,2026-09-06T23:42:28.788368+00:00
00-0030566,26680,1429,15865,D.J. Swearinger,dj swearinger,S,FA,2026-09-06T23:42:28.788368+00:00
00-0030528,26683,1540,15817,Robert Alford,robert alford,CB,FA,2026-09-06T23:42:28.788368+00:00
00-0030539,26687,1445,15840,Dwayne Gratz,dwayne gratz,CB,FA,2026-09-06T23:42:28.788368+00:00
00-0030529,26689,1475,15859,Sio Moore,sio moore,LB,FA,2026-09-06T23:42:28.788368+00:00
00-0030556,26691,1404,15854,Leon McFadden,leon mcfadden,CB,DAL,2026-09-06T23:42:28.788368+00:00
00-0030541,26693,1423,15881,Blidi Wreh-Wilson,blidi wreh-wilson,CB,FA,2026-09-06T23:42:28.788368+00:00
00-0030543,26703,1489,15874,J.J. Wilcox,jj wilcox,S,ATL,2026-09-06T23:42:28.788368+00:00
00-0030072,26710,1756,15843,Jordan Hill,jordan hill,DT,DET,2026-09-06T23:42:28.788368+00:00
00-0030523,26713,1459,15872,Kayvon Webster,kayvon webster,CB,FA,2026-09-06T23:42:28.788368+00:00
00-0030383,26714,1366,15842,Duron Harmon,duron harmon,S,FA,2026-09-06T23:42:28.788368+00:00
00-0030511,26717,1383,15875,Brandon Williams,brandon williams,DT,FA,2026-09-06T23:42:28.788368+00:00
00-0028488,26728,1351,14660,Duke Williams,duke williams,S,FA,2026-09-06T23:42:28.788368+00:00
00-0030412,26734,1412,15992,Shamarko Thomas,shamarko thomas,S,FA,2026-09-06T23:42:28.788368+00:00
00-0030403,26737,1488,15939,B.W. Webb,bw webb,CB,FA,2026-09-06T23:42:28.788368+00:00
00-0030027,26740,1508,15889,Khaseem Greene,khaseem greene,LB,DET,2026-09-06T23:42:28.788368+00:00
00-0030423,26742,1501,15886,Phillip Thomas,phillip thomas,S,FA,2026-09-06T23:42:28.788368+00:00
00-0030413,,,15953,Trevardo Williams,trevardo williams,LB,FA,2026-09-06T23:42:28.788368+00:00
00-0029892,26753,1379,16002,Kyle Juszczyk,kyle juszczyk,RB,SFO,2026-09-06T23:42:28.788368+00:00
00-0030080,26759,1344,15917,Earl Wolff,earl wolff,S,JAC,2026-09-06T23:42:28.788368+00:00
00-0030487,26761,1599,16021,Tharold Simon,tharold simon,CB,FA,2026-09-06T23:42:28.788368+00:00
00-0030082,26762,1438,15995,Montori Hughes,montori hughes,DT,WAS,2026-09-06T23:42:28.788368+00:00
00-0030084,26766,1350,15956,Jonathan Meeks,jonathan meeks,S,FA,2026-09-06T23:42:28.788368+00:00
00-0030086,26769,1458,15997,Quanterus Smith,quanterus smith,DE,JAC,2026-09-06T23:42:28.788368+00:00
00-0030387,26770,1561,15936,Steven Means,steven means,DE,FA,2026-09-06T23:42:28.788368+00:00
00-0030463,26771,1547,15964,A.J. Klein,aj klein,LB,FA,2026-09-06T23:42:28.788368+00:00
00-0030535,26772,1571,15949,Brandon McGee,brandon mcgee,CB,DAL,2026-09-06T23:42:28.788368+00:00
00-0030087,26775,1497,15895,Cooper Taylor,cooper taylor,S,FA,2026-09-06T23:42:28.788368+00:00
00-0030405,26778,1533,15926,Jeff Locke,jeff locke,PN,FA,2026-09-06T23:42:28.788368+00:00
00-0030088,26780,1585,16028,Quinton Dial,quinton dial,DT,FA,2026-09-06T23:42:28.788368+00:00
00-0030089,26781,1603,16121,Luke Willson,luke willson,TE,FA,2026-09-06T23:42:28.788368+00:00
00-0030090,26782,1525,15960,Micah Hyde,micah hyde,S,FA,2026-09-06T23:42:28.788368+00:00
00-0030092,26788,1516,15928,Sam Martin,sam martin,PN,CAR,2026-09-06T23:42:28.788368+00:00
00-0030390,26789,1358,15918,Caleb Sturgis,caleb sturgis,PK,FA,2026-09-06T23:42:28.788368+00:00
00-0030093,26790,1523,15989,Josh Boyd,josh boyd,DE,FA,2026-09-06T23:42:28.788368+00:00
00-0030444,,,15938,Jamoris Slaughter,jamoris slaughter,S,FA,2026-09-06T23:42:28.788368+00:00
00-0030098,26800,1348,15965,Dustin Hopkins,dustin hopkins,PK,FA,2026-09-06T23:42:28.788368+00:00
00-0030286,26802,1484,16000,Tourek Williams,tourek williams,LB,FA,2026-09-06T23:42:28.788368+00:00
00-0030100,26803,1588,15933,Nick Moody,nick moody,LB,FA,2026-09-06T23:42:28.788368+00:00
00-0030513,26804,1476,15920,Latavius Murray,latavius murray,RB,FA,2026-09-06T23:42:28.788368+00:00
00-0030101,26806,1554,16031,Rufus Johnson,rufus johnson,DE,NEP,2026-09-06T23:42:28.788368+00:00
00-0030102,,,15990,DeVonte Holloman,devonte holloman,LB,DAL,2026-09-06T23:42:28.788368+00:00
00-0030466,26809,1409,16011,Justin Brown,justin brown,WR,FA,2026-09-06T23:42:28.788368+00:00
00-0030048,26811,1511,15914,Cornelius Washington,cornelius washington,DE,FA,2026-09-06T23:42:28.788368+00:00
00-0030103,,,15922,John Boyett,john boyett,S,FA,2026-09-06T23:42:28.788368+00:00
00-0030104,26816,1528,15930,Nate Palmer,nate palmer,LB,TEN,2026-09-06T23:42:28.788368+00:00
00-0030105,26818,1424,16003,Alan Bonner,alan bonner,WR,FA,2026-09-06T23:42:28.788368+00:00
00-0030106,26821,1430,15955,Chris Jones,chris jones,DT,SFO,2026-09-06T23:42:28.788368+00:00
00-0030108,26824,1425,15887,Ryan Griffin,ryan griffin,TE,FA,2026-09-06T23:42:28.788368+00:00
00-0030489,,1422,15942,Khalid Wooten,khalid wooten,CB,TEN,2026-09-06T23:42:28.788368+00:00
00-0030515,26828,1474,15906,Stacy McGee,stacy mcgee,DT,FA,2026-09-06T23:42:28.788368+00:00
00-0030434,26829,1415,15934,Vince Williams,vince williams,LB,FA,2026-09-06T23:42:28.788368+00:00
00-0030109,26830,1461,15944,Mike Catapano,mike catapano,DE,FA,2026-09-06T23:42:28.788368+00:00
00-0030435,26831,1446,16027,Jeremy Harris,jeremy harris,CB,WAS,2026-09-06T23:42:28.788368+00:00
00-0030516,26832,1471,15896,Brice Butler,brice butler,WR,FA,2026-09-06T23:42:28.788368+00:00
00-0030451,26833,1448,16005,Demetrius McCray,demetrius mccray,CB,SEA,2026-09-06T23:42:28.788368+00:00
00-0030112,26838,1369,15973,Tommy Bohanon,tommy bohanon,RB,FA,2026-09-06T23:42:28.788368+00:00
00-0030113,26839,1530,15885,Charles Johnson,charles johnson,WR,PHI,2026-09-06T23:42:28.788368+00:00
00-0030553,26840,1402,16037,Armonty Bryant,armonty bryant,DE,FA,2026-09-06T23:42:28.788368+00:00
00-0030291,,,15890,D.C. Jefferson,dc jefferson,TE,FA,2026-09-06T23:42:28.788368+00:00
00-0030500,26846,1414,2317118,Nick Williams,nick williams,DT,FA,2026-09-06T23:42:28.788368+00:00
00-0030116,,1524,15907,Kevin Dorsey,kevin dorsey,WR,NEP,2026-09-06T23:42:28.788368+00:00
00-0030393,,,15932,Everett Dawkins,everett dawkins,DT,FA,2026-09-06T23:42:28.788368+00:00
00-0030118,,1597,16036,Ty Powell,ty powell,LB,FA,2026-09-06T23:42:28.788368+00:00
00-0030517,26856,1470,16025,David Bass,david bass,LB,FA,2026-09-06T23:42:28.788368+00:00
00-0030426,,1361,15988,Steve Beauharnais,steve beauharnais,LB,FA,2026-09-06T23:42:28.788368+00:00
00-0030119,26855,1522,15954,Sam Barrington,sam barrington,LB,FA,2026-09-06T23:42:28.788368+00:00
00-0030121,26862,1697,15905,David King,david king,DE,KCC,2026-09-06T23:42:28.788368+00:00
00-0030120,26860,1584,15899,B.J. Daniels,bj daniels,WR,FA,2026-09-06T23:42:28.788368+00:00
00-0030123,26864,1600,15902,Jared Smith,jared smith,DT,FA,2026-09-06T23:42:28.788368+00:00
00-0030427,26866,1542,16008,Kemal Ishmael,kemal ishmael,S,FA,2026-09-06T23:42:28.788368+00:00
00-0030124,26868,1515,16009,Brandon Hepburn,brandon hepburn,LB,DET,2026-09-06T23:42:28.788368+00:00
00-0030491,26871,1420,16030,Daimion Stafford,daimion stafford,S,PIT,2026-09-06T23:42:28.788368+00:00
00-0030395,26873,1355,15943,Don Jones,don jones,S,FA,2026-09-06T23:42:28.788368+00:00
00-0030128,26876,1491,15929,Michael Cox,michael cox,RB,FA,2026-09-06T23:42:28.788368+00:00
00-0029897,,1375,15931,Marc Anthony,marc anthony,CB,TBB,2026-09-06T23:42:28.788368+00:00
00-0030127,26875,1583,15888,Marcus Cooper,marcus cooper,CB,FA,2026-09-06T23:42:28.788368+00:00
00-0030129,26877,1436,15991,Justice Cunningham,justice cunningham,TE,FA,2026-09-06T23:42:28.788368+00:00
00-0030144,,,16204,Miguel Maysonet,miguel maysonet,RB,FA,2026-09-06T23:42:28.788368+00:00
00-0030150,27057,1336,16236,Matthew Tucker,matthew tucker,RB,PHI,2026-09-06T23:42:28.788368+00:00
00-0029795,27167,1564,16055,Benny Cunningham,benny cunningham,RB,FA,2026-09-06T23:42:28.788368+00:00
00-0029995,,,16374,T.J. Moe,tj moe,WR,FA,2026-09-06T23:42:28.788368+00:00
00-0029878,27213,1636,16323,MarQueis Gray,marqueis gray,TE,FA,2026-09-06T23:42:28.788368+00:00
00-0030320,26925,1624,16074,Michael Hill,michael hill,RB,DAL,2026-09-06T23:42:28.788368+00:00
00-0030439,,,16141,Mark Harrison,mark harrison,WR,FA,2026-09-06T23:42:28.788368+00:00
00-0029981,27254,1652,16414,Terrell Sinkfield,terrell sinkfield,WR,FA,2026-09-06T23:42:28.788368+00:00
00-0029952,26972,1665,16447,Tobais Palmer,tobais palmer,WR,FA,2026-09-06T23:42:28.788368+00:00
00-0030025,27273,1670,16155,Lawrence Okoye,lawrence okoye,DT,SFO,2026-09-06T23:42:28.788368+00:00
00-0030000,27235,1655,16381,Kenbrell Thompkins,kenbrell thompkins,WR,FA,2026-09-06T23:42:28.788368+00:00
00-0029857,26949,1550,16140,Ryan Griffin,ryan griffin,QB,FA,2026-09-06T23:42:28.788368+00:00
00-0030142,27059,1337,16241,Brad Wing,brad wing,PN,FA,2026-09-06T23:42:28.788368+00:00
00-0030175,26995,1610,16230,Ryan Spadola,ryan spadola,WR,ARI,2026-09-06T23:42:28.788368+00:00
00-0029830,,,16212,Keith Pough,keith pough,LB,FA,2026-09-06T23:42:28.788368+00:00
00-0030155,27174,1619,16318,Demetrius Harris,demetrius harris,TE,FA,2026-09-06T23:42:28.788368+00:00
00-0029885,,,16094,Steven Miller,steven miller,RB,DET,2026-09-06T23:42:28.788368+00:00
00-0029757,,,16293,Sam McGuffie,sam mcguffie,WR,FA,2026-09-06T23:42:28.788368+00:00
00-0030054,,,16466,Phillip Steward,phillip steward,LB,FA,2026-09-06T23:42:28.788368+00:00
00-0029854,26878,1451,16040,C.J. Anderson,cj anderson,RB,FA,2026-09-06T23:42:28.788368+00:00
00-0029971,,,16052,Jasper Collins,jasper collins,WR,FA,2026-09-06T23:42:28.788368+00:00
00-0030300,27074,1684,16172,Jaron Brown,jaron brown,WR,FA,2026-09-06T23:42:28.788368+00:00
00-0029792,27040,1539,16243,Paul Worrilow,paul worrilow,LB,FA,2026-09-06T23:42:28.788368+00:00
00-0029799,26887,1453,16090,Lerentee McCray,lerentee mccray,DE,FA,2026-09-06T23:42:28.788368+00:00
00-0029955,26975,1666,16449,LaRoy Reynolds,laroy reynolds,LB,FA,2026-09-06T23:42:28.788368+00:00
00-0029815,27113,1384,16256,Jayson DiManche,jayson dimanche,LB,FA,2026-09-06T23:42:28.788368+00:00
00-0030419,27429,1747,16593,Matt McGloin,matt mcgloin,QB,KCC,2026-09-06T23:42:28.788368+00:00
00-0030348,27378,1720,16530,Khiry Robinson,khiry robinson,RB,FA,2026-09-06T23:42:28.788368+00:00
00-0030012,,,16358,Matt Furstenburg,matt furstenburg,TE,FA,2026-09-06T23:42:28.788368+00:00
00-0030370,27405,1778,16520,Greg Jenkins,greg jenkins,WR,FA,2026-09-06T23:42:28.788368+00:00
00-0030200,,,16478,Brandon Magee,brandon magee,LB,FA,2026-09-06T23:42:28.788368+00:00
00-0029968,,,16369,Chad Bumphis,chad bumphis,WR,FA,2026-09-06T23:42:28.788368+00:00
00-0029931,27135,1693,16366,Zach Line,zach line,RB,FA,2026-09-06T23:42:28.788368+00:00
00-0030202,27338,1701,16480,Eric Rogers,eric rogers,WR,FA,2026-09-06T23:42:28.788368+00:00
00-0029977,27250,1650,16370,Cameron Marshall,cameron marshall,RB,FA,2026-09-06T23:42:28.788368+00:00
00-0030162,27181,1618,16273,Rico Richardson,rico richardson,WR,FA,2026-09-06T23:42:28.788368+00:00
00-0030219,26953,1775,16436,Eric Martin,eric martin,LB,CLE,2026-09-06T23:42:28.788368+00:00
00-0030400,27422,1675,16581,Marlon Brown,marlon brown,WR,FA,2026-09-06T23:42:28.788368+00:00
00-0030143,,,16202,Jake Knott,jake knott,LB,MIA,2026-09-06T23:42:28.788368+00:00
00-0029856,,,16113,Lamaar Thomas,lamaar thomas,WR,FA,2026-09-06T23:42:28.788368+00:00
00-0030050,27287,1770,16463,Ray-Ray Armstrong,ray-ray armstrong,LB,FA,2026-09-06T23:42:28.788368+00:00
00-0030215,,,16136,Glenn Foster,glenn foster,DE,FA,2026-09-06T23:42:28.788368+00:00
00-0030210,26897,1593,16087,John Lotulelei,john lotulelei,LB,JAC,2026-09-06T23:42:28.788368+00:00
00-0029770,27010,1537,16171,Joplo Bartu,joplo bartu,LB,FA,2026-09-06T23:42:28.788368+00:00
00-0030380,27413,1764,16528,Benson Mayowa,benson mayowa,DE,FA,2026-09-06T23:42:28.788368+00:00
00-0030148,27056,1334,16231,Damion Square,damion square,DT,FA,2026-09-06T23:42:28.788368+00:00
00-0029778,,,16196,Darius Johnson,darius johnson,WR,FA,2026-09-06T23:42:28.788368+00:00
00-0030312,26917,1620,16039,Jahleel Addae,jahleel addae,S,FA,2026-09-06T23:42:28.788368+00:00
00-0030246,27330,1680,16114,Justin Tuggle,justin tuggle,LB,FA,2026-09-06T23:42:28.788368+00:00
00-0029984,27219,1694,16382,Ryan Allen,ryan allen,PN,FA,2026-09-06T23:42:28.788368+00:00
00-0030041,27007,1672,16217,Nickell Robey,nickell robey-coleman,CB,FA,2026-09-06T23:42:28.788368+00:00
00-0029853,27146,1396,16312,Josh Aubrey,josh aubrey,S,TEN,2026-09-06T23:42:28.788368+00:00
00-0029945,,,16142,Paul Hazel,paul hazel,LB,CLE,2026-09-06T23:42:28.788368+00:00
00-0030221,26955,1755,16095,Keavon Milton,keavon milton,TE,CLE,2026-09-06T23:42:28.788368+00:00
00-0030131,27355,1735,16560,Andy Mulumba,andy mulumba,LB,FA,2026-09-06T23:42:28.788368+00:00
00-0030371,27406,1780,16531,Ryan Robinson,ryan robinson,DE,OAK,2026-09-06T23:42:28.788368+00:00
00-0030235,27329,1732,16556,Willie Jefferson,willie jefferson,LB,BUF,2026-09-06T23:42:28.788368+00:00
00-0029794,27166,1563,16299,Daren Bates,daren bates,LB,FA,2026-09-06T23:42:28.788368+00:00
00-0030228,27337,1674,16562,A.J. Bouye,aj bouye,CB,FA,2026-09-06T23:42:28.788368+00:00
00-0030052,27289,1710,16105,Gerald Rivers,gerald rivers,LB,FA,2026-09-06T23:42:28.788368+00:00
00-0030020,27269,1660,16419,Brynden Trawick,brynden trawick,S,FA,2026-09-06T23:42:28.788368+00:00
00-0030251,27093,161,16431,Wes Horton,wes horton,DE,FA,2026-09-06T23:42:28.788368+00:00
00-0030181,27299,1706,16504,Jack Doyle,jack doyle,TE,FA,2026-09-06T23:42:28.788368+00:00
00-0030161,27180,1617,16269,Bradley McDougald,bradley mcdougald,S,FA,2026-09-06T23:42:28.788368+00:00
00-0029972,27245,1646,16398,A.J. Francis,aj francis,DE,WAS,2026-09-06T23:42:28.788368+00:00
00-0030001,27236,1656,16421,Joe Vellano,joe vellano,DT,DAL,2026-09-06T23:42:28.788368+00:00
00-0030033,27275,1688,16457,Terence Garvin,terence garvin,LB,FA,2026-09-06T23:42:28.788368+00:00
00-0029880,,,16336,Jonathan Stewart,jonathan stewart,LB,FA,2026-09-06T23:42:28.788368+00:00
00-0029910,27050,1635,16285,Tim Wright,tim wright,TE,FA,2026-09-06T23:42:28.788368+00:00
00-0030216,26950,1777,16143,Josh Hill,josh hill,TE,FA,2026-09-06T23:42:28.788368+00:00
00-0029747,26621,1442,15782,Chris Banjo,chris banjo,S,FA,2026-09-06T23:42:28.788368+00:00
00-0030259,27101,1736,16443,Melvin White,melvin white,S,MIN,2026-09-06T23:42:28.788368+00:00
00-0029901,27041,1633,16270,Rashaan Melvin,rashaan melvin,CB,FA,2026-09-06T23:42:28.788368+00:00
00-0030224,26958,1734,16164,Rod Sweeting,rod sweeting,CB,FA,2026-09-06T23:42:28.788368+00:00
00-0030160,27179,1616,16268,Josh Martin,josh martin,LB,NOS,2026-09-06T23:42:28.788368+00:00
00-0030196,27345,1700,16473,Jeff Heath,jeff heath,S,FA,2026-09-06T23:42:28.788368+00:00
00-0030309,,1685,16181,Kenny Demens,kenny demens,LB,FA,2026-09-06T23:42:28.788368+00:00
00-0029888,27215,1638,16367,Darryl Morris,darryl morris,CB,FA,2026-09-06T23:42:28.788368+00:00
00-0029764,27105,1565,16286,Cody Davis,cody davis,S,FA,2026-09-06T23:42:28.788368+00:00
00-0029975,27248,1649,16363,Jordan Kovacs,jordan kovacs,S,KCC,2026-09-06T23:42:28.788368+00:00
00-0030263,27320,1683,16561,Charles James,charles james,CB,FA,2026-09-06T23:42:28.788368+00:00
00-0030231,27331,1676,16559,Ja'Gared Davis,jagared davis,LB,FA,2026-09-06T23:42:28.788368+00:00
00-0030141,,,16168,C.J. Wilson,cj wilson,CB,CHI,2026-09-06T23:42:28.788368+00:00
00-0030198,,,16476,Cameron Lawrence,cameron lawrence,LB,DAL,2026-09-06T23:42:28.788368+00:00
00-0030164,,,16180,Troy Davis,troy davis,LB,FA,2026-09-06T23:42:28.788368+00:00
00-0030274,27361,1765,16569,Myles White,myles white,WR,FA,2026-09-06T23:42:28.788368+00:00
00-0029868,,1627,16337,Skye Dawson,skye dawson,WR,DET,2026-09-06T23:42:28.788368+00:00
00-0030194,,,16471,Jakar Hamilton,jakar hamilton,CB,DAL,2026-09-06T23:42:28.788368+00:00
00-0029927,,1630,16062,Darius Eubanks,darius eubanks,S,CLE,2026-09-06T23:42:28.788368+00:00
00-0030132,27298,79,16568,Stefan Charles,stefan charles,DT,KCC,2026-09-06T23:42:28.788368+00:00
00-0030170,26989,1608,16206,Rontez Miles,rontez miles,S,FA,2026-09-06T23:42:28.788368+00:00
00-0029848,27201,1604,16345,Nick Williams,nick williams,WR,FA,2026-09-06T23:42:28.788368+00:00
00-0029953,,,16372,Lonnie Pryor,lonnie pryor,RB,TBB,2026-09-06T23:42:28.788368+00:00
00-0030171,26991,1609,16210,Chris Pantale,chris pantale,TE,MIA,2026-09-06T23:42:28.788368+00:00
00-0029744,26617,1762,15778,Josh McNary,josh mcnary,LB,FA,2026-09-06T23:42:28.788368+00:00
00-0030583,27468,1761,16632,Daniel Adongo,daniel adongo,LB,FA,2026-09-06T23:42:28.788368+00:00
00-0029754,,,16289,Shelton Johnson,shelton johnson,S,OAK,2026-09-06T23:42:28.788368+00:00
00-0030467,,,16607,Justin Veltung,justin veltung,WR,FA,2026-09-06T23:42:28.788368+00:00
00-0029974,,1648,16354,Keelan Johnson,keelan johnson,S,PHI,2026-09-06T23:42:28.788368+00:00
00-0029825,27123,1434,16302,Sheldon Price,sheldon price,CB,BAL,2026-09-06T23:42:28.788368+00:00
00-0029781,,,16215,Adam Replogle,adam replogle,DT,ATL,2026-09-06T23:42:28.788368+00:00
00-0029869,27203,1626,16324,Will Compton,will compton,LB,FA,2026-09-06T23:42:28.788368+00:00
00-0030039,27002,1671,16066,Kendall Gaskins,kendall gaskins,RB,FA,2026-09-06T23:42:28.788368+00:00
00-0028627,25493,1771,14688,Marcus Harris,marcus harris,WR,NYG,2026-09-06T23:42:28.788368+00:00
00-0029331,25964,,15552,Alvester Alexander,alvester alexander,RB,FA,2026-09-06T23:42:28.788368+00:00
00-0030447,,,16602,Charles Hawkins,charles hawkins,WR,FA,2026-09-06T23:42:28.788368+00:00
00-0029394,26096,1742,15547,Brenton Bersin,brenton bersin,WR,FA,2026-09-06T23:42:28.788368+00:00
00-0028411,25120,2291,14269,Dontrelle Inman,dontrelle inman,WR,FA,2026-09-06T23:42:28.788368+00:00
00-0029755,27065,1468,16265,Brian Leonhardt,brian leonhardt,TE,SFO,2026-09-06T23:42:28.788368+00:00
00-0030247,27312,1681,16488,George Winn,george winn,RB,NYG,2026-09-06T23:42:28.788368+00:00
00-0030154,27173,1614,16260,Frankie Hammond,frankie hammond,WR,NYJ,2026-09-06T23:42:28.788368+00:00
00-0029942,26962,1662,16131,Marcus Burley,marcus burley,CB,FA,2026-09-06T23:42:28.788368+00:00
00-0030551,27459,1713,16623,Colton Schmidt,colton schmidt,PN,FA,2026-09-06T23:42:28.788368+00:00
00-0030140,26945,1506,16166,Tress Way,tress way,PN,WAS,2026-09-06T23:42:28.788368+00:00
00-0029863,27162,1611,16317,Jordan Campbell,jordan campbell,RB,FA,2026-09-06T23:42:28.788368+00:00
00-0029729,26601,1551,15765,Austin Johnson,austin johnson,RB,FA,2026-09-06T23:42:28.788368+00:00
00-0029112,26300,1773,15256,Jacquies Smith,jacquies smith,DE,FA,2026-09-06T23:42:28.788368+00:00
00-0029940,26960,1661,16127,T.J. Barnes,tj barnes,DT,FA,2026-09-06T23:42:28.788368+00:00
00-0030187,27305,1724,16566,Rashad Ross,rashad ross,WR,FA,2026-09-06T23:42:28.788368+00:00
00-0030275,26939,1504,16144,Demontre Hurst,demontre hurst,S,FA,2026-09-06T23:42:28.788368+00:00
00-0030647,27527,2129,16705,Jordan Thompson,jordan thompson,TE,DET,2026-09-06T23:42:28.788368+00:00
00-0029328,,2296,15544,Terrance Parks,terrance parks,S,FA,2026-09-06T23:42:28.788368+00:00
00-0028846,26180,1708,15156,Peyton Thompson,peyton thompson,S,FA,2026-09-06T23:42:28.788368+00:00
00-0029890,27217,1640,16377,Mike Purcell,mike purcell,DT,FA,2026-09-06T23:42:28.788368+00:00
00-0030677,27819,1998,16965,Kenny Anunike,kenny anunike,DE,NYJ,2026-09-06T23:42:28.788368+00:00
00-0030240,27319,1678,16502,Uzoma Nwachukwu,uzoma nwachukwu,WR,FA,2026-09-06T23:42:28.788368+00:00
00-0030034,27284,1691,16462,Chuck Jacobs,chuck jacobs,WR,BAL,2026-09-06T23:42:28.788368+00:00
00-0030615,27494,1785,16665,James Winchester,james winchester,TE,KCC,2026-09-06T23:42:28.788368+00:00
00-0029417,25836,1100,15019,Jared Crick,jared crick,DE,FA,2026-09-06T23:42:28.788368+00:00
00-0029668,25711,1111,14874,Andrew Luck,andrew luck,QB,FA,2026-09-06T23:42:28.788368+00:00
00-0029665,25712,1169,14875,Robert Griffin III,robert griffin,QB,FA,2026-09-06T23:42:28.788368+00:00
00-0029701,25718,1049,14876,Ryan Tannehill,ryan tannehill,QB,FA,2026-09-06T23:42:28.788368+00:00
00-0029677,25732,1085,14878,Brandon Weeden,brandon weeden,QB,HOU,2026-09-06T23:42:28.788368+00:00
00-0029567,25798,1029,14877,Nick Foles,nick foles,QB,FA,2026-09-06T23:42:28.788368+00:00
00-0029604,25812,1166,14880,Kirk Cousins,kirk cousins,QB,LVR,2026-09-06T23:42:28.788368+00:00
00-0029234,26399,1158,14882,Kellen Moore,kellen moore,QB,FA,2026-09-06T23:42:28.788368+00:00
00-0029682,25767,1126,14879,Brock Osweiler,brock osweiler,QB,FA,2026-09-06T23:42:28.788368+00:00
00-0029263,25785,1234,14881,Russell Wilson,russell wilson,QB,FA,2026-09-06T23:42:28.788368+00:00
00-0029554,,1109,15007,Chandler Harnish,chandler harnish,QB,IND,2026-09-06T23:42:28.788368+00:00
00-0029531,25895,1221,14883,Ryan Lindley,ryan lindley,QB,FA,2026-09-06T23:42:28.788368+00:00
00-0029675,25713,1082,14884,Trent Richardson,trent richardson,RB,FA,2026-09-06T23:42:28.788368+00:00
00-0029251,25742,,14887,David Wilson,david wilson,RB,FA,2026-09-06T23:42:28.788368+00:00
00-0029615,25807,1048,14886,Lamar Miller,lamar miller,RB,FA,2026-09-06T23:42:28.788368+00:00
00-0029613,25741,1195,14885,Doug Martin,doug martin,RB,FA,2026-09-06T23:42:28.788368+00:00
00-0029438,26006,1033,14889,Chris Polk,chris polk,RB,FA,2026-09-06T23:42:28.788368+00:00
00-0029260,25771,1225,14890,LaMichael James,lamichael james,RB,FA,2026-09-06T23:42:28.788368+00:00
00-0029140,25869,,14896,Chris Rainey,chris rainey,RB,FA,2026-09-06T23:42:28.788368+00:00
00-0029264,25794,1263,14891,Bernard Pierce,bernard pierce,RB,FA,2026-09-06T23:42:28.788368+00:00
00-0029273,25816,1232,14894,Robert Turbin,robert turbin,RB,FA,2026-09-06T23:42:28.788368+00:00
00-0029547,25880,1106,14898,Vick Ballard,vick ballard,RB,FA,2026-09-06T23:42:28.788368+00:00
00-0029722,,,15749,Jeff Demps,jeff demps,RB,IND,2026-09-06T23:42:28.788368+00:00
00-0029298,25892,1130,14897,Cyrus Gray,cyrus gray,RB,ATL,2026-09-06T23:42:28.788368+00:00
00-0029626,25760,1206,14888,Isaiah Pead,isaiah pead,RB,FA,2026-09-06T23:42:28.788368+00:00
00-0029707,25715,1114,14907,Justin Blackmon,justin blackmon,WR,FA,2026-09-06T23:42:28.788368+00:00
00-0029708,25730,1097,14909,Kendall Wright,kendall wright,WR,FA,2026-09-06T23:42:28.788368+00:00
00-0029638,25723,1219,14908,Michael Floyd,michael floyd,WR,FA,2026-09-06T23:42:28.788368+00:00
00-0029137,25755,1149,14912,Alshon Jeffery,alshon jeffery,WR,FA,2026-09-06T23:42:28.788368+00:00
00-0029632,25793,1071,14922,Mohamed Sanu,mohamed sanu,WR,FA,2026-09-06T23:42:28.788368+00:00
00-0029271,25814,,14917,Joe Adams,joe adams,WR,FA,2026-09-06T23:42:28.788368+00:00
00-0029262,25773,1164,14911,Rueben Randle,rueben randle,WR,FA,2026-09-06T23:42:28.788368+00:00
00-0029424,,,14915,Marvin McNutt,marvin mcnutt,WR,FA,2026-09-06T23:42:28.788368+00:00
00-0029513,,,15641,Dwight Jones,dwight jones,WR,FA,2026-09-06T23:42:28.788368+00:00
00-0029103,,,15348,Jeff Fuller,jeff fuller,WR,FA,2026-09-06T23:42:28.788368+00:00
00-0029608,25802,1110,14924,T.Y. Hilton,ty hilton,WR,FA,2026-09-06T23:42:28.788368+00:00
00-0029673,25778,1104,14969,DeVier Posey,devier posey,WR,FA,2026-09-06T23:42:28.788368+00:00
00-0029667,25832,1189,14921,Nick Toon,nick toon,WR,FA,2026-09-06T23:42:28.788368+00:00
00-0029209,25764,1154,14919,Ryan Broyles,ryan broyles,WR,FA,2026-09-06T23:42:28.788368+00:00
00-0029227,,,15474,Patrick Edwards,patrick edwards,WR,FA,2026-09-06T23:42:28.788368+00:00
00-0029572,25828,1215,14918,Jarius Wright,jarius wright,WR,FA,2026-09-06T23:42:28.788368+00:00
00-0029640,25743,1208,14914,Brian Quick,brian quick,WR,FA,2026-09-06T23:42:28.788368+00:00
00-0029614,25806,1201,15078,Chris Givens,chris givens,WR,FA,2026-09-06T23:42:28.788368+00:00
00-0029269,25810,1077,15062,Travis Benjamin,travis benjamin,WR,FA,2026-09-06T23:42:28.788368+00:00
00-0029293,25876,1067,15072,Marvin Jones,marvin jones,WR,FA,2026-09-06T23:42:28.788368+00:00
00-0029564,,,15037,B.J. Cunningham,bj cunningham,WR,FA,2026-09-06T23:42:28.788368+00:00
00-0029098,,,15385,Eric Page,eric page,WR,FA,2026-09-06T23:42:28.788368+00:00
00-0028905,26261,7509,15230,Chris Owusu,chris owusu,WR,NYJ,2026-09-06T23:42:28.788368+00:00
00-0029689,25774,1105,14901,Dwayne Allen,dwayne allen,TE,FA,2026-09-06T23:42:28.788368+00:00
00-0029697,25744,1107,14900,Coby Fleener,coby fleener,TE,FA,2026-09-06T23:42:28.788368+00:00
00-0029275,25820,1139,14904,Ladarius Green,ladarius green,TE,FA,2026-09-06T23:42:28.788368+00:00
00-0029694,25788,1256,14903,Michael Egnew,michael egnew,TE,PIT,2026-09-06T23:42:28.788368+00:00
00-0028868,,,15148,Deangelo Peterson,deangelo peterson,TE,WAS,2026-09-06T23:42:28.788368+00:00
00-0029414,25826,1065,14902,Orson Charles,orson charles,TE,FA,2026-09-06T23:42:28.788368+00:00
00-0029559,25726,1051,14934,Quinton Coples,quinton coples,DE,FA,2026-09-06T23:42:28.788368+00:00
00-0029249,25728,1141,14926,Melvin Ingram,melvin ingram,DE,FA,2026-09-06T23:42:28.788368+00:00
00-0029408,25738,1177,14929,Nick Perry,nick perry,LB,FA,2026-09-06T23:42:28.788368+00:00
00-0029210,,,15095,Ronnell Lewis,ronnell lewis,DE,FA,2026-09-06T23:42:28.788368+00:00
00-0029600,25748,1116,14952,Andre Branch,andre branch,DE,FA,2026-09-06T23:42:28.788368+00:00
00-0029585,25731,1038,14927,Chandler Jones,chandler jones,DE,FA,2026-09-06T23:42:28.788368+00:00
00-0029643,25736,1103,14936,Whitney Mercilus,whitney mercilus,DE,FA,2026-09-06T23:42:28.788368+00:00
00-0029412,25769,1028,14959,Vinny Curry,vinny curry,DE,FA,2026-09-06T23:42:28.788368+00:00
00-0029617,25874,1240,15099,Jonathan Massaquoi,jonathan massaquoi,LB,FA,2026-09-06T23:42:28.788368+00:00
00-0029684,25803,1270,14965,Brandon Thompson,brandon thompson,DT,CIN,2026-09-06T23:42:28.788368+00:00
00-0029257,25761,1179,14967,Jerel Worthy,jerel worthy,DT,FA,2026-09-06T23:42:28.788368+00:00
00-0029258,25763,1072,14963,Devon Still,devon still,DE,FA,2026-09-06T23:42:28.788368+00:00
00-0029688,25721,1131,14939,Dontari Poe,dontari poe,DT,FA,2026-09-06T23:42:28.788368+00:00
00-0029653,25722,1027,14941,Fletcher Cox,fletcher cox,DT,FA,2026-09-06T23:42:28.788368+00:00
00-0029630,25724,1197,14944,Michael Brockers,michael brockers,DT,FA,2026-09-06T23:42:28.788368+00:00
00-0029252,25745,1063,14970,Courtney Upshaw,courtney upshaw,DE,FA,2026-09-06T23:42:28.788368+00:00
00-0029594,25796,1092,14972,Sean Spence,sean spence,LB,FA,2026-09-06T23:42:28.788368+00:00
00-0029193,25725,1242,14946,Bruce Irvin,bruce irvin,DE,FA,2026-09-06T23:42:28.788368+00:00
00-0029217,25933,1157,15011,Travis Lewis,travis lewis,LB,FA,2026-09-06T23:42:28.788368+00:00
00-0029562,25768,1192,14985,Lavonte David,lavonte david,LB,FA,2026-09-06T23:42:28.788368+00:00
00-0029545,25829,1171,15017,Keenan Robinson,keenan robinson,LB,FA,2026-09-06T23:42:28.788368+00:00
00-0029566,25762,1093,14973,Zach Brown,zach brown,LB,FA,2026-09-06T23:42:28.788368+00:00
00-0028912,26238,1064,15246,Vontaze Burfict,vontaze burfict,LB,FA,2026-09-06T23:42:28.788368+00:00
00-0029248,25719,1181,14938,Luke Kuechly,luke kuechly,LB,FA,2026-09-06T23:42:28.788368+00:00
00-0029669,25735,1037,14933,Dont'a Hightower,donta hightower,LB,FA,2026-09-06T23:42:28.788368+00:00
00-0029255,25757,1233,14979,Bobby Wagner,bobby wagner,LB,FA,2026-09-06T23:42:28.788368+00:00
00-0029578,25920,1210,15023,Audie Cole,audie cole,LB,FA,2026-09-06T23:42:28.788368+00:00
00-0029676,25716,1145,14943,Morris Claiborne,morris claiborne,CB,FA,2026-09-06T23:42:28.788368+00:00
00-0029560,25727,1068,14940,Dre Kirkpatrick,dre kirkpatrick,CB,FA,2026-09-06T23:42:28.788368+00:00
00-0029681,25749,1203,14974,Janoris Jenkins,janoris jenkins,CB,FA,2026-09-06T23:42:28.788368+00:00
00-0029596,,,15053,Alfonzo Dennard,alfonzo dennard,CB,FA,2026-09-06T23:42:28.788368+00:00
00-0029416,25833,1025,15057,Brandon Boykin,brandon boykin,CB,CHI,2026-09-06T23:42:28.788368+00:00
00-0029670,25717,1255,14932,Mark Barron,mark barron,LB,FA,2026-09-06T23:42:28.788368+00:00
00-0029606,25739,1213,14945,Harrison Smith,harrison smith,S,FA,2026-09-06T23:42:28.788368+00:00
00-0029215,25877,1066,15085,George Iloka,george iloka,S,FA,2026-09-06T23:42:28.788368+00:00
00-0029569,,,15066,Markelle Martin,markelle martin,S,FA,2026-09-06T23:42:28.788368+00:00
00-0029525,,,14350,Brandon Taylor,brandon taylor,S,FA,2026-09-06T23:42:28.788368+00:00
00-0029297,25890,1228,15049,Trent Robinson,trent robinson,S,FA,2026-09-06T23:42:28.788368+00:00
00-0029553,25952,1286,15061,Antonio Allen,antonio allen,S,FA,2026-09-06T23:42:28.788368+00:00
00-0029542,25720,1043,14942,Stephon Gilmore,stephon gilmore,CB,FA,2026-09-06T23:42:28.788368+00:00
00-0028970,,,16446,Chase Minnifield,chase minnifield,CB,WAS,2026-09-06T23:42:28.788368+00:00
00-0029087,26043,1194,15398,Leonard Johnson,leonard johnson,CB,FA,2026-09-06T23:42:28.788368+00:00
00-0029267,25804,1162,14983,Jayron Hosley,jayron hosley,CB,NYG,2026-09-06T23:42:28.788368+00:00
00-0029261,25772,1175,14966,Casey Hayward,casey hayward,CB,FA,2026-09-06T23:42:28.788368+00:00
00-0028995,25753,1054,14910,Stephen Hill,stephen hill,WR,FA,2026-09-06T23:42:28.788368+00:00
00-0028842,,,14871,Hayden Smith,hayden smith,TE,FA,2026-09-06T23:42:28.788368+00:00
00-0029654,25740,1226,14947,A.J. Jenkins,aj jenkins,WR,FA,2026-09-06T23:42:28.788368+00:00
00-0029250,25729,1150,14937,Shea McClellin,shea mcclellin,LB,FA,2026-09-06T23:42:28.788368+00:00
00-0029586,25746,1128,14964,Derek Wolfe,derek wolfe,DE,FA,2026-09-06T23:42:28.788368+00:00
00-0029409,25756,1032,14978,Mychal Kendricks,mychal kendricks,LB,FA,2026-09-06T23:42:28.788368+00:00
00-0029410,25758,1039,14977,Tavon Wilson,tavon wilson,S,FA,2026-09-06T23:42:28.788368+00:00
00-0029256,25759,1143,14953,Kendall Reyes,kendall reyes,DE,FA,2026-09-06T23:42:28.788368+00:00
00-0029690,25775,1204,14989,Trumaine Johnson,trumaine johnson,CB,FA,2026-09-06T23:42:28.788368+00:00
00-0029691,25776,1254,14948,Josh Robinson,josh robinson,CB,FA,2026-09-06T23:42:28.788368+00:00
00-0029683,25777,1123,14895,Ronnie Hillman,ronnie hillman,RB,FA,2026-09-06T23:42:28.788368+00:00
00-0029660,25779,1045,14920,T.J. Graham,tj graham,WR,FA,2026-09-06T23:42:28.788368+00:00
00-0029692,25780,1113,14950,Bryan Anger,bryan anger,PN,DAL,2026-09-06T23:42:28.788368+00:00
00-0029693,25782,1259,14982,Olivier Vernon,olivier vernon,DE,FA,2026-09-06T23:42:28.788368+00:00
00-0029607,25787,1052,14958,Demario Davis,demario davis,LB,NYJ,2026-09-06T23:42:28.788368+00:00
00-0029526,,,14949,Brandon Hardin,brandon hardin,S,NYJ,2026-09-06T23:42:28.788368+00:00
00-0029639,25790,1218,14955,Jamell Fleming,jamell fleming,S,FA,2026-09-06T23:42:28.788368+00:00
00-0029641,25791,1146,14987,Tyrone Crawford,tyrone crawford,DT,FA,2026-09-06T23:42:28.788368+00:00
00-0029544,25792,1094,14988,Mike Martin,mike martin,DT,FA,2026-09-06T23:42:28.788368+00:00
00-0029265,,7511,14980,Dwight Bentley,dwight bentley,CB,FA,2026-09-06T23:42:28.788368+00:00
00-0029266,25797,1080,14954,John Hughes,john hughes,DT,FA,2026-09-06T23:42:28.788368+00:00
00-0029657,25799,1186,14984,Akiem Hicks,akiem hicks,DT,FA,2026-09-06T23:42:28.788368+00:00
00-0029646,,,14960,Jake Bequette,jake bequette,DE,FA,2026-09-06T23:42:28.788368+00:00
00-0029563,25811,1121,14997,Omar Bolden,omar bolden,S,FA,2026-09-06T23:42:28.788368+00:00
00-0029270,25813,1180,15010,Frank Alexander,frank alexander,DE,CAR,2026-09-06T23:42:28.788368+00:00
00-0029272,25815,1040,15075,Nigel Bradham,nigel bradham,LB,FA,2026-09-06T23:42:28.788368+00:00
00-0029274,25817,1133,14923,Devon Wylie,devon wylie,WR,STL,2026-09-06T23:42:28.788368+00:00
00-0029138,25819,1251,15101,Alameda Ta'amu,alameda taamu,DT,FA,2026-09-06T23:42:28.788368+00:00
00-0029276,25821,1152,15000,Evan Rodriguez,evan rodriguez,TE,FA,2026-09-06T23:42:28.788368+00:00
00-0029647,25823,1148,15038,Kyle Wilber,kyle wilber,LB,LVR,2026-09-06T23:42:28.788368+00:00
00-0029277,25824,1229,15005,Jaye Howard,jaye howard,DE,FA,2026-09-06T23:42:28.788368+00:00
00-0029529,25825,1095,14998,Coty Sensabaugh,coty sensabaugh,CB,FA,2026-09-06T23:42:28.788368+00:00
00-0029279,25830,1081,15032,James-Michael Johnson,james-michael johnson,LB,MIA,2026-09-06T23:42:28.788368+00:00
00-0029415,25831,1102,14916,Keshawn Martin,keshawn martin,WR,FA,2026-09-06T23:42:28.788368+00:00
00-0029280,25834,1041,15008,Ron Brooks,ron brooks,CB,FA,2026-09-06T23:42:28.788368+00:00
00-0029281,25837,1165,14905,Adrien Robinson,adrien robinson,TE,NYJ,2026-09-06T23:42:28.788368+00:00
00-0029587,25838,1211,15003,Rhett Ellison,rhett ellison,TE,FA,2026-09-06T23:42:28.788368+00:00
00-0029631,,,15006,Miles Burris,miles burris,LB,FA,2026-09-06T23:42:28.788368+00:00
00-0029282,,,15056,Christian Thompson,christian thompson,S,FA,2026-09-06T23:42:28.788368+00:00
00-0029284,25842,1174,14994,Mike Daniels,mike daniels,DT,FA,2026-09-06T23:42:28.788368+00:00
00-0029211,,,15036,Jerron McMillian,jerron mcmillian,S,FA,2026-09-06T23:42:28.788368+00:00
00-0029573,,,15083,Greg Childs,greg childs,WR,FA,2026-09-06T23:42:28.788368+00:00
00-0029648,,,15119,Matt Johnson,matt johnson,S,FA,2026-09-06T23:42:28.788368+00:00
00-0029574,25846,1294,15039,Josh Chapman,josh chapman,DT,FA,2026-09-06T23:42:28.788368+00:00
00-0029568,25847,1124,15047,Malik Jackson,malik jackson,DT,FA,2026-09-06T23:42:28.788368+00:00
00-0029212,25848,1160,15070,Tahir Whitehead,tahir whitehead,LB,FA,2026-09-06T23:42:28.788368+00:00
00-0029575,25849,1209,15079,Robert Blanton,robert blanton,S,FA,2026-09-06T23:42:28.788368+00:00
00-0029418,25850,1193,15068,Najee Goode,najee goode,LB,FA,2026-09-06T23:42:28.788368+00:00
00-0029620,25852,1118,15002,Brandon Marshall,brandon marshall,LB,FA,2026-09-06T23:42:28.788368+00:00
00-0029285,25853,1182,15124,Josh Norman,josh norman,CB,FA,2026-09-06T23:42:28.788368+00:00
00-0029590,25855,1073,15067,Taylor Thompson,taylor thompson,TE,FA,2026-09-06T23:42:28.788368+00:00
00-0029541,,,15104,DeQuan Menzie,dequan menzie,S,CAR,2026-09-06T23:42:28.788368+00:00
00-0029287,25857,1042,15014,Tank Carder,tank carder,LB,FA,2026-09-06T23:42:28.788368+00:00
00-0029213,,1156,15100,Chris Greenwood,chris greenwood,CB,DET,2026-09-06T23:42:28.788368+00:00
00-0029633,,,15034,Danny Coale,danny coale,WR,FA,2026-09-06T23:42:28.788368+00:00
00-0029289,25864,325,15112,Korey Toomer,korey toomer,LB,FA,2026-09-06T23:42:28.788368+00:00
00-0029595,,1285,15069,Josh Kaddu,josh kaddu,LB,MIN,2026-09-06T23:42:28.788368+00:00
00-0029214,25866,1069,15048,Shaun Prater,shaun prater,CB,ARI,2026-09-06T23:42:28.788368+00:00
00-0029420,,,15050,Bradie Ewing,bradie ewing,RB,FA,2026-09-06T23:42:28.788368+00:00
00-0029627,25868,1136,15090,Jack Crawford,jack crawford,DE,FA,2026-09-06T23:42:28.788368+00:00
00-0029421,25871,1099,15091,Randy Bullock,randy bullock,PK,FA,2026-09-06T23:42:28.788368+00:00
00-0029658,25872,1191,15086,Corey White,corey white,CB,CLE,2026-09-06T23:42:28.788368+00:00
00-0029291,,1249,15110,Terrell Manning,terrell manning,LB,MIA,2026-09-06T23:42:28.788368+00:00
00-0029292,25875,1224,15080,Darius Fleming,darius fleming,LB,SFO,2026-09-06T23:42:28.788368+00:00
00-0029702,25878,1137,15044,Juron Criner,juron criner,WR,FA,2026-09-06T23:42:28.788368+00:00
00-0029294,25879,1056,15081,Asa Jackson,asa jackson,CB,DET,2026-09-06T23:42:28.788368+00:00
00-0029621,25881,1266,14993,Greg Zuerlein,greg zuerlein,PK,FA,2026-09-06T23:42:28.788368+00:00
00-0029295,25882,1230,15087,Jeremy Lane,jeremy lane,CB,FA,2026-09-06T23:42:28.788368+00:00
00-0029141,25883,1170,15009,Alfred Morris,alfred morris,RB,FA,2026-09-06T23:42:28.788368+00:00
00-0029422,25884,1196,15001,Keith Tandy,keith tandy,S,FA,2026-09-06T23:42:28.788368+00:00
00-0029576,25885,1214,15058,Blair Walsh,blair walsh,PK,FA,2026-09-06T23:42:28.788368+00:00
00-0029610,,1117,15106,Mike Harris,mike harris,CB,FA,2026-09-06T23:42:28.788368+00:00
00-0029530,25887,1216,15089,Justin Bethel,justin bethel,CB,FA,2026-09-06T23:42:28.788368+00:00
00-0029142,25891,1241,15073,Winston Guy,winston guy,S,FA,2026-09-06T23:42:28.788368+00:00
00-0029299,25894,1733,15084,Isaiah Frey,isaiah frey,CB,PIT,2026-09-06T23:42:28.788368+00:00
00-0029634,25896,1147,14906,James Hanna,james hanna,TE,FA,2026-09-06T23:42:28.788368+00:00
00-0029143,25897,1260,15113,Josh Bush,josh bush,S,FA,2026-09-06T23:42:28.788368+00:00
00-0029577,25898,1127,15074,Danny Trevathan,danny trevathan,LB,FA,2026-09-06T23:42:28.788368+00:00
00-0029628,25899,1135,15103,Christo Bilukidi,christo bilukidi,DT,FA,2026-09-06T23:42:28.788368+00:00
00-0029588,25901,1307,15041,Dan Herron,dan herron,RB,FA,2026-09-06T23:42:28.788368+00:00
00-0029423,,,15060,Charles Mitchell,charles mitchell,S,DEN,2026-09-06T23:42:28.788368+00:00
00-0029216,25906,1155,15128,Jonte Green,jonte green,CB,BUF,2026-09-06T23:42:28.788368+00:00
00-0029570,25907,1035,15125,Nate Ebner,nate ebner,S,FA,2026-09-06T23:42:28.788368+00:00
00-0029300,25908,1060,15063,Tommy Streeter,tommy streeter,WR,FA,2026-09-06T23:42:28.788368+00:00
00-0029427,25912,,14899,Terrance Ganaway,terrance ganaway,RB,FA,2026-09-06T23:42:28.788368+00:00
00-0029428,,1075,15045,Emmanuel Acho,emmanuel acho,LB,FA,2026-09-06T23:42:28.788368+00:00
00-0029303,25915,1086,15021,Billy Winn,billy winn,DE,FA,2026-09-06T23:42:28.788368+00:00
00-0029548,25916,,15033,LaVon Brazill,lavon brazill,WR,FA,2026-09-06T23:42:28.788368+00:00
00-0029304,25917,1183,15051,Brad Nortman,brad nortman,PN,FA,2026-09-06T23:42:28.788368+00:00
00-0029611,,,15126,Aaron Brown,aaron brown,LB,FA,2026-09-06T23:42:28.788368+00:00
00-0029589,,1096,15028,Scott Solomon,scott solomon,LB,FA,2026-09-06T23:42:28.788368+00:00
00-0029145,25922,,15127,Michael Smith,michael smith,RB,FA,2026-09-06T23:42:28.788368+00:00
00-0028996,25923,1167,15129,Richard Crawford,richard crawford,CB,FA,2026-09-06T23:42:28.788368+00:00
00-0029550,,,15117,Tim Fugger,tim fugger,LB,ARI,2026-09-06T23:42:28.788368+00:00
00-0029571,,,15046,Kheeston Randall,kheeston randall,DT,MIN,2026-09-06T23:42:28.788368+00:00
00-0029305,,,15116,D.J. Campbell,dj campbell,S,FA,2026-09-06T23:42:28.788368+00:00
00-0028997,,,15115,Jordan Bernstine,jordan bernstine,S,FA,2026-09-06T23:42:28.788368+00:00
00-0029306,,,15122,Jerome Long,jerome long,DT,JAC,2026-09-06T23:42:28.788368+00:00
00-0029307,,,15015,Greg McCoy,greg mccoy,CB,FA,2026-09-06T23:42:28.788368+00:00
00-0029635,,,15088,Caleb McSurdy,caleb mcsurdy,LB,FA,2026-09-06T23:42:28.788368+00:00
00-0029146,25935,1243,15025,JR Sweezy,jr sweezy,DE,SEA,2026-09-06T23:42:28.788368+00:00
00-0029580,25937,1046,15102,Rishard Matthews,rishard matthews,WR,FA,2026-09-06T23:42:28.788368+00:00
00-0029622,,1252,15114,Jeris Pendleton,jeris pendleton,DE,FA,2026-09-06T23:42:28.788368+00:00
00-0029429,25939,1026,15092,Bryce Brown,bryce brown,RB,FA,2026-09-06T23:42:28.788368+00:00
00-0029629,25940,1729,15040,Nathan Stupar,nathan stupar,LB,FA,2026-09-06T23:42:28.788368+00:00
00-0029204,,,15118,Toney Clemons,toney clemons,WR,CAR,2026-09-06T23:42:28.788368+00:00
00-0029308,25942,1231,15120,Greg Scruggs,greg scruggs,TE,NEP,2026-09-06T23:42:28.788368+00:00
00-0029147,,,14996,Drake Dunsmore,drake dunsmore,TE,TBB,2026-09-06T23:42:28.788368+00:00
00-0029552,,,15052,Jeremy Ebert,jeremy ebert,WR,FA,2026-09-06T23:42:28.788368+00:00
00-0029309,25946,1062,15059,Deangelo Tyson,deangelo tyson,DE,SEA,2026-09-06T23:42:28.788368+00:00
00-0029310,25947,1328,15064,Cam Johnson,cam johnson,DE,FA,2026-09-06T23:42:28.788368+00:00
00-0029311,25948,1330,15029,Junior Hemingway,junior hemingway,WR,FA,2026-09-06T23:42:28.788368+00:00
00-0029312,25949,1163,15024,Markus Kuhn,markus kuhn,DT,FA,2026-09-06T23:42:28.788368+00:00
00-0029218,25950,1091,15043,David Paulson,david paulson,TE,FA,2026-09-06T23:42:28.788368+00:00
00-0029219,,,15018,B.J. Coleman,bj coleman,QB,FA,2026-09-06T23:42:28.788368+00:00
00-0029642,,,14991,Jordan White,jordan white,WR,FA,2026-09-06T23:42:28.788368+00:00
00-0029314,25955,1084,15016,Trevin Wade,trevin wade,CB,FA,2026-09-06T23:42:28.788368+00:00
00-0029220,25956,1319,15065,Terrence Frederick,terrence frederick,CB,FA,2026-09-06T23:42:28.788368+00:00
00-0029315,25957,1314,15055,Brad Smelley,brad smelley,TE,STL,2026-09-06T23:42:28.788368+00:00
00-0029430,,,15012,Travian Robertson,travian robertson,DT,ATL,2026-09-06T23:42:28.788368+00:00
00-0029317,25960,1324,14892,Edwin Baker,edwin baker,RB,FA,2026-09-06T23:42:28.788368+00:00
00-0029318,,,15121,John Potter,john potter,PK,FA,2026-09-06T23:42:28.788368+00:00
00-0029612,25962,1265,15111,Daryl Richardson,daryl richardson,RB,FA,2026-09-06T23:42:28.788368+00:00
00-0028843,,,14872,Andre Hardy,andre hardy,TE,FA,2026-09-06T23:42:28.788368+00:00
00-0029401,,,14893,Tauren Poole,tauren poole,RB,FA,2026-09-06T23:42:28.788368+00:00
00-0029384,26455,1059,15501,Bobby Rainey,bobby rainey,RB,FA,2026-09-06T23:42:28.788368+00:00
00-0029051,26083,1173,15358,Jarrett Boykin,jarrett boykin,WR,FA,2026-09-06T23:42:28.788368+00:00
00-0029239,26389,1034,15478,Brandon Bolden,brandon bolden,RB,FA,2026-09-06T23:42:28.788368+00:00
00-0028892,25984,1274,15214,Gerrell Robinson,gerrell robinson,TE,FA,2026-09-06T23:42:28.788368+00:00
00-0029623,26547,1262,15693,Alex Tanney,alex tanney,QB,FA,2026-09-06T23:42:28.788368+00:00
00-0028992,,,15255,Dale Moss,dale moss,WR,CHI,2026-09-06T23:42:28.788368+00:00
00-0029119,26416,1718,15403,Derek Carrier,derek carrier,TE,FA,2026-09-06T23:42:28.788368+00:00
00-0028872,26350,1202,15153,Johnny Hekker,johnny hekker,PN,FA,2026-09-06T23:42:28.788368+00:00
00-0028986,26483,1737,15168,Case Keenum,case keenum,QB,CHI,2026-09-06T23:42:28.788368+00:00
00-0029241,,,15468,Justin Francis,justin francis,DE,FA,2026-09-06T23:42:28.788368+00:00
00-0029435,26004,1030,15624,Damaris Johnson,damaris johnson,WR,FA,2026-09-06T23:42:28.788368+00:00
00-0028930,,,15197,Josh Cooper,josh cooper,WR,FA,2026-09-06T23:42:28.788368+00:00
00-0029129,26428,1138,15391,Rod Streater,rod streater,WR,FA,2026-09-06T23:42:28.788368+00:00
00-0029388,26456,1061,15503,Deonte Thompson,deonte thompson,WR,FA,2026-09-06T23:42:28.788368+00:00
00-0029465,,,15588,Brandon Collins,brandon collins,WR,NYG,2026-09-06T23:42:28.788368+00:00
00-0029169,,,15420,Chris Givens,chris givens,WR,FA,2026-09-06T23:42:28.788368+00:00
00-0029664,26561,1244,15705,Josh Gordon,josh gordon,WR,FA,2026-09-06T23:42:28.788368+00:00
00-0029004,26064,1284,15369,Lance Dunbar,lance dunbar,RB,FA,2026-09-06T23:42:28.788368+00:00
00-0029148,,,15444,Sammy Brown,sammy brown,DE,FA,2026-09-06T23:42:28.788368+00:00
00-0028871,26345,1199,15147,Matt Daniels,matt daniels,S,JAC,2026-09-06T23:42:28.788368+00:00
00-0028918,26245,1758,15180,Kashif Moore,kashif moore,WR,PIT,2026-09-06T23:42:28.788368+00:00
00-0029343,26135,1217,15536,LaRon Byrd,laron byrd,WR,WAS,2026-09-06T23:42:28.788368+00:00
00-0028974,26282,1786,15741,Lance Lewis,lance lewis,WR,SFO,2026-09-06T23:42:28.788368+00:00
00-0029517,,,15617,Davin Meggett,davin meggett,RB,IND,2026-09-06T23:42:28.788368+00:00
00-0028451,,,14542,Brett Brackett,brett brackett,TE,FA,2026-09-06T23:42:28.788368+00:00
00-0029000,26060,1144,15349,Cole Beasley,cole beasley,WR,FA,2026-09-06T23:42:28.788368+00:00
00-0029130,26432,1176,15272,Dezman Moses,dezman moses,LB,KCC,2026-09-06T23:42:28.788368+00:00
00-0029510,26488,1275,15632,Jonathan Grimes,jonathan grimes,RB,FA,2026-09-06T23:42:28.788368+00:00
00-0029597,26534,1264,15683,Justin Tucker,justin tucker,PK,FA,2026-09-06T23:42:28.788368+00:00
00-0029361,,,15528,David Douglas,david douglas,WR,FA,2026-09-06T23:42:28.788368+00:00
00-0029205,26024,1185,15457,Travaris Cadet,travaris cadet,RB,FA,2026-09-06T23:42:28.788368+00:00
00-0029001,,,15377,Tim Benford,tim benford,WR,FA,2026-09-06T23:42:28.788368+00:00
00-0029492,26535,1308,15653,Jamize Olawale,jamize olawale,RB,FA,2026-09-06T23:42:28.788368+00:00
00-0029033,26218,1247,15360,Griff Whalen,griff whalen,WR,FA,2026-09-06T23:42:28.788368+00:00
00-0029358,,,15548,Nate Eachus,nate eachus,RB,FA,2026-09-06T23:42:28.788368+00:00
00-0028932,26370,1078,15264,L.J. Fort,lj fort,LB,FA,2026-09-06T23:42:28.788368+00:00
00-0029487,,,15635,Eddy Carmona,eddy carmona,PK,FA,2026-09-06T23:42:28.788368+00:00
00-0029619,26548,1235,12510,Jorvorskie Lane,jorvorskie lane,RB,FA,2026-09-06T23:42:28.788368+00:00
00-0029372,,,15623,Omar Brown,omar brown,S,FA,2026-09-06T23:42:28.788368+00:00
00-0028943,25980,1125,15733,Steven Johnson,steven johnson,LB,FA,2026-09-06T23:42:28.788368+00:00
00-0028952,26219,1089,15209,Drew Butler,drew butler,PN,FA,2026-09-06T23:42:28.788368+00:00
00-0029366,,,15497,Adewale Ojomo,adewale ojomo,DE,TEN,2026-09-06T23:42:28.788368+00:00
00-0029061,26093,1120,15373,Julian Stanford,julian stanford,LB,FA,2026-09-06T23:42:28.788368+00:00
00-0028957,26346,1200,15187,Austin Davis,austin davis,QB,FA,2026-09-06T23:42:28.788368+00:00
00-0028359,25483,975,14594,McLeod Bethel-Thompson,mcleod bethel-thompson,QB,SFO,2026-09-06T23:42:28.788368+00:00
00-0029378,26449,1057,15508,Ishmaa'ily Kitchen,ishmaaily kitchen,DT,FA,2026-09-06T23:42:28.788368+00:00
00-0028994,26203,1246,15383,Dominique Jones,dominique jones,TE,FA,2026-09-06T23:42:28.788368+00:00
00-0029055,,,15327,Kevin Elliott,kevin elliott,WR,FA,2026-09-06T23:42:28.788368+00:00
00-0028903,26253,1223,15204,Garrett Celek,garrett celek,TE,FA,2026-09-06T23:42:28.788368+00:00
00-0028895,,,15229,Delano Howell,delano howell,S,FA,2026-09-06T23:42:28.788368+00:00
00-0029493,26468,1151,15616,Ryan Quigley,ryan quigley,PN,FA,2026-09-06T23:42:28.788368+00:00
00-0028924,26372,1079,15235,Tashaun Gipson,tashaun gipson,S,FA,2026-09-06T23:42:28.788368+00:00
00-0029065,26366,1076,15359,Johnson Bademosi,johnson bademosi,CB,FA,2026-09-06T23:42:28.788368+00:00
00-0029201,26434,1178,15454,Sean Richardson,sean richardson,S,FA,2026-09-06T23:42:28.788368+00:00
00-0028878,26344,1198,15142,Matt Conrath,matt conrath,DT,PIT,2026-09-06T23:42:28.788368+00:00
00-0028899,26356,1205,15222,Rodney McLeod,rodney mcleod,S,FA,2026-09-06T23:42:28.788368+00:00
00-0029183,,,15416,Danny Noble,danny noble,TE,FA,2026-09-06T23:42:28.788368+00:00
00-0028307,25324,,14478,Drew Davis,drew davis,WR,FA,2026-09-06T23:42:28.788368+00:00
00-0029050,26082,1115,15350,Antwon Blake,antwon blake,CB,FA,2026-09-06T23:42:28.788368+00:00
00-0028870,26359,1207,15136,Quinton Pointer,quinton pointer,CB,STL,2026-09-06T23:42:28.788368+00:00
00-0029111,26297,1258,15278,Derrick Shelby,derrick shelby,DE,FA,2026-09-06T23:42:28.788368+00:00
00-0028954,26222,1090,15213,Robert Golden,robert golden,S,FA,2026-09-06T23:42:28.788368+00:00
00-0028978,,,15224,Adrian Robinson,adrian robinson,LB,FA,2026-09-06T23:42:28.788368+00:00
00-0029324,,,15506,Tysyn Hartman,tysyn hartman,S,FA,2026-09-06T23:42:28.788368+00:00
00-0029195,,,15450,DaJohn Harris,dajohn harris,DT,TEN,2026-09-06T23:42:28.788368+00:00
00-0029208,26054,1190,15460,Tyrunn Walker,tyrunn walker,DE,NOS,2026-09-06T23:42:28.788368+00:00
00-0029240,,1036,15473,Marcus Forston,marcus forston,DT,NEP,2026-09-06T23:42:28.788368+00:00
00-0029040,26153,1053,15380,Damon Harrison,damon harrison,DT,FA,2026-09-06T23:42:28.788368+00:00
00-0028906,26262,1276,15189,Nathan Palmer,nathan palmer,WR,FA,2026-09-06T23:42:28.788368+00:00
00-0028897,,,15234,Shawn Powell,shawn powell,PN,FA,2026-09-06T23:42:28.788368+00:00
00-0029134,26016,1245,15355,Beau Brinkley,beau brinkley,TE,FA,2026-09-06T23:42:28.788368+00:00
00-0029038,,,15344,Marcus Dowtin,marcus dowtin,LB,NYG,2026-09-06T23:42:28.788368+00:00
00-0029400,26098,1289,15492,Nate Chandler,nate chandler,DT,CAR,2026-09-06T23:42:28.788368+00:00
00-0028946,25976,1122,15241,Aaron Brewer,aaron brewer,LB,ARI,2026-09-06T23:42:28.788368+00:00
00-0029463,26200,1281,15629,De'Andre Presley,deandre presley,S,CAR,2026-09-06T23:42:28.788368+00:00
00-0029159,25991,1290,15428,Jermaine Kearse,jermaine kearse,WR,FA,2026-09-06T23:42:28.788368+00:00
00-0028942,25979,1278,15190,Duke Ihenacho,duke ihenacho,S,NYG,2026-09-06T23:42:28.788368+00:00
00-0029479,26475,1291,15640,Emmanuel Lamur,emmanuel lamur,LB,FA,2026-09-06T23:42:28.788368+00:00
00-0029349,,,15525,Zack Nash,zack nash,LB,ARI,2026-09-06T23:42:28.788368+00:00
00-0026557,,,12850,Will Ta'ufo'ou,will taufoou,RB,FA,2026-09-06T23:42:28.788368+00:00
00-0029441,26007,1293,15572,Jeremy Stewart,jeremy stewart,RB,FA,2026-09-06T23:42:28.788368+00:00
00-0029329,26122,1283,15535,Neiko Thorpe,neiko thorpe,CB,FA,2026-09-06T23:42:28.788368+00:00
00-0028958,26347,1296,15226,Cory Harkey,cory harkey,TE,FA,2026-09-06T23:42:28.788368+00:00
00-0029491,,,15607,Ben Bass,ben bass,DT,FA,2026-09-06T23:42:28.788368+00:00
00-0029118,,1300,15324,Kaelin Burnett,kaelin burnett,LB,OAK,2026-09-06T23:42:28.788368+00:00
00-0028980,,,15220,Jewel Hampton,jewel hampton,RB,FA,2026-09-06T23:42:28.788368+00:00
00-0029319,26108,1312,15555,Josh Bellamy,josh bellamy,WR,FA,2026-09-06T23:42:28.788368+00:00
00-0028362,25144,1313,14610,Michael Preston,michael preston,WR,FA,2026-09-06T23:42:28.788368+00:00
00-0028941,25978,1315,15194,Jerry Franklin,jerry franklin,LB,FA,2026-09-06T23:42:28.788368+00:00
00-0028961,26013,1317,15195,Brandon Barden,brandon barden,TE,JAC,2026-09-06T23:42:28.788368+00:00
00-0029464,,,15652,Mike Willie,mike willie,WR,FA,2026-09-06T23:42:28.788368+00:00
00-0029155,26335,1321,15448,Mike Brown,mike brown,WR,FA,2026-09-06T23:42:28.788368+00:00
00-0029006,26066,1322,15397,Saalim Hakim,saalim hakim,WR,FA,2026-09-06T23:42:28.788368+00:00
00-0029391,25992,1323,15515,Sean McGrath,sean mcgrath,TE,FA,2026-09-06T23:42:28.788368+00:00
00-0029601,26538,165,15688,Brandon Bostick,brandon bostick,TE,FA,2026-09-06T23:42:28.788368+00:00
00-0029007,,,15396,Adrian Hamilton,adrian hamilton,LB,BAL,2026-09-06T23:42:28.788368+00:00
00-0029520,26484,1326,15612,Eddie Pleasant,eddie pleasant,S,FA,2026-09-06T23:42:28.788368+00:00
00-0029511,,,15628,Jerrell Jackson,jerrell jackson,WR,FA,2026-09-06T23:42:28.788368+00:00
00-0029165,26339,1331,15430,Tony Jerod-Eddie,tony jerod-eddie,DT,FA,2026-09-06T23:42:28.788368+00:00
00-0028377,,,14724,John Griffin,john griffin,RB,NYJ,2026-09-06T23:42:28.788368+00:00
00-0029696,26571,1277,15713,Chris Lewis-Harris,chris lewis-harris,CB,FA,2026-09-06T23:42:28.788368+00:00
00-0029728,,,15764,Armond Armstead,armond armstead,DT,FA,2026-09-06T23:42:28.788368+00:00
00-0028917,,,15210,Brandon Joiner,brandon joiner,LB,FA,2026-09-06T23:42:28.788368+00:00
00-0029738,26612,1592,15773,Darren Fells,darren fells,TE,FA,2026-09-06T23:42:28.788368+00:00
00-0029107,26288,1047,15305,Kelcie McCray,kelcie mccray,S,BUF,2026-09-06T23:42:28.788368+00:00
00-0028907,26264,1750,15245,Giorgio Tavecchio,giorgio tavecchio,PK,FA,2026-09-06T23:42:28.788368+00:00
00-0029731,26596,1709,15755,Fozzy Whittaker,fozzy whittaker,RB,FA,2026-09-06T23:42:28.788368+00:00
00-0028250,,,14442,Alex Silvestro,alex silvestro,TE,FA,2026-09-06T23:42:28.788368+00:00
00-0026722,,1763,12589,Greg Orton,greg orton,WR,NEP,2026-09-06T23:42:28.788368+00:00
00-0028294,,,14479,Dan DePalma,dan depalma,WR,FA,2026-09-06T23:42:28.788368+00:00
00-0027616,,173,13872,Andy Tanner,andy tanner,WR,NOS,2026-09-06T23:42:28.788368+00:00
00-0029151,26317,1807,15407,Matt Simms,matt simms,QB,FA,2026-09-06T23:42:28.788368+00:00
00-0029108,26289,,15329,Derek Moye,derek moye,WR,FA,2026-09-06T23:42:28.788368+00:00
00-0029649,,,15699,Kyle Knox,kyle knox,LB,FA,2026-09-06T23:42:28.788368+00:00
00-0029793,29901,3653,16313,Brandon Williams,brandon williams,TE,FA,2026-09-06T23:42:28.788368+00:00
00-0028838,25703,1759,15707,Larry Donnell,larry donnell,TE,FA,2026-09-06T23:42:28.788368+00:00
00-0029508,26485,1325,15639,Hebron Fangupo,hebron fangupo,DT,FA,2026-09-06T23:42:28.788368+00:00
00-0029068,26299,1716,15351,Derrick Coleman,derrick coleman,RB,FA,2026-09-06T23:42:28.788368+00:00
00-0029170,,,15435,Jose Gumbs,jose gumbs,S,WAS,2026-09-06T23:42:28.788368+00:00
00-0028795,25650,1704,14820,Chase Reynolds,chase reynolds,RB,FA,2026-09-06T23:42:28.788368+00:00
00-0029060,,,15381,J.K. Schaffer,jk schaffer,LB,CIN,2026-09-06T23:42:28.788368+00:00
00-0028293,,,14473,Michael Campbell,michael campbell,WR,FA,2026-09-06T23:42:28.788368+00:00
00-0029336,25970,1743,15564,Brittan Golden,brittan golden,WR,FA,2026-09-06T23:42:28.788368+00:00
00-0029175,,,15426,Jake Byrne,jake byrne,TE,FA,2026-09-06T23:42:28.788368+00:00
00-0028984,26266,1699,15252,Brian Tyms,brian tyms,WR,FA,2026-09-06T23:42:28.788368+00:00
00-0029432,26000,1739,15647,Chase Ford,chase ford,TE,FA,2026-09-06T23:42:28.788368+00:00
00-0029030,,,15387,Micah Pellerin,micah pellerin,CB,DAL,2026-09-06T23:42:28.788368+00:00
00-0029053,26085,1282,15319,Ryan Davis,ryan davis,LB,LAR,2026-09-06T23:42:28.788368+00:00
00-0029191,25994,1311,15419,Deshawn Shead,deshawn shead,CB,FA,2026-09-06T23:42:28.788368+00:00
00-0028908,26265,1703,15231,Michael Thomas,michael thomas,S,FA,2026-09-06T23:42:28.788368+00:00
00-0029048,26079,1236,15296,Joe Banyard,joe banyard,RB,FA,2026-09-06T23:42:28.788368+00:00
00-0029367,26403,1772,15518,Julian Talley,julian talley,WR,FA,2026-09-06T23:42:28.788368+00:00
00-0028987,26497,1787,15257,Phillip Supernaw,phillip supernaw,TE,FA,2026-09-06T23:42:28.788368+00:00
00-0029041,26154,1,15299,G.J. Kinne,gj kinne,QB,PHI,2026-09-06T23:42:28.788368+00:00
00-0029390,26544,2289,15580,Cordarro Law,cordarro law,LB,FA,2026-09-06T23:42:28.788368+00:00
00-0029357,,2300,15549,Chandler Fenner,chandler fenner,CB,NYG,2026-09-06T23:42:28.788368+00:00
00-0029958,26978,1667,16450,Steven Terrell,steven terrell,S,FA,2026-09-06T23:42:28.788368+00:00
00-0029495,26463,1738,15645,Matt Blanchard,matt blanchard,QB,FA,2026-09-06T23:42:28.788368+00:00
00-0027951,24800,927,13990,Nick Fairley,nick fairley,DT,FA,2026-09-06T23:42:28.788368+00:00
00-0027989,24838,959,14046,Da'Quan Bowers,daquan bowers,DT,FA,2026-09-06T23:42:28.788368+00:00
00-0027943,24792,972,13980,Patrick Peterson,patrick peterson,CB,FA,2026-09-06T23:42:28.788368+00:00
00-0027942,24791,830,13983,A.J. Green,aj green,WR,FA,2026-09-06T23:42:28.788368+00:00
00-0027948,24797,862,13987,Blaine Gabbert,blaine gabbert,QB,FA,2026-09-06T23:42:28.788368+00:00
00-0027958,24807,961,13965,Adrian Clayborn,adrian clayborn,DE,FA,2026-09-06T23:42:28.788368+00:00
00-0027957,24806,908,13975,Prince Amukamara,prince amukamara,CB,FA,2026-09-06T23:42:28.788368+00:00
00-0027941,24790,795,13992,Marcell Dareus,marcell dareus,DT,FA,2026-09-06T23:42:28.788368+00:00
00-0027969,24818,843,13977,Cameron Heyward,cameron heyward,DT,PIT,2026-09-06T23:42:28.788368+00:00
00-0027940,24789,871,13976,Von Miller,von miller,DE,DAL,2026-09-06T23:42:28.788368+00:00
00-0028012,24861,810,14037,Ryan Mallett,ryan mallett,QB,FA,2026-09-06T23:42:28.788368+00:00
00-0027952,24801,967,13984,Robert Quinn,robert quinn,DE,FA,2026-09-06T23:42:28.788368+00:00
00-0027991,24840,924,14049,Stephen Paea,stephen paea,DT,DAL,2026-09-06T23:42:28.788368+00:00
00-0027944,24793,947,13982,Julio Jones,julio jones,WR,FA,2026-09-06T23:42:28.788368+00:00
00-0027949,24798,856,13979,J.J. Watt,jj watt,DT,FA,2026-09-06T23:42:28.788368+00:00
00-0027939,24788,954,13994,Cam Newton,cam newton,QB,FA,2026-09-06T23:42:28.788368+00:00
00-0027945,24794,986,13988,Aldon Smith,aldon smith,DE,FA,2026-09-06T23:42:28.788368+00:00
00-0028024,24873,875,14020,Allen Bailey,allen bailey,DE,FA,2026-09-06T23:42:28.788368+00:00
00-0027966,24815,956,13981,Mark Ingram,mark ingram,RB,FA,2026-09-06T23:42:28.788368+00:00
00-0028008,24857,878,14048,Justin Houston,justin houston,DE,FA,2026-09-06T23:42:28.788368+00:00
00-0027971,24820,809,14038,Ras-I Dowling,ras-i dowling,S,FA,2026-09-06T23:42:28.788368+00:00
00-0027946,24795,,13969,Jake Locker,jake locker,QB,FA,2026-09-06T23:42:28.788368+00:00
00-0027954,24803,917,13973,Ryan Kerrigan,ryan kerrigan,DE,FA,2026-09-06T23:42:28.788368+00:00
00-0027995,24844,,14052,Mikel Leshoure,mikel leshoure,RB,FA,2026-09-06T23:42:28.788368+00:00
00-0027977,24826,844,14015,Akeem Ayers,akeem ayers,LB,FA,2026-09-06T23:42:28.788368+00:00
00-0028185,25034,,14090,Jeremy Beal,jeremy beal,DE,FA,2026-09-06T23:42:28.788368+00:00
00-0027956,24805,894,13989,Corey Liuget,corey liuget,DT,FA,2026-09-06T23:42:28.788368+00:00
00-0027964,24813,,13986,Jon Baldwin,jon baldwin,WR,FA,2026-09-06T23:42:28.788368+00:00
00-0028044,24893,937,14125,Christian Ballard,christian ballard,DT,MIN,2026-09-06T23:42:28.788368+00:00
00-0028021,24870,,14040,Jerrel Jernigan,jerrel jernigan,WR,FA,2026-09-06T23:42:28.788368+00:00
00-0027996,24845,826,14032,Torrey Smith,torrey smith,WR,FA,2026-09-06T23:42:28.788368+00:00
00-0028010,24859,,14039,Martez Wilson,martez wilson,DE,FA,2026-09-06T23:42:28.788368+00:00
00-0027962,24811,957,13971,Cameron Jordan,cameron jordan,DE,NOS,2026-09-06T23:42:28.788368+00:00
00-0027998,24847,851,10587,Brandon Harris,brandon harris,CB,TEN,2026-09-06T23:42:28.788368+00:00
00-0027965,24814,825,13963,Jimmy Smith,jimmy smith,CB,FA,2026-09-06T23:42:28.788368+00:00
00-0027972,24821,800,14045,Aaron Williams,aaron williams,S,FA,2026-09-06T23:42:28.788368+00:00
00-0027950,24799,941,13966,Christian Ponder,christian ponder,QB,FA,2026-09-06T23:42:28.788368+00:00
00-0027974,24823,980,14001,Colin Kaepernick,colin kaepernick,QB,FA,2026-09-06T23:42:28.788368+00:00
00-0027976,24825,974,14051,Ryan Williams,ryan williams,RB,FA,2026-09-06T23:42:28.788368+00:00
00-0028000,24849,806,14056,Daniel Thomas,daniel thomas,RB,FA,2026-09-06T23:42:28.788368+00:00
00-0028083,24932,949,14193,Jacquizz Rodgers,jacquizz rodgers,RB,FA,2026-09-06T23:42:28.788368+00:00
00-0028121,24970,895,14186,Jordan Todman,jordan todman,RB,FA,2026-09-06T23:42:28.788368+00:00
00-0028009,24858,904,14005,DeMarco Murray,demarco murray,RB,FA,2026-09-06T23:42:28.788368+00:00
00-0027994,24843,814,14017,Shane Vereen,shane vereen,RB,FA,2026-09-06T23:42:28.788368+00:00
00-0028057,24906,,14077,Delone Carter,delone carter,RB,FA,2026-09-06T23:42:28.788368+00:00
00-0028053,24902,978,14159,Kendall Hunter,kendall hunter,RB,FA,2026-09-06T23:42:28.788368+00:00
00-0028017,24866,914,14021,Leonard Hankerson,leonard hankerson,WR,FA,2026-09-06T23:42:28.788368+00:00
00-0028002,24851,928,14053,Randall Cobb,randall cobb,WR,FA,2026-09-06T23:42:28.788368+00:00
00-0027982,24831,,14034,Titus Young,titus young,WR,FA,2026-09-06T23:42:28.788368+00:00
00-0028061,24910,822,14190,Tandon Doss,tandon doss,WR,FA,2026-09-06T23:42:28.788368+00:00
00-0028016,24865,966,14035,Austin Pettis,austin pettis,WR,FA,2026-09-06T23:42:28.788368+00:00
00-0027981,24830,943,14054,Kyle Rudolph,kyle rudolph,TE,FA,2026-09-06T23:42:28.788368+00:00
00-0027973,24822,829,14012,Andy Dalton,andy dalton,QB,PHI,2026-09-06T23:42:28.788368+00:00
00-0027968,24817,819,13985,Muhammad Wilkerson,muhammad wilkerson,DE,FA,2026-09-06T23:42:28.788368+00:00
00-0027980,24829,855,13997,Brooks Reed,brooks reed,LB,FA,2026-09-06T23:42:28.788368+00:00
00-0028073,24922,881,14080,Ricky Stanzi,ricky stanzi,QB,FA,2026-09-06T23:42:28.788368+00:00
00-0028026,24875,,14011,Johnny Patrick,johnny patrick,CB,FA,2026-09-06T23:42:28.788368+00:00
00-0027985,24834,964,14007,Lance Kendricks,lance kendricks,TE,FA,2026-09-06T23:42:28.788368+00:00
00-0027959,24808,838,13968,Phil Taylor,phil taylor,DT,FA,2026-09-06T23:42:28.788368+00:00
00-0027975,24824,836,14036,Jabaal Sheard,jabaal sheard,DE,FA,2026-09-06T23:42:28.788368+00:00
00-0027978,24827,901,14026,Bruce Carter,bruce carter,LB,FA,2026-09-06T23:42:28.788368+00:00
00-0027979,24828,916,14019,Jarvis Jenkins,jarvis jenkins,DE,FA,2026-09-06T23:42:28.788368+00:00
00-0027983,24832,873,14050,Rahim Moore,rahim moore,S,NYG,2026-09-06T23:42:28.788368+00:00
00-0027988,24837,893,14018,Marcus Gilchrist,marcus gilchrist,S,FA,2026-09-06T23:42:28.788368+00:00
00-0027990,24839,,14025,Marvin Austin,marvin austin,DT,FA,2026-09-06T23:42:28.788368+00:00
00-0027992,24841,786,14043,Jaiquawn Jarrett,jaiquawn jarrett,S,FA,2026-09-06T23:42:28.788368+00:00
00-0027997,24846,835,14024,Greg Little,greg little,WR,FA,2026-09-06T23:42:28.788368+00:00
00-0027999,24848,,14000,Jonas Mouton,jonas mouton,LB,FA,2026-09-06T23:42:28.788368+00:00
00-0028003,24852,953,14014,Terrell McClain,terrell mcclain,DE,FA,2026-09-06T23:42:28.788368+00:00
00-0028004,24853,,14002,Dontay Moch,dontay moch,LB,FA,2026-09-06T23:42:28.788368+00:00
00-0028005,24854,870,14004,Nate Irving,nate irving,LB,FA,2026-09-06T23:42:28.788368+00:00
00-0028006,24855,799,13995,Kelvin Sheppard,kelvin sheppard,LB,FA,2026-09-06T23:42:28.788368+00:00
00-0028007,24856,971,14009,Robert Housler,robert housler,TE,FA,2026-09-06T23:42:28.788368+00:00
00-0028011,24860,811,14028,Stevan Ridley,stevan ridley,RB,FA,2026-09-06T23:42:28.788368+00:00
00-0028015,24864,846,14047,Jurrell Casey,jurrell casey,DE,FA,2026-09-06T23:42:28.788368+00:00
00-0028018,24867,976,14044,Chris Culliver,chris culliver,CB,IND,2026-09-06T23:42:28.788368+00:00
00-0028019,24868,889,14022,Demarcus Van Dyke,demarcus van dyke,CB,MIN,2026-09-06T23:42:28.788368+00:00
00-0028020,24869,891,14027,Vincent Brown,vincent brown,WR,FA,2026-09-06T23:42:28.788368+00:00
00-0028022,24871,962,14023,Mason Foster,mason foster,LB,FA,2026-09-06T23:42:28.788368+00:00
00-0028025,24874,,14029,Drake Nevis,drake nevis,DT,FA,2026-09-06T23:42:28.788368+00:00
00-0028027,24876,897,14010,Shareece Wright,shareece wright,CB,HOU,2026-09-06T23:42:28.788368+00:00
00-0028028,24877,789,14031,Curtis Marsh,curtis marsh,CB,PHI,2026-09-06T23:42:28.788368+00:00
00-0028029,24878,946,14006,Akeem Dent,akeem dent,LB,FA,2026-09-06T23:42:28.788368+00:00
00-0028031,24880,923,14016,Chris Conte,chris conte,S,FA,2026-09-06T23:42:28.788368+00:00
00-0028032,24881,816,14057,Kenrick Ellis,kenrick ellis,DT,FA,2026-09-06T23:42:28.788368+00:00
00-0028033,24882,,14033,Curtis Brown,curtis brown,CB,FA,2026-09-06T23:42:28.788368+00:00
00-0028034,24883,,14055,Alex Green,alex green,RB,FA,2026-09-06T23:42:28.788368+00:00
00-0028035,24884,952,14003,Sione Fua,sione fua,DT,FA,2026-09-06T23:42:28.788368+00:00
00-0028036,,,14137,Brandon Hogan,brandon hogan,CB,FA,2026-09-06T23:42:28.788368+00:00
00-0028037,24886,998,14140,K.J. Wright,kj wright,LB,FA,2026-09-06T23:42:28.788368+00:00
00-0028038,24887,798,14143,Da'Norris Searcy,danorris searcy,S,FA,2026-09-06T23:42:28.788368+00:00
00-0028040,24889,833,14189,Jordan Cameron,jordan cameron,TE,FA,2026-09-06T23:42:28.788368+00:00
00-0028041,24890,969,14152,Sam Acho,sam acho,LB,FA,2026-09-06T23:42:28.788368+00:00
00-0028042,24891,963,14099,Luke Stocker,luke stocker,TE,FA,2026-09-06T23:42:28.788368+00:00
00-0028043,24892,915,14192,Roy Helu,roy helu,RB,FA,2026-09-06T23:42:28.788368+00:00
00-0028045,24894,990,14095,Kris Durham,kris durham,WR,FA,2026-09-06T23:42:28.788368+00:00
00-0028046,24895,,14091,Quinton Carter,quinton carter,S,FA,2026-09-06T23:42:28.788368+00:00
00-0028047,24896,,14074,Colin McCarthy,colin mccarthy,LB,FA,2026-09-06T23:42:28.788368+00:00
00-0028050,24899,968,14106,Greg Salas,greg salas,WR,FA,2026-09-06T23:42:28.788368+00:00
00-0028051,24900,884,14107,Chimdi Chekwa,chimdi chekwa,CB,MIA,2026-09-06T23:42:28.788368+00:00
00-0028052,24901,866,14184,Cecil Shorts,cecil shorts,WR,FA,2026-09-06T23:42:28.788368+00:00
00-0028054,24903,790,14181,Casey Matthews,casey matthews,LB,MIN,2026-09-06T23:42:28.788368+00:00
00-0028056,24905,877,14066,Jalil Brown,jalil brown,CB,IND,2026-09-06T23:42:28.788368+00:00
00-0028058,,,14123,Alex Henery,alex henery,PK,FA,2026-09-06T23:42:28.788368+00:00
00-0028059,24908,865,14072,Chris Prosinski,chris prosinski,S,FA,2026-09-06T23:42:28.788368+00:00
00-0028062,,,14130,Owen Marecic,owen marecic,RB,FA,2026-09-06T23:42:28.788368+00:00
00-0028063,24912,886,14167,Taiwan Jones,taiwan jones,RB,FA,2026-09-06T23:42:28.788368+00:00
00-0028064,24913,818,14129,Bilal Powell,bilal powell,RB,FA,2026-09-06T23:42:28.788368+00:00
00-0028065,24914,,14118,Rashad Carmichael,rashad carmichael,CB,PHI,2026-09-06T23:42:28.788368+00:00
00-0028066,24915,839,14109,Cortez Allen,cortez allen,CB,FA,2026-09-06T23:42:28.788368+00:00
00-0028067,24916,874,14204,Julius Thomas,julius thomas,TE,FA,2026-09-06T23:42:28.788368+00:00
00-0028068,24917,,14188,Jamie Harper,jamie harper,RB,FA,2026-09-06T23:42:28.788368+00:00
00-0028069,24918,929,14157,Davon House,davon house,CB,FA,2026-09-06T23:42:28.788368+00:00
00-0028070,,,14150,Kealoha Pilares,kealoha pilares,WR,FA,2026-09-06T23:42:28.788368+00:00
00-0028071,,,14115,Johnny White,johnny white,RB,FA,2026-09-06T23:42:28.788368+00:00
00-0028072,24921,,14196,Robert Sands,robert sands,S,FA,2026-09-06T23:42:28.788368+00:00
00-0028074,24923,973,14135,Anthony Sherman,anthony sherman,RB,FA,2026-09-06T23:42:28.788368+00:00
00-0028075,24924,837,14139,Buster Skrine,buster skrine,CB,FA,2026-09-06T23:42:28.788368+00:00
00-0028077,24926,,14132,Brandon Burton,brandon burton,CB,FA,2026-09-06T23:42:28.788368+00:00
00-0028078,24927,,14068,Gabe Miller,gabe miller,LB,WAS,2026-09-06T23:42:28.788368+00:00
00-0028079,24928,935,14158,D.J. Williams,dj williams,TE,FA,2026-09-06T23:42:28.788368+00:00
00-0028080,24929,847,14079,Karl Klug,karl klug,DE,FA,2026-09-06T23:42:28.788368+00:00
00-0028081,24930,907,14162,Josh Thomas,josh thomas,CB,DAL,2026-09-06T23:42:28.788368+00:00
00-0028082,24931,852,14122,Shiloh Keo,shiloh keo,S,FA,2026-09-06T23:42:28.788368+00:00
00-0028084,24933,,14200,Dejon Gomes,dejon gomes,S,FA,2026-09-06T23:42:28.788368+00:00
00-0028085,,,14138,Rod Issac,rod issac,S,FA,2026-09-06T23:42:28.788368+00:00
00-0028086,24935,887,14153,Denarius Moore,denarius moore,WR,FA,2026-09-06T23:42:28.788368+00:00
00-0028087,24936,788,14198,Dion Lewis,dion lewis,RB,FA,2026-09-06T23:42:28.788368+00:00
00-0028089,24938,,14146,Ahmad Black,ahmad black,S,FA,2026-09-06T23:42:28.788368+00:00
00-0028090,24939,857,14114,T.J. Yates,tj yates,QB,FA,2026-09-06T23:42:28.788368+00:00
00-0028091,24940,817,14151,Jeremy Kerley,jeremy kerley,WR,FA,2026-09-06T23:42:28.788368+00:00
00-0028092,24941,996,14086,Richard Sherman,richard sherman,CB,FA,2026-09-06T23:42:28.788368+00:00
00-0028093,24942,918,14156,Niles Paul,niles paul,TE,FA,2026-09-06T23:42:28.788368+00:00
00-0028094,,,14171,Mark Legree,mark legree,S,FA,2026-09-06T23:42:28.788368+00:00
00-0028095,,,14149,Douglas Hogue,douglas hogue,LB,FA,2026-09-06T23:42:28.788368+00:00
00-0028096,24945,,14183,Jermale Hines,jermale hines,S,FA,2026-09-06T23:42:28.788368+00:00
00-0028097,24946,812,14215,Lee Smith,lee smith,TE,FA,2026-09-06T23:42:28.788368+00:00
00-0028098,,,14120,Nathan Enderle,nathan enderle,QB,TEN,2026-09-06T23:42:28.788368+00:00
00-0028100,24949,841,14174,Chris Carter,chris carter,LB,FA,2026-09-06T23:42:28.788368+00:00
00-0028102,24951,820,14113,Chykie Brown,chykie brown,CB,FA,2026-09-06T23:42:28.788368+00:00
00-0028103,24952,823,14202,Pernell McPhee,pernell mcphee,LB,FA,2026-09-06T23:42:28.788368+00:00
00-0028104,24953,,14081,Lawrence Wilson,lawrence wilson,LB,FA,2026-09-06T23:42:28.788368+00:00
00-0028105,24954,832,14131,Ryan Whalen,ryan whalen,WR,FA,2026-09-06T23:42:28.788368+00:00
00-0028107,24956,,14201,Chris White,chris white,LB,NEP,2026-09-06T23:42:28.788368+00:00
00-0028108,24957,,14191,Mistral Raymond,mistral raymond,S,MIN,2026-09-06T23:42:28.788368+00:00
00-0028109,,,14144,Quan Sturdivant,quan sturdivant,LB,FA,2026-09-06T23:42:28.788368+00:00
00-0028111,24960,993,14133,Byron Maxwell,byron maxwell,CB,FA,2026-09-06T23:42:28.788368+00:00
00-0028112,24961,801,14145,Charles Clay,charles clay,TE,FA,2026-09-06T23:42:28.788368+00:00
00-0028114,24963,902,14100,Dwayne Harris,dwayne harris,WR,FA,2026-09-06T23:42:28.788368+00:00
00-0028115,24964,920,14105,Evan Royster,evan royster,RB,FA,2026-09-06T23:42:28.788368+00:00
00-0028116,24965,919,14164,Aldrick Robinson,aldrick robinson,WR,FA,2026-09-06T23:42:28.788368+00:00
00-0028118,24967,827,14163,Tyrod Taylor,tyrod taylor,QB,GBP,2026-09-06T23:42:28.788368+00:00
00-0028119,24968,885,14211,Richard Gordon,richard gordon,TE,FA,2026-09-06T23:42:28.788368+00:00
00-0028120,,,14142,Ronald Johnson,ronald johnson,WR,FA,2026-09-06T23:42:28.788368+00:00
00-0028122,24971,970,14093,David Carter,david carter,DT,FA,2026-09-06T23:42:28.788368+00:00
00-0028124,24973,933,14170,D.J. Smith,dj smith,LB,FA,2026-09-06T23:42:28.788368+00:00
00-0028125,24974,960,14103,Allen Bradford,allen bradford,LB,FA,2026-09-06T23:42:28.788368+00:00
00-0028126,24975,,14173,Chris Rucker,chris rucker,CB,FA,2026-09-06T23:42:28.788368+00:00
00-0028127,24976,872,14097,Mike Mohamed,mike mohamed,LB,FA,2026-09-06T23:42:28.788368+00:00
00-0028128,24977,979,14117,Colin Jones,colin jones,S,FA,2026-09-06T23:42:28.788368+00:00
00-0028130,24979,944,14073,Matt Bosher,matt bosher,PN,FA,2026-09-06T23:42:28.788368+00:00
00-0028131,24980,,14180,Brian Rolle,brian rolle,LB,FA,2026-09-06T23:42:28.788368+00:00
00-0028135,,,14076,Ricky Elmore,ricky elmore,DE,WAS,2026-09-06T23:42:28.788368+00:00
00-0028136,24985,,14126,Tyler Sash,tyler sash,S,FA,2026-09-06T23:42:28.788368+00:00
00-0028137,24986,880,14061,Jerrell Powe,jerrell powe,DT,WAS,2026-09-06T23:42:28.788368+00:00
00-0028140,24989,,14199,Jacquian Williams,jacquian williams,LB,FA,2026-09-06T23:42:28.788368+00:00
00-0028142,24991,868,14085,Virgil Green,virgil green,TE,FA,2026-09-06T23:42:28.788368+00:00
00-0028143,24992,,14147,Lazarius Levingston,lazarius levingston,DT,TBB,2026-09-06T23:42:28.788368+00:00
00-0028144,24993,797,14071,Justin Rogers,justin rogers,CB,FA,2026-09-06T23:42:28.788368+00:00
00-0028145,24994,,14175,Korey Lindsey,korey lindsey,CB,ARI,2026-09-06T23:42:28.788368+00:00
00-0028146,,,14101,Greg McElroy,greg mcelroy,QB,CIN,2026-09-06T23:42:28.788368+00:00
00-0028149,24998,982,14083,Bruce Miller,bruce miller,TE,FA,2026-09-06T23:42:28.788368+00:00
00-0028150,24999,,14088,Zach Clayton,zach clayton,DT,TEN,2026-09-06T23:42:28.788368+00:00
00-0028151,25000,,14155,Brandyn Thompson,brandyn thompson,CB,FA,2026-09-06T23:42:28.788368+00:00
00-0028153,25002,,14075,D'Aundre Reed,daundre reed,DE,MIN,2026-09-06T23:42:28.788368+00:00
00-0028154,,,14064,Mikail Baker,mikail baker,CB,FA,2026-09-06T23:42:28.788368+00:00
00-0028156,25005,934,14213,Ryan Taylor,ryan taylor,TE,FA,2026-09-06T23:42:28.788368+00:00
00-0028157,,,14203,Malcolm Williams,malcolm williams,S,NEP,2026-09-06T23:42:28.788368+00:00
00-0028158,,,14094,Shaun Chapas,shaun chapas,RB,DET,2026-09-06T23:42:28.788368+00:00
00-0028159,25008,,14087,Da'Rel Scott,darel scott,RB,FA,2026-09-06T23:42:28.788368+00:00
00-0028160,,,14148,Anthony Gaitor,anthony gaitor,CB,FA,2026-09-06T23:42:28.788368+00:00
00-0028161,,,14166,Shane Bannon,shane bannon,RB,KCC,2026-09-06T23:42:28.788368+00:00
00-0028162,25011,,14195,Markus White,markus white,LB,TBB,2026-09-06T23:42:28.788368+00:00
00-0028163,25012,,14212,Anthony Allen,anthony allen,RB,FA,2026-09-06T23:42:28.788368+00:00
00-0028164,25013,,14112,Greg Romeus,greg romeus,DE,FA,2026-09-06T23:42:28.788368+00:00
00-0028166,25015,,14168,Jabara Williams,jabara williams,LB,STL,2026-09-06T23:42:28.788368+00:00
00-0028167,,,14092,Jonathan Nelson,jonathan nelson,S,FA,2026-09-06T23:42:28.788368+00:00
00-0028168,25017,948,14182,Cliff Matthews,cliff matthews,DE,FA,2026-09-06T23:42:28.788368+00:00
00-0028169,25018,805,14176,Frank Kearse,frank kearse,DT,FA,2026-09-06T23:42:28.788368+00:00
00-0028170,,,14065,Baron Batch,baron batch,RB,FA,2026-09-06T23:42:28.788368+00:00
00-0028171,25020,1288,14185,Lawrence Guy,lawrence guy,DT,FA,2026-09-06T23:42:28.788368+00:00
00-0028172,25021,892,14141,Andrew Gachkar,andrew gachkar,LB,CAR,2026-09-06T23:42:28.788368+00:00
00-0028173,25022,807,14059,Jimmy Wilson,jimmy wilson,S,CIN,2026-09-06T23:42:28.788368+00:00
00-0028174,25023,,14210,Stephen Burton,stephen burton,WR,FA,2026-09-06T23:42:28.788368+00:00
00-0028175,,,14136,Greg Lloyd,greg lloyd,LB,FA,2026-09-06T23:42:28.788368+00:00
00-0028178,,,14104,Stanley Havili,stanley havili,RB,FA,2026-09-06T23:42:28.788368+00:00
00-0028179,25028,882,14102,David Ausberry,david ausberry,TE,FA,2026-09-06T23:42:28.788368+00:00
00-0028180,25029,997,14214,Malcolm Smith,malcolm smith,LB,FA,2026-09-06T23:42:28.788368+00:00
00-0028181,,,14169,Nate Bussey,nate bussey,LB,FA,2026-09-06T23:42:28.788368+00:00
00-0028183,,,14063,Michael Jasper,michael jasper,DT,BUF,2026-09-06T23:42:28.788368+00:00
00-0028186,,,14154,Eric Hagg,eric hagg,S,DEN,2026-09-06T23:42:28.788368+00:00
00-0028187,,,14060,Demarco Sampson,demarco sampson,WR,PHI,2026-09-06T23:42:28.788368+00:00
00-0028188,,,14179,Curtis Holcomb,curtis holcomb,CB,FA,2026-09-06T23:42:28.788368+00:00
00-0028189,,845,14062,Tommie Campbell,tommie campbell,CB,FA,2026-09-06T23:42:28.788368+00:00
00-0028191,25040,,14067,Chris Neild,chris neild,DT,FA,2026-09-06T23:42:28.788368+00:00
00-0028192,25041,,14160,Cheta Ozougwu,cheta ozougwu,DE,CHI,2026-09-06T23:42:28.788368+00:00
00-0028453,25323,802,14240,Pat Devlin,pat devlin,QB,MIN,2026-09-06T23:42:28.788368+00:00
00-0028208,,,14235,John Clay,john clay,RB,FA,2026-09-06T23:42:28.788368+00:00
00-0029407,26478,1161,15621,Will Hill,will hill,S,FA,2026-09-06T23:42:28.788368+00:00
00-0028270,,,14306,Weslye Saunders,weslye saunders,TE,FA,2026-09-06T23:42:28.788368+00:00
00-0028220,,,14382,Mario Fannin,mario fannin,RB,FA,2026-09-06T23:42:28.788368+00:00
00-0028645,,,14685,Darren Evans,darren evans,RB,FA,2026-09-06T23:42:28.788368+00:00
00-0028739,,,14743,Kendric Burney,kendric burney,CB,STL,2026-09-06T23:42:28.788368+00:00
00-0028241,25228,987,14461,Ian Williams,ian williams,DT,FA,2026-09-06T23:42:28.788368+00:00
00-0028787,25648,1287,14816,Kai Forbath,kai forbath,PK,FA,2026-09-06T23:42:28.788368+00:00
00-0028620,25509,909,14262,Mark Herzlich,mark herzlich,LB,FA,2026-09-06T23:42:28.788368+00:00
00-0028370,25046,3106,14275,Jerrod Johnson,jerrod johnson,QB,DAL,2026-09-06T23:42:28.788368+00:00
00-0028602,25475,,14587,Brandon Saine,brandon saine,RB,FA,2026-09-06T23:42:28.788368+00:00
00-0028596,,,14601,Tori Gurley,tori gurley,WR,FA,2026-09-06T23:42:28.788368+00:00
00-0028548,,,14571,Terrence Toliver,terrence toliver,WR,FA,2026-09-06T23:42:28.788368+00:00
00-0028400,25107,860,14223,Armon Binns,armon binns,WR,FA,2026-09-06T23:42:28.788368+00:00
00-0028442,25106,992,14280,Ricardo Lockette,ricardo lockette,WR,FA,2026-09-06T23:42:28.788368+00:00
00-0028352,25151,,14304,Dane Sanzenbacher,dane sanzenbacher,WR,FA,2026-09-06T23:42:28.788368+00:00
00-0028595,25171,896,14353,Scott Tolzien,scott tolzien,QB,FA,2026-09-06T23:42:28.788368+00:00
00-0028275,25355,,14520,Damien Berry,damien berry,RB,FA,2026-09-06T23:42:28.788368+00:00
00-0028825,25681,1020,14851,Terrelle Pryor,terrelle pryor,WR,FA,2026-09-06T23:42:28.788368+00:00
00-0028656,,,14675,Chad Spann,chad spann,RB,FA,2026-09-06T23:42:28.788368+00:00
00-0027920,,,13954,Emmanuel Arceneaux,emmanuel arceneaux,WR,NYJ,2026-09-06T23:42:28.788368+00:00
00-0028660,25427,899,14322,Dan Bailey,dan bailey,PK,FA,2026-09-06T23:42:28.788368+00:00
00-0028542,25525,,14570,Lestar Jean,lestar jean,WR,FA,2026-09-06T23:42:28.788368+00:00
00-0028446,,,14299,Josh Portis,josh portis,QB,FA,2026-09-06T23:42:28.788368+00:00
00-0028543,25526,853,14590,Jeff Maehl,jeff maehl,WR,FA,2026-09-06T23:42:28.788368+00:00
00-0028706,,,14761,Armond Smith,armond smith,RB,FA,2026-09-06T23:42:28.788368+00:00
00-0028292,25295,815,14471,Nick Bellore,nick bellore,LB,FA,2026-09-06T23:42:28.788368+00:00
00-0028613,25444,906,14625,Phillip Tanner,phillip tanner,RB,FA,2026-09-06T23:42:28.788368+00:00
00-0028532,25290,958,14424,Joseph Morgan,joseph morgan,WR,FA,2026-09-06T23:42:28.788368+00:00
00-0028582,,,14333,Darryl Gamble,darryl gamble,LB,FA,2026-09-06T23:42:28.788368+00:00
00-0028650,,,14415,Joe Lefeged,joe lefeged,S,FA,2026-09-06T23:42:28.788368+00:00
00-0028238,25223,984,14434,Konrad Reuland,konrad reuland,TE,BAL,2026-09-06T23:42:28.788368+00:00
00-0028427,,,14260,Chas Henry,chas henry,PN,FA,2026-09-06T23:42:28.788368+00:00
00-0028434,25105,988,14221,Doug Baldwin,doug baldwin,WR,FA,2026-09-06T23:42:28.788368+00:00
00-0028694,,834,14733,James Dockery,james dockery,CB,FA,2026-09-06T23:42:28.788368+00:00
00-0028368,25508,911,14648,Spencer Paysinger,spencer paysinger,LB,FA,2026-09-06T23:42:28.788368+00:00
00-0028409,25117,863,14255,DuJuan Harris,dujuan harris,RB,FA,2026-09-06T23:42:28.788368+00:00
00-0028646,,,14681,David Gilreath,david gilreath,WR,FA,2026-09-06T23:42:28.788368+00:00
00-0028625,,,14629,Ryan Donahue,ryan donahue,PN,FA,2026-09-06T23:42:28.788368+00:00
00-0028540,,,14532,Brett Hartmann,brett hartmann,PN,FA,2026-09-06T23:42:28.788368+00:00
00-0028600,25471,930,14597,Jamari Lattimore,jamari lattimore,LB,BUF,2026-09-06T23:42:28.788368+00:00
00-0028605,,,14616,Vic So'oto,vic sooto,LB,FA,2026-09-06T23:42:28.788368+00:00
00-0028598,,,14530,M.D. Jennings,md jennings,S,FA,2026-09-06T23:42:28.788368+00:00
00-0028288,,,14537,LaQuan Williams,laquan williams,WR,FA,2026-09-06T23:42:28.788368+00:00
00-0028458,,,14598,Quinton Spears,quinton spears,LB,IND,2026-09-06T23:42:28.788368+00:00
00-0028253,,,14513,Will Yeatman,will yeatman,TE,HOU,2026-09-06T23:42:28.788368+00:00
00-0028564,25275,955,14466,Isa Abdul-Quddus,isa abdul-quddus,S,FA,2026-09-06T23:42:28.788368+00:00
00-0028536,25519,850,14524,Bryan Braman,bryan braman,LB,PHI,2026-09-06T23:42:28.788368+00:00
00-0028653,,,14634,Adrian Moten,adrian moten,LB,CLE,2026-09-06T23:42:28.788368+00:00
00-0028441,25091,991,14274,Jeron Johnson,jeron johnson,S,SEA,2026-09-06T23:42:28.788368+00:00
00-0028509,,,14567,Zack Pianalto,zack pianalto,TE,TBB,2026-09-06T23:42:28.788368+00:00
00-0028571,,,14338,Devin Holland,devin holland,S,FA,2026-09-06T23:42:28.788368+00:00
00-0028376,,,14538,Robert Eddins,robert eddins,LB,FA,2026-09-06T23:42:28.788368+00:00
00-0028337,,,14217,Kyle Adams,kyle adams,TE,FA,2026-09-06T23:42:28.788368+00:00
00-0028339,25147,922,14320,Mario Addison,mario addison,DE,FA,2026-09-06T23:42:28.788368+00:00
00-0028344,,,14330,Dom DeCicco,dom decicco,LB,CHI,2026-09-06T23:42:28.788368+00:00
00-0028354,,,14314,Winston Venable,winston venable,S,FA,2026-09-06T23:42:28.788368+00:00
00-0028550,,,14658,Colin Cochart,colin cochart,TE,DAL,2026-09-06T23:42:28.788368+00:00
00-0028614,,,14628,Alex Albright,alex albright,LB,FA,2026-09-06T23:42:28.788368+00:00
00-0028651,,,14637,Mike McNeill,mike mcneill,TE,FA,2026-09-06T23:42:28.788368+00:00
00-0028417,,,14295,Jamar Newsome,jamar newsome,WR,FA,2026-09-06T23:42:28.788368+00:00
00-0028267,25230,942,14433,Allen Reisner,allen reisner,TE,BAL,2026-09-06T23:42:28.788368+00:00
00-0028260,25241,938,14375,Larry Dean,larry dean,LB,MIN,2026-09-06T23:42:28.788368+00:00
00-0028420,,,14303,Kevin Rutland,kevin rutland,CB,FA,2026-09-06T23:42:28.788368+00:00
00-0028311,25258,876,14361,Brandon Bair,brandon bair,DE,FA,2026-09-06T23:42:28.788368+00:00
00-0028334,25349,950,14510,Darrin Walls,darrin walls,CB,FA,2026-09-06T23:42:28.788368+00:00
00-0028495,25510,912,14673,Justin Trattou,justin trattou,DE,TBB,2026-09-06T23:42:28.788368+00:00
00-0028479,25270,977,14377,Demarcus Dobbs,demarcus dobbs,DT,FA,2026-09-06T23:42:28.788368+00:00
00-0028224,25189,869,14398,Chris Harris,chris harris,CB,FA,2026-09-06T23:42:28.788368+00:00
00-0027918,24774,831,13958,Andrew Hawkins,andrew hawkins,WR,FA,2026-09-06T23:42:28.788368+00:00
00-0028291,,,14323,Josh Baker,josh baker,TE,FA,2026-09-06T23:42:28.788368+00:00
00-0028295,,,14480,Collin Franklin,collin franklin,TE,TBB,2026-09-06T23:42:28.788368+00:00
00-0028445,25090,995,14297,Ron Parker,ron parker,S,FA,2026-09-06T23:42:28.788368+00:00
00-0028812,,,14841,Eddie Jones,eddie jones,LB,NYJ,2026-09-06T23:42:28.788368+00:00
00-0028357,25086,926,14315,Anthony Walters,anthony walters,S,CHI,2026-09-06T23:42:28.788368+00:00
00-0028824,,,14854,Tracy Wilson,tracy wilson,S,TEN,2026-09-06T23:42:28.788368+00:00
00-0028767,25401,888,14802,Sterling Moore,sterling moore,CB,FA,2026-09-06T23:42:28.788368+00:00
00-0028707,25088,840,14231,Corbin Bryant,corbin bryant,DT,NYG,2026-09-06T23:42:28.788368+00:00
00-0028410,25118,864,14259,T.J. Heath,tj heath,CB,BUF,2026-09-06T23:42:28.788368+00:00
00-0028574,,,14419,Mossis Madu,mossis madu,RB,FA,2026-09-06T23:42:28.788368+00:00
00-0028575,,,14325,Bront Bird,bront bird,LB,FA,2026-09-06T23:42:28.788368+00:00
00-0028493,,,14609,David Sims,david sims,S,FA,2026-09-06T23:42:28.788368+00:00
00-0028533,,849,14534,Mister Alexander,mister alexander,LB,FA,2026-09-06T23:42:28.788368+00:00
00-0028664,25431,903,14723,Chris Jones,chris jones,PN,FA,2026-09-06T23:42:28.788368+00:00
00-0028742,,,14796,Thomas Keiser,thomas keiser,LB,FA,2026-09-06T23:42:28.788368+00:00
00-0028486,,,14284,Ryan Mahaffey,ryan mahaffey,RB,IND,2026-09-06T23:42:28.788368+00:00
00-0028508,,,14562,Joshua Nesbitt,joshua nesbitt,S,FA,2026-09-06T23:42:28.788368+00:00
00-0028497,25379,794,14583,Kamar Aiken,kamar aiken,WR,FA,2026-09-06T23:42:28.788368+00:00
00-0028522,,,14400,Michael Higgins,michael higgins,TE,NOS,2026-09-06T23:42:28.788368+00:00
00-0028278,25358,821,14519,Josh Bynes,josh bynes,LB,FA,2026-09-06T23:42:28.788368+00:00
00-0028230,,,14456,Adam Weber,adam weber,QB,TBB,2026-09-06T23:42:28.788368+00:00
00-0028332,,,14508,Kiante Tripp,kiante tripp,DT,CLE,2026-09-06T23:42:28.788368+00:00
00-0028746,,,14759,Darvin Adams,darvin adams,WR,FA,2026-09-06T23:42:28.788368+00:00
00-0028698,25593,1740,14739,Ben Jacobs,ben jacobs,LB,FA,2026-09-06T23:42:28.788368+00:00
00-0028631,,,14663,Ricardo Silva,ricardo silva,S,FA,2026-09-06T23:42:28.788368+00:00
00-0028414,,,14283,Scott Lutrus,scott lutrus,LB,IND,2026-09-06T23:42:28.788368+00:00
00-0028586,,,14348,Damik Scafe,damik scafe,DE,SDC,2026-09-06T23:42:28.788368+00:00
00-0028617,,,14264,Mike Holmes,mike holmes,CB,IND,2026-09-06T23:42:28.788368+00:00
00-0028373,,,14720,Chris Smith,chris smith,CB,STL,2026-09-06T23:42:28.788368+00:00
00-0028263,25234,940,14403,Andre Holmes,andre holmes,WR,FA,2026-09-06T23:42:28.788368+00:00
00-0028424,25048,791,14310,Cedric Thornton,cedric thornton,DT,FA,2026-09-06T23:42:28.788368+00:00
00-0028443,25096,994,14292,Michael Morgan,michael morgan,LB,FA,2026-09-06T23:42:28.788368+00:00
00-0028565,,,14358,Armando Allen,armando allen,RB,FA,2026-09-06T23:42:28.788368+00:00
00-0026699,9699,1007,12874,Kevin Brock,kevin brock,TE,FA,2026-09-06T23:42:28.788368+00:00
00-0028695,,,14754,Brian Smith,brian smith,LB,CLE,2026-09-06T23:42:28.788368+00:00
00-0028242,,,14258,Joe Hastings,joe hastings,WR,FA,2026-09-06T23:42:28.788368+00:00
00-0028792,25658,945,14818,Kevin Cone,kevin cone,WR,FA,2026-09-06T23:42:28.788368+00:00
00-0028229,,,14449,Austin Sylvester,austin sylvester,RB,FA,2026-09-06T23:42:28.788368+00:00
00-0028798,,,14825,Richard Medlin,richard medlin,RB,MIA,2026-09-06T23:42:28.788368+00:00
00-0028202,25481,913,14518,Shaun Draughn,shaun draughn,RB,FA,2026-09-06T23:42:28.788368+00:00
00-0028353,,,14308,Andre Smith,andre smith,TE,FA,2026-09-06T23:42:28.788368+00:00
00-0028338,,,14319,Kris Adams,kris adams,WR,NYG,2026-09-06T23:42:28.788368+00:00
00-0028606,,,14561,Kerry Taylor,kerry taylor,WR,FA,2026-09-06T23:42:28.788368+00:00
00-0028518,,,14383,Jarred Fayson,jarred fayson,WR,NOS,2026-09-06T23:42:28.788368+00:00
00-0028249,25312,1306,14500,Jeremy Ross,jeremy ross,WR,FA,2026-09-06T23:42:28.788368+00:00
00-0028588,,,14677,Diondre Borel,diondre borel,WR,TEN,2026-09-06T23:42:28.788368+00:00
00-0028347,25150,1707,14342,Spencer Lanning,spencer lanning,PN,FA,2026-09-06T23:42:28.788368+00:00
00-0028876,26233,1304,15130,Collin Mooney,collin mooney,RB,FA,2026-09-06T23:42:28.788368+00:00
00-0028406,,,14246,Tommy Gallarda,tommy gallarda,TE,FA,2026-09-06T23:42:28.788368+00:00
00-0027539,24677,1298,13845,Anthony Levine,anthony levine,S,FA,2026-09-06T23:42:28.788368+00:00
00-0025920,25697,1108,11533,Jerrell Freeman,jerrell freeman,LB,FA,2026-09-06T23:42:28.788368+00:00
00-0028237,25178,1329,14402,Chris Hogan,chris hogan,WR,FA,2026-09-06T23:42:28.788368+00:00
00-0028736,,,14432,William Powell,william powell,RB,FA,2026-09-06T23:42:28.788368+00:00
00-0028198,25238,936,14360,Matt Asiata,matt asiata,RB,FA,2026-09-06T23:42:28.788368+00:00
00-0028834,25689,1272,14860,Craig Robertson,craig robertson,LB,FA,2026-09-06T23:42:28.788368+00:00
00-0028454,25327,803,14387,Jonathan Freeny,jonathan freeny,LB,FA,2026-09-06T23:42:28.788368+00:00
00-0028841,25706,1250,14870,Will Johnson,will johnson,RB,NYG,2026-09-06T23:42:28.788368+00:00
00-0024582,,,10834,Justin Hickman,justin hickman,LB,FA,2026-09-06T23:42:28.788368+00:00
00-0028211,,,14257,Mario Harvey,mario harvey,RB,FA,2026-09-06T23:42:28.788368+00:00
00-0028662,25429,900,14671,Mario Butler,mario butler,CB,FA,2026-09-06T23:42:28.788368+00:00
00-0028279,,,14529,Bryan Hall,bryan hall,LB,FA,2026-09-06T23:42:28.788368+00:00
00-0027187,9803,1112,13186,Matt Overton,matt overton,LB,LAC,2026-09-06T23:42:28.788368+00:00
00-0028666,25433,1279,14343,Orie Lemon,orie lemon,LB,FA,2026-09-06T23:42:28.788368+00:00
00-0028678,,,14714,LeQuan Lewis,lequan lewis,CB,FA,2026-09-06T23:42:28.788368+00:00
00-0028601,25473,931,14697,Brandian Ross,brandian ross,S,DEN,2026-09-06T23:42:28.788368+00:00
00-0028256,25225,985,14441,Sealver Siliga,sealver siliga,DT,FA,2026-09-06T23:42:28.788368+00:00
00-0028345,25077,1292,14266,Robert Hughes,robert hughes,RB,ARI,2026-09-06T23:42:28.788368+00:00
00-0028415,25125,1299,14289,Kyle Miller,kyle miller,TE,FA,2026-09-06T23:42:28.788368+00:00
00-0028835,25695,1297,14865,Marshall McFadden,marshall mcfadden,LB,PIT,2026-09-06T23:42:28.788368+00:00
00-0028416,,,14294,Richard Murphy,richard murphy,RB,FA,2026-09-06T23:42:28.788368+00:00
00-0028581,25158,1305,14332,Patrick DiMarco,patrick dimarco,RB,FA,2026-09-06T23:42:28.788368+00:00
00-0028836,25688,1302,14859,Michael Wilhoite,michael wilhoite,LB,FA,2026-09-06T23:42:28.788368+00:00
00-0027306,,,13610,Jamie McCoy,jamie mccoy,TE,FA,2026-09-06T23:42:28.788368+00:00
00-0029063,,,15318,Matt Veldman,matt veldman,TE,DET,2026-09-06T23:42:28.788368+00:00
00-0029534,26518,1715,15670,Cooper Helfet,cooper helfet,TE,OAK,2026-09-06T23:42:28.788368+00:00
00-0027805,,,13374,Cody Grimm,cody grimm,S,FA,2026-09-06T23:42:28.788368+00:00
00-0027806,,,13392,Marquis Johnson,marquis johnson,CB,STL,2026-09-06T23:42:28.788368+00:00
00-0027807,,,13415,Chris McCoy,chris mccoy,DE,FA,2026-09-06T23:42:28.788368+00:00
00-0027809,24190,737,13456,Mickey Shuler,mickey shuler,TE,FA,2026-09-06T23:42:28.788368+00:00
00-0027810,,,13481,Jeremy Ware,jeremy ware,CB,FA,2026-09-06T23:42:28.788368+00:00
00-0027812,24193,690,13482,Dekoda Watson,dekoda watson,LB,FA,2026-09-06T23:42:28.788368+00:00
00-0027813,,,13312,Terrence Austin,terrence austin,WR,DET,2026-09-06T23:42:28.788368+00:00
00-0027814,,,13337,Jamar Chaney,jamar chaney,LB,FA,2026-09-06T23:42:28.788368+00:00
00-0027815,,,13356,Matt Dodge,matt dodge,PN,FA,2026-09-06T23:42:28.788368+00:00
00-0027816,24198,539,13409,Marc Mariani,marc mariani,WR,FA,2026-09-06T23:42:28.788368+00:00
00-0027817,,778,13463,RJ Stanford,rj stanford,CB,FA,2026-09-06T23:42:28.788368+00:00
00-0027610,24200,630,13308,Phillip Adams,phillip adams,CB,FA,2026-09-06T23:42:28.788368+00:00
00-0027819,24203,542,13353,Dorin Dickerson,dorin dickerson,TE,TEN,2026-09-06T23:42:28.788368+00:00
00-0027822,24102,603,13491,C.J. Wilson,cj wilson,DE,FA,2026-09-06T23:42:28.788368+00:00
00-0027824,,,13399,Jammie Kirlew,jammie kirlew,DE,BUF,2026-09-06T23:42:28.788368+00:00
00-0027825,24208,626,13357,Jim Dray,jim dray,TE,FA,2026-09-06T23:42:28.788368+00:00
00-0027826,24209,705,13406,Sean Lissemore,sean lissemore,DT,SDC,2026-09-06T23:42:28.788368+00:00
00-0027827,,,13360,Dedrick Epps,dedrick epps,TE,NYJ,2026-09-06T23:42:28.788368+00:00
00-0027828,,,6909,Dexter Davis,dexter davis,LB,FA,2026-09-06T23:42:28.788368+00:00
00-0027612,,,13348,Ryan D'Imperio,ryan dimperio,RB,FA,2026-09-06T23:42:28.788368+00:00
00-0027829,24213,552,13411,Ricardo Mathews,ricardo mathews,DE,FA,2026-09-06T23:42:28.788368+00:00
00-0027830,,,13331,Sean Canfield,sean canfield,QB,FA,2026-09-06T23:42:28.788368+00:00
00-0027831,24215,549,13342,Kavell Conner,kavell conner,LB,FA,2026-09-06T23:42:28.788368+00:00
00-0027833,24217,1013,13495,Doug Worthington,doug worthington,DT,TBB,2026-09-06T23:42:28.788368+00:00
00-0027834,,,13432,Jeff Owens,jeff owens,DT,PHI,2026-09-06T23:42:28.788368+00:00
00-0027835,24219,581,13340,Kurt Coleman,kurt coleman,S,FA,2026-09-06T23:42:28.788368+00:00
00-0027836,,,13401,Jameson Konz,jameson konz,TE,SEA,2026-09-06T23:42:28.788368+00:00
00-0027838,24223,514,13351,Brandon Deaderick,brandon deaderick,DE,FA,2026-09-06T23:42:28.788368+00:00
00-0027839,,,13486,Kade Weston,kade weston,DT,NEP,2026-09-06T23:42:28.788368+00:00
00-0027840,24225,614,13412,Robert McClain,robert mcclain,CB,FA,2026-09-06T23:42:28.788368+00:00
00-0027841,,,13444,Zac Robinson,zac robinson,QB,CIN,2026-09-06T23:42:28.788368+00:00
00-0027842,24227,566,13321,Stevie Brown,stevie brown,S,FA,2026-09-06T23:42:28.788368+00:00
00-0027843,,,13461,Austin Spitler,austin spitler,LB,MIA,2026-09-06T23:42:28.788368+00:00
00-0027844,24229,747,13407,Erik Lorig,erik lorig,RB,FA,2026-09-06T23:42:28.788368+00:00
00-0027845,,,13390,Josh Hull,josh hull,LB,WAS,2026-09-06T23:42:28.788368+00:00
00-0027846,,,13474,Tim Toone,tim toone,WR,ATL,2026-09-06T23:42:28.788368+00:00
00-0027477,,,13776,Blair White,blair white,WR,FA,2026-09-06T23:42:28.788368+00:00
00-0027931,,,13960,Ryan Perrilloux,ryan perrilloux,QB,FA,2026-09-06T23:42:28.788368+00:00
00-0027218,24262,736,13536,Joique Bell,joique bell,RB,FA,2026-09-06T23:42:28.788368+00:00
00-0027423,,,13615,Lonyae Miller,lonyae miller,RB,FA,2026-09-06T23:42:28.788368+00:00
00-0027257,,,13653,Keith Toston,keith toston,RB,FA,2026-09-06T23:42:28.788368+00:00
00-0027378,24326,636,13697,Chris Maragos,chris maragos,S,PHI,2026-09-06T23:42:28.788368+00:00
00-0027201,,,13619,Dimitri Nance,dimitri nance,RB,FA,2026-09-06T23:42:28.788368+00:00
00-0027214,24611,,13727,Keiland Williams,keiland williams,RB,FA,2026-09-06T23:42:28.788368+00:00
00-0027851,,,13916,Harvey Unga,harvey unga,RB,FA,2026-09-06T23:42:28.788368+00:00
00-0026745,23971,,12764,Curtis Brinkley,curtis brinkley,RB,FA,2026-09-06T23:42:28.788368+00:00
00-0027322,24272,506,13621,David Nelson,david nelson,WR,PIT,2026-09-06T23:42:28.788368+00:00
00-0027416,24603,575,13338,Barry Church,barry church,S,FA,2026-09-06T23:42:28.788368+00:00
00-0027349,24289,,13490,Stephen Williams,stephen williams,WR,FA,2026-09-06T23:42:28.788368+00:00
00-0027437,,,13764,Quinn Porter,quinn porter,RB,FA,2026-09-06T23:42:28.788368+00:00
00-0027531,24400,717,13587,Chris Ivory,chris ivory,RB,FA,2026-09-06T23:42:28.788368+00:00
00-0027470,,,13747,Brandon James,brandon james,WR,FA,2026-09-06T23:42:28.788368+00:00
00-0027896,,,13919,Randy Phillips,randy phillips,S,FA,2026-09-06T23:42:28.788368+00:00
00-0027265,24553,719,13553,Victor Cruz,victor cruz,WR,FA,2026-09-06T23:42:28.788368+00:00
00-0027912,24757,,13935,Danario Alexander,danario alexander,WR,FA,2026-09-06T23:42:28.788368+00:00
00-0027308,,,13506,Jeremy Horne,jeremy horne,WR,FA,2026-09-06T23:42:28.788368+00:00
00-0027440,24508,602,13769,Sam Shields,sam shields,CB,FA,2026-09-06T23:42:28.788368+00:00
00-0027347,,,13576,Max Hall,max hall,QB,ARI,2026-09-06T23:42:28.788368+00:00
00-0027356,24280,511,13616,Marlon Moore,marlon moore,WR,FA,2026-09-06T23:42:28.788368+00:00
00-0026664,9787,598,12998,Tim Masthay,tim masthay,PN,FA,2026-09-06T23:42:28.788368+00:00
00-0027419,,,13574,Chris Gronkowski,chris gronkowski,RB,FA,2026-09-06T23:42:28.788368+00:00
00-0027352,,,13602,Max Komar,max komar,WR,FA,2026-09-06T23:42:28.788368+00:00
00-0027618,,,4780,Brandon Banks,brandon banks,WR,FA,2026-09-06T23:42:28.788368+00:00
00-0027253,24311,1022,13606,Thaddeus Lewis,thaddeus lewis,QB,FA,2026-09-06T23:42:28.788368+00:00
00-0027518,24270,,13597,Donald Jones,donald jones,WR,FA,2026-09-06T23:42:28.788368+00:00
00-0027442,24507,708,13779,Frank Zombo,frank zombo,LB,FA,2026-09-06T23:42:28.788368+00:00
00-0027189,,,13189,Chris Bryan,chris bryan,PN,FA,2026-09-06T23:42:28.788368+00:00
00-0027743,24120,545,13419,Sherrick McManis,sherrick mcmanis,CB,FA,2026-09-06T23:42:28.788368+00:00
00-0027551,24405,718,13566,Junior Galette,junior galette,LB,FA,2026-09-06T23:42:28.788368+00:00
00-0027261,,,13545,Duke Calhoun,duke calhoun,WR,FA,2026-09-06T23:42:28.788368+00:00
00-0027450,24373,620,13703,Preston Parker,preston parker,WR,FA,2026-09-06T23:42:28.788368+00:00
00-0027236,24294,517,13608,Kyle Love,kyle love,DT,FA,2026-09-06T23:42:28.788368+00:00
00-0027422,24605,577,13611,Danny McCray,danny mccray,S,DAL,2026-09-06T23:42:28.788368+00:00
00-0027202,24271,,13629,Michael Palmer,michael palmer,TE,FA,2026-09-06T23:42:28.788368+00:00
00-0027421,,756,13609,Bryan McCann,bryan mccann,CB,MIA,2026-09-06T23:42:28.788368+00:00
00-0027209,,,13548,Antonio Coleman,antonio coleman,LB,ARI,2026-09-06T23:42:28.788368+00:00
00-0027338,,,13734,Aaron Berry,aaron berry,CB,FA,2026-09-06T23:42:28.788368+00:00
00-0027402,,,13620,Andre Neblett,andre neblett,DT,FA,2026-09-06T23:42:28.788368+00:00
00-0027290,24382,561,13797,Cassius Vaughn,cassius vaughn,CB,FA,2026-09-06T23:42:28.788368+00:00
00-0027468,,7508,13750,Brandon King,brandon king,CB,IND,2026-09-06T23:42:28.788368+00:00
00-0027511,,,13424,Aaron Morgan,aaron morgan,DE,JAC,2026-09-06T23:42:28.788368+00:00
00-0027501,,,13347,Jacob Cutrera,jacob cutrera,LB,TBB,2026-09-06T23:42:28.788368+00:00
00-0027256,24590,625,13645,Darian Stewart,darian stewart,S,FA,2026-09-06T23:42:28.788368+00:00
00-0027215,24608,587,13726,Logan Paulsen,logan paulsen,TE,FA,2026-09-06T23:42:28.788368+00:00
00-0027576,,,13918,Micah Johnson,micah johnson,LB,KCC,2026-09-06T23:42:28.788368+00:00
00-0026548,,,12808,Mitch King,mitch king,DE,FA,2026-09-06T23:42:28.788368+00:00
00-0027852,,,13923,Josh Brent,josh brent,DT,DAL,2026-09-06T23:42:28.788368+00:00
00-0027270,,,13501,Justin Cole,justin cole,LB,KCC,2026-09-06T23:42:28.788368+00:00
00-0027321,24303,521,13555,Jeff Cumberland,jeff cumberland,TE,FA,2026-09-06T23:42:28.788368+00:00
00-0027562,,,13853,Prince Miller,prince miller,CB,IND,2026-09-06T23:42:28.788368+00:00
00-0027237,,,13564,Dane Fletcher,dane fletcher,LB,NEP,2026-09-06T23:42:28.788368+00:00
00-0027520,,,13806,Dominique Curry,dominique curry,WR,DET,2026-09-06T23:42:28.788368+00:00
00-0027350,,,13591,A.J. Jefferson,aj jefferson,CB,FA,2026-09-06T23:42:28.788368+00:00
00-0027375,24578,633,13681,Tramaine Brock,tramaine brock,CB,FA,2026-09-06T23:42:28.788368+00:00
00-0027248,24586,729,13554,Jermelle Cudjo,jermelle cudjo,DT,NYG,2026-09-06T23:42:28.788368+00:00
00-0027445,,,13698,Jeron Mastrud,jeron mastrud,TE,FA,2026-09-06T23:42:28.788368+00:00
00-0027471,,,13761,Mike Newton,mike newton,S,IND,2026-09-06T23:42:28.788368+00:00
00-0027467,,,13748,Javarris James,javarris james,RB,ARI,2026-09-06T23:42:28.788368+00:00
00-0027585,,,13568,Richard Goodman,richard goodman,WR,FA,2026-09-06T23:42:28.788368+00:00
00-0027509,24482,746,13408,Robert Malone,robert malone,PN,NYG,2026-09-06T23:42:28.788368+00:00
00-0027276,,,13798,Kevin Alexander,kevin alexander,LB,FA,2026-09-06T23:42:28.788368+00:00
00-0027286,,,13788,Kyle McCarthy,kyle mccarthy,S,FA,2026-09-06T23:42:28.788368+00:00
00-0027232,24292,513,13541,Sergio Brown,sergio brown,S,FA,2026-09-06T23:42:28.788368+00:00
00-0027355,,,13527,Jonathon Amaya,jonathon amaya,S,FA,2026-09-06T23:42:28.788368+00:00
00-0027213,,,13721,Anderson Russell,anderson russell,S,WAS,2026-09-06T23:42:28.788368+00:00
00-0027374,,,13680,Mike Balogun,mike balogun,LB,BUF,2026-09-06T23:42:28.788368+00:00
00-0027369,,,13519,Jimmy Saddler-McQueen,jimmy saddler-mcqueen,DT,STL,2026-09-06T23:42:28.788368+00:00
00-0027263,,,13550,Nate Collins,nate collins,DT,FA,2026-09-06T23:42:28.788368+00:00
00-0027628,,,13886,Brian Sanford,brian sanford,DE,CLE,2026-09-06T23:42:28.788368+00:00
00-0027346,24287,,13642,Alfonso Smith,alfonso smith,RB,FA,2026-09-06T23:42:28.788368+00:00
00-0027259,24550,,13530,Jake Ballard,jake ballard,TE,FA,2026-09-06T23:42:28.788368+00:00
00-0027244,,765,13756,Jeromy Miles,jeromy miles,S,FA,2026-09-06T23:42:28.788368+00:00
00-0027353,,,13570,Marshay Green,marshay green,S,ARI,2026-09-06T23:42:28.788368+00:00
00-0027220,,,13637,Naaman Roosevelt,naaman roosevelt,WR,FA,2026-09-06T23:42:28.788368+00:00
00-0027503,,771,13370,Josh Gordy,josh gordy,S,FA,2026-09-06T23:42:28.788368+00:00
00-0027500,,,13335,Mike Caussin,mike caussin,TE,BUF,2026-09-06T23:42:28.788368+00:00
00-0027914,24759,770,13939,Andrew Sendejo,andrew sendejo,S,FA,2026-09-06T23:42:28.788368+00:00
00-0026522,,,12843,Lee Robinson,lee robinson,LB,FA,2026-09-06T23:42:28.788368+00:00
00-0027495,24665,779,13812,George Johnson,george johnson,DE,FA,2026-09-06T23:42:28.788368+00:00
00-0027384,24539,2609,13309,R.J. Archer,rj archer,QB,FA,2026-09-06T23:42:28.788368+00:00
00-0027853,24746,781,13922,Teddy Williams,teddy williams,CB,CAR,2026-09-06T23:42:28.788368+00:00
00-0027360,,,13586,Travis Ivey,travis ivey,DT,CLE,2026-09-06T23:42:28.788368+00:00
00-0027401,,,13590,Rashawn Jackson,rashawn jackson,RB,CAR,2026-09-06T23:42:28.788368+00:00
00-0027905,24735,782,13913,Will Tukuafu,will tukuafu,RB,FA,2026-09-06T23:42:28.788368+00:00
00-0027195,24259,783,13544,Rafael Bush,rafael bush,S,FA,2026-09-06T23:42:28.788368+00:00
00-0027287,,,13785,Nathan Overbay,nathan overbay,TE,TBB,2026-09-06T23:42:28.788368+00:00
00-0026556,,,12840,Mike Rivera,mike rivera,LB,MIA,2026-09-06T23:42:28.788368+00:00
00-0027547,24685,784,13843,Marcus Sherels,marcus sherels,CB,FA,2026-09-06T23:42:28.788368+00:00
00-0026864,24696,,13117,Isaiah Williams,isaiah williams,WR,OAK,2026-09-06T23:42:28.788368+00:00
00-0027595,24436,1009,13662,Bryan Walters,bryan walters,WR,FA,2026-09-06T23:42:28.788368+00:00
00-0027441,,,13775,Chastin West,chastin west,WR,DET,2026-09-06T23:42:28.788368+00:00
00-0026647,,,12966,T.J. Conley,tj conley,PN,MIN,2026-09-06T23:42:28.788368+00:00
00-0023013,24775,1019,9250,Brandon Browner,brandon browner,S,FA,2026-09-06T23:42:28.788368+00:00
00-0024030,24778,1017,10001,Tom Johnson,tom johnson,DT,FA,2026-09-06T23:42:28.788368+00:00
00-0027464,,,13327,David Caldwell,david caldwell,S,NYG,2026-09-06T23:42:28.788368+00:00
00-0024058,,,10168,John Chick,john chick,DE,JAC,2026-09-06T23:42:28.788368+00:00
00-0027560,24358,1000,13851,Albert McClellan,albert mcclellan,LB,FA,2026-09-06T23:42:28.788368+00:00
00-0027583,24431,1014,13538,Richie Brockel,richie brockel,TE,FA,2026-09-06T23:42:28.788368+00:00
00-0027917,24769,1001,13945,Tyler Clutts,tyler clutts,RB,FA,2026-09-06T23:42:28.788368+00:00
00-0027204,,,13644,Emmanuel Stephens,emmanuel stephens,LB,CLE,2026-09-06T23:42:28.788368+00:00
00-0027573,24451,1006,13860,Mitch Unrein,mitch unrein,DT,TBB,2026-09-06T23:42:28.788368+00:00
00-0027499,,,13822,Kyle Bosworth,kyle bosworth,LB,FA,2026-09-06T23:42:28.788368+00:00
00-0027507,,,13384,Chris Hawkins,chris hawkins,CB,PHI,2026-09-06T23:42:28.788368+00:00
00-0027233,,,13725,Terrence Johnson,terrence johnson,CB,ATL,2026-09-06T23:42:28.788368+00:00
00-0023904,,,12105,Garrett McIntyre,garrett mcintyre,LB,FA,2026-09-06T23:42:28.788368+00:00
00-0027235,24297,1024,13658,Ross Ventrone,ross ventrone,S,PIT,2026-09-06T23:42:28.788368+00:00
00-0027412,,,13803,Manase Tonga,manase tonga,RB,FA,2026-09-06T23:42:28.788368+00:00
00-0027460,,,13742,Auston English,auston english,DE,CLE,2026-09-06T23:42:28.788368+00:00
00-0026695,,,13082,Dwayne Hendricks,dwayne hendricks,DT,FA,2026-09-06T23:42:28.788368+00:00
00-0026860,,,13112,Eron Riley,eron riley,WR,NYJ,2026-09-06T23:42:28.788368+00:00
00-0027567,24453,716,13863,Steve Maneri,steve maneri,TE,FA,2026-09-06T23:42:28.788368+00:00
00-0027337,,,13716,Patrick Trahan,patrick trahan,LB,CHI,2026-09-06T23:42:28.788368+00:00
00-0027239,24316,1002,13345,Da'Mon Cromartie-Smith,damon cromartie-smith,S,PIT,2026-09-06T23:42:28.788368+00:00
00-0027923,,,13941,Rod Windsor,rod windsor,WR,CLE,2026-09-06T23:42:28.788368+00:00
00-0028668,,,14727,Raymond Radway,raymond radway,WR,FA,2026-09-06T23:42:28.788368+00:00
00-0027172,,,13168,Tristan Davis,tristan davis,RB,FA,2026-09-06T23:42:28.788368+00:00
00-0027925,24760,1303,13940,James Develin,james develin,RB,FA,2026-09-06T23:42:28.788368+00:00
00-0027581,24435,570,13524,Seyi Ajirotutu,seyi ajirotutu,WR,PHI,2026-09-06T23:42:28.788368+00:00
00-0027855,23977,594,13234,Ndamukong Suh,ndamukong suh,DT,FA,2026-09-06T23:42:28.788368+00:00
00-0027858,23980,563,13252,Eric Berry,eric berry,S,FA,2026-09-06T23:42:28.788368+00:00
00-0027854,23976,621,13197,Sam Bradford,sam bradford,QB,FA,2026-09-06T23:42:28.788368+00:00
00-0027659,24023,611,13198,Jimmy Clausen,jimmy clausen,QB,FA,2026-09-06T23:42:28.788368+00:00
00-0027856,23978,619,13240,Gerald McCoy,gerald mccoy,DT,FA,2026-09-06T23:42:28.788368+00:00
00-0027860,23982,531,13249,Joe Haden,joe haden,CB,FA,2026-09-06T23:42:28.788368+00:00
00-0027904,23983,721,13255,Rolando McClain,rolando mcclain,LB,FA,2026-09-06T23:42:28.788368+00:00
00-0027861,23984,507,13203,C.J. Spiller,cj spiller,RB,FA,2026-09-06T23:42:28.788368+00:00
00-0027902,23999,574,13215,Dez Bryant,dez bryant,WR,FA,2026-09-06T23:42:28.788368+00:00
00-0027868,23991,732,13248,Derrick Morgan,derrick morgan,LB,FA,2026-09-06T23:42:28.788368+00:00
00-0027662,24029,529,13274,Carlos Dunlap,carlos dunlap,DE,FA,2026-09-06T23:42:28.788368+00:00
00-0027865,23988,583,13239,Brandon Graham,brandon graham,DE,FA,2026-09-06T23:42:28.788368+00:00
00-0027887,24024,637,13286,Taylor Mays,taylor mays,S,FA,2026-09-06T23:42:28.788368+00:00
00-0027701,24075,605,13373,Everson Griffen,everson griffen,DE,FA,2026-09-06T23:42:28.788368+00:00
00-0027866,23989,643,13251,Earl Thomas,earl thomas,S,FA,2026-09-06T23:42:28.788368+00:00
00-0027713,24088,,13230,Aaron Hernandez,aaron hernandez,XX,FA,2026-09-06T23:42:28.788368+00:00
00-0027891,24035,642,13217,Golden Tate,golden tate,WR,FA,2026-09-06T23:42:28.788368+00:00
00-0027877,24001,629,13235,Dan Williams,dan williams,DT,FA,2026-09-06T23:42:28.788368+00:00
00-0027867,23990,720,13256,Jason Pierre-Paul,jason pierre-paul,DE,TBB,2026-09-06T23:42:28.788368+00:00
00-0027786,24164,,13206,Jonathan Dwyer,jonathan dwyer,RB,FA,2026-09-06T23:42:28.788368+00:00
00-0027871,23994,610,13243,Sean Weatherspoon,sean weatherspoon,LB,FA,2026-09-06T23:42:28.788368+00:00
00-0027650,,,13293,Brian Price,brian price,DT,DAL,2026-09-06T23:42:28.788368+00:00
00-0027603,24084,590,13494,Corey Wootton,corey wootton,DE,DET,2026-09-06T23:42:28.788368+00:00
00-0027873,23996,530,13228,Jermaine Gresham,jermaine gresham,TE,FA,2026-09-06T23:42:28.788368+00:00
00-0027880,24005,592,13205,Jahvid Best,jahvid best,RB,FA,2026-09-06T23:42:28.788368+00:00
00-0027894,24066,632,13262,Navorro Bowman,navorro bowman,LB,FA,2026-09-06T23:42:28.788368+00:00
00-0027882,24007,617,13238,Patrick Robinson,patrick robinson,CB,FA,2026-09-06T23:42:28.788368+00:00
00-0027878,24003,512,13244,Jared Odrick,jared odrick,DE,FA,2026-09-06T23:42:28.788368+00:00
00-0027681,24053,613,12576,Brandon LaFell,brandon lafell,WR,FA,2026-09-06T23:42:28.788368+00:00
00-0027668,24037,519,13298,Brandon Spikes,brandon spikes,LB,FA,2026-09-06T23:42:28.788368+00:00
00-0027700,,,13221,Mardy Gilyard,mardy gilyard,WR,FA,2026-09-06T23:42:28.788368+00:00
00-0027647,24002,518,13236,Devin McCourty,devin mccourty,S,FA,2026-09-06T23:42:28.788368+00:00
00-0027774,24151,612,13377,Greg Hardy,greg hardy,DE,FA,2026-09-06T23:42:28.788368+00:00
00-0027879,24004,524,13237,Kyle Wilson,kyle wilson,CB,NOS,2026-09-06T23:42:28.788368+00:00
00-0027734,,,13447,Ricky Sapp,ricky sapp,LB,HOU,2026-09-06T23:42:28.788368+00:00
00-0027886,,628,13305,Daryl Washington,daryl washington,LB,FA,2026-09-06T23:42:28.788368+00:00
00-0027864,23987,571,13204,Ryan Mathews,ryan mathews,RB,FA,2026-09-06T23:42:28.788368+00:00
00-0027665,,,13267,Terrence Cody,terrence cody,DT,FA,2026-09-06T23:42:28.788368+00:00
00-0027881,24006,550,13245,Jerry Hughes,jerry hughes,DE,FA,2026-09-06T23:42:28.788368+00:00
00-0027893,24052,541,13219,Damian Williams,damian williams,WR,FA,2026-09-06T23:42:28.788368+00:00
00-0027735,,,13365,Dominique Franks,dominique franks,CB,FA,2026-09-06T23:42:28.788368+00:00
00-0027651,24011,564,13207,Dexter McCluster,dexter mccluster,RB,FA,2026-09-06T23:42:28.788368+00:00
00-0027652,24012,580,13257,Nate Allen,nate allen,S,FA,2026-09-06T23:42:28.788368+00:00
00-0027884,,,13282,Sergio Kindle,sergio kindle,LB,FA,2026-09-06T23:42:28.788368+00:00
00-0027654,24014,618,13218,Arrelious Benn,arrelious benn,WR,FA,2026-09-06T23:42:28.788368+00:00
00-0027872,23995,544,13254,Kareem Jackson,kareem jackson,S,FA,2026-09-06T23:42:28.788368+00:00
00-0027876,24000,559,13200,Tim Tebow,tim tebow,TE,FA,2026-09-06T23:42:28.788368+00:00
00-0027697,,,13276,Brandon Ghee,brandon ghee,CB,FA,2026-09-06T23:42:28.788368+00:00
00-0027676,24046,597,13264,Morgan Burnett,morgan burnett,S,FA,2026-09-06T23:42:28.788368+00:00
00-0027663,24030,576,13284,Sean Lee,sean lee,LB,FA,2026-09-06T23:42:28.788368+00:00
00-0027889,,,13306,Jason Worilds,jason worilds,LB,FA,2026-09-06T23:42:28.788368+00:00
00-0027720,24095,528,13311,Geno Atkins,geno atkins,DT,FA,2026-09-06T23:42:28.788368+00:00
00-0027759,24136,773,13310,Larry Asante,larry asante,S,FA,2026-09-06T23:42:28.788368+00:00
00-0027605,,,13202,Dan LeFevour,dan lefevour,QB,FA,2026-09-06T23:42:28.788368+00:00
00-0027818,24202,728,13452,George Selvie,george selvie,DE,NYG,2026-09-06T23:42:28.788368+00:00
00-0027598,,,13604,Brandon Lang,brandon lang,LB,FA,2026-09-06T23:42:28.788368+00:00
00-0027801,,,13201,Tony Pike,tony pike,QB,FA,2026-09-06T23:42:28.788368+00:00
00-0027709,24083,567,13363,Jacoby Ford,jacoby ford,WR,FA,2026-09-06T23:42:28.788368+00:00
00-0027862,23985,554,13233,Tyson Alualu,tyson alualu,DT,FA,2026-09-06T23:42:28.788368+00:00
00-0027611,,,13472,Syd'Quan Thompson,sydquan thompson,CB,FA,2026-09-06T23:42:28.788368+00:00
00-0027653,24013,535,13304,T.J. Ward,tj ward,S,FA,2026-09-06T23:42:28.788368+00:00
00-0027883,24015,510,13287,Koa Misi,koa misi,LB,MIA,2026-09-06T23:42:28.788368+00:00
00-0027888,24026,604,13211,Toby Gerhart,toby gerhart,RB,FA,2026-09-06T23:42:28.788368+00:00
00-0027690,24062,558,13271,Eric Decker,eric decker,WR,FA,2026-09-06T23:42:28.788368+00:00
00-0027808,24189,595,13497,Willie Young,willie young,LB,FA,2026-09-06T23:42:28.788368+00:00
00-0027874,23997,560,13216,Demaryius Thomas,demaryius thomas,WR,FA,2026-09-06T23:42:28.788368+00:00
00-0027710,24085,572,13465,Darrell Stuckey,darrell stuckey,S,FA,2026-09-06T23:42:28.788368+00:00
00-0027724,,,13429,Eric Norwood,eric norwood,DE,FA,2026-09-06T23:42:28.788368+00:00
00-0027776,24153,534,13222,Carlton Mitchell,carlton mitchell,WR,DAL,2026-09-06T23:42:28.788368+00:00
00-0027706,,,13405,Trevard Lindley,trevard lindley,CB,PHI,2026-09-06T23:42:28.788368+00:00
00-0027698,,,13270,Rennie Curran,rennie curran,LB,TBB,2026-09-06T23:42:28.788368+00:00
00-0027712,24087,523,13209,Joe McKnight,joe mcknight,RB,FA,2026-09-06T23:42:28.788368+00:00
00-0027737,24113,557,13344,Perrish Cox,perrish cox,CB,FA,2026-09-06T23:42:28.788368+00:00
00-0027649,,,13268,Chris Cook,chris cook,CB,FA,2026-09-06T23:42:28.788368+00:00
00-0027892,,,13258,Pat Angerer,pat angerer,LB,FA,2026-09-06T23:42:28.788368+00:00
00-0027789,24167,,13227,Dezmon Briscoe,dezmon briscoe,WR,FA,2026-09-06T23:42:28.788368+00:00
00-0027660,24025,712,13259,Javier Arenas,javier arenas,CB,BUF,2026-09-06T23:42:28.788368+00:00
00-0027325,24318,730,13213,LeGarrette Blount,legarrette blount,RB,FA,2026-09-06T23:42:28.788368+00:00
00-0027688,24060,533,13199,Colt McCoy,colt mccoy,QB,FA,2026-09-06T23:42:28.788368+00:00
00-0027687,24059,,12594,Jordan Shipley,jordan shipley,WR,FA,2026-09-06T23:42:28.788368+00:00
00-0027655,,,13301,Torell Troup,torell troup,DT,OAK,2026-09-06T23:42:28.788368+00:00
00-0027656,24017,515,13229,Rob Gronkowski,rob gronkowski,TE,FA,2026-09-06T23:42:28.788368+00:00
00-0027657,24019,568,13277,Lamarr Houston,lamarr houston,LB,FA,2026-09-06T23:42:28.788368+00:00
00-0027885,24021,579,13281,Linval Joseph,linval joseph,DT,FA,2026-09-06T23:42:28.788368+00:00
00-0027661,,,13269,Jermaine Cunningham,jermaine cunningham,LB,NYJ,2026-09-06T23:42:28.788368+00:00
00-0027664,24031,599,13291,Mike Neal,mike neal,LB,FA,2026-09-06T23:42:28.788368+00:00
00-0027890,24033,1004,13210,Ben Tate,ben tate,RB,FA,2026-09-06T23:42:28.788368+00:00
00-0027666,24034,,13208,Montario Hardesty,montario hardesty,RB,FA,2026-09-06T23:42:28.788368+00:00
00-0027670,,,13290,Jerome Murphy,jerome murphy,CB,DEN,2026-09-06T23:42:28.788368+00:00
00-0027671,,,13297,Amari Spievey,amari spievey,S,FA,2026-09-06T23:42:28.788368+00:00
00-0027672,,,13285,Myron Lewis,myron lewis,CB,FA,2026-09-06T23:42:28.788368+00:00
00-0027675,24045,701,13272,Ed Dickson,ed dickson,TE,FA,2026-09-06T23:42:28.788368+00:00
00-0027677,24047,505,13266,Alex Carrington,alex carrington,DT,FA,2026-09-06T23:42:28.788368+00:00
00-0027679,24049,1005,13296,D'Anthony Smith,danthony smith,DT,SEA,2026-09-06T23:42:28.788368+00:00
00-0027680,24050,591,13307,Major Wright,major wright,S,FA,2026-09-06T23:42:28.788368+00:00
00-0027682,24054,1008,13265,Donald Butler,donald butler,LB,FA,2026-09-06T23:42:28.788368+00:00
00-0027684,24056,546,13288,Earl Mitchell,earl mitchell,DT,FA,2026-09-06T23:42:28.788368+00:00
00-0027685,24057,538,13295,Emmanuel Sanders,emmanuel sanders,WR,FA,2026-09-06T23:42:28.788368+00:00
00-0027686,24058,608,13292,Corey Peters,corey peters,DT,FA,2026-09-06T23:42:28.788368+00:00
00-0027689,,,13299,Daniel Te'o-Nesheim,daniel teo-nesheim,DE,FA,2026-09-06T23:42:28.788368+00:00
00-0027691,24063,627,13226,Andre Roberts,andre roberts,WR,FA,2026-09-06T23:42:28.788368+00:00
00-0027692,24064,,13275,Armanti Edwards,armanti edwards,WR,FA,2026-09-06T23:42:28.788368+00:00
00-0027693,,,13223,Taylor Price,taylor price,WR,FA,2026-09-06T23:42:28.788368+00:00
00-0027695,24068,565,13289,Tony Moeaki,tony moeaki,TE,FA,2026-09-06T23:42:28.788368+00:00
00-0027696,24070,616,13232,Jimmy Graham,jimmy graham,TE,FA,2026-09-06T23:42:28.788368+00:00
00-0027895,,,13300,Kevin Thomas,kevin thomas,CB,FA,2026-09-06T23:42:28.788368+00:00
00-0027702,24076,748,13489,Mike Williams,mike williams,WR,FA,2026-09-06T23:42:28.788368+00:00
00-0027703,,,13453,Darryl Sharpton,darryl sharpton,LB,FA,2026-09-06T23:42:28.788368+00:00
00-0027704,24078,733,13443,Perry Riley,perry riley,LB,FA,2026-09-06T23:42:28.788368+00:00
00-0027705,24079,540,13478,Alterraun Verner,alterraun verner,CB,FA,2026-09-06T23:42:28.788368+00:00
00-0027708,24082,999,13224,Marcus Easley,marcus easley,WR,BUF,2026-09-06T23:42:28.788368+00:00
00-0027711,24086,644,13473,Walter Thurmond,walter thurmond,S,FA,2026-09-06T23:42:28.788368+00:00
00-0027714,24089,527,13231,Dennis Pitta,dennis pitta,TE,FA,2026-09-06T23:42:28.788368+00:00
00-0027715,,,13354,Phillip Dillard,phillip dillard,LB,FA,2026-09-06T23:42:28.788368+00:00
00-0027716,,,13368,Thaddeus Gibson,thaddeus gibson,LB,TEN,2026-09-06T23:42:28.788368+00:00
00-0027718,24093,543,13371,Garrett Graham,garrett graham,TE,FA,2026-09-06T23:42:28.788368+00:00
00-0027719,,,13358,A.J. Edds,aj edds,LB,JAC,2026-09-06T23:42:28.788368+00:00
00-0027721,,,13339,Keenan Clayton,keenan clayton,LB,OAK,2026-09-06T23:42:28.788368+00:00
00-0027722,24097,586,13397,Mike Kafka,mike kafka,QB,FA,2026-09-06T23:42:28.788368+00:00
00-0027723,24098,754,13493,Al Woods,al woods,DT,FA,2026-09-06T23:42:28.788368+00:00
00-0027725,24100,584,13376,Clay Harbor,clay harbor,TE,NOS,2026-09-06T23:42:28.788368+00:00
00-0027726,,,13433,Akwasi Owusu-Ansah,akwasi owusu-ansah,S,OAK,2026-09-06T23:42:28.788368+00:00
00-0027727,,,13492,E.J. Wilson,ej wilson,DE,FA,2026-09-06T23:42:28.788368+00:00
00-0027730,24106,752,13449,O'Brien Schofield,obrien schofield,DE,FA,2026-09-06T23:42:28.788368+00:00
00-0027731,,,13427,Roddrick Muckelroy,roddrick muckelroy,LB,FA,2026-09-06T23:42:28.788368+00:00
00-0027732,24108,622,13387,Michael Hoomanawanui,michael hoomanawanui,TE,FA,2026-09-06T23:42:28.788368+00:00
00-0027733,24109,639,13336,Kam Chancellor,kam chancellor,S,FA,2026-09-06T23:42:28.788368+00:00
00-0027736,24112,713,13404,Kendrick Lewis,kendrick lewis,S,FA,2026-09-06T23:42:28.788368+00:00
00-0027738,,,13416,Walter McFadden,walter mcfadden,CB,FA,2026-09-06T23:42:28.788368+00:00
00-0027739,24115,520,13341,John Conner,john conner,RB,FA,2026-09-06T23:42:28.788368+00:00
00-0027604,,,13423,Joshua Moore,joshua moore,CB,FA,2026-09-06T23:42:28.788368+00:00
00-0027741,,,13454,Cameron Sheffield,cameron sheffield,DE,FA,2026-09-06T23:42:28.788368+00:00
00-0027742,,,13382,Larry Hart,larry hart,DE,FA,2026-09-06T23:42:28.788368+00:00
00-0027744,24121,508,13333,Nolan Carroll,nolan carroll,CB,FA,2026-09-06T23:42:28.788368+00:00
00-0027745,24122,573,13470,Cam Thomas,cam thomas,DT,FA,2026-09-06T23:42:28.788368+00:00
00-0027747,,,13393,Robert Johnson,robert johnson,S,FA,2026-09-06T23:42:28.788368+00:00
00-0027748,,,13349,Hall Davis,hall davis,DE,TEN,2026-09-06T23:42:28.788368+00:00
00-0027749,,,13421,Zoltan Mesko,zoltan mesko,PN,FA,2026-09-06T23:42:28.788368+00:00
00-0027752,,,13402,Austen Lane,austen lane,DE,CHI,2026-09-06T23:42:28.788368+00:00
00-0027753,24130,601,13440,Andrew Quarless,andrew quarless,TE,FA,2026-09-06T23:42:28.788368+00:00
00-0027754,24131,,13458,John Skelton,john skelton,QB,FA,2026-09-06T23:42:28.788368+00:00
00-0027755,,,13442,David Reed,david reed,WR,FA,2026-09-06T23:42:28.788368+00:00
00-0027756,24133,526,13394,Art Jones,art jones,DE,WAS,2026-09-06T23:42:28.788368+00:00
00-0027758,24135,582,13225,Riley Cooper,riley cooper,WR,FA,2026-09-06T23:42:28.788368+00:00
00-0027761,,,13359,Brody Eldridge,brody eldridge,TE,CHI,2026-09-06T23:42:28.788368+00:00
00-0027762,24139,714,13395,Reshad Jones,reshad jones,S,FA,2026-09-06T23:42:28.788368+00:00
00-0027763,24140,722,13324,Crezdon Butler,crezdon butler,CB,DET,2026-09-06T23:42:28.788368+00:00
00-0027764,,,13420,Kerry Meier,kerry meier,WR,FA,2026-09-06T23:42:28.788368+00:00
00-0027765,,,13466,Stevenson Sylvester,stevenson sylvester,LB,FA,2026-09-06T23:42:28.788368+00:00
00-0027766,,,13476,Nathan Triplett,nathan triplett,LB,SDC,2026-09-06T23:42:28.788368+00:00
00-0027767,,,13346,Jonathan Crompton,jonathan crompton,QB,FA,2026-09-06T23:42:28.788368+00:00
00-0027769,,,13431,Fendi Onobun,fendi onobun,TE,FA,2026-09-06T23:42:28.788368+00:00
00-0027770,,,13448,Shann Schillinger,shann schillinger,S,FA,2026-09-06T23:42:28.788368+00:00
00-0027772,24149,727,13212,Anthony Dixon,anthony dixon,RB,FA,2026-09-06T23:42:28.788368+00:00
00-0027775,,,13459,Rusty Smith,rusty smith,QB,FA,2026-09-06T23:42:28.788368+00:00
00-0027777,24154,702,13422,Arthur Moats,arthur moats,DE,FA,2026-09-06T23:42:28.788368+00:00
00-0027779,24156,,13398,Deji Karim,deji karim,RB,FA,2026-09-06T23:42:28.788368+00:00
00-0027780,,,13326,Nate Byham,nate byham,TE,FA,2026-09-06T23:42:28.788368+00:00
00-0027782,,,13475,Adrian Tracy,adrian tracy,DE,ARI,2026-09-06T23:42:28.788368+00:00
00-0027783,24161,640,13414,Anthony McCoy,anthony mccoy,TE,FA,2026-09-06T23:42:28.788368+00:00
00-0027784,,,13366,Clifton Geathers,clifton geathers,DE,PIT,2026-09-06T23:42:28.788368+00:00
00-0027787,24165,624,13457,Eugene Sims,eugene sims,DE,FA,2026-09-06T23:42:28.788368+00:00
00-0027788,,,13369,Travis Goethel,travis goethel,LB,FA,2026-09-06T23:42:28.788368+00:00
00-0027790,,,13314,Danny Batten,danny batten,LB,FA,2026-09-06T23:42:28.788368+00:00
00-0027791,24169,762,13214,James Starks,james starks,RB,FA,2026-09-06T23:42:28.788368+00:00
00-0027793,24171,536,13934,Antonio Brown,antonio brown,WR,FA,2026-09-06T23:42:28.788368+00:00
00-0027794,,,13479,Jamar Wall,jamar wall,S,PHI,2026-09-06T23:42:28.788368+00:00
00-0027606,24173,1003,13386,Trindon Holliday,trindon holliday,WR,FA,2026-09-06T23:42:28.788368+00:00
00-0027795,24174,,13367,David Gettis,david gettis,WR,FA,2026-09-06T23:42:28.788368+00:00
00-0027796,24175,606,13484,Joe Webb,joe webb,QB,FA,2026-09-06T23:42:28.788368+00:00
00-0027798,,,13329,Jorrick Calvin,jorrick calvin,CB,FA,2026-09-06T23:42:28.788368+00:00
00-0027799,,,13439,Jordan Pugh,jordan pugh,S,FA,2026-09-06T23:42:28.788368+00:00
00-0027608,24182,638,13488,Kyle Williams,kyle williams,WR,DEN,2026-09-06T23:42:28.788368+00:00
00-0027802,,,13445,Myron Rolle,myron rolle,S,FA,2026-09-06T23:42:28.788368+00:00
00-0027804,,,13319,Levi Brown,levi brown,QB,FA,2026-09-06T23:42:28.788368+00:00
00-0026554,,,12812,Kevin Malast,kevin malast,LB,TEN,2026-09-06T23:42:28.788368+00:00
00-0026849,,,12494,Herb Donaldson,herb donaldson,RB,FA,2026-09-06T23:42:28.788368+00:00
00-0027602,24727,6769,12475,Graham Harrell,graham harrell,QB,FA,2026-09-06T23:42:28.788368+00:00
00-0026855,9707,609,13158,Antone Smith,antone smith,RB,FA,2026-09-06T23:42:28.788368+00:00
00-0027358,24285,,13661,Roberto Wallace,roberto wallace,WR,TEN,2026-09-06T23:42:28.788368+00:00
00-0026878,9613,,13102,Tom Crabtree,tom crabtree,TE,NOS,2026-09-06T23:42:28.788368+00:00
00-0026571,,,12809,Reshard Langford,reshard langford,S,KCC,2026-09-06T23:42:28.788368+00:00
00-0026852,9666,682,13097,Darrel Young,darrel young,RB,FA,2026-09-06T23:42:28.788368+00:00
00-0026665,,,12999,John Matthews,john matthews,WR,JAC,2026-09-06T23:42:28.788368+00:00
00-0026652,,,12991,Matt Kroul,matt kroul,DT,FA,2026-09-06T23:42:28.788368+00:00
00-0027639,,,13895,Cory Greenwood,cory greenwood,LB,DET,2026-09-06T23:42:28.788368+00:00
00-0026868,,,13099,Jackie Bates,jackie bates,CB,KCC,2026-09-06T23:42:28.788368+00:00
00-0026564,9673,667,12895,Steve Mclendon,steve mclendon,DT,FA,2026-09-06T23:42:28.788368+00:00
00-0026581,,,12789,Rob Francois,rob francois,LB,FA,2026-09-06T23:42:28.788368+00:00
00-0026644,,,13938,Josh Vaughan,josh vaughan,RB,FA,2026-09-06T23:42:28.788368+00:00
00-0026578,9596,760,12757,Colt Anderson,colt anderson,S,FA,2026-09-06T23:42:28.788368+00:00
00-0026650,,,12969,Britt Davis,britt davis,WR,FA,2026-09-06T23:42:28.788368+00:00
00-0026515,9608,780,12771,Tony Carter,tony carter,CB,FA,2026-09-06T23:42:28.788368+00:00
00-0027173,,,13169,Julius Pruitt,julius pruitt,WR,FA,2026-09-06T23:42:28.788368+00:00
00-0026791,9581,1018,13018,Ronald Talley,ronald talley,DE,ARI,2026-09-06T23:42:28.788368+00:00
00-0027624,,,13888,Martin Tevaseu,martin tevaseu,DT,IND,2026-09-06T23:42:28.788368+00:00
00-0026577,25694,1050,12524,Marcus Thigpen,marcus thigpen,WR,FA,2026-09-06T23:42:28.788368+00:00
00-0026691,,,12934,Chris Williams,chris williams,WR,FA,2026-09-06T23:42:28.788368+00:00
00-0023368,9691,342,12417,Cameron Wake,cameron wake,LB,FA,2026-09-06T23:42:28.788368+00:00
00-0026986,9274,455,12563,Michael Crabtree,michael crabtree,WR,FA,2026-09-06T23:42:28.788368+00:00
00-0026981,,,12452,Aaron Curry,aaron curry,LB,FA,2026-09-06T23:42:28.788368+00:00
00-0026898,9269,350,12482,Mark Sanchez,mark sanchez,QB,FA,2026-09-06T23:42:28.788368+00:00
00-0026990,9278,444,12426,Malcolm Jenkins,malcolm jenkins,S,FA,2026-09-06T23:42:28.788368+00:00
00-0026498,9265,421,12483,Matthew Stafford,matthew stafford,QB,LAR,2026-09-06T23:42:28.788368+00:00
00-0027019,,437,12433,Everette Brown,everette brown,LB,FA,2026-09-06T23:42:28.788368+00:00
00-0026985,9273,426,12447,B.J. Raji,bj raji,DT,FA,2026-09-06T23:42:28.788368+00:00
00-0027014,9302,356,12455,Rey Maualuga,rey maualuga,LB,FA,2026-09-06T23:42:28.788368+00:00
00-0026989,9277,414,12439,Brian Orakpo,brian orakpo,LB,FA,2026-09-06T23:42:28.788368+00:00
00-0026995,9283,411,12579,Jeremy Maclin,jeremy maclin,WR,FA,2026-09-06T23:42:28.788368+00:00
00-0026988,9276,387,12516,Knowshon Moreno,knowshon moreno,RB,FA,2026-09-06T23:42:28.788368+00:00
00-0027001,9289,466,12424,Vontae Davis,vontae davis,CB,FA,2026-09-06T23:42:28.788368+00:00
00-0027011,9299,453,12454,James Laurinaitis,james laurinaitis,LB,FA,2026-09-06T23:42:28.788368+00:00
00-0027007,,,12525,Beanie Wells,beanie wells,RB,FA,2026-09-06T23:42:28.788368+00:00
00-0026998,9286,429,12569,Percy Harvin,percy harvin,WR,FA,2026-09-06T23:42:28.788368+00:00
00-0027044,9334,354,12436,Michael Johnson,michael johnson,DE,FA,2026-09-06T23:42:28.788368+00:00
00-0027000,,,12444,Peria Jerry,peria jerry,DT,FA,2026-09-06T23:42:28.788368+00:00
00-0026996,9284,465,12549,Brandon Pettigrew,brandon pettigrew,TE,FA,2026-09-06T23:42:28.788368+00:00
00-0026907,,4961,12429,D.J. Moore,dj moore,CB,FA,2026-09-06T23:42:28.788368+00:00
00-0026991,9279,373,12453,Brian Cushing,brian cushing,LB,FA,2026-09-06T23:42:28.788368+00:00
00-0026987,,,12456,Aaron Maybin,aaron maybin,LB,FA,2026-09-06T23:42:28.788368+00:00
00-0027029,9317,676,12514,LeSean McCoy,lesean mccoy,RB,FA,2026-09-06T23:42:28.788368+00:00
00-0027031,9319,432,12530,William Moore,william moore,S,FA,2026-09-06T23:42:28.788368+00:00
00-0027005,9293,474,12586,Hakeem Nicks,hakeem nicks,WR,FA,2026-09-06T23:42:28.788368+00:00
00-0027037,32645,6736,12430,Sean Smith,sean smith,CB,OAK,2026-09-06T23:42:28.788368+00:00
00-0026983,9271,394,12570,Darrius Heyward-Bey,darrius heyward-bey,WR,FA,2026-09-06T23:42:28.788368+00:00
00-0026980,9267,390,12435,Tyson Jackson,tyson jackson,DT,FA,2026-09-06T23:42:28.788368+00:00
00-0027069,9362,352,12536,Chase Coffman,chase coffman,TE,FA,2026-09-06T23:42:28.788368+00:00
00-0027013,,,12431,Alphonso Smith,alphonso smith,CB,FA,2026-09-06T23:42:28.788368+00:00
00-0027003,9291,377,12489,Donald Brown,donald brown,RB,FA,2026-09-06T23:42:28.788368+00:00
00-0027021,,,12458,Clint Sintim,clint sintim,LB,FA,2026-09-06T23:42:28.788368+00:00
00-0026899,9329,348,12500,Shonn Greene,shonn greene,RB,FA,2026-09-06T23:42:28.788368+00:00
00-0027118,,,12472,Nate Davis,nate davis,QB,FA,2026-09-06T23:42:28.788368+00:00
00-0026993,9281,448,12473,Josh Freeman,josh freeman,QB,FA,2026-09-06T23:42:28.788368+00:00
00-0027017,9305,472,12423,Darius Butler,darius butler,S,FA,2026-09-06T23:42:28.788368+00:00
00-0026992,9280,399,12434,Larry English,larry english,DE,TBB,2026-09-06T23:42:28.788368+00:00
00-0027032,9320,379,12446,Fili Moala,fili moala,DE,FA,2026-09-06T23:42:28.788368+00:00
00-0027002,9290,425,12438,Clay Matthews,clay matthews,LB,FA,2026-09-06T23:42:28.788368+00:00
00-0027010,9298,343,12527,Patrick Chung,patrick chung,S,FA,2026-09-06T23:42:28.788368+00:00
00-0026857,9601,480,13103,Dannell Ellerbe,dannell ellerbe,LB,FA,2026-09-06T23:42:28.788368+00:00
00-0027006,9294,366,12556,Kenny Britt,kenny britt,WR,FA,2026-09-06T23:42:28.788368+00:00
00-0027130,,,12493,James Davis,james davis,RB,FA,2026-09-06T23:42:28.788368+00:00
00-0027009,,418,12528,Louis Delmas,louis delmas,S,MIA,2026-09-06T23:42:28.788368+00:00
00-0026744,,,12450,Darry Beckwith,darry beckwith,LB,FA,2026-09-06T23:42:28.788368+00:00
00-0012922,,,6577,Jason Phillips,jason phillips,LB,FA,2026-09-06T23:42:28.788368+00:00
00-0027061,9353,367,12537,Jared Cook,jared cook,TE,FA,2026-09-06T23:42:28.788368+00:00
00-0027008,9296,361,12442,Evander Hood,evander hood,DT,FA,2026-09-06T23:42:28.788368+00:00
00-0027070,9364,,12532,Travis Beckum,travis beckum,TE,FA,2026-09-06T23:42:28.788368+00:00
00-0027038,9326,463,12445,Sen'Derrick Marks,senderrick marks,DT,FA,2026-09-06T23:42:28.788368+00:00
00-0027068,,,12457,Tyrone McKenzie,tyrone mckenzie,LB,FA,2026-09-06T23:42:28.788368+00:00
00-0027109,9416,372,12535,James Casey,james casey,TE,FA,2026-09-06T23:42:28.788368+00:00
00-0026994,9282,383,12432,Robert Ayers,robert ayers,DE,FA,2026-09-06T23:42:28.788368+00:00
00-0027012,,,12592,Brian Robiskie,brian robiskie,WR,FA,2026-09-06T23:42:28.788368+00:00
00-0027016,,,12441,Ron Brace,ron brace,DT,FA,2026-09-06T23:42:28.788368+00:00
00-0027018,9306,332,12613,Jairus Byrd,jairus byrd,S,FA,2026-09-06T23:42:28.788368+00:00
00-0027020,,,12485,Pat White,pat white,QB,FA,2026-09-06T23:42:28.788368+00:00
00-0027022,9310,371,12449,Connor Barwin,connor barwin,LB,FA,2026-09-06T23:42:28.788368+00:00
00-0027023,9311,395,12619,Michael Mitchell,michael mitchell,S,FA,2026-09-06T23:42:28.788368+00:00
00-0027024,,,12618,Darcel McBath,darcel mcbath,S,FA,2026-09-06T23:42:28.788368+00:00
00-0027026,9314,,12581,Mohamed Massaquoi,mohamed massaquoi,WR,FA,2026-09-06T23:42:28.788368+00:00
00-0027028,,,12625,David Veikune,david veikune,DE,FA,2026-09-06T23:42:28.788368+00:00
00-0027033,9321,482,12437,Paul Kruger,paul kruger,DE,FA,2026-09-06T23:42:28.788368+00:00
00-0027035,9323,440,12617,Sherrod Martin,sherrod martin,S,CHI,2026-09-06T23:42:28.788368+00:00
00-0027039,,,12612,Cody Brown,cody brown,DE,DET,2026-09-06T23:42:28.788368+00:00
00-0027040,,,12552,Richard Quinn,richard quinn,TE,CIN,2026-09-06T23:42:28.788368+00:00
00-0027041,9330,452,12652,Bradley Fletcher,bradley fletcher,CB,FA,2026-09-06T23:42:28.788368+00:00
00-0027042,,,12686,Alex Magee,alex magee,DE,FA,2026-09-06T23:42:28.788368+00:00
00-0026900,,,12660,Jarron Gilbert,jarron gilbert,DE,BUF,2026-09-06T23:42:28.788368+00:00
00-0027043,9333,753,12749,Jason Williams,jason williams,LB,FA,2026-09-06T23:42:28.788368+00:00
00-0027045,9335,398,12440,Matt Shaughnessy,matt shaughnessy,DE,FA,2026-09-06T23:42:28.788368+00:00
00-0027046,9336,381,12677,Terrance Knighton,terrance knighton,DT,FA,2026-09-06T23:42:28.788368+00:00
00-0027047,,,12646,Derek Cox,derek cox,CB,FA,2026-09-06T23:42:28.788368+00:00
00-0027048,9338,4914,12491,Glen Coffee,glen coffee,RB,FA,2026-09-06T23:42:28.788368+00:00
00-0027050,9340,419,12682,DeAndre Levy,deandre levy,LB,FA,2026-09-06T23:42:28.788368+00:00
00-0027054,,,12632,Kevin Barnes,kevin barnes,CB,FA,2026-09-06T23:42:28.788368+00:00
00-0027055,9345,689,12698,Roy Miller,roy miller,DT,FA,2026-09-06T23:42:28.788368+00:00
00-0027056,,,12602,Derrick Williams,derrick williams,WR,FA,2026-09-06T23:42:28.788368+00:00
00-0027057,9347,346,12597,Brandon Tate,brandon tate,WR,FA,2026-09-06T23:42:28.788368+00:00
00-0026901,9348,365,12601,Mike Wallace,mike wallace,WR,FA,2026-09-06T23:42:28.788368+00:00
00-0026902,9349,,12555,Ramses Barden,ramses barden,WR,FA,2026-09-06T23:42:28.788368+00:00
00-0027058,,,12630,Asher Allen,asher allen,CB,MIN,2026-09-06T23:42:28.788368+00:00
00-0027059,,,12599,Patrick Turner,patrick turner,WR,FA,2026-09-06T23:42:28.788368+00:00
00-0027060,9352,478,12747,Lardarius Webb,lardarius webb,CB,FA,2026-09-06T23:42:28.788368+00:00
00-0027062,,433,12713,Chris Owens,chris owens,CB,NOS,2026-09-06T23:42:28.788368+00:00
00-0027063,,,12557,Deon Butler,deon butler,WR,FA,2026-09-06T23:42:28.788368+00:00
00-0027064,9356,470,12714,Jerraud Powers,jerraud powers,CB,FA,2026-09-06T23:42:28.788368+00:00
00-0027065,,,12672,Corvey Irvin,corvey irvin,DT,TBB,2026-09-06T23:42:28.788368+00:00
00-0027066,,,12702,Ryan Mouton,ryan mouton,CB,FA,2026-09-06T23:42:28.788368+00:00
00-0027067,9359,476,12674,Rashad Johnson,rashad johnson,S,FA,2026-09-06T23:42:28.788368+00:00
00-0026903,9360,666,12683,Keenan Lewis,keenan lewis,CB,FA,2026-09-06T23:42:28.788368+00:00
00-0026904,,,12571,Juaquin Iglesias,juaquin iglesias,WR,FA,2026-09-06T23:42:28.788368+00:00
00-0027071,9365,,12478,Stephen McGee,stephen mcgee,QB,FA,2026-09-06T23:42:28.788368+00:00
00-0027072,9366,672,12746,Donald Washington,donald washington,S,FA,2026-09-06T23:42:28.788368+00:00
00-0027073,,,12725,Darell Scott,darell scott,DT,STL,2026-09-06T23:42:28.788368+00:00
00-0027074,,,12687,Kaluka Maiava,kaluka maiava,LB,FA,2026-09-06T23:42:28.788368+00:00
00-0026905,9369,588,12695,Henry Melton,henry melton,DE,FA,2026-09-06T23:42:28.788368+00:00
00-0027076,9371,,12598,Mike Thomas,mike thomas,WR,FA,2026-09-06T23:42:28.788368+00:00
00-0027077,9372,339,12568,Brian Hartline,brian hartline,WR,FA,2026-09-06T23:42:28.788368+00:00
00-0027079,,402,12641,Victor Butler,victor butler,LB,FA,2026-09-06T23:42:28.788368+00:00
00-0027080,9375,,12499,Mike Goodson,mike goodson,RB,FA,2026-09-06T23:42:28.788368+00:00
00-0027081,9376,375,12716,Glover Quin,glover quin,S,FA,2026-09-06T23:42:28.788368+00:00
00-0027082,,400,12688,Vaughn Martin,vaughn martin,DT,FA,2026-09-06T23:42:28.788368+00:00
00-0027083,9378,384,12638,David Bruton,david bruton,S,FA,2026-09-06T23:42:28.788368+00:00
00-0027084,9379,685,12667,Sammie Lee Hill,sammie lee hill,DT,FA,2026-09-06T23:42:28.788368+00:00
00-0027085,,,12745,Chip Vaughn,chip vaughn,S,FA,2026-09-06T23:42:28.788368+00:00
00-0026906,,,12700,Kyle Moore,kyle moore,DE,FA,2026-09-06T23:42:28.788368+00:00
00-0027086,,,12631,Stanley Arnoux,stanley arnoux,LB,FA,2026-09-06T23:42:28.788368+00:00
00-0027087,,,12748,Brandon Williams,brandon williams,LB,ARI,2026-09-06T23:42:28.788368+00:00
00-0027088,,,12547,Shawn Nelson,shawn nelson,TE,FA,2026-09-06T23:42:28.788368+00:00
00-0026908,,,12541,Anthony Hill,anthony hill,TE,FA,2026-09-06T23:42:28.788368+00:00
00-0027089,9388,396,12585,Louis Murphy,louis murphy,WR,FA,2026-09-06T23:42:28.788368+00:00
00-0027090,9389,435,12727,Lawrence Sidbury,lawrence sidbury,LB,TBB,2026-09-06T23:42:28.788368+00:00
00-0027091,,,12708,Slade Norris,slade norris,LB,JAC,2026-09-06T23:42:28.788368+00:00
00-0027092,9391,,12561,Austin Collie,austin collie,WR,FA,2026-09-06T23:42:28.788368+00:00
00-0027093,,,12496,Tony Fiammetta,tony fiammetta,RB,FA,2026-09-06T23:42:28.788368+00:00
00-0027094,9393,,12490,Andre Brown,andre brown,RB,FA,2026-09-06T23:42:28.788368+00:00
00-0027095,,,12694,Gerald McRath,gerald mcrath,LB,FA,2026-09-06T23:42:28.788368+00:00
00-0026910,9395,475,12738,Greg Toler,greg toler,CB,FA,2026-09-06T23:42:28.788368+00:00
00-0027098,,,12507,Gartrell Johnson,gartrell johnson,RB,FA,2026-09-06T23:42:28.788368+00:00
00-0026912,,,12697,William Middleton,william middleton,CB,FA,2026-09-06T23:42:28.788368+00:00
00-0026913,9404,,12678,Johnny Knox,johnny knox,WR,FA,2026-09-06T23:42:28.788368+00:00
00-0027102,,,12582,Kenny McKinley,kenny mckinley,XX,DEN,2026-09-06T23:42:28.788368+00:00
00-0027103,9406,353,12669,Kevin Huber,kevin huber,PN,FA,2026-09-06T23:42:28.788368+00:00
00-0027104,,,12729,DeAngelo Smith,deangelo smith,S,FA,2026-09-06T23:42:28.788368+00:00
00-0027105,,,12564,Jarett Dillard,jarett dillard,WR,FA,2026-09-06T23:42:28.788368+00:00
00-0027106,,,12508,Quinn Johnson,quinn johnson,RB,FA,2026-09-06T23:42:28.788368+00:00
00-0026499,,,12693,Scott McKillop,scott mckillop,LB,BUF,2026-09-06T23:42:28.788368+00:00
00-0027107,,,12529,Nic Harris,nic harris,LB,FA,2026-09-06T23:42:28.788368+00:00
00-0026914,,,12670,Brandon Hughes,brandon hughes,CB,SDC,2026-09-06T23:42:28.788368+00:00
00-0026915,,,12538,Davon Drew,davon drew,TE,BAL,2026-09-06T23:42:28.788368+00:00
00-0027108,9414,428,12451,Jasper Brinkley,jasper brinkley,LB,FA,2026-09-06T23:42:28.788368+00:00
00-0026917,,,12542,Cornelius Ingram,cornelius ingram,TE,FA,2026-09-06T23:42:28.788368+00:00
00-0026920,,,12425,Victor Harris,victor harris,S,FA,2026-09-06T23:42:28.788368+00:00
00-0026921,,,12498,Cody Glenn,cody glenn,LB,IND,2026-09-06T23:42:28.788368+00:00
00-0026923,,,12706,John Nalbone,john nalbone,TE,SEA,2026-09-06T23:42:28.788368+00:00
00-0027114,9428,445,12701,Thomas Morstead,thomas morstead,PN,SFO,2026-09-06T23:42:28.788368+00:00
00-0027115,9429,337,12645,Chris Clemons,chris clemons,LB,FA,2026-09-06T23:42:28.788368+00:00
00-0027116,,,12663,Michael Hamlin,michael hamlin,S,FA,2026-09-06T23:42:28.788368+00:00
00-0026925,,,12639,Joe Burnett,joe burnett,CB,FA,2026-09-06T23:42:28.788368+00:00
00-0026926,9433,,12733,Frank Summers,frank summers,RB,FA,2026-09-06T23:42:28.788368+00:00
00-0027119,,,12459,David Buehler,david buehler,PK,FA,2026-09-06T23:42:28.788368+00:00
00-0027120,9437,,12520,Javon Ringer,javon ringer,RB,FA,2026-09-06T23:42:28.788368+00:00
00-0027121,,,12466,Tom Brandstater,tom brandstater,QB,FA,2026-09-06T23:42:28.788368+00:00
00-0027122,,,12577,Quinten Lawrence,quinten lawrence,WR,FA,2026-09-06T23:42:28.788368+00:00
00-0027123,,,12628,Spencer Adkins,spencer adkins,LB,BAL,2026-09-06T23:42:28.788368+00:00
00-0027124,9441,555,12644,Don Carey,don carey,S,FA,2026-09-06T23:42:28.788368+00:00
00-0026928,,,12739,Morgan Trent,morgan trent,CB,FA,2026-09-06T23:42:28.788368+00:00
00-0027125,9444,749,12699,Zach Miller,zach miller,TE,FA,2026-09-06T23:42:28.788368+00:00
00-0026930,,427,12752,Jarius Wynn,jarius wynn,DT,FA,2026-09-06T23:42:28.788368+00:00
00-0027126,,,12664,Cary Harris,cary harris,S,FA,2026-09-06T23:42:28.788368+00:00
00-0026931,9448,502,12548,Bear Pascoe,bear pascoe,TE,NEP,2026-09-06T23:42:28.788368+00:00
00-0026932,9449,659,12519,Cedric Peerman,cedric peerman,RB,CIN,2026-09-06T23:42:28.788368+00:00
00-0026933,,,12666,Robert Henson,robert henson,LB,FA,2026-09-06T23:42:28.788368+00:00
00-0026934,,,12741,Brandon Underwood,brandon underwood,S,FA,2026-09-06T23:42:28.788368+00:00
00-0026935,9452,709,12690,Brice McCain,brice mccain,CB,FA,2026-09-06T23:42:28.788368+00:00
00-0027127,,,12650,Kevin Ellison,kevin ellison,S,FA,2026-09-06T23:42:28.788368+00:00
00-0026936,,,12629,Al Afalava,al afalava,S,FA,2026-09-06T23:42:28.788368+00:00
00-0027128,,,12656,Coye Francies,coye francies,S,FA,2026-09-06T23:42:28.788368+00:00
00-0027129,,,12635,Aaron Brown,aaron brown,RB,FA,2026-09-06T23:42:28.788368+00:00
00-0026937,9458,496,12567,Brandon Gibson,brandon gibson,WR,NEP,2026-09-06T23:42:28.788368+00:00
00-0027131,,,12709,Keith Null,keith null,QB,FA,2026-09-06T23:42:28.788368+00:00
00-0027133,,,12671,Jake Ingram,jake ingram,TE,TEN,2026-09-06T23:42:28.788368+00:00
00-0027134,,,12479,Curtis Painter,curtis painter,QB,FA,2026-09-06T23:42:28.788368+00:00
00-0027135,9466,397,12705,Brandon Myers,brandon myers,TE,FA,2026-09-06T23:42:28.788368+00:00
00-0027136,9467,368,12691,Jason McCourty,jason mccourty,CB,FA,2026-09-06T23:42:28.788368+00:00
00-0026939,,,12647,Will Davis,will davis,LB,FA,2026-09-06T23:42:28.788368+00:00
00-0026940,,,12665,Ra'Shon Harris,rashon harris,DT,HOU,2026-09-06T23:42:28.788368+00:00
00-0027137,,,12565,Dominique Edison,dominique edison,WR,FA,2026-09-06T23:42:28.788368+00:00
00-0027138,,,12715,Myron Pryor,myron pryor,DT,NEP,2026-09-06T23:42:28.788368+00:00
00-0027139,9472,406,12550,John Phillips,john phillips,TE,FA,2026-09-06T23:42:28.788368+00:00
00-0026941,9473,,12724,Bernard Scott,bernard scott,RB,FA,2026-09-06T23:42:28.788368+00:00
00-0026942,9474,488,12448,Vance Walker,vance walker,DE,DEN,2026-09-06T23:42:28.788368+00:00
00-0027140,9475,454,12517,Chris Ogbonnaya,chris ogbonnaya,RB,FA,2026-09-06T23:42:28.788368+00:00
00-0027141,,,12526,Javarris Williams,javarris williams,RB,HOU,2026-09-06T23:42:28.788368+00:00
00-0027142,,,12655,J.D. Folsom,jd folsom,LB,MIA,2026-09-06T23:42:28.788368+00:00
00-0026944,9480,441,12703,Captain Munnerlyn,captain munnerlyn,CB,FA,2026-09-06T23:42:28.788368+00:00
00-0026945,9481,446,12633,E.J. Biggers,ej biggers,CB,FA,2026-09-06T23:42:28.788368+00:00
00-0026946,9482,423,12675,Brad Jones,brad jones,LB,FA,2026-09-06T23:42:28.788368+00:00
00-0026501,,,12734,Curtis Taylor,curtis taylor,S,FA,2026-09-06T23:42:28.788368+00:00
00-0027144,,,12681,Ellis Lankster,ellis lankster,CB,FA,2026-09-06T23:42:28.788368+00:00
00-0026947,,,12554,Eddie Williams,eddie williams,RB,CLE,2026-09-06T23:42:28.788368+00:00
00-0027145,9486,378,12689,Pat McAfee,pat mcafee,PN,FA,2026-09-06T23:42:28.788368+00:00
00-0026948,,,12707,Troy Nolan,troy nolan,S,FA,2026-09-06T23:42:28.788368+00:00
00-0027149,,,12572,Manuel Johnson,manuel johnson,WR,FA,2026-09-06T23:42:28.788368+00:00
00-0026951,9494,410,12653,Moise Fokou,moise fokou,LB,FA,2026-09-06T23:42:28.788368+00:00
00-0026952,9495,431,12721,Jamarca Sanford,jamarca sanford,S,NOS,2026-09-06T23:42:28.788368+00:00
00-0027150,9496,344,12649,Julian Edelman,julian edelman,WR,FA,2026-09-06T23:42:28.788368+00:00
00-0026953,,,12595,Sammie Stroughter,sammie stroughter,WR,FA,2026-09-06T23:42:28.788368+00:00
00-0027152,,,12654,Zack Follett,zack follett,LB,FA,2026-09-06T23:42:28.788368+00:00
00-0027154,,,12710,Jake O'Connell,jake oconnell,TE,FA,2026-09-06T23:42:28.788368+00:00
00-0026956,9504,,12730,LaRod Stephens-Howling,larod stephens-howling,RB,FA,2026-09-06T23:42:28.788368+00:00
00-0026957,9505,362,12506,David Johnson,david johnson,TE,FA,2026-09-06T23:42:28.788368+00:00
00-0026958,,,12723,Nick Schommer,nick schommer,S,FA,2026-09-06T23:42:28.788368+00:00
00-0026959,,,12584,Marko Mitchell,marko mitchell,WR,FA,2026-09-06T23:42:28.788368+00:00
00-0026502,9508,487,12443,Ricky Jean-Francois,ricky jean-francois,DT,FA,2026-09-06T23:42:28.788368+00:00
00-0026960,,,12662,Courtney Greene,courtney greene,S,FA,2026-09-06T23:42:28.788368+00:00
00-0026962,,,12717,Nick Reed,nick reed,DE,FA,2026-09-06T23:42:28.788368+00:00
00-0026963,,,12545,Cameron Morrah,cameron morrah,TE,FA,2026-09-06T23:42:28.788368+00:00
00-0026964,9513,757,12692,Clinton McDonald,clinton mcdonald,DT,FA,2026-09-06T23:42:28.788368+00:00
00-0027155,9514,380,12503,Rashad Jennings,rashad jennings,RB,FA,2026-09-06T23:42:28.788368+00:00
00-0026966,,4825,12637,Freddie Brown,freddie brown,WR,FA,2026-09-06T23:42:28.788368+00:00
00-0027156,9517,,12600,Tiquan Underwood,tiquan underwood,WR,FA,2026-09-06T23:42:28.788368+00:00
00-0027157,,,12539,Dan Gronkowski,dan gronkowski,TE,FA,2026-09-06T23:42:28.788368+00:00
00-0026968,9520,391,12731,Ryan Succop,ryan succop,PK,FA,2026-09-06T23:42:28.788368+00:00
00-0026769,,,12521,Kory Sheets,kory sheets,RB,OAK,2026-09-06T23:42:28.788368+00:00
00-0026620,,,12515,Devin Moore,devin moore,RB,FA,2026-09-06T23:42:28.788368+00:00
00-0026799,,,12504,Jeremiah Johnson,jeremiah johnson,RB,DEN,2026-09-06T23:42:28.788368+00:00
00-0026796,9527,669,12497,Arian Foster,arian foster,RB,FA,2026-09-06T23:42:28.788368+00:00
00-0026858,9526,503,12460,Graham Gano,graham gano,PK,FA,2026-09-06T23:42:28.788368+00:00
00-0027159,,,13153,Jeremy Jarmon,jeremy jarmon,DE,DEN,2026-09-06T23:42:28.788368+00:00
00-0026780,9534,405,12588,Kevin Ogletree,kevin ogletree,WR,FA,2026-09-06T23:42:28.788368+00:00
00-0026716,,,12562,Quan Cosby,quan cosby,WR,FA,2026-09-06T23:42:28.788368+00:00
00-0026662,,,13025,Jamaal Westerman,jamaal westerman,LB,CLE,2026-09-06T23:42:28.788368+00:00
00-0026566,9674,,12898,Isaac Redman,isaac redman,RB,FA,2026-09-06T23:42:28.788368+00:00
00-0026544,9678,490,12471,Chase Daniel,chase daniel,QB,FA,2026-09-06T23:42:28.788368+00:00
00-0026790,,,12523,Tyrell Sutton,tyrell sutton,RB,FA,2026-09-06T23:42:28.788368+00:00
00-0026516,9769,385,12773,Britton Colquitt,britton colquitt,PN,FA,2026-09-06T23:42:28.788368+00:00
00-0026625,9547,345,12477,Brian Hoyer,brian hoyer,QB,FA,2026-09-06T23:42:28.788368+00:00
00-0026505,,,12480,John Parker Wilson,john parker wilson,QB,JAC,2026-09-06T23:42:28.788368+00:00
00-0026536,,,12953,Nick Miller,nick miller,WR,PHI,2026-09-06T23:42:28.788368+00:00
00-0026533,9545,486,12949,Desmond Bryant,desmond bryant,DT,FA,2026-09-06T23:42:28.788368+00:00
00-0026758,,,12903,C.J. Spillman,cj spillman,S,DAL,2026-09-06T23:42:28.788368+00:00
00-0026605,,,12755,Russell Allen,russell allen,LB,FA,2026-09-06T23:42:28.788368+00:00
00-0026672,9543,772,12988,Ramon Humber,ramon humber,LB,FA,2026-09-06T23:42:28.788368+00:00
00-0026674,,,12993,Jacob Lacey,jacob lacey,CB,FA,2026-09-06T23:42:28.788368+00:00
00-0026824,,,13085,Bruce Johnson,bruce johnson,CB,FA,2026-09-06T23:42:28.788368+00:00
00-0026721,9531,357,12928,Tom Nelson,tom nelson,S,CIN,2026-09-06T23:42:28.788368+00:00
00-0026869,,,13100,Jovan Belcher,jovan belcher,XX,KCC,2026-09-06T23:42:28.788368+00:00
00-0026541,,,12947,Antonio Dixon,antonio dixon,DT,FA,2026-09-06T23:42:28.788368+00:00
00-0026832,9554,483,13045,Jonathan Casillas,jonathan casillas,LB,FA,2026-09-06T23:42:28.788368+00:00
00-0026831,,,13063,Bret Lockett,bret lockett,S,NEP,2026-09-06T23:42:28.788368+00:00
00-0026635,9536,687,13007,Ashlee Palmer,ashlee palmer,LB,FA,2026-09-06T23:42:28.788368+00:00
00-0026618,9568,495,12762,Michael Bennett,michael bennett,DE,FA,2026-09-06T23:42:28.788368+00:00
00-0026727,,694,12905,Reggie Walker,reggie walker,LB,FA,2026-09-06T23:42:28.788368+00:00
00-0027167,,,13166,Chris Jennings,chris jennings,RB,FA,2026-09-06T23:42:28.788368+00:00
00-0022828,,,5730,Nate Jones,nate jones,WR,FA,2026-09-06T23:42:28.788368+00:00
00-0026596,,,12780,Dominic Douglas,dominic douglas,LB,STL,2026-09-06T23:42:28.788368+00:00
00-0026798,,,13033,Tim Jamison,tim jamison,DE,FA,2026-09-06T23:42:28.788368+00:00
00-0026723,,,12930,Chris Pressley,chris pressley,RB,FA,2026-09-06T23:42:28.788368+00:00
00-0026593,,,12759,K.C. Asiodu,kc asiodu,LB,FA,2026-09-06T23:42:28.788368+00:00
00-0026725,9567,493,12932,Dan Skuta,dan skuta,LB,FA,2026-09-06T23:42:28.788368+00:00
00-0026763,,,12911,Diyral Briggs,diyral briggs,LB,GBP,2026-09-06T23:42:28.788368+00:00
00-0026757,,,12553,Kory Sperry,kory sperry,TE,FA,2026-09-06T23:42:28.788368+00:00
00-0026751,,,12799,James Holt,james holt,LB,SDC,2026-09-06T23:42:28.788368+00:00
00-0026742,,,12956,Marcus Benard,marcus benard,LB,ARI,2026-09-06T23:42:28.788368+00:00
00-0026753,,,12813,Charly Martin,charly martin,WR,FA,2026-09-06T23:42:28.788368+00:00
00-0026579,9701,,12488,Kahlil Bell,kahlil bell,RB,FA,2026-09-06T23:42:28.788368+00:00
00-0026738,9722,724,13005,Nate Ness,nate ness,CB,DET,2026-09-06T23:42:28.788368+00:00
00-0026683,,,12908,Ryan Baker,ryan baker,DE,MIA,2026-09-06T23:42:28.788368+00:00
00-0026830,,,13081,David Nixon,david nixon,LB,FA,2026-09-06T23:42:28.788368+00:00
00-0026775,,,12469,Rudy Carpenter,rudy carpenter,QB,FA,2026-09-06T23:42:28.788368+00:00
00-0026739,9705,769,12587,Jordan Norwood,jordan norwood,WR,FA,2026-09-06T23:42:28.788368+00:00
00-0026788,,,13006,Cyril Obiozor,cyril obiozor,LB,DEN,2026-09-06T23:42:28.788368+00:00
00-0026572,,,12513,Marcus Mailei,marcus mailei,RB,FA,2026-09-06T23:42:28.788368+00:00
00-0026819,,,13059,Kareem Huggins,kareem huggins,RB,FA,2026-09-06T23:42:28.788368+00:00
00-0026607,,,12763,Brock Bolen,brock bolen,RB,FA,2026-09-06T23:42:28.788368+00:00
00-0026599,,,12828,Cord Parks,cord parks,CB,MIN,2026-09-06T23:42:28.788368+00:00
00-0026658,,,13011,Zach Potter,zach potter,TE,FA,2026-09-06T23:42:28.788368+00:00
00-0026532,,,12945,Jerome Boyd,jerome boyd,S,FA,2026-09-06T23:42:28.788368+00:00
00-0026720,,,12927,Rico Murray,rico murray,S,CIN,2026-09-06T23:42:28.788368+00:00
00-0026809,,,12540,Darius Hill,darius hill,TE,CIN,2026-09-06T23:42:28.788368+00:00
00-0026093,,,11792,Anthony Toribio,anthony toribio,DT,FA,2026-09-06T23:42:28.788368+00:00
00-0026043,,,11524,Marcus Dixon,marcus dixon,DE,FA,2026-09-06T23:42:28.788368+00:00
00-0026519,,,12427,DJ Johnson,dj johnson,CB,TBB,2026-09-06T23:42:28.788368+00:00
00-0026759,24785,1010,12989,Phillip Hunt,phillip hunt,DE,FA,2026-09-06T23:42:28.788368+00:00
00-0026258,,,11352,Xavier Adibi,xavier adibi,LB,FA,2026-09-06T23:42:28.788368+00:00
00-0026173,8810,104,11267,Donnie Avery,donnie avery,WR,FA,2026-09-06T23:42:28.788368+00:00
00-0026232,8869,170,11326,Cliff Avril,cliff avril,DE,FA,2026-09-06T23:42:28.788368+00:00
00-0026169,,,11263,Kentwan Balmer,kentwan balmer,DT,WAS,2026-09-06T23:42:28.788368+00:00
00-0026201,8838,40,11295,Martellus Bennett,martellus bennett,TE,FA,2026-09-06T23:42:28.788368+00:00
00-0026196,,,11290,Brian Brohm,brian brohm,QB,FA,2026-09-06T23:42:28.788368+00:00
00-0026261,8901,21,11358,Red Bryant,red bryant,DE,FA,2026-09-06T23:42:28.788368+00:00
00-0026237,8874,148,11331,Andre Caldwell,andre caldwell,WR,FA,2026-09-06T23:42:28.788368+00:00
00-0026190,8827,125,11284,Calais Campbell,calais campbell,DT,BAL,2026-09-06T23:42:28.788368+00:00
00-0026178,8815,143,11272,John Carlson,john carlson,TE,FA,2026-09-06T23:42:28.788368+00:00
00-0026167,,,11261,Antoine Cason,antoine cason,CB,FA,2026-09-06T23:42:28.788368+00:00
00-0026213,8850,323,11307,Jamaal Charles,jamaal charles,RB,FA,2026-09-06T23:42:28.788368+00:00
00-0026214,,,11308,Dan Connor,dan connor,LB,FA,2026-09-06T23:42:28.788368+00:00
00-0026218,,,11312,Shawn Crable,shawn crable,LB,FA,2026-09-06T23:42:28.788368+00:00
00-0026188,8825,98,11282,Fred Davis,fred davis,TE,FA,2026-09-06T23:42:28.788368+00:00
00-0026238,,,11332,Thomas DeCoud,thomas decoud,S,FA,2026-09-06T23:42:28.788368+00:00
00-0026145,8782,183,11239,Glenn Dorsey,glenn dorsey,DE,FA,2026-09-06T23:42:28.788368+00:00
00-0026221,8858,,11315,Early Doucet,early doucet,WR,FA,2026-09-06T23:42:28.788368+00:00
00-0026147,,,11242,Sedrick Ellis,sedrick ellis,DT,FA,2026-09-06T23:42:28.788368+00:00
00-0026212,,,11306,Chris Ellis,chris ellis,LB,FA,2026-09-06T23:42:28.788368+00:00
00-0026158,8795,19,11252,Joe Flacco,joe flacco,QB,CIN,2026-09-06T23:42:28.788368+00:00
00-0026146,,,11240,Vernon Gholston,vernon gholston,DE,FA,2026-09-06T23:42:28.788368+00:00
00-0026207,8844,237,11301,Charles Godfrey,charles godfrey,S,FA,2026-09-06T23:42:28.788368+00:00
00-0026211,,,11305,Tavares Gooden,tavares gooden,LB,FA,2026-09-06T23:42:28.788368+00:00
00-0026192,8829,674,11286,Quentin Groves,quentin groves,LB,FA,2026-09-06T23:42:28.788368+00:00
00-0026181,,,11275,James Hardy,james hardy,WR,FA,2026-09-06T23:42:28.788368+00:00
00-0026230,,,11324,Marcus Harrison,marcus harrison,DT,FA,2026-09-06T23:42:28.788368+00:00
00-0026148,,,11241,Derrick Harvey,derrick harvey,DE,FA,2026-09-06T23:42:28.788368+00:00
00-0025945,9045,140,11636,Erin Henderson,erin henderson,LB,FA,2026-09-06T23:42:28.788368+00:00
00-0026197,8834,89,11291,Chad Henne,chad henne,QB,FA,2026-09-06T23:42:28.788368+00:00
00-0025932,,,11637,Ali Highsmith,ali highsmith,LB,FA,2026-09-06T23:42:28.788368+00:00
00-0026189,8826,147,11283,DeSean Jackson,desean jackson,WR,FA,2026-09-06T23:42:28.788368+00:00
00-0026168,,,11262,Lawrence Jackson,lawrence jackson,DE,FA,2026-09-06T23:42:28.788368+00:00
00-0026165,8802,403,11259,Mike Jenkins,mike jenkins,CB,ARI,2026-09-06T23:42:28.788368+00:00
00-0026164,8801,272,11258,Chris Johnson,chris johnson,RB,FA,2026-09-06T23:42:28.788368+00:00
00-0026162,8799,291,11256,Felix Jones,felix jones,RB,FA,2026-09-06T23:42:28.788368+00:00
00-0026170,8807,315,11264,Dustin Keller,dustin keller,TE,FA,2026-09-06T23:42:28.788368+00:00
00-0026191,,,11285,Malcolm Kelly,malcolm kelly,WR,FA,2026-09-06T23:42:28.788368+00:00
00-0026241,,,11335,Justin King,justin king,CB,FA,2026-09-06T23:42:28.788368+00:00
00-0026177,8814,137,11271,Curtis Lofton,curtis lofton,LB,FA,2026-09-06T23:42:28.788368+00:00
00-0026142,8779,318,11236,Chris Long,chris long,DE,FA,2026-09-06T23:42:28.788368+00:00
00-0026235,8872,68,11329,Mario Manningham,mario manningham,WR,FA,2026-09-06T23:42:28.788368+00:00
00-0026150,8787,27,11244,Jerod Mayo,jerod mayo,LB,FA,2026-09-06T23:42:28.788368+00:00
00-0026144,8781,326,11238,Darren McFadden,darren mcfadden,RB,FA,2026-09-06T23:42:28.788368+00:00
00-0026151,8788,196,11245,Leodis McKelvin,leodis mckelvin,CB,FA,2026-09-06T23:42:28.788368+00:00
00-0026163,8800,145,11257,Rashard Mendenhall,rashard mendenhall,RB,FA,2026-09-06T23:42:28.788368+00:00
00-0026172,,,11266,Phillip Merling,phillip merling,DE,FA,2026-09-06T23:42:28.788368+00:00
00-0026171,8808,33,11265,Kenny Phillips,kenny phillips,S,FA,2026-09-06T23:42:28.788368+00:00
00-0026180,8817,309,11274,Tracy Porter,tracy porter,CB,FA,2026-09-06T23:42:28.788368+00:00
00-0026284,,,11367,DeMario Pressley,demario pressley,DT,CAR,2026-09-06T23:42:28.788368+00:00
00-0026195,8832,16,11289,Ray Rice,ray rice,RB,FA,2026-09-06T23:42:28.788368+00:00
00-0026149,,,11243,Keith Rivers,keith rivers,LB,DAL,2026-09-06T23:42:28.788368+00:00
00-0026156,8793,95,11250,Dominique Rodgers-Cromartie,dominique rodgers-cromartie,CB,FA,2026-09-06T23:42:28.788368+00:00
00-0026251,,,11345,Martin Rucker,martin rucker,TE,FA,2026-09-06T23:42:28.788368+00:00
00-0026143,8780,24,11237,Matt Ryan,matt ryan,QB,FA,2026-09-06T23:42:28.788368+00:00
00-0026215,,,11309,Reggie Smith,reggie smith,S,FA,2026-09-06T23:42:28.788368+00:00
00-0026153,8790,218,11247,Jonathan Stewart,jonathan stewart,RB,FA,2026-09-06T23:42:28.788368+00:00
00-0026193,,,11287,Limas Sweed,limas sweed,WR,FA,2026-09-06T23:42:28.788368+00:00
00-0026160,8797,180,11254,Aqib Talib,aqib talib,CB,FA,2026-09-06T23:42:28.788368+00:00
00-0026233,8870,191,11327,Philip Wheeler,philip wheeler,LB,FA,2026-09-06T23:42:28.788368+00:00
00-0025820,8778,304,11234,Jerome Woods,jerome woods,DB,KCC,2026-09-06T23:42:28.788368+00:00
00-0026161,,,11255,Charles Woodson,charles woodson,DB,OAK,2026-09-06T23:42:28.788368+00:00
00-0026174,,,11268,Devin Thomas,devin thomas,WR,DET,2026-09-06T23:42:28.788368+00:00
00-0026175,8812,189,11269,Brandon Flowers,brandon flowers,CB,FA,2026-09-06T23:42:28.788368+00:00
00-0026176,8813,175,11270,Jordy Nelson,jordy nelson,WR,FA,2026-09-06T23:42:28.788368+00:00
00-0026182,8819,297,11276,Eddie Royal,eddie royal,WR,FA,2026-09-06T23:42:28.788368+00:00
00-0026183,,,11277,Tyrell Johnson,tyrell johnson,S,FA,2026-09-06T23:42:28.788368+00:00
00-0026184,8821,103,11278,Matt Forte,matt forte,RB,FA,2026-09-06T23:42:28.788368+00:00
00-0026185,,,11279,Jordon Dizon,jordon dizon,LB,FA,2026-09-06T23:42:28.788368+00:00
00-0026186,8823,321,11280,Jerome Simpson,jerome simpson,WR,FA,2026-09-06T23:42:28.788368+00:00
00-0026187,,,11281,Trevor Laws,trevor laws,DT,FA,2026-09-06T23:42:28.788368+00:00
00-0026194,8831,8,11288,Jason Jones,jason jones,DT,FA,2026-09-06T23:42:28.788368+00:00
00-0026198,,,11292,Dexter Jackson,dexter jackson,WR,FA,2026-09-06T23:42:28.788368+00:00
00-0026200,,,11294,Pat Lee,pat lee,CB,FA,2026-09-06T23:42:28.788368+00:00
00-0026202,,,11296,Terrence Wheatley,terrence wheatley,CB,TEN,2026-09-06T23:42:28.788368+00:00
00-0026203,,,11297,Terrell Thomas,terrell thomas,CB,FA,2026-09-06T23:42:28.788368+00:00
00-0026204,8841,,11298,Kevin Smith,kevin smith,RB,FA,2026-09-06T23:42:28.788368+00:00
00-0026206,8843,75,11300,Kendall Langford,kendall langford,DE,FA,2026-09-06T23:42:28.788368+00:00
00-0026208,,,11302,Chevis Jackson,chevis jackson,CB,FA,2026-09-06T23:42:28.788368+00:00
00-0026209,8846,,11303,Jacob Hester,jacob hester,RB,FA,2026-09-06T23:42:28.788368+00:00
00-0026210,8847,415,11304,Earl Bennett,earl bennett,WR,FA,2026-09-06T23:42:28.788368+00:00
00-0026216,,,11310,Brad Cottam,brad cottam,TE,FA,2026-09-06T23:42:28.788368+00:00
00-0026217,8854,67,11311,Pat Sims,pat sims,DT,FA,2026-09-06T23:42:28.788368+00:00
00-0026219,,,11313,Antwaun Molden,antwaun molden,CB,JAC,2026-09-06T23:42:28.788368+00:00
00-0026220,,,11314,Bryan Smith,bryan smith,DE,FA,2026-09-06T23:42:28.788368+00:00
00-0026222,,,11316,DaJuan Morgan,dajuan morgan,S,FA,2026-09-06T23:42:28.788368+00:00
00-0026224,8861,247,11318,Harry Douglas,harry douglas,WR,FA,2026-09-06T23:42:28.788368+00:00
00-0026225,8862,8079,11319,Craig Stevens,craig stevens,TE,FA,2026-09-06T23:42:28.788368+00:00
00-0026226,,,11320,Tom Zbikowski,tom zbikowski,S,FA,2026-09-06T23:42:28.788368+00:00
00-0026227,8864,60,11321,Andre Fluellen,andre fluellen,DT,FA,2026-09-06T23:42:28.788368+00:00
00-0026228,,,11322,Bruce Davis,bruce davis,LB,OAK,2026-09-06T23:42:28.788368+00:00
00-0026229,8866,,11323,Steve Slaton,steve slaton,RB,FA,2026-09-06T23:42:28.788368+00:00
00-0026231,8868,,11325,Jermichael Finley,jermichael finley,TE,FA,2026-09-06T23:42:28.788368+00:00
00-0026234,,5833,11328,Kevin O'Connell,kevin oconnell,QB,FA,2026-09-06T23:42:28.788368+00:00
00-0026240,8877,54,11334,Tyvon Branch,tyvon branch,S,FA,2026-09-06T23:42:28.788368+00:00
00-0026242,,,11336,Jeremy Thompson,jeremy thompson,LB,FA,2026-09-06T23:42:28.788368+00:00
00-0026243,8880,139,11337,William Hayes,william hayes,DE,FA,2026-09-06T23:42:28.788368+00:00
00-0025713,,,11079,Marcus Smith,marcus smith,WR,FA,2026-09-06T23:42:28.788368+00:00
00-0026250,,,11344,Spergon Wynn,spergon wynn,QB,CLE,2026-09-06T23:42:28.788368+00:00
00-0026253,8890,652,11347,Dwight Lowery,dwight lowery,S,FA,2026-09-06T23:42:28.788368+00:00
00-0026254,,,11348,Reggie Corner,reggie corner,CB,FA,2026-09-06T23:42:28.788368+00:00
00-0026255,,,11349,Dre Moore,dre moore,DT,FA,2026-09-06T23:42:28.788368+00:00
00-0026256,,,11350,Kenny Iwebema,kenny iwebema,DE,FA,2026-09-06T23:42:28.788368+00:00
00-0026257,8894,776,11351,Quintin Demps,quintin demps,S,FA,2026-09-06T23:42:28.788368+00:00
00-0026259,,,11354,Jack Williams,jack williams,CB,DET,2026-09-06T23:42:28.788368+00:00
00-0026260,,,11356,Craig Steltz,craig steltz,S,FA,2026-09-06T23:42:28.788368+00:00
00-0026262,8902,66,11359,Tashard Choice,tashard choice,RB,FA,2026-09-06T23:42:28.788368+00:00
00-0026263,,,11360,Bryan Kehl,bryan kehl,LB,FA,2026-09-06T23:42:28.788368+00:00
00-0026264,,,11361,Justin Tryon,justin tryon,CB,FA,2026-09-06T23:42:28.788368+00:00
00-0026266,8914,151,11371,Lavelle Hawkins,lavelle hawkins,WR,FA,2026-09-06T23:42:28.788368+00:00
00-0026267,8916,32,11373,Jacob Tamme,jacob tamme,TE,FA,2026-09-06T23:42:28.788368+00:00
00-0026268,,,11375,Keenan Burton,keenan burton,WR,FA,2026-09-06T23:42:28.788368+00:00
00-0026269,,,11376,Jonathan Wilhite,jonathan wilhite,CB,FA,2026-09-06T23:42:28.788368+00:00
00-0026272,,,11379,Derek Fine,derek fine,TE,FA,2026-09-06T23:42:28.788368+00:00
00-0026274,,,11381,Stanford Keglar,stanford keglar,LB,HOU,2026-09-06T23:42:28.788368+00:00
00-0026276,,,11353,Kenneth Moore,kenneth moore,WR,FA,2026-09-06T23:42:28.788368+00:00
00-0026278,,,11357,Robert James,robert james,LB,KCC,2026-09-06T23:42:28.788368+00:00
00-0026279,8905,,11362,Ryan Torain,ryan torain,RB,FA,2026-09-06T23:42:28.788368+00:00
00-0026280,8906,105,11363,Brandon Carr,brandon carr,CB,FA,2026-09-06T23:42:28.788368+00:00
00-0026281,8907,176,11364,Gary Barnidge,gary barnidge,TE,FA,2026-09-06T23:42:28.788368+00:00
00-0026282,8908,149,11365,Zackary Bowman,zackary bowman,CB,FA,2026-09-06T23:42:28.788368+00:00
00-0026283,8909,266,11366,Orlando Scandrick,orlando scandrick,CB,FA,2026-09-06T23:42:28.788368+00:00
00-0026285,,,11368,Jason Shirley,jason shirley,DT,FA,2026-09-06T23:42:28.788368+00:00
00-0026286,8912,25,11369,Jerome Felton,jerome felton,RB,FA,2026-09-06T23:42:28.788368+00:00
00-0026287,,,11372,Alvin Bowen,alvin bowen,LB,JAC,2026-09-06T23:42:28.788368+00:00
00-0026288,,,11374,Carlton Powell,carlton powell,DT,FA,2026-09-06T23:42:28.788368+00:00
00-0026289,8926,83,11383,Tim Hightower,tim hightower,RB,FA,2026-09-06T23:42:28.788368+00:00
00-0026291,,,11385,Frank Okam,frank okam,DT,FA,2026-09-06T23:42:28.788368+00:00
00-0026292,8929,29,11386,Letroy Guion,letroy guion,DT,FA,2026-09-06T23:42:28.788368+00:00
00-0026293,8930,312,11387,Matt Slater,matthew slater,WR,FA,2026-09-06T23:42:28.788368+00:00
00-0026294,8931,129,11388,Kroy Biermann,kroy biermann,LB,FA,2026-09-06T23:42:28.788368+00:00
00-0026295,,,11389,Thomas Williams,thomas williams,LB,FA,2026-09-06T23:42:28.788368+00:00
00-0026296,8933,665,11390,Dennis Dixon,dennis dixon,QB,FA,2026-09-06T23:42:28.788368+00:00
00-0026298,8935,328,11392,Kellen Davis,kellen davis,TE,FA,2026-09-06T23:42:28.788368+00:00
00-0026300,8937,260,11394,Josh Johnson,josh johnson,QB,CIN,2026-09-06T23:42:28.788368+00:00
00-0026301,,,11395,Marcus Howard,marcus howard,DE,TEN,2026-09-06T23:42:28.788368+00:00
00-0026303,,,11397,Owen Schmitt,owen schmitt,RB,FA,2026-09-06T23:42:28.788368+00:00
00-0026305,,,11399,Jonathan Goff,jonathan goff,LB,FA,2026-09-06T23:42:28.788368+00:00
00-0026307,8944,750,11401,Erik Walden,erik walden,LB,SEA,2026-09-06T23:42:28.788368+00:00
00-0026308,,,11402,Durant Brooks,durant brooks,PN,FA,2026-09-06T23:42:28.788368+00:00
00-0026309,,,11403,Trevor Scott,trevor scott,DE,FA,2026-09-06T23:42:28.788368+00:00
00-0026313,,,11407,Dominique Barber,dominique barber,S,FA,2026-09-06T23:42:28.788368+00:00
00-0026314,8951,222,11408,Josh Morgan,josh morgan,WR,FA,2026-09-06T23:42:28.788368+00:00
00-0026315,,,11409,Geno Hayes,geno hayes,LB,FA,2026-09-06T23:42:28.788368+00:00
00-0026316,8953,479,11410,Jalen Parmele,jalen parmele,RB,FA,2026-09-06T23:42:28.788368+00:00
00-0026317,,,11411,Corey Lynch,corey lynch,S,FA,2026-09-06T23:42:28.788368+00:00
00-0026319,,,11413,Xavier Omon,xavier omon,RB,FA,2026-09-06T23:42:28.788368+00:00
00-0026320,,,11414,Kareem Moore,kareem moore,S,FA,2026-09-06T23:42:28.788368+00:00
00-0026321,8958,438,11415,Nick Hayden,nick hayden,DE,FA,2026-09-06T23:42:28.788368+00:00
00-0026323,,241,11417,Spencer Larsen,spencer larsen,RB,FA,2026-09-06T23:42:28.788368+00:00
00-0026325,,,11419,Chris Harrington,chris harrington,LB,CIN,2026-09-06T23:42:28.788368+00:00
00-0026330,8967,153,11424,Ahtyba Rubin,ahtyba rubin,DT,OAK,2026-09-06T23:42:28.788368+00:00
00-0026331,,,11425,Paul Hubbard,paul hubbard,WR,FA,2026-09-06T23:42:28.788368+00:00
00-0026333,,,11427,Jaymar Johnson,jaymar johnson,WR,FA,2026-09-06T23:42:28.788368+00:00
00-0026334,,364,11428,Ryan Mundy,ryan mundy,S,FA,2026-09-06T23:42:28.788368+00:00
00-0026336,,,11430,Tom Santi,tom santi,TE,FA,2026-09-06T23:42:28.788368+00:00
00-0026340,8977,706,11434,Joe Mays,joe mays,LB,FA,2026-09-06T23:42:28.788368+00:00
00-0026342,,,11436,Mike Hart,mike hart,RB,FA,2026-09-06T23:42:28.788368+00:00
00-0026343,8980,197,11437,Andy Studebaker,andy studebaker,LB,IND,2026-09-06T23:42:28.788368+00:00
00-0026344,,340,11438,Lex Hilliard,lex hilliard,RB,FA,2026-09-06T23:42:28.788368+00:00
00-0026345,8982,269,11439,Pierre Garcon,pierre garcon,WR,FA,2026-09-06T23:42:28.788368+00:00
00-0026346,,,11440,Haruki Nakamura,haruki nakamura,S,FA,2026-09-06T23:42:28.788368+00:00
00-0026348,,,11442,Ervin Baldwin,ervin baldwin,DE,FA,2026-09-06T23:42:28.788368+00:00
00-0026349,8986,144,11443,Matt Flynn,matt flynn,QB,NOS,2026-09-06T23:42:28.788368+00:00
00-0026350,,,11444,Brian Johnston,brian johnston,DE,MIA,2026-09-06T23:42:28.788368+00:00
00-0026353,,,11447,Chauncey Washington,chauncey washington,RB,FA,2026-09-06T23:42:28.788368+00:00
00-0026354,,,11448,Larry Grant,larry grant,LB,FA,2026-09-06T23:42:28.788368+00:00
00-0026355,,,11449,Justin Harper,justin harper,WR,FA,2026-09-06T23:42:28.788368+00:00
00-0026356,,,11450,Landon Cohen,landon cohen,DT,FA,2026-09-06T23:42:28.788368+00:00
00-0026357,,,11451,Brett Swain,brett swain,WR,SFO,2026-09-06T23:42:28.788368+00:00
00-0026358,,,11452,Caleb Campbell,caleb campbell,LB,DET,2026-09-06T23:42:28.788368+00:00
00-0026360,,,11454,Josh Barrett,josh barrett,S,FA,2026-09-06T23:42:28.788368+00:00
00-0026361,,,11455,Hilee Taylor,hilee taylor,DE,CAR,2026-09-06T23:42:28.788368+00:00
00-0026364,9001,108,11458,Stevie Johnson,stevie johnson,WR,FA,2026-09-06T23:42:28.788368+00:00
00-0026366,9003,,11460,Chaz Schilens,chaz schilens,WR,FA,2026-09-06T23:42:28.788368+00:00
00-0026367,900035,660,11461,Peyton Hillis,peyton hillis,RB,FA,2026-09-06T23:42:28.788368+00:00
00-0026368,,,11462,Chris Chamberlain,chris chamberlain,LB,FA,2026-09-06T23:42:28.788368+00:00
00-0026369,9006,501,11463,Cary Williams,cary williams,CB,FA,2026-09-06T23:42:28.788368+00:00
00-0026371,,,11465,Alex Hall,alex hall,DE,FA,2026-09-06T23:42:28.788368+00:00
00-0026372,,,11466,Keith Zinger,keith zinger,TE,FA,2026-09-06T23:42:28.788368+00:00
00-0026373,9010,458,11467,Justin Forsett,justin forsett,RB,FA,2026-09-06T23:42:28.788368+00:00
00-0026375,,,11469,Brandon Coutu,brandon coutu,PK,FA,2026-09-06T23:42:28.788368+00:00
00-0026377,,,11471,Adrian Arrington,adrian arrington,WR,FA,2026-09-06T23:42:28.788368+00:00
00-0026382,,,11476,Rob Jackson,rob jackson,LB,FA,2026-09-06T23:42:28.788368+00:00
00-0026385,,,11479,Lionel Dotson,lionel dotson,DE,FA,2026-09-06T23:42:28.788368+00:00
00-0026389,,,11483,Chris Horton,chris horton,S,FA,2026-09-06T23:42:28.788368+00:00
00-0026391,,,11485,Kennard Cox,kennard cox,CB,FA,2026-09-06T23:42:28.788368+00:00
00-0026392,,,11486,David Vobora,david vobora,LB,FA,2026-09-06T23:42:28.788368+00:00
00-0026003,9032,45,11688,Dan Carpenter,dan carpenter,PK,FA,2026-09-06T23:42:28.788368+00:00
00-0026000,9030,,11678,Davone Bess,davone bess,WR,FA,2026-09-06T23:42:28.788368+00:00
00-0024681,,,10799,Brandon London,brandon london,WR,FA,2026-09-06T23:42:28.788368+00:00
00-0026138,9219,499,11737,Connor Barth,connor barth,PK,FA,2026-09-06T23:42:28.788368+00:00
00-0026035,9037,491,11674,Danny Amendola,danny amendola,WR,FA,2026-09-06T23:42:28.788368+00:00
00-0025970,9033,317,11540,Caleb Hanie,caleb hanie,QB,FA,2026-09-06T23:42:28.788368+00:00
00-0025825,9070,497,11555,Brett Kern,brett kern,PN,FA,2026-09-06T23:42:28.788368+00:00
00-0026029,9038,,11766,Kregg Lumpkin,kregg lumpkin,RB,FA,2026-09-06T23:42:28.788368+00:00
00-0026033,9051,,11747,Mike Cox,mike cox,RB,FA,2026-09-06T23:42:28.788368+00:00
00-0026069,9043,182,11658,Mike Tolbert,mike tolbert,RB,FA,2026-09-06T23:42:28.788368+00:00
00-0026444,,,11909,Brian Witherspoon,brian witherspoon,CB,NYG,2026-09-06T23:42:28.788368+00:00
00-0025999,9065,459,11544,David Hawthorne,david hawthorne,LB,FA,2026-09-06T23:42:28.788368+00:00
00-0025944,9066,775,11923,Steven Hauschka,steven hauschka,PK,FA,2026-09-06T23:42:28.788368+00:00
00-0025902,9064,,11706,Elbert Mack,elbert mack,CB,FA,2026-09-06T23:42:28.788368+00:00
00-0025838,9111,106,11693,Jo-Lonn Dunbar,jo-lonn dunbar,LB,FA,2026-09-06T23:42:28.788368+00:00
00-0025991,,,11631,Eric Foster,eric foster,DT,FA,2026-09-06T23:42:28.788368+00:00
00-0025828,9072,210,11609,Wesley Woodyard,wesley woodyard,LB,FA,2026-09-06T23:42:28.788368+00:00
00-0025995,,,11588,Jordan Senn,jordan senn,LB,FA,2026-09-06T23:42:28.788368+00:00
00-0025940,9063,257,11910,Husain Abdullah,husain abdullah,S,FA,2026-09-06T23:42:28.788368+00:00
00-0026089,,,11763,Maurice Leggett,maurice leggett,CB,KCC,2026-09-06T23:42:28.788368+00:00
00-0025821,,,11755,Gary Guyton,gary guyton,LB,FA,2026-09-06T23:42:28.788368+00:00
00-0026407,9068,101,11841,Jameel McClain,jameel mcclain,LB,FA,2026-09-06T23:42:28.788368+00:00
00-0026450,,,11864,Weston Dacus,weston dacus,LB,KCC,2026-09-06T23:42:28.788368+00:00
00-0026028,9136,109,11762,Danny Lansanah,danny lansanah,LB,FA,2026-09-06T23:42:28.788368+00:00
00-0025860,900039,5820,11754,BenJarvus Green-Ellis,benjarvus green-ellis,RB,FA*,2026-09-06T23:42:28.788368+00:00
00-0026026,,,11635,Joey Haynos,joey haynos,TE,FA,2026-09-06T23:42:28.788368+00:00
00-0025997,,,11654,Chad Simpson,chad simpson,RB,FA,2026-09-06T23:42:28.788368+00:00
00-0026113,,,11816,Clifton Smith,clifton smith,RB,FA,2026-09-06T23:42:28.788368+00:00
00-0025824,9222,11,11543,Garrett Hartley,garrett hartley,PK,FA,2026-09-06T23:42:28.788368+00:00
00-0026057,,,11615,Josh Bell,josh bell,CB,GBP,2026-09-06T23:42:28.788368+00:00
00-0026105,9123,281,11809,Wallace Gilberry,wallace gilberry,DE,FA,2026-09-06T23:42:28.788368+00:00
00-0025889,,,11911,Jamar Adams,jamar adams,S,FA,2026-09-06T23:42:28.788368+00:00
00-0025848,,,11557,Roy Lewis,roy lewis,CB,FA,2026-09-06T23:42:28.788368+00:00
00-0025951,9161,,11933,Darius Reynaud,darius reynaud,RB,FA,2026-09-06T23:42:28.788368+00:00
00-0026417,,,11830,Jesse Nading,jesse nading,LB,FA,2026-09-06T23:42:28.788368+00:00
00-0026001,,,11685,Titus Brown,titus brown,LB,FA,2026-09-06T23:42:28.788368+00:00
00-0026072,,1015,11517,Jed Collins,jed collins,RB,FA,2026-09-06T23:42:28.788368+00:00
00-0025864,,,11784,Jonathan Stupar,jonathan stupar,TE,FA,2026-09-06T23:42:28.788368+00:00
00-0025913,,,11760,James Johnson,james johnson,RB,FA,2026-09-06T23:42:28.788368+00:00
00-0025942,9110,711,11920,Leger Douzable,leger douzable,DE,FA,2026-09-06T23:42:28.788368+00:00
00-0025841,,,11575,Louis Rankin,louis rankin,RB,FA,2026-09-06T23:42:28.788368+00:00
00-0026126,,,11581,David Roach,david roach,S,FA,2026-09-06T23:42:28.788368+00:00
00-0026432,9080,,11912,Lance Ball,lance ball,RB,FA,2026-09-06T23:42:28.788368+00:00
00-0026019,9560,735,11788,Danny Woodhead,danny woodhead,RB,FA,2026-09-06T23:42:28.788368+00:00
00-0026465,9077,,11946,Anthony Armstrong,anthony armstrong,WR,FA,2026-09-06T23:42:28.788368+00:00
00-0026121,,,11698,Lynell Hamilton,lynell hamilton,RB,FA,2026-09-06T23:42:28.788368+00:00
00-0026396,,,11831,Maurice Purify,maurice purify,WR,FA,2026-09-06T23:42:28.788368+00:00
00-0026022,,,11734,Jake Allen,jake allen,WR,FA,2026-09-06T23:42:28.788368+00:00
00-0025955,,,11940,Albert Young,albert young,RB,FA,2026-09-06T23:42:28.788368+00:00
00-0026100,,,11798,Nate Hughes,nate hughes,WR,JAC,2026-09-06T23:42:28.788368+00:00
00-0026008,9149,469,11708,Matthew Mulligan,matthew mulligan,TE,DET,2026-09-06T23:42:28.788368+00:00
00-0025857,,,11709,Ogemdi Nwagbuo,ogemdi nwagbuo,DT,CIN,2026-09-06T23:42:28.788368+00:00
00-0026132,,,11801,Matt Lawrence,matt lawrence,RB,BAL,2026-09-06T23:42:28.788368+00:00
00-0026016,9153,349,11778,Ropati Pitoitua,ropati pitoitua,DE,FA,2026-09-06T23:42:28.788368+00:00
00-0026071,9078,498,11494,Kyle Arrington,kyle arrington,CB,BAL,2026-09-06T23:42:28.788368+00:00
00-0026013,,,11748,Kenwin Cummings,kenwin cummings,LB,FA,2026-09-06T23:42:28.788368+00:00
00-0026123,9539,,11870,Evan Moore,evan moore,TE,FA,2026-09-06T23:42:28.788368+00:00
00-0026084,,,11723,Brian Schaefering,brian schaefering,DT,FA,2026-09-06T23:42:28.788368+00:00
00-0025681,,,10850,Ricky Schmitt,ricky schmitt,PK,FA,2026-09-06T23:42:28.788368+00:00
00-0026393,9158,126,11717,Marcel Reece,marcel reece,RB,FA,2026-09-06T23:42:28.788368+00:00
00-0025389,8256,240,10447,Calvin Johnson,calvin johnson,WR,FA,2026-09-06T23:42:28.788368+00:00
00-0025394,8261,184,10452,Adrian Peterson,adrian peterson,RB,FA,2026-09-06T23:42:28.788368+00:00
00-0025409,8276,671,10466,Brady Quinn,brady quinn,QB,FA,2026-09-06T23:42:28.788368+00:00
00-0025420,8287,282,10477,Alan Branch,alan branch,DT,FA,2026-09-06T23:42:28.788368+00:00
00-0025401,8268,254,10458,Darrelle Revis,darrelle revis,CB,FA,2026-09-06T23:42:28.788368+00:00
00-0025395,,,11116,Jamaal Anderson,jamaal anderson,DE,FA,2026-09-06T23:42:28.788368+00:00
00-0025393,,,10451,LaRon Landry,laron landry,S,FA,2026-09-06T23:42:28.788368+00:00
00-0025397,,,10454,Amobi Okoye,amobi okoye,DT,FA,2026-09-06T23:42:28.788368+00:00
00-0025400,,,10457,Adam Carriker,adam carriker,DE,FA,2026-09-06T23:42:28.788368+00:00
00-0025410,8277,286,10467,Dwayne Bowe,dwayne bowe,WR,FA,2026-09-06T23:42:28.788368+00:00
00-0025408,8275,704,10465,Reggie Nelson,reggie nelson,S,FA,2026-09-06T23:42:28.788368+00:00
00-0025421,8288,160,10478,Paul Posluszny,paul posluszny,LB,FA,2026-09-06T23:42:28.788368+00:00
00-0025399,8266,745,10456,Marshawn Lynch,marshawn lynch,RB,FA,2026-09-06T23:42:28.788368+00:00
00-0025432,,,10489,Dwayne Jarrett,dwayne jarrett,WR,FA,2026-09-06T23:42:28.788368+00:00
00-0025482,,,10539,Dante Hughes,dante hughes,CB,FA,2026-09-06T23:42:28.788368+00:00
00-0025396,8263,695,10453,Ted Ginn Jr.,ted ginn,WR,FA,2026-09-06T23:42:28.788368+00:00
00-0025405,8272,56,10462,Leon Hall,leon hall,CB,FA,2026-09-06T23:42:28.788368+00:00
00-0025398,,15,10455,Patrick Willis,patrick willis,LB,FA,2026-09-06T23:42:28.788368+00:00
00-0025407,,28,10464,Aaron Ross,aaron ross,CB,FA,2026-09-06T23:42:28.788368+00:00
00-0025470,8337,37,10527,Charles Johnson,charles johnson,DE,FA,2026-09-06T23:42:28.788368+00:00
00-0025411,8278,134,10468,Brandon Meriweather,brandon meriweather,S,FA,2026-09-06T23:42:28.788368+00:00
00-0025431,8298,14,10488,Sidney Rice,sidney rice,WR,FA,2026-09-06T23:42:28.788368+00:00
00-0025414,8281,230,10471,Robert Meachem,robert meachem,WR,FA*,2026-09-06T23:42:28.788368+00:00
00-0025404,,,10461,Jarvis Moss,jarvis moss,DE,FA,2026-09-06T23:42:28.788368+00:00
00-0025413,,152,10470,Anthony Spencer,anthony spencer,LB,FA,2026-09-06T23:42:28.788368+00:00
00-0025425,8292,171,10482,Zach Miller,zach miller,TE,FA,2026-09-06T23:42:28.788368+00:00
00-0025402,8269,298,10459,Lawrence Timmons,lawrence timmons,LB,FA,2026-09-06T23:42:28.788368+00:00
00-0025487,8354,,10544,Michael Bush,michael bush,RB,FA,2026-09-06T23:42:28.788368+00:00
00-0025406,8273,46,10463,Michael Griffin,michael griffin,S,FA,2026-09-06T23:42:28.788368+00:00
00-0025418,8285,58,10475,Greg Olsen,greg olsen,TE,FA,2026-09-06T23:42:28.788368+00:00
00-0025433,8300,22,10490,LaMarr Woodley,lamarr woodley,LB,FA,2026-09-06T23:42:28.788368+00:00
00-0025627,,,10683,Brandon Siler,brandon siler,LB,FA,2026-09-06T23:42:28.788368+00:00
00-0025444,,,10501,Victor Abiamiri,victor abiamiri,DE,FA,2026-09-06T23:42:28.788368+00:00
00-0025428,,,10485,Chris Houston,chris houston,CB,FA,2026-09-06T23:42:28.788368+00:00
00-0025471,,,10528,Jonathan Wade,jonathan wade,CB,MIA,2026-09-06T23:42:28.788368+00:00
00-0025417,,,10474,Buster Davis,buster davis,WR,BUF,2026-09-06T23:42:28.788368+00:00
00-0025442,8309,700,10499,Josh Wilson,josh wilson,CB,DET,2026-09-06T23:42:28.788368+00:00
00-0025434,8301,3,10491,David Harris,david harris,LB,FA,2026-09-06T23:42:28.788368+00:00
00-0025459,,,10516,Marcus McCauley,marcus mccauley,CB,FA,2026-09-06T23:42:28.788368+00:00
00-0025419,8286,,10476,Anthony Gonzalez,anthony gonzalez,WR,FA,2026-09-06T23:42:28.788368+00:00
00-0025403,,,10460,Justin Harrell,justin harrell,DT,FA,2026-09-06T23:42:28.788368+00:00
00-0025438,8305,,10495,Steve Smith,steve smith,WR,FA,2026-09-06T23:42:28.788368+00:00
00-0025445,,,10502,Ikaika Alama-Francis,ikaika alama-francis,LB,FA,2026-09-06T23:42:28.788368+00:00
00-0025484,,,10541,Ray McDonald,ray mcdonald,DE,FA,2026-09-06T23:42:28.788368+00:00
00-0025486,,,10543,Johnnie Lee Higgins,johnnie lee higgins,WR,FA,2026-09-06T23:42:28.788368+00:00
00-0025479,,739,10536,Trent Edwards,trent edwards,QB,OAK,2026-09-06T23:42:28.788368+00:00
00-0025561,,,10617,Troy Smith,troy smith,QB,FA,2026-09-06T23:42:28.788368+00:00
00-0025439,8306,355,10496,Brian Leonard,brian leonard,RB,FA,2026-09-06T23:42:28.788368+00:00
00-0025430,8297,181,10487,Drew Stanton,drew stanton,QB,FA,2026-09-06T23:42:28.788368+00:00
00-0025424,8291,290,10481,Eric Weddle,eric weddle,S,FA,2026-09-06T23:42:28.788368+00:00
00-0025452,,,10509,Quentin Moses,quentin moses,LB,FA,2026-09-06T23:42:28.788368+00:00
00-0025412,8279,283,10469,Jon Beason,jon beason,LB,FA,2026-09-06T23:42:28.788368+00:00
00-0025467,,,10524,Paul Williams,paul williams,WR,TEN,2026-09-06T23:42:28.788368+00:00
00-0025508,,,8207,Marcus Thomas,marcus thomas,DT,FA,2026-09-06T23:42:28.788368+00:00
00-0025552,,,10608,Eric Frampton,eric frampton,S,DAL,2026-09-06T23:42:28.788368+00:00
00-0025472,8339,6,10529,Brandon Mebane,brandon mebane,DT,FA,2026-09-06T23:42:28.788368+00:00
00-0025469,,,10526,Tank Tyler,tank tyler,DT,CHI,2026-09-06T23:42:28.788368+00:00
00-0025458,8325,,,Lorenzo Booker,lorenzo booker,RB,FA,2026-09-06T23:42:28.788368+00:00
00-0025611,,,10667,Michael Johnson,michael johnson,S,FA,2026-09-06T23:42:28.788368+00:00
00-0025622,,,10678,Chansi Stuckey,chansi stuckey,WR,FA,2026-09-06T23:42:28.788368+00:00
00-0025544,,,10600,David Clowney,david clowney,WR,FA,2026-09-06T23:42:28.788368+00:00
00-0025441,,,10498,Turk McBride,turk mcbride,DE,FA,2026-09-06T23:42:28.788368+00:00
00-0025440,,,10497,Eric Wright,eric wright,CB,FA,2026-09-06T23:42:28.788368+00:00
00-0025510,,,10566,Fred Bennett,fred bennett,CB,FA,2026-09-06T23:42:28.788368+00:00
00-0025443,,,10500,Tim Crowder,tim crowder,DE,FA,2026-09-06T23:42:28.788368+00:00
00-0025474,,,10531,Stewart Bradley,stewart bradley,LB,FA,2026-09-06T23:42:28.788368+00:00
00-0025516,8383,768,10572,Scott Chandler,scott chandler,TE,FA,2026-09-06T23:42:28.788368+00:00
00-0025464,8331,250,10521,Matt Spaeth,matt spaeth,TE,FA,2026-09-06T23:42:28.788368+00:00
00-0025566,,,10622,H.B. Blades,hb blades,LB,FA,2026-09-06T23:42:28.788368+00:00
00-0025451,,,10508,Sabby Piscitelli,sabby piscitelli,S,FA,2026-09-06T23:42:28.788368+00:00
00-0025539,,,10595,Antonio Johnson,antonio johnson,DE,FA,2026-09-06T23:42:28.788368+00:00
00-0025534,8401,295,10590,Tarell Brown,tarell brown,CB,NEP,2026-09-06T23:42:28.788368+00:00
00-0025580,8447,59,10636,Mason Crosby,mason crosby,PK,FA,2026-09-06T23:42:28.788368+00:00
00-0025392,,,10450,Mike Wells,mike wells,DL,CHI,2026-09-06T23:42:28.788368+00:00
00-0025423,8290,278,10480,Kevin Kolb,kevin kolb,QB,FA,2026-09-06T23:42:28.788368+00:00
00-0025427,,,10484,John Beck,john beck,QB,FA,2026-09-06T23:42:28.788368+00:00
00-0025435,8302,193,10492,Justin Durant,justin durant,LB,FA,2026-09-06T23:42:28.788368+00:00
00-0025437,,,10494,Chris Henry,chris henry,RB,FA,2026-09-06T23:42:28.788368+00:00
00-0025448,,,10505,Gerald Alexander,gerald alexander,S,FA,2026-09-06T23:42:28.788368+00:00
00-0025450,8317,,10507,Brandon Jackson,brandon jackson,RB,FA,2026-09-06T23:42:28.788368+00:00
00-0025453,,,10510,Usama Young,usama young,S,FA,2026-09-06T23:42:28.788368+00:00
00-0025455,,,10512,Quincy Black,quincy black,LB,FA,2026-09-06T23:42:28.788368+00:00
00-0025460,8327,203,10517,Jacoby Jones,jacoby jones,WR,FA,2026-09-06T23:42:28.788368+00:00
00-0025461,,,10518,Yamon Figurs,yamon figurs,WR,FA,2026-09-06T23:42:28.788368+00:00
00-0025462,8329,,10519,Laurent Robinson,laurent robinson,WR,FA,2026-09-06T23:42:28.788368+00:00
00-0025463,,,10520,Jason Hill,jason hill,WR,FA,2026-09-06T23:42:28.788368+00:00
00-0025465,8332,253,10522,James Jones,james jones,WR,FA,2026-09-06T23:42:28.788368+00:00
00-0025466,,,10523,Mike Sims-Walker,mike sims-walker,WR,FA,2026-09-06T23:42:28.788368+00:00
00-0025468,,,10525,Jay Alford,jay alford,DT,FA,2026-09-06T23:42:28.788368+00:00
00-0025480,,,10537,Garrett Wolfe,garrett wolfe,RB,FA,2026-09-06T23:42:28.788368+00:00
00-0025483,,,10540,Anthony Waters,anthony waters,LB,FA,2026-09-06T23:42:28.788368+00:00
00-0025488,,,10545,Adam Podlesh,adam podlesh,PN,FA,2026-09-06T23:42:28.788368+00:00
00-0025489,8356,285,10546,Brian Robison,brian robison,DE,FA,2026-09-06T23:42:28.788368+00:00
00-0025490,,,10547,Isaiah Stanback,isaiah stanback,WR,FA,2026-09-06T23:42:28.788368+00:00
00-0025493,,,10550,Tanard Jackson,tanard jackson,S,WAS,2026-09-06T23:42:28.788368+00:00
00-0025495,8362,97,10552,Paul Soliai,paul soliai,DT,FA,2026-09-06T23:42:28.788368+00:00
00-0025496,,,10553,Stephen Nicholas,stephen nicholas,LB,FA,2026-09-06T23:42:28.788368+00:00
00-0025497,,,10554,John Bowie,john bowie,CB,FA,2026-09-06T23:42:28.788368+00:00
00-0025498,,,10555,Dwayne Wright,dwayne wright,RB,FA,2026-09-06T23:42:28.788368+00:00
00-0025499,,,10556,Daniel Sepulveda,daniel sepulveda,PN,FA,2026-09-06T23:42:28.788368+00:00
00-0025501,,,10558,Marvin White,marvin white,S,FA,2026-09-06T23:42:28.788368+00:00
00-0025503,8370,77,10560,Zak DeOssie,zak deossie,LB,NYG,2026-09-06T23:42:28.788368+00:00
00-0025506,8373,99,10563,Damen Wheeler,damen wheeler,DB,SDC,2026-09-06T23:42:28.788368+00:00
00-0025507,,,10564,Baraka Atkins,baraka atkins,DE,DEN,2026-09-06T23:42:28.788368+00:00
00-0025513,8380,238,10569,Dashon Goldson,dashon goldson,S,FA,2026-09-06T23:42:28.788368+00:00
00-0025514,,,10570,Kareem Brown,kareem brown,TE,FA,2026-09-06T23:42:28.788368+00:00
00-0025515,,,10571,Chris Davis,chris davis,WR,FA*,2026-09-06T23:42:28.788368+00:00
00-0025518,,,10574,Brannon Condren,brannon condren,S,FA,2026-09-06T23:42:28.788368+00:00
00-0025519,,,10575,Ryan McBean,ryan mcbean,DE,FA,2026-09-06T23:42:28.788368+00:00
00-0025521,,,10577,Antwan Barnes,antwan barnes,LB,FA,2026-09-06T23:42:28.788368+00:00
00-0025522,,,10578,Joe Cohen,joe cohen,DT,FA,2026-09-06T23:42:28.788368+00:00
00-0025523,,,10579,Clint Session,clint session,LB,FA,2026-09-06T23:42:28.788368+00:00
00-0025524,8391,121,10580,Le'Ron McClain,leron mcclain,RB,FA,2026-09-06T23:42:28.788368+00:00
00-0025525,,,10581,Jay Richardson,jay richardson,DE,FA,2026-09-06T23:42:28.788368+00:00
00-0025527,,,10583,Brandon McDonald,brandon mcdonald,CB,FA,2026-09-06T23:42:28.788368+00:00
00-0025528,,,10584,Greg Peterson,greg peterson,DE,FA,2026-09-06T23:42:28.788368+00:00
00-0025529,8396,,10585,Steve Breaston,steve breaston,WR,FA,2026-09-06T23:42:28.788368+00:00
00-0025532,,,10588,David Jones,david jones,CB,FA,2026-09-06T23:42:28.788368+00:00
00-0025533,,,10589,Aundrae Allison,aundrae allison,WR,FA,2026-09-06T23:42:28.788368+00:00
00-0025535,,,10591,Kolby Smith,kolby smith,RB,FA,2026-09-06T23:42:28.788368+00:00
00-0025540,8407,,10596,Kevin Boss,kevin boss,TE,FA,2026-09-06T23:42:28.788368+00:00
00-0025541,,,10597,Clifton Ryan,clifton ryan,DT,STL,2026-09-06T23:42:28.788368+00:00
00-0025542,8409,86,10598,Dante Rosario,dante rosario,TE,FA,2026-09-06T23:42:28.788368+00:00
00-0025547,,,10603,Justin Medlock,justin medlock,PK,FA,2026-09-06T23:42:28.788368+00:00
00-0025548,,,10604,Will Herring,will herring,LB,STL,2026-09-06T23:42:28.788368+00:00
00-0025549,8416,221,10605,Brent Celek,brent celek,TE,FA,2026-09-06T23:42:28.788368+00:00
00-0025551,,,10607,Tim Shaw,tim shaw,LB,FA,2026-09-06T23:42:28.788368+00:00
00-0025553,,,10609,Derek Landri,derek landri,DT,FA,2026-09-06T23:42:28.788368+00:00
00-0025554,,,10610,Kevin Payne,kevin payne,S,FA,2026-09-06T23:42:28.788368+00:00
00-0025555,8422,273,10611,Corey Graham,corey graham,S,FA,2026-09-06T23:42:28.788368+00:00
00-0025556,,,10612,Roy Hall,roy hall,WR,FA,2026-09-06T23:42:28.788368+00:00
00-0025557,8424,156,10613,William Gay,william gay,CB,FA,2026-09-06T23:42:28.788368+00:00
00-0025559,,,10615,Legedu Naanee,legedu naanee,WR,FA,2026-09-06T23:42:28.788368+00:00
00-0025560,30782,4915,10616,Michael Coe,michael coe,CB,FA,2026-09-06T23:42:28.788368+00:00
00-0025562,,,10618,Oren O'Neal,oren oneal,RB,FA,2026-09-06T23:42:28.788368+00:00
00-0025565,8432,650,10621,Nick Folk,nick folk,PK,ATL,2026-09-06T23:42:28.788368+00:00
00-0025567,,,10623,Justin Rogers,justin rogers,LB,KCC,2026-09-06T23:42:28.788368+00:00
00-0025568,,,10624,Reagan Maui'a,reagan mauia,RB,FA,2026-09-06T23:42:28.788368+00:00
00-0025569,,192,10625,Adam Hayward,adam hayward,LB,WAS,2026-09-06T23:42:28.788368+00:00
00-0025571,,,10627,John Wendling,john wendling,S,FA,2026-09-06T23:42:28.788368+00:00
00-0025572,,,10628,Trey Lewis,trey lewis,DT,FA,2026-09-06T23:42:28.788368+00:00
00-0025573,,,10629,Thomas Clayton,thomas clayton,RB,FA,2026-09-06T23:42:28.788368+00:00
00-0025574,,,10630,Matt Toeaina,matt toeaina,DT,FA,2026-09-06T23:42:28.788368+00:00
00-0025578,,,10634,Korey Hall,korey hall,RB,ARI,2026-09-06T23:42:28.788368+00:00
00-0025579,8446,35,10635,Desmond Bishop,desmond bishop,LB,FA,2026-09-06T23:42:28.788368+00:00
00-0025582,,,10638,Deon Anderson,deon anderson,RB,FA,2026-09-06T23:42:28.788368+00:00
00-0025588,,,10644,Rashad Barksdale,rashad barksdale,CB,ARI,2026-09-06T23:42:28.788368+00:00
00-0025589,,,10645,Mike Richardson,mike richardson,CB,KCC,2026-09-06T23:42:28.788368+00:00
00-0025591,,,10647,Jacob Ford,jacob ford,DE,FA,2026-09-06T23:42:28.788368+00:00
00-0025592,8459,50,10648,Jordan Palmer,jordan palmer,QB,FA,2026-09-06T23:42:28.788368+00:00
00-0025594,,,10650,Prescott Burgess,prescott burgess,LB,FA,2026-09-06T23:42:28.788368+00:00
00-0025595,,,10651,Justise Hairston,justise hairston,RB,FA,2026-09-06T23:42:28.788368+00:00
00-0025597,,,10653,Jordan Kent,jordan kent,WR,FA,2026-09-06T23:42:28.788368+00:00
00-0025599,,,10655,Courtney Brown,courtney brown,S,NYG,2026-09-06T23:42:28.788368+00:00
00-0025602,,,10658,Ben Patrick,ben patrick,TE,FA,2026-09-06T23:42:28.788368+00:00
00-0025604,,492,10660,Tyler Thigpen,tyler thigpen,QB,CLE,2026-09-06T23:42:28.788368+00:00
00-0025605,,,10661,Zach Diles,zach diles,LB,CLE,2026-09-06T23:42:28.788368+00:00
00-0025607,,,10663,Marvin Mitchell,marvin mitchell,LB,FA,2026-09-06T23:42:28.788368+00:00
00-0025608,8475,699,10664,Trumaine McBride,trumaine mcbride,CB,NYG,2026-09-06T23:42:28.788368+00:00
00-0025609,,,10665,Derek Schouman,derek schouman,TE,FA,2026-09-06T23:42:28.788368+00:00
00-0025612,8479,311,10668,Brandon Fields,brandon fields,PN,FA,2026-09-06T23:42:28.788368+00:00
00-0025613,,,10669,C.J. Wilson,cj wilson,CB,DAL,2026-09-06T23:42:28.788368+00:00
00-0025615,,,10671,DeShawn Wynn,deshawn wynn,RB,FA,2026-09-06T23:42:28.788368+00:00
00-0025621,,,10677,Syndric Steptoe,syndric steptoe,WR,FA,2026-09-06T23:42:28.788368+00:00
00-0025624,8491,227,10680,Alan Ball,alan ball,CB,FA,2026-09-06T23:42:28.788368+00:00
00-0025626,,,10682,C.J. Ah You,cj ah you,DE,FA,2026-09-06T23:42:28.788368+00:00
00-0025629,,,10685,Keyunta Dawson,keyunta dawson,LB,FA,2026-09-06T23:42:28.788368+00:00
00-0025630,8497,738,10686,Clark Harris,clark harris,TE,CIN,2026-09-06T23:42:28.788368+00:00
00-0025631,8498,215,10687,Jason Snelling,jason snelling,RB,FA,2026-09-06T23:42:28.788368+00:00
00-0025633,,,10689,Kenneth Darby,kenneth darby,RB,FA,2026-09-06T23:42:28.788368+00:00
00-0025637,8504,78,10693,Ahmad Bradshaw,ahmad bradshaw,RB,FA,2026-09-06T23:42:28.788368+00:00
00-0025640,,,10696,Nedu Ndukwe,nedu ndukwe,S,FA,2026-09-06T23:42:28.788368+00:00
00-0025641,,,10697,Johnathan Holland,johnathan holland,WR,FA,2026-09-06T23:42:28.788368+00:00
00-0025642,,,10698,Ramzee Robinson,ramzee robinson,CB,CLE,2026-09-06T23:42:28.788368+00:00
00-0024813,8561,34,10713,Pierre Thomas,pierre thomas,RB,FA,2026-09-06T23:42:28.788368+00:00
00-0024515,,,10441,Saverio Rocca,saverio rocca,PN,FA,2026-09-06T23:42:28.788368+00:00
00-0024765,,,10727,Ed Johnson,ed johnson,DT,FA,2026-09-06T23:42:28.788368+00:00
00-0024824,,,10764,Matt Gutierrez,matt gutierrez,QB,CHI,2026-09-06T23:42:28.788368+00:00
00-0024607,,,10935,Daniel Coats,daniel coats,TE,FA,2026-09-06T23:42:28.788368+00:00
00-0025708,8544,233,11128,Matt Moore,matt moore,QB,FA,2026-09-06T23:42:28.788368+00:00
00-0025788,,,10704,Paul Oliver,paul oliver,S,FA,2026-09-06T23:42:28.788368+00:00
00-0024812,,,10719,Tyler Palko,tyler palko,QB,FA,2026-09-06T23:42:28.788368+00:00
00-0024697,,,10745,Melvin Bullitt,melvin bullitt,S,FA,2026-09-06T23:42:28.788368+00:00
00-0024815,,,10791,Tyron Brackenridge,tyron brackenridge,S,FA,2026-09-06T23:42:28.788368+00:00
00-0024517,,,10794,Chris Wilson,chris wilson,LB,FA,2026-09-06T23:42:28.788368+00:00
00-0024682,,,10806,Michael Matthews,michael matthews,TE,BUF,2026-09-06T23:42:28.788368+00:00
00-0025672,,,10848,Tim Castille,tim castille,RB,FA,2026-09-06T23:42:28.788368+00:00
00-0024714,8558,,10873,Edgar Jones,edgar jones,DE,DAL,2026-09-06T23:42:28.788368+00:00
00-0024663,,,10789,Quinton Teal,quinton teal,S,SDC,2026-09-06T23:42:28.788368+00:00
00-0024763,,,10967,Charles Ali,charles ali,RB,FA,2026-09-06T23:42:28.788368+00:00
00-0024692,,,10827,Daniel Muir,daniel muir,DT,FA,2026-09-06T23:42:28.788368+00:00
00-0024796,8568,451,10785,Craig Dahl,craig dahl,S,NYG,2026-09-06T23:42:28.788368+00:00
00-0025667,,,11124,Pago Togafau,pago togafau,LB,TEN,2026-09-06T23:42:28.788368+00:00
00-0025717,,,10871,Nick Graham,nick graham,CB,IND,2026-09-06T23:42:28.788368+00:00
00-0024565,,,10754,Quinton Culberson,quinton culberson,LB,CAR,2026-09-06T23:42:28.788368+00:00
00-0024745,,,10867,Louis Leonard,louis leonard,DT,FA,2026-09-06T23:42:28.788368+00:00
00-0025689,8551,231,10763,Mike Devito,mike devito,DE,FA,2026-09-06T23:42:28.788368+00:00
00-0025719,,,10883,Akeem Jordan,akeem jordan,LB,FA,2026-09-06T23:42:28.788368+00:00
00-0025668,,,10847,Michael Adams,michael adams,CB,FA,2026-09-06T23:42:28.788368+00:00
00-0025697,8623,494,10927,Jason Trusnik,jason trusnik,LB,NOS,2026-09-06T23:42:28.788368+00:00
00-0024756,,,10884,Matt Willis,matt willis,WR,FA,2026-09-06T23:42:28.788368+00:00
00-0024755,,,10854,Jyles Tucker,jyles tucker,LB,FA,2026-09-06T23:42:28.788368+00:00
00-0025721,,,10881,Marcus Paschal,marcus paschal,S,FA,2026-09-06T23:42:28.788368+00:00
00-0024559,,,10768,D.J. Ware,dj ware,RB,FA,2026-09-06T23:42:28.788368+00:00
00-0025701,8739,47,11197,Jackie Battle,jackie battle,RB,FA,2026-09-06T23:42:28.788368+00:00
00-0025720,,,11049,Marques Murrell,marques murrell,LB,FA,2026-09-06T23:42:28.788368+00:00
00-0023812,,,9847,Colin Allred,colin allred,LB,FA,2026-09-06T23:42:28.788368+00:00
00-0024750,,,10856,Nick Roach,nick roach,LB,FA,2026-09-06T23:42:28.788368+00:00
00-0024673,,,11129,David Herron,david herron,LB,KCC,2026-09-06T23:42:28.788368+00:00
00-0025728,,,11223,Sam Paulescu,sam paulescu,PN,FA,2026-09-06T23:42:28.788368+00:00
00-0024595,,,10866,Logan Payne,logan payne,WR,FA,2026-09-06T23:42:28.788368+00:00
00-0025694,,,11068,Brett Ratliff,brett ratliff,QB,TBB,2026-09-06T23:42:28.788368+00:00
00-0024561,,,10837,Marcus Mason,marcus mason,RB,FA,2026-09-06T23:42:28.788368+00:00
00-0024529,,,10965,Gijon Robinson,gijon robinson,TE,FA,2026-09-06T23:42:28.788368+00:00
00-0025764,,,10903,Jon Corto,jon corto,S,FA,2026-09-06T23:42:28.788368+00:00
00-0020678,,,4443,Kyries Hebert,kyries hebert,S,CIN,2026-09-06T23:42:28.788368+00:00
00-0025833,,,11496,Patrick Bailey,patrick bailey,LB,FA,2026-09-06T23:42:28.788368+00:00
00-0024734,,,10862,Antwan Applewhite,antwan applewhite,DE,FA,2026-09-06T23:42:28.788368+00:00
00-0025753,9133,255,10749,James Ihedigbo,james ihedigbo,S,FA,2026-09-06T23:42:28.788368+00:00
00-0024687,,,11107,Dominique Zeigler,dominique zeigler,WR,FA,2026-09-06T23:42:28.788368+00:00
00-0024535,8609,130,10770,Eric Weems,eric weems,WR,FA,2026-09-06T23:42:28.788368+00:00
00-0024643,,,10790,Tuff Harris,tuff harris,CB,TEN,2026-09-06T23:42:28.788368+00:00
00-0026491,,,12021,Stefan Logan,stefan logan,RB,FA,2026-09-06T23:42:28.788368+00:00
00-0026486,,,12604,Kenny Onatolu,kenny onatolu,LB,FA,2026-09-06T23:42:28.788368+00:00
00-0025739,,,10810,Byron Westbrook,byron westbrook,CB,FA,2026-09-06T23:42:28.788368+00:00
00-0024588,,,11211,Marquice Cole,marquice cole,CB,FA,2026-09-06T23:42:28.788368+00:00
00-0024834,,,11071,Derrick Roberson,derrick roberson,CB,FA,2026-09-06T23:42:28.788368+00:00
00-0024530,,,11216,Kelly Talavou,kelly talavou,DT,BAL,2026-09-06T23:42:28.788368+00:00
00-0023750,7750,219,9587,Mario Williams,mario williams,DE,FA,2026-09-06T23:42:28.788368+00:00
00-0024217,7751,179,9588,Reggie Bush,reggie bush,RB,FA,2026-09-06T23:42:28.788368+00:00
00-0024218,7752,157,9589,Vince Young,vince young,QB,FA,2026-09-06T23:42:28.788368+00:00
00-0024220,7754,261,9591,A.J. Hawk,aj hawk,LB,FA,2026-09-06T23:42:28.788368+00:00
00-0024221,7755,200,9592,Vernon Davis,vernon davis,TE,FA,2026-09-06T23:42:28.788368+00:00
00-0024222,,,9593,Michael Huff,michael huff,S,FA,2026-09-06T23:42:28.788368+00:00
00-0024223,7757,217,9594,Donte Whitner,donte whitner,S,FA,2026-09-06T23:42:28.788368+00:00
00-0024224,,,9595,Ernie Sims,ernie sims,LB,FA,2026-09-06T23:42:28.788368+00:00
00-0024225,7759,,9596,Matt Leinart,matt leinart,QB,FA,2026-09-06T23:42:28.788368+00:00
00-0024226,7760,416,9597,Jay Cutler,jay cutler,QB,FA,2026-09-06T23:42:28.788368+00:00
00-0024227,7761,314,9598,Haloti Ngata,haloti ngata,DT,FA,2026-09-06T23:42:28.788368+00:00
00-0024228,,,9599,Kamerion Wimbley,kamerion wimbley,LB,FA,2026-09-06T23:42:28.788368+00:00
00-0024229,,,9600,Brodrick Bunkley,brodrick bunkley,DT,FA,2026-09-06T23:42:28.788368+00:00
00-0024230,,,9601,Tye Hill,tye hill,CB,FA,2026-09-06T23:42:28.788368+00:00
00-0024231,,,9602,Jason Allen,jason allen,S,FA,2026-09-06T23:42:28.788368+00:00
00-0024232,7766,249,9603,Chad Greenway,chad greenway,LB,FA,2026-09-06T23:42:28.788368+00:00
00-0024233,,,9604,Bobby Carpenter,bobby carpenter,LB,FA,2026-09-06T23:42:28.788368+00:00
00-0024234,7768,649,9605,Antonio Cromartie,antonio cromartie,CB,FA,2026-09-06T23:42:28.788368+00:00
00-0024235,7769,90,9606,Tamba Hali,tamba hali,LB,FA,2026-09-06T23:42:28.788368+00:00
00-0024236,,,9607,Laurence Maroney,laurence maroney,RB,FA,2026-09-06T23:42:28.788368+00:00
00-0024237,7771,39,9608,Manny Lawson,manny lawson,LB,FA,2026-09-06T23:42:28.788368+00:00
00-0024239,7773,172,9610,Johnathan Joseph,johnathan joseph,CB,FA,2026-09-06T23:42:28.788368+00:00
00-0024240,7774,651,9611,Santonio Holmes,santonio holmes,WR,FA,2026-09-06T23:42:28.788368+00:00
00-0024241,,,9612,John McCargo,john mccargo,DT,FA,2026-09-06T23:42:28.788368+00:00
00-0024242,7776,306,9613,DeAngelo Williams,deangelo williams,RB,FA,2026-09-06T23:42:28.788368+00:00
00-0024243,7777,111,9614,Marcedes Lewis,marcedes lewis,TE,DEN,2026-09-06T23:42:28.788368+00:00
00-0024245,7779,,9616,Joseph Addai,joseph addai,RB,FA,2026-09-06T23:42:28.788368+00:00
00-0024246,,,9617,Kelly Jennings,kelly jennings,CB,FA,2026-09-06T23:42:28.788368+00:00
00-0024247,,,9618,Mathias Kiwanuka,mathias kiwanuka,DE,FA,2026-09-06T23:42:28.788368+00:00
00-0024248,7782,220,9619,DeMeco Ryans,demeco ryans,LB,FA,2026-09-06T23:42:28.788368+00:00
00-0024249,7783,93,9620,D'Qwell Jackson,dqwell jackson,LB,FA,2026-09-06T23:42:28.788368+00:00
00-0024250,,,9621,Roger McIntosh,roger mcintosh,LB,FA,2026-09-06T23:42:28.788368+00:00
00-0024251,,,9622,Chad Jackson,chad jackson,WR,FA,2026-09-06T23:42:28.788368+00:00
00-0024253,,245,9624,Thomas Howard,thomas howard,LB,FA,2026-09-06T23:42:28.788368+00:00
00-0024254,,,9625,Reggie Tongue,reggie tongue,DB,SEA,2026-09-06T23:42:28.788368+00:00
00-0024255,,,9626,Daniel Bullocks,daniel bullocks,S,FA,2026-09-06T23:42:28.788368+00:00
00-0024257,,150,9628,Danieal Manning,danieal manning,S,FA,2026-09-06T23:42:28.788368+00:00
00-0024258,7792,26,9629,Roman Harper,roman harper,S,FA,2026-09-06T23:42:28.788368+00:00
00-0024259,,,9630,Sinorice Moss,sinorice moss,WR,FA,2026-09-06T23:42:28.788368+00:00
00-0024260,,,9631,LenDale White,lendale white,RB,FA,2026-09-06T23:42:28.788368+00:00
00-0024261,,,9632,Joe Klopfenstein,joe klopfenstein,TE,FA,2026-09-06T23:42:28.788368+00:00
00-0024263,,,9634,Cedric Griffin,cedric griffin,CB,FA,2026-09-06T23:42:28.788368+00:00
00-0024264,7798,198,9635,Kellen Clemens,kellen clemens,QB,FA,2026-09-06T23:42:28.788368+00:00
00-0024266,,,9637,Mao Tosi,mao tosi,DL,ARI,2026-09-06T23:42:28.788368+00:00
00-0024267,7801,264,9638,Greg Jennings,greg jennings,WR,FA,2026-09-06T23:42:28.788368+00:00
00-0024268,7802,51,9639,Anthony Fasano,anthony fasano,TE,FA,2026-09-06T23:42:28.788368+00:00
00-0024269,,,9640,Bernard Pollard,bernard pollard,S,FA,2026-09-06T23:42:28.788368+00:00
00-0024272,7806,279,9643,Devin Hester,devin hester,WR,FA,2026-09-06T23:42:28.788368+00:00
00-0024273,,,9644,Richard Marshall,richard marshall,CB,FA,2026-09-06T23:42:28.788368+00:00
00-0024274,,,9645,Paul Toviessi,paul toviessi,DL,DEN,2026-09-06T23:42:28.788368+00:00
00-0024275,7809,293,9646,Maurice Jones-Drew,maurice jones-drew,RB,FA,2026-09-06T23:42:28.788368+00:00
00-0024276,7810,688,9647,Tony Scheffler,tony scheffler,TE,FA,2026-09-06T23:42:28.788368+00:00
00-0024277,7811,683,9648,Tim Jennings,tim jennings,CB,FA,2026-09-06T23:42:28.788368+00:00
00-0024278,7812,677,9649,Darryl Tapp,darryl tapp,DE,FA,2026-09-06T23:42:28.788368+00:00
00-0024279,7813,154,9650,Tarvaris Jackson,tarvaris jackson,QB,FA,2026-09-06T23:42:28.788368+00:00
00-0024282,,,9653,Abdul Hodge,abdul hodge,LB,FA,2026-09-06T23:42:28.788368+00:00
00-0024284,,,9655,Keith Traylor,keith traylor,DL,CHI,2026-09-06T23:42:28.788368+00:00
00-0024285,,,9656,Ashton Youboty,ashton youboty,CB,FA,2026-09-06T23:42:28.788368+00:00
00-0024286,,,9657,Chris Gocong,chris gocong,LB,FA,2026-09-06T23:42:28.788368+00:00
00-0024287,,,9658,Leonard Pope,leonard pope,TE,FA,2026-09-06T23:42:28.788368+00:00
00-0024290,,,9661,Jeremiah Trotter,jeremiah trotter,LB,PHI,2026-09-06T23:42:28.788368+00:00
00-0024292,,,9663,Jon Alston,jon alston,LB,TBB,2026-09-06T23:42:28.788368+00:00
00-0024294,,,9665,Jerious Norwood,jerious norwood,RB,FA,2026-09-06T23:42:28.788368+00:00
00-0024295,,,9666,Clint Ingram,clint ingram,LB,FA,2026-09-06T23:42:28.788368+00:00
00-0024296,7830,698,9667,Charlie Whitehurst,charlie whitehurst,QB,FA,2026-09-06T23:42:28.788368+00:00
00-0024297,,764,9668,Derek Hagan,derek hagan,WR,FA,2026-09-06T23:42:28.788368+00:00
00-0024298,,,9669,Anthony Smith,anthony smith,S,FA,2026-09-06T23:42:28.788368+00:00
00-0024300,,,9671,Brodie Croyle,brodie croyle,QB,FA,2026-09-06T23:42:28.788368+00:00
00-0024301,7835,,9672,Dave Thomas,dave thomas,TE,FA,2026-09-06T23:42:28.788368+00:00
00-0024302,,,9673,David Pittman,david pittman,CB,HOU,2026-09-06T23:42:28.788368+00:00
00-0024303,7837,119,9674,James Anderson,james anderson,LB,NOS,2026-09-06T23:42:28.788368+00:00
00-0024305,,,9676,Maurice Stovall,maurice stovall,WR,FA,2026-09-06T23:42:28.788368+00:00
00-0024306,7840,42,9677,Frostee Rucker,frostee rucker,DE,FA,2026-09-06T23:42:28.788368+00:00
00-0024307,7841,76,9678,Jason Hatcher,jason hatcher,DE,FA,2026-09-06T23:42:28.788368+00:00
00-0024308,,,9679,Dominique Byrd,dominique byrd,TE,FA,2026-09-06T23:42:28.788368+00:00
00-0024309,,,9680,Freddie Keiaho,freddie keiaho,LB,FA,2026-09-06T23:42:28.788368+00:00
00-0024311,,,9682,Gerris Wilkinson,gerris wilkinson,LB,FA,2026-09-06T23:42:28.788368+00:00
00-0024312,,,9683,Eric Smith,eric smith,S,FA,2026-09-06T23:42:28.788368+00:00
00-0024313,7847,64,9684,Owen Daniels,owen daniels,TE,FA,2026-09-06T23:42:28.788368+00:00
00-0024314,,,9685,Jessie Tuggle,jessie tuggle,LB,ATL,2026-09-06T23:42:28.788368+00:00
00-0024315,7849,723,9686,Michael Robinson,michael robinson,RB,FA,2026-09-06T23:42:28.788368+00:00
00-0024316,,,9687,Darnell Bing,darnell bing,LB,HOU,2026-09-06T23:42:28.788368+00:00
00-0024318,7852,287,9689,Brad Smith,brad smith,WR,FA,2026-09-06T23:42:28.788368+00:00
00-0024320,,,9691,Ko Simpson,ko simpson,S,FA,2026-09-06T23:42:28.788368+00:00
00-0024321,,,9692,Garrett Mills,garrett mills,TE,FA,2026-09-06T23:42:28.788368+00:00
00-0024322,,,9693,Gabriel Watson,gabriel watson,DT,FA,2026-09-06T23:42:28.788368+00:00
00-0024324,7858,71,9695,Jason Avant,jason avant,WR,FA,2026-09-06T23:42:28.788368+00:00
00-0024325,,,9696,Leon Williams,leon williams,LB,DAL,2026-09-06T23:42:28.788368+00:00
00-0024326,,,9697,Demetrius Williams,demetrius williams,WR,FA,2026-09-06T23:42:28.788368+00:00
00-0024328,,,9699,Victor Adeyanju,victor adeyanju,DE,CIN,2026-09-06T23:42:28.788368+00:00
00-0024330,7864,755,9701,Will Blackmon,will blackmon,S,FA,2026-09-06T23:42:28.788368+00:00
00-0024331,7865,10,9702,Stephen Tulloch,stephen tulloch,LB,FA,2026-09-06T23:42:28.788368+00:00
00-0024332,7866,697,9703,Leon Washington,leon washington,RB,FA,2026-09-06T23:42:28.788368+00:00
00-0024333,7867,110,9704,Stephen Gostkowski,stephen gostkowski,PK,FA,2026-09-06T23:42:28.788368+00:00
00-0024334,7868,648,9705,Brandon Marshall,brandon marshall,WR,FA,2026-09-06T23:42:28.788368+00:00
00-0024335,,,9706,Jamar Williams,jamar williams,LB,FA,2026-09-06T23:42:28.788368+00:00
00-0024338,7872,236,9709,Domata Peko,domata peko,DT,FA,2026-09-06T23:42:28.788368+00:00
00-0024339,,164,9710,Barry Cofield,barry cofield,DT,NYG,2026-09-06T23:42:28.788368+00:00
00-0024341,7875,31,9712,Elvis Dumervil,elvis dumervil,LB,FA,2026-09-06T23:42:28.788368+00:00
00-0024342,,,9713,Ray Edwards,ray edwards,DE,FA,2026-09-06T23:42:28.788368+00:00
00-0024344,,,9715,Floyd Turner,floyd turner,WR,FA,2026-09-06T23:42:28.788368+00:00
00-0024345,7879,65,9716,Domenik Hixon,domenik hixon,WR,FA,2026-09-06T23:42:28.788368+00:00
00-0024347,,,9719,Orien Harris,orien harris,DE,NOS,2026-09-06T23:42:28.788368+00:00
00-0024348,7883,94,9720,Kyle Williams,kyle williams,DT,FA,2026-09-06T23:42:28.788368+00:00
00-0024349,7884,473,9721,Rob Ninkovich,rob ninkovich,DE,FA,2026-09-06T23:42:28.788368+00:00
00-0024352,,,9724,Pat Watkins,pat watkins,S,SDC,2026-09-06T23:42:28.788368+00:00
00-0024354,,313,9726,Parys Haralson,parys haralson,DE,FA,2026-09-06T23:42:28.788368+00:00
00-0024355,,,9727,Kevin Turner,kevin turner,RB,PHI,2026-09-06T23:42:28.788368+00:00
00-0024356,,,9728,Brandon Johnson,brandon johnson,LB,FA,2026-09-06T23:42:28.788368+00:00
00-0024358,,,9730,Marques Hagans,marques hagans,WR,FA,2026-09-06T23:42:28.788368+00:00
00-0024359,,,9731,Jerome Harrison,jerome harrison,RB,DET,2026-09-06T23:42:28.788368+00:00
00-0024360,,,9732,Dawan Landry,dawan landry,S,FA,2026-09-06T23:42:28.788368+00:00
00-0024362,,,9734,Ingle Martin,ingle martin,QB,KCC,2026-09-06T23:42:28.788368+00:00
00-0024364,,,9736,Jason Pociask,jason pociask,TE,FA,2026-09-06T23:42:28.788368+00:00
00-0024365,,,9737,Tim Dobbins,tim dobbins,LB,DAL,2026-09-06T23:42:28.788368+00:00
00-0024369,7904,87,9741,Jeff King,jeff king,TE,FA,2026-09-06T23:42:28.788368+00:00
00-0024372,,,9744,Charlie Peprah,charlie peprah,S,FA,2026-09-06T23:42:28.788368+00:00
00-0024373,,,9745,Mark Anderson,mark anderson,DE,FA,2026-09-06T23:42:28.788368+00:00
00-0024379,,,9751,Dimitrius Underwood,dimitrius underwood,DL,DAL,2026-09-06T23:42:28.788368+00:00
00-0024380,,,9752,Quinn Sypniewski,quinn sypniewski,TE,FA,2026-09-06T23:42:28.788368+00:00
00-0024382,,,9754,Omar Gaither,omar gaither,LB,FA,2026-09-06T23:42:28.788368+00:00
00-0024385,,,9757,Mike Hass,mike hass,WR,FA,2026-09-06T23:42:28.788368+00:00
00-0024387,,,9759,Reed Doughty,reed doughty,S,FA,2026-09-06T23:42:28.788368+00:00
00-0024389,7924,284,9761,Delanie Walker,delanie walker,TE,FA,2026-09-06T23:42:28.788368+00:00
00-0024391,,,9763,Jonathan Lewis,jonathan lewis,DE,FA,2026-09-06T23:42:28.788368+00:00
00-0024392,,,9764,Keith Ellison,keith ellison,LB,BUF,2026-09-06T23:42:28.788368+00:00
00-0024394,,,9766,Lawrence Vickers,lawrence vickers,RB,FA,2026-09-06T23:42:28.788368+00:00
00-0024397,,,9769,Johnny Jolly,johnny jolly,DE,FA,2026-09-06T23:42:28.788368+00:00
00-0024398,,,9770,Adam Jennings,adam jennings,WR,FA,2026-09-06T23:42:28.788368+00:00
00-0024399,,,9771,Tyrone Culver,tyrone culver,S,FA,2026-09-06T23:42:28.788368+00:00
00-0024403,,,9775,Drew Coleman,drew coleman,CB,FA,2026-09-06T23:42:28.788368+00:00
00-0024405,7940,276,9777,Jeremy Mincey,jeremy mincey,DE,FA,2026-09-06T23:42:28.788368+00:00
00-0024406,,,9778,Marcus Hudson,marcus hudson,S,FA,2026-09-06T23:42:28.788368+00:00
00-0024408,7943,393,9780,Bruce Gradkowski,bruce gradkowski,QB,PIT,2026-09-06T23:42:28.788368+00:00
00-0024410,7945,132,9782,Kedric Golston,kedric golston,DT,FA,2026-09-06T23:42:28.788368+00:00
00-0024413,,,9785,Kyle Vanden Bosch,kyle vanden bosch,DL,ARI,2026-09-06T23:42:28.788368+00:00
00-0024417,7952,13,9789,Sam Koch,sam koch,PN,FA,2026-09-06T23:42:28.788368+00:00
00-0024420,,,9792,Le Kevin Smith,le kevin smith,DE,FA,2026-09-06T23:42:28.788368+00:00
00-0024421,7956,88,9793,Antoine Bethea,antoine bethea,S,FA,2026-09-06T23:42:28.788368+00:00
00-0024422,,,9794,Derrick Martin,derrick martin,S,CHI,2026-09-06T23:42:28.788368+00:00
00-0024423,,,9795,Ethan Kilmer,ethan kilmer,CB,MIA,2026-09-06T23:42:28.788368+00:00
00-0024426,,,9798,Fred Evans,fred evans,DT,FA,2026-09-06T23:42:28.788368+00:00
00-0024427,,,9799,James Wyche,james wyche,DE,FA,2026-09-06T23:42:28.788368+00:00
00-0024429,7964,61,9801,Cortland Finnegan,cortland finnegan,CB,FA,2026-09-06T23:42:28.788368+00:00
00-0024432,,,9804,Todd Watkins,todd watkins,WR,FA,2026-09-06T23:42:28.788368+00:00
00-0024434,,,9806,Titus Adams,titus adams,DE,FA,2026-09-06T23:42:28.788368+00:00
00-0024440,,,9812,Rodrique Wright,rodrique wright,DE,FA,2026-09-06T23:42:28.788368+00:00
00-0024442,,,9814,Jarrad Page,jarrad page,S,FA,2026-09-06T23:42:28.788368+00:00
00-0024447,7982,,9819,Devin Aromashodu,devin aromashodu,WR,FA,2026-09-06T23:42:28.788368+00:00
00-0024460,,,9832,Quinton Ganther,quinton ganther,RB,FA,2026-09-06T23:42:28.788368+00:00
00-0024463,7998,243,9835,Ben Obomanu,ben obomanu,WR,FA,2026-09-06T23:42:28.788368+00:00
00-0024465,,,9837,David Anderson,david anderson,WR,FA,2026-09-06T23:42:28.788368+00:00
00-0024466,8001,201,9838,Marques Colston,marques colston,WR,FA,2026-09-06T23:42:28.788368+00:00
00-0024495,8006,44,10138,Ahmad Brooks,ahmad brooks,LB,FA,2026-09-06T23:42:28.788368+00:00
00-0024011,,,9864,Mike Bell,mike bell,RB,FA,2026-09-06T23:42:28.788368+00:00
00-0024013,,,9859,Hank Baskett,hank baskett,WR,FA,2026-09-06T23:42:28.788368+00:00
00-0023953,,,10194,Sam Hurd,sam hurd,WR,FA,2026-09-06T23:42:28.788368+00:00
00-0024172,,,9902,Patrick Cobbs,patrick cobbs,RB,FA,2026-09-06T23:42:28.788368+00:00
00-0023921,8021,122,10147,Miles Austin,miles austin,WR,FA,2026-09-06T23:42:28.788368+00:00
00-0023405,,,10174,Abram Elam,abram elam,S,FA,2026-09-06T23:42:28.788368+00:00
00-0023822,,,9872,Shaun Bodiford,shaun bodiford,WR,OAK,2026-09-06T23:42:28.788368+00:00
00-0023890,,,9988,Jason Hunter,jason hunter,DE,FA,2026-09-06T23:42:28.788368+00:00
00-0023893,,,10042,Jayme Mitchell,jayme mitchell,DE,FA,2026-09-06T23:42:28.788368+00:00
00-0024178,,,9926,Kevin Dockery,kevin dockery,CB,FA,2026-09-06T23:42:28.788368+00:00
00-0023752,8028,277,10287,Daniel Fells,daniel fells,TE,NYG,2026-09-06T23:42:28.788368+00:00
00-0023918,,,10342,Jarrett Bush,jarrett bush,S,FA,2026-09-06T23:42:28.788368+00:00
00-0023729,,,9998,Rashad Jeanty,rashad jeanty,LB,FA,2026-09-06T23:42:28.788368+00:00
00-0024102,8039,341,10031,Tony McDaniel,tony mcdaniel,DT,FA,2026-09-06T23:42:28.788368+00:00
00-0024103,,251,10057,Montell Owens,montell owens,RB,FA,2026-09-06T23:42:28.788368+00:00
00-0024017,,,10136,Pierre Woods,pierre woods,LB,FA,2026-09-06T23:42:28.788368+00:00
00-0024201,,,10180,Hiram Eugene,hiram eugene,S,FA,2026-09-06T23:42:28.788368+00:00
00-0023897,,,10304,John Madsen,john madsen,TE,FA,2026-09-06T23:42:28.788368+00:00
00-0024075,,,10288,Cletis Gordon,cletis gordon,CB,FA,2026-09-06T23:42:28.788368+00:00
00-0024489,,,10188,Ahmard Hall,ahmard hall,RB,FA,2026-09-06T23:42:28.788368+00:00
00-0024110,8050,484,10127,Steve Weatherford,steve weatherford,PN,FA,2026-09-06T23:42:28.788368+00:00
00-0024100,,,9992,Brian Iwuh,brian iwuh,LB,FA,2026-09-06T23:42:28.788368+00:00
00-0023998,,,10289,Steve Gregory,steve gregory,S,FA,2026-09-06T23:42:28.788368+00:00
00-0023945,,,10369,Ricky Brown,ricky brown,LB,FA,2026-09-06T23:42:28.788368+00:00
00-0024095,,,10020,Anthony Madison,anthony madison,CB,PIT,2026-09-06T23:42:28.788368+00:00
00-0023790,,,9901,Brian Clark,brian clark,WR,FA,2026-09-06T23:42:28.788368+00:00
00-0023877,,,10376,Dion Byrum,dion byrum,CB,CAR,2026-09-06T23:42:28.788368+00:00
00-0022999,7695,53,9530,John Kuhn,john kuhn,RB,FA,2026-09-06T23:42:28.788368+00:00
00-0024018,,,10025,Corey Mays,corey mays,LB,FA,2026-09-06T23:42:28.788368+00:00
00-0023954,8087,292,10361,Stephen Bowen,stephen bowen,DE,FA,2026-09-06T23:42:28.788368+00:00
00-0023903,,,10300,Lance Laury,lance laury,LB,NYJ,2026-09-06T23:42:28.788368+00:00
00-0024002,,,10307,Brandon McKinney,brandon mckinney,DT,FA,2026-09-06T23:42:28.788368+00:00
00-0023774,,,10246,Naufahu Tahi,naufahu tahi,RB,MIN,2026-09-06T23:42:28.788368+00:00
00-0023871,,,9907,Sean Conover,sean conover,DE,TEN,2026-09-06T23:42:28.788368+00:00
00-0024171,,,10137,Wallace Wright,wallace wright,WR,FA,2026-09-06T23:42:28.788368+00:00
00-0023844,,,2767,Chris Taylor,chris taylor,RB,NOS,2026-09-06T23:42:28.788368+00:00
00-0023859,,,9858,Brett Basanez,brett basanez,QB,FA,2026-09-06T23:42:28.788368+00:00
00-0023797,,,9999,Darcy Johnson,darcy johnson,TE,FA,2026-09-06T23:42:28.788368+00:00
00-0023853,8565,17,11122,Matt Prater,matt prater,PK,FA,2026-09-06T23:42:28.788368+00:00
00-0022984,7635,,9475,Ryan Grant,ryan grant,RB,FA,2026-09-06T23:42:28.788368+00:00
00-0024204,8063,228,10195,Fred Jackson,fred jackson,RB,FA,2026-09-06T23:42:28.788368+00:00
00-0023784,,,10363,Greg Estandia,greg estandia,TE,FA,2026-09-06T23:42:28.788368+00:00
00-0023259,7569,678,9424,Lorenzo Alexander,lorenzo alexander,LB,FA,2026-09-06T23:42:28.788368+00:00
00-0023847,,,10167,Jeff Charleston,jeff charleston,DE,FA,2026-09-06T23:42:28.788368+00:00
00-0023982,,,10049,Ryan Neill,ryan neill,DE,BUF,2026-09-06T23:42:28.788368+00:00
00-0024061,8212,146,5432,Tramon Williams,tramon williams,CB,FA,2026-09-06T23:42:28.788368+00:00
00-0023814,,,10357,Copeland Bryan,copeland bryan,DE,BUF,2026-09-06T23:42:28.788368+00:00
00-0024073,,,10406,Remi Ayodele,remi ayodele,DT,FA,2026-09-06T23:42:28.788368+00:00
00-0023757,,,10721,Chris Reis,chris reis,S,FA,2026-09-06T23:42:28.788368+00:00
00-0024129,,,11192,Blake Costanzo,blake costanzo,LB,FA,2026-09-06T23:42:28.788368+00:00
00-0024183,8607,242,10913,Brent Grimes,brent grimes,CB,FA,2026-09-06T23:42:28.788368+00:00
00-0024158,,,9916,Jason Davis,jason davis,RB,FA,2026-09-06T23:42:28.788368+00:00
00-0024008,,,10163,Quincy Butler,quincy butler,CB,FA,2026-09-06T23:42:28.788368+00:00
00-0023832,,,10387,Spencer Havner,spencer havner,TE,FA,2026-09-06T23:42:28.788368+00:00
00-0024738,,,10980,Eldra Buckley,eldra buckley,RB,FA,2026-09-06T23:42:28.788368+00:00
00-0023436,7177,268,8416,Alex Smith,alex smith,QB,FA,2026-09-06T23:42:28.788368+00:00
00-0023437,7178,258,8417,Ronnie Brown,ronnie brown,RB,FA,2026-09-06T23:42:28.788368+00:00
00-0023438,7179,,8418,Braylon Edwards,braylon edwards,WR,FA,2026-09-06T23:42:28.788368+00:00
00-0023439,7180,6738,8419,Cedric Benson,cedric benson,RB,FA,2026-09-06T23:42:28.788368+00:00
00-0023440,,,8420,Carnell Williams,carnell williams,RB,FA*,2026-09-06T23:42:28.788368+00:00
00-0023441,7182,657,8421,Adam Jones,adam jones,CB,FA,2026-09-06T23:42:28.788368+00:00
00-0023442,,,8422,Troy Williamson,troy williamson,WR,FA,2026-09-06T23:42:28.788368+00:00
00-0023443,7184,675,8423,Antrel Rolle,antrel rolle,S,FA,2026-09-06T23:42:28.788368+00:00
00-0023444,,,8424,Carlos Rogers,carlos rogers,CB,FA,2026-09-06T23:42:28.788368+00:00
00-0023452,,,8425,Mike Williams,mike williams,WR,FA,2026-09-06T23:42:28.788368+00:00
00-0023445,7187,186,8426,Demarcus Ware,demarcus ware,LB,FA,2026-09-06T23:42:28.788368+00:00
00-0023446,,,8427,Shawne Merriman,shawne merriman,DE,FA,2026-09-06T23:42:28.788368+00:00
00-0023448,7190,187,8429,Thomas Davis,thomas davis,LB,FA,2026-09-06T23:42:28.788368+00:00
00-0023449,7191,329,8430,Derrick Johnson,derrick johnson,LB,FA,2026-09-06T23:42:28.788368+00:00
00-0023450,,,8431,Travis Johnson,travis johnson,DE,FA,2026-09-06T23:42:28.788368+00:00
00-0023455,,,8435,Marcus Spears,marcus spears,DE,FA,2026-09-06T23:42:28.788368+00:00
00-0023456,,,8436,Matt Jones,matt jones,WR,FA,2026-09-06T23:42:28.788368+00:00
00-0023457,,,8437,Mark Clayton,mark clayton,WR,FA,2026-09-06T23:42:28.788368+00:00
00-0023458,,,8438,Fabian Washington,fabian washington,CB,FA,2026-09-06T23:42:28.788368+00:00
00-0023459,7200,96,8439,Aaron Rodgers,aaron rodgers,QB,PIT,2026-09-06T23:42:28.788368+00:00
00-0023460,7201,673,8440,Jason Campbell,jason campbell,QB,FA,2026-09-06T23:42:28.788368+00:00
00-0023462,7203,4,8442,Roddy White,roddy white,WR,FA,2026-09-06T23:42:28.788368+00:00
00-0023463,,,8443,Luis Castillo,luis castillo,DE,FA,2026-09-06T23:42:28.788368+00:00
00-0023464,,,6472,Marlin Jackson,marlin jackson,S,FA,2026-09-06T23:42:28.788368+00:00
00-0023465,7206,310,8444,Heath Miller,heath miller,TE,FA,2026-09-06T23:42:28.788368+00:00
00-0023466,,,8445,Mike Patterson,mike patterson,DT,FA,2026-09-06T23:42:28.788368+00:00
00-0023469,,,8448,Brodney Pool,brodney pool,S,FA,2026-09-06T23:42:28.788368+00:00
00-0023470,,,8449,Reggie Brown,reggie brown,WR,FA,2026-09-06T23:42:28.788368+00:00
00-0023471,,,8450,Barrett Ruud,barrett ruud,LB,FA,2026-09-06T23:42:28.788368+00:00
00-0023472,,,8451,Shaun Cody,shaun cody,DT,FA,2026-09-06T23:42:28.788368+00:00
00-0023473,,,8452,Stanford Routt,stanford routt,CB,FA,2026-09-06T23:42:28.788368+00:00
00-0023474,,,8453,Mark Bradley,mark bradley,WR,FA,2026-09-06T23:42:28.788368+00:00
00-0023475,,,8454,Josh Bullocks,josh bullocks,S,FA,2026-09-06T23:42:28.788368+00:00
00-0023477,,,8456,Kevin Burnett,kevin burnett,LB,FA,2026-09-06T23:42:28.788368+00:00
00-0023478,,,8457,Corey Webster,corey webster,CB,FA,2026-09-06T23:42:28.788368+00:00
00-0023479,,,8458,J.J. Arrington,jj arrington,RB,FA,2026-09-06T23:42:28.788368+00:00
00-0023480,,,8459,Lofa Tatupu,lofa tatupu,LB,FA,2026-09-06T23:42:28.788368+00:00
00-0023481,,,8460,Matt Roth,matt roth,DE,FA,2026-09-06T23:42:28.788368+00:00
00-0023482,7223,658,8461,Mike Nugent,mike nugent,PK,FA,2026-09-06T23:42:28.788368+00:00
00-0023485,,,8464,Ronald Bartell,ronald bartell,CB,FA,2026-09-06T23:42:28.788368+00:00
00-0023486,,,8465,Nick Collins,nick collins,S,FA,2026-09-06T23:42:28.788368+00:00
00-0023490,,,8469,Roscoe Parrish,roscoe parrish,WR,FA,2026-09-06T23:42:28.788368+00:00
00-0023492,,,8471,Justin Miller,justin miller,CB,FA,2026-09-06T23:42:28.788368+00:00
00-0023494,7235,209,8473,Jonathan Babineaux,jonathan babineaux,DT,FA,2026-09-06T23:42:28.788368+00:00
00-0023495,,,8474,Kelvin Hayden,kelvin hayden,CB,FA,2026-09-06T23:42:28.788368+00:00
00-0023496,7237,128,8475,Vincent Jackson,vincent jackson,WR,FA,2026-09-06T23:42:28.788368+00:00
00-0023497,,,8476,Bryant McFadden,bryant mcfadden,CB,FA,2026-09-06T23:42:28.788368+00:00
00-0023498,,,8477,Matt McCoy,matt mccoy,LB,FA,2026-09-06T23:42:28.788368+00:00
00-0023500,7241,232,8479,Frank Gore,frank gore,RB,FA,2026-09-06T23:42:28.788368+00:00
00-0023501,,,8480,Oshiomogho Atogwe,oshiomogho atogwe,S,FA,2026-09-06T23:42:28.788368+00:00
00-0023502,,,8481,Charlie Frye,charlie frye,QB,OAK,2026-09-06T23:42:28.788368+00:00
00-0023503,7244,195,8482,Courtney Roby,courtney roby,WR,FA,2026-09-06T23:42:28.788368+00:00
00-0023504,,,8483,Andrew Walter,andrew walter,QB,FA,2026-09-06T23:42:28.788368+00:00
00-0023505,,,8484,Channing Crowder,channing crowder,LB,FA,2026-09-06T23:42:28.788368+00:00
00-0023506,7247,661,8485,Alex Smith,alex smith,TE,WAS,2026-09-06T23:42:28.788368+00:00
00-0023509,7250,85,8488,Justin Tuck,justin tuck,DE,FA,2026-09-06T23:42:28.788368+00:00
00-0023511,,,8490,Karl Paymah,karl paymah,CB,HOU,2026-09-06T23:42:28.788368+00:00
00-0023512,,,8491,Ryan Moats,ryan moats,RB,FA,2026-09-06T23:42:28.788368+00:00
00-0023513,,,8492,Kirk Morrison,kirk morrison,LB,FA,2026-09-06T23:42:28.788368+00:00
00-0023519,,,8498,Ellis Hobbs,ellis hobbs,CB,PHI,2026-09-06T23:42:28.788368+00:00
00-0023522,,,8501,Scott Starks,scott starks,CB,FA,2026-09-06T23:42:28.788368+00:00
00-0023523,,,8502,Sione Pouha,sione pouha,DT,FA,2026-09-06T23:42:28.788368+00:00
00-0023524,,,8503,Atiyyah Ellison,atiyyah ellison,DT,FA,2026-09-06T23:42:28.788368+00:00
00-0023531,,,8510,Brandon Jones,brandon jones,WR,FA,2026-09-06T23:42:28.788368+00:00
00-0023532,,,8511,Domonique Foxworth,domonique foxworth,CB,FA,2026-09-06T23:42:28.788368+00:00
00-0023533,,,8512,Leroy Hill,leroy hill,LB,FA,2026-09-06T23:42:28.788368+00:00
00-0023534,7275,330,8513,Dustin Colquitt,dustin colquitt,PN,FA,2026-09-06T23:42:28.788368+00:00
00-0023537,,,8516,Sean Considine,sean considine,S,FA,2026-09-06T23:42:28.788368+00:00
00-0023539,,,8518,Travis Daniels,travis daniels,CB,FA,2026-09-06T23:42:28.788368+00:00
00-0023541,7282,388,8520,Kyle Orton,kyle orton,QB,FA,2026-09-06T23:42:28.788368+00:00
00-0023543,,,8522,Vincent Fuller,vincent fuller,S,FA,2026-09-06T23:42:28.788368+00:00
00-0023544,,,8523,Marion Barber,marion barber,RB,FA,2026-09-06T23:42:28.788368+00:00
00-0023545,7286,82,8524,Brandon Jacobs,brandon jacobs,RB,FA,2026-09-06T23:42:28.788368+00:00
00-0023557,,,8537,Kerry Rhodes,kerry rhodes,S,FA,2026-09-06T23:42:28.788368+00:00
00-0023559,,,8539,Brady Poppinga,brady poppinga,LB,FA,2026-09-06T23:42:28.788368+00:00
00-0023560,,114,8540,J.J. Stokes,jj stokes,WR,SFO,2026-09-06T23:42:28.788368+00:00
00-0023561,,,8541,Alvin Pearman,alvin pearman,RB,FA,2026-09-06T23:42:28.788368+00:00
00-0023562,,,8542,Chauncey Davis,chauncey davis,DE,FA,2026-09-06T23:42:28.788368+00:00
00-0023564,7306,246,8544,Darren Sproles,darren sproles,RB,FA,2026-09-06T23:42:28.788368+00:00
00-0023566,7308,408,8546,Chris Canty,chris canty,DE,FA,2026-09-06T23:42:28.788368+00:00
00-0023567,,,8547,James Sanders,james sanders,S,FA,2026-09-06T23:42:28.788368+00:00
00-0023569,,,8549,Matt Giordano,matt giordano,S,FA,2026-09-06T23:42:28.788368+00:00
00-0023570,,,8550,Roydell Williams,roydell williams,WR,FA,2026-09-06T23:42:28.788368+00:00
00-0023571,,,8551,Ronald Fields,ronald fields,DT,FA,2026-09-06T23:42:28.788368+00:00
00-0023575,,,8555,Donte Nicholson,donte nicholson,S,TBB,2026-09-06T23:42:28.788368+00:00
00-0023578,7321,374,8559,Dan Orlovsky,dan orlovsky,QB,FA,2026-09-06T23:42:28.788368+00:00
00-0023579,7322,62,8560,Trent Cole,trent cole,LB,FA,2026-09-06T23:42:28.788368+00:00
00-0023583,,,8564,Pete Stoyanovich,pete stoyanovich,PK,FA,2026-09-06T23:42:28.788368+00:00
00-0023589,,,8570,Eric King,eric king,CB,DET,2026-09-06T23:42:28.788368+00:00
00-0023590,,,8571,Gerald Sensabaugh,gerald sensabaugh,S,FA,2026-09-06T23:42:28.788368+00:00
00-0023593,,,8574,Michael Boley,michael boley,LB,FA,2026-09-06T23:42:28.788368+00:00
00-0023609,,,8590,Nick Speegle,nick speegle,LB,CLE,2026-09-06T23:42:28.788368+00:00
00-0023611,,,8592,Anthony Bryant,anthony bryant,DT,FA,2026-09-06T23:42:28.788368+00:00
00-0023612,,,8593,Bo Scaife,bo scaife,TE,FA,2026-09-06T23:42:28.788368+00:00
00-0023613,,,8594,Mike Montgomery,mike montgomery,DE,FA,2026-09-06T23:42:28.788368+00:00
00-0023614,,,8595,Chris Harris,chris harris,S,FA,2026-09-06T23:42:28.788368+00:00
00-0023619,,,8600,Eric Moore,eric moore,DE,FA,2026-09-06T23:42:28.788368+00:00
00-0023621,,,8602,C.C. Brown,cc brown,S,FA,2026-09-06T23:42:28.788368+00:00
00-0023622,,,8603,Jovan Haye,jovan haye,DT,FA,2026-09-06T23:42:28.788368+00:00
00-0023624,,743,8605,C.J. Mosley,cj mosley,DT,FA,2026-09-06T23:42:28.788368+00:00
00-0023630,7374,52,8612,Joel Dreessen,joel dreessen,TE,FA,2026-09-06T23:42:28.788368+00:00
00-0023635,,,8616,Dave Rayner,dave rayner,PK,FA,2026-09-06T23:42:28.788368+00:00
00-0023362,,,8618,Rashod Swinger,rashod swinger,DL,ARI,2026-09-06T23:42:28.788368+00:00
00-0023642,,,8624,Reggie Hodges,reggie hodges,PN,FA,2026-09-06T23:42:28.788368+00:00
00-0023645,7389,691,8627,Derek Anderson,derek anderson,QB,FA,2026-09-06T23:42:28.788368+00:00
00-0023647,,,8629,Daven Holly,daven holly,CB,CLE,2026-09-06T23:42:28.788368+00:00
00-0023648,,,8630,Kevin Vickerson,kevin vickerson,DE,FA,2026-09-06T23:42:28.788368+00:00
00-0023652,,,8634,Rod Wilson,rod wilson,LB,CHI,2026-09-06T23:42:28.788368+00:00
00-0023654,,,8636,Nehemiah Broughton,nehemiah broughton,RB,FA,2026-09-06T23:42:28.788368+00:00
00-0023655,,,8637,Marcus Maxwell,marcus maxwell,WR,FA,2026-09-06T23:42:28.788368+00:00
00-0023656,7400,174,8638,Jay Ratliff,jay ratliff,DT,FA,2026-09-06T23:42:28.788368+00:00
00-0023662,7406,389,8644,Matt Cassel,matt cassel,QB,FA,2026-09-06T23:42:28.788368+00:00
00-0023663,,,8645,Hamza Abdullah,hamza abdullah,S,FA,2026-09-06T23:42:28.788368+00:00
00-0023665,,,8647,Jonathan Fanene,jonathan fanene,DE,FA,2026-09-06T23:42:28.788368+00:00
00-0023669,,,8651,Chris Roberson,chris roberson,CB,JAC,2026-09-06T23:42:28.788368+00:00
00-0023679,,450,8663,Billy Bajema,billy bajema,TE,FA,2026-09-06T23:42:28.788368+00:00
00-0023682,7426,333,8664,Ryan Fitzpatrick,ryan fitzpatrick,QB,FA,2026-09-06T23:42:28.788368+00:00
00-0023683,,,8665,Madison Hedgecock,madison hedgecock,RB,FA,2026-09-06T23:42:28.788368+00:00
00-0023176,7448,166,9270,Josh Cribbs,josh cribbs,WR,FA,2026-09-06T23:42:28.788368+00:00
00-0022954,,,9291,Ben Graham,ben graham,PN,FA,2026-09-06T23:42:28.788368+00:00
00-0023063,,,9297,Leonard Weaver,leonard weaver,RB,FA,2026-09-06T23:42:28.788368+00:00
00-0023108,,,9264,Stephen Spach,stephen spach,TE,FA,2026-09-06T23:42:28.788368+00:00
00-0023693,,,9289,Chase Blackburn,chase blackburn,LB,FA,2026-09-06T23:42:28.788368+00:00
00-0023053,,,9290,James Butler,james butler,S,FA,2026-09-06T23:42:28.788368+00:00
00-0023060,,,9296,Chris Kluwe,chris kluwe,PN,FA,2026-09-06T23:42:28.788368+00:00
00-0023354,,,9269,Brandon McGowan,brandon mcgowan,S,FA,2026-09-06T23:42:28.788368+00:00
00-0023234,7439,302,9263,Michael Koenen,michael koenen,PN,FA,2026-09-06T23:42:28.788368+00:00
00-0023090,,,9280,Derreck Robinson,derreck robinson,DE,CLE,2026-09-06T23:42:28.788368+00:00
00-0023367,7492,370,9307,Nate Washington,nate washington,WR,FA,2026-09-06T23:42:28.788368+00:00
00-0023287,,,9266,Jim Leonhard,jim leonhard,S,FA,2026-09-06T23:42:28.788368+00:00
00-0023008,,,9285,Chris Carr,chris carr,CB,FA,2026-09-06T23:42:28.788368+00:00
00-0023252,7520,49,9354,Robbie Gould,robbie gould,PK,FA,2026-09-06T23:42:28.788368+00:00
00-0023727,,,9351,Dimitri Patterson,dimitri patterson,CB,FA,2026-09-06T23:42:28.788368+00:00
00-0023186,,,9319,Leigh Torrence,leigh torrence,CB,FA,2026-09-06T23:42:28.788368+00:00
00-0023313,,,9386,Isaiah Ekejiuba,isaiah ekejiuba,LB,FA,2026-09-06T23:42:28.788368+00:00
00-0023215,,,9359,Heath Farwell,heath farwell,LB,SEA,2026-09-06T23:42:28.788368+00:00
00-0023219,,,9393,Tim Bulman,tim bulman,DE,FA,2026-09-06T23:42:28.788368+00:00
00-0023298,7512,225,9349,L.P. LaDouceur,lp ladouceur,DT,DAL,2026-09-06T23:42:28.788368+00:00
00-0023310,7544,270,9400,Lance Moore,lance moore,WR,FA,2026-09-06T23:42:28.788368+00:00
00-0023288,,,9423,Evan Oglesby,evan oglesby,CB,BAL,2026-09-06T23:42:28.788368+00:00
00-0023404,,,9445,Atari Bigby,atari bigby,S,FA,2026-09-06T23:42:28.788368+00:00
00-0023210,,,9450,Tory Humphrey,tory humphrey,TE,NOS,2026-09-06T23:42:28.788368+00:00
00-0023408,,,9495,Greg Camarillo,greg camarillo,WR,FA,2026-09-06T23:42:28.788368+00:00
00-0023363,,,10956,Rhys Lloyd,rhys lloyd,PK,FA*,2026-09-06T23:42:28.788368+00:00
00-0023136,,,9510,Antoine Harris,antoine harris,S,PHI,2026-09-06T23:42:28.788368+00:00
00-0023316,,,9381,Raymond Ventrone,raymond ventrone,S,CLE,2026-09-06T23:42:28.788368+00:00
00-0023327,,,9371,Gary Gibson,gary gibson,DT,FA,2026-09-06T23:42:28.788368+00:00
00-0022414,7149,316,6016,Malcom Floyd,malcom floyd,WR,FA,2026-09-06T23:42:28.788368+00:00
00-0021684,,457,4870,Colin Cole,colin cole,DT,FA,2026-09-06T23:42:28.788368+00:00
00-0022803,6760,188,5526,Eli Manning,eli manning,QB,FA,2026-09-06T23:42:28.788368+00:00
00-0022836,,,5527,Mike Sellers,mike sellers,TE,CLE,2026-09-06T23:42:28.788368+00:00
00-0022921,6762,223,5528,Larry Fitzgerald,larry fitzgerald,WR,FA,2026-09-06T23:42:28.788368+00:00
00-0022942,6763,331,5529,Philip Rivers,philip rivers,QB,FA,2026-09-06T23:42:28.788368+00:00
00-0022922,6765,449,5531,Kellen Winslow,kellen winslow,TE,FA,2026-09-06T23:42:28.788368+00:00
00-0022909,,,5532,Roy Williams,roy williams,WR,FA,2026-09-06T23:42:28.788368+00:00
00-0022923,6767,265,5533,Deangelo Hall,deangelo hall,S,FA,2026-09-06T23:42:28.788368+00:00
00-0022889,,,5534,Reggie Williams,reggie williams,WR,FA,2026-09-06T23:42:28.788368+00:00
00-0022735,,,5535,Dunta Robinson,dunta robinson,CB,FA,2026-09-06T23:42:28.788368+00:00
00-0022924,6770,138,5536,Ben Roethlisberger,ben roethlisberger,QB,FA,2026-09-06T23:42:28.788368+00:00
00-0022778,,,5537,Jonathan Vilma,jonathan vilma,LB,FA,2026-09-06T23:42:28.788368+00:00
00-0022910,,,5538,Lee Evans,lee evans,WR,FA,2026-09-06T23:42:28.788368+00:00
00-0022837,,,5539,Tommie Harris,tommie harris,DT,FA,2026-09-06T23:42:28.788368+00:00
00-0022725,,,5540,Michael Clayton,michael clayton,WR,FA,2026-09-06T23:42:28.788368+00:00
00-0022780,,,5542,DJ Williams,dj williams,LB,FA,2026-09-06T23:42:28.788368+00:00
00-0022911,,,5543,Will Smith,will smith,DE,FA,2026-09-06T23:42:28.788368+00:00
00-0022712,6780,205,5546,Vince Wilfork,vince wilfork,DT,FA,2026-09-06T23:42:28.788368+00:00
00-0022912,,,5547,J.P. Losman,jp losman,QB,FA,2026-09-06T23:42:28.788368+00:00
00-0022736,6783,57,5549,Steven Jackson,steven jackson,RB,NEP,2026-09-06T23:42:28.788368+00:00
00-0022695,6786,668,5552,Jason Babin,jason babin,LB,FA,2026-09-06T23:42:28.788368+00:00
00-0022914,,,5553,Chris Gamble,chris gamble,CB,FA,2026-09-06T23:42:28.788368+00:00
00-0022781,6788,,5554,Michael Jenkins,michael jenkins,WR,FA,2026-09-06T23:42:28.788368+00:00
00-0022943,6791,663,5557,Ben Watson,ben watson,TE,FA,2026-09-06T23:42:28.788368+00:00
00-0022927,6792,646,5558,Karlos Dansby,karlos dansby,LB,FA,2026-09-06T23:42:28.788368+00:00
00-0022915,,,5560,Igor Olshansky,igor olshansky,DE,FA,2026-09-06T23:42:28.788368+00:00
00-0022722,,,5561,Junior Siavii,junior siavii,DT,FA,2026-09-06T23:42:28.788368+00:00
00-0022783,,,5562,Teddy Lehman,teddy lehman,LB,FA,2026-09-06T23:42:28.788368+00:00
00-0022839,6798,211,5564,Daryl Smith,daryl smith,LB,FA,2026-09-06T23:42:28.788368+00:00
00-0022894,,,5567,Travis Laboy,travis laboy,LB,FA,2026-09-06T23:42:28.788368+00:00
00-0022840,,,5568,Julius Jones,julius jones,RB,FA,2026-09-06T23:42:28.788368+00:00
00-0022944,,,5569,Bob Sanders,bob sanders,S,FA,2026-09-06T23:42:28.788368+00:00
00-0022696,,,5572,Tank Johnson,tank johnson,DT,FA,2026-09-06T23:42:28.788368+00:00
00-0022928,,,5574,Keiwan Ratliff,keiwan ratliff,S,CIN,2026-09-06T23:42:28.788368+00:00
00-0022929,6809,,5575,Devery Henderson,devery henderson,WR,FA,2026-09-06T23:42:28.788368+00:00
00-0022750,6810,645,5576,Dwan Edwards,dwan edwards,DT,FA,2026-09-06T23:42:28.788368+00:00
00-0022897,6814,133,5580,Greg Jones,greg jones,RB,FA,2026-09-06T23:42:28.788368+00:00
00-0022842,,,5581,Madieu Williams,madieu williams,S,FA,2026-09-06T23:42:28.788368+00:00
00-0022918,,,5582,Antwan Odom,antwan odom,DE,FA,2026-09-06T23:42:28.788368+00:00
00-0022843,,,5583,Shawntae Spencer,shawntae spencer,CB,FA,2026-09-06T23:42:28.788368+00:00
00-0022844,,,5584,Sean Jones,sean jones,S,FA,2026-09-06T23:42:28.788368+00:00
00-0022714,,,5587,Kris Wilson,kris wilson,TE,FA,2026-09-06T23:42:28.788368+00:00
00-0022930,,320,5589,Darnell Dockett,darnell dockett,DE,FA,2026-09-06T23:42:28.788368+00:00
00-0022737,,,5590,Nate Kaeding,nate kaeding,PK,FA,2026-09-06T23:42:28.788368+00:00
00-0022847,6827,468,5593,Ben Hartsock,ben hartsock,TE,FA,2026-09-06T23:42:28.788368+00:00
00-0022849,,,5595,Joey Thomas,joey thomas,CB,FA,2026-09-06T23:42:28.788368+00:00
00-0022805,6830,81,5596,Randy Starks,randy starks,DE,FA,2026-09-06T23:42:28.788368+00:00
00-0022851,,,5598,Keith Smith,keith smith,CB,FA,2026-09-06T23:42:28.788368+00:00
00-0022807,,,5603,Bernard Berrian,bernard berrian,WR,FA,2026-09-06T23:42:28.788368+00:00
00-0026580,,,12775,Marquis Cooper,marquis cooper,LB,OAK,2026-09-06T23:42:28.788368+00:00
00-0022738,6840,,5606,Chris Cooley,chris cooley,TE,FA,2026-09-06T23:42:28.788368+00:00
00-0022858,,,5613,Darrion Scott,darrion scott,DE,FA,2026-09-06T23:42:28.788368+00:00
00-0022786,,,5614,Matt Ware,matt ware,S,FA,2026-09-06T23:42:28.788368+00:00
00-0022787,6849,178,5615,Matt Schaub,matt schaub,QB,FA,2026-09-06T23:42:28.788368+00:00
00-0022753,,,5616,Tony Hargrove,tony hargrove,DT,FA,2026-09-06T23:42:28.788368+00:00
00-0022697,,,5618,Keyaron Fox,keyaron fox,LB,HOU,2026-09-06T23:42:28.788368+00:00
00-0022860,,,5621,Landon Johnson,landon johnson,LB,FA,2026-09-06T23:42:28.788368+00:00
00-0022810,,,5622,Reggie Torbor,reggie torbor,LB,FA,2026-09-06T23:42:28.788368+00:00
00-0022723,,,5623,Shaun Phillips,shaun phillips,LB,FA,2026-09-06T23:42:28.788368+00:00
00-0022707,,,5626,Demorrio Williams,demorrio williams,LB,FA,2026-09-06T23:42:28.788368+00:00
00-0022863,,,5629,Isaac Sopoaga,isaac sopoaga,DT,FA,2026-09-06T23:42:28.788368+00:00
00-0022864,6865,248,5631,Luke McCown,luke mccown,QB,FA,2026-09-06T23:42:28.788368+00:00
00-0022811,6867,155,5633,Jerricho Cotchery,jerricho cotchery,WR,FA,2026-09-06T23:42:28.788368+00:00
00-0022216,,,5635,Nathan Vasher,nathan vasher,CB,FA,2026-09-06T23:42:28.788368+00:00
00-0022900,6870,664,5636,Will Allen,will allen,S,FA,2026-09-06T23:42:28.788368+00:00
00-0022710,,,5641,Niko Koutouvides,niko koutouvides,LB,TBB,2026-09-06T23:42:28.788368+00:00
00-0022867,,,5642,Robert Geathers,robert geathers,DE,FA,2026-09-06T23:42:28.788368+00:00
00-0022217,6878,,5644,Mewelde Moore,mewelde moore,RB,FA,2026-09-06T23:42:28.788368+00:00
00-0022901,,,5645,Ernest Wilford,ernest wilford,TE,FA,2026-09-06T23:42:28.788368+00:00
00-0022740,6885,20,5651,Jared Allen,jared allen,DE,FA,2026-09-06T23:42:28.788368+00:00
00-0022711,,,5655,Brandon Chillar,brandon chillar,LB,FA,2026-09-06T23:42:28.788368+00:00
00-0022814,,,5658,Dave Ball,dave ball,DE,FA,2026-09-06T23:42:28.788368+00:00
00-0024707,6894,376,11078,Antonio Smith,antonio smith,DE,FA,2026-09-06T23:42:28.788368+00:00
00-0022815,,,5661,Gibril Wilson,gibril wilson,S,FA,2026-09-06T23:42:28.788368+00:00
00-0022874,6896,275,5662,Josh Scobee,josh scobee,PK,FA,2026-09-06T23:42:28.788368+00:00
00-0022876,,,5664,Rodney Leisle,rodney leisle,DT,FA,2026-09-06T23:42:28.788368+00:00
00-0022218,,,5668,Erik Coleman,erik coleman,S,FA,2026-09-06T23:42:28.788368+00:00
00-0022817,,5834,5669,Sean Ryan,sean ryan,TE,FA,2026-09-06T23:42:28.788368+00:00
00-0022821,6913,,5679,Michael Turner,michael turner,RB,FA,2026-09-06T23:42:28.788368+00:00
00-0022796,,,5681,Mike Karney,mike karney,RB,FA,2026-09-06T23:42:28.788368+00:00
00-0022878,,,5686,Amon Gordon,amon gordon,DT,FA,2026-09-06T23:42:28.788368+00:00
00-0022904,,,5692,Kaseem Sinceno,kaseem sinceno,TE,CHI,2026-09-06T23:42:28.788368+00:00
00-0022728,,,5701,Tony Siragusa,tony siragusa,DL,BAL,2026-09-06T23:42:28.788368+00:00
00-0022906,,,5704,Corey Williams,corey williams,DT,FA,2026-09-06T23:42:28.788368+00:00
00-0022881,,,5707,Cody Spencer,cody spencer,LB,DET,2026-09-06T23:42:28.788368+00:00
00-0028845,26168,1238,15151,Josh Harris,josh harris,QB,FA,2026-09-06T23:42:28.788368+00:00
00-0022824,6947,112,5713,Andy Lee,andy lee,PN,FA,2026-09-06T23:42:28.788368+00:00
00-0022692,,,5714,Craig Terrill,craig terrill,DT,FA,2026-09-06T23:42:28.788368+00:00
00-0022744,,,5718,Jim Sorgi,jim sorgi,QB,FA,2026-09-06T23:42:28.788368+00:00
00-0030836,28039,2218,17199,Keith Lewis,keith lewis,S,FA,2026-09-06T23:42:28.788368+00:00
00-0022764,,,5725,Charlie Anderson,charlie anderson,LB,FA,2026-09-06T23:42:28.788368+00:00
00-0022703,,,5729,Ryon Bingham,ryon bingham,DE,SDC,2026-09-06T23:42:28.788368+00:00
00-0022882,,,5731,Mark Jones,mark jones,WR,FA,2026-09-06T23:42:28.788368+00:00
00-0022730,,,5738,Darrell McClover,darrell mcclover,LB,CHI,2026-09-06T23:42:28.788368+00:00
00-0022766,,,5741,Patrick Crayton,patrick crayton,WR,FA,2026-09-06T23:42:28.788368+00:00
00-0022746,,,5745,Jeff Dugan,jeff dugan,RB,FA,2026-09-06T23:42:28.788368+00:00
00-0022767,,,5748,Jacques Reeves,jacques reeves,CB,FA,2026-09-06T23:42:28.788368+00:00
00-0022684,6983,1271,5749,Donnie Jones,donnie jones,PN,FA,2026-09-06T23:42:28.788368+00:00
00-0022706,,,5757,Michael Gaines,michael gaines,TE,FA,2026-09-06T23:42:28.788368+00:00
00-0022770,,,5760,Derrick Ward,derrick ward,RB,FA,2026-09-06T23:42:28.788368+00:00
00-0022724,,,5766,Sean McHugh,sean mchugh,RB,FA,2026-09-06T23:42:28.788368+00:00
00-0021488,,,5096,Mat McBriar,mat mcbriar,PN,FA,2026-09-06T23:42:28.788368+00:00
00-0022427,7027,177,5941,Wes Welker,wes welker,WR,FA,2026-09-06T23:42:28.788368+00:00
00-0021654,,,4961,Joselio Hanson,joselio hanson,CB,FA,2026-09-06T23:42:28.788368+00:00
00-0022352,,,5920,Benny Sapp,benny sapp,CB,FA,2026-09-06T23:42:28.788368+00:00
00-0022527,,,6391,Jabari Greer,jabari greer,CB,FA,2026-09-06T23:42:28.788368+00:00
00-0022344,,,5887,Randall Gay,randall gay,CB,FA,2026-09-06T23:42:28.788368+00:00
00-0022539,,,5968,Tommy Kelly,tommy kelly,DE,FA,2026-09-06T23:42:28.788368+00:00
00-0022610,,,6132,Spencer Johnson,spencer johnson,DT,FA,2026-09-06T23:42:28.788368+00:00
00-0022388,,,5799,Terrance Copper,terrance copper,WR,FA,2026-09-06T23:42:28.788368+00:00
00-0021613,,,8361,Oliver Celestin,oliver celestin,S,KCC,2026-09-06T23:42:28.788368+00:00
00-0022455,7120,252,8362,Don Muhlbach,don muhlbach,DT,DET,2026-09-06T23:42:28.788368+00:00
00-0022353,,,6215,Rich Scanlon,rich scanlon,LB,TEN,2026-09-06T23:42:28.788368+00:00
00-0022247,7121,74,5893,Mike Adams,mike adams,S,FA,2026-09-06T23:42:28.788368+00:00
00-0022502,,,6262,Jeremy Cain,jeremy cain,LB,FA,2026-09-06T23:42:28.788368+00:00
00-0022409,,,5840,Jordan Babineaux,jordan babineaux,S,FA,2026-09-06T23:42:28.788368+00:00
00-0022397,7139,63,6301,Vonta Leach,vonta leach,RB,FA,2026-09-06T23:42:28.788368+00:00
00-0022288,,,8401,Jason Wright,jason wright,RB,FA,2026-09-06T23:42:28.788368+00:00
00-0022405,,,5817,Lousaka Polite,lousaka polite,RB,FA,2026-09-06T23:42:28.788368+00:00
00-0023177,7455,199,9276,John Condo,john condo,LB,FA,2026-09-06T23:42:28.788368+00:00
00-0022341,7443,,9267,George Wilson,george wilson,S,FA,2026-09-06T23:42:28.788368+00:00
00-0022613,,,9357,Glenn Martinez,glenn martinez,WR,HOU,2026-09-06T23:42:28.788368+00:00
00-0022529,,,8670,Luke Lawton,luke lawton,RB,FA,2026-09-06T23:42:28.788368+00:00
00-0022207,,,9568,Ryan Flinn,ryan flinn,PN,MIA,2026-09-06T23:42:28.788368+00:00
00-0023742,8020,135,10238,Jon Ryan,jon ryan,PN,FA,2026-09-06T23:42:28.788368+00:00
00-0021429,6337,91,4459,Carson Palmer,carson palmer,QB,FA,2026-09-06T23:42:28.788368+00:00
00-0022044,6339,92,4461,Andre Johnson,andre johnson,WR,FA,2026-09-06T23:42:28.788368+00:00
00-0022045,6341,235,4463,Terence Newman,terence newman,CB,FA,2026-09-06T23:42:28.788368+00:00
00-0022177,6343,5817,4465,Byron Leftwich,byron leftwich,QB,PIT,2026-09-06T23:42:28.788368+00:00
00-0022117,,,4466,Tony Richardson,tony richardson,RB,KCC,2026-09-06T23:42:28.788368+00:00
00-0022073,6345,259,4467,Kevin Williams,kevin williams,DT,FA,2026-09-06T23:42:28.788368+00:00
00-0022161,6346,296,4468,Terrell Suggs,terrell suggs,LB,FA,2026-09-06T23:42:28.788368+00:00
00-0022046,,,4469,Marcus Trufant,marcus trufant,CB,FA,2026-09-06T23:42:28.788368+00:00
00-0022155,,,4470,Jimmy Kennedy,jimmy kennedy,DT,FA,2026-09-06T23:42:28.788368+00:00
00-0021989,,,4471,Ty Warren,ty warren,DT,FA,2026-09-06T23:42:28.788368+00:00
00-0022119,,6777,4474,Troy Polamalu,troy polamalu,S,FA,2026-09-06T23:42:28.788368+00:00
00-0022156,,,4475,Bryant Johnson,bryant johnson,WR,FA,2026-09-06T23:42:28.788368+00:00
00-0022120,6354,107,4476,Calvin Pace,calvin pace,LB,NYJ,2026-09-06T23:42:28.788368+00:00
00-0022164,,,4477,Kyle Boller,kyle boller,QB,FA,2026-09-06T23:42:28.788368+00:00
00-0022121,6358,679,4480,Rex Grossman,rex grossman,QB,FA,2026-09-06T23:42:28.788368+00:00
00-0022178,6359,,4481,Willis McGahee,willis mcgahee,RB,FA,2026-09-06T23:42:28.788368+00:00
00-0022165,6360,5,4482,Dallas Clark,dallas clark,TE,FA,2026-09-06T23:42:28.788368+00:00
00-0022173,,,4483,William Joseph,william joseph,DT,OAK,2026-09-06T23:42:28.788368+00:00
00-0021976,,,4485,Larry Johnson,larry johnson,RB,FA,2026-09-06T23:42:28.788368+00:00
00-0021990,,,4487,Nick Barnett,nick barnett,LB,FA,2026-09-06T23:42:28.788368+00:00
00-0022077,,,4489,Nnamdi Asomugha,nnamdi asomugha,CB,FA,2026-09-06T23:42:28.788368+00:00
00-0022047,,,4490,Tyler Brayton,tyler brayton,DE,FA,2026-09-06T23:42:28.788368+00:00
00-0022123,6371,185,4493,Charles Tillman,charles tillman,CB,FA,2026-09-06T23:42:28.788368+00:00
00-0021992,,,4494,Eugene Wilson,eugene wilson,S,FA,2026-09-06T23:42:28.788368+00:00
00-0022080,6375,117,4497,Rashean Mathis,rashean mathis,CB,FA,2026-09-06T23:42:28.788368+00:00
00-0022081,,,4498,E.J. Henderson,ej henderson,LB,FA,2026-09-06T23:42:28.788368+00:00
00-0022050,,,4501,Pisa Tinoisamoa,pisa tinoisamoa,LB,FA,2026-09-06T23:42:28.788368+00:00
00-0021994,,,4504,Drayton Florence,drayton florence,CB,FA,2026-09-06T23:42:28.788368+00:00
00-0021970,,,4505,Kawika Mitchell,kawika mitchell,LB,FA,2026-09-06T23:42:28.788368+00:00
00-0021995,,,4506,Chris Kelsay,chris kelsay,DE,FA,2026-09-06T23:42:28.788368+00:00
00-0022084,6390,655,4512,Anquan Boldin,anquan boldin,WR,FA,2026-09-06T23:42:28.788368+00:00
00-0021951,,,4513,Bryan Scott,bryan scott,LB,FA,2026-09-06T23:42:28.788368+00:00
00-0021977,,214,4514,Osi Umenyiora,osi umenyiora,DE,FA,2026-09-06T23:42:28.788368+00:00
00-0022085,,,4515,Anthony Adams,anthony adams,DT,FA,2026-09-06T23:42:28.788368+00:00
00-0022126,,,4519,L.J. Smith,lj smith,TE,FA,2026-09-06T23:42:28.788368+00:00
00-0022171,,,4523,Kelley Washington,kelley washington,WR,FA,2026-09-06T23:42:28.788368+00:00
00-0021998,6402,656,4524,Cory Redding,cory redding,DE,FA,2026-09-06T23:42:28.788368+00:00
00-0022128,,,4526,Lance Briggs,lance briggs,LB,FA,2026-09-06T23:42:28.788368+00:00
00-0022127,6405,23,4527,Jason Witten,jason witten,TE,FA,2026-09-06T23:42:28.788368+00:00
00-0021941,,,4528,Gerald Hayes,gerald hayes,LB,FA,2026-09-06T23:42:28.788368+00:00
00-0021999,6407,,4529,Nate Burleson,nate burleson,WR,FA,2026-09-06T23:42:28.788368+00:00
00-0022090,,,4541,Sam Williams,sam williams,LB,OAK,2026-09-06T23:42:28.788368+00:00
00-0022167,,,4542,Chris Crocker,chris crocker,CB,FA,2026-09-06T23:42:28.788368+00:00
00-0022158,,,4548,Donald Strickland,donald strickland,CB,FA,2026-09-06T23:42:28.788368+00:00
00-0022054,6427,55,4549,Visanthe Shiancoe,visanthe shiancoe,TE,FA,2026-09-06T23:42:28.788368+00:00
00-0022004,,,4552,Angelo Crowell,angelo crowell,LB,FA,2026-09-06T23:42:28.788368+00:00
00-0022005,,,4555,Chris Simms,chris simms,QB,FA,2026-09-06T23:42:28.788368+00:00
00-0030126,26874,1393,15915,Todd Johnson,todd johnson,S,FA,2026-09-06T23:42:28.788368+00:00
00-0022137,,,4561,Bradie James,bradie james,LB,FA,2026-09-06T23:42:28.788368+00:00
00-0022139,,,4567,Jarret Johnson,jarret johnson,LB,FA,2026-09-06T23:42:28.788368+00:00
00-0022055,6446,662,4568,Seneca Wallace,seneca wallace,QB,FA,2026-09-06T23:42:28.788368+00:00
00-0022008,,,4569,Terrence McGee,terrence mcgee,CB,FA,2026-09-06T23:42:28.788368+00:00
00-0022009,,,4570,Matt Wilhelm,matt wilhelm,LB,FA,2026-09-06T23:42:28.788368+00:00
00-0022010,,,4572,Nicholas Eason,nicholas eason,DE,FA,2026-09-06T23:42:28.788368+00:00
00-0022140,,,4574,Ian Scott,ian scott,DT,FA,2026-09-06T23:42:28.788368+00:00
00-0021955,,,4575,Dan Klecko,dan klecko,DT,ATL,2026-09-06T23:42:28.788368+00:00
00-0021956,,,4578,Asante Samuel,asante samuel,CB,FA,2026-09-06T23:42:28.788368+00:00
00-0022011,,,4579,Justin Griffith,justin griffith,RB,HOU,2026-09-06T23:42:28.788368+00:00
00-0022097,6460,386,4582,Brandon Lloyd,brandon lloyd,WR,FA,2026-09-06T23:42:28.788368+00:00
00-0021891,,,4583,Ike Taylor,ike taylor,CB,FA,2026-09-06T23:42:28.788368+00:00
00-0021915,,,4585,Sam Aiken,sam aiken,WR,FA,2026-09-06T23:42:28.788368+00:00
00-0022143,,,4592,Ovie Mughelli,ovie mughelli,RB,FA,2026-09-06T23:42:28.788368+00:00
00-0022059,6474,263,4596,Robert Mathis,robert mathis,LB,FA,2026-09-06T23:42:28.788368+00:00
00-0022144,,,4597,Bobby Wade,bobby wade,WR,FA,2026-09-06T23:42:28.788368+00:00
00-0021982,,,4601,Justin Gage,justin gage,WR,FA,2026-09-06T23:42:28.788368+00:00
00-0022147,,,4604,Aubrayo Franklin,aubrayo franklin,DT,FA,2026-09-06T23:42:28.788368+00:00
00-0022017,6485,9,4607,Mike Scifres,mike scifres,PN,FA,2026-09-06T23:42:28.788368+00:00
00-0022168,,,4610,Michael Lehan,michael lehan,CB,NOS,2026-09-06T23:42:28.788368+00:00
00-0022100,,,4612,Donnie Nickey,donnie nickey,S,TEN,2026-09-06T23:42:28.788368+00:00
00-0021929,,,4614,Donald Lee,donald lee,TE,FA,2026-09-06T23:42:28.788368+00:00
00-0022101,,761,4621,Brian St. Pierre,brian st pierre,QB,FA,2026-09-06T23:42:28.788368+00:00
00-0022019,,,4622,Jermaine Ross,jermaine ross,WR,CLE,2026-09-06T23:42:28.788368+00:00
00-0021983,,,4624,Hunter Hillenmeyer,hunter hillenmeyer,LB,FA,2026-09-06T23:42:28.788368+00:00
00-0022025,,,4646,Hanik Milligan,hanik milligan,S,STL,2026-09-06T23:42:28.788368+00:00
00-0021960,,,4647,Jimmy Wilkerson,jimmy wilkerson,DE,FA,2026-09-06T23:42:28.788368+00:00
00-0022169,,,4653,Antonio Garay,antonio garay,DT,FA,2026-09-06T23:42:28.788368+00:00
00-0022064,,,4655,Arnaz Battle,arnaz battle,WR,FA,2026-09-06T23:42:28.788368+00:00
00-0021943,,,4665,Frank Walker,frank walker,CB,FA,2026-09-06T23:42:28.788368+00:00
00-0021927,,,4669,David Tyree,david tyree,WR,FA,2026-09-06T23:42:28.788368+00:00
00-0022067,,,4671,Yeremiah Bell,yeremiah bell,S,FA,2026-09-06T23:42:28.788368+00:00
00-0021902,,,4673,Johnny Rutledge,johnny rutledge,LB,ARI,2026-09-06T23:42:28.788368+00:00
00-0021940,6558,102,4680,Josh Brown,josh brown,PK,FA,2026-09-06T23:42:28.788368+00:00
00-0022034,,,4686,Mario Haggan,mario haggan,LB,FA,2026-09-06T23:42:28.788368+00:00
00-0022038,,,4697,Tully Banta-Cain,tully banta-cain,LB,FA,2026-09-06T23:42:28.788368+00:00
00-0021949,,,4703,Chris Johnson,chris johnson,CB,BAL,2026-09-06T23:42:28.788368+00:00
00-0022040,,,4709,Scott Shanle,scott shanle,LB,FA,2026-09-06T23:42:28.788368+00:00
00-0022041,,,4712,Richard Angulo,richard angulo,TE,FA,2026-09-06T23:42:28.788368+00:00
00-0021931,6591,72,4713,Kevin Walter,kevin walter,WR,FA,2026-09-06T23:42:28.788368+00:00
00-0021612,,,4800,Leigh Bodden,leigh bodden,CB,FA,2026-09-06T23:42:28.788368+00:00
00-0021484,,,4811,Gary Brackett,gary brackett,LB,FA,2026-09-06T23:42:28.788368+00:00
00-0021542,,,4854,Jacques Cesaire,jacques cesaire,DE,FA,2026-09-06T23:42:28.788368+00:00
00-0021544,,,4877,Stephen Cooper,stephen cooper,LB,FA,2026-09-06T23:42:28.788368+00:00
00-0021547,6663,322,5362,Antonio Gates,antonio gates,TE,FA,2026-09-06T23:42:28.788368+00:00
00-0021570,,670,5437,Kassim Osgood,kassim osgood,WR,FA,2026-09-06T23:42:28.788368+00:00
00-0021126,,,5348,Ken Amato,ken amato,LB,TEN,2026-09-06T23:42:28.788368+00:00
00-0021808,,,5321,Cameron Worrell,cameron worrell,S,CHI,2026-09-06T23:42:28.788368+00:00
00-0021678,6624,142,5209,Tony Romo,tony romo,QB,FA,2026-09-06T23:42:28.788368+00:00
00-0021503,,,4989,Roderick Hood,roderick hood,CB,FA,2026-09-06T23:42:28.788368+00:00
00-0021508,,,5412,Greg Lewis,greg lewis,WR,FA,2026-09-06T23:42:28.788368+00:00
00-0021512,,,5107,Quintin Mikell,quintin mikell,S,FA,2026-09-06T23:42:28.788368+00:00
00-0021645,,,5304,Tracy White,tracy white,LB,FA,2026-09-06T23:42:28.788368+00:00
00-0021577,6704,696,4864,Chris Clemons,chris clemons,DE,FA,2026-09-06T23:42:28.788368+00:00
00-0021756,,,4972,Will Heller,will heller,TE,FA,2026-09-06T23:42:28.788368+00:00
00-0021679,,,5451,Shaun Smith,shaun smith,DT,FA,2026-09-06T23:42:28.788368+00:00
00-0021607,,,5284,Mason Unck,mason unck,LB,CLE,2026-09-06T23:42:28.788368+00:00
00-0021490,,,5480,Tony Brown,tony brown,DT,FA,2026-09-06T23:42:28.788368+00:00
00-0021647,,,5286,Jerheme Urban,jerheme urban,WR,FA,2026-09-06T23:42:28.788368+00:00
00-0021706,7069,239,5009,Cullen Jenkins,cullen jenkins,DE,FA,2026-09-06T23:42:28.788368+00:00
00-0021604,,,4996,Israel Idonije,israel idonije,DE,FA,2026-09-06T23:42:28.788368+00:00
00-0021755,,,4950,Earnest Graham,earnest graham,RB,FA,2026-09-06T23:42:28.788368+00:00
00-0020082,,,3036,Chidi Iwuoma,chidi iwuoma,CB,PIT,2026-09-06T23:42:28.788368+00:00
00-0020608,5887,,3529,David Carr,david carr,QB,FA,2026-09-06T23:42:28.788368+00:00
00-0021140,5888,684,3530,Julius Peppers,julius peppers,DE,FA,2026-09-06T23:42:28.788368+00:00
00-0021381,,,3533,Quentin Jammer,quentin jammer,CB,FA,2026-09-06T23:42:28.788368+00:00
00-0021382,,,3534,Ryan Sims,ryan sims,DT,FA,2026-09-06T23:42:28.788368+00:00
00-0021143,,,3536,Roy Williams,roy williams,S,FA,2026-09-06T23:42:28.788368+00:00
00-0021144,,,3537,John Henderson,john henderson,DT,FA,2026-09-06T23:42:28.788368+00:00
00-0021146,5897,159,3539,Dwight Freeney,dwight freeney,DE,FA,2026-09-06T23:42:28.788368+00:00
00-0021147,,,3541,Donte' Stallworth,donte stallworth,WR,FA,2026-09-06T23:42:28.788368+00:00
00-0021148,5900,,3542,Jeremy Shockey,jeremy shockey,TE,FA,2026-09-06T23:42:28.788368+00:00
00-0021149,,,3543,Albert Haynesworth,albert haynesworth,DT,FA,2026-09-06T23:42:28.788368+00:00
00-0021151,,,3545,Phillip Buchanon,phillip buchanon,CB,FA,2026-09-06T23:42:28.788368+00:00
00-0021154,,,3549,Daniel Graham,daniel graham,TE,FA,2026-09-06T23:42:28.788368+00:00
00-0021081,,,3550,Bryan Thomas,bryan thomas,LB,FA,2026-09-06T23:42:28.788368+00:00
00-0021377,,,3552,Edward Reed,edward reed,S,FA,2026-09-06T23:42:28.788368+00:00
00-0021157,,,3554,Lito Sheppard,lito sheppard,CB,FA,2026-09-06T23:42:28.788368+00:00
00-0021159,,,3556,Jerramy Stevens,jerramy stevens,TE,FA,2026-09-06T23:42:28.788368+00:00
00-0021163,5919,,3561,Jabar Gaffney,jabar gaffney,WR,FA,2026-09-06T23:42:28.788368+00:00
00-0021175,28770,2601,3575,Andre' Davis,andre davis,WR,FA,2026-09-06T23:42:28.788368+00:00
00-0021179,,,3579,Clinton Portis,clinton portis,RB,FA,2026-09-06T23:42:28.788368+00:00
00-0021182,,,3582,Maurice Morris,maurice morris,RB,FA,2026-09-06T23:42:28.788368+00:00
00-0021184,,,3584,Ladell Betts,ladell betts,RB,FA,2026-09-06T23:42:28.788368+00:00
00-0021187,,,3585,Jon McGraw,jon mcgraw,S,FA,2026-09-06T23:42:28.788368+00:00
00-0021185,,,3586,Michael Lewis,michael lewis,S,FA,2026-09-06T23:42:28.788368+00:00
00-0021186,,,3587,Sheldon Brown,sheldon brown,CB,FA,2026-09-06T23:42:28.788368+00:00
00-0021189,,,3589,Ryan Denney,ryan denney,DE,FA,2026-09-06T23:42:28.788368+00:00
00-0021190,,226,3590,Antwaan Randle El,antwaan randle el,WR,FA,2026-09-06T23:42:28.788368+00:00
00-0021191,,,3591,Antonio Bryant,antonio bryant,WR,FA,2026-09-06T23:42:28.788368+00:00
00-0021083,,,3592,Travis Fisher,travis fisher,CB,FA,2026-09-06T23:42:28.788368+00:00
00-0021192,5951,,3593,Deion Branch,deion branch,WR,IND,2026-09-06T23:42:28.788368+00:00
00-0021194,,,3596,Andre' Goodman,andre goodman,CB,FA,2026-09-06T23:42:28.788368+00:00
00-0021197,,,3599,Ben Leber,ben leber,LB,FA,2026-09-06T23:42:28.788368+00:00
00-0021085,,,3601,Will Witherspoon,will witherspoon,LB,FA,2026-09-06T23:42:28.788368+00:00
00-0021206,5967,208,3609,Josh McCown,josh mccown,QB,FA,2026-09-06T23:42:28.788368+00:00
00-0021213,,,3616,Chris Baker,chris baker,TE,FA,2026-09-06T23:42:28.788368+00:00
00-0021214,,,3617,Akinola Ayodele,akinola ayodele,LB,FA,2026-09-06T23:42:28.788368+00:00
00-0021216,,,3619,Brian Westbrook,brian westbrook,RB,FA,2026-09-06T23:42:28.788368+00:00
00-0021219,,,3622,Chris Hope,chris hope,S,FA,2026-09-06T23:42:28.788368+00:00
00-0021222,,,3625,Coy Wire,coy wire,LB,FA,2026-09-06T23:42:28.788368+00:00
00-0021224,,,3628,Dante Wesley,dante wesley,S,FA,2026-09-06T23:42:28.788368+00:00
00-0021225,,,3629,Kevin Bentley,kevin bentley,LB,FA,2026-09-06T23:42:28.788368+00:00
00-0021227,,,3631,Justin Peelle,justin peelle,TE,FA,2026-09-06T23:42:28.788368+00:00
00-0021228,,,3632,Alex Brown,alex brown,DE,FA,2026-09-06T23:42:28.788368+00:00
00-0021229,,,3633,Brian Williams,brian williams,CB,FA,2026-09-06T23:42:28.788368+00:00
00-0021230,,,3634,David Thornton,david thornton,LB,FA,2026-09-06T23:42:28.788368+00:00
00-0021231,5994,41,3636,David Garrard,david garrard,QB,NYJ,2026-09-06T23:42:28.788368+00:00
00-0021235,5998,158,3640,Dave Zastudil,dave zastudil,PN,FA,2026-09-06T23:42:28.788368+00:00
00-0021236,6000,,3642,Randy McMichael,randy mcmichael,TE,FA,2026-09-06T23:42:28.788368+00:00
00-0021244,,,3654,Jarvis Green,jarvis green,DE,HOU,2026-09-06T23:42:28.788368+00:00
00-0021246,,,3656,Larry Foote,larry foote,LB,FA,2026-09-06T23:42:28.788368+00:00
00-0021255,,,3666,John Owens,john owens,TE,FA,2026-09-06T23:42:28.788368+00:00
00-0021092,,,3667,Justin Bannan,justin bannan,DT,FA,2026-09-06T23:42:28.788368+00:00
00-0021257,,,3669,Andra Davis,andra davis,LB,FA,2026-09-06T23:42:28.788368+00:00
00-0021259,,,3671,Scott Fujita,scott fujita,LB,FA,2026-09-06T23:42:28.788368+00:00
00-0021261,,,3674,Rocky Bernard,rocky bernard,DT,FA,2026-09-06T23:42:28.788368+00:00
00-0021262,,,3675,Kenyon Coleman,kenyon coleman,DE,FA,2026-09-06T23:42:28.788368+00:00
00-0021265,,,3680,Nick Greisen,nick greisen,LB,DEN,2026-09-06T23:42:28.788368+00:00
00-0021269,,,3684,Aaron Kampman,aaron kampman,DE,FA,2026-09-06T23:42:28.788368+00:00
00-0021270,,,3685,Jermaine Phillips,jermaine phillips,S,FA,2026-09-06T23:42:28.788368+00:00
00-0021273,,,3688,Robert Royal,robert royal,TE,FA,2026-09-06T23:42:28.788368+00:00
00-0021286,,,3694,Demarcus Faggins,demarcus faggins,CB,FA,2026-09-06T23:42:28.788368+00:00
00-0021096,,,3724,Marquand Manuel,marquand manuel,S,FA,2026-09-06T23:42:28.788368+00:00
00-0021296,,,3745,J.T. O'Sullivan,jt osullivan,QB,FA,2026-09-06T23:42:28.788368+00:00
00-0021099,,,3767,Howard Green,howard green,DT,FA,2026-09-06T23:42:28.788368+00:00
00-0021304,,,3773,John Gilmore,john gilmore,TE,FA,2026-09-06T23:42:28.788368+00:00
00-0021306,,,3776,Adrian Peterson,adrian peterson,XX,FA,2026-09-06T23:42:28.788368+00:00
00-0021314,,,3784,Chester Taylor,chester taylor,RB,FA,2026-09-06T23:42:28.788368+00:00
00-0021332,,,3726,Stylez White,stylez white,DE,FA,2026-09-06T23:42:28.788368+00:00
00-0021340,,,3738,Raheem Brock,raheem brock,DE,FA,2026-09-06T23:42:28.788368+00:00
00-0021344,,,3743,Brett Keisel,brett keisel,DE,FA,2026-09-06T23:42:28.788368+00:00
00-0021345,,,3744,Chris Massey,chris massey,RB,FA,2026-09-06T23:42:28.788368+00:00
00-0021348,,,3751,St. Louis Rams,st louis rams,DT,STL,2026-09-06T23:42:28.788368+00:00
00-0028328,,,14494,Matt Murphy,matt murphy,TE,DEN,2026-09-06T23:42:28.788368+00:00
00-0021357,,,3761,Rock Cartwright,rock cartwright,RB,FA*,2026-09-06T23:42:28.788368+00:00
00-0020972,,500,4245,Billy Cundiff,billy cundiff,PK,FA,2026-09-06T23:42:28.788368+00:00
00-0020578,6243,127,4333,Matt Bryant,matt bryant,PK,FA,2026-09-06T23:42:28.788368+00:00
00-0020867,,,4254,Ma'ake Kemoeatu,maake kemoeatu,DT,FA,2026-09-06T23:42:28.788368+00:00
00-0021204,,,3607,Rashad Bauman,rashad bauman,CB,CIN,2026-09-06T23:42:28.788368+00:00
00-0020747,,,4328,Ryan Nece,ryan nece,LB,DET,2026-09-06T23:42:28.788368+00:00
00-0020840,,,4301,Ryan Clark,ryan clark,S,FA,2026-09-06T23:42:28.788368+00:00
00-0020873,,,4256,Bart Scott,bart scott,LB,FA,2026-09-06T23:42:28.788368+00:00
00-0020737,,,4399,Jeff Reed,jeff reed,PK,FA*,2026-09-06T23:42:28.788368+00:00
00-0020712,6314,48,4433,James Harrison,james harrison,LB,FA,2026-09-06T23:42:28.788368+00:00
00-0023429,,,9268,Rashied Davis,rashied davis,WR,FA,2026-09-06T23:42:28.788368+00:00
00-0020804,,,4140,Corey McIntyre,corey mcintyre,RB,FA,2026-09-06T23:42:28.788368+00:00
00-0019921,,,2845,Jason Baker,jason baker,PN,FA,2026-09-06T23:42:28.788368+00:00
00-0020245,5448,461,2549,Michael Vick,michael vick,QB,FA,2026-09-06T23:42:28.788368+00:00
00-0020524,,,2551,Gerard Warren,gerard warren,DT,FA,2026-09-06T23:42:28.788368+00:00
00-0020535,5451,305,2552,Justin Smith,justin smith,DE,FA,2026-09-06T23:42:28.788368+00:00
00-0020536,,,2553,LaDainian Tomlinson,ladainian tomlinson,RB,FA,2026-09-06T23:42:28.788368+00:00
00-0020442,,,2554,Richard Seymour,richard seymour,DT,FA,2026-09-06T23:42:28.788368+00:00
00-0020489,,,2555,Andre Carter,andre carter,DE,FA,2026-09-06T23:42:28.788368+00:00
00-0020491,,,2560,Damione Lewis,damione lewis,DE,FA,2026-09-06T23:42:28.788368+00:00
00-0020492,,,2561,Marcus Stroud,marcus stroud,DE,FA,2026-09-06T23:42:28.788368+00:00
00-0020494,5463,69,2564,Santana Moss,santana moss,WR,FA,2026-09-06T23:42:28.788368+00:00
00-0020466,,,2565,Jon Kitna,jon kitna,QB,CIN,2026-09-06T23:42:28.788368+00:00
00-0020426,,,2567,Casey Hampton,casey hampton,DT,FA,2026-09-06T23:42:28.788368+00:00
00-0020495,,,2569,Nate Clements,nate clements,CB,FA,2026-09-06T23:42:28.788368+00:00
00-0020467,,,2570,Will Allen,will allen,CB,FA,2026-09-06T23:42:28.788368+00:00
00-0020514,,,2575,Michael Bennett,michael bennett,RB,FA,2026-09-06T23:42:28.788368+00:00
00-0020515,,,2577,Ryan Pickett,ryan pickett,DT,FA,2026-09-06T23:42:28.788368+00:00
00-0020498,5477,194,2578,Reggie Wayne,reggie wayne,WR,FA,2026-09-06T23:42:28.788368+00:00
00-0020516,5478,,2579,Todd Heap,todd heap,TE,FA,2026-09-06T23:42:28.788368+00:00
00-0020531,5479,289,2580,Drew Brees,drew brees,QB,FA,2026-09-06T23:42:28.788368+00:00
00-0020382,,,2582,Kyle Vanden Bosch,kyle vanden bosch,DE,FA,2026-09-06T23:42:28.788368+00:00
00-0020285,,,2583,Alge Crumpler,alge crumpler,TE,FA,2026-09-06T23:42:28.788368+00:00
00-0020397,5483,,2584,Chad Johnson,chad johnson,WR,FA,2026-09-06T23:42:28.788368+00:00
00-0020499,,,2588,Ken Lucas,ken lucas,CB,FA,2026-09-06T23:42:28.788368+00:00
00-0020380,,,2592,Kris Jenkins,kris jenkins,DT,FA,2026-09-06T23:42:28.788368+00:00
00-0020469,,,2594,Aaron Schobel,aaron schobel,LB,FA,2026-09-06T23:42:28.788368+00:00
00-0020470,,,2595,Jamie Winborn,jamie winborn,LB,TEN,2026-09-06T23:42:28.788368+00:00
00-0020445,,,2598,Brian Kozlowski,brian kozlowski,TE,ATL,2026-09-06T23:42:28.788368+00:00
00-0020446,,,2600,Chris Chambers,chris chambers,WR,FA,2026-09-06T23:42:28.788368+00:00
00-0020528,,,2609,Shaun Rogers,shaun rogers,DT,FA,2026-09-06T23:42:28.788368+00:00
00-0020504,,,2611,Derrick Burgess,derrick burgess,LB,FA,2026-09-06T23:42:28.788368+00:00
00-0020505,,,2612,Adrian Wilson,adrian wilson,S,FA,2026-09-06T23:42:28.788368+00:00
00-0020337,5521,169,2622,Steve Smith,steve smith,WR,FA,2026-09-06T23:42:28.788368+00:00
00-0020286,,,2624,Ron Edwards,ron edwards,DT,FA,2026-09-06T23:42:28.788368+00:00
00-0020384,,,2626,William James,william james,CB,FA,2026-09-06T23:42:28.788368+00:00
00-0020507,,,2630,Heath Evans,heath evans,RB,FA,2026-09-06T23:42:28.788368+00:00
00-0020475,,,2636,Reggie Hayward,reggie hayward,DE,FA,2026-09-06T23:42:28.788368+00:00
00-0020329,,,2646,Anthony Henry,anthony henry,CB,FA,2026-09-06T23:42:28.788368+00:00
00-0020478,,,2656,Monty Beisel,monty beisel,LB,FA,2026-09-06T23:42:28.788368+00:00
00-0020480,,,2658,Sage Rosenfels,sage rosenfels,QB,FA,2026-09-06T23:42:28.788368+00:00
00-0020508,,,2664,Moran Norris,moran norris,RB,FA,2026-09-06T23:42:28.788368+00:00
00-0020267,,,2669,Nick Harris,nick harris,PN,FA,2026-09-06T23:42:28.788368+00:00
00-0020270,,,2670,Correll Buckhalter,correll buckhalter,RB,FA,2026-09-06T23:42:28.788368+00:00
00-0020342,,,2678,Brandon Manumaleuna,brandon manumaleuna,TE,FA,2026-09-06T23:42:28.788368+00:00
00-0020268,,,2696,Tony Stewart,tony stewart,TE,FA,2026-09-06T23:42:28.788368+00:00
00-0020305,,,2704,A.J. Feeley,aj feeley,QB,FA,2026-09-06T23:42:28.788368+00:00
00-0020451,,,2706,Patrick Chukwurah,patrick chukwurah,DE,TBB,2026-09-06T23:42:28.788368+00:00
00-0020392,,,2732,Ellis Wyms,ellis wyms,DE,MIN,2026-09-06T23:42:28.788368+00:00
00-0020422,,,2733,Chris Cooper,chris cooper,DT,SEA,2026-09-06T23:42:28.788368+00:00
00-0020256,,,2739,Kevin Kasper,kevin kasper,WR,FA,2026-09-06T23:42:28.788368+00:00
00-0020332,,,2747,David Martin,david martin,TE,FA,2026-09-06T23:42:28.788368+00:00
00-0020301,,,2751,Renaldo Hill,renaldo hill,S,FA,2026-09-06T23:42:28.788368+00:00
00-0020438,,,2753,T.J. Houshmandzadeh,tj houshmandzadeh,WR,FA,2026-09-06T23:42:28.788368+00:00
00-0019778,,,3413,Lawrence Tynes,lawrence tynes,PK,FA,2026-09-06T23:42:28.788368+00:00
00-0020184,,,2883,Lance Legree,lance legree,DT,SFO,2026-09-06T23:42:28.788368+00:00
00-0020055,,,2810,Demetric Evans,demetric evans,DE,FA,2026-09-06T23:42:28.788368+00:00
00-0019986,,,2821,Juqua Parker,juqua parker,DE,FA,2026-09-06T23:42:28.788368+00:00
00-0020107,,,3495,Nick Sorensen,nick sorensen,S,FA,2026-09-06T23:42:28.788368+00:00
00-0020139,,,5254,Josh Stamer,josh stamer,LB,BUF,2026-09-06T23:42:28.788368+00:00
00-0019940,,,2899,Chris Hoke,chris hoke,DT,FA,2026-09-06T23:42:28.788368+00:00
00-0020962,,,9235,Rob Bironas,rob bironas,XX,FA,2026-09-06T23:42:28.788368+00:00
00-0019387,5331,,2432,James Hall,james hall,DE,FA,2026-09-06T23:42:28.788368+00:00
00-0019435,5381,477,2482,Mike Leach,mike leach,TE,ARI,2026-09-06T23:42:28.788368+00:00
00-0019127,,,2402,Todd Yoder,todd yoder,TE,WAS,2026-09-06T23:42:28.788368+00:00
00-0019041,,,2440,Billy Volek,billy volek,QB,FA,2026-09-06T23:42:28.788368+00:00
00-0019641,,,2138,Thomas Jones,thomas jones,RB,FA,2026-09-06T23:42:28.788368+00:00
00-0019642,5037,,2139,Plaxico Burress,plaxico burress,WR,FA,2026-09-06T23:42:28.788368+00:00
00-0019456,,,2140,Brian Urlacher,brian urlacher,LB,FA,2026-09-06T23:42:28.788368+00:00
00-0019545,,,2143,Shaun Ellis,shaun ellis,DE,FA,2026-09-06T23:42:28.788368+00:00
00-0019546,,,2144,John Abraham,john abraham,LB,FA,2026-09-06T23:42:28.788368+00:00
00-0019695,,,2147,Julian Peterson,julian peterson,LB,FA,2026-09-06T23:42:28.788368+00:00
00-0019646,5046,118,2148,Sebastian Janikowski,sebastian janikowski,PK,FA,2026-09-06T23:42:28.788368+00:00
00-0019559,,,2149,Chad Pennington,chad pennington,QB,FA,2026-09-06T23:42:28.788368+00:00
00-0019696,,,2156,Chris Hovan,chris hovan,DT,STL,2026-09-06T23:42:28.788368+00:00
00-0019457,,,2158,Anthony Becht,anthony becht,TE,FA,2026-09-06T23:42:28.788368+00:00
00-0019648,,,2161,Keith Bulluck,keith bulluck,LB,FA,2026-09-06T23:42:28.788368+00:00
00-0019650,,,2163,Dennis Northcutt,dennis northcutt,WR,FA,2026-09-06T23:42:28.788368+00:00
00-0019654,,,2183,Ike Charlton,ike charlton,CB,FA,2026-09-06T23:42:28.788368+00:00
00-0019655,,,2185,William Bartee,william bartee,S,KCC,2026-09-06T23:42:28.788368+00:00
00-0019706,,,2186,Fred Robbins,fred robbins,DT,FA,2026-09-06T23:42:28.788368+00:00
00-0019560,,,2188,Deon Grant,deon grant,S,FA,2026-09-06T23:42:28.788368+00:00
00-0019630,,,2203,Kendrick Clancy,kendrick clancy,DT,FA,2026-09-06T23:42:28.788368+00:00
00-0019709,5104,,2206,Chris Redman,chris redman,QB,FA,2026-09-06T23:42:28.788368+00:00
00-0019467,,,2229,Na'il Diggs,nail diggs,LB,FA,2026-09-06T23:42:28.788368+00:00
00-0019470,,,2238,Junior Ioane,junior ioane,DT,NYG,2026-09-06T23:42:28.788368+00:00
00-0019538,,,2268,Clark Haggans,clark haggans,LB,FA,2026-09-06T23:42:28.788368+00:00
00-0019714,5171,307,2273,Shane Lechler,shane lechler,PN,FA,2026-09-06T23:42:28.788368+00:00
00-0019484,,,2287,Sammy Morris,sammy morris,RB,FA,2026-09-06T23:42:28.788368+00:00
00-0019599,,,2299,Marc Bulger,marc bulger,QB,FA,2026-09-06T23:42:28.788368+00:00
00-0019676,,,2300,Neil Rackers,neil rackers,PK,FA*,2026-09-06T23:42:28.788368+00:00
00-0019635,,,2308,Dhani Jones,dhani jones,LB,FA,2026-09-06T23:42:28.788368+00:00
00-0019573,,,2328,Robaire Smith,robaire smith,DE,CLE,2026-09-06T23:42:28.788368+00:00
00-0019596,5228,167,2330,Tom Brady,tom brady,QB,FA,2026-09-06T23:42:28.788368+00:00
00-0019548,,,2361,Brian Jennings,brian jennings,TE,FA,2026-09-06T23:42:28.788368+00:00
00-0019506,,,2376,Danny Clark,danny clark,LB,FA,2026-09-06T23:42:28.788368+00:00
00-0019626,,,2384,Alfonso Boone,alfonso boone,DE,FA,2026-09-06T23:42:28.788368+00:00
00-0019310,,,2489,Rian Lindell,rian lindell,PK,FA,2026-09-06T23:42:28.788368+00:00
00-0019188,,,2442,Justin Snow,justin snow,TE,IND,2026-09-06T23:42:28.788368+00:00
00-0019246,,,2868,Adewale Ogunleye,adewale ogunleye,DE,FA,2026-09-06T23:42:28.788368+00:00
00-0019213,,,2418,Lonie Paxton,lonie paxton,LB,DEN,2026-09-06T23:42:28.788368+00:00
00-0019104,,,4243,Paris Lenon,paris lenon,LB,FA,2026-09-06T23:42:28.788368+00:00
00-0019281,,,4939,Mike Furrey,mike furrey,WR,WAS,2026-09-06T23:42:28.788368+00:00
00-0011022,,,1753,Donovan McNabb,donovan mcnabb,QB,FA,2026-09-06T23:42:28.788368+00:00
00-0017915,,,1756,Ricky Williams,ricky williams,RB,FA,2026-09-06T23:42:28.788368+00:00
00-0007681,,,1757,Torry Holt,torry holt,WR,FA,2026-09-06T23:42:28.788368+00:00
00-0000585,,,1758,Champ Bailey,champ bailey,CB,FA,2026-09-06T23:42:28.788368+00:00
00-0018093,,,1775,Antoine Winfield,antoine winfield,CB,FA,2026-09-06T23:42:28.788368+00:00
00-0012871,4685,,1788,Mike Peterson,mike peterson,LB,FA,2026-09-06T23:42:28.788368+00:00
00-0009119,,,1794,Reginald Kelly,reginald kelly,TE,FA,2026-09-06T23:42:28.788368+00:00
00-0009323,,,1796,Jim Kleinsasser,jim kleinsasser,TE,FA,2026-09-06T23:42:28.788368+00:00
00-0005091,,,1798,Kevin Faulk,kevin faulk,RB,FA,2026-09-06T23:42:28.788368+00:00
00-0004242,,,1823,Jared Devries,jared devries,DE,DET,2026-09-06T23:42:28.788368+00:00
00-0013126,4723,693,1826,Joey Porter,joey porter,LB,FA,2026-09-06T23:42:28.788368+00:00
00-0015725,,,1828,Gary Stills,gary stills,LB,STL,2026-09-06T23:42:28.788368+00:00
00-0002565,,,1832,Daniel Campbell,daniel campbell,TE,FA,2026-09-06T23:42:28.788368+00:00
00-0015754,4755,,1858,Brandon Stokley,brandon stokley,WR,FA,2026-09-06T23:42:28.788368+00:00
00-0015080,4759,,1862,Aaron Smith,aaron smith,DE,FA,2026-09-06T23:42:28.788368+00:00
00-0013255,,,1863,Pierson Prioleau,pierson prioleau,S,FA,2026-09-06T23:42:28.788368+00:00
00-0012059,,,1872,Keith Newman,keith newman,LB,MIA,2026-09-06T23:42:28.788368+00:00
00-0001231,,,1886,Josh Bidwell,josh bidwell,PN,FA,2026-09-06T23:42:28.788368+00:00
00-0000846,,,1899,Eric Barton,eric barton,LB,FA,2026-09-06T23:42:28.788368+00:00
00-0001563,,,1911,David Bowens,david bowens,LB,FA,2026-09-06T23:42:28.788368+00:00
00-0006398,4823,,1926,Kelly Gregg,kelly gregg,DT,FA,2026-09-06T23:42:28.788368+00:00
00-0003035,,,1932,Desmond Clark,desmond clark,TE,FA,2026-09-06T23:42:28.788368+00:00
00-0004541,4863,,1966,Donald Driver,donald driver,WR,FA,2026-09-06T23:42:28.788368+00:00
00-0011236,,,1971,Billy Miller,billy miller,TE,FA,2026-09-06T23:42:28.788368+00:00
00-0001980,,,1981,Kris Brown,kris brown,PK,FA*,2026-09-06T23:42:28.788368+00:00
00-0011641,,,1994,Sean Morey,sean morey,WR,FA,2026-09-06T23:42:28.788368+00:00
00-0019770,,692,2548,Jay Feely,jay feely,PK,FA,2026-09-06T23:42:28.788368+00:00
00-0011626,,,2797,Brian Moorman,brian moorman,PN,FA,2026-09-06T23:42:28.788368+00:00
00-0018486,,,2028,Joe Zelenka,joe zelenka,TE,FA,2026-09-06T23:42:28.788368+00:00
00-0000551,,,4777,Brendon Ayanbadejo,brendon ayanbadejo,LB,FA,2026-09-06T23:42:28.788368+00:00
00-0010346,4256,294,1428,Peyton Manning,peyton manning,QB,FA,2026-09-06T23:42:28.788368+00:00
00-0018227,4271,100,1442,Charles Woodson,charles woodson,S,FA,2026-09-06T23:42:28.788368+00:00
00-0016098,,,1430,Fred Taylor,fred taylor,RB,FA,2026-09-06T23:42:28.788368+00:00
00-0001820,4277,,1448,Keith Brooking,keith brooking,LB,FA,2026-09-06T23:42:28.788368+00:00
00-0015474,4278,,1449,Takeo Spikes,takeo spikes,LB,FA,2026-09-06T23:42:28.788368+00:00
00-0007611,4282,,1453,Vonnie Holliday,vonnie holliday,DE,FA,2026-09-06T23:42:28.788368+00:00
00-0011754,4262,,1433,Randy Moss,randy moss,WR,FA,2026-09-06T23:42:28.788368+00:00
00-0011053,,,1461,R.W. McQuarters,rw mcquarters,S,NYG,2026-09-06T23:42:28.788368+00:00
00-0000865,4319,,1490,Charlie Batch,charlie batch,QB,PIT,2026-09-06T23:42:28.788368+00:00
00-0009978,,,1621,Leonard Little,leonard little,DE,FA,2026-09-06T23:42:28.788368+00:00
00-0006305,,,1432,Ahman Green,ahman green,RB,FA,2026-09-06T23:42:28.788368+00:00
00-0017162,,,1494,Hines Ward,hines ward,WR,FA,2026-09-06T23:42:28.788368+00:00
00-0016577,,,1515,Deshea Townsend,deshea townsend,CB,FA,2026-09-06T23:42:28.788368+00:00
00-0004505,,,1547,Chris Draft,chris draft,LB,FA,2026-09-06T23:42:28.788368+00:00
00-0007091,4416,36,1575,Matt Hasselbeck,matt hasselbeck,QB,FA,2026-09-06T23:42:28.788368+00:00
00-0004091,4269,229,1440,Phil Dawson,phil dawson,PK,FA,2026-09-06T23:42:28.788368+00:00
00-0017813,,,1643,Jamal Williams,jamal williams,DT,FA,2026-09-06T23:42:28.788368+00:00
00-0005322,4539,,1680,London Fletcher,london fletcher,LB,FA,2026-09-06T23:42:28.788368+00:00
00-0014655,,,1686,Mike Sellers,mike sellers,RB,FA,2026-09-06T23:42:28.788368+00:00
00-0000108,,,1716,David Akers,david akers,PK,FA,2026-09-06T23:42:28.788368+00:00
00-0005231,,,2048,Brian Finneran,brian finneran,WR,FA,2026-09-06T23:42:28.788368+00:00
00-0015468,,,2075,Paul Spicer,paul spicer,DE,NOS,2026-09-06T23:42:28.788368+00:00
00-0005082,3938,,1219,James Farrior,james farrior,LB,FA,2026-09-06T23:42:28.788368+00:00
00-0006101,3950,,1231,Tony Gonzalez,tony gonzalez,TE,FA,2026-09-06T23:42:28.788368+00:00
00-0013282,,,1198,Trevor Pryce,trevor pryce,DE,FA,2026-09-06T23:42:28.788368+00:00
00-0014724,,,1203,Darren Sharper,darren sharper,S,FA,2026-09-06T23:42:28.788368+00:00
00-0000741,,,1260,Ronde Barber,ronde barber,S,FA,2026-09-06T23:42:28.788368+00:00
00-0016112,,,1245,Jason Taylor,jason taylor,LB,FA,2026-09-06T23:42:28.788368+00:00
00-0016960,,392,1257,Mike Vrabel,mike vrabel,LB,FA,2026-09-06T23:42:28.788368+00:00
00-0010500,,,1263,Derrick Mason,derrick mason,WR,FA,2026-09-06T23:42:28.788368+00:00
00-0006915,,,1729,Al Harris,al harris,CB,FA,2026-09-06T23:42:28.788368+00:00
00-0015781,,,1287,Omar Stoutmire,omar stoutmire,S,WAS,2026-09-06T23:42:28.788368+00:00
00-0005150,,,1294,Jason Ferguson,jason ferguson,DT,FA,2026-09-06T23:42:28.788368+00:00
00-0010373,,,1170,Olindo Mare,olindo mare,PK,FA,2026-09-06T23:42:28.788368+00:00
00-0010072,,,1328,Ryan Longwell,ryan longwell,PK,FA,2026-09-06T23:42:28.788368+00:00
00-0010609,,,1252,Brad Maynard,brad maynard,PN,FA,2026-09-06T23:42:28.788368+00:00
00-0013845,,,1349,Bryan Robinson,bryan robinson,DT,FA,2026-09-06T23:42:28.788368+00:00
00-0009311,,404,1383,Jon Kitna,jon kitna,QB,DAL,2026-09-06T23:42:28.788368+00:00
00-0012642,,,1393,David Patten,david patten,WR,FA,2026-09-06T23:42:28.788368+00:00
00-0017899,,,1356,Pat Williams,pat williams,DT,FA,2026-09-06T23:42:28.788368+00:00
00-0001545,,,1417,Todd Bouman,todd bouman,QB,FA,2026-09-06T23:42:28.788368+00:00
00-0004161,,,1693,Jake Delhomme,jake delhomme,QB,FA,2026-09-06T23:42:28.788368+00:00
00-0009889,3542,4901,964,Ray Lewis,ray lewis,LB,FA,2026-09-06T23:42:28.788368+00:00
00-0011326,,,988,Lawyer Milloy,lawyer milloy,S,FA,2026-09-06T23:42:28.788368+00:00
00-0011795,,,936,Muhsin Muhammad,muhsin muhammad,WR,FA,2026-09-06T23:42:28.788368+00:00
00-0004073,,,978,Brian Dawkins,brian dawkins,S,FA,2026-09-06T23:42:28.788368+00:00
00-0012478,,,1056,Terrell Owens,terrell owens,WR,FA,2026-09-06T23:42:28.788368+00:00
00-0003874,,,1033,Philip Daniels,philip daniels,DE,FA,2026-09-06T23:42:28.788368+00:00
00-0014116,,,1079,Orpheus Roye,orpheus roye,DE,PIT,2026-09-06T23:42:28.788368+00:00
00-0031821,29004,3014,2577503,Marshall Faulk,marshall faulk,RB,STL,2026-09-06T23:42:28.788368+00:00
00-0011970,,,982,Joe Nedney,joe nedney,PK,FA,2026-09-06T23:42:28.788368+00:00
00-0016919,3727,120,1097,Adam Vinatieri,adam vinatieri,PK,FA,2026-09-06T23:42:28.788368+00:00
00-0003292,,,734,Kerry Collins,kerry collins,QB,FA,2026-09-06T23:42:28.788368+00:00
00-0003315,,,735,Todd Collins,todd collins,QB,FA,2026-09-06T23:42:28.788368+00:00
00-0005720,,,751,Joey Galloway,joey galloway,WR,FA,2026-09-06T23:42:28.788368+00:00
00-0005263,,,898,Jason Fisk,jason fisk,DT,STL,2026-09-06T23:42:28.788368+00:00
00-0009530,,,903,Jason Kyle,jason kyle,LB,CAR,2026-09-06T23:42:28.788368+00:00
00-0002099,,,658,Isaac Bruce,isaac bruce,WR,FA,2026-09-06T23:42:28.788368+00:00
00-0013694,,,901,Tony Richardson,tony richardson,RB,FA,2026-09-06T23:42:28.788368+00:00
00-0001255,,,719,David Binn,david binn,C,SDC,2026-09-06T23:42:28.788368+00:00
00-0002110,,,445,Mark Brunell,mark brunell,QB,FA,2026-09-06T23:42:28.788368+00:00
00-0013872,,,456,Jeff Robinson,jeff robinson,TE,FA,2026-09-06T23:42:28.788368+00:00
00-0016689,,,838,Matt Turk,matt turk,PN,FA,2026-09-06T23:42:28.788368+00:00
00-0006800,,,286,Jason Hanson,jason hanson,PK,FA,2026-09-06T23:42:28.788368+00:00
00-0027863,23986,634,13253,Anthony Davis,anthony davis,LB,BAL,2026-09-06T23:42:28.788368+00:00
00-0005106,,462,112,Brett Favre,brett favre,QB,FA,2026-09-06T23:42:28.788368+00:00
00-0009028,,,139,John Kasay,john kasay,PK,FA,2026-09-06T23:42:28.788368+00:00
00-0008884,28860,2639,2511102,Glenn Cadrez,glenn cadrez,LB,DEN,2026-09-06T23:42:28.788368+00:00
00-0024645,,,10708,Onrea Jones,onrea jones,WR,FA,2026-09-06T23:42:28.788368+00:00
00-0027188,,,13188,Chad Hall,chad hall,WR,FA,2026-09-06T23:42:28.788368+00:00
00-0028830,25685,1753,14856,Isaako Aaitui,isaako aaitui,DT,FA,2026-09-06T23:42:28.788368+00:00
00-0027313,,,13786,Brian Jackson,brian jackson,S,FA,2026-09-06T23:42:28.788368+00:00
00-0027597,,,13670,Kion Wilson,kion wilson,LB,FA,2026-09-06T23:42:28.788368+00:00
00-0027566,,,13859,Isaiah Greenhouse,isaiah greenhouse,LB,HOU,2026-09-06T23:42:28.788368+00:00
00-0026804,,,12551,Ryan Purvis,ryan purvis,TE,FA,2026-09-06T23:42:28.788368+00:00
00-0025819,,,11233,Richmond McGee,richmond mcgee,PN,FA,2026-09-06T23:42:28.788368+00:00
00-0027170,9758,751,13165,Josh Mauga,josh mauga,LB,FA,2026-09-06T23:42:28.788368+00:00
00-0026648,,,12967,Emanuel Cook,emanuel cook,S,NYJ,2026-09-06T23:42:28.788368+00:00
00-0027245,24336,774,13766,Vincent Rey,vincent rey,LB,FA,2026-09-06T23:42:28.788368+00:00
00-0027431,,,13836,Kellen Heard,kellen heard,DT,BUF,2026-09-06T23:42:28.788368+00:00
00-0027915,,,13947,Isaiah Trufant,isaiah trufant,CB,NYJ,2026-09-06T23:42:28.788368+00:00
00-0028251,,,14506,Jeff Tarpinian,jeff tarpinian,LB,FA,2026-09-06T23:42:28.788368+00:00
00-0026709,,,12889,Mortty Ivy,mortty ivy,LB,PIT,2026-09-06T23:42:28.788368+00:00
00-0028287,,,14584,Chavis Williams,chavis williams,LB,FA,2026-09-06T23:42:28.788368+00:00
00-0028555,,,14693,Stephen Franklin,stephen franklin,LB,JAC,2026-09-06T23:42:28.788368+00:00
00-0026655,,,12546,Rob Myers,rob myers,TE,WAS,2026-09-06T23:42:28.788368+00:00
00-0028286,,,14556,Josh Victorian,josh victorian,CB,PIT,2026-09-06T23:42:28.788368+00:00
00-0028722,25204,1320,14282,Ricky Lumpkin,ricky lumpkin,DT,IND,2026-09-06T23:42:28.788368+00:00
00-0028374,25291,1301,14426,Kyle Nelson,kyle nelson,TE,FA,2026-09-06T23:42:28.788368+00:00
00-0029067,,,15301,Chase Baker,chase baker,DT,FA,2026-09-06T23:42:28.788368+00:00
00-0030317,26922,1623,16054,Marcus Cromartie,marcus cromartie,S,FA,2026-09-06T23:42:28.788368+00:00
00-0030921,27853,2051,17024,Tenny Palepoi,tenny palepoi,DT,FA,2026-09-06T23:42:28.788368+00:00
00-0030410,27425,1741,16591,Jordan Gay,jordan gay,PK,FA,2026-09-06T23:42:28.788368+00:00
00-0030258,27100,1717,16441,Casey Walker,casey walker,DT,DAL,2026-09-06T23:42:28.788368+00:00
00-0031103,27870,1981,17128,Deandre Coleman,deandre coleman,DT,FA,2026-09-06T23:42:28.788368+00:00
00-0029876,27011,1606,16219,Jumal Rolle,jumal rolle,CB,BAL,2026-09-06T23:42:28.788368+00:00
00-0031116,27848,2047,16989,Greg Ducre,greg ducre,CB,SDC,2026-09-06T23:42:28.788368+00:00
00-0029891,27218,1692,16362,Lowell Rose,lowell rose,CB,MIA,2026-09-06T23:42:28.788368+00:00
00-0030695,27981,1871,17182,Tramain Jacobs,tramain jacobs,CB,BAL,2026-09-06T23:42:28.788368+00:00
00-0029844,27158,1400,16328,Justin Staples,justin staples,LB,TEN,2026-09-06T23:42:28.788368+00:00
00-0031140,28192,1948,17392,Anthony Denham,anthony denham,TE,FA,2026-09-06T23:42:28.788368+00:00
00-0030746,28076,2177,17256,Jerome Smith,jerome smith,RB,FA,2026-09-06T23:42:28.788368+00:00
00-0030813,,,17274,Lawrence Virgil,lawrence virgil,DE,NOS,2026-09-06T23:42:28.788368+00:00
00-0030933,27898,2154,17058,Rakim Cox,rakim cox,DE,FA,2026-09-06T23:42:28.788368+00:00
00-0031680,28830,2623,2574553,Robenson Therezie,robenson therezie,S,CIN,2026-09-06T23:42:28.788368+00:00
00-0031542,28863,2644,2575025,Terrance Plummer,terrance plummer,LB,FA,2026-09-06T23:42:28.788368+00:00
00-0030856,27918,1978,17048,Tony Washington,tony washington,WR,JAC,2026-09-06T23:42:28.788368+00:00
00-0031886,28966,2718,2510865,Tevin McDonald,tevin mcdonald,S,OAK,2026-09-06T23:42:28.788368+00:00
00-0031847,28788,2833,2576461,Josh Keyes,josh keyes,LB,HOU,2026-09-06T23:42:28.788368+00:00
00-0030699,27985,1876,17224,Deji Olatoye,deji olatoye,S,ATL,2026-09-06T23:42:28.788368+00:00
00-0031861,28938,2865,3124451,Julian Howsare,julian howsare,RB,NYJ,2026-09-06T23:42:28.788368+00:00
00-0032932,29963,3842,2566643,Ryan O'Malley,ryan omalley,TE,OAK,2026-09-06T23:42:28.788368+00:00
00-0038149,34719,8931,4259976,Josh Ali,josh ali,WR,FA,2026-09-06T23:42:28.788368+00:00
00-0036539,,7909,4047860,Nolan Cooney,nolan cooney,PN,FA,2026-09-06T23:42:28.788368+00:00
00-0039944,,12436,4685984,Jamie Sheriff,jamie sheriff,DE,SEA,2026-09-06T23:42:28.788368+00:00
00-0039316,,12256,4426364,Baylor Cupp,baylor cupp,TE,FA,2026-09-06T23:42:28.788368+00:00
00-0019863,,,,Dominic Rhodes,dominic rhodes,RB,FA,2026-09-06T23:42:28.788368+00:00
00-0027820,,,13464,Reggie Stephens,reggie stephens,CB,DEN,2026-09-06T23:42:28.788368+00:00
HAR447512,28652,2578,2514269,Johnnie Harris,johnnie harris,S,FA,2026-09-06T23:42:28.788368+00:00
00-0018605,,,2126,Corey Ivy,corey ivy,CB,FA,2026-09-06T23:42:28.788368+00:00
00-0019536,5854,758,3504,Shayne Graham,shayne graham,PK,FA,2026-09-06T23:42:28.788368+00:00
00-0020653,,,4292,Kalvin Pearson,kalvin pearson,S,FA,2026-09-06T23:42:28.788368+00:00
00-0020995,,,4278,D.D. Lewis,dd lewis,LB,FA,2026-09-06T23:42:28.788368+00:00
00-0019809,,,4319,Troy Evans,troy evans,LB,FA,2026-09-06T23:42:28.788368+00:00
00-0020550,,,4302,Darnell Dinkins,darnell dinkins,TE,FA,2026-09-06T23:42:28.788368+00:00
00-0020805,,,4421,Jason McKie,jason mckie,RB,FA,2026-09-06T23:42:28.788368+00:00
00-0020679,6169,686,4260,Shaun Hill,shaun hill,QB,FA,2026-09-06T23:42:28.788368+00:00
00-0021493,,,5452,Vinny Ciurciu,vinny ciurciu,LB,FA,2026-09-06T23:42:28.788368+00:00
00-0022250,,,5880,Willie Parker,willie parker,RB,FA,2026-09-06T23:42:28.788368+00:00
00-0022581,,115,6044,Stevonne Smith,stevonne smith,WR,CAR,2026-09-06T23:42:28.788368+00:00
00-0022531,7122,412,6012,Jason Peters,jason peters,TE,BUF,2026-09-06T23:42:28.788368+00:00
00-0022278,,,6019,Ryan Boschetti,ryan boschetti,DT,WAS,2026-09-06T23:42:28.788368+00:00
00-0022342,,,6156,Eric Alexander,eric alexander,LB,CLE,2026-09-06T23:42:28.788368+00:00
00-0022245,,,5954,Armegis Spearman,armegis spearman,LB,CIN,2026-09-06T23:42:28.788368+00:00
00-0023384,,,9301,Zak Keasey,zak keasey,RB,FA,2026-09-06T23:42:28.788368+00:00
00-0021064,,,4403,Vinny Testaverde,vinny testaverde,QB,NYJ,2026-09-06T23:42:28.788368+00:00
00-0023318,,,9283,Ryan Thelwell,ryan thelwell,WR,SDC,2026-09-06T23:42:28.788368+00:00
00-0023195,,,9277,Thomas Johnson,thomas johnson,DT,FA,2026-09-06T23:42:28.788368+00:00
00-0023199,,,9312,Darrell Reid,darrell reid,LB,FA,2026-09-06T23:42:28.788368+00:00
00-0022997,,,9323,Andre Frazier,andre frazier,LB,FA,2026-09-06T23:42:28.788368+00:00
00-0023096,7505,168,9329,Nick Novak,nick novak,PK,FA,2026-09-06T23:42:28.788368+00:00
00-0023213,,,9355,Aaron Francisco,aaron francisco,S,FA,2026-09-06T23:42:28.788368+00:00
00-0023001,7527,763,9361,Shaun Suisham,shaun suisham,PK,FA,2026-09-06T23:42:28.788368+00:00
00-0023023,,,9443,Raynoch Thompson,raynoch thompson,LB,ARI,2026-09-06T23:42:28.788368+00:00
00-0022421,,,9451,Ruvell Martin,ruvell martin,WR,FA,2026-09-06T23:42:28.788368+00:00
00-0023806,,,10341,DeDe Dorsey,dede dorsey,RB,FA*,2026-09-06T23:42:28.788368+00:00
00-0023102,,,9429,Herana-Daze Jones,herana-daze jones,S,DEN,2026-09-06T23:42:28.788368+00:00
00-0023894,8119,207,10062,Wesley Walls,wesley walls,TE,CAR,2026-09-06T23:42:28.788368+00:00
00-0023179,,,9434,Tony Curtis,tony curtis,TE,FA,2026-09-06T23:42:28.788368+00:00
00-0024157,,,9912,Torrance Daniels,torrance daniels,LB,NYG,2026-09-06T23:42:28.788368+00:00
00-0023867,,,9867,Taye Biddle,taye biddle,WR,FA,2026-09-06T23:42:28.788368+00:00
00-0023902,,,10418,Kevin Hobbs,kevin hobbs,CB,FA,2026-09-06T23:42:28.788368+00:00
00-0023979,,,9861,Eric Bassey,eric bassey,CB,STL,2026-09-06T23:42:28.788368+00:00
00-0024067,,,10121,Lee Vickers,lee vickers,TE,FA,2026-09-06T23:42:28.788368+00:00
00-0023846,,,10161,Tony Williams,tony williams,DL,MIN,2026-09-06T23:42:28.788368+00:00
00-0025786,,,11201,Jeremy Kapinos,jeremy kapinos,PN,FA,2026-09-06T23:42:28.788368+00:00
00-0025790,,,10952,Mark Washington,mark washington,LB,MIA,2026-09-06T23:42:28.788368+00:00
00-0025761,,,11091,Willie Williams,willie williams,DB,SEA,2026-09-06T23:42:28.788368+00:00
00-0023800,,,10063,Jamie Petrowski,jamie petrowski,TE,FA,2026-09-06T23:42:28.788368+00:00
00-0024638,,,11132,Geoffrey Pope,geoffrey pope,CB,CIN,2026-09-06T23:42:28.788368+00:00
00-0025834,,,11608,Donovan Woods,donovan woods,LB,FA,2026-09-06T23:42:28.788368+00:00
00-0024648,,,10835,Deljuan Robinson,deljuan robinson,DT,FA,2026-09-06T23:42:28.788368+00:00
00-0026453,,,11868,Dantrell Savage,dantrell savage,RB,FA,2026-09-06T23:42:28.788368+00:00
00-0026079,,,11667,Gerard Lawson,gerard lawson,CB,CLE,2026-09-06T23:42:28.788368+00:00
00-0025877,,,11742,Marcus Buggs,marcus buggs,LB,FA,2026-09-06T23:42:28.788368+00:00
00-0026133,,,11820,Greyson Gunheim,greyson gunheim,DE,OAK,2026-09-06T23:42:28.788368+00:00
00-0025906,,,11535,Curtis Gatewood,curtis gatewood,LB,KCC,2026-09-06T23:42:28.788368+00:00
00-0025714,,,10906,Jeremy Clark,jeremy clark,DT,NYG,2026-09-06T23:42:28.788368+00:00
00-0024659,,,10914,Billy Latsko,billy latsko,RB,FA,2026-09-06T23:42:28.788368+00:00
00-0026046,,,11774,Steve Octavien,steve octavien,LB,DAL,2026-09-06T23:42:28.788368+00:00
00-0024081,,,10403,Scott Paxson,scott paxson,DT,FA,2026-09-06T23:42:28.788368+00:00
00-0026447,,,11855,Eric Brock,eric brock,S,FA,2026-09-06T23:42:28.788368+00:00
00-0025934,,,11644,Lance Long,lance long,WR,FA,2026-09-06T23:42:28.788368+00:00
00-0023728,,,10269,Shane Andrus,shane andrus,PK,FA,2026-09-06T23:42:28.788368+00:00
00-0026617,,,12857,Julius Williams,julius williams,DE,FA,2026-09-06T23:42:28.788368+00:00
00-0026512,9535,767,12760,Chris Baker,chris baker,DT,FA,2026-09-06T23:42:28.788368+00:00
00-0025931,,,11627,Keilen Dykes,keilen dykes,DE,FA,2026-09-06T23:42:28.788368+00:00
00-0026837,,,13054,Danny Gorrer,danny gorrer,CB,FA,2026-09-06T23:42:28.788368+00:00
00-0026539,,,12938,Lendy Holmes,lendy holmes,S,WAS,2026-09-06T23:42:28.788368+00:00
00-0024840,,,11213,Eric Fowler,eric fowler,WR,FA,2026-09-06T23:42:28.788368+00:00
00-0026815,,,13052,Trevor Ford,trevor ford,CB,GBP,2026-09-06T23:42:28.788368+00:00
00-0026771,,,12935,Jahi Word-Daniels,jahi word-daniels,CB,FA,2026-09-06T23:42:28.788368+00:00
00-0025749,,,10971,Richard Bartel,richard bartel,QB,FA,2026-09-06T23:42:28.788368+00:00
00-0026712,,,12897,Brit Miller,brit miller,RB,FA,2026-09-06T23:42:28.788368+00:00
00-0026562,,,12886,Tyler Grisham,tyler grisham,WR,FA,2026-09-06T23:42:28.788368+00:00
00-0026054,,,11612,Eric Bakhtiari,eric bakhtiari,DT,TEN,2026-09-06T23:42:28.788368+00:00
00-0026792,,,13027,Patrick Williams,patrick williams,WR,BAL,2026-09-06T23:42:28.788368+00:00
00-0024825,,,11142,Jake Nordin,jake nordin,TE,DET,2026-09-06T23:42:28.788368+00:00
00-0026669,,,12965,Colin Cloherty,colin cloherty,TE,FA,2026-09-06T23:42:28.788368+00:00
00-0025927,,,11614,Jason Banks,jason banks,DE,FA,2026-09-06T23:42:28.788368+00:00
00-0026875,,,13111,Ricky Price,ricky price,S,KCC,2026-09-06T23:42:28.788368+00:00
