team,source,headline,summary,author,published,link,pulled_at
Arizona Cardinals,https://www.revengeofthebirds.com,Arizona Cardinals fans think Carson Beck may be the real deal,"Welcome to SB Nation Reacts, a survey of fans across the NFL. Throughout the year we ask questions of the most plugged-in Cardinals fans and fans across the country. Happy Friday one and all. The Arizona Cardinals are 1-1 after their preseason win over the Las Vegas Raiders, but the week before they lost a [&#8230;]",Seth Cox,2026-08-14T12:55:23-04:00,https://www.revengeofthebirds.com/nfl-reacts-survey/93528/arizona-cardinals-fans-think-carson-beck-may-be-the-real-deal,2026-08-16T04:23:03.917359+00:00
Arizona Cardinals,https://www.revengeofthebirds.com,Beaks &#038; Geeks: Cardinals take down Raiders,"The Arizona Cardinals finally got a win in this year’s preseason. Last week, they had a late lead only to lose in the final seconds. New head coach Mike LaFleur had to wait a week to get his first NFL victory as they slayed the Las Vegas Raiders 27-14 on the road. Playing under a [&#8230;]",Barry Shuck,2026-08-14T10:37:01-04:00,https://www.revengeofthebirds.com/arizona-cardinals-preseason/93506/beaks-geeks-cardinals-take-down-raiders,2026-08-16T04:23:03.917359+00:00
Arizona Cardinals,https://www.revengeofthebirds.com,Arizona Cardinals news: Jeremiyah Love impresses in preseason debut,"The Cardinals bounced back from last week’s last-second loss to the Panthers to put together a fairly complete game in a 27-14 win over the Raiders on Thursday night. Starters got snaps, including Jacoby Brissett and Jeremiyah Love, as they built a 21-14 lead at the half that they’d never relinquish over the final 30 [&#8230;]",Michael Peterson,2026-08-14T09:50:47-04:00,https://www.revengeofthebirds.com/arizona-cardinals-news/93357/arizona-cardinals-news-jeremiyah-love-raiders-preseason,2026-08-16T04:23:03.917359+00:00
Arizona Cardinals,https://www.revengeofthebirds.com,Arizona Cardinals get first win of preseason in Las Vegas,"For the first time in the Mike LaFleur era, the Arizona Cardinals have won a football game. It may seem a bit pedantic, it is the preseason, but for a team that is the most losingest in North American Sports history, winning is not something to take lightly. So, for the Arizona Cardinals, to get [&#8230;]",Seth Cox,2026-08-13T23:02:33-04:00,https://www.revengeofthebirds.com/arizona-cardinals-scores-results/93502/arizona-cardinals-get-first-win-of-preseason-in-las-vegas,2026-08-16T04:23:03.917359+00:00
Arizona Cardinals,https://www.revengeofthebirds.com,Cardinals vs. Raiders preseason discussion,"Happy game night one and all. The Arizona Cardinals and Las Vegas Raiders lost a little bit of luster with the announcement that Carson Beck is battling a rib injury and will not play. However, there is still plenty to watch and enjoy. We talked about the three things to watch in this one, and [&#8230;]",Seth Cox,2026-08-13T19:30:00-04:00,https://www.revengeofthebirds.com/arizona-cardinals-discussion/93487/cardinals-vs-raiders-preseason-discussion,2026-08-16T04:23:03.917359+00:00
Arizona Cardinals,https://www.revengeofthebirds.com,Three things to watch in Arizona Cardinals matchup with Las Vegas Raiders,"The Arizona Cardinals take on the Las Vegas Raiders tonight and this article had to be revamped because of the news of Carson Beck now not playing, but that is okay, we can go from five things to watch to three things to watch and still have a good time, right? Here are the three [&#8230;]",Seth Cox,2026-08-13T17:00:00-04:00,https://www.revengeofthebirds.com/arizona-cardinals-preseason/93482/three-things-to-watch-in-arizona-cardinals-matchup-with-las-vegas-raiders,2026-08-16T04:23:03.917359+00:00
Arizona Cardinals,https://www.revengeofthebirds.com,How to Watch: Arizona Cardinals at Las Vegas Raiders,"The second of four Arizona Cardinals preseason games is upon us, as the Arizona Cardinals make the quick flight north to Las Vegas to take on the Raiders. It is actually one of the more intriguing matchups in the preseason, as the Cardinals will play their starters, as will the Raiders. Meaning we either get [&#8230;]",Seth Cox,2026-08-13T11:56:45-04:00,https://www.revengeofthebirds.com/arizona-cardinals-game-information/93474/how-to-watch-arizona-cardinals-at-las-vegas-raiders,2026-08-16T04:23:03.917359+00:00
Arizona Cardinals,https://www.revengeofthebirds.com,Arizona Cardinals news: Which player are you most excited to watch tonight?,"The Cardinals take the field for their second preseason game, this time against the Raiders. Head coach Mike LaFleur has let it be known that a number of their starters will see the field for at least one full drive. With most of the team expected to get snaps tonight, who are you most excited [&#8230;]",Michael Peterson,2026-08-13T09:43:19-04:00,https://www.revengeofthebirds.com/arizona-cardinals-news/93170/arizona-cardinals-news-raiders-preseason-jeremiyah-love-marvin-harrison-jr,2026-08-16T04:23:03.917359+00:00
Arizona Cardinals,https://www.revengeofthebirds.com,Cardinals Ossenfort: “We have no interest in trading Josh”,"Nobody is exactly sure when it happened. Or began. A rumor started about the Arizona Cardinals wanting to trade EDGE rusher Josh Sweat. Not a soul with the team has confirmed that they said this, or put it out for release. RELATED: CARDINALS FANS SEE SWEAT LEADING TEAM IN SACKS Maybe it began at a [&#8230;]",Barry Shuck,2026-08-12T12:30:01-04:00,https://www.revengeofthebirds.com/arizona-cardinals-depth-chart/93432/cardinals-ossenfort-we-have-no-interest-in-trading-josh,2026-08-16T04:23:03.917359+00:00
Arizona Cardinals,https://www.revengeofthebirds.com,Cardinals to include starters against Raiders,"The entire NFL kicks off its preseason schedule this weekend. The Arizona Cardinals have already had one exhibition game last Thursday in the Hall of Fame Game played in Canton, Ohio, against the Carolina Panthers. Both teams will play an extra preseason game, while the remainder of the league will only play three games. Cardinals [&#8230;]",Barry Shuck,2026-08-12T10:31:57-04:00,https://www.revengeofthebirds.com/arizona-cardinals-discussion/93455/cardinals-to-include-starters-against-raiders,2026-08-16T04:23:03.917359+00:00
Atlanta Falcons,https://www.thefalcoholic.com,"3 up, 3 down Preseason Week 1: Struggles on offense and defense","The Atlanta Falcons registered their first unofficial game of the 2026 season, when they opened the Mercedes Benz Stadium up for a matchup against last year’s AFC Finalist Denver Broncos. Despite Michael Penix still not being cleared for full contact and Bijan Robinson also being held out, there was real excitement as new head coach [&#8230;]",Adnan Ikic,2026-08-15T13:40:56-04:00,https://www.thefalcoholic.com/atlanta-falcons-preseason/95137/3-up-3-down-preseason-week-1-struggles-on-offense-and-defense-mike-jerrell-jack-strand,2026-08-16T04:23:03.917359+00:00
Atlanta Falcons,https://www.thefalcoholic.com,Falcons DE James Pearce Jr. will serve 8-game suspension in regular NFL season,"We finally know what James Pearce Jr.’s suspension will look like after he was charged with a variety of felonies connected to alleged stalking and threats against his former partner, WNBA star Rickea Jackson. The league minimum suspension for violence against women and children was set several years ago, post-Ray Rice. to six games. The [&#8230;]",Jeanna Kelley,2026-08-15T13:30:30-04:00,https://www.thefalcoholic.com/atlanta-falcons-news/95120/james-pearce-jr-suspension-8-games-stalking-charges-diversion-program-nfl-rules,2026-08-16T04:23:03.917359+00:00
Atlanta Falcons,https://www.thefalcoholic.com,Falcons &#8211; Broncos preseason recap: Not for the faint of heart,"Well, that was not fun. Preseason games are fertile ground for overreactions, and we’ll definitely see in the weeks ahead that we were too excited about some things (Jack Strand? Malcolm DeWalt IV?) and too down on others (Tua Tagovailoa? Mike Hughes?). There are small sample sizes, vanilla game plans, and matchups we’ll never see [&#8230;]",Dave Choate,2026-08-15T08:00:00-04:00,https://www.thefalcoholic.com/atlanta-falcons-preseason/95127/falcons-broncos-preseason-recap-not-for-the-faint-of-heart-kevin-stefanski-tua-tagovailoa,2026-08-16T04:23:03.917359+00:00
Atlanta Falcons,https://www.thefalcoholic.com,"Falcons &#8211; Broncos instant recap for preseason Week 1: Rookies open eyes, veterans fall short","Preseason can tell us many lies, both about players and teams. The Falcons almost certainly aren’t as terrible as they looked out there on Friday night, and the Broncos are probably not A) as dominant and B) as penalty-ridden as they seemed. But even in those lies there are sobering glimpses of truth, and the [&#8230;]",Dave Choate,2026-08-14T22:10:15-04:00,https://www.thefalcoholic.com/atlanta-falcons-game-information/95119/falcons-broncos-instant-recap-for-preseason-week-1-jack-strand-malcolm-dewalt-iv,2026-08-16T04:23:03.917359+00:00
Atlanta Falcons,https://www.thefalcoholic.com,Falcons vs Broncos Preseason Watch Party: Falcoholic Live,"The Falcons are taking on the Broncos tonight in the first preseason action of the 2026 season for both teams. Follow along with Kevin Knight and Adnan Ikic as they discuss the game live through all four quarters. We’ll have takes on Atlanta’s starters, how the rookie class is performing, and a whole lot more. [&#8230;]",Kevin Knight,2026-08-14T20:46:08-04:00,https://www.thefalcoholic.com/atlanta-falcons-preseason/95128/falcons-vs-broncos-preseason-watch-party-falcoholic-live,2026-08-16T04:23:03.917359+00:00
Atlanta Falcons,https://www.thefalcoholic.com,Falcons vs. Broncos 2026 preseason discussion,"Football! It’s almost real football. We will see the starters only fleetingly tonight, and a few may well be out, but this evening will feature the Atlanta Falcons taking the field and playing a full game. Along the way, we’ll hope to see injury-free football with some impressive moments and some would-be reserves stepping up [&#8230;]",Dave Choate,2026-08-14T18:30:00-04:00,https://www.thefalcoholic.com/atlanta-falcons-preseason/94998/denver-broncos-preseason-week-1-fan-discussion,2026-08-16T04:23:03.917359+00:00
Atlanta Falcons,https://www.thefalcoholic.com,"Falcons roster 2026: Xavier Watts, Azeez Ojulari, and Zachariah Branch are underrated","The last time the Atlanta Falcons won a playoff game, it was Jan. 6, 2018, and Dan Quinn’s team beat the Los Angeles Rams, 26-13, in the Wild Card Round. If you want to know how long ago that was, current Falcons team president Matt Ryan was the quarterback, and coming off a 2016 NFL [&#8230;]",Doug Farrar,2026-08-14T09:00:00-04:00,https://www.thefalcoholic.com/atlanta-falcons-roster/94941/xavier-watts-azeez-ojulari-and-zachariah-branch-underrated,2026-08-16T04:23:03.917359+00:00
Atlanta Falcons,https://www.thefalcoholic.com,"Falcons vs. Broncos preseason 2026: How to watch, start time, TV, and odds","Preseason football tonight, friends! Here’s everything you’ll need to know to watch the Falcons kick things off at home against the Broncos. Remember to check back here tonight for our open thread, our live recap (because what else am I gonna do on a Friday night?), and much more. Schedule &#38; TV information Date: Friday, [&#8230;]",Dave Choate,2026-08-14T06:00:00-04:00,https://www.thefalcoholic.com/atlanta-falcons-game-information/95060/how-to-watch-falcons-broncos-in-preseason-week-1-streaming-channel-radio,2026-08-16T04:23:03.917359+00:00
Atlanta Falcons,https://www.thefalcoholic.com,"Atlanta Falcons roster by jersey number, last name","The Falcons preseason is upon us, with Atlanta facing off against the Denver Broncos in Week 1, the Indianapolis Colts in Week 2, and the Miami Dolphins in Week 3. This will be a very different preseason than fans are accustomed to, as head coach Kevin Stefanski made it clear that starters will play—for about [&#8230;]",Kevin Knight,2026-08-13T14:23:09-04:00,https://www.thefalcoholic.com/atlanta-falcons-roster/94896/atlanta-falcons-roster-by-jersey-number-last-name-nfl-2026,2026-08-16T04:23:03.917359+00:00
Atlanta Falcons,https://www.thefalcoholic.com,What to know about Falcons &#8211; Broncos preseason Week 1,"The Falcons! The Broncos! Backups! Deep reserves! It’s all here in Week 1 of preseason. Here’s everything you need to know about tomorrow night’s game, which is likely to be sloppy football but fun nonetheless, not to mention important given all the roster battles that are going on. Let’s dive in. Roster battles to monitor [&#8230;]",Dave Choate,2026-08-13T10:10:00-04:00,https://www.thefalcoholic.com/atlanta-falcons-preseason/95059/falcons-broncos-preseason-week-1-preview-trey-sermon-chris-blair,2026-08-16T04:23:03.917359+00:00
Baltimore Ravens,https://www.baltimorebeatdown.com,Ravens’ rookie pass-catchers dazzle in preseason win over Eagles,"Jesse Minter notched his first win as the Baltimore Ravens’ head coach on Saturday night, taking down the Philadelphia Eagles by a score of 24-7. “It was a great experience,” Minter said after the game. “I want to give a ton of credit to our coaching staff.” Offensive coordinator Declan Doyle led his unit to [&#8230;]",Nikhil Mehta,2026-08-15T23:49:42-04:00,https://www.baltimorebeatdown.com/baltimore-ravens-news/83930/ravens-rookie-pass-catchers-dazzle-in-preseason-win-over-eagles,2026-08-16T04:23:03.917359+00:00
Baltimore Ravens,https://www.baltimorebeatdown.com,Beatdown Roundtable: Reactions to the Ravens’ preseason win over the Eagles,"The Baltimore Ravens earned a 24-7 win in their 2026 preseason opener, securing a wire-to-wire victory in Jesse Minter’s head coaching debut. Here is the Baltimore Beatdown staff’s reaction to the win: A very encouraging start to Jesse Minter’s debut season. The offense looked smooth and got the young skill guys active early while the [&#8230;]",Frank Platko,2026-08-15T22:53:24-04:00,https://www.baltimorebeatdown.com/baltimore-ravens-preseason/83925/beatdown-roundtable-reactions-to-the-ravens-preseason-win-over-the-eagles,2026-08-16T04:23:03.917359+00:00
Baltimore Ravens,https://www.baltimorebeatdown.com,"Ravens Stock Report: Rookie pass-catchers thrive, specialists struggle",The Baltimore Ravens got their first action of the 2026 season on Saturday night with a preseason matchup against the Philadelphia Eagles. The result of the game – a 24-7 Ravens win – matters a lot less than the strides (and stumbles) by several players jockeying for a 53-man roster spot and regular-season playing time. [&#8230;],Nikhil Mehta,2026-08-15T21:52:17-04:00,https://www.baltimorebeatdown.com/baltimore-ravens-analysis/83897/ravens-stock-report-rookie-pass-catchers-thrive-specialists-struggle,2026-08-16T04:23:03.917359+00:00
Baltimore Ravens,https://www.baltimorebeatdown.com,"Ravens vs. Eagles discussion: Vega Ioane, Ja’Kobi Lane make NFL debuts","It is finally game day. After more than seven months away from the field, the Baltimore Ravens are set to kick off their 2026 preseason against the Philadelphia Eagles tonight at M&#38;T Bank Stadium. Jesse Minter is making his head coaching debut with offensive coordinator Declan Doyle up in the booth calling plays for just [&#8230;]",Nikhil Mehta,2026-08-15T17:35:07-04:00,https://www.baltimorebeatdown.com/baltimore-ravens-discussion/83862/ravens-eagles-discussion-jesse-minter-head-coaching-debut,2026-08-16T04:23:03.917359+00:00
Baltimore Ravens,https://www.baltimorebeatdown.com,Beatdown Roundtable: what to watch for in the Ravens-Eagles preseason game,The Baltimore Ravens are set to kick off their 2026 preseason slate with tonight’s matchup against the Philadelphia Eagles. Here’s what Baltimore Beatdown’s staff will be watching during the game: I predict that the Ja&#8217;Kobi Lane hype train will continue rolling tonight with a highlight contested catch that he has become known for throughout training [&#8230;],Dustin Cox,2026-08-15T16:30:00-04:00,https://www.baltimorebeatdown.com/baltimore-ravens-analysis/83870/beatdown-roundtable-what-to-watch-for-in-the-ravens-eagles-preseason-game,2026-08-16T04:23:03.917359+00:00
Baltimore Ravens,https://www.baltimorebeatdown.com,"Baltimore Ravens roster by jersey number, last name","The Baltimore Ravens’ preseason is finally here! After a change-filled offseason with a new coaching staff and major additions on both sides of the ball, the new-look team enters the preseason with the fourth-best Super Bowl odds (+1200, per FanDuel Sportsbook). But championships cannot be won in August; in fact, the players that would be [&#8230;]",Nikhil Mehta,2026-08-15T14:30:00-04:00,https://www.baltimorebeatdown.com/baltimore-ravens-roster/83664/baltimore-ravens-roster-by-jersey-number-last-name,2026-08-16T04:23:03.917359+00:00
Baltimore Ravens,https://www.baltimorebeatdown.com,3 things to watch for in the Ravens’ 1st preseason game,"It&#8217;s the start of a new era of football in Baltimore. The Ravens have their first preseason game on deck with a new head coach, new coaching staff, new jerseys, new stadium upgrades and more. Are you really a football fan if you don’t overreact to how your team does in its first game action, [&#8230;]",Zach Canter,2026-08-15T12:27:44-04:00,https://www.baltimorebeatdown.com/baltimore-ravens-analysis/83836/3-things-to-watch-for-in-the-ravens-1st-preseason-game,2026-08-16T04:23:03.917359+00:00
Baltimore Ravens,https://www.baltimorebeatdown.com,Ravens activate LB Teddye Buchanan from PUP; OT Kendall Lamm retires,"The Baltimore Ravens activated second-year linebacker Teddye Buchanan from the physically unable to perform list on Saturday, exactly eight months after he suffered a torn ACL that ended his 2025 season. Buchanan, 23, tore his ACL in Week 15 of the 2025 regular season, prematurely ending a promising rookie campaign. The fourth-round pick emerged as [&#8230;]",Nikhil Mehta,2026-08-14T16:58:51-04:00,https://www.baltimorebeatdown.com/baltimore-ravens-news/83828/ravens-activate-lb-teddye-buchanan-from-pup-ot-kendall-lamm-retires,2026-08-16T04:23:03.917359+00:00
Baltimore Ravens,https://www.baltimorebeatdown.com,From a former Raven: what a Super Bowl means to Lamar Jackson’s legacy,"Welcome back to Baltimore Beatdown&#8217;s special series on Lamar Jackson, written by former Ravens Super Bowl champion Femi Ayanbadejo. Part One examined the narrative amnesia surrounding Jackson&#8217;s career. Part Two tested criticism of his play against the film and data. Part Three examined unsupported narratives surrounding his contracts, character, and off-field decisions. Part Four asks [&#8230;]",Femi Ayanbadejo,2026-08-14T12:00:00-04:00,https://www.baltimorebeatdown.com/baltimore-ravens-analysis/83812/from-a-former-raven-what-a-super-bowl-means-to-lamar-jacksons-legacy,2026-08-16T04:23:03.917359+00:00
Baltimore Ravens,https://www.baltimorebeatdown.com,"Ravens place QB Skylar Thompson on IR, sign replacement","The Baltimore Ravens placed veteran quarterback Skylar Thompson on injured reserve on Wednesday, effectively ending his brief tenure with the team. Preseason IR placements are typically season-ending, but Thompson’s injury was described as “something small” by head coach Jesse Minter on Sunday. More likely, he will reach an injury settlement with the team and be [&#8230;]",Nikhil Mehta,2026-08-12T18:12:20-04:00,https://www.baltimorebeatdown.com/baltimore-ravens-news/83795/ravens-place-qb-skylar-thompson-on-ir-sign-replacement,2026-08-16T04:23:03.917359+00:00
Buffalo Bills,https://www.buffalorumblings.com,"Josh Allen, Keon Coleman shine in Buffalo Bills 2026 preseason debut","The Buffalo Bills opened their 2026 NFL preseason slate at home against the Carolina Panthers, and while the final score might not matter, there is plenty to be gleaned from individual player performances. Sometimes, the performance is even less important than the time of the game a player was on the field. In the early [&#8230;]",Sean Murphy,2026-08-15T15:56:43-04:00,https://www.buffalorumblings.com/buffalo-bills-analysis/138534/josh-allen-keon-coleman-shine-in-buffalo-bills-2026-preseason-debut,2026-08-16T04:23:03.917359+00:00
Buffalo Bills,https://www.buffalorumblings.com,"Buffalo Bills vs. Carolina Panthers, Preseason Week 1 fan discussion","Buffalo Bills football is back, Rumblers! Well, okay, it’s just preseason football and only the first game of the exhibition period. But still, football is finally back in its evaluative form. Bills Mafia is understandably excited to see what’s in store during the 2026 NFL season. For the first time in just shy of a [&#8230;]",Matt Byham,2026-08-15T13:04:30-04:00,https://www.buffalorumblings.com/buffalo-bills-discussion/138525/buffalo-bills-vs-carolina-panthers-preseason-week-1-fan-discussion,2026-08-16T04:23:03.917359+00:00
Buffalo Bills,https://www.buffalorumblings.com,"Buffalo Bills roster by jersey number, last name","The Buffalo Bills are set to begin preseason football this weekend. With that comes a massive influx of players wearing jersey numbers that might not be current household icons. Yes, you know who wears “17” and you probably know a lot more than that about him. Who’s that Bill? Jokes about vintage Madonna songs aside, [&#8230;]",Matt Byham,2026-08-15T12:52:09-04:00,https://www.buffalorumblings.com/buffalo-bills-roster/137917/buffalo-bills-roster-by-jersey-number-last-name,2026-08-16T04:23:03.917359+00:00
Buffalo Bills,https://www.buffalorumblings.com,Bills news: Previewing Bills vs. Panthers,"Last week, the Buffalo Bills hosted their first public event at Highmark Stadium with the annual Return of the Blue &#38; Red practice. Later this afternoon, the Bills will play their first football game in their new stadium when Buffalo welcomes the Carolina Panthers to Western New York for a 1 p.m. kickoff in Week [&#8230;]",John Boccacino,2026-08-15T12:11:59-04:00,https://www.buffalorumblings.com/buffalo-bills-news/138385/bills-news-previewing-bills-vs-panthers,2026-08-16T04:23:03.917359+00:00
Buffalo Bills,https://www.buffalorumblings.com,"Thurman Thomas &#038; 34 Group, Inc. key to Bills’ new Highmark Stadium construction",Thurman Thomas is a legend and an icon whose tenacity and grit coupled with truly awe-inspiring traits as a shifty dual-threat running back paved the way for an NFL Hall of Fame career that lasted 12 seasons with the Buffalo Bills. The franchise’s Super Bowl teams were perhaps as much defined by Thomas’ work as [&#8230;],Matt Byham,2026-08-15T08:00:00-04:00,https://www.buffalorumblings.com/buffalo-bills-discussion/138345/thurman-thomas-34-group-inc-key-to-bills-new-highmark-stadium-construction,2026-08-16T04:23:03.917359+00:00
Buffalo Bills,https://www.buffalorumblings.com,"Buffalo Bills among 3 teams that have called Buccaneers about Vita Vea, per report","The Buffalo Bills have a sudden need along the interior of their defensive line following news that defensive tackle Phidarian Mathis will be suspended for the first three games of the 2026 NFL season. It remains to be seen how new defensive coordinator Jim Leonhard will tackle that concern, given that Mathis was one of [&#8230;]",Matt Byham,2026-08-14T19:37:16-04:00,https://www.buffalorumblings.com/buffalo-bills-news/138439/buffalo-bills-among-3-teams-that-have-called-buccaneers-about-vita-vea-per-report,2026-08-16T04:23:03.917359+00:00
Buffalo Bills,https://www.buffalorumblings.com,Buffalo Bills DT Phidarian Mathis suspended 3 games to start 2026 NFL season,"The Buffalo Bills will be without the services of defensive tackle Phidarian Mathis to begin the 2026 NFL season. News trickled down on Friday, August 14 that Mathis has been handed a three-game suspension. Mathis is being disciplined for “an alcohol-related incident in spring 2025, per a league source,” as shared by ESPN Bills reporter [&#8230;]",Matt Byham,2026-08-14T15:53:12-04:00,https://www.buffalorumblings.com/buffalo-bills-news/138414/buffalo-bills-dt-phidarian-mathis-suspended-3-games-to-start-2026-nfl-season,2026-08-16T04:23:03.917359+00:00
Buffalo Bills,https://www.buffalorumblings.com,Which Buffalo Bills defender rises to lead in 2026?,"Welcome to SB Nation Reacts, a survey of fans across the NFL. Throughout the year we ask questions of the most plugged-in Bills fans and fans across the country. We’re back with another Reacts poll to end the work week, Rumblers! Buffalo Bills preseason football is at our doorstep, and we know that it hypes [&#8230;]",Matt Byham,2026-08-14T14:39:12-04:00,https://www.buffalorumblings.com/buffalo-bills-analysis/138408/which-buffalo-bills-defender-rises-to-lead-in-2026,2026-08-16T04:23:03.917359+00:00
Buffalo Bills,https://www.buffalorumblings.com,Buffalo Bills re-sign safety ahead of preseason opener vs. Panthers,He was an undrafted free-agent signee by the Buffalo Bills after the 2025 NFL Draft and is now back on the roster after being released in late July. Former Yale and New Hampshire do-everything safety Wande Owens was re-signed by the team one day before the preseason opener against the Panthers inside the new Highmark [&#8230;],Chris Trapasso,2026-08-14T09:03:42-04:00,https://www.buffalorumblings.com/buffalo-bills-news/138395/buffalo-bills-re-sign-safety-ahead-of-preseason-opener-vs-panthers,2026-08-16T04:23:03.917359+00:00
Buffalo Bills,https://www.buffalorumblings.com,Bills news: Biggest risers and fallers heading into preseason opener,"After months of organized team activities, offseason workouts and inter-squad scrimmages, the Buffalo Bills are finally ready to face another NFL team when the Bills open their preseason schedule Saturday at home against the Carolina Panthers. Leading up to Week 1 of the preseason, today’s edition of Buffalo Rumblinks leads off by examining a few [&#8230;]",John Boccacino,2026-08-14T08:55:03-04:00,https://www.buffalorumblings.com/buffalo-bills-news/138193/bills-news-biggest-risers-and-fallers-heading-into-preseason-opener,2026-08-16T04:23:03.917359+00:00
Carolina Panthers,https://www.catscratchreader.com,Panthers 14 Bills 29: An ugly day for the Panthers starting offense,We finally got to see the Panthers trot out their first team offense and defense this week. It was not an easy watch but I will let you read along if you didn&#8217;t catch the game yourself! First Quarter Josh Allen and the starting offense marched down the field with a 21 yard pass to [&#8230;],Brian Beversluis,2026-08-15T16:10:52-04:00,https://www.catscratchreader.com/carolina-panthers-scores-results/60411/panthers-14-bills-29-an-ugly-day-for-the-panthers-starting-offense,2026-08-16T04:23:03.917359+00:00
Carolina Panthers,https://www.catscratchreader.com,Panthers vs Bills: Preseason Week 1 discussion thread,"The Carolina Panthers opened the preseason with a thrilling victory in the Hall of Fame Game over the Arizona Cardinals. Today, they are following that up with a brief debut of their starters—including quarterback Bryce Young—today against the Buffalo Bills. Don’t expect to see too much from anybody on the team as it is still [&#8230;]",Walker Clement,2026-08-15T11:30:00-04:00,https://www.catscratchreader.com/carolina-panthers-discussion/60405/panthers-vs-bills-preseason-week-1-discussion-thread,2026-08-16T04:23:03.917359+00:00
Carolina Panthers,https://www.catscratchreader.com,Brian Answers: Haynes King rules all,"Hello CSR! Welcome to Brian Answers, part two of your weekly Panthers fan mailbag for everyone! It has been a heck of a week following the GREATEST HALL OF FAME GAME EVER, and we’re onto the Buffalo Bills, where we’ll get to see some Panthers starters for a change. I despise the preseason, but so [&#8230;]",Brian Beversluis,2026-08-15T08:12:29-04:00,https://www.catscratchreader.com/carolina-panthers-rumors/60379/brian-answers-haynes-king-rules-all,2026-08-16T04:23:03.917359+00:00
Carolina Panthers,https://www.catscratchreader.com,Cautious optimism abounds for Brad Idzik’s expanded role,"It’s hard to say that Carolina Panthers offensive coordinator has a new job this season, as he has been in that role since Dave Canales first came on board as head coach in 2024. The big change for him this season is that Canales has handed over play calling duties. Our one preseason game sample [&#8230;]",Walker Clement,2026-08-15T08:00:00-04:00,https://www.catscratchreader.com/carolina-panthers-coaching-staff/60399/cautious-optimism-abounds-for-brad-idziks-expanded-role,2026-08-16T04:23:03.917359+00:00
Carolina Panthers,https://www.catscratchreader.com,2026 Season Opener Countdown: 29 Days Remaining,"Here at Cat Scratch Reader we have counted down the final 100 days leading up to the Carolina Panthers season opener by for at least the past ten years. We’ve always done this by highlighting the current player on the roster whose jersey number matches the day on the countdown. This year, we decided to [&#8230;]",Jonathan DeLong,2026-08-15T07:00:00-04:00,https://www.catscratchreader.com/carolina-panthers-history/60341/carolina-panthers-2026-season-opener-countdown-29-days-remaining,2026-08-16T04:23:03.917359+00:00
Carolina Panthers,https://www.catscratchreader.com,CSR Weekend Warriors: 8/14-8/16,"Greetings, Panthers fans. Welcome to the weekend. Feel free to use this thread to chat about (almost) anything you want: video games, food, movies, non-football sports, you name it. As long as it’s allowed by the site’s ToS, it’s fair game here. You know the drill. This is now an open thread",Walker Clement,2026-08-14T18:00:00-04:00,https://www.catscratchreader.com/the-scratching-post/59992/csr-weekend-warriors-8-14-8-16,2026-08-16T04:23:03.917359+00:00
Carolina Panthers,https://www.catscratchreader.com,2026 Season Opener Countdown: 30 Days Remaining,"Here at Cat Scratch Reader we have counted down the final 100 days leading up to the Carolina Panthers season opener by for at least the past ten years. We’ve always done this by highlighting the current player on the roster whose jersey number matches the day on the countdown. This year, we decided to [&#8230;]",Jonathan DeLong,2026-08-14T07:00:00-04:00,https://www.catscratchreader.com/carolina-panthers-history/60376/carolina-panthers-2026-season-opener-countdown-30-days-remaining,2026-08-16T04:23:03.917359+00:00
Carolina Panthers,https://www.catscratchreader.com,Panthers vs Bills: Defensive Preview,"Hello CSR! We’re into week 1 (technically) of the preseason as the Panthers will play their first game with some starters mixing in. The Bills also intend to mix some of their starters in, but whether both teams play an equal number of snaps with their starters is always a toss up during the preseason. [&#8230;]",Brian Beversluis,2026-08-13T11:00:00-04:00,https://www.catscratchreader.com/carolina-panthers-preseason/60347/panthers-vs-bills-defensive-preview,2026-08-16T04:23:03.917359+00:00
Carolina Panthers,https://www.catscratchreader.com,Cat Scratch Reader Reacts Survey: Grading Brad Idzik&#8217;s debut,"Head coach Dave Canales&#8217; biggest change to the 2026 Carolina Panthers may well be that he handed over play calling duties to his offensive coordinator, Brad Idzik. Idzik has called a couple of Panthers preseason games before, but last week was his first game after being handed the responsibility on a full time basis. In [&#8230;]",Walker Clement,2026-08-13T08:00:00-04:00,https://www.catscratchreader.com/carolina-panthers-coaching-staff/60329/cat-scratch-reader-reacts-survey-grading-brad-idziks-debut,2026-08-16T04:23:03.917359+00:00
Carolina Panthers,https://www.catscratchreader.com,2026 Season Opener Countdown: 31 Days Remaining,"Here at Cat Scratch Reader we have counted down the final 100 days leading up to the Carolina Panthers season opener by for at least the past ten years. We’ve always done this by highlighting the current player on the roster whose jersey number matches the day on the countdown. This year, we decided to [&#8230;]",Daniel Belton,2026-08-13T07:00:00-04:00,https://www.catscratchreader.com/carolina-panthers-history/60338/2026-season-opener-countdown-31-days-remaining,2026-08-16T04:23:03.917359+00:00
Chicago Bears,https://www.windycitygridiron.com,"Chicago Bears Injury Update for Xavier Woods, Montez Sweat, Kyler Gordon, and more","The injury bug continues to bite the Chicago Bears&#8217; secondary, with the latest being safety Xavier Woods, who left today’s preseason game against the Cleveland Browns and did not return. Head coach Ben Johnson said it was a groin injury, but didn&#8217;t provide any timeline specifics. Woods, who was just signed last week, appeared to [&#8230;]",Lester A. Wiltfong Jr.,2026-08-15T17:14:21-04:00,https://www.windycitygridiron.com/chicago-bears-injuries/120699/chicago-bears-injury-update-for-xavier-woods-montez-sweat-kyler-gordon-and-more,2026-08-16T04:23:03.917359+00:00
Chicago Bears,https://www.windycitygridiron.com,Bears’ quarterbacks throw for 348 yards in preseason win against the Browns,"On the FOX 32 pregame show, host Cassie Carlson brought up a good point: Chicago Bears head coach Ben Johnson has recycled the same preseason game plan that he’s used going back to when he first started calling plays for the Lions. That should provide some perspective for all their preseason games, right, Milhouse?. “Say [&#8230;]",Lester A. Wiltfong Jr.,2026-08-15T16:09:05-04:00,https://www.windycitygridiron.com/chicago-bears-news/120688/bears-quarterbacks-throw-for-348-yards-in-preseason-win-against-the-browns,2026-08-16T04:23:03.917359+00:00
Chicago Bears,https://www.windycitygridiron.com,Chicago Bears vs. Cleveland Browns Preseason Game Discussion,"It&#8217;s the preseason opener for the Chicago Bears and the Cleveland Browns! When these two teams last met, Chicago intercepted Cleveland quarterback Shedeur Sanders three times as they rolled to a 31-3 Week 15 win in their most lopsided game of 2025. Sanders will see some action today, but it won&#8217;t be until the third [&#8230;]",Lester A. Wiltfong Jr.,2026-08-15T12:30:00-04:00,https://www.windycitygridiron.com/chicago-bears-preseason/120643/chicago-bears-vs-cleveland-browns-preseason-game-discussion,2026-08-16T04:23:03.917359+00:00
Chicago Bears,https://www.windycitygridiron.com,Who are you most looking forward to seeing play for the Bears in the preseason?,"Earlier this week, we asked you guys which Chicago Bears player you are most excited to see vs. the Cleveland Browns, and more than half of you said rookie defensive tackle Jordan van den Berg. I asked our WCG staff a broader version of this question when I asked them this. Who are you most [&#8230;]",Lester A. Wiltfong Jr.,2026-08-15T08:00:00-04:00,https://www.windycitygridiron.com/chicago-bears-discussion/120572/who-are-you-most-looking-forward-to-seeing-play-for-the-bears-in-the-preseason,2026-08-16T04:23:03.917359+00:00
Chicago Bears,https://www.windycitygridiron.com,"Bears vs Browns: How to watch, start time, odds and more","The Chicago Bears and the Cleveland Browns play football tomorrow! Sure, it’s just preseason (once again, we talkin bout practice), and the Bears are going to sit several starters, but it’s still going to be good seeing the Navy and Orange on my TV. The Browns are going to play their starters to open the [&#8230;]",Lester A. Wiltfong Jr.,2026-08-14T23:35:10-04:00,https://www.windycitygridiron.com/chicago-bears-game-information/120670/bears-vs-browns-how-to-watch-start-time-odds-and-more,2026-08-16T04:23:03.917359+00:00
Chicago Bears,https://www.windycitygridiron.com,Report: Bears have checked in on Buccaneers DT Vita Vea,"The Bears are one of a few NFL teams who have called the Buccaneers regarding the trade availability of Pro Bowl defensive tackle Vita Vea, NFL Network’s Mike Garafolo reported on Friday. It’s worth noting that Garafolo said the Buccaneers still plan on keeping Vea, though the Bears are one of the confirmed teams to [&#8230;]",Jacob Infante,2026-08-14T19:06:21-04:00,https://www.windycitygridiron.com/chicago-bears-analysis/120656/chicago-bears-vita-vea-trade-rumors,2026-08-16T04:23:03.917359+00:00
Chicago Bears,https://www.windycitygridiron.com,"Jordan van den Berg can’t wait to play the Browns, and Bears fans can&#8217;t wait to watch","Chicago Bears rookie defensive tackle Jordan van den Berg has been one of the most surprising players at training camp. It seems that every day someone (reporters, coaches, fans in attendance) has shared how impressed they are with him. He flashed early on this offseason, and then once the scrimmages and drills started, he opened [&#8230;]",Lester A. Wiltfong Jr.,2026-08-14T17:20:58-04:00,https://www.windycitygridiron.com/chicago-bears-news/120635/jordan-van-den-berg-cant-wait-to-play-the-browns-and-bears-fans-cant-wait-to-watch,2026-08-16T04:23:03.917359+00:00
Chicago Bears,https://www.windycitygridiron.com,Five Ways It Could All Go Right for the Chicago Bears in 2026!,"Hello Chicago Bears fans! In the first part of this series, I indulged the doom and gloom, the pessimism, the glass-half-empty perspective on the forthcoming 2026 NFL season for the Chicago Bears. I explored five ways it could all go wrong for the Beloved. Today, however, everything is going to be sunny side up. Glass [&#8230;]",Donald Gooch,2026-08-14T08:30:00-04:00,https://www.windycitygridiron.com/chicago-bears-discussion/120620/five-ways-it-could-all-go-right-for-the-chicago-bears-in-2026,2026-08-16T04:23:03.917359+00:00
Chicago Bears,https://www.windycitygridiron.com,"Chicago Bears News: Tyson Bagent to start, many first teamers resting against Cleveland","Here’s your daily heaping helping of all the Chicago Bears news that’s fit to share, what’s going on with the NFL and, of course, a look at The Enemy. The man, the legend Tyson Bagent will show us what a year of study under the guidance of Ben Johnson can do for his game. My [&#8230;]",Ken Mitchell,2026-08-14T06:00:00-04:00,https://www.windycitygridiron.com/chicago-bears-news/120634/chicago-bears-news-tyson-bagent-to-start-many-first-teamers-resting-against-cleveland,2026-08-16T04:23:03.917359+00:00
Chicago Bears,https://www.windycitygridiron.com,Tyson Bagent ends practice with a long TD; will start for Bears on Saturday,"Chicago Bears head coach Ben Johnson met the media today before training camp practice and shared his plan for Saturday’s game against the Cleveland Browns. He said that Caleb Williams and several offensive and defensive starters would not play, which, in case you’re wondering, is exactly what they did for preseason game #1 last year. [&#8230;]",Lester A. Wiltfong Jr.,2026-08-13T18:00:00-04:00,https://www.windycitygridiron.com/chicago-bears-training-camp/120616/tyson-bagent-ends-practice-with-a-long-td-will-start-for-bears-on-saturday,2026-08-16T04:23:03.917359+00:00
Cincinnati Bengals,https://www.cincyjungle.com,"Twitter recap: B.J. Hill returns, but Dax Hill remains out","The Cincinnati Bengals were back on the practice field Saturday for the first time following their preseason opener vs. the Detroit Lions. With joint practice scheduled with the Chicago Bears later in the week prior to their preseason game Saturday, the Bengals were back to work. Injury updates B.J. Hill made his training camp debut. [&#8230;]",Drew Garrison,2026-08-15T17:26:15-04:00,https://www.cincyjungle.com/cincinnati-bengals-training-camp/196297/twitter-recap-b-j-hill-dax-hill-remains-out,2026-08-16T04:23:03.917359+00:00
Cincinnati Bengals,https://www.cincyjungle.com,Bengals sign Matthew McDoom; Ceyair Wright leaves the team,"The Cincinnati Bengals have signed free agent cornerback Matthew McDoom, the team announced on Saturday. The team also announced that cornerback Ceyair Wright has left the team to pursue other opportunities. He will be placed on the exempt/left squad list and will not count against the 90-man roster. McDoom, weighing in at 5-foot-9 and 180 [&#8230;]",Jason Marcum,2026-08-15T13:46:47-04:00,https://www.cincyjungle.com/cincinnati-bengals-news/196279/matthew-mcdoom-ceyair-wright,2026-08-16T04:23:03.917359+00:00
Cincinnati Bengals,https://www.cincyjungle.com,B.J. Hill cleared to practice,"Cincinnati Bengals defensive tackle B.J. Hill has passed a physical and is cleared to practice, the team announced on Saturday. Hill had been placed on the PUP list on July 25 but was widely expected to be cleared soon enough, as he ended up missing just about three weeks of training camp and one preseason [&#8230;]",Jason Marcum,2026-08-15T13:33:00-04:00,https://www.cincyjungle.com/cincinnati-bengals-injuries/196285/b-j-hill-cleared-practice,2026-08-16T04:23:03.917359+00:00
Cincinnati Bengals,https://www.cincyjungle.com,Cashius Howell gets Defensive Rookie of the Year Buzz: Bengals Discussion and news (8/15),"The Bengals are riding high off of a preseason opening win over the Lions, and the revamped defense is the center of a lot of conversation. A lot of new faces on both sides of the ball were the talk of the weekend. As is often the case in summer exhibitions, rookies were one of [&#8230;]",Anthony Cosenza,2026-08-15T12:25:50-04:00,https://www.cincyjungle.com/cincinnati-bengals-news/196277/cashius-howell-gets-defensive-rookie-of-the-year-buzz-bengals-discussion-and-news-8-15,2026-08-16T04:23:03.917359+00:00
Cincinnati Bengals,https://www.cincyjungle.com,Landon Robinson had an impressive debut in Bengals vs. Lions,"The Cincinnati Bengals drafted Landon Robinson in the seventh round of the 2026 NFL Draft. Considered too small by some people, listed at 6’0” and 295 pounds, he has done nothing but continuously prove people wrong on the football field. In his NFL preseason debut vs. the Detroit Lions, Robinson played a game-high 45 snaps [&#8230;]",Dale Altman,2026-08-15T07:15:00-04:00,https://www.cincyjungle.com/cincinnati-bengals-preseason/196245/landon-robinso-debut-vs-lions,2026-08-16T04:23:03.917359+00:00
Cincinnati Bengals,https://www.cincyjungle.com,ESPN projects Bengals players’ Hall of Fame chances,"The Bengals have not had much luck getting players into the Pro Football Hall of Fame in the past, with only two members of the team in it. They still have a couple of players with potential to make it in and have gotten close in the past with Willie Anderson and Ken Anderson. Now, [&#8230;]",Patrick Carlisle,2026-08-15T06:30:00-04:00,https://www.cincyjungle.com/cincinnati-bengals-roster/195710/espn-players-hall-of-fame-chances,2026-08-16T04:23:03.917359+00:00
Cincinnati Bengals,https://www.cincyjungle.com,Bengals 53-man roster prediction following preseason win vs. Lions,"Football is back! The Cincinnati Bengals’ first preseason game is in the books. They pulled out a two-point win, 16-14, at home against the Detroit Lions. Most of the Bengals’ starters played, and we got our first good look at some of the new guys looking to crack the final roster.  Here’s how I think [&#8230;]",Jason Garrison,2026-08-14T17:46:54-04:00,https://www.cincyjungle.com/cincinnati-bengals-analysis/196207/53-man-roster-prediction-preseason-win-lions,2026-08-16T04:23:03.917359+00:00
Cincinnati Bengals,https://www.cincyjungle.com,Bengals beat Lions in preseason opener: OBI’s “The Aftermath”,"The Bengals started the 2026 campaign strong, winning their first preseason game of the year. It wasn’t the prettiest of affairs, but some of the things many folks wanted the team to achieve were on display. Who made themselves into the back-end roster conversation? What are still some of the weaker areas of the team [&#8230;]",Anthony Cosenza,2026-08-14T16:37:16-04:00,https://www.cincyjungle.com/cincinnati-bengals-analysis/196262/bengals-beat-lions-in-preseason-opener-obis-the-aftermath,2026-08-16T04:23:03.917359+00:00
Cincinnati Bengals,https://www.cincyjungle.com,3 things we learned from the Bengals’ preseason opener vs. Lions,"The Cincinnati Bengals came out of their first preseason game with a win and no injuries to their stars. That’s pretty good. The final score was 16-14, but the team was up 10-0 when Joe Flacco exited the game, which is a nice sign. Here’s what we learned: The offense is going to be more [&#8230;]",Dadio Makdook,2026-08-14T10:20:03-04:00,https://www.cincyjungle.com/cincinnati-bengals-preseason/196236/3-things-learned-bengals-preseason-opener-lions,2026-08-16T04:23:03.917359+00:00
Cincinnati Bengals,https://www.cincyjungle.com,Bengals News: First preseason win,"The Bengals concluded their first preseason game with a win over the Detroit Lions, coming away with a 16-14 victory at a rainy Paycor Stadium. While there were the predictably ugly elements of a summer exhibition opener, there were reasons for optimism. Al Golden’s unit looked improved in several ways, and while the offense did [&#8230;]",Anthony Cosenza,2026-08-14T06:36:00-04:00,https://www.cincyjungle.com/cincinnati-bengals-news/196201/lions-first-preseason-win,2026-08-16T04:23:03.917359+00:00
Cleveland Browns,https://www.dawgsbynature.com,"9 takeaways from Browns vs Bears, including on Deshaun Watson, Shedeur Sanders","The Cleveland Browns and Chicago Bears faced off in their first preseason game of the 2026 season, with the home team sitting many key players while the visitors were trying to evaluate some key players. The final score was far from the most important thing for the Browns, but DBNers spent the game chatting through [&#8230;]",Jared Mueller,2026-08-15T16:10:26-04:00,https://www.dawgsbynature.com/cleveland-browns-analysis/130358/9-takeaways-from-browns-vs-bears-deshaun-watson-shedeur-sanders,2026-08-16T04:23:03.917359+00:00
Cleveland Browns,https://www.dawgsbynature.com,Cleveland Browns vs. Chicago Bears final score: Each QB turns the ball over in loss,"If the lens was on the Cleveland Browns’ quarterback competition in this first preseason game, then only one player did themselves a favor in the team’s 34-10 loss to the Chicago Bears. But even then, all three quarterbacks had at least one turnover. Let’s get to the full game recap. Or, you can just watch [&#8230;]",Chris Pokorny,2026-08-15T16:07:31-04:00,https://www.dawgsbynature.com/cleveland-browns-scores-results/130346/cleveland-browns-vs-chicago-bears-final-score-each-qb-turns-the-ball-over-in-34-10-loss,2026-08-16T04:23:03.917359+00:00
Cleveland Browns,https://www.dawgsbynature.com,Cleveland Browns vs. Chicago Bears discussion: Deshaun Watson gets his first start,Cleveland Browns fans will get their first taste of Todd Monken as the team’s head coach today when his team battles the Chicago Bears in their first preseason game. The most important thing people will be paying attention to this preseason is how the quarterback competition plays out. Deshaun Watson will get the start this [&#8230;],Chris Pokorny,2026-08-15T11:30:00-04:00,https://www.dawgsbynature.com/cleveland-browns-discussion/130343/cleveland-browns-chicago-bears-discussion-deshaun-watson-shedeur-sanders-todd-monken,2026-08-16T04:23:03.917359+00:00
Cleveland Browns,https://www.dawgsbynature.com,"Browns vs. Bears Preseason: Game time, how to watch, odds and more","The Cleveland Browns are back! OK, it is only a preseason game, but the sight of those orange helmets on the green grass means that the regular season is not so far away. This afternoon at Soldier Field in downtown Chicago, the Browns will take on the Chicago Bears in the opening game of the [&#8230;]",Thomas Moore,2026-08-15T08:00:00-04:00,https://www.dawgsbynature.com/cleveland-browns-game-information/130306/browns-chicago-bears-preseason-game-time-how-to-watch-odds-and-more,2026-08-16T04:23:03.917359+00:00
Cleveland Browns,https://www.dawgsbynature.com,"Browns offense might require patience this year, and that is okay","People often express patience when it comes to certain things, but struggle when they have to experience it. It’s not uncommon to have to wait for certain things, whether it’s a new job or waiting to buy something that you have wanted to buy. Having patience is an underrated skill. It might take a while [&#8230;]",Curtiss Brown,2026-08-15T07:35:14-04:00,https://www.dawgsbynature.com/cleveland-browns-analysis/130087/browns-offense-might-require-patience-this-year-and-that-is-okay,2026-08-16T04:23:03.917359+00:00
Cleveland Browns,https://www.dawgsbynature.com,Browns 2026 predictions: Rushing yards for Quinshon Judkins,"Quinshon Judkins is entering his second season with the Cleveland Browns and has an opportunity to have a really big season. After showing plenty of promise during his rookie season, he now has an opportunity to take another step forward with a year of experience under his belt. Considering the talent around him on the [&#8230;]",Abby Mueller,2026-08-15T07:25:51-04:00,https://www.dawgsbynature.com/cleveland-browns-discussion/130303/browns-2026-predictions-rushing-yards-quinshon-judkins,2026-08-16T04:23:03.917359+00:00
Cleveland Browns,https://www.dawgsbynature.com,"If Shedeur Sanders loses Browns QB competition, a trade could be possible","With the 2026 preseason beginning on Saturday for the Cleveland Browns, the team is still trying to figure out their current quarterback situation. Shedeur Sanders, who is in his second year with the Browns, is trying to take the starting job from veteran Deshaun Watson. However, Sanders is running into some form of adversity whilst [&#8230;]",Curtiss Brown,2026-08-15T07:23:37-04:00,https://www.dawgsbynature.com/cleveland-browns-preseason/130007/shedeur-sanders-trade-rumors-browns-qb-competition-deshaun-watson,2026-08-16T04:23:03.917359+00:00
Cleveland Browns,https://www.dawgsbynature.com,Cleveland Browns news: Welcome to the preseason!,Dawgs By Nature The Feed Share your thoughts in Dawgs By Nature’s Feed in the comment section or by following this link to the Feed post. Cleveland Browns NFL,Thomas Moore,2026-08-15T06:30:00-04:00,https://www.dawgsbynature.com/cleveland-browns-news/130316/cleveland-browns-news-quinshon-judkins-shedeur-sanders-jared-verse-deshaun-watson,2026-08-16T04:23:03.917359+00:00
Cleveland Browns,https://www.dawgsbynature.com,How much will the Browns’ starters play in the first preseason game?,"The Cleveland Browns are set to play their first preseason game this Saturday against the Chicago Bears. With there only being three games in the preseason, we’ve seen how NFL teams have varied reps for starters. Some teams are more concerned with protecting their health, but other teams have more competition for starting roles and [&#8230;]",Chris Pokorny,2026-08-14T10:20:09-04:00,https://www.dawgsbynature.com/cleveland-browns-discussion/130291/how-much-will-the-browns-starters-play-in-the-first-preseason-game,2026-08-16T04:23:03.917359+00:00
Cleveland Browns,https://www.dawgsbynature.com,"Cleveland Browns roster by jersey number, last name","The Cleveland Browns are about to play their first preseason game of the 2026 season. To help prepare you, we’re providing a list of the entire preseason roster, sorted in two ways: first by jersey number, and then by last name. When the roster is trimmed to 53 players during the regular season, it might [&#8230;]",Chris Pokorny,2026-08-14T09:53:19-04:00,https://www.dawgsbynature.com/cleveland-browns-roster-players/129669/cleveland-browns-roster-by-jersey-number-last-name,2026-08-16T04:23:03.917359+00:00
Dallas Cowboys,https://www.bloggingtheboys.com,Cowboys do something for the first time in almost a decade,The Dallas Cowboys won their first preseason game of the year. It has been almost a decade since that sentence was true. We spoke in the lead up to Saturday night’s preseason opener about how the Cowboys hadn’t won the first game of any preseason since 2017. For context that was the Pro Football Hall [&#8230;],RJ Ochoa,2026-08-16T00:00:00-04:00,https://www.bloggingtheboys.com/dallas-cowboys-preseason/214207/win-ends-streak-lose-openers,2026-08-16T04:23:03.917359+00:00
Dallas Cowboys,https://www.bloggingtheboys.com,Cowboys must keep this player following his preseason debut,"Where were you when Camden Brown locked up his spot on the Dallas Cowboys 53-man roster? That may have not literally happened on Saturday night against the Seattle Seahawks, but it could have from a practical standpoint. Camden Brown, an undrafted free agent out of Georgia Southern, played in an NFL game for the first [&#8230;]",RJ Ochoa,2026-08-15T23:30:00-04:00,https://www.bloggingtheboys.com/dallas-cowboys-preseason/214193/camden-brown-touchdown-catches-video,2026-08-16T04:23:03.917359+00:00
Dallas Cowboys,https://www.bloggingtheboys.com,Cowboys vs. Seahawks preseason recap: Dallas impressive in win to start season,"The Dallas Cowboys are 1-0 in the preseason for the first time in a long time. It was 2017 when Dallas last started a preseason undefeated, but it took a hard-fought game against the Seattle Seahawks on Saturday night to get there. Things began a bit rough, but ultimately the Cowboys offense and defense each [&#8230;]",RJ Ochoa,2026-08-15T23:00:34-04:00,https://www.bloggingtheboys.com/dallas-cowboys-preseason/214179/cowboys-vs-seahawks-preseason-recap-win,2026-08-16T04:23:03.917359+00:00
Dallas Cowboys,https://www.bloggingtheboys.com,Cowboys at Seahawks discussion: Preseason Week 1 game day live,The Dallas Cowboys take on the Seattle Seahawks in the first preseason game for both teams in 2026. The Cowboys are taking the energy of a competitive training camp to the Pacific Northwest to test themselves versus the Super Bowl Champs. Stop by and enjoy the game with your fellow Cowboys fans here at BTB! [&#8230;],David Halprin,2026-08-15T19:45:00-04:00,https://www.bloggingtheboys.com/dallas-cowboys-discussion/214159/seahawks-discussion-preseason-week-1-game-day-live,2026-08-16T04:23:03.917359+00:00
Dallas Cowboys,https://www.bloggingtheboys.com,Cowboys at Seahawks: 5 things to watch,"The long, grueling wait is officially over. It has been 223 days since the Dallas Cowboys last lined up and played a football game, but that streak ends today. The time has finally arrived as the team travels to the beautiful Pacific Northwest to square off against the Super Bowl Champion, Seattle Seahawks, for their [&#8230;]",Dan Rogers,2026-08-15T18:30:00-04:00,https://www.bloggingtheboys.com/dallas-cowboys-preseason/214080/seahawks-preseason-game-shavon-revel-jaydon-blue,2026-08-16T04:23:03.917359+00:00
Dallas Cowboys,https://www.bloggingtheboys.com,3 predictions for the Cowboys at Seahawks preseason game,"We are finally in August, and with that comes the glorified exhibition schedule known as the preseason. For many fans, seeing their favorite teams line up against one another can be exciting; for others, it may draw a big yawn. For the players, however, it is a chance to show the coaches what they’ve got, [&#8230;]",Jorge Guajardo,2026-08-15T17:30:00-04:00,https://www.bloggingtheboys.com/dallas-cowboys-preseason/214110/3-predictions-seahawks-preseason-game,2026-08-16T04:23:03.917359+00:00
Dallas Cowboys,https://www.bloggingtheboys.com,Take your drama to yo mama: The NFC East&#8217;s offseason soap opera isn&#8217;t in Dallas,The 2026 Cowboys have largely avoided the drama that has felt more like a feature than a bug in years past. Getting ahead of the Quinnen Williams extension and handling the George Pickens deal without a public spectacle put them ahead of the curve on the contract front. Reputed interest in Brandon Sorsby for the [&#8230;],One Cool Customer,2026-08-15T16:00:00-04:00,https://www.bloggingtheboys.com/dallas-cowboys-analysis/213969/drama-free-offseason-jerry-jones,2026-08-16T04:23:03.917359+00:00
Dallas Cowboys,https://www.bloggingtheboys.com,Cowboys countdown to kickoff: Top 100 iconic games &#8211; Day 29,It is Day 29 of our 100-day countdown to kickoff. We are looking back at the 100 most iconic games in Dallas Cowboys history. The countdown will leads us right up to the opening game of 2026. Our look back doesn’t depend on just one criteria for our rankings. We take into consideration things like [&#8230;],Mike Poland,2026-08-15T15:00:00-04:00,https://www.bloggingtheboys.com/dallas-cowboys-history/214116/countdown-to-kickoff-top-100-iconic-games-day-29,2026-08-16T04:23:03.917359+00:00
Dallas Cowboys,https://www.bloggingtheboys.com,4 Cowboys who need big games against the Seahawks ,"After a long offseason, the Dallas Cowboys are back in live game action. The Cowboys will travel to Seattle to play in the last game of the week, with all eyes on the initial rendition of the 2026 Dallas Cowboys. Thankfully, the approach so far has been all business with no contractual drama looming over [&#8230;]",LP Cruz,2026-08-15T13:30:00-04:00,https://www.bloggingtheboys.com/dallas-cowboys-preseason/214011/seahawks-game-traeshon-holden-drew-shelton-marist-liufau,2026-08-16T04:23:03.917359+00:00
Dallas Cowboys,https://www.bloggingtheboys.com,Cowboys improved depth on defense should shine in preseason action,"For the first time in a long time, it feels like the Dallas Cowboys have some quality depth on their roster. For years, we have talked about how top heavy the Cowboys were over training camp, preseason, and the regular season. This year, things feel a bit different. The defensive side of the ball has [&#8230;]",Connor Livesay,2026-08-15T11:00:00-04:00,https://www.bloggingtheboys.com/dallas-cowboys-preseason/213996/improved-depth-defense-roster-battles-christian-parker,2026-08-16T04:23:03.917359+00:00
Denver Broncos,https://www.milehighreport.com,Game balls for the Broncos 27-7 preseason win over the Falcons,The Denver Broncos had a dominant first half in their 27-7 preseason win over the Atlanta Falcons and would coast to victory in the second. There were many game-ball worthy plays out there in this game and we could not cover them all. I know Riley Moss had himself a big game as did the [&#8230;],Tim Lynch,2026-08-15T07:00:00-04:00,https://www.milehighreport.com/denver-broncos-highlights/181951/game-balls-broncos-vs-falcons-preseason,2026-08-16T04:23:03.917359+00:00
Denver Broncos,https://www.milehighreport.com,Sean Payton was pleased with the Broncos’ run game vs. Falcons,The Denver Broncos looked impressive throughout most of the 27-7 preseason win over the Atlanta Falcons outside a couple of special teams miscues. The best aspect to that win could be the underrated run game. Denver outgained the Falcons by over 100 yards on the ground and that was something that head coach Sean Payton [&#8230;],Tim Lynch,2026-08-15T06:00:00-04:00,https://www.milehighreport.com/denver-broncos-preseason/181976/sean-payton-pleased-with-broncos-run-game-vs-falcons,2026-08-16T04:23:03.917359+00:00
Denver Broncos,https://www.milehighreport.com,Winners and Losers from the Denver Broncos&#8217; 27-7 victory over the Atlanta Falcons,"No Bo Nix or Jaylen Waddle, no problem. The Denver Broncos opened their preseason on fire and dominated the Atlanta Falcons throughout tonight’s game. They had a 24-0 lead at halftime and had contributions from both their offense and defense during the first half. Things slowed down a bit in the second half, but the [&#8230;]",Scotty Payne,2026-08-14T22:59:13-04:00,https://www.milehighreport.com/denver-broncos-news/181919/winners-and-losers-from-the-denver-broncos-27-7-victory-over-the-atlanta-falcons-jarrett-stidham-jonah-coleman-jahdae-barron-nfl-preseason,2026-08-16T04:23:03.917359+00:00
Denver Broncos,https://www.milehighreport.com,Instant reaction: Broncos earn decisive victory over Falcons in preseason opener,"The Denver Broncos started off the preseason the right way. When the clock struck zero, the Broncos had notched a decisive 27-7 victory over the Atlanta Falcons. It was abundantly clear who was the better coached team in this one. Here are several instant reactions from their first preseason game. Broncos’ offense looked sharp in [&#8230;]",Christopher Hart,2026-08-14T22:15:00-04:00,https://www.milehighreport.com/denver-broncos-preseason/181751/instant-reaction-broncos-earn-decisive-victory-over-falcons-in-preseason-opener,2026-08-16T04:23:03.917359+00:00
Denver Broncos,https://www.milehighreport.com,2026 preseason: Denver Broncos vs. Atlanta Falcons final score,The Denver Broncos kicked off their preseason on the road against the Atlanta Falcons. Starters were projected to play just 10-15 plays with Jarrett Stidham at the helm and that is about how it went. Though the defense was so good with their first team that they ended up playing four series and still came [&#8230;],Tim Lynch,2026-08-14T22:07:27-04:00,https://www.milehighreport.com/denver-broncos-news/181766/2026-preseason-denver-broncos-vs-atlanta-falcons-final-score,2026-08-16T04:23:03.917359+00:00
Denver Broncos,https://www.milehighreport.com,Preseason 2026: Broncos vs. Falcons &#8211; Live coverage,"Update: Broncos beat the Falcons 27-7 in preseason opener. The 2026 season officially kicks off for the Denver Broncos with their first preseason game being on the road against the Atlanta Falcons. Starters will play 10-15 snaps, but no Bo Nix. He’ll make his 2026 debut next week. There is plenty of position competition happening [&#8230;]",Tim Lynch,2026-08-14T22:07:11-04:00,https://www.milehighreport.com/game-day-threads/181734/preseason-2026-broncos-vs-falcons-full-coverage,2026-08-16T04:23:03.917359+00:00
Denver Broncos,https://www.milehighreport.com,Injuries not a concern to Broncos fans,"While a few fans thought this week’s poll was aimed at “baiting” them, my intent behind the question was to gauge level of concern over some of the injuries in training camp. So joke’s on you; it was a serious question. And it was serious because I always hold my breath during training camp, hoping [&#8230;]",Laurie Lattimore-Volkmann,2026-08-14T15:50:37-04:00,https://www.milehighreport.com/denver-broncos-training-camp/181740/injuries-not-a-concern-to-broncos-fans,2026-08-16T04:23:03.917359+00:00
Denver Broncos,https://www.milehighreport.com,7 storylines to watch during the Broncos vs. Falcons preseason opener,"The Broncos play football today! Later tonight, the Denver Broncos will kick off their 2026 preseason in Atlanta when they take on the Falcons in Week 1 of the 2026 NFL preseason. Broncos Country will need to wait one more week before we see quarterback Bo Nix on the field. Head Coach Sean Payton told [&#8230;]",Scotty Payne,2026-08-14T10:33:50-04:00,https://www.milehighreport.com/denver-broncos-news/181706/7-storylines-to-watch-during-the-broncos-vs-falcons-preseason-opener-2026-denver-broncos-atlanta-falcons-news-rumors-training-camp-bo-nix,2026-08-16T04:23:03.917359+00:00
Denver Broncos,https://www.milehighreport.com,"Denver Broncos roster by jersey number, last name","The Denver Broncos have their preseason opener this Friday Night when they travel to Atlanta to take on the Falcons. This will be the first time we see the new Broncos players on the field. We’ll see a lot of new faces like some back-end-of-the-roster players, the 2026 rookie class, the undrafted rookies, and a [&#8230;]",Scotty Payne,2026-08-14T08:00:00-04:00,https://www.milehighreport.com/denver-broncos-roster/180661/denver-broncos-roster-by-jersey-number-last-name,2026-08-16T04:23:03.917359+00:00
Denver Broncos,https://www.milehighreport.com,"Broncos vs. Falcons preseason: How to watch, game time, TV schedule, game preview and more","We have football again! The 2026 season for the Denver Broncos officially kicks off tonight on the road against the Atlanta Falcons for each teams first preseason game. Game preview Head coach Sean Payton noted that starters would see 10-15 plays in this first preseason game, but that will not include quarterback Bo Nix. We’ll [&#8230;]",Tim Lynch,2026-08-14T07:00:00-04:00,https://www.milehighreport.com/denver-broncos-game-information/181724/broncos-vs-falcons-preseason-game-time-tv-schedule,2026-08-16T04:23:03.917359+00:00
Detroit Lions,https://www.prideofdetroit.com,Lions training camp notes: Offense thrives in end-of-game scenarios,"The Detroit Lions returned to practice after their Thursday night preseason opener against the Cincinnati Bengals. But on Saturday, it was a short, unpadded practice. Still, the intensity was up pretty high, there were plenty of competitive drills and an interesting focus on late-game scenarios. We’re going to break down each segment of practice in [&#8230;]",Jeremy Reisman,2026-08-15T20:32:10-04:00,https://www.prideofdetroit.com/detroit-lions-training-camp/169427/lions-training-camp-notes-offense-thrives-in-end-of-game-scenarios,2026-08-16T04:23:03.917359+00:00
Detroit Lions,https://www.prideofdetroit.com,Detroit Lions injury news: Several starters return to action,"It was a big day at Detroit Lions training camp, as several important players returned to action following the team’s preseason opener. Saturday’s practice was only in shells and a short one, but it’s a key step in getting some critical players back into the starting lineup and earning some valuable reps. Returned to practice: [&#8230;]",Jeremy Reisman,2026-08-15T17:30:32-04:00,https://www.prideofdetroit.com/detroit-lions-injuries/169426/detroit-lions-injury-news-several-starter-return-to-action,2026-08-16T04:23:03.917359+00:00
Detroit Lions,https://www.prideofdetroit.com,How concerned are Detroit Lions fans about the offensive line?,"Earlier this week, we published our latest SB Nation Reacts survey, sponsored by the folks at&#160;FanDuel Sportsbook, and asked Detroit Lions fans: What’s your concern level for the Lions’ offensive line after Cade Mays’ injury? Last week, Mays reportedly broke a small bone in his wrist and is expected to miss 8-10 weeks, meaning he [&#8230;]",Erik Schlitt,2026-08-15T10:00:00-04:00,https://www.prideofdetroit.com/detroit-lions-discussion/169383/detroit-lions-offensive-line-concern-level-cade-mays-injury,2026-08-16T04:23:03.917359+00:00
Detroit Lions,https://www.prideofdetroit.com,Detroit Lions signing veteran running back amidst injuries,"Late Friday night, news broke that the Detroit Lions are signing veteran running back Trayveon Williams, according to Aaron Wilson. Williams was a sixth-round pick in 2019 for the Cincinnati Bengals. He stayed with the Bengals for six seasons, appearing in 68 games over that span, mostly serving on special teams, logging 873 snaps in [&#8230;]",Jeremy Reisman,2026-08-15T09:00:00-04:00,https://www.prideofdetroit.com/detroit-lions-news/169394/detroit-lions-signing-veteran-running-back-trayveon-williams-amidst-injuries,2026-08-16T04:23:03.917359+00:00
Detroit Lions,https://www.prideofdetroit.com,5 Detroit Lions who hurt their roster chances in preseason opener,"NFL preseason is always a mixed bag, as teams dive into their depth chart to see which players will step up in the spotlight. Against the Cincinnati Bengals, the Detroit Lions had a fair number of good showings, but there are two sides to every coin and many players saw their roster chances take a [&#8230;]",John Whiticar,2026-08-15T08:00:00-04:00,https://www.prideofdetroit.com/detroit-lions-analysis/169283/5-detroit-lions-hurt-roster-chances-preseason-opener,2026-08-16T04:23:03.917359+00:00
Detroit Lions,https://www.prideofdetroit.com,"13 winners, 6 losers from Detroit Lions preseason game vs. Bengals","The Detroit Lions fell to the Cincinnati Bengals on the road, 16-14, to open the exhibition portion of the schedule in Dan Campbell&#8217;s sixth season at the helm. Despite a slopfest from a weather, turnover, and penalty standpoint, there were still plenty of beneficial aspects to the competitive faceoff between the two feline teams at [&#8230;]",Al Karsten,2026-08-15T07:03:54-04:00,https://www.prideofdetroit.com/detroit-lions-preseason/169369/13-winners-6-losers-detroit-lions-preseason-game-vs-bengals,2026-08-16T04:23:03.917359+00:00
Detroit Lions,https://www.prideofdetroit.com,"Detroit Lions stock report: Risers, fallers at every position vs. Bengals","The&#160;Detroit Lions’&#160;first preseason game of the 2026 season is in the books, and it’s time to check in on the players who helped or hurt their stock against the Cincinnati Bengals. Attendance The Lions rested 32 players (including 18 starters) along with another three on injury lists (PUP/NFI). Let’s take a quick look at the [&#8230;]",Erik Schlitt,2026-08-14T11:18:42-04:00,https://www.prideofdetroit.com/detroit-lions-analysis/169011/detroit-lions-stock-report-risers-fallers-at-every-position-vs-bengals,2026-08-16T04:23:03.917359+00:00
Detroit Lions,https://www.prideofdetroit.com,What was your biggest takeaway from the preseason game against the Bengals?,"As always in the preseason, there were plenty of ups and downs during the Detroit Lions’ 16-14 loss to the Cincinnati Bengals in what was the first ot three scheduled exhibition games. On the offensive side of the ball, rookie quarterback Luke Altmyer looked calm and cool operating the Lions’ offense, while it was a [&#8230;]",Morgan Cannon,2026-08-14T09:13:14-04:00,https://www.prideofdetroit.com/detroit-lions-discussion/169081/what-was-your-biggest-takeaway-from-the-preseason-game-against-the-bengals,2026-08-16T04:23:03.917359+00:00
Detroit Lions,https://www.prideofdetroit.com,What Lions vs. Bengals snap counts tell us about Detroit’s roster,"Snap counts—and more importantly, order of lineups—in the preseason can be very telling as to where each player currently stands in the depth chart. So we took a closer look at the participation of individual Detroit Lions players in their preseason opener against the Cincinnati Bengals. Here’s what we found. Quarterbacks: Luke Altmyer nearly got [&#8230;]",Jeremy Reisman,2026-08-14T08:00:00-04:00,https://www.prideofdetroit.com/detroit-lions-analysis/169307/what-lions-vs-bengals-snap-counts-tells-us-about-detroits-roster,2026-08-16T04:23:03.917359+00:00
Detroit Lions,https://www.prideofdetroit.com,5 Detroit Lions players who helped their roster chances in Bengals preseason game,"The first preseason game of the Detroit Lions’ 2026 season is in the books, albeit with a losing score of 16-14 in favor of the Cincinnati Bengals. However, wins and losses are secondary facts of the preseason. What truly matters is using these live snaps as learning tools for both players and coaches alike. For [&#8230;]",John Whiticar,2026-08-14T07:00:00-04:00,https://www.prideofdetroit.com/detroit-lions-analysis/169139/5-detroit-lions-players-helped-roster-chances-bengals-preseason-game,2026-08-16T04:23:03.917359+00:00
Green Bay Packers,https://www.acmepackingcompany.com,Packers clear the runway for Kyle McCord to be QB3,"On Saturday, just two days after the Green Bay Packers’ preseason opener, the Packers announced that they have parted ways with quarterback Kyron Drones, who was originally signed by the team as an undrafted free agent immediately following the 2026 NFL draft. Drones signed with Green Bay for just $5,000 in guarantees, which ranked 10th [&#8230;]",Justis Mosqueda,2026-08-15T19:01:06-04:00,https://www.acmepackingcompany.com/green-bay-packers-news/84756/packers-clear-the-runway-for-kyle-mccord-to-be-qb3,2026-08-16T04:23:03.917359+00:00
Green Bay Packers,https://www.acmepackingcompany.com,Here’s who played for the Packers’ 1st- and 2nd-team units in the preseason opener,"The Green Bay Packers’ snap counts from their preseason opener against the Pittsburgh Steelers dropped yesterday, but they don’t tell you very much. When players like cornerback Jaylin Simpson are leading the team in total snaps, it doesn’t really paint a clear picture of who is getting in the mix with the Packers’ first- and [&#8230;]",Justis Mosqueda,2026-08-15T06:00:00-04:00,https://www.acmepackingcompany.com/green-bay-packers-depth-chart/84752/heres-who-played-for-the-packers-1st-and-2nd-team-units-in-the-preseason-opener,2026-08-16T04:23:03.917359+00:00
Green Bay Packers,https://www.acmepackingcompany.com,Packers Discussion: How are you feeling about the team after the 1st preseason game?,"Since a lot of us are excited about football coming back, let’s use this as a general thread to talk about the football team coming off last night’s preseason opener. How are you feeling about the team? Better? Worse? Not much change? Let us know in the comments section. Here are a couple of posts [&#8230;]",Justis Mosqueda,2026-08-14T19:59:11-04:00,https://www.acmepackingcompany.com/green-bay-packers-discussion/84749/packers-discussion-how-are-you-feeling-about-the-team-after-the-1st-preseason-game,2026-08-16T04:23:03.917359+00:00
Green Bay Packers,https://www.acmepackingcompany.com,"Packers coaches talk injuries, preseason opener","The Green Bay Packers’ coaching staff, including coordinators and assistants, spoke to the media on Friday following the Packers’ 28-9 preseason loss to the Pittsburgh Steelers. The game was an odd one: Green Bay held the lead with their third-string units (even though it was a bit of a rock match), but when the fourth-string defense [&#8230;]",Justis Mosqueda,2026-08-14T18:30:33-04:00,https://www.acmepackingcompany.com/green-bay-packers-news/84746/packers-coaches-talk-injuries-preseason-opener-anthony-campbell-darian-kinnard,2026-08-16T04:23:03.917359+00:00
Green Bay Packers,https://www.acmepackingcompany.com,Kicker Trey Smack already in rare company in recent Packers history,"One field goal does not a kicker make. Two feels a lot better, but it’s still not enough for a trend. All that to say, Trey Smack got off to a pretty good start during the Packers’ first preseason game of 2026. Though it didn’t count, Smack opened his Packers career with a 58-yard boot [&#8230;]",Jon Meerdink,2026-08-14T16:08:38-04:00,https://www.acmepackingcompany.com/green-bay-packers-analysis/84738/kicker-trey-smack-already-in-rare-company-in-recent-packers-history,2026-08-16T04:23:03.917359+00:00
Green Bay Packers,https://www.acmepackingcompany.com,Packers fans still favor Anthony Belton to start at right guard,"On Thursday night, the Green Bay Packers played a game for the first time this preseason, giving other teams and their own fans the first look at a potential lineup. Several key players sat out in the team’s exhibition debut against the Pittsburgh Steelers, including starting right tackle Zach Bako-Bewele, but there were several notable [&#8230;]","Evan ""Tex"" Western",2026-08-14T15:35:00-04:00,https://www.acmepackingcompany.com/green-bay-packers-discussion/84727/packers-fans-still-favor-anthony-belton-to-start-at-right-guard,2026-08-16T04:23:03.917359+00:00
Green Bay Packers,https://www.acmepackingcompany.com,Kyle McCord seems well ahead of Kyron Drones for Packers third QB job,"The top end of the Packers’ quarterback depth chart is set. As of last night, we can probably say the same about the bottom end, too. In action against the Pittsburgh Steelers, Kyle McCord looked much more game-ready than fellow low-end quarterback Kyron Drones, whose only real selling point is his athleticism. McCord completed 12 [&#8230;]",Jon Meerdink,2026-08-14T12:00:00-04:00,https://www.acmepackingcompany.com/green-bay-packers-analysis/84715/kyle-mccord-seems-well-ahead-of-kyron-drones-for-packers-third-qb-job,2026-08-16T04:23:03.917359+00:00
Green Bay Packers,https://www.acmepackingcompany.com,Jordan Morgan looks at home back at his natural left tackle spot,"Most of what we see in preseason NFL games doesn’t matter at all, as many of the snaps that are taken up by players in those games are from players who won’t play more than special teams snaps during the season. However, with the some members of the Green Bay Packers’ first-team offensive line getting [&#8230;]",rcon14,2026-08-14T11:30:00-04:00,https://www.acmepackingcompany.com/green-bay-packers-analysis/84719/jordan-morgan-looks-at-home-back-at-his-natural-left-tackle-spot,2026-08-16T04:23:03.917359+00:00
Green Bay Packers,https://www.acmepackingcompany.com,Packers should open up wide receiver competition,"There’s a curious phenomenon going on at the moment with the Packers’ wide receiver room: it lacks size.&#160; Anybody who’s watched the Packers throughout the Matt LaFleur era would tell you that’s a bit strange. LaFleur has long preferred big-bodied receivers who can run block, and has been willing to trade speed for size to [&#8230;]",Jon Meerdink,2026-08-14T10:00:00-04:00,https://www.acmepackingcompany.com/green-bay-packers-analysis/84711/packers-should-open-up-wide-receiver-competition,2026-08-16T04:23:03.917359+00:00
Green Bay Packers,https://www.acmepackingcompany.com,Green Bay Packers News: Trey Smack stars in preseason debut,"For many football players, the cliché goes that everything changes when the pads go on in training camp. For kickers, however, it’s what you do in games, not in practices, that is what matters. If that’s the case, Trey Smack might be just fine. The Green Bay Packers rookie has had an up-and-down spring and [&#8230;]","Evan ""Tex"" Western",2026-08-14T09:00:00-04:00,https://www.acmepackingcompany.com/green-bay-packers-news/84706/green-bay-packers-news-trey-smack-stars-in-preseason-debut,2026-08-16T04:23:03.917359+00:00
Houston Texans,https://www.battleredblog.com,The Day After the Day After: The aftermath of the Houston Texans’ 27-7 loss to the LA Chargers,"Perspective: Football’s back. However, it was only the first preseason game for both teams. Generally, you don’t see many of the starters play in the first preseason game, outside of maybe one or two drives max. This is the time for the back end of the roster to showcase that they can perform in game [&#8230;]",l4blitzer,2026-08-15T09:00:00-04:00,https://www.battleredblog.com/houston-texans-analysis/77034/the-day-after-the-day-after-the-aftermath-of-the-houston-texans-27-7-loss-to-the-la-chargers,2026-08-16T04:23:03.917359+00:00
Houston Texans,https://www.battleredblog.com,100 notes from the Houston Texans preseason matchup against LA Chargers,"The first Houston Texans preseason game is in the books, and it’s one the team will likely move past quickly after a 27 to 7 loss. Throughout the game I tracked the action snap by snap, taking detailed notes as each sequence unfolded. Below, in chronological order, are one hundred observations from the Texans preseason [&#8230;]",Kenneth Levy,2026-08-14T13:14:00-04:00,https://www.battleredblog.com/houston-texans-preseason/77004/100-notes-from-the-houston-texans-preseason-matchup-against-la-chargers,2026-08-16T04:23:03.917359+00:00
Houston Texans,https://www.battleredblog.com,Texans drop the preseason opener to the Chargers,"It’s only preseason football. Keeping telling yourself that. The Texans dropped the preseason opener to the Los Angeles Chargers 27-7 on Thursday night. The opening drive was a good one for the Texans starting offensive line. Everything after that was mostly forgettable. Of course, none of the premium first string skill position players saw the [&#8230;]",Scott Barzilla,2026-08-13T22:57:16-04:00,https://www.battleredblog.com/houston-texans-analysis/77023/texans-drop-the-preseason-opener-to-the-chargers,2026-08-16T04:23:03.917359+00:00
Houston Texans,https://www.battleredblog.com,Chargers at Texans: Preseason Week 1 Discussion Thread,It’s here. Kinda. The first Houston Texans game of the (pre)season is finally here. Don’t expect to see a whole lot of the first team this week. Most of the first team will probably be covered in bubble wrap until week 2 to prevent unnecessary injuries to the biggest names on the team. This week [&#8230;],Patrick Haughton,2026-08-13T19:00:00-04:00,https://www.battleredblog.com/houston-texans-discussion/77010/chargers-at-texans-preseason-week-one-discussion-thread,2026-08-16T04:23:03.917359+00:00
Houston Texans,https://www.battleredblog.com,Houston Texans 2026 schedule and scores,"This season is shaping up to be one of the most anticipated Houston Texans seasons in franchise history. The defense is one of the deepest, most complete units in football. The offensive line has been retooled to give Stroud time to work in the pocket. If there is going to be a year where the [&#8230;]",Patrick Haughton,2026-08-13T17:00:00-04:00,https://www.battleredblog.com/houston-texans-schedule/76726/houston-texans-2026-schedule-scores,2026-08-16T04:23:03.917359+00:00
Houston Texans,https://www.battleredblog.com,Houston Texans: 6 Players to Watch Vs. The Chargers,"Today, the Houston Texans will host the Los Angeles Chargers in their first preseason game of the 2026 season at NRG Stadium at 7:00 PM CST. This will be the team’s first opportunity to put on a Super-Bowl sized show for their Houston fanbase, who are ravenous for some Texans action in this highly anticipated [&#8230;]",fizzyjoe,2026-08-13T14:00:00-04:00,https://www.battleredblog.com/houston-texans-preseason/76959/houston-texans-6-players-to-watch-vs-the-chargers,2026-08-16T04:23:03.917359+00:00
Houston Texans,https://www.battleredblog.com,Ten Houston Texans to Watch in the First Preseason Game vs Chargers,"We’ve made it. The light at the end of the tunnel has been reached. It’s football time once again. We’ll have to wait a few more weeks for meaningful football, but don’t tel that to the players vying for a spot on one of the most competitive rosters in the league. The Houston Texans are [&#8230;]",Kenneth Levy,2026-08-13T10:15:00-04:00,https://www.battleredblog.com/nfl-preseason/76900/ten-houston-texans-to-watch-in-the-first-preseason-game-vs-chargers,2026-08-16T04:23:03.917359+00:00
Houston Texans,https://www.battleredblog.com,The X-Factor of Tank Dell,2 of the most electric players in Houston Texans history have been Will Fuller V and Tank Dell. Both wide receiver speedsters. Both a threat to score any time they touched the ball. Both undersized and (so far) unable to remain healthy for a full run at the Houston Texans schedule. Both also elevated the [&#8230;],Mike Bullock,2026-08-13T09:00:00-04:00,https://www.battleredblog.com/houston-texans-analysis/76972/the-x-factor-of-tank-dell,2026-08-16T04:23:03.917359+00:00
Houston Texans,https://www.battleredblog.com,"Texans roster 2026: Kamari Lassiter, Reed Blankenship, Lewis Bond are underrated","The 2025 Houston Texans will go down as one of the most remarkable “What If?” stories in recent NFL history. DeMeco Ryans’ defense, which ranked third in DVOA the year before, bumped it up to second last season, and the Texans were able to make that leap with about as “vanilla” a defense as you’ll [&#8230;]",Doug Farrar,2026-08-11T08:58:27-04:00,https://www.battleredblog.com/houston-texans-analysis/76889/kamari-lassiter-reed-blankenship-lewis-bond-underrated-cj-stroud-playoffs,2026-08-16T04:23:03.917359+00:00
Houston Texans,https://www.battleredblog.com,Groupthink: Texans Training Camp’s Most to Gain and Lose,"Houston has been at camp for over one week. Plenty has been learned about this offense and defense. New faces adorn the roster, battles have taken place, and stocks are beginning to rise and fall. It hasn’t been perfect, but this training camp and preseason represents an amazing opportunity for players to further their career. [&#8230;]",Kenneth Levy,2026-08-10T09:53:00-04:00,https://www.battleredblog.com/nfl-training-camp/76922/groupthink-texans-training-camps-most-to-gain-and-lose,2026-08-16T04:23:03.917359+00:00
Indianapolis Colts,https://www.stampedeblue.com,Colts Training Camp ‘Day 11’: Quick Hits,"Following a Thursday night preseason opener tie, the Indianapolis Colts were back in action indoors during otherwise a soggy late Saturday afternoon—for what was a rather uneventful training camp practice, with the team primarily focusing on end zone work. I was actually able to attend this one as a credentialed member of the media, so [&#8230;]",Luke Schultheis,2026-08-15T23:21:33-04:00,https://www.stampedeblue.com/indianapolis-colts-training-camp/126522/colts-training-camp-day-11-quick-hits,2026-08-16T04:23:03.917359+00:00
Indianapolis Colts,https://www.stampedeblue.com,"DeForest Buckner is healthy and boy, do the Colts need him to be","A behemoth of a man came racing over on an electric bike. Big 99, DeForest Buckner, had media availability at the end of Colts training camp on Saturday night. Things were moved inside due to weather, but Buckner was as sunny as could be. He was all smiles as he talked to the media and [&#8230;]",Jon Spradley,2026-08-15T20:40:51-04:00,https://www.stampedeblue.com/indianapolis-colts-analysis/126513/deforest-buckner-is-healthy-and-boy-do-the-colts-need-him-to-be,2026-08-16T04:23:03.917359+00:00
Indianapolis Colts,https://www.stampedeblue.com,Colts receiving corps faces uncertainty as depth concerns linger on,"Westfield, Ind. — With the weather forcing the team to move Saturday’s training camp practice indoors, the Indianapolis Colts held a tight hour-long session at Droplight Grand Park Sports Campus focused primarily inside the red zone.  Starting quarterback Daniel Jones showcased his ability to recognize a different mix of coverages and deliver strong throws in [&#8230;]",Thomas Butler-Guerrero,2026-08-15T20:00:17-04:00,https://www.stampedeblue.com/indianapolis-colts-training-camp/126505/colts-receiving-corps-faces-uncertainty-as-depth-concerns-linger-during-indoor-practice,2026-08-16T04:23:03.917359+00:00
Indianapolis Colts,https://www.stampedeblue.com,Caden Curry: Hometown Hero or Caesar Rayford 2.0?,"Center Grove High School alum Caden Curry made an enormous impact in his first appearance donning his hometown Indianapolis Colts’ horseshoe on an NFL field last Thursday. Appearing in the 2nd half of the opening preseason game against the New England Patriots, perhaps it was a childhood hatred of the rival Patriots from the Tom [&#8230;]",Jay Robins,2026-08-15T17:17:10-04:00,https://www.stampedeblue.com/indianapolis-colts-roster/126478/caden-curry-hometown-hero-or-caesar-rayford-2-0,2026-08-16T04:23:03.917359+00:00
Indianapolis Colts,https://www.stampedeblue.com,Clyde’s Colts recap,"Let me start by saying that I did not get the best look at the game. I got the Pat’s feed, so I heard too much McCourty twin banter, along with another guy who talked with a big Bob’s Discount Furniture sign behind him. I am not sure that I heard a Colt player called [&#8230;]",Clydesdales,2026-08-15T13:26:39-04:00,https://www.stampedeblue.com/indianapolis-colts-analysis/126469/clydes-colts-recap,2026-08-16T04:23:03.917359+00:00
Indianapolis Colts,https://www.stampedeblue.com,Colts ST coordinator Brian Mason has significant knee injury after close of game collision,"According to multiple local media sources, Indianapolis Colts special teams coordinator Brian Mason has a serious knee injury, having torn multiple knee ligaments following a nasty collision along the sidelines after last night’s preseason opener against the New England Patriots had ended in a 13-13 tie: The 4th-year Colts special teams coordinator’s knee seemingly buckled [&#8230;]",Luke Schultheis,2026-08-14T16:12:28-04:00,https://www.stampedeblue.com/indianapolis-colts-news/126462/colts-st-coordinator-brian-mason-has-significant-knee-injury-after-close-of-game-collision,2026-08-16T04:23:03.917359+00:00
Indianapolis Colts,https://www.stampedeblue.com,Which Colts Training Camp Storylines Actually Matter?,"We’re deep into training camp, which means the countdown to Week 1 can officially begin. Last night’s preseason game was a very nice opportunity to see players in live action, though it’s important not to overreact to a singular preseason game. This is always one of the more fascinating times on the NFL calendar. Every [&#8230;]",coltsfilmroom,2026-08-14T10:14:18-04:00,https://www.stampedeblue.com/indianapolis-colts-analysis/126458/which-colts-training-camp-storylines-actually-matter,2026-08-16T04:23:03.917359+00:00
Indianapolis Colts,https://www.stampedeblue.com,Colts have plenty to evaluate after preseason opener tie with Patriots,"For the Indianapolis Colts, the 13-13 preseason opener stalemate does not reflect the numerous missed opportunities to step on the necks of the reining AFC-champions, punch the ball into the end zone, or for either quarterback to claim their job on the depth chart. The Colts turned the ball over four times through the first [&#8230;]",Thomas Butler-Guerrero,2026-08-13T23:59:52-04:00,https://www.stampedeblue.com/indianapolis-colts-scores-results/126426/colts-have-plenty-to-evaluate-after-preseason-opener-tie-with-patriots,2026-08-16T04:23:03.917359+00:00
Indianapolis Colts,https://www.stampedeblue.com,"Colts’ key takeaways from preseason opener, 13-13 tie, against Patriots","Colts Football is officially back, well sort of. The Indianapolis Colts traveled to the New England Patriots for the Preseason Opener, and here are some of the key takeaways from their, 13-13 tie, during Week 1 of preseason: Offense Defense Special Teams",Luke Schultheis,2026-08-13T22:51:56-04:00,https://www.stampedeblue.com/indianapolis-colts-analysis/126413/colts-key-takeaways-from-preseason-opener-13-13-tie-against-patriots,2026-08-16T04:23:03.917359+00:00
Indianapolis Colts,https://www.stampedeblue.com,Breaking down Anthony Richardson’s game vs the Patriots,Anthony Richardson got the start against the Patriots and played the entire first half. Let’s break down each and every play of his. Throw 1 Richardson comes out with a stinker on a designed roll out that left the tight end completely open in the flats. He fails to open up and align his upper [&#8230;],Andrew Aziz,2026-08-13T21:38:38-04:00,https://www.stampedeblue.com/indianapolis-colts-analysis/126378/breaking-down-anthony-richardsons-game-vs-the-patriots,2026-08-16T04:23:03.917359+00:00
Jacksonville Jaguars,https://www.bigcatcountry.com,Jacksonville Jaguars Winners And Losers Preseason Week One: Jags Win Sloppy In New Orleans,"Much to the dismay of Bucky Brooks, the Jacksonville Jaguars are back, baby. Playing in the Superdome down on the bayou, the Jags somehow came back and defeated the New Orleans Saints 24-20 after an impressive second half.  It was as “preseason game one” as a game could get with one bad half of ball [&#8230;]",Henry Zimmer,2026-08-15T20:00:00-04:00,https://www.bigcatcountry.com/general/87541/jacksonville-jaguars-winners-and-losers-preseason-week-one-jags-win-sloppy-in-new-orleans,2026-08-16T04:23:03.917359+00:00
Jacksonville Jaguars,https://www.bigcatcountry.com,Jaguars Depth Fuels Comeback Win Over Saints,"The Jacksonville Jaguars opened the preseason with a dramatic 24–20 win over the New Orleans Saints. After a difficult first half placed the team in a 20-6 halftime deficit, Jacksonville’s reserves found their rhythm after halftime and fueled a comeback. Penalties, drops, injuries, and early special team struggles ruled the early portion of the day. [&#8230;]",Travis Holmes,2026-08-15T19:49:11-04:00,https://www.bigcatcountry.com/game-day-threads/87479/jaguars-depth-fuels-comeback-win-over-saints,2026-08-16T04:23:03.917359+00:00
Jacksonville Jaguars,https://www.bigcatcountry.com,Jaguars vs Saints: Preseason Week 1 Live Blog and Open Thread,"The Jacksonville Jaguars play football today! The Jags are on the road to face off against the New Orleans Saints. Kickoff is at 4:00 pm EST, and you can click here to learn how to watch/listen to the game. You can also find game updates on our X/Twitter, Bluesky, and Facebook. 7:09: After a big play, the Saints’ offense is [&#8230;]",Caitlin Connor,2026-08-15T15:30:00-04:00,https://www.bigcatcountry.com/jacksonville-jaguars-discussion/87467/jaguars-vs-saints-preseason-week-1-live-blog-and-open-thread,2026-08-16T04:23:03.917359+00:00
Jacksonville Jaguars,https://www.bigcatcountry.com,Jaguars vs Saints: How to Watch Preseason Week 1,"The&#160;Jacksonville Jaguars&#160;and&#160;New Orleans Saints are set to square off in Week 1 of the 2026 preseason. Starters will not be suiting up, which is a shame, because it would’ve been cool to see Travis Etienne face his old squad. “It was great to see him after practice,” head coach Liam Coen said of his former [&#8230;]",Gus Logue,2026-08-15T07:30:00-04:00,https://www.bigcatcountry.com/jacksonville-jaguars-game-information/87453/jags-saints-how-to-watch-nfl-preseason,2026-08-16T04:23:03.917359+00:00
Jacksonville Jaguars,https://www.bigcatcountry.com,Reacts Survey Results: The NFL Preseason is Upon Us,"This week, we asked Jacksonville Jaguars fans what they’re looking forward to watching during the 2026 NFL preseason. 60% of fans are especially excited to see Anthony Campanile’s defense. “I just want to see a clean operation,” head coach Liam Coen said after Thursday’s joint practice with the New Orleans Saints. “That, and then just [&#8230;]",Gus Logue,2026-08-14T15:22:06-04:00,https://www.bigcatcountry.com/jacksonville-jaguars-discussion/87403/reacts-survey-results-nfl-preseason-is-here,2026-08-16T04:23:03.917359+00:00
Jacksonville Jaguars,https://www.bigcatcountry.com,"Tweets of the Week: $5 fan favorites, Lawrence a dark horse MVP candidate, and more","Happy Friday, Big Cat Country! The Jacksonville Jaguars play football tomorrow, so let’s look at some preseason Jags highlights, hype, and more from X/Twitter posted during the past week. Dennis Gardeck and Patrick Mekari celebrated birthdays: Jahleel Addae spoke about how he loves watching Travis Hunter on Good Morning Football: MJD commented on the South [&#8230;]",Caitlin Connor,2026-08-14T07:30:00-04:00,https://www.bigcatcountry.com/jacksonville-jaguars-news/87425/tweets-of-the-week-5-fan-favorites-lawrence-a-dark-horse-mvp-candidate-and-more,2026-08-16T04:23:03.917359+00:00
Jacksonville Jaguars,https://www.bigcatcountry.com,"Jacksonville Jaguars vs. New Orleans Saints Preseason Week 1 stats, matchup preview","Holy crap! We’re only a few days away from competitive Jacksonville Jaguars football! As the Jags prepare to play the New Orleans Saints in Preseason Week 1, we sat down with Nic Jennings of Canal Street Chronicles to learn more about the opposing side. Question 1: After consecutive fourth-place finishes in the NFC South, what [&#8230;]",Gus Logue,2026-08-13T09:04:00-04:00,https://www.bigcatcountry.com/jacksonville-jaguars-news/87398/jags-saints-five-questions-preseason-week-1,2026-08-16T04:23:03.917359+00:00
Jacksonville Jaguars,https://www.bigcatcountry.com,10 Takeaways From Jaguars’ First 2026 Depth Chart,"With joint practices against the New Orleans Saints finally arriving Thursday and preparations underway for Saturday’s preseason opener, the Jacksonville Jaguars released their first look at the pecking order, releasing the first (unofficial) depth chart of the 2026 season on Tuesday. While the first depth chart of the year should never be treated as a [&#8230;]",Travis Holmes,2026-08-11T22:05:29-04:00,https://www.bigcatcountry.com/jacksonville-jaguars-depth-chart/87382/takeaways-from-jaguars-first-2026-depth-chart,2026-08-16T04:23:03.917359+00:00
Jacksonville Jaguars,https://www.bigcatcountry.com,Jaguars Reacts Survey: What will you be watching for during the 2026 preseason?,"Welcome to SB Nation Reacts, a survey of fans across the NFL. Throughout the year we ask questions of the most plugged-in Jaguars fans and fans across the country. The Jacksonville Jaguars’ starters will not be playing preseason football this week, head coach Liam Coen said Tuesday after Day 11 of training camp. But that [&#8230;]",Gus Logue,2026-08-11T13:13:35-04:00,https://www.bigcatcountry.com/nfl-reacts-survey/87304/jags-reacts-survey-nfl-preseason-watch-list,2026-08-16T04:23:03.917359+00:00
Jacksonville Jaguars,https://www.bigcatcountry.com,Jaguars Camp Notebook: Coen Confirms Starters To Sit vs Saints,"Jacksonville Jaguars training camp is entering its physical stretch, and Tuesday showed it. A 93-degree, burning, Florida afternoon, a pair of skirmishes, and a pre-practice roster move all made for one of the more eventful days of camp so far, with Thursdays joint-practice debut against the New Orleans Saints now squarely in view. Here are [&#8230;]",Travis Holmes,2026-08-11T12:23:52-04:00,https://www.bigcatcountry.com/jacksonville-jaguars-news/87331/jaguars-camp-notebook-coen-confirms-starters-to-sit-vs-saints,2026-08-16T04:23:03.917359+00:00
Kansas City Chiefs,https://www.arrowheadpride.com,Andy Reid gives single Chiefs injury update after preseason Week 1,"The Kansas City Chiefs dropped their preseason opener to the Los Angeles Rams 20-12 on Saturday. Frustrating as even exhibition losses can be, most NFL fans know that player health can be the most important indicator of a successful preseason contest. With one exception, the Chiefs seemed to come out of Saturday’s game healthy. In [&#8230;]",Jared Sapp,2026-08-15T20:00:00-04:00,https://www.arrowheadpride.com/kansas-city-chiefs-injuries/207726/andy-reid-single-chiefs-injury-update-preseason-week-1,2026-08-16T04:23:03.917359+00:00
Kansas City Chiefs,https://www.arrowheadpride.com,Andy Reid says Chiefs’ rookie Cyrus Allen ‘knows how to set routes up’,"The rookies headlined the Kansas City Chiefs’ 20-12 preseason-opening loss to the Los Angeles Rams on Saturday. Chiefs head coach Andy Reid acknowledged that as he opened his post-game press conference “We were able to get a good look at some of our young guys,” Reid told local media. “I thought there was some real [&#8230;]",Ron Kopp Jr.,2026-08-15T19:55:00-04:00,https://www.arrowheadpride.com/kansas-city-chiefs-news/207728/andy-reid-rookie-cyrus-allen-knows-set-routes-up,2026-08-16T04:23:03.917359+00:00
Kansas City Chiefs,https://www.arrowheadpride.com,Final Score: Rams defeat Chiefs 20-12 in NFL Preseason Week 1,"The Kansas City Chiefs lost the first preseason game of the 2026 campaign to the Los Angeles Rams by a score of 20-12. Rookie running back Emmett Johnson led the Chiefs in rushing with 59 yards over 12 attempts, while seventh-round pick rookie quarterback Garrett Nussmeier completed 13 of 19 passes for 98 yards. Second-year [&#8230;]",Maurice Elston,2026-08-15T19:15:00-04:00,https://www.arrowheadpride.com/kansas-city-chiefs-game-information/207703/final-score-rams-defeat-chiefs-20-12-in-nfl-preseason-week-1,2026-08-16T04:23:03.917359+00:00
Kansas City Chiefs,https://www.arrowheadpride.com,Chiefs-Rams Preseason Week 1: Game Discussion,"Football’s officially back! We’re watching our Kansas City Chiefs take on the Los Angeles Rams to open up this year’s preseason at 3:00 p.m. at Arrowhead Stadium! Locally, you can watch the game on KSHB 41, and it will also air on NFL Network on Saturday. Read about 5 things to watch in the game [&#8230;]",Ron Kopp Jr.,2026-08-15T15:30:00-04:00,https://www.arrowheadpride.com/kansas-city-chiefs-discussions/207688/chiefs-rams-preseason-week-1-game-discussion,2026-08-16T04:23:03.917359+00:00
Kansas City Chiefs,https://www.arrowheadpride.com,Patrick Mahomes was on the field throwing before Saturday’s game,"Heading into the Kansas City Chiefs’ preseason opener against the Los Angeles Rams, we knew that star quarterback Patrick Mahomes would not play. You may have heard that Mahomes is working his way back from a serious knee injury suffered in December. Mahomes recently explained that, while the decision to play or not was out [&#8230;]",Jared Sapp,2026-08-15T15:15:00-04:00,https://www.arrowheadpride.com/kansas-city-chiefs-news/207685/patrick-mahomes-was-on-the-field-throwing-before-saturdays-game,2026-08-16T04:23:03.917359+00:00
Kansas City Chiefs,https://www.arrowheadpride.com,Chiefs News: Chiefs to start Justin Fields today against Rams,The latest We’ve made it! Kansas City Chiefs football will be played today! The Los Angeles Rams will be the exhibition opponent for the 3:00 p.m. kickoff at Arrowhead Stadium. Read here for how to watch or listen to the game. Veteran quarterback Justin Fields will start for the Chiefs as starting quarterback Patrick Mahomes [&#8230;],Ron Kopp Jr.,2026-08-15T09:00:00-04:00,https://www.arrowheadpride.com/kansas-city-chiefs-news/207674/chiefs-news-start-justin-fields-today-against-rams,2026-08-16T04:23:03.917359+00:00
Kansas City Chiefs,https://www.arrowheadpride.com,Breaking down every Chiefs position group ahead of preseason Week 1,"It has been over two weeks since the Kansas City Chiefs began training camp on the grass fields at Missouri Western State University in St. Joe. I learned a lot from the 11 trips I made up I-29 to cover Chiefs practice in person for Arrowhead Pride. So with a push from user “saintschiefsfan,” I’m [&#8230;]",Ron Kopp Jr.,2026-08-14T16:00:00-04:00,https://www.arrowheadpride.com/kansas-city-chiefs-analysis/207662/breaking-down-every-chiefs-position-group-ahead-of-preseason-week-1,2026-08-16T04:23:03.917359+00:00
Kansas City Chiefs,https://www.arrowheadpride.com,Chris Jones: ‘I don’t want to play in the preseason’,"We are a day away from the Kansas City Chiefs’ preseason opener against the Los Angeles Rams, a team that has historically rested its impact players in the preseason. That will be the case on Saturday at Arrowhead Stadium. The Rams have announced that career backup Stetson Bennett will take the reins at quarterback, matching [&#8230;]",Ron Kopp Jr.,2026-08-14T13:45:00-04:00,https://www.arrowheadpride.com/kansas-city-chiefs-news/207657/chris-jones-dont-want-play-preseason,2026-08-16T04:23:03.917359+00:00
Kansas City Chiefs,https://www.arrowheadpride.com,"How to watch Chiefs-Rams Preseason Week 1: live stream, start time and more","The Game To begin the 2026 preseason, the Kansas City Chiefs&#160;will host the Los Angeles Rams on 3:00 p.m. Saturday afternoon at Arrowhead Stadium in Kansas City. The Chiefs, with a new offensive coaching staff, running back and defensive backfield, are looking to start a bounceback campaign after a 6-11 record last season. The Rams [&#8230;]",Ron Kopp Jr.,2026-08-14T12:00:00-04:00,https://www.arrowheadpride.com/kansas-city-chiefs-news/207647/chiefs-vs-rams-preseason-week-1-live-stream-tv-channel-schedule-odds-how-to-watch-online,2026-08-16T04:23:03.917359+00:00
Kansas City Chiefs,https://www.arrowheadpride.com,5 things to watch in Chiefs’ preseason opener against the Rams,"The Kansas City Chiefs will open the preseason slate on Saturday, August 15th at Arrowhead Stadium. The game will kick off at 3:00 PM Arrowhead time and be broadcast locally on KSHB 41 as well as on the FM radio waves of 96.5 The Fan. The Chiefs will welcome the Los Angeles Rams, who will [&#8230;]",Caleb James,2026-08-14T10:00:00-04:00,https://www.arrowheadpride.com/kansas-city-chiefs-analysis/207158/5-things-watch-chiefs-preseason-opener-against-rams,2026-08-16T04:23:03.917359+00:00
Las Vegas Raiders,https://www.silverandblackpride.com,"Tre Tucker, Malik Benson as Raiders’ main return men is solid option","Klint Kubiak and Rob Leonard aren’t the only Las Vegas Raiders play callers meticulously pouring over training camp practices, accompanying film, and previous year’s game tape to make key decisions on starters and overall depth. While the jobs of the head coach (and primary offensive play caller) and the defensive coordinator, respectively, tend to garner [&#8230;]",Ray Aspuria,2026-08-15T16:01:00-04:00,https://www.silverandblackpride.com/las-vegas-raiders-roster/136519/raiders-2026-return-game-malik-benson,2026-08-16T04:23:03.917359+00:00
Las Vegas Raiders,https://www.silverandblackpride.com,Raiders Mailbag: Can Fernando Mendoza win starting quarterback job in preseason?,"I hope everyone enjoyed Fernando Mendoza’s debut during Thursday night’s preseason game between the Las Vegas Raiders and Arizona Cardinals, as Raiders football is finally back! Despite the loss, it was good to see a few guys start to separate themselves or close the gap on the depth chart. That also gives us some actual [&#8230;]",Matt Holder,2026-08-15T13:07:00-04:00,https://www.silverandblackpride.com/las-vegas-raiders-preseason/136901/las-vegas-raiders-mailbag-fernando-mendoza-preseason-starting-quarterback,2026-08-16T04:23:03.917359+00:00
Las Vegas Raiders,https://www.silverandblackpride.com,Raiders News: Klint Kubiak names 3 undrafted free agent standouts in preseason against Arizona Cardinals,Part of what the NFL preseason is about is giving players on the roster bubble a chance to take center stage and make a name for themselves. That always includes several rookie undrafted free agents fighting to be one of the 53 men left standing at the end of training camp. The morning after the [&#8230;],Matt Holder,2026-08-15T10:00:00-04:00,https://www.silverandblackpride.com/las-vegas-raiders-news/136953/raiders-news-klint-kubiak-udfas-cian-slone-chase-roberts-ej-williams-preseason-cardinals,2026-08-16T04:23:03.917359+00:00
Las Vegas Raiders,https://www.silverandblackpride.com,Raiders fans aren’t sold on Hezekiah Masses starting Week 1,"The Las Vegas Raiders lost their first preseason game and struggled in the secondary. They will be very young at the position, and there is competition for starting spots all over the field. One of the competitions is between Hezekiah Masses and Darien Porter. Porter was expected to start heading into the season, but Masses [&#8230;]",Marcus Johnson,2026-08-14T18:30:00-04:00,https://www.silverandblackpride.com/las-vegas-raiders-odds/136936/raiders-fans-arent-sold-on-hezekiah-masses-starting-week-1,2026-08-16T04:23:03.917359+00:00
Las Vegas Raiders,https://www.silverandblackpride.com,Raiders’ rookie Treydan Stukes isn’t your run-of-the-mill safety,"Announced as a safety when his name was called up at the podium of the 2026 NFL Draft, the Las Vegas Raiders appear set to not pigeon hole second-round pick Treydan Stukes. This particular Arizona Wildcat played a wide array of roles in the secondary and as our Matt Holder explored at the tail end [&#8230;]",Ray Aspuria,2026-08-14T17:45:00-04:00,https://www.silverandblackpride.com/las-vegas-raiders-draft/136515/raiders-2026-defense-treydan-stukes-rookie,2026-08-16T04:23:03.917359+00:00
Las Vegas Raiders,https://www.silverandblackpride.com,Fernando Mendoza passes 1st test in Las Vegas Raiders&#8217; preseason game against Arizona Cardinals,"While the Las Vegas Raiders dropped their first preseason game against the Arizona Cardinals 27-14, there’s still a buzz in the Las Vegas air. That’s because quarterback/No. 1 pick of the 2026 NFL draft Fernando Mendoza had a strong Raiders debut, and it’s not like the final score matters in the big picture anyway. As [&#8230;]",Matt Holder,2026-08-14T14:54:00-04:00,https://www.silverandblackpride.com/las-vegas-raiders-preseason/136233/raiders-winners-losers-preseason-cardinals-fernando-mendoza,2026-08-16T04:23:03.917359+00:00
Las Vegas Raiders,https://www.silverandblackpride.com,Fernando Mendoza likely to get some 1st-team reps,"Thursday night, after his preseason debut, Las Vegas Raiders coach Klint Kubiak called No. 1 overall pick, quarterback, Fernando Mendoza, an “ascending player.” Friday morning, Kubiak said the coaching staff is working on a plan to get Mendoza more practice reps with the first-team offense. He did note that it’s important that all of the [&#8230;]",Bill Williamson,2026-08-14T13:42:13-04:00,https://www.silverandblackpride.com/las-vegas-raiders-news/136897/raiders-news-fernando-mendoza-l1st-team-reps,2026-08-16T04:23:03.917359+00:00
Las Vegas Raiders,https://www.silverandblackpride.com,Raiders fans discuss value of attending preseason games,"We are in the preseason-game portion of the 2026 Las Vegas Raiders season. So, we dedicated our Tuesday Community Question this week to the topic from a fan’s perspective. We asked our readers if they like attending Raiders’ preseason games are not. I see both sides of the discussion. I’ve been to preseason games and [&#8230;]",Bill Williamson,2026-08-14T12:00:04-04:00,https://www.silverandblackpride.com/las-vegas-raiders-discussion/136547/raiders-fans-preseason-games,2026-08-16T04:23:03.917359+00:00
Las Vegas Raiders,https://www.silverandblackpride.com,Do Raiders have anyone worth giving contract extension now?,"There has been an onslaught of players around the NFL getting contracts in recent weeks. It’s been nearly a daily occurrence. Does that mean the Las Vegas Raiders will soon join the extension signing party? Sure, it’s possible, but the Raiders really don’t have a lot of players who are entering the final year of [&#8230;]",Bill Williamson,2026-08-14T11:05:00-04:00,https://www.silverandblackpride.com/las-vegas-raiders-salary-cap/136665/raiders-contract-extension-free-agents,2026-08-16T04:23:03.917359+00:00
Las Vegas Raiders,https://www.silverandblackpride.com,Raiders news: Las Vegas is expected to get off a fast start,"The Las Vegas Raiders aren’t favored to win often in the 2026 NFL season, but theya re expected to have success ealry. According to our friends at FanDuel Sportsbook, the Raiders are 3.5 points favorites to beat the visiting Miami Dolphins at Allegiant Stadium in Week 1 on September 13. Furthermore, According to Kalshi Sports, [&#8230;]",Bill Williamson,2026-08-14T10:03:00-04:00,https://www.silverandblackpride.com/las-vegas-raiders-odds/136460/raiders-news-favorite-dolphins-week-1,2026-08-16T04:23:03.917359+00:00
Los Angeles Rams,https://www.turfshowtimes.com,Rams’ Winners &#038; Losers: Ty Simpson is bringing the future,"Ty Simpson was pinpoint accurate in his debut for the Los Angeles Rams on Saturday, as the first-round pick led his team to a 20-12 victory over the Kansas City Chiefs. Starter Stetson Bennett got just two drives to open the game before leading to Simpson, a potential glimpse into the future and the rest [&#8230;]",JB Scott,2026-08-15T20:42:31-04:00,https://www.turfshowtimes.com/los-angeles-rams-preseason/146104/rams-chiefs-ty-simpson-winners-losers,2026-08-16T04:23:03.917359+00:00
Los Angeles Rams,https://www.turfshowtimes.com,Undrafted safety steals show for Rams against Chiefs,"While it would seem impossible to outshine quarterback Ty Simpson in his preseason debut, L.A. Rams safety Nick Andersen gave the first-round pick all the competition for attention that he could handle. Andersen, an undrafted rookie out of Wake Forest, has made an outstanding case to make the Rams 53-man roster after his debut performance [&#8230;]",Kenneth Arthur,2026-08-15T20:06:03-04:00,https://www.turfshowtimes.com/los-angeles-rams-analysis/146100/rams-nick-andersen-chiefs,2026-08-16T04:23:03.917359+00:00
Los Angeles Rams,https://www.turfshowtimes.com,Rams-Chiefs preseason final score: Ty Simpson leads L.A. to win in NFL debut,"The Los Angeles Rams beat the Kansas City Chiefs by a final score of 20-9 in their first preseason game of 2026, as rookie quarterback Ty Simpson led the way with two touchdown passes to running back Dean Connors. It was a low-scoring affair for about three quarters, until the Rams pulled away after Simpson [&#8230;]",Danny Stone,2026-08-15T19:03:23-04:00,https://www.turfshowtimes.com/los-angeles-rams-scores-results/146069/rams-chief-preseason-final-score-simpson,2026-08-16T04:23:03.917359+00:00
Los Angeles Rams,https://www.turfshowtimes.com,Rams-Chiefs preseason Week 1 game thread,"The Los Angeles Rams travel to take on the Kansas City Chiefs for some preseason Week 1 NFL action. This game will not be Matthew Stafford vs. Patrick Mahomes. That should come later in the regular season. This game will apparently feature some Stetson Bennett and Ty Simpson, so there’s a lot to watch for [&#8230;]",Danny Stone,2026-08-15T15:30:00-04:00,https://www.turfshowtimes.com/los-angeles-rams-discussion/145986/rams-chiefs-preseason-game-simpson-bennett,2026-08-16T04:23:03.917359+00:00
Los Angeles Rams,https://www.turfshowtimes.com,Rams-Chiefs preseason: Keys to victory,"The Los Angeles Rams will open their 2026 preseason schedule Saturday afternoon against the Kansas City Chiefs at GEHA Field at Arrowhead Stadium. The game is scheduled for August 15 at 4 p.m. ET, and with the Rams expected to keep their starters on the sideline, the focus will be less about the final score [&#8230;]",Steven Ridings,2026-08-15T12:00:00-04:00,https://www.turfshowtimes.com/los-angeles-rams-preseason/145827/rams-chiefs-preseason-keys-to-victory,2026-08-16T04:23:03.917359+00:00
Los Angeles Rams,https://www.turfshowtimes.com,Rookie pass catchers have major opportunity in preseason opener,"If you’ve been waiting to see Max Klare and C.J. Daniels take the field for the Los Angeles Rams, your wait is finally almost over. With a slew of Rams expected to sit out the preseason opener against the Kansas City Chiefs Saturday, younger potential contributors will get a chance to shine. Klare and Daniels, [&#8230;]",Brendan Dzwierzynski,2026-08-15T10:00:00-04:00,https://www.turfshowtimes.com/los-angeles-rams-roster/146047/rams-rookies-max-klare-cj-daniels-preseason-opportunity,2026-08-16T04:23:03.917359+00:00
Los Angeles Rams,https://www.turfshowtimes.com,"Ty Simpson is bothering Matthew Stafford, in all the right ways","The Los Angeles Rams will get their first look at rookie quarterback Ty Simpson in a preseason game on Saturday and the 13th overall pick will have plenty to prove against the Kansas City Chiefs. Not just to fans, not just to skeptics, and not just to coaches, but also to himself. He would also [&#8230;]",Danny Stone,2026-08-15T09:03:00-04:00,https://www.turfshowtimes.com/los-angeles-rams-news/146029/rams-chiefs-preseason-ty-simpson,2026-08-16T04:23:03.917359+00:00
Los Angeles Rams,https://www.turfshowtimes.com,Other rookie QBs are putting pressure on Ty Simpson before debut,"The pressure is on Los Angeles Rams rookie quarterback Ty Simpson before he ever steps onto the field. Several notable first-year signal callers have seen the field this preseason and have played admirably, further putting the heat on Simpson ahead of his expected NFL debut Saturday. It all kicked off with Cardinals quarterback Carson Beck [&#8230;]",Evan Craig,2026-08-14T14:00:00-04:00,https://www.turfshowtimes.com/los-angeles-rams-preseason/146002/rams-ty-simpson-pressure-preseason-debut,2026-08-16T04:23:03.917359+00:00
Los Angeles Rams,https://www.turfshowtimes.com,What I’ll be watching for in the Rams opener,"The wait is over, Los Angeles Rams football is back. Time to box up those preseason thoughts, all the hype, speculation, and over-reaction. Don’t discard them, just shake them up and repurpose them as post-preseason game analysis. Fortunes will rise and fall, but the stars won’t shine, this production will be left to the understudy’s. [&#8230;]",Venie Randy Soares,2026-08-14T13:02:00-04:00,https://www.turfshowtimes.com/los-angeles-rams-preseason/145999/rams-chiefs-preview-preseason-game,2026-08-16T04:23:03.917359+00:00
Los Angeles Rams,https://www.turfshowtimes.com,Cowboys CB says facing Rams WRs in practice was ‘easy’,"Dallas Cowboys cornerback Shavon Revel is not a household name, but after his comments about Puka Nacua and other L.A. Rams receivers this week, that could change overnight. Revel said that facing the Rams in a joint practice on Tuesday “felt easy”, an opinion not many would have expected from a cornerback who has played [&#8230;]",Kenneth Arthur,2026-08-14T12:43:03-04:00,https://www.turfshowtimes.com/los-angeles-rams-news/146008/cowboys-shavon-revel-rams-puka-nacua-easy,2026-08-16T04:23:03.917359+00:00
Miami Dolphins,https://www.thephinsider.com,Miami Dolphins Discussion: Preseason Game 1 Afterthoughts Edition,"The Miami Dolphins&#8217; first preseason game against the Washington Commanders was a mixed bag, leaving me concerned about our overall roster depth despite solid performances from the starters. The opening drive was a standout, featuring impressive play from Malik Willis, De’Von Achane, and Caleb Douglas, highlighted by Douglas&#8217;s spectacular one-handed catch despite defensive pass interference. [&#8230;]",James McKinney,2026-08-15T20:00:00-04:00,https://www.thephinsider.com/miami-dolphins-discussion/121598/miami-dolphins-discussion-preseason-game-1-afterthoughts-edition,2026-08-16T04:23:03.917359+00:00
Miami Dolphins,https://www.thephinsider.com,"Miami Dolphins news: Recaps, reactions from loss to Commanders","The Miami Dolphins struggled through much of their 2026 preseason opener on Friday night, losing to the Washington Commanders 20-7. Miami struck first with an opening drive touchdown, but then stumbled through the remainder of the game. After the starters left the field, Miami’s lack of depth was exposed. However, the team also had some [&#8230;]",Kevin Nogle,2026-08-15T08:32:37-04:00,https://www.thephinsider.com/miami-dolphins-news/121591/miami-dolphins-reactions-recaps-grades-preseason-washington-commanders-2026,2026-08-16T04:23:03.917359+00:00
Miami Dolphins,https://www.thephinsider.com,Dolphins vs. Commanders recap: Preseason Week 1 immediate reactions,"The Miami Dolphins visited the Washington Commanders on Friday, the first preseason game for both teams in 2026. Miami opened the game with some starters hitting the field, while others were in street clothes on the sideline &#8211; using the opportunity to get some players developmental reps while others were protected. The night opened with [&#8230;]",Kevin Nogle,2026-08-14T22:05:08-04:00,https://www.thephinsider.com/miami-dolphins-scores-results/121580/miami-dolphins-vs-weashington-commanders-final-score-immediate-reactions-updates-preseasson-2026,2026-08-16T04:23:03.917359+00:00
Miami Dolphins,https://www.thephinsider.com,Miami Dolphins @ Washington Commanders: Preseason Game 1 Live Thread &#038; Game Information,"The Miami Dolphins kick off their preseason tonight against the Washington Commanders at Northwest Stadium in Landover, Maryland. Following joint practices earlier this week, both teams are eager to set the tone for their respective seasons. The Dolphins look to build momentum after a significant offseason overhaul of their coaching staff, front office, and roster, [&#8230;]",James McKinney,2026-08-14T18:00:00-04:00,https://www.thephinsider.com/general/121409/miami-dolphins-washington-commanders-preseason-game-1-live-thread-game-information,2026-08-16T04:23:03.917359+00:00
Miami Dolphins,https://www.thephinsider.com,How long should Dolphins starters play against Commanders tonight? You answered,"The Miami Dolphins’ preseason starts tonight with a visit to the Washington Commanders. Head coach Jeff Hafley has indicated quarterback Malik Willis will play in the opening preseason contest, choosing to get the first team some developmental reps rather than letting the first team sit for this week. Is that the right choice? It is, [&#8230;]",Kevin Nogle,2026-08-14T15:20:02-04:00,https://www.thephinsider.com/miami-dolphins-training-camp/121569/dolphins-vs-commanders-preseason-game-malik-willis-starters-playing,2026-08-16T04:23:03.917359+00:00
Miami Dolphins,https://www.thephinsider.com,"Dolphins vs. Commanders: 2026 Preseason Week 1 schedule, online streaming, odds",The 2026 preseason kicks off for the Miami Dolphins on Friday when they visit the Washington Commanders. The first preseason game is primarily about getting game-speed repetitions with live tackling rather than focusing on the game planning and end results. We will likely see plenty of developmental players who are fighting for positions on the [&#8230;],Kevin Nogle,2026-08-14T10:30:00-04:00,https://www.thephinsider.com/miami-dolphins-schedule/121559/dolphins-vs-commanders-2026-preseason-week-1-schedule-online-streaming-odds,2026-08-16T04:23:03.917359+00:00
Miami Dolphins,https://www.thephinsider.com,"Miami Dolphins roster by jersey number, last name","The Miami Dolphins kick off their 2026 preseason schedule tonight when they visit the Washington Commanders. Under the NFL’s preseason manning rules, teams are allowed to have 90 players on their roster &#8211; and in the Dolphins’ case, they are allowed an extra player due to a roster exemption for rookie tight end and NFL [&#8230;]",Kevin Nogle,2026-08-14T09:00:00-04:00,https://www.thephinsider.com/miami-dolphins-roster/121394/miami-dolphins-roster-by-jersey-number-last-name,2026-08-16T04:23:03.917359+00:00
Miami Dolphins,https://www.thephinsider.com,Miami Dolphins news: Malik Willis set to start Friday at Washington Commanders,"The Miami Dolphins visit the Washington Commanders on Friday night to kick off the preseason for both teams. The three-game preseason always sparks debates about how much playing time starters should get, especially in the first game. Some teams sit the entire top of their depth chart. Some teams play select starters. And some teams [&#8230;]",Kevin Nogle,2026-08-14T07:30:00-04:00,https://www.thephinsider.com/miami-dolphins-news/121556/miami-dolphins-news-updates-preseason-game-starters-malik-willis-washington-commanders,2026-08-16T04:23:03.917359+00:00
Miami Dolphins,https://www.thephinsider.com,What You Are Looking For: Dolphins Vs. Commanders,Tomorrow evening we will get our first look at the “new look” Miami Dolphins when they face off against the Washington Commanders in their first of three preseason games. With that in mind I asked the following question last evening: What will you be looking for from our Miami Dolphins this coming Friday evening when [&#8230;],James McKinney,2026-08-13T20:00:00-04:00,https://www.thephinsider.com/miami-dolphins-preseason-2/121543/what-you-are-looking-for-dolphins-vs-commanders,2026-08-16T04:23:03.917359+00:00
Miami Dolphins,https://www.thephinsider.com,Malik Willis expected to start Dolphins preseason game Friday,"We are just one day away from the Miami Dolphins taking the field for their first preseason game in 2026. The team has undergone many major changes — from hiring new general manager Jon-Eric Sullivan who brought in Jeff Hafley as the team’s new head coach, to dumping former first-round quarterback Tua Tagovailoa in favor [&#8230;]",Marek Brave,2026-08-13T14:32:24-04:00,https://www.thephinsider.com/miami-dolphins-preseason-2/121546/malik-willis-expected-to-start-dolphins-preseason-game-friday,2026-08-16T04:23:03.917359+00:00
Minnesota Vikings,https://www.dailynorseman.com,"Minnesota Vikings 13, New York Giants 10: Vikings Get Win, But Injury Concerns Loom","The Minnesota Vikings kicked off their 2026 preseason on Saturday afternoon, and they did not meet the primary goal of every preseason game, as they have a couple of potentially significant injury concerns that they are awaiting word on. Carson Wentz’s one-yard touchdown pass to Myles Price made the ultimate difference on the scoreboard, as [&#8230;]",Christopher Gates,2026-08-15T16:09:05-04:00,https://www.dailynorseman.com/minnesota-vikings-scores-results/98166/minnesota-vikings-new-york-giants-final-score-game-recap-nfl-preseason,2026-08-16T04:23:03.917359+00:00
Minnesota Vikings,https://www.dailynorseman.com,Jamal Adams Carted Off Field Against Giants,"The primary objective of every preseason game is to just make it through without any significant injuries. Unfortunately for the Minnesota Vikings, it looks like they might not have met that first objective in their preseason opener against the New York Giants. During the second quarter of the preseason opener, the Vikings had to call [&#8230;]",Christopher Gates,2026-08-15T14:06:51-04:00,https://www.dailynorseman.com/minnesota-vikings-injuries/98167/jamal-adams-carted-off-field-minnesota-vikings-new-york-giants,2026-08-16T04:23:03.917359+00:00
Minnesota Vikings,https://www.dailynorseman.com,Minnesota Vikings at New York Giants: Preseason Game 1 Discussion,"Ladies and gentlemen. . .we’ve made it! For the first time since 4 January, the Minnesota Vikings. . .or a reasonable facsimile thereof. . .will be taking to the field for some hot National Football League action. Today is the first of their three preseason games for the 2026 season, as they visit the place [&#8230;]",Christopher Gates,2026-08-15T12:30:00-04:00,https://www.dailynorseman.com/minnesota-vikings-discussion-chat-message-board/98160/minnesota-vikings-new-york-giants-preseason-game-1-discussion,2026-08-16T04:23:03.917359+00:00
Minnesota Vikings,https://www.dailynorseman.com,"Minnesota Vikings roster by jersey number, last name","The old saying used to be that you can’t tell the players without a program. Obviously, we don’t do paper programs anymore, but we can do the next best thing and provide you with an electronic means of giving you a way to quickly locate who’s who when it comes to the Minnesota Vikings roster [&#8230;]",Christopher Gates,2026-08-15T10:00:00-04:00,https://www.dailynorseman.com/minnesota-vikings-roster/97962/minnesota-vikings-roster-by-jersey-number-last-name,2026-08-16T04:23:03.917359+00:00
Minnesota Vikings,https://www.dailynorseman.com,SB Nation Reacts Results: Short Time for the Vikings’ Starters on Saturday,"We have the results of this week’s SB Nation Reacts survey for our Minnesota Vikings for this week, and we have it well ahead of the weekend because it pertains to this weekend’s preseason opener against the New York Football Giants at MetLife Stadium in New Jersey. We asked you exactly how long the Vikings’ [&#8230;]",Christopher Gates,2026-08-14T11:49:37-04:00,https://www.dailynorseman.com/minnesota-vikings-news/98134/sb-nation-reacts-results-short-time-minnesota-vikings-starters-saturday,2026-08-16T04:23:03.917359+00:00
Minnesota Vikings,https://www.dailynorseman.com,Vikings vs Giants Preseason: Murray Debut &#038; Key Position Battles,"Murray&#8217;s first snap in purple could redefine an entire offense — and a head coach&#8217;s legacy. In this episode of The Real Forno Show, Tyler Forness victory-lapped his months-long prediction that Kyler Murray would win the starting job. &#8220;They determined, just like I had, that Kyler Murray was playing good enough to be the starter [&#8230;]",David Stefano,2026-08-14T09:07:59-04:00,https://www.dailynorseman.com/minnesota-vikings-podcasts/98138/vikings-vs-giants-preseason-murray-debut-key-position-battles,2026-08-16T04:23:03.917359+00:00
Minnesota Vikings,https://www.dailynorseman.com,Minnesota Vikings News and Links: The K1 Era Begins!,"Now that the decision has been made, we can argue about everything that occurred. Was it a true competition? Was it even a competition? Was it fair? Are the Vikings giving up on JJ already? Yada, yada, yada. Don&#8217;t really matter. It is as it should be. Kyler has done well in practices since being [&#8230;]",Mark P,2026-08-13T14:15:16-04:00,https://www.dailynorseman.com/minnesota-vikings-discussion-chat-message-board/98125/minnesota-vikings-news-and-links-the-k1-era-begins,2026-08-16T04:23:03.917359+00:00
Minnesota Vikings,https://www.dailynorseman.com,Where does J.J. McCarthy Go from Here?,"When Kevin O’Connell and the Minnesota Vikings announced that Kyler Murray would start in Week 1 over incumbent(ish) J.J. McCarthy, it unleashed a stream of takes ranging from “least surprising news ever” to “this is a traitorous offense!” You can pretty much guess who the usual suspects were for each reaction, but to say the [&#8230;]",Brandon Warne,2026-08-13T14:08:07-04:00,https://www.dailynorseman.com/minnesota-vikings-discussion-chat-message-board/98123/where-does-j-j-mccarthy-go-from-here,2026-08-16T04:23:03.917359+00:00
Minnesota Vikings,https://www.dailynorseman.com,"Kyler Murray QB1, The Merits of the Competition, and What’s Next for J.J. McCarthy","The Minnesota Vikings have named Kyler Murray as their starting quarterback this season, as widely expected, ending the competition with J.J. McCarthy after two weeks of training camp. From the beginning, many/most were skeptical about the competition, figuring Murray would eventually be named the winner. And from Kevin O’Connell’s comments before the night practice on [&#8230;]",Warren Ludford,2026-08-12T22:02:23-04:00,https://www.dailynorseman.com/minnesota-vikings-depth-chart/98062/kyler-murray-qb1-the-merits-of-the-competition-and-whats-next-for-j-j-mccarthy,2026-08-16T04:23:03.917359+00:00
Minnesota Vikings,https://www.dailynorseman.com,Report: Vikings Officially Name Kyler Murray Starting Quarterback,"The Minnesota Vikings’ quarterback competition. . .such as it is (or was). . .is apparently over. Adam Schefter of ESPN is reporting that the Vikings have made their decision, and that Kyler Murray will be their starter at quarterback going into Week 1 of the 2026 regular season. Neither Murray nor J.J. McCarthy have gotten [&#8230;]",Christopher Gates,2026-08-11T12:43:31-04:00,https://www.dailynorseman.com/minnesota-vikings-news/98097/minnesota-vikings-officially-name-kyler-murray-starting-quarterback,2026-08-16T04:23:03.917359+00:00
New England Patriots,https://www.patspulpit.com,7 performances of note from the Patriots’ 15th training camp practice,"The New England Patriots’ first preseason game is in the books, but training camp rolls on. On Saturday, the team of head coach Mike Vrabel returned to the fields behind Gillette Stadium for a ticketed practice for yet another full-pads session. To recap the action, please head over to our Patriots training camp notebook. In [&#8230;]",Brian Hines,2026-08-15T20:15:44-04:00,https://www.patspulpit.com/new-england-patriots-training-camp/133563/winners-losers-patriots-training-camp-practice-saturday,2026-08-16T04:23:03.917359+00:00
New England Patriots,https://www.patspulpit.com,"What signing two O-linemen, other Saturday moves mean for the Patriots","Coming out of their preseason opener against the Indianapolis Colts, the New England Patriots made some changes to their roster. In light of some injuries along the offensive line, they signed free agents Darrian Dalcourt and Joe Michalski on Saturday. In corresponding moves, the team placed fellow O-lineman Andrew Rupcich on injured reserve and released [&#8230;]",Bernd Buchmasser,2026-08-15T18:56:25-04:00,https://www.patspulpit.com/new-england-patriots-analysis/133519/offensive-line-moves-andrew-rupcich-niko-lalos-analysis,2026-08-16T04:23:03.917359+00:00
New England Patriots,https://www.patspulpit.com,Patriots reach injury settlement with running back Terrell Jennings,"Terrell Jennings will have an opportunity to return to the field in 2026. The New England Patriots reached an injury settlement with the third-year running back on Saturday, according to the NFL transaction wire. He will now head to waivers with a shot to catch on elsewhere. If unclaimed, the move opens the possibility for [&#8230;]",Oliver Thomas,2026-08-15T17:23:46-04:00,https://www.patspulpit.com/new-england-patriots-news/133534/patriots-terrell-jennings-reach-injury-settlement-training-camp,2026-08-16T04:23:03.917359+00:00
New England Patriots,https://www.patspulpit.com,New England Patriots 2026 roster and depth chart,"Coming off a berth in Super Bowl LX, the New England Patriots are in the process of retooling their roster. They made some moves in free agency to improve the foundation, and added some youth in the NFL Draft and rookie free agency. In order not to get lost amid all the movement, here is [&#8230;]",Pats Pulpit Staff,2026-08-15T16:28:39-04:00,https://www.patspulpit.com/new-england-patriots-depth-chart/122534/updated-roster-practice-squad-2026-nfl-season,2026-08-16T04:23:03.917359+00:00
New England Patriots,https://www.patspulpit.com,Patriots sign two interior offensive linemen in wake of preseason opener,"The New England Patriots have added two free agents after attrition hit the trenches in the preseason opener. The organization signed interior offensive linemen Darrian Dalcourt and Joe Michalski on Saturday, as Mike Vrabel had signaled prior to the 15th practice of training camp in Foxborough. “Yep, I think we’re going to sign two guys [&#8230;]",Oliver Thomas,2026-08-15T16:22:00-04:00,https://www.patspulpit.com/new-england-patriots-news/133472/patriots-sign-o-linemen-darrian-dalcourt-joe-michalski-preseason,2026-08-16T04:23:03.917359+00:00
New England Patriots,https://www.patspulpit.com,Patriots O-lineman Ben Brown dealing with multi-week injury,"The New England Patriots’ offensive line depth suffered a blow in the first quarter of their preseason opener against the Indianapolis Colts. Ben Brown, who had started the game at center and projects as the top interior backup entering 2026, exited the contest and was unable to return. According to head coach Mike Vrabel, he [&#8230;]",Bernd Buchmasser,2026-08-15T16:09:30-04:00,https://www.patspulpit.com/new-england-patriots-injuries/133493/ben-brown-injury-update-patriots-offensive-lineman-out-multiple-weeks,2026-08-16T04:23:03.917359+00:00
New England Patriots,https://www.patspulpit.com,Romeo Doubs ‘progressing the right way’ at Patriots training camp,"New England Patriots wide receiver Romeo Doubs is progressing comfortably in Foxboro, as highlighted by his three highlight-reel touchdowns during Saturday’s training camp practice. After a slow start to the summer sessions, the Patriots’ free agency signing has put together another impressive practice following a stretch of strong performances last week. Head coach Mike Vrabel [&#8230;]",Andrew Guindon,2026-08-15T15:21:09-04:00,https://www.patspulpit.com/new-england-patriots-training-camp/133498/romeo-doubs-progression-wide-receiver,2026-08-16T04:23:03.917359+00:00
New England Patriots,https://www.patspulpit.com,"Patriots training camp recap: Romeo Doubs, receivers shine in red zone","The New England Patriots were back to work on Saturday following their first preseason contest on Thursday night against the Indianapolis Colts. Here&#8217;s what went down on the Gillette Stadium practice fields. Setting Attire:&#160;Full pads Duration:&#160;ca. 120 minutes (10:30 a.m.-12:30 p.m. ET) Conditions:&#160;Sunny, temperatures in the mid 80s There was no easing back into action [&#8230;]",Brian Hines,2026-08-15T14:16:16-04:00,https://www.patspulpit.com/new-england-patriots-training-camp/133490/patriots-training-camp-recap-romeo-doubs-receivers-shine-in-red-zone,2026-08-16T04:23:03.917359+00:00
New England Patriots,https://www.patspulpit.com,Devon Witherspoon extension sets floor for Christian Gonzalez contract with Patriots,"While there has been no contract extension movement between the New England Patriots and Christian Gonzalez so far, one external domino has fallen. Devon Witherspoon, who was drafted in the same first round as Gonzalez, has just been made the highest-paid cornerback in NFL history by the Seattle Seahawks. Witherspoon and the reigning world champions [&#8230;]",Bernd Buchmasser,2026-08-15T13:32:36-04:00,https://www.patspulpit.com/new-england-patriots-news/133475/devon-witherspoon-extension-floor-christian-gonzalez-contract,2026-08-16T04:23:03.917359+00:00
New England Patriots,https://www.patspulpit.com,Patriots vs. Colts snap counts from NFL preseason,"The New England Patriots’ preseason opener against the visiting Indianapolis Colts was not necessarily filled with points or offensive fireworks, but it nonetheless offers quite a bit of excitement. After all, it was a first chance for the new-look team to showcase itself to its fans in a game setting and another opportunity for players [&#8230;]",Bernd Buchmasser,2026-08-15T08:35:47-04:00,https://www.patspulpit.com/new-england-patriots-roster/133456/snap-counts-nfl-preseason-colts,2026-08-16T04:23:03.917359+00:00
New Orleans Saints,https://www.canalstreetchronicles.com,Game Day Preview: Saints welcome Jags to kick off preseason,"Saints football is finally back! For the first time in eight months, the Black and Gold will return to the turf of the Caesars Superdome to take on somebody other than their own teammates as they welcome the Jacksonville Jaguars to town. Trevor Lawrence has some bad memories of this building, and now, his former [&#8230;]",Matt Miguez,2026-08-15T11:30:00-04:00,https://www.canalstreetchronicles.com/nfl-preseason/113022/game-day-preview-saints-welcome-jags-to-kick-off-preseason,2026-08-16T04:23:03.917359+00:00
New Orleans Saints,https://www.canalstreetchronicles.com,"New Orleans Saints News, August 14: Who must impress in the Saints’ first preseason game?","Welcome to today’s roundup of New Orleans Saints and NFL news. Interview with the Enemy: Jacksonville Jaguars Perspective from the other side. 7 Saints players under pressure in first preseason game vs. Jaguars The in-game evaluation finally starts. Saints WR Jordyn Tyson injured his hamstring, and his Week 1 status could be in jeopardy More [&#8230;]",Caleb Yaccarino,2026-08-15T11:04:37-04:00,https://www.canalstreetchronicles.com/new-orleans-saints-news/113018/new-orleans-saints-news-august-14-who-must-impress-in-the-saints-first-preseason-game,2026-08-16T04:23:03.917359+00:00
New Orleans Saints,https://www.canalstreetchronicles.com,Key matchups: Saints vs. Jaguars,"The New Orleans Saints finally return to action, hosting the Jacksonville Jaguars in a Preseason Week 1 matchup. Both teams will play with limited starters, as they have a scheduled joint practice on Thursday, with starters getting plenty of playing time then. Despite a lack of starters, there are still plenty of key matchups to [&#8230;]",Kyle Besson,2026-08-14T12:30:00-04:00,https://www.canalstreetchronicles.com/new-orleans-saints-roster/112879/key-matchups-saints-vs-jaguars,2026-08-16T04:23:03.917359+00:00
New Orleans Saints,https://www.canalstreetchronicles.com,Saints vs. Jaguars: Quarterback Matchup,"The first preseason game for the New Orleans Saints gets underway this Saturday afternoon, as the Jacksonville Jaguars come to town for the only home preseason game that the Saints will host this season. The game will feature a matchup of Tyler Shough vs. Trevor Lawrence. Now, it’s not known as of today how much [&#8230;]",Anthony Parker,2026-08-14T11:00:00-04:00,https://www.canalstreetchronicles.com/new-orleans-saints-roster/112862/saints-vs-jaguars-quarterback-matchup,2026-08-16T04:23:03.917359+00:00
New Orleans Saints,https://www.canalstreetchronicles.com,Interview with the Enemy: Jacksonville Jaguars,"The New Orleans Saints will open the 2026 NFL preseason against the Jacksonville Jaguars at Caesars Superdome on Saturday. To break it down, Gus Logue of&#160;Big Cat Country&#160;joins us to preview this weekend’s matchup. NJ:&#160;With this being the first look at live game action,&#160;what are you hoping to learn about the Jaguars that you can’t [&#8230;]",Nic Jennings,2026-08-14T10:00:00-04:00,https://www.canalstreetchronicles.com/new-orleans-saints-news/112901/interview-with-the-enemy-jacksonville-jaguars,2026-08-16T04:23:03.917359+00:00
New Orleans Saints,https://www.canalstreetchronicles.com,Our defense vs. their offense: Jacksonville Jaguars,"After looking ahead at the New Orleans Saints’ offensive matchup for its preseason opener versus the Jacksonville Jaguars, let’s shift the focus now to the defensive side of the football. With both head coaches announcing there will be little to no action for starters this weekend, it will be crucial to see how the depth [&#8230;]",Jason Watson Jr,2026-08-14T09:00:00-04:00,https://www.canalstreetchronicles.com/new-orleans-saints-preseason/112941/our-defense-vs-their-offense-jacksonville-jaguars,2026-08-16T04:23:03.917359+00:00
New Orleans Saints,https://www.canalstreetchronicles.com,"New Orleans Saints News, August 14: Saints pass rusher had incredible performance against Jaguars",Welcome to today’s roundup of New Orleans Saints and NFL news. Saints rookie report &#8211; Preseason Week 1 The potential impact the rookies could make in the first preseason game. Chase Young claims 6 sacks in Saints&#8217; joint practice vs. Jaguars A standout day from the star. A Gulf Coast mom broke barriers as a [&#8230;],Caleb Yaccarino,2026-08-14T08:00:00-04:00,https://www.canalstreetchronicles.com/new-orleans-saints-news/112968/new-orleans-saints-news-august-14-saints-pass-rusher-had-incredible-performance-against-jaguars,2026-08-16T04:23:03.917359+00:00
New Orleans Saints,https://www.canalstreetchronicles.com,Saints Reacts Results: Which side of the ball are you most excited to watch against the Jaguars?,"In this week&#8217;s Saints reacts poll, we asked our readers which side of the ball are you most excited to watch against the Jaguars this weekend? An overwhelming 80% of voters said that they are looking forward to seeing Tyler Shough and company this weekend. There&#8217;s a lot of excitement surrounding this season&#8217;s team especially [&#8230;]",Tina Howell,2026-08-13T22:15:37-04:00,https://www.canalstreetchronicles.com/reacts/112975/saints-reacts-results-which-side-of-the-ball-are-you-most-excited-to-watch-against-the-jaguars,2026-08-16T04:23:03.917359+00:00
New Orleans Saints,https://www.canalstreetchronicles.com,Two Saints players have new jersey numbers,"With former QB/TE/RB Taysom Hill no longer on the New Orleans Saints roster, the #7 he wore became available. There are not many single-digit numbers that players can choose from, so #7 was going to be sought after, but at the start of training camp, QB Hunter Dekkers was given the number. Regarding Dekkers’ new [&#8230;]",Caleb Yaccarino,2026-08-13T13:55:34-04:00,https://www.canalstreetchronicles.com/new-orleans-saints-roster/112945/two-saints-players-have-new-jersey-numbers,2026-08-16T04:23:03.917359+00:00
New Orleans Saints,https://www.canalstreetchronicles.com,Saints Super Bowl Odds: Preseason Week 1,"The New Orleans Saints will take the field for their first preseason game on Saturday against the Jacksonville Jaguars. It is unclear how many starters will play this week, but the two teams will hold a joint practice on Thursday that should give us a hint as to how much we will see certain players [&#8230;]",Hayden Reel,2026-08-13T11:00:00-04:00,https://www.canalstreetchronicles.com/new-orleans-saints-news/112807/saints-super-bowl-odds-preseason-week-1,2026-08-16T04:23:03.917359+00:00
New York Giants,https://www.bigblueview.com,"7 winners, 3 losers from Giants-Vikings: Malachi Fields, Jack Kelly shine in loss","EAST RUTHERFORD, N.J. — Let’s review the New York Giants’ preseason-opening 13-10 loss to the Minnesota Vikings as only we can, with our unique ‘Kudos &#38; Wet Willies’ review of who played well and who did not. Kudos to … Malachi Fields — The rookie wide receiver had a 15-yard touchdown catch from a scrambling [&#8230;]",Ed Valentine,2026-08-15T18:22:01-04:00,https://www.bigblueview.com/new-york-giants-analysis/167719/winners-losers-giants-vikings-malachi-fields-jack-kelly-shine-kudos-wet-willies,2026-08-16T04:23:03.917359+00:00
New York Giants,https://www.bigblueview.com,NY Giants QB Jaxson Dart ‘puzzled’ after yet another concussion test,"New York Giants quarterback Jaxson Dart started the 2026 season in the most familiar way possible for Giants’ fans: A trip to the blue tent to be evaluated for a concussion, followed immediately by a touchdown on an improvised pass play. The headline of the day was the two-play sequence to end the first quarter [&#8230;]",Chris Pflum,2026-08-15T18:12:45-04:00,https://www.bigblueview.com/new-york-giants-preseason/167761/giants-qb-jaxson-dart-passes-concussion-test-throws-touchdown-pass-vs-vikings,2026-08-16T04:23:03.917359+00:00
New York Giants,https://www.bigblueview.com,Giants vs. Vikings: Giants lose in preseason opener; Jaxson Dart survives concussion scare,"EAST RUTHERFORD, N.J. — The New York Giants lost to the Minnesota Vikings 13-10 on Saturday in the preseason opener for both teams. More importantly for the Giants, quarterback Jaxson Dart survived his first injury scare of 2026. Dart was evaluated for a concussion after being sacked by blitzing Vikings safety Jay Ward on the [&#8230;]",Ed Valentine,2026-08-15T17:16:08-04:00,https://www.bigblueview.com/new-york-giants-preseason/167690/giants-vikings-discussion-news-highlights-analysis-injuries-updates-final-score,2026-08-16T04:23:03.917359+00:00
New York Giants,https://www.bigblueview.com,What did we learn from the Giants’ loss to the Minnesota Vikings?,"Yeah baby, NFL football is back! Well, sort of. We naturally get hyped to see our team on the field again after seven months with no New York Giants football. Three things can be said, though, with almost complete certainty: See: Victor Cruz; Tre Hawkins III; Jalin Hyatt; Greg Dulcich as examples of both kinds [&#8230;]",Anthony Del Genio,2026-08-15T17:14:35-04:00,https://www.bigblueview.com/new-york-giants-preseason/167714/what-did-we-learn-from-the-giants-13-10-loss-to-the-minnesota-vikings,2026-08-16T04:23:03.917359+00:00
New York Giants,https://www.bigblueview.com,Giants-Vikings: Positional grades from preseason Week 1,"The New York Giants era under John Harbaugh has officially started with New York hosting the Minnesota Vikings early on Saturday. The Giants featured plenty of under-center, heavier personnel runs, with an 11 personnel package that used Isaiah Likely all over the formation. Likely was the focal point in clutch situations for Matt Nagy and [&#8230;]",Nick Falato,2026-08-15T17:05:29-04:00,https://www.bigblueview.com/new-york-giants-preseason/167799/positional-grades-preseason-week-1,2026-08-16T04:23:03.917359+00:00
New York Giants,https://www.bigblueview.com,NY Giants vs. Vikings preseason 2026 discussion and live game chat,"Chat about today’s Giants-Vikings game here. Follow our live updates and chat over here, as well.",Ed Valentine,2026-08-15T10:42:51-04:00,https://www.bigblueview.com/new-york-giants-discussion/167729/ny-giants-vs-vikings-preseason-2026-discussion-and-live-game-chat,2026-08-16T04:23:03.917359+00:00
New York Giants,https://www.bigblueview.com,Survey results: Defense is the main attraction against the Vikings,"The 2026 NFL preseason is officially under way, and the New York Giants will open their own preseason by hosting the Minnesota Vikings at MetLife Stadium at 1 p.m. today. The first preseason game is about setting benchmarks on the road to the season opener. It’s the first opportunity for the coaching staff to get [&#8230;]",Chris Pflum,2026-08-15T09:00:00-04:00,https://www.bigblueview.com/nfl-reacts-survey/167658/survey-results-defense-is-the-main-attraction-against-the-vikings,2026-08-16T04:23:03.917359+00:00
New York Giants,https://www.bigblueview.com,"New York Giants mailbag: Roster questions, Chauncey Golston’s role, more","Norm Weiss asks: Ed, I&#8217;m sure you haven&#8217;t been overwhelmed with Damon Bankston questions. Have you seen enough from him to see him making the 53 man roster? I live in New Mexico and had the pleasure of seeing him play at UNM. His play strength and speed are much greater than his measurables. He [&#8230;]",Ed Valentine,2026-08-15T08:00:00-04:00,https://www.bigblueview.com/new-york-giants-discussion/167441/questions-answers-mailbag-roster-questions-jxson-dart-chauncey-golston-more,2026-08-16T04:23:03.917359+00:00
New York Giants,https://www.bigblueview.com,"Giants vs. Vikings, preseason Week 1: Game time, TV channel, odds, streaming","The New York Giants will open their preason at Saturday at MetLife Stadium against the Minnesota Vikings. Game time is 1 p.m. ET. Head coach John Harbaugh was non-committal about whether or not starters would play. He said the Giants have a preseason plan for each player. Below, everything you need to watch, listen to, [&#8230;]",Ed Valentine,2026-08-15T07:00:00-04:00,https://www.bigblueview.com/new-york-giants-preseason/167655/giants-vs-vikings-preseason-week-1-game-time-tv-channel-odds-streaming,2026-08-16T04:23:03.917359+00:00
New York Giants,https://www.bigblueview.com,NY Giants news: Giants set for first preseason game in John Harbaugh Era,"Good morning, New York Giants fans! Here are the stories you need to know as the team takes on the Minnesota Vikings in their first preseason game. A Harbaugh team meeting during training camp &#8212; an inside look &#124; ESPN.com A Harbaugh team meeting during training camp begins with something he calls &#8220;wise words.&#8221; This [&#8230;]",James Hickey,2026-08-15T06:00:00-04:00,https://www.bigblueview.com/new-york-giants-news/167698/preseason-opener-jaxson-dart-john-harbaugh-evan-neal-dominic-zvada,2026-08-16T04:23:03.917359+00:00
New York Jets,https://www.ganggreennation.com,Five Jets winners from the preseason opener against the Buccaneers,"The Jets’ first preseason game of 2026 is in the books. Let’s talk about five players who helped themselves. Cade Klubnik: Klubnik got a surprise start in the preseason opener due to a Geno Smith ankle injury. Any rookie quarterback tends to get overanalyzed in exhibition games. Klubnik didn’t do anything spectacular, but he was [&#8230;]",John B,2026-08-15T21:17:51-04:00,https://www.ganggreennation.com/new-york-jets-analysis/95563/five-jets-winners-from-the-preseason-opener-against-the-buccaneers,2026-08-16T04:23:03.917359+00:00
New York Jets,https://www.ganggreennation.com,Five takeaways from the Jets’ preseason opener against the Buccaneers,"The Jets’ preseason opener in 2026 is in the books. What was notable from this game? Here are my thoughts. Cade Klubnik was solid. There generally is an overreaction to rookie quarterback’s first preseason game. I’ll try and offer a reasonable take. The Jets didn’t put a ton of complex concepts on Klubnik’s plate, but [&#8230;]",John B,2026-08-15T09:25:40-04:00,https://www.ganggreennation.com/new-york-jets-preseason/95556/five-takeaways-from-the-jets-preseason-opener-against-the-buccaneers,2026-08-16T04:23:03.917359+00:00
New York Jets,https://www.ganggreennation.com,New York Jets Flight Connections 08/15/26,"Good morning Gang Green Nation! The New York Jets got off to an early 10 &#8211; 0 lead last night against the Tampa Bay Buccaneers in the first of three preseason games for the Jets. Cade Klubnik played reasonably well in leading the Jets offensive starters against the Buccaneers backups, and the Jets defensive starters [&#8230;]",MacGregor Wells,2026-08-15T07:00:00-04:00,https://www.ganggreennation.com/new-york-jets-news/95551/new-york-jets-flight-connections-08-15-26,2026-08-16T04:23:03.917359+00:00
New York Jets,https://www.ganggreennation.com,Final Score: Buccaneers Backups Bash Jets Scrubs,"In the New York Jets’ 2026 preseason opener, on a warm and humid evening in East Rutherford, New Jersey, the Jets lost to the Tampa Bay Buccaneers, 24 &#8211; 16. The first half saw the Jets open on defense. The Jets defensive starters shut down the Buccaneers’ offensive backups on the first drive. Cade Klubnik [&#8230;]",MacGregor Wells,2026-08-14T22:11:52-04:00,https://www.ganggreennation.com/new-york-jets-preseason/95538/final-score-buccaneers-backups-bash-jets-scrubs,2026-08-16T04:23:03.917359+00:00
New York Jets,https://www.ganggreennation.com,Jets vs Buccaneers Game Thread,"The long NFL offseason ends for the New York Jets tonight at 7:00 pm EDT. The Jets are at home in East Rutherford, New Jersey to take on the Tampa Bay Buccaneers in both teams’ 2026 preseason opener. NFL teams in recent years have increasingly held their starters out of preseason games in a bid [&#8230;]",MacGregor Wells,2026-08-14T18:30:00-04:00,https://www.ganggreennation.com/new-york-jets-discussion/95531/jets-vs-buccaneers-game-thread,2026-08-16T04:23:03.917359+00:00
New York Jets,https://www.ganggreennation.com,Scouting Jets defensive tackle Junior Tafuna,"The Jets recently claimed defensive tackle Junior Tafuna off waivers from the Houston Texans. Today, we break Tafuna down in detail. The 25-year old Tafuna is listed at 6’3” and 305 pounds and was a three-time all-Pac 12 second-teamer who went undrafted out of Utah. He spent last season on the Houston Texans&#8217; practice squad. [&#8230;]",Bent Double,2026-08-14T11:00:00-04:00,https://www.ganggreennation.com/new-york-jets-analysis/95495/scouting-jets-defensive-tackle-junior-tafuna,2026-08-16T04:23:03.917359+00:00
New York Jets,https://www.ganggreennation.com,"Jets vs. Buccaneers: Game Time, TV, Announcers, Online Streaming, and More","The Jets open the 2026 preseason tonight at MetLife Stadium at 7:00 pm Eastern against the Tampa Bay Buccaneers. The game will be broadcast locally in New York on WCBS 2. Ian Eagle and Anthony Becht will be on the call. If you live in Florida, you might be able to watch the Buccaneers’ broadcast. [&#8230;]",John B,2026-08-14T08:08:14-04:00,https://www.ganggreennation.com/new-york-jets-game-information/95524/jets-vs-buccaneers-game-time-tv-announcers-online-streaming-and-more,2026-08-16T04:23:03.917359+00:00
New York Jets,https://www.ganggreennation.com,New York Jets Flight Connections 08/14/26,"Good morning Gang Green Nation! The New York Jets finally play a game against another team today as their preseason begins. Tonight at 7:00 pm EDT the Jets take on the Tampa Bay Buccaneers. Sure, it’s preseason football. The starters barely play a quarter, if that. The schemes are plain vanilla, so as to give [&#8230;]",MacGregor Wells,2026-08-14T07:00:00-04:00,https://www.ganggreennation.com/new-york-jets-news/95520/new-york-jets-flight-connections-08-14-26,2026-08-16T04:23:03.917359+00:00
New York Jets,https://www.ganggreennation.com,Scouting Jets UDFA defensive tackle Ben Barten,"The Jets recently signed undrafted rookie defensive tackle Ben Barten. Today, we break Barten down in detail. The 24-year old Barten is listed at 6’5” and 330 pounds and was a two-year starter for the Wisconsin Badgers, where he recorded 63 tackles, eight passes defensed, 3.5 tackles for loss and two sacks in his career. [&#8230;]",Bent Double,2026-08-13T18:00:00-04:00,https://www.ganggreennation.com/new-york-jets-analysis/95482/scouting-jets-udfa-defensive-tackle-ben-barten,2026-08-16T04:23:03.917359+00:00
New York Jets,https://www.ganggreennation.com,Jets injury update: Joseph Ossai is off the physically unable to perform list,"The Jets have activated defensive end Joseph Ossai from the physically unable to perform (PUP) list. Ossai (6-4, 263) was placed on the Active/PUP list on July 28. He signed with the Jets in March after playing his first four seasons with the Cincinnati Bengals. During his time with the Bengals from 2022-25, Ossai played [&#8230;]",John B,2026-08-13T10:37:39-04:00,https://www.ganggreennation.com/new-york-jets-injuries/95479/jets-injury-update-joseph-ossai-is-off-the-physically-unable-to-perform-list,2026-08-16T04:23:03.917359+00:00
Philadelphia Eagles,https://www.bleedinggreennation.com,Eagles vs. Ravens preseason game updates,"The Philadelphia Eagles kickoff the 2026 NFL preseason on Saturday evening with a road game against the Baltimore Ravens. (Click here for ways to watch!) There’s a lot to be excited about when the Eagles take the field, and even if we won’t get a big preview of all the new stuff, there’s plenty to [&#8230;]",Alexis Chassen,2026-08-15T18:33:00-04:00,https://www.bleedinggreennation.com/game-day-threads/179444/eagles-vs-ravens-preseason-game-updates-discussion,2026-08-16T04:23:03.917359+00:00
Philadelphia Eagles,https://www.bleedinggreennation.com,Eagles waive wide receiver to make room for new LB,"The Eagles made the signing of Brandon George official on Saturday — just hours prior to their first preseason game — and to make room for the newest linebacker, announced they were releasing undrafted rookie free agent wide receiver Brandon Hayes. Hayes faced a really stacked WR room in Philadelphia, and was unfortunately the first [&#8230;]",Alexis Chassen,2026-08-15T17:56:04-04:00,https://www.bleedinggreennation.com/news/179460/eagles-waive-wide-receiver-roster-moves-linebacker-signing,2026-08-16T04:23:03.917359+00:00
Philadelphia Eagles,https://www.bleedinggreennation.com,Eagles vs. Ravens preseason watching guide,"The Philadelphia Eagles will start the 2026 NFL preseason on the road against the Baltimore Ravens on Saturday night. We won’t get a chance to see much of the new offense under OC Sean Mannion, as the team notoriously keeps things vanilla in the preseason, but we might get an opportunity to see at least [&#8230;]",Alexis Chassen,2026-08-15T14:57:52-04:00,https://www.bleedinggreennation.com/philadelphia-eagles-game-information/179436/eagles-vs-ravens-preseason-watching-guide,2026-08-16T04:23:03.917359+00:00
Philadelphia Eagles,https://www.bleedinggreennation.com,Eagles News: Did Philadelphia tease a new (old) helmet?,Let’s get to the Philadelphia Eagles news and links … Eagles fans are freaking out after the Eagles posted a video featuring a helmet they haven’t worn since 1973 &#8211; InquirerIt’s been a while since Eagles fans last saw white helmets paired with kelly green wings on the field in Philly. The last time came [&#8230;],Brandon Lee Gowton,2026-08-15T11:40:34-04:00,https://www.bleedinggreennation.com/news/179428/eagles-news-did-philadelphia-tease-a-new-old-helmet,2026-08-16T04:23:03.917359+00:00
Philadelphia Eagles,https://www.bleedinggreennation.com,Eagles reportedly sign Brandon G.,"No, not Brandon Graham. Nor Brandon Gowton. The Philadelphia Eagles are signing free agent linebacker Brandon George, according to a report from NFL insider Jeremy Fowler. George, 25, is a local area guy, having grown up in Reading, Pennsylvania before playing college football at Pitt. He signed with the Kansas City Chiefs as an undrafted [&#8230;]",Brandon Lee Gowton,2026-08-14T14:36:52-04:00,https://www.bleedinggreennation.com/news/179405/eagles-reportedly-sign-brandon-g,2026-08-16T04:23:03.917359+00:00
Philadelphia Eagles,https://www.bleedinggreennation.com,Eagles Film Review: Tyler Steen is a perfectly capable starting guard,"Over the past few weeks, I’ve been spending a lot of time watching offensive line film as part of my work with The Scouting Academy. One of the five offensive linemen I have to evaluate for the course is Tyler Steen, which made this pretty perfect timing considering how many of you have asked me [&#8230;]",Jonny Page,2026-08-14T12:34:00-04:00,https://www.bleedinggreennation.com/philadelphia-eagles-analysis/179354/eagles-film-review-tyler-steen-is-a-perfectly-capable-starting-guard,2026-08-16T04:23:03.917359+00:00
Philadelphia Eagles,https://www.bleedinggreennation.com,Should the Eagles’ offensive starters play in the preseason?,"Have you heard? The Eagles have a brand new offense! Yeah, I know, I know, it’s been a well-kept secret, but it’s true. It sure sounds pretty complicated! Lots of new plays and stuff! After last season’s disappointing offensive showing under former offensive coordinator Kevin Patullo, his replacement, Sean Mannion, is here with a brand [&#8230;]",John Stolnis,2026-08-14T11:11:00-04:00,https://www.bleedinggreennation.com/philadelphia-eagles-analysis/179370/should-the-eagles-offensive-starters-play-in-the-preseason,2026-08-16T04:23:03.917359+00:00
Philadelphia Eagles,https://www.bleedinggreennation.com,Eagles News: Ty Robinson among players on the roster bubble,"Let’s get to the Philadelphia Eagles news and links … Eagles 2026 training camp bubble player power rankings &#8211; PhillyVoice1) iDL Ty Robinson: Robinson had a bad rookie season and he began camp getting reps with the developmental players, but he has steadily gotten more meaningful reps, and has gotten better as camp has progressed. [&#8230;]",Brandon Lee Gowton,2026-08-14T09:21:56-04:00,https://www.bleedinggreennation.com/news/179377/eagles-news-ty-robinson-among-players-on-the-roster-bubble,2026-08-16T04:23:03.917359+00:00
Philadelphia Eagles,https://www.bleedinggreennation.com,Nick Sirianni talks Eagles’ preseason expectations,"We had a chance to hear from Eagles head coach Nick Sirianni one last time before the team’s first preseason game on Saturday night, and he talked about what he’s looking for from players and from an operational standpoint. He also complimented Jalen Hurts’ consistent approach, and how he’s handled being asked to do different [&#8230;]",Alexis Chassen,2026-08-14T08:20:00-04:00,https://www.bleedinggreennation.com/news/179296/nick-sirianni-talks-eagles-preseason-expectations,2026-08-16T04:23:03.917359+00:00
Philadelphia Eagles,https://www.bleedinggreennation.com,Eagles Training Camp Notes: Practice ends after a fight breaks out,Today marked the eleventh Philadelphia Eagles training camp practice ahead of the 2026 NFL season. Here’s what I observed down at the Jefferson Health Training Complex! EAGLES PRACTICE NOTES UP NEXT: The Eagles have a walkthrough closed to media access on Friday. Then they’ll travel down to Charm City on Saturday to play the Baltimore [&#8230;],Brandon Lee Gowton,2026-08-13T12:43:35-04:00,https://www.bleedinggreennation.com/philadelphia-eagles-preseason/179299/eagles-training-camp-notes-practice-ends-after-a-fight-breaks-out,2026-08-16T04:23:03.917359+00:00
Pittsburgh Steelers,https://www.behindthesteelcurtain.com,Kirk Herbstreit raves about Steelers rookie after electric preseason debut,"Kaden Wetjen did not need long to make an impression in his first NFL game. The Pittsburgh Steelers rookie wide receiver and return specialist turned heads during Thursday night’s 28-9 preseason victory over the Green Bay Packers, catching two passes for 79 yards and a touchdown while displaying the explosive speed that made him one [&#8230;]",Mike Nicastro,2026-08-15T19:48:05-04:00,https://www.behindthesteelcurtain.com/pittsburgh-steelers-preseason/173379/kirk-herbstreit-raves-about-steelers-rookie-after-electric-preseason-debut-kaden-wetjen,2026-08-16T04:23:03.917359+00:00
Pittsburgh Steelers,https://www.behindthesteelcurtain.com,Saturday Night Open Thread: Paper doesn&#8217;t mean anything,"Live from Delaware, it’s Saturday Night! I, NAS204PSU, am here at BTSC to bring you this Saturday Night Open Thread (aka SNOT). The first preseason game is in the books, and the good guys reportedly looked good. However it&#8217;s a &#8220;meaningless&#8221; preseason game, in that it doesn&#8217;t impact regular season standings or playoff hopes. But for many at [&#8230;]",NAS204PSU,2026-08-15T17:30:00-04:00,https://www.behindthesteelcurtain.com/pittsburgh-steelers-discussion/173383/saturday-night-open-thread-paper-doesnt-mean-anything,2026-08-16T04:23:03.917359+00:00
Pittsburgh Steelers,https://www.behindthesteelcurtain.com,Steelers’ WR injuries create uncertainty ahead of preseason Week 2,"The Pittsburgh Steelers’ revamped wide receiver room could remain shorthanded when the team returns to Acrisure Stadium for its second preseason game. Head coach Mike McCarthy said injured wide receivers DK Metcalf and Michael Pittman Jr. will be “hard pressed to work this week,” according to Alan Saunders of Steelers Now, without providing a definitive [&#8230;]",Mike Nicastro,2026-08-15T13:00:00-04:00,https://www.behindthesteelcurtain.com/pittsburgh-steelers-injuries/173387/steelers-wr-injuries-create-uncertainty-ahead-of-preseason-week-2-dk-metcalf-michael-pittman,2026-08-16T04:23:03.917359+00:00
Pittsburgh Steelers,https://www.behindthesteelcurtain.com,Price tag goes up again for Steelers’ Joey Porter Jr extension,"As the Pittsburgh Steelers go another day without coming to terms on an extension with cornerback Joey Porter Jr, other teams around the NFL continue to get their guys paid. On Saturday, it was the Seattle Seahawks and Devon Witherspoon that got a deal done. Per Adam Schefter, the Seahawks and the three-time Pro Bowler [&#8230;]",Jarrett Bailey,2026-08-15T12:42:32-04:00,https://www.behindthesteelcurtain.com/pittsburgh-steelers-news/173389/price-tag-goes-up-again-for-steelers-joey-porter-jr-extension-devon-witherspoon-seattle-seahawks,2026-08-16T04:23:03.917359+00:00
Pittsburgh Steelers,https://www.behindthesteelcurtain.com,Steelers sell out of Drew Allar jerseys after preseason debut,"Not often do you see a rookie quarterback play just two quarters of a preseason game and immediately become the hottest commodity for fan gear and apparel. However, that unlikelihood became reality for the Pittsburgh Steelers after the team’s preseason opener against the Green Bay Packers, as rookie quarterback Drew Allar became a fan-favorite in [&#8230;]",Reece Comfort,2026-08-15T08:00:00-04:00,https://www.behindthesteelcurtain.com/pittsburgh-steelers-news/173356/steelers-sell-out-of-drew-allar-jerseys-after-preseason-debut,2026-08-16T04:23:03.917359+00:00
Pittsburgh Steelers,https://www.behindthesteelcurtain.com,Steelers sign DT Keeanu Benton to $72 million extension,"The Pittsburgh Steelers and defensive tackle Keeanu Benton have come to an agreement on a four-year, $72 million extension, per Ian Rapoport. The deal makes Benton the highest-paid defensive lineman in Steelers history on a per-year basis, tying him with Cam Heyward at $18 million per year. Benton has appeared in all 17 games in [&#8230;]",Jarrett Bailey,2026-08-14T22:17:48-04:00,https://www.behindthesteelcurtain.com/pittsburgh-steelers-news/173369/steelers-sign-dt-keeanu-benton-to-72-million-extension-nick-herbig-joey-porter-jr,2026-08-16T04:23:03.917359+00:00
Pittsburgh Steelers,https://www.behindthesteelcurtain.com,Riley Nowakowski raves about confidence of Drew Allar,"Drew Allar’s first NFL preseason appearance provided the Pittsburgh Steelers with plenty of reasons to be encouraged about the future of their quarterback position. The rookie third-round pick looked poised and decisive in his debut Thursday night, helping lead the Steelers to a 28-9 victory over the Green Bay Packers, completing 10 of 13 passes [&#8230;]",Mike Nicastro,2026-08-14T19:13:10-04:00,https://www.behindthesteelcurtain.com/pittsburgh-steelers-preseason/173345/riley-nowakowski-raves-about-confidence-of-drew-allar-pittsburgh-steelers,2026-08-16T04:23:03.917359+00:00
Pittsburgh Steelers,https://www.behindthesteelcurtain.com,Friday Night Happy Hour: Preseason takeaways edition,Welcome back to BTSC’s Friday night open thread: Tonight&#8217;s song rec:,Ryland Bickley,2026-08-14T18:30:00-04:00,https://www.behindthesteelcurtain.com/pittsburgh-steelers-discussion/173347/friday-night-happy-hour-preseason-takeaways-edition,2026-08-16T04:23:03.917359+00:00
Pittsburgh Steelers,https://www.behindthesteelcurtain.com,Three Rivers Report: Drew Allar steals the show against Green Bay,"Thursday was an interesting situation for the Pittsburgh Steelers. The team has four quarterbacks on the 90-man roster and Aaron Rodgers didn’t play. Mason Rudolph is the clear backup, but what about the situation between rookies Drew Allar and Will Howard? Most teams keep three quarterbacks and the Steelers could have one of their quarterbacks [&#8230;]",Jason Aponte,2026-08-14T13:30:00-04:00,https://www.behindthesteelcurtain.com/pittsburgh-steelers-news/173337/three-rivers-report-drew-allar-steals-the-show-against-green-bay-pittsburgh-steelers,2026-08-16T04:23:03.917359+00:00
Pittsburgh Steelers,https://www.behindthesteelcurtain.com,The Morning After: Writing is on the wall for Steelers RB Kaleb Johnson,"If Acrisure Stadium was powered by anticipation, it could have stored enough to last an entire season in the moments leading up to the Pittsburgh Steelers’ preseason opener against the Green Bay Packers. It marked the first time that Will Howard and Drew Allar would take the field as NFL quarterbacks, albeit in an exhibition [&#8230;]",Jarrett Bailey,2026-08-14T12:46:58-04:00,https://www.behindthesteelcurtain.com/pittsburgh-steelers-analysis/173334/the-morning-after-writing-is-on-the-wall-for-steelers-rb-kaleb-johnson-drew-allar-germie-bernard,2026-08-16T04:23:03.917359+00:00
Los Angeles Chargers,https://www.boltsfromtheblue.com,Best and worst Chargers PFF grades vs. the Texans,"The Chargers came out and “out-physical’d” the Texans for the majority of the game, per Houston head coach DeMeco Ryans. After a back-and-forth game through the first half, the Chargers’ depth continued to pour it on during the final 30 minutes. And that goes for both sides of the ball. Unsurprisingly, that was reflected in [&#8230;]",Michael Peterson,2026-08-14T15:25:49-04:00,https://www.boltsfromtheblue.com/los-angeles-chargers-news/65070/chargers-texans-pff-grades-jake-slaughter-akheem-mesidor,2026-08-16T04:23:03.917359+00:00
Los Angeles Chargers,https://www.boltsfromtheblue.com,KeAndre Lambert-Smith among 6 Chargers who saw their stock rise vs. Texans,"The Chargers racked up almost 400 yards of offense (379) against the Texans which is an impressive feat given how good DeMeco Ryans has been at coaching up that unit in recent years. Defensively, they were top notch, as well. Houston recorded just 209 yards and turned the ball over three times while mainly being [&#8230;]",Michael Peterson,2026-08-14T12:34:26-04:00,https://www.boltsfromtheblue.com/los-angeles-chargers-preseason/65064/los-angeles-chargers-texans-jake-slaughter-jahmeer-carter-amar-johnson,2026-08-16T04:23:03.917359+00:00
Los Angeles Chargers,https://www.boltsfromtheblue.com,"Los Angeles Chargers news: Jake Slaughter, Jahmeer Carter among standout rookies vs. Texans","Good morning, Chargers fans! The Bolts may have found a guard who can pick up a stunt by the defensive line. Jake Slaughter looked comfortable in his first game at left guard playing next to both Branson Taylor and Travis Burke who rotated at left tackle. In the clip below, you can see Slaughter recover [&#8230;]",Michael Peterson,2026-08-14T09:50:00-04:00,https://www.boltsfromtheblue.com/los-angeles-chargers-news/65018/los-angeles-chargers-news-jake-slaughter-jahmeer-carter-texans,2026-08-16T04:23:03.917359+00:00
Los Angeles Chargers,https://www.boltsfromtheblue.com,Chargers-Texans Game Recap: RB Amar Johnson scores twice as Bolts beat Houston 27-7,"The Chargers did not play many of their starters, but that didn’t stop the offense from putting up 27 points and the defense from recording a pair of turnover on downs against the Texans in a lopsided win on the road. Second-year running back Amar Johnson caught a pair of passes for 68 yards and [&#8230;]",Michael Peterson,2026-08-13T23:06:47-04:00,https://www.boltsfromtheblue.com/los-angeles-chargers-news/65047/chargers-texans-game-recap-amar-johnson-trey-lance,2026-08-16T04:23:03.917359+00:00
Los Angeles Chargers,https://www.boltsfromtheblue.com,"Chargers vs. Texans Preseason Week 1: How to watch, game time, TV schedule, streaming, and more","With most of the starters out for Thursday night, it will be backup quarterback Trey Lance who will lead the Chargers against the Texans on the road in their preseason debut. While the first preseason exhibition is always the least-polished product of the season, it’s still the first time fans will get to see some [&#8230;]",Michael Peterson,2026-08-13T11:57:23-04:00,https://www.boltsfromtheblue.com/los-angeles-chargers-game-information/65044/chargers-texans-preseason-how-to-watch-game-time-tv-schedule-streaming,2026-08-16T04:23:03.917359+00:00
Los Angeles Chargers,https://www.boltsfromtheblue.com,Los Angeles Chargers preseason: Bolts-Texans discussion,"The Chargers are in Houston to face the Texans in their preseason debut. About 15 starters will not play, per Jim Harbaugh. That still leaves a handful of potential starters who will see the field on top of the wealth of young and exciting players that should also get their fair share of snaps. If [&#8230;]",Michael Peterson,2026-08-13T09:50:00-04:00,https://www.boltsfromtheblue.com/los-angeles-chargers-news/64979/los-angeles-chargers-news-texans-preseason-jake-slaughter-akheem-mesidor,2026-08-16T04:23:03.917359+00:00
Los Angeles Chargers,https://www.boltsfromtheblue.com,6 players to watch in Chargers-Texans,"The Chargers begin their preseason slate with a road trip to Houston. With the majority of starters expected to sit out, this will be our first look at a lot of the team’s young players. You should not expect a performance for the ages, but predicting one or two players to standout is always worth [&#8230;]",Michael Peterson,2026-08-12T15:33:35-04:00,https://www.boltsfromtheblue.com/los-angeles-chargers-preseason/65020/los-angeles-chargers-texans-preseason-tre-harris-jake-slaughter,2026-08-16T04:23:03.917359+00:00
Los Angeles Chargers,https://www.boltsfromtheblue.com,Los Angeles Chargers news: Jake Slaughter gaining momentum into first preseason game,"Good morning, Chargers fans! On Wednesday, Jim Harbaugh had notable praise for rookie Jake Slaughter when asked about how the left guard competition was shaping up. While not specifically asked about Slaughter, Harbaugh made sure to let reporters know that Slaughter “had a good weekend.” &#8220;Right up to the minute right now, really like the [&#8230;]",Michael Peterson,2026-08-12T09:50:00-04:00,https://www.boltsfromtheblue.com/los-angeles-chargers-news/64982/los-angeles-chargers-news-jake-slaughter-jim-harbaugh-preseason,2026-08-16T04:23:03.917359+00:00
Los Angeles Chargers,https://www.boltsfromtheblue.com,Los Angeles Chargers 2026 schedule and scores,"The Los Angeles Chargers are going into the 2026 season with high expectations after making the playoffs in each of the last two years. However, with a new offensive coordinator and defensive coordinator, the Chargers have a lot of intrigue as they hope small tweaks will go a long way. According to FanDuel Sportsbook, the Chargers [&#8230;]",Jeremy Brener,2026-08-11T15:00:00-04:00,https://www.boltsfromtheblue.com/los-angeles-chargers-schedule/65008/los-angeles-chargers-2026-schedule-and-scores,2026-08-16T04:23:03.917359+00:00
Los Angeles Chargers,https://www.boltsfromtheblue.com,Los Angeles Chargers news: When should we worry about Rashawn Slater?,"Good morning, Chargers fans! Left tackle Rashawn Slater missed practice for the third consecutive day on Monday, despite Jim Harbaugh telling reporters that he was “right on track” returning from his torn patellar tendon. That injury happened on August 7th of last year, marking a full calendar year since the event. Saturday’s absence was due [&#8230;]",Michael Peterson,2026-08-11T14:22:10-04:00,https://www.boltsfromtheblue.com/los-angeles-chargers-news/64963/los-angeles-chargers-news-when-should-we-worry-about-rashawn-slater,2026-08-16T04:23:03.917359+00:00
San Francisco 49ers,https://www.ninersnation.com,49ers change up their left guard rotation; Mike Evans and Jacob Cowing return,"The San Francisco 49ers brought in tight end Khalil Dinkins for a tryout, per the transaction wire. This comes 48 hours after three tight ends, Brayden Willis, Josiah Deguara, and Hayden Rucci, played 33 to 37 snaps in the preseason opener. George Kittle remains on the active/PUP, while the team still has Luke Farrell and [&#8230;]",Kyle Posey,2026-08-15T17:02:41-04:00,https://www.ninersnation.com/san-francisco-49ers-preseason/161316/49ers-change-up-their-left-guard-rotation-mike-evans-and-jacob-cowing-return,2026-08-16T04:23:03.917359+00:00
San Francisco 49ers,https://www.ninersnation.com,De’Zhaun Stribling is in rare company with his preseason debut against the Titans,"Well, the 49ers’ first pick of the 2026 draft, wide receiver De’Zhaun Stribling, just keeps looking better and better. On Thursday, against the Tennessee Titans, Stribling hauled in seven catches for 63 yards. In the first half. Sure, we can make all the jokes we want about it being preseason, but that doesn’t happen very [&#8230;]",Patrick Holloway,2026-08-15T09:30:00-04:00,https://www.ninersnation.com/san-francisco-49ers-news/161303/49ers-titans-nfl-dezhaun-stribling-preseason-debut-2026,2026-08-16T04:23:03.917359+00:00
San Francisco 49ers,https://www.ninersnation.com,49ers News: We’re on to the Los Angeles Chargers,"After broken neck, 49ers’ Robert Jones ready to fight for a job: ‘I do have to hit again’ (paywall)“Jones used a bone-stimulation machine to promote healing for four months, took regular hospital trips for two-hour stints in a hyperbaric chamber and wasn’t permitted to run until he was medically cleared in March….“When we got to [&#8230;]",Yinon Raviv,2026-08-15T05:00:00-04:00,https://www.ninersnation.com/san-francisco-49ers-news/161311/49ers-news-preseason-training-camp-los-angeles-chargers-tennessee-titans-dezhaun-stribling-robert-jones-neck-injury-kurtis-rourke-rib-hospital-jordan-watkins-sweet-tea-diet-offseason-pff-grades-snap-c,2026-08-16T04:23:03.917359+00:00
San Francisco 49ers,https://www.ninersnation.com,49ers hold tryouts with 3 defensive backs after a trio of injuries at the position,"The San Francisco 49ers had tryouts with three defensive backs after the news that Nate Hobbs (groin), Jack Jones (hand), and Marques Sigle (oblique) suffered injuries this past week. One was Troy Pride, a 5&#8217;11, 195-pound cornerback out of the 2020 NFL Draft. He was drafted in the fourth round. Pride was last with the [&#8230;]",Kyle Posey,2026-08-14T17:58:00-04:00,https://www.ninersnation.com/san-francisco-49ers-news/161310/49ers-hold-tryouts-with-3-defensive-backs-after-a-trio-of-injuries-at-the-position,2026-08-16T04:23:03.917359+00:00
San Francisco 49ers,https://www.ninersnation.com,49ers preseason snap counts and grades: More questions than answers at left guard,"San Francisco 49ers wide receiver Jordan Watkins is going to be sore this morning after playing a team-high 58 offensive snaps and another five as the return man. Then you have the other side, with the newly signed Zamir White only seeing the field for six snaps late in the game at running back. Let’s [&#8230;]",Kyle Posey,2026-08-14T16:30:00-04:00,https://www.ninersnation.com/san-francisco-roster/161295/49ers-preseason-snap-counts-and-grades-more-questions-than-answers-at-left-guard,2026-08-16T04:23:03.917359+00:00
San Francisco 49ers,https://www.ninersnation.com,Did the 49ers find a defensive gem in the 4th round of the draft?,"There was much made of the San Francisco 49ers&#8217; draft strategy in 2026 and from previous drafts. It’s clear the 49ers have their own board, which is put together with physical and character traits that are desired by the organization. After one preseason game, the 49ers&#8217; rookie class was on display against the Titans. De’Zhaun [&#8230;]",Jason Aponte,2026-08-14T15:01:00-04:00,https://www.ninersnation.com/san-francisco-49ers-analysis/161296/did-the-49ers-find-a-defensive-gem-in-the-4th-round-of-the-draft,2026-08-16T04:23:03.917359+00:00
San Francisco 49ers,https://www.ninersnation.com,6 Winners and 4 losers from the 49ers&#8217; preseason opener,"The San Francisco 49ers had their first preseason game, where we witnessed Adrian Martinez throw the ball 30 times and the running backs show us what three yards and a cloud of dust looks like. The scoreboard doesn&#8217;t matter in the preseason. You want to see players making plays. The box score can be deceiving, [&#8230;]",Kyle Posey,2026-08-14T13:01:58-04:00,https://www.ninersnation.com/san-francisco-49ers-preseason/161291/6-winners-and-4-losers-from-the-49ers-preseason-opener,2026-08-16T04:23:03.917359+00:00
San Francisco 49ers,https://www.ninersnation.com,3 stars for the 49ers: Did Kurtis Rourke make Mac Jones expendable?,"The San Francisco 49ers played the Tennessee Titans in both teams’ preseason openers on Thursday night, with the Titans coming out on top by a final score of who cares; it’s the first preseason game.&#160; What we are here to take away is who the top performers were in a game where there are plenty [&#8230;]",Andrew Pasquini,2026-08-14T10:51:57-04:00,https://www.ninersnation.com/san-francisco-49ers-preseason/161269/3-stars-for-the-49ers-did-kurtis-rourke-make-mac-jones-expendable,2026-08-16T04:23:03.917359+00:00
San Francisco 49ers,https://www.ninersnation.com,49ers News: Rookies make a strong first impression in Titans preseason game,"What Kyle Shanahan and others said after 49ers’ 19-13 loss vs. Titans&#8220;Yeah, [Saleh and I are] not the biggest note takers, but we&#8217;re more FaceTimers. So, we sat there and FaceTimed a little bit the last two nights, just talking about what we saw from each other. It&#8217;s a little bit easier when you&#8217;re in [&#8230;]",Yinon Raviv,2026-08-14T05:00:00-04:00,https://www.ninersnation.com/san-francisco-49ers-preseason/161272/49ers-news-preseason-training-camp-tennessee-titans-dezhaun-stribling-kurtis-rourke-rib-injury-martinez-takeaways-carnell-tate-cam-ward-depth-kyle-shanahan-rookies-gracen-halton-left-guard-ephesian-pr,2026-08-16T04:23:03.917359+00:00
San Francisco 49ers,https://www.ninersnation.com,49ers injury updates: Kurtis Rourke went to the hospital; Nate Hobbs pulled his groin,"San Francisco 49ers head coach Kyle Shanahan provided injury updates after the Niners&#8217; preseason opener. Quarterback Kurtis Rourke was struggling to breathe after he left the game with a rib injury. Shanahan said he didn&#8217;t want to go too much in depth about the injury as he didn&#8217;t have updates. However, the team was concerned [&#8230;]",Kyle Posey,2026-08-14T00:44:14-04:00,https://www.ninersnation.com/san-francisco-49ers-injuries/161264/49ers-injury-updates-kurtis-rourke-went-to-the-hospital-nate-hobbs-pulled-his-groin,2026-08-16T04:23:03.917359+00:00
Seattle Seahawks,https://www.fieldgulls.com,Seahawks vs. Cowboys score: Seattle starts preseason with sloppy 17-7 loss,"The Seattle Seahawks (0-1) got their 2026 preseason off and running at Lumen Field against the Dallas Cowboys (1-0), but unfortunately they couldn’t get off to a winning start. A bright start led by Drew Lock and Montorie Foster steadily fizzled out, as the Cowboys rode two impressive Camden Brown touchdowns into a 17-7 win. [&#8230;]",Mookie Alexander,2026-08-15T23:00:28-04:00,https://www.fieldgulls.com/seattle-seahawks-scores-results/172530/seahawks-vs-cowboys-score-nfl-preseason-results-milroe-foster,2026-08-16T04:23:03.917359+00:00
Seattle Seahawks,https://www.fieldgulls.com,Post-game live reaction: Seahawks fall to Cowboys in preseason opener,"The Seattle Seahawks marched down the field with Drew Lock at the helm, aided by two big penalties on the Dallas Cowboys, before punching it in for a 7-0 to kick off the game. After taking more than seven minutes off the clock, wide receiver Montorie Foster Jr. scored the first touchdown of the preseason [&#8230;]",Brandan Schulze,2026-08-15T22:10:49-04:00,https://www.fieldgulls.com/seahawks-podcast/172448/post-game-live-reaction-seahawks-vs-cowboys-preseason-game-1,2026-08-16T04:23:03.917359+00:00
Seattle Seahawks,https://www.fieldgulls.com,Seattle Seahawks vs. Dallas Cowboys live discussion: The champs are back!,"A new season of Seattle Seahawks football is here! The reigning Super Bowl champions start their third season under Mike Macdonald with a home game against the Dallas Cowboys, coached by former Seahawks offensive coordinator Brian Schottenheimer. This will be the first preseason game as Seahawks OC for Brian Fleury, who will at least get [&#8230;]",Mookie Alexander,2026-08-15T18:45:00-04:00,https://www.fieldgulls.com/seattle-seahawks-discussion/172515/nfl-preseason-seattle-seahawks-vs-dallas-cowboys-live-discussion-game-thread,2026-08-16T04:23:03.917359+00:00
Seattle Seahawks,https://www.fieldgulls.com,Why even the young Seahawks will be an important preseason evaluation,"Is preseason worth watching? For an outfit that just took the league title, you’d think the backups wouldn’t really matter in the grand scheme of things… but they do! From the collective horse’s (Hawk’s?) mouth itself. Seattle Seahawks head coach Mike Macdonald on the rookie class: “This has been a great rookie class. They’re different [&#8230;]",Jer'rel Coleman,2026-08-15T15:02:28-04:00,https://www.fieldgulls.com/seattle-seahawks-game-analysis/171884/why-young-seattle-seahawks-will-be-important-preseason-evaluation,2026-08-16T04:23:03.917359+00:00
Seattle Seahawks,https://www.fieldgulls.com,"Former Seahawks safety Jamal Adams injures knee, carted off in Vikings debut","Former Seattle Seahawks safety Jamal Adams had a bright start but an ominous, unfortunate end to his Minnesota Vikings debut. In Saturday’s preseason opener at the New York Giants, Adams, who is now officially a linebacker as of last year’s stint with the Las Vegas Raiders, showcased what made him a tantalizing All-Pro level talent [&#8230;]",Mookie Alexander,2026-08-15T14:27:15-04:00,https://www.fieldgulls.com/seattle-seahawks-news/172507/former-seahawks-safety-jamal-adams-carted-off-knee-injury-vikings-debut-nfl-news,2026-08-16T04:23:03.917359+00:00
Seattle Seahawks,https://www.fieldgulls.com,5 things to watch in Seahawks’ preseason opener vs. Cowboys,"It’s finally here! Seattle Seahawks football is back, albeit in preseason mode, but would you rather watch preseason Seahawks football or no Seahawks football at all? I thought so. And we get another year of Michael Bennett and Michael Robinson on the mic. While the key starters will be out for the opener against the [&#8230;]",Mookie Alexander,2026-08-15T13:00:00-04:00,https://www.fieldgulls.com/seattle-seahawks-game-analysis/172385/5-things-to-watch-seahawks-vs-cowboys-nfl-preseason-opener,2026-08-16T04:23:03.917359+00:00
Seattle Seahawks,https://www.fieldgulls.com,Seahawks sign Devon Witherspoon to record-setting $132 million contract extension,"A foundational piece of Mike Macdonald’s Seattle Seahawks is here to stay. The Seahawks and cornerback Devon Witherspoon agreed to a four-year, $132 million contract extension with more than $101 million in guarantees, ESPN’s Adam Schefter reported on Saturday. The deal will make Witherspoon the highest-paid cornerback in league history, topping the two-year, $62.2 million [&#8230;]",Everett Ellis,2026-08-15T11:47:27-04:00,https://www.fieldgulls.com/seattle-seahawks-news/172175/seahawks-sign-devon-witherspoon-132-million-contract-extension-nfl-news,2026-08-16T04:23:03.917359+00:00
Seattle Seahawks,https://www.fieldgulls.com,Seahawks Reacts Results: Seattle’s defense backed to lead NFC West in sacks,"Welcome to SB Nation Reacts, a survey of fans across the NFL. Throughout the year we ask questions of the most plugged-in Seahawks fans and fans across the country. Sign up here to participate in the weekly emailed surveys. The latest SB Nation Reacts results offer an interesting vote of confidence in the Seattle Seahawks&#8217; [&#8230;]",Alexandre Castro,2026-08-15T11:00:00-04:00,https://www.fieldgulls.com/seattle-seahawks-discussion/172462/seahawks-reacts-results-seattle-defense-backed-to-lead-nfc-west-sacks,2026-08-16T04:23:03.917359+00:00
Seattle Seahawks,https://www.fieldgulls.com,Robbie Ouzts neck injury not believed to be career-threatening,"Seattle Seahawks fullback Robbie Ouzts saw his Super Bowl-winning rookie season end during the playoffs due to a neck injury, and he will miss all of 2026 after he was placed on injured reserve due to that ongoing neck problem. It’s natural to speculate the worst case scenario of a neck injury potentially ending someone’s [&#8230;]",Mookie Alexander,2026-08-15T10:00:00-04:00,https://www.fieldgulls.com/seattle-seahawks-injury-report/172413/seahawks-robbie-ouzts-neck-injury-not-believed-career-threatening,2026-08-16T04:23:03.917359+00:00
Seattle Seahawks,https://www.fieldgulls.com,Seahawks News: Seahawks open preseason slate with Cowboys at home,"(Mostly) Real football has arrived, again! American football. Seattle Seahawks football. We’ve all been starved for something that resembles meaningful moments on the field for a minute now, and tonight’s the night to bite into the aperitif that is our beloved squad versus the Dallas Cowboys. For me, the excitement and intrigue of this preseason [&#8230;]",Terrance Robinson,2026-08-15T09:00:00-04:00,https://www.fieldgulls.com/seattle-seahawks-news/172482/seahawks-news-seahawks-open-preseason-slate-with-cowboys-at-home,2026-08-16T04:23:03.917359+00:00
Tampa Bay Buccaneers,https://www.bucsnation.com,Three Takeaways: Buccaneers vs Jets Preseason Week 1,"The Buccaneers first preseason game is in the books, defeating the New York Jets 24-16. There were certainly highs and lows in this one as we got our first look at preseason action from Tampa Bay. Lets take a look at some of the main takeaways from this first contest. Jalon Daniels is the front [&#8230;]",Evan Wanish,2026-08-15T09:30:00-04:00,https://www.bucsnation.com/tampa-bay-buccaneers-analysis/68173/three-takeaways-buccaneers-vs-jets-preseason-week-1,2026-08-16T04:23:03.917359+00:00
Tampa Bay Buccaneers,https://www.bucsnation.com,Buccaneers Preseason Week 1 Winners and Losers,"The Buccaneers kicked their preseason off in earnest with a closely contested 24-16 victory against the New York Jets Friday night. Considering the Bucs did not play a single starter on offense or defense and the Jets started all their healthy first-stringers, it’s a favorable outcome for Tampa Bay as they looked like the better [&#8230;]",Mike Kiwak,2026-08-14T22:13:07-04:00,https://www.bucsnation.com/tampa-bay-buccaneers-preseason/68156/buccaneers-preseason-week-1-winners-and-losers,2026-08-16T04:23:03.917359+00:00
Tampa Bay Buccaneers,https://www.bucsnation.com,Egbuka toe injury deemed “stable”,"The Buccaneers received welcome news about young star Emeka Egbuka, who injured his foot during joint practice with the New York Jets this week. Per the Tampa Bay Times’ Rick Stroud, Egbuka met with specialists and got diagnosed with a stable toe sprain that should not put his season-opener status in jeopardy. This news will [&#8230;]",Mike Kiwak,2026-08-14T21:03:37-04:00,https://www.bucsnation.com/tampa-bay-buccaneers-injuries/68151/egbuka-toe-injury-deemed-stable,2026-08-16T04:23:03.917359+00:00
Tampa Bay Buccaneers,https://www.bucsnation.com,Buccaneers vs. Jets preseason 2026: Live game discussion,"Hello Buccaneers fans, and welcome to the 2026 preseason! The Bucs will kick off the preseason at 7 p.m. ET on Friday, Aug. 14, and this is your place to chat about it with other Buccaneers fans. The starters aren’t expected to play tonight, so it’s a chance for everyone else to make their case [&#8230;]",Jeanna Kelley,2026-08-14T18:56:19-04:00,https://www.bucsnation.com/tampa-bay-buccaneers-preseason/68146/buccaneers-vs-jets-preseason-2026-live-game-discussion,2026-08-16T04:23:03.917359+00:00
Tampa Bay Buccaneers,https://www.bucsnation.com,"Ahead of the Buccaneers first preseason game, Vita Vea is ‘hoping’ contract talks continue","Vita Vea’s future with the Buccaneers remains a storyline worth watching, and former NFL running back Maurice Jones-Drew offered an encouraging update on where things stand with Tampa Bay’s defensive anchor. Jones-Drew said he recently spoke with Vea, who has remained in the Tampa area rather than returning home to California as he prepares for [&#8230;]",Gil Arcia,2026-08-14T15:00:00-04:00,https://www.bucsnation.com/tampa-bay-buccaneers-news/68130/ahead-of-buccaneers-nfl-first-preseason-game-jets-vita-vea-hoping-contract-talks-continue,2026-08-16T04:23:03.917359+00:00
Tampa Bay Buccaneers,https://www.bucsnation.com,Tampa Bay Buccaneers news: Preseason opener vs. Jets,"The Tampa Bay Buccaneers are scheduled to face off against the New York Jets in their preseason opener tonight at 7 p.m. ET inside MetLife Stadium. After facing off in joint practices earlier in the week, the Bucs and Jets get to showcase themselves on a larger stage with brighter lights. Bucs Nation, how do [&#8230;]",Jeremy Brener,2026-08-14T07:00:00-04:00,https://www.bucsnation.com/tampa-bay-buccaneers-news/68124/tampa-bay-buccaneers-news-preseason-opener-vs-jets,2026-08-16T04:23:03.917359+00:00
Tampa Bay Buccaneers,https://www.bucsnation.com,Tampa Bay Buccaneers news: Emeka Egbuka injury update sparks concern,"Tampa Bay Buccaneers wide receiver Emeka Egbuka is dealing with a toe injury, which will likely sideline him for the team&#8217;s preseason opener against the New York Jets. It could also sideline him for several weeks, which could change how the team is operating on offense. &#8220;I don&#8217;t know the status as of right now [&#8230;]",Jeremy Brener,2026-08-13T07:00:00-04:00,https://www.bucsnation.com/tampa-bay-buccaneers-news/68109/tampa-bay-buccaneers-news-emeka-egbuka-injury-update-sparks-concern,2026-08-16T04:23:03.917359+00:00
Tampa Bay Buccaneers,https://www.bucsnation.com,David Walker turning heads at camp,"It’s easy to find hopium through training camp practices and reports. That can be dangerous, but at least it can also offer clues on who to pay closer attention to as joint team practices and preseason games draw closer. In a do-or-die year for Todd Bowles’s defense, there have been some early bright spots that [&#8230;]",Mike Kiwak,2026-08-09T09:00:00-04:00,https://www.bucsnation.com/tampa-bay-buccaneers-training-camp/68088/david-walker-turning-heads-at-camp,2026-08-16T04:23:03.917359+00:00
Tampa Bay Buccaneers,https://www.bucsnation.com,Tampa Bay Buccaneers 2026 schedule and scores,"Training camp is well underway and the Tampa Bay Buccaneers enter 2026 looking to get back to the postseason after an 8-9 finish snapped their five-year playoff streak. Expectations remain relatively modest entering the new campaign, with the Buccaneers’ over/under win total currently set at 8.5 wins, according to FanDuel Sportsbook. Tampa Bay will navigate [&#8230;]",Gil Arcia,2026-08-07T15:54:22-04:00,https://www.bucsnation.com/tampa-bay-buccaneers-schedule/68007/tampa-bay-buccaneers-2026-schedule-scores,2026-08-16T04:23:03.917359+00:00
Tampa Bay Buccaneers,https://www.bucsnation.com,Emeka Egbuka says it’s ‘weird’ not having Mike Evans around,"The Tampa Bay Buccaneers have enteried unfamiliar territory without Mike Evans in training camp in 2026, and wide receiver Emeka Egbuka admitted “it is a little weird” not having the former Buc around. Asked about Evans’ absence by CBS Sports, Egbuka described the franchise legend as being “Tampa through and through,” noting that Evans has [&#8230;]",Gil Arcia,2026-08-05T22:00:28-04:00,https://www.bucsnation.com/tampa-bay-buccaneers-training-camp/68062/buccaneers-emeka-egbuka-says-its-weird-not-having-mike-evans-around-49ers-training-camp,2026-08-16T04:23:03.917359+00:00
Tennessee Titans,https://www.musiccitymiracles.com,"Titans roster 2026: Tony Pollard, John Franklin-Myers and Fernando Carmona Jr. are underrated","Nobody reading this site on a regular basis needs to be told that the Tennessee Titans’ two straight 3-14 seasons are not good enough. That falls into the “Well, DUH” category for any NFL team. So, instead of reliving the mistakes of years past, let’s focus on how the Titans can rise out of the [&#8230;]",Doug Farrar,2026-08-15T08:00:00-04:00,https://www.musiccitymiracles.com/tennessee-titans-roster/66124/tony-pollard-john-franklin-myers-and-fernando-carmona-jr-underrated,2026-08-16T04:23:03.917359+00:00
Tennessee Titans,https://www.musiccitymiracles.com,"Tennessee Titans news: Preseason starts in the win column, but questions remain","The Tennessee Titans are heading back to Nashville after their 19-13 victory against the San Francisco 49ers inside Levi&#8217;s Stadium in Santa Clara. The Titans learned a lot about themselves through the joint practices and preseason contest, which they can now use to apply to the rest of training camp. MCM community, how do you [&#8230;]",Jeremy Brener,2026-08-14T07:00:00-04:00,https://www.musiccitymiracles.com/tennessee-titans-news/66190/tennessee-titans-news-preseason-starts-in-the-win-column-but-questions-remain,2026-08-16T04:23:03.917359+00:00
Tennessee Titans,https://www.musiccitymiracles.com,Ranking the Titans’ 5 projected cornerbacks from best to worst,"The Tennessee Titans totally revamped the cornerback room this offseason. They signed three unrestricted free agents to notable contracts. After trading Roger McCreary and Jarvis Brownlee last season, they cut L&#8217;Jarius Sneed earlier this summer. With a new-look cornerback room, we&#8217;ve ranked the Titans&#8217; projected five cornerbacks from best to worst. Alontae Taylor The Titans [&#8230;]",Justin Melo,2026-08-14T07:00:00-04:00,https://www.musiccitymiracles.com/tennessee-titans-news/65794/ranking-the-titans-5-projected-cornerbacks-from-best-to-worst,2026-08-16T04:23:03.917359+00:00
Tennessee Titans,https://www.musiccitymiracles.com,Titans win preseason opener 19-13 over 49ers,"Robert Saleh got a win in his debut as the head coach of the Tennessee Titans, 19-13 over the San Francisco 49ers. It was a tough night for Cam Ward. He did lead a 95-yard touchdown drive the first time the Titans had the ball, but finished the night just 5 of 12 for 57 [&#8230;]",Jimmy Morris,2026-08-14T00:13:12-04:00,https://www.musiccitymiracles.com/tennessee-titans-news/66187/titans-49ers-final-score-preseason-recap,2026-08-16T04:23:03.917359+00:00
Tennessee Titans,https://www.musiccitymiracles.com,Cam Ward struggles in Titans preseason opener,It was a tough start to the 2026 preseason for Tennessee Titans second-year quarterback Cam Ward. The most concerning thing about it was that he showed a lot of the same issues that gave him problems last year. There were a couple of layup throws that he missed because he didn’t set his feet or [&#8230;],Jimmy Morris,2026-08-13T23:02:42-04:00,https://www.musiccitymiracles.com/tennessee-titans-news/66184/cam-ward-struggles-in-titans-preseason-opener,2026-08-16T04:23:03.917359+00:00
Tennessee Titans,https://www.musiccitymiracles.com,Titans vs. 49ers preseason game one open thread,The Tennessee Titans&#8217; journey to the Super Bowl starts tonight with their preseason opener against the San Francisco 49ers. Robert Saleh said this week that everyone who is healthy will be playing in the game tonight. The starters could see a couple of series. I caution you not to get too high or too low [&#8230;],Jimmy Morris,2026-08-13T20:00:00-04:00,https://www.musiccitymiracles.com/tennessee-titans-discussion/66158/titans-49ers-preseason-game-one-open-thread,2026-08-16T04:23:03.917359+00:00
Tennessee Titans,https://www.musiccitymiracles.com,"Tennessee Titans roster by jersey number, last name","The Tennessee Titans officially kick off their 2026 preseason tonight against the San Francisco 49ers. They currently have 90 players on the roster, so I thought it would be helpful to post a roster by both jersey number and last name so that we can identify the players out there making huge plays. One note [&#8230;]",Jimmy Morris,2026-08-13T12:02:00-04:00,https://www.musiccitymiracles.com/tennessee-titans-roster/66093/tennessee-titans-roster-by-jersey-number-last-name,2026-08-16T04:23:03.917359+00:00
Tennessee Titans,https://www.musiccitymiracles.com,Tennessee Titans news: Preseason opener vs. 49ers can set the bar,"The Tennessee Titans are suiting up for their first preseason game of the year as they take on the San Francisco 49ers at Levi’s Stadium. For Titans head coach Robert Saleh, he gets a chance to face off against his former team, where he served as the defensive coordinator last season. Saleh will get to [&#8230;]",Jeremy Brener,2026-08-13T07:00:00-04:00,https://www.musiccitymiracles.com/tennessee-titans-news/66173/tennessee-titans-news-preseason-opener-vs-49ers-can-set-the-bar,2026-08-16T04:23:03.917359+00:00
Tennessee Titans,https://www.musiccitymiracles.com,Is the sky falling for the Titans defense?,"From all accounts at the start of training camp, the Tennessee Titans defense looked really good. Then, they went to California and reportedly got torched by the San Francisco 49ers offense. The overreaction to that performance on Twitter, while not unexpected, is ridiculous. There are plenty of reasons that you should not panic because the [&#8230;]",Jimmy Morris,2026-08-12T11:16:42-04:00,https://www.musiccitymiracles.com/tennessee-titans-news/66149/is-the-sky-falling-for-the-titans-defense,2026-08-16T04:23:03.917359+00:00
Tennessee Titans,https://www.musiccitymiracles.com,Ranking the Titans’ projected 53-man roster tight ends from best to worst,"The Tennessee Titans underwent pretty significant changes at tight end this offseason. Chig Okonkwo was allowed to leave in free agency. Gunnar Helm is being promoted, and Daniel Bellinger was signed to a $24 million contract. The Titans also signed Kylen Granson and drafted Jaren Kanak. We&#8217;re currently projecting the Titans to keep four tight [&#8230;]",Justin Melo,2026-08-12T07:00:00-04:00,https://www.musiccitymiracles.com/tennessee-titans-roster/65777/ranking-the-titans-projected-53-man-roster-tight-ends-from-best-to-worst,2026-08-16T04:23:03.917359+00:00
Washington Commanders,https://www.hogshaven.com,Commanders vs. Dolphins preseason: Mark Tyler’s Studs and Duds,"The Commanders 2026 preseason opener against the Dolphins went pretty much as planned. Washington gave up an opening drive score, mainly with the second-team defense against Miami’s starters. They locked in after that and didn’t allow any more points for the rest of the game in a 20-7 victory at Northwest Stadium. What really caught [&#8230;]",Mark Tyler,2026-08-15T11:26:19-04:00,https://www.hogshaven.com/washington-commanders-analysis/432426/commanders-dolphins-preseason-winners-losers-kaytron-allen-robert-henry-quan-martin-sam-hartman-johnny-newton,2026-08-16T04:23:03.917359+00:00
Washington Commanders,https://www.hogshaven.com,"Kaytron Allen, Robert Henry Jr. ramp up competition among Commanders RBs","The Commanders didn’t have many running backs available during Friday night’s preseason game against Miami. &#160; Bill Croskey-Merritt and Rachaad White weren’t active, along with 26 others, to avoid unnecessary injury risk. Jeremy McNichols is dealing with a reported quadriceps issue.   Jerome Ford was up but the Commanders chose to limit his exposure during [&#8230;]",Scott Bair,2026-08-15T09:28:51-04:00,https://www.hogshaven.com/washington-commanders-preseason/432492/kaytron-allen-robert-henry-commanders-training-camp-running-back-dan-quinn,2026-08-16T04:23:03.917359+00:00
Washington Commanders,https://www.hogshaven.com,Commanders News: Stock up for RB Robert Henry; sudden question at QB,"The Daily Slop &#8211; 15 August 2026 Editor’s note: Each day, Hogs Haven compiles a collection of articles, podcasts &#38; tweets from around the web to keep you in touch with the Commanders, the NFC East, the NFL and sports in general, with a sprinkling of other stuff. Enjoy! Commanders links Articles Sports Illustrated Washington [&#8230;]",bill-in-bangkok,2026-08-15T08:07:10-04:00,https://www.hogshaven.com/washington-commanders-news/432501/stock-up-rb-robert-henry-marcus-mariota-injury-athan-kaliakmanis-kaytron-allen-gulbin,2026-08-16T04:23:03.917359+00:00
Washington Commanders,https://www.hogshaven.com,"Dan Quinn talks about rookies stepping up, new coordinators, preseason win","The Washington Commanders hosted the Miami Dolphins for the first game of their preseason. Washington got the home victory in front of some fired up fans at Northwest Stadium. The Commanders only have one more home game before the end of next month, and Quinn said it was good to get out there in front [&#8230;]",Scott Jennings,2026-08-14T23:30:00-04:00,https://www.hogshaven.com/nfl-preseason/428261/dan-quinn-talks-about-rookies-stepping-up-new-coordinators-preseason-win,2026-08-16T04:23:03.917359+00:00
Washington Commanders,https://www.hogshaven.com,"Commanders 20, Dolphins 7: Five takeaways from Washington preseason win","The Washington Commanders took the field for the first time this preseason, with a Friday night showdown with the Miami Dolphins at Northwest Stadium. &#160; Well, some of them, anyway. &#160; Washington announced that 26 players would sit this one out, including quarterback Jayden Daniels. Established offensive and defensive linemen also stayed on the sideline. [&#8230;]",Scott Bair,2026-08-14T22:07:05-04:00,https://www.hogshaven.com/washington-commanders-preseason/432444/washington-commanders-miami-dolphins-takeaways-preseason-sonny-styles-marcus-mariota,2026-08-16T04:23:03.917359+00:00
Washington Commanders,https://www.hogshaven.com,NFL Preseason Week 1: Washington Commanders vs Miami Dolphins,"The Washington Commanders had a joint practice with the Miami Dolphins on Wednesday, and will now host them at Northwest Stadium. Jayden Daniels isn’t expected play in the first preseason game, so we’ll likely get Marcus Mariota starting and the battle for QB3 between Sam Hartman and rookie Athan Kaliakmanis taking center stage. There are [&#8230;]",Scott Jennings,2026-08-14T17:30:00-04:00,https://www.hogshaven.com/washington-commanders-game-information/432332/nfl-preseason-week-1-washington-commanders-vs-miami-dolphins,2026-08-16T04:23:03.917359+00:00
Washington Commanders,https://www.hogshaven.com,Washington Commanders News: Dorance Armstrong suspended one game by NFL,"The NFL announced that Washington Commanders DE Dorance Armstrong has been suspended for 1 game for violating the personal conduct policy. Armstrong is recovering from a torn ACL, and was placed on the active/PUP list before the start of training camp last month, but was taken off of it on Aug. 7. Armstrong has been [&#8230;]",Scott Jennings,2026-08-14T15:41:35-04:00,https://www.hogshaven.com/washington-commanders-news/432401/washington-commander-news-dorance-armstrong-suspended-1-game,2026-08-16T04:23:03.917359+00:00
Washington Commanders,https://www.hogshaven.com,Commanders News: Game day! Preseason opener vs Dolphins,"The Daily Slop Editor’s note: Each day, Hogs Haven compiles a collection of articles, podcasts &#38; tweets from around the web to keep you in touch with the Commanders, the NFC East, the NFL and sports in general, with a sprinkling of other stuff. Enjoy! Commanders links Articles Sports Illustrated Commanders Still Searching for Starting [&#8230;]",bill-in-bangkok,2026-08-14T12:00:00-04:00,https://www.hogshaven.com/washington-commanders-news/432307/game-day-preseason-opener-vs-dolphins-jayden-daniels-good-jones-brunskill-gulbin-yankoff,2026-08-16T04:23:03.917359+00:00
Washington Commanders,https://www.hogshaven.com,Commanders ’26 outlook: Roster whiplash splits fans – survey results,"The Washington Commanders just gave their fanbase the ultimate NFL offseason whiplash, packaging a franchise-altering blockbuster signing and a devastating injury into the exact same week. By bringing the talented receiver Stefon Diggs to D.C., general manager Adam Peters signaled that the future is officially now. But just as fans were getting through the first [&#8230;]",bill-in-bangkok,2026-08-14T10:13:06-04:00,https://www.hogshaven.com/washington-commanders-discussion/431154/commanders-26-outlook-roster-whiplash-splits-fans-survey-results,2026-08-16T04:23:03.917359+00:00
Washington Commanders,https://www.hogshaven.com,"Commanders vs. Dolphins Preseason Week 1: Schedule, TV, Radio, Streaming, Odds","The Washington Commanders had a joint practice with the Miami Dolphins on Wednesday, and will now host them at Northwest Stadium. Jayden Daniels isn’t expected play in the first preseason game, so we’ll likely get Marcus Mariota starting and the battle for QB3 between Sam Hartman and rookie Athan Kaliakmanis taking center stage. There are [&#8230;]",Scott Jennings,2026-08-14T08:00:00-04:00,https://www.hogshaven.com/washington-commanders-game-information/430738/commanders-dolphins-preseason-week-1-schedule-tv-radio-streaming-odds,2026-08-16T04:23:03.917359+00:00
Arizona Cardinals,https://www.revengeofthebirds.com,Arizona Cardinals place Chase Bisontis on injured reserve,"The Arizona Cardinals made a bevy of moves today, including placing rookie guard Chase Bisontis on injured reserve Does this end Bisontis’ season… not definitely, but it is most likely if he has a grade three tear and needs surgery. The Cardinals placed two other players on IR and brought in three additions to the [&#8230;]",Seth Cox,2026-08-15T15:54:53-04:00,https://www.revengeofthebirds.com/arizona-cardinals-news/93550/arizona-cardinals-place-chase-bisontis-on-injured-reserve,2026-08-16T05:42:12.432286+00:00
Arizona Cardinals,https://www.revengeofthebirds.com,Jeremiyah Love ankle injury a little more sore than anticipated,The Arizona Cardinals played and beat the Las Vegas Raiders on Thursday evening. By Saturday their top four draft picks were either done for the season or missing time in practice due to being banged up. On Saturday morning Mike LaFleur told reporters that Jeremiyah Love’s ankle injury was a little more sore than they [&#8230;],Seth Cox,2026-08-15T13:19:23-04:00,https://www.revengeofthebirds.com/arizona-cardinals-injuries/93544/jeremiyah-love-ankle-injury-a-little-more-sore-than-anticipated,2026-08-16T05:42:12.432286+00:00
Arizona Cardinals,https://www.revengeofthebirds.com,Cardinals OG Bisontis has torn MCL,"We all knew it. Coach Mike LaFleur told us after the game. Something bad was expected, as it does every game it seems. Rookie offensive guard Chase Bisontis tore his left MCL during the preseason contest against the Las Vegas Raiders, according to NFL Network&#8217;s Mike Garafolo. RELATED: CARDINALS GET FIRST WIN OF PRESEASON It’s [&#8230;]",Barry Shuck,2026-08-15T09:00:00-04:00,https://www.revengeofthebirds.com/arizona-cardinals-analysis/93537/cardinals-og-bisontis-has-torn-mcl,2026-08-16T05:42:12.432286+00:00
Cincinnati Bengals,https://www.cincyjungle.com,Bengals star DJ Turner is turning it up a notch,"If DJ Turner II’s 2025 season was his breakout, Joe Burrow has some bad news for the rest of the NFL: Turner might be even better now. The Cincinnati Bengals cornerback emerged as one of the bright spots of the defense last season, but his performance in training camp has caught the attention of the [&#8230;]",John Acree,2026-08-14T06:30:00-04:00,https://www.cincyjungle.com/cincinnati-bengals-analysis/196132/bengals-star-dj-turner-is-turning-it-up-a-notch,2026-08-16T05:42:12.432286+00:00
Denver Broncos,https://www.milehighreport.com,Sean Payton says OC Davis Webb was ‘on point’ vs. Falcons,"We saw Davis Webb call plays for one preseason game last season; however, Friday was our first real look at the Davis Webb offense in 2026, and well, it went pretty damn well. The Broncos had a 24-0 lead at halftime, and we saw the offense move the ball up and down the field against [&#8230;]",Scotty Payne,2026-08-15T16:02:19-04:00,https://www.milehighreport.com/denver-broncos-news/181992/sean-payton-says-oc-davis-webb-was-on-point-vs-falcons-denver-broncos-training-camp-preseason-nfl-news-notes-sean-payton-jonah-coleman-bo-nix,2026-08-16T05:42:12.432286+00:00
Denver Broncos,https://www.milehighreport.com,Broncos LB Levelle Bailey suffered a broken leg vs. the Falcons,"According to 9NEWS Denver’s Mike Klis, Broncos reserve linebacker Levelle Bailey suffered a break in his lower leg during Friday’s game vs. the Falcons. He will undergo surgery on his leg and will miss extensive time due to this injury, according to Klis. This is a devastating development for Bailey, who was competing for a [&#8230;]",Scotty Payne,2026-08-15T12:17:15-04:00,https://www.milehighreport.com/denver-broncos-news/181981/broncos-lb-levelle-bailey-suffered-a-broken-leg-vs-the-falcons,2026-08-16T05:42:12.432286+00:00
Indianapolis Colts,https://www.stampedeblue.com,"Colts work out handful of players, including three veteran wideouts","The Indianapolis Colts worked out a handful of veteran players on Saturday: quarterback Mark Gronowski, cornerback Jaylon Guilbeau, wide receiver Josh Reynolds, wide receiver Tre’Quan Smith, and wide receiver Equanimeous St. Brown. The 6’2”, 226 pound Gronowski was signed as an undrafted rookie free agent by the Miami Dolphins earlier this offseason, but was waived [&#8230;]",Luke Schultheis,2026-08-16T00:33:24-04:00,https://www.stampedeblue.com/indianapolis-colts-news/126526/colts-work-out-handful-of-players-including-three-veteran-wideouts,2026-08-16T05:42:12.432286+00:00
New Orleans Saints,https://www.canalstreetchronicles.com,Saints vs. Jaguars: Preseason Week 1 Open Thread,"The New Orleans Saints begin the 2026 preseason at home against the Jacksonville Jaguars today. Although wins and losses “don’t mean anything” in the preseason, it would be great to see the Saints come out strong in the preseason opener. The Saints have continued their transformation this offseason, led by second-year Head Coach Kellen Moore [&#8230;]",Wallace Delery,2026-08-15T15:55:00-04:00,https://www.canalstreetchronicles.com/new-orleans-saints-news/112923/saints-vs-jaguars-preseason-open-thread,2026-08-16T05:42:12.432286+00:00
New York Giants,https://www.bigblueview.com,Jason Pinnock-Tyler Nubin competition an awkward one between friends,"The New York Giants finally got their guy at defensive coordinator in 2026. The Giants wanted Dennard Wilson to run their defense after the messy divorce between Brian Daboll and Wink Martindale. Wilson has had a long and winding road through the NFL’s coaching ranks, but he coached under Mike MacDonald for the Baltimore Ravens [&#8230;]",Chris Pflum,2026-08-14T14:00:00-04:00,https://www.bigblueview.com/new-york-giants-news/167548/jason-pinnock-tyler-nubin-competition-an-awkward-one-between-friends,2026-08-16T05:42:12.432286+00:00
Philadelphia Eagles,https://www.bleedinggreennation.com,"Eagles-Ravens preseason observations: Position battle updates, injury news, and more","The Philadelphia Eagles kicked off their 2026 preseason schedule with a LOSS to the Baltimore Ravens. Final score, which doesn’t matter, but we’re logging it here anyway: 24 to 7. To no surprise, the Eagles barely played any starters in this game. You could say that any football is better than no football but this [&#8230;]",Brandon Lee Gowton,2026-08-15T21:52:56-04:00,https://www.bleedinggreennation.com/philadelphia-eagles-scores-results/179452/eagles-ravens-preseason-observations-position-battle-updates-injury-news-and-more,2026-08-16T05:42:12.432286+00:00
San Francisco 49ers,https://www.ninersnation.com,"49ers fall to the Titans, but De’Zhaun Stribling steals the show",We were reminded of what preseason football looks like. It’s a precipitous drop-off from QB3 to QB4. But we also got to see some first-year players shine. The San Francisco 49ers entered the game with an intent to feature De&#8217;Zhaun Stribling. He caught a pass on the first play of the game. Stribling finished the [&#8230;],Kyle Posey,2026-08-14T00:07:28-04:00,https://www.ninersnation.com/san-francisco-49ers-preseason/161256/49ers-fall-to-the-titans-but-dezhaun-stribling-steals-the-show,2026-08-16T05:42:12.432286+00:00
Seattle Seahawks,https://www.fieldgulls.com,Seahawks first round pick Jadarian Price reveals how he spent his first NFL check,"There are several reasons nearly every kid dreams of being a professional athlete when they grow up, not least among them the idea that if you make it big time, you’ll be able to give your family a better life. For Seattle Seahawks first round pick Jadarian Price, that reason was top of his mind [&#8230;]",Jack Freeman,2026-08-13T12:00:00-04:00,https://www.fieldgulls.com/seattle-seahawks-news/172355/seahawks-first-round-pick-jadarian-price-reveals-spent-first-nfl-check,2026-08-16T05:42:12.432286+00:00
Seattle Seahawks,https://www.fieldgulls.com,Seahawks film review: Jalen Milroe enters Year 2 with more questions than answers,"Few positions receive more scrutiny in Seattle than quarterback, and that made Jalen Milroe one of the most fascinating rookies on the Seattle Seahawks&#8217; roster in 2025. Milroe also joined an exclusive group. Since taking over personnel decisions, John Schneider has been remarkably selective when drafting quarterbacks. After landing Russell Wilson in 2012, Seattle didn&#8217;t [&#8230;]",Alexandre Castro,2026-08-13T11:00:00-04:00,https://www.fieldgulls.com/seattle-seahawks-game-analysis/172130/seahawks-film-review-jalen-milroe-enters-year-2-more-questions-than-answers,2026-08-16T05:42:12.432286+00:00
Seattle Seahawks,https://www.fieldgulls.com,Seahawks legend Matt Hasselbeck contributes to CTE research,"Matt Hasselbeck, one of the most beloved former players for the Seattle Seahawks, recently helped with the ongoing research on CTE. Currently, that disease can only be diagnosed after death. Hasselbeck is healthy and feeling good, yet still underwent testing which will be used to try and develop methods to diagnose CTE in living patients [&#8230;]",Ted Zahn,2026-08-13T10:00:00-04:00,https://www.fieldgulls.com/seattle-seahawks-news/172329/seahawks-legend-matt-hasselbeck-contributes-cte-research-nfl-news,2026-08-16T05:42:12.432286+00:00
Seattle Seahawks,https://www.fieldgulls.com,Seahawks News: Whose stock is up/down heading into first preseason game?,"We’re nearly through two whole weeks of Seattle Seahawks training camp and emerging players have made themselves known. Other have struggled, or are slow to gain traction. Roster battles on our squad for the most part consist of depth positions. Considering how important situational football is to Coach Macdonald, these players are crucial to the [&#8230;]",Terrance Robinson,2026-08-13T09:00:00-04:00,https://www.fieldgulls.com/seattle-seahawks-news/172349/seahawks-news-whos-stock-is-up-down-heading-into-first-preseason-game,2026-08-16T05:42:12.432286+00:00
Seattle Seahawks,https://www.fieldgulls.com,Jadarian Price injury update: Seahawks rookie returns to practice,"The Seattle Seahawks’ top draft pick is (somewhat) back in action this week. Seattle held one of its walkthrough practices on Wednesday, three days out from its preseason opener against the Dallas Cowboys. When it’s one of their ACT (alignment, communication, and technique) practices, it’s far less intensive than a normal practice and more focused [&#8230;]",Mookie Alexander,2026-08-12T21:27:25-04:00,https://www.fieldgulls.com/seattle-seahawks-injury-report/172335/jadarian-price-injury-update-seahawks-rookie-returns-practice-nfl-news,2026-08-16T05:42:12.432286+00:00
Seattle Seahawks,https://www.fieldgulls.com,"Seahawks kick the tires on a half dozen, including former Steelers TE","It’s training camp across the NFL, and just like every August for the Seattle Seahawks that means churning the fringes of the roster to try and find hidden gems that may have slipped through the cracks elsewhere. Specifically what that meant on Wednesday for Seattle was hosting a half dozen players for tryouts, including three [&#8230;]",John Gilbert,2026-08-12T17:49:58-04:00,https://www.fieldgulls.com/seattle-seahawks-news/172316/seattle-seahawks-work-out-half-a-dozen-potential-pass-catchers,2026-08-16T05:42:12.432286+00:00
Seattle Seahawks,https://www.fieldgulls.com,Another former Seahawk joins NFL on CBS team,"It turns out that Russell Wilson won’t be the only former Seattle Seahawks player making their way onto the NFL on CBS broadcast roster. While the recently retired Super Bowl champion quarterback is set to be part of the “NFL Today” studio panel, another ex-Seahawk is getting a call-up as a game analyst. Robert Turbin, [&#8230;]",Mookie Alexander,2026-08-12T16:30:04-04:00,https://www.fieldgulls.com/seattle-seahawks-news/172303/robert-turbin-former-seahawks-player-joins-nfl-on-cbs-team,2026-08-16T05:42:12.432286+00:00
Seattle Seahawks,https://www.fieldgulls.com,"Elijah Arroyo&#8217;s rookie Seahawks tape wasn’t flashy, but provides reasons for optimism","When the Seattle Seahawks selected Elijah Arroyo in the second round of the 2026 NFL Draft, John Schneider made it clear the organization believed it had landed far more talent than the draft slot suggested. The general manager even remarked that, had Arroyo remained healthy throughout college, he would have been viewed as one of [&#8230;]",Alexandre Castro,2026-08-12T11:00:00-04:00,https://www.fieldgulls.com/seattle-seahawks-game-analysis/172067/elijah-arroyo-rookie-seahawks-review-wasnt-flashy-provides-optimism,2026-08-16T05:42:12.432286+00:00
Seattle Seahawks,https://www.fieldgulls.com,Former Seahawks running back Chris Carson joins Redmond High coaching staff,"A former Seattle Seahawk is sticking around the area — and the game. A little over four years after running back Chris Carson announced his retirement due to a neck injury suffered during the 2021 season, he has joined the staff of Redmond High School’s football team, the Mustangs, as running backs coach. The school [&#8230;]",Everett Ellis,2026-08-12T10:00:00-04:00,https://www.fieldgulls.com/seattle-seahawks-news/172210/former-seahawks-running-back-chris-carson-joins-redmond-high-coaching-staff,2026-08-16T05:42:12.432286+00:00
Seattle Seahawks,https://www.fieldgulls.com,Seahawks News: Robbie Ouzts placed on IR; out for the 2026 season,"The fullback position is vital to the unique and sustained success of the offense OC Brian Fleury is attempting to implement for our beloved Seattle Seahawks. One of the main players in that equation is Robbie Ouzts, a one-of-one specimen that has had trouble staying on the field since being drafted in 2025. Unfortunately, Robbie [&#8230;]",Terrance Robinson,2026-08-12T09:00:00-04:00,https://www.fieldgulls.com/seattle-seahawks-news/172243/seahawks-news-robbie-ouzts-placed-on-ir-out-for-the-2026-season,2026-08-16T05:42:12.432286+00:00
Atlanta Falcons,https://www.thefalcoholic.com,Falcons snap counts from a Week 1 preseason loss to the Broncos,"You’ve been itching for snap counts, and we have them! Here’s a breakdown of Friday night’s snaps, courtesy of Pro Football Focus. Offense WR Dylan Drummond: 39 RT/LT Mike Jerrell: 38 RG Brandon Walton: 35 WR Chris Blair: 31 LG Layden Robinson: 30 WR Zachariah Branch: 28 TE Jack Velling: 27 LG Kyle Hinton: 27 [&#8230;]",Dave Choate,2026-08-16T16:53:32-04:00,https://www.thefalcoholic.com/atlanta-falcons-preseason/95168/falcons-snap-counts-from-a-week-1-preseason-loss-to-the-broncos-keshawn-banks-chris-blair,2026-08-16T21:17:36.503893+00:00
Baltimore Ravens,https://www.baltimorebeatdown.com,Ravens sign veteran running back Jonathan Ward,"On the morning after a victory over the Philadelphia Eagles in their 2026 preseason opener, the Baltimore Ravens have reportedly made a running back addition. According to KPRC2’s Aaron Wilson, the Ravens signed veteran Jonathan Ward on Sunday. Ward is a five-year veteran who has played for four teams in the NFL thus far. He [&#8230;]",Frank Platko,2026-08-16T13:53:01-04:00,https://www.baltimorebeatdown.com/baltimore-ravens-news/83948/ravens-sign-veteran-running-back-jonathan-ward,2026-08-16T21:17:36.503893+00:00
Baltimore Ravens,https://www.baltimorebeatdown.com,"Ravens stock report: Rookie pass-catchers thrive, specialists struggle",The Baltimore Ravens got their first action of the 2026 season on Saturday night with a preseason matchup against the Philadelphia Eagles. The result of the game – a 24-7 Ravens win – matters a lot less than the strides (and stumbles) by several players jockeying for a 53-man roster spot and regular-season playing time. [&#8230;],Nikhil Mehta,2026-08-15T21:52:17-04:00,https://www.baltimorebeatdown.com/baltimore-ravens-analysis/83897/ravens-stock-report-vs-eagles-preseason,2026-08-16T21:17:36.503893+00:00
Buffalo Bills,https://www.buffalorumblings.com,Bills news: Recapping Bills vs. Panthers,"On a picture-perfect afternoon at the new Highmark Stadium, Josh Allen led the Buffalo Bills on a pair of scoring drives as the Bills kicked off the preseason with a 29-14 win over the Carolina Panthers in the first game ever played in Buffalo’s new palace. Today’s edition of Buffalo Rumblinks leads off by recapping [&#8230;]",John Boccacino,2026-08-16T10:10:09-04:00,https://www.buffalorumblings.com/buffalo-bills-news/138498/bills-news-recapping-bills-vs-panthers,2026-08-16T21:17:36.503893+00:00
Buffalo Bills,https://www.buffalorumblings.com,Buffalo Bills 2026 scouting report: wide receiver Khalil Shakir,"The Buffalo Bills had a wide receiver problem last season. In short, they didn’t have a player who profiles as a true “alpha” in the receiver room. Sure, they had some good players, but most football people viewed those players as good pieces, not true game-wreckers who can thrive regardless of the situation or defense [&#8230;]",Sean Murphy,2026-08-16T08:15:49-04:00,https://www.buffalorumblings.com/buffalo-bills-analysis/138331/buffalo-bills-2026-scouting-report-wide-receiver-khalil-shakir,2026-08-16T21:17:36.503893+00:00
Buffalo Bills,https://www.buffalorumblings.com,An under-the-radar memorable moment from the Buffalo Bills win over the Carolina Panthers,"Like many fans of the Buffalo Bills, I try not to overreact when it comes to the team’s performance during the preseason. I have a hard time remembering anything from previous preseason games outside of Christian Wade, AJ McCarron, and a friend of mine melting down on Facebook about Case Keenum’s performance in the 2022. [&#8230;]",Anthony Marino,2026-08-16T08:13:49-04:00,https://www.buffalorumblings.com/buffalo-bills-analysis/138554/memorable-moment-from-buffalo-bills-win-over-the-carolina-panthers,2026-08-16T21:17:36.503893+00:00
Carolina Panthers,https://www.catscratchreader.com,2026 Season Opener Countdown: 28 Days Remaining,"Here at Cat Scratch Reader we have counted down the final 100 days leading up to the Carolina Panthers season opener by for at least the past ten years. We’ve always done this by highlighting the current player on the roster whose jersey number matches the day on the countdown. This year, we decided to [&#8230;]",Jonathan DeLong,2026-08-16T07:00:00-04:00,https://www.catscratchreader.com/carolina-panthers-history/60414/carolina-panthers-2026-season-opener-countdown-28-days-remaining,2026-08-16T21:17:36.503893+00:00
Chicago Bears,https://www.windycitygridiron.com,Bears activate left tackle Ozzy Trapilo from PUP list,"The Chicago Bears activated left tackle Ozzy Trapilo from the Physically Unable to Perform (PUP) list on Sunday. As a result of the activation, he is now able to participate in practices and preseason games. Trapilo ruptured his patellar tendon in the Bears’ Wild Card win over the Packers in January. For much of the [&#8230;]",Jacob Infante,2026-08-16T16:17:07-04:00,https://www.windycitygridiron.com/chicago-bears-analysis/120745/chicago-bears-ozzy-trapilo-injury-pup-list,2026-08-16T21:17:36.503893+00:00
Chicago Bears,https://www.windycitygridiron.com,Bear &#038; Balanced: Bears&#8217; depth shines in win over the Browns,"The Chicago Bears started slow, but eventually got cooking and absolutely smoked the Cleveland Browns yesterday, 34-10. The Bears played a few starters on defense, but the entire starting lineup on offense had the day off. With 34 points and 430 yards, there were several good performances on the Bears&#8217; offense, but the defense came [&#8230;]",Lester A. Wiltfong Jr.,2026-08-16T13:30:00-04:00,https://www.windycitygridiron.com/chicago-bears-scores-results/120709/bear-balanced-bears-depth-shines-in-win-over-the-browns,2026-08-16T21:17:36.503893+00:00
Chicago Bears,https://www.windycitygridiron.com,"Bears vs Browns: Inside the snap counts, stats, and Jamree Kromah’s big day","The Chicago Bears and Cleveland Browns took two different approaches to this game. The Bears sat many of their starters, including quarterback Caleb Williams, while the Browns trotted out most of their ones to start the game and played QB Deshaun Watson the entire first half. The Bears&#8217; first-string offense did get in some work, [&#8230;]",Lester A. Wiltfong Jr.,2026-08-16T10:02:24-04:00,https://www.windycitygridiron.com/chicago-bears-analytic-sabermetric-metric-number-stat-nfl-data-nex-gen/120683/bears-vs-browns-inside-the-snap-counts-stats-and-jamree-kromahs-big-day,2026-08-16T21:17:36.503893+00:00
Cincinnati Bengals,https://www.cincyjungle.com,"Bengals training camp Twitter recap: Dexter Lawrence gets vocal, and Jeff Blake shows up","The Cincinnati Bengals took the field for a Sunday morning practice ahead of their second preseason matchup. A joint practice with the Chicago Bears will be on Thursday, so the team is preparing accordingly. Jeff Blake in attendance Former Bengals quarterback Jeff Blake attended Sunday’s practice and gave Joe Flacco some funny advice. Myles Murphy [&#8230;]",Drew Garrison,2026-08-16T13:26:00-04:00,https://www.cincyjungle.com/cincinnati-bengals-training-camp/196354/twitter-recap-dexter-lawrence-jeff-blake,2026-08-16T21:17:36.503893+00:00
Cincinnati Bengals,https://www.cincyjungle.com,Jack Endries gets off to a good start in NFL debut,"The Cincinnati Bengals may have found something at the bottom of the 2026 NFL Draft. Rookie tight end Jack Endries made his presence felt Thursday night in Cincinnati&#8217;s 16-14 preseason victory over the Detroit Lions, finishing with three receptions for 25 yards and catching the Bengals’ only touchdown. And his first NFL touchdown came from [&#8230;]",John Acree,2026-08-16T07:15:00-04:00,https://www.cincyjungle.com/cincinnati-bengals-preseason/196231/jack-endries-nfl-debut,2026-08-16T21:17:36.503893+00:00
Cincinnati Bengals,https://www.cincyjungle.com,Joe Burrow responds to Jayden Daniels’ drama with LSU,"Despite the Cincinnati Bengals preseason kicking off against the Detroit Lions this week, it wasn’t the only news Joe Burrow found his name in. Burrow was recently mentioned in Jayden Daniels’ statement about the drama surrounding the use of his jersey number. The attorney for Daniels released a statement to LSU that it can no [&#8230;]",Patrick Carey,2026-08-16T06:45:00-04:00,https://www.cincyjungle.com/cincinnati-bengals-news/196234/joe-burrow-jayden-daniels-drama-lsu-tigers,2026-08-16T21:17:36.503893+00:00
Cincinnati Bengals,https://www.cincyjungle.com,National reporter goes to bat for DJ Turner,"The&#160;Cincinnati Bengals&#160;have been trying to draft a defensive star for a long time, with the last one being Jessie Bates, their second-round pick from the 2018 Draft. Now, it seems they may have done it with their second-round pick from 2023, cornerback DJ Turner from Michigan, who took a step toward elite play in 2025. [&#8230;]",Patrick Carlisle,2026-08-16T06:30:00-04:00,https://www.cincyjungle.com/cincinnati-bengals-roster/195842/dj-turner-national-reporter,2026-08-16T21:17:36.503893+00:00
Cincinnati Bengals,https://www.cincyjungle.com,Sunday Bengals News and Discussion (8/16),"Cincinnati is gearing up for its next preseason game against the Chicago Bears, which could see the most playing time for starters in the summer exhibition series. While the Bengals were victorious in their preseason opener, they have more work to do to be revved up for the regular-season opener. In the preseason opener, many [&#8230;]",Anthony Cosenza,2026-08-16T05:58:00-04:00,https://www.cincyjungle.com/cincinnati-bengals-discussion/196348/sunday-bengals-news-and-discussion-8-16,2026-08-16T21:17:36.503893+00:00
Cleveland Browns,https://www.dawgsbynature.com,"Cleveland Browns news: QBs struggle in preseason Game 1, injuries, and other notes","The Sunday edition of DBN’s Daily Dawg Chow celebrates the return of Cleveland Browns football, even if it is the preseason, our team lost, and the concerns are obviously coming out of the game. Cleveland Browns coverage from DBN You too can join DBN’s Feed with your thoughts, analysis, questions, and more. Just click here! [&#8230;]",Jared Mueller,2026-08-16T06:00:00-04:00,https://www.dawgsbynature.com/cleveland-browns-news/130404/cleveland-browns-news-qbs-struggle-in-preseason-game-1-injuries-bears-watson-sanders-notes,2026-08-16T21:17:36.503893+00:00
Dallas Cowboys,https://www.bloggingtheboys.com,Snap Judgments: Cowboys snap counts vs Seahawks,"One of the unique things about yesterday’s game against the Seahawks is that both teams rested most of their presumptive starters. The Cowboys gave three of their presumptive starters (Shavon Revel, P.J. Locke, Caleb Downs) and two core backups (T.J. Bass and Luke Schoonmaker) only a little more than a handful of snaps before their [&#8230;]",One Cool Customer,2026-08-16T15:00:00-04:00,https://www.bloggingtheboys.com/dallas-cowboys-preseason/214252/snap-counts-seahawks-preseason-game,2026-08-16T21:17:36.503893+00:00
Dallas Cowboys,https://www.bloggingtheboys.com,"Cowboys at Seahawks Stock Report: Camden Brown rises, Traeshon Holden falls",The Dallas Cowboys emerged victorious from their preseason opener on Saturday night and in the process now sit at 1-0 through the exhibition part of the year for the first time since 2017. Hopefully a sign of things to come. Results of preseason games are not the most important thing in the world. What matters [&#8230;],RJ Ochoa,2026-08-16T13:30:00-04:00,https://www.bloggingtheboys.com/dallas-cowboys-preseason/214182/seahawks-stock-report-camden-brown-traeshon-holden,2026-08-16T21:17:36.503893+00:00
Dallas Cowboys,https://www.bloggingtheboys.com,Cowboys have interesting backup running back options,"The Dallas Cowboys found something safe with free agent Javonte Williams. The veteran showed up last year and delivered on all his upside attributes, from his physical running style to his reliability in pass protection. He was so dependable that it almost went unnoticed that the team didn’t have much of a backup running back [&#8230;]",Dan Rogers,2026-08-16T12:00:00-04:00,https://www.bloggingtheboys.com/dallas-cowboys-preseason/214233/backup-running-back-malik-davis-jaydon-blue-phil-mafah,2026-08-16T21:17:36.503893+00:00
Dallas Cowboys,https://www.bloggingtheboys.com,Camden Brown leads scoring in strong defensive effort for Cowboys win at Seahawks,"The Dallas Cowboys were officially back on the field for the first time in 2026 on Saturday, and so too were the defending Super Bowl champion Seattle Seahawks. There were certainly some moments that reminded us all this is just the first appetizer towards the main course of week one regular season football. The Cowboys [&#8230;]",Sean Martin,2026-08-16T10:30:00-04:00,https://www.bloggingtheboys.com/dallas-cowboys-preseason/214226/seahawks-camden-brown-michael-trigg-jonathan-mingo,2026-08-16T21:17:36.503893+00:00
Dallas Cowboys,https://www.bloggingtheboys.com,10 thoughts on the Cowboys 17-7 preseason win over the Seahawks,"Football finally happened. The Dallas Cowboys just completed their first preseason game with a 17-7 win over the Seattle Seahawks. It was great to see them in action after such a long hiatus from football, with lots of fun stuff to talk about. With this first game officially in the books, here are 10 thoughts [&#8230;]",Dan Rogers,2026-08-16T09:00:00-04:00,https://www.bloggingtheboys.com/dallas-cowboys-preseason/214192/10-thoughts-17-7-win-seahawks-camden-brown-sam-howell,2026-08-16T21:17:36.503893+00:00
Dallas Cowboys,https://www.bloggingtheboys.com,"Cowboys news: Dallas win contains a lot of good, but also some issues","The Dallas Cowboys played their first preseason game of the 2026 season and got a win versus the Seattle Seahawks. It didn’t start well for Dallas who gave up a quick TD, but they dominated the rest of the game. Training camp star Camden Brown carried his momentum into the game with two eye-popping touchdown [&#8230;]",David Halprin,2026-08-16T07:00:00-04:00,https://www.bloggingtheboys.com/dallas-cowboys-news/214234/win-defense-special-teams-camden-brown,2026-08-16T21:17:36.503893+00:00
Denver Broncos,https://www.milehighreport.com,"Stock Up, Stock Down after the Broncos&#8217; preseason victory over the Falcons","The Broncos have completed all but a handful of their training camp practices and have started the preseason with a dominant 27-7 victory over the Atlanta Falcons. So, the push towards the regular season is in full swing, and it is a good time to take a look at which players on the Broncos&#8217; 90-man [&#8230;]",Scotty Payne,2026-08-16T13:30:24-04:00,https://www.milehighreport.com/denver-broncos-news/182021/stock-up-stock-down-after-the-broncos-preseason-victory-over-the-falcons-denver-broncos-sean-payton-bo-nix-nfl-preseason-news,2026-08-16T21:17:36.503893+00:00
Denver Broncos,https://www.milehighreport.com,Jonah Coleman gives the Broncos another reason to be excited,"Good morning, Broncos Country! So that Jonah Coleman is fun to watch, eh? Yes, it’s the preseason and the first game against what seems like a bad Atlanta Falcons team. But in his first NFL game, the rookie running back from Washington put on quite the display. Coleman showed what he’s been flashing in training [&#8230;]",Ian St. Clair,2026-08-16T06:00:00-04:00,https://www.milehighreport.com/denver-broncos-news/182002/jonah-coleman-gives-the-broncos-another-reason-to-be-excited,2026-08-16T21:17:36.503893+00:00
Detroit Lions,https://www.prideofdetroit.com,"Detroit Lions 2026 training camp observations, Day 13: Tate Ratledge gets work at center","The Detroit Lions were back in pads on Sunday, slowly ramping things back up in their 13th training camp practice of the 2026 preseason. A couple of unexpected absences popped up at Sunday’s practice, but we also saw some injured players return, like Juice Scruggs and Derrick Moore. The pair took to the field in [&#8230;]",Erik Schlitt,2026-08-16T16:20:56-04:00,https://www.prideofdetroit.com/detroit-lions-training-camp/169512/detroit-lions-2026-training-camp-observations-day-13-tate-ratledge-gets-work-at-center,2026-08-16T21:17:36.503893+00:00
Detroit Lions,https://www.prideofdetroit.com,"Detroit Lions waive 2 injured players, add new cornerback","Prior to their Sunday training camp practice, the Detroit Lions made a couple of transactions. As previously reported, the Lions signed running back Trayveon Williams. However, they also signed cornerback Ekow Boye-Doe. In order to make room for both players, the Lions waived both Kye Robichaux and safety Loren Strickland with injury designations. Robichaux (broken [&#8230;]",Jeremy Reisman,2026-08-16T14:59:34-04:00,https://www.prideofdetroit.com/detroit-lions-news/169513/detroit-lions-waive-2-injured-players-add-new-cornerback,2026-08-16T21:17:36.503893+00:00
Detroit Lions,https://www.prideofdetroit.com,Detroit Lions injury updates: Jameson Williams absent Sunday,"The Detroit Lions donned the pads again on Sunday as they ramp training camp practice up now that the preseason opener is well in the rear-view mirror. There were a couple new absences from practice on Sunday, but we don’t necessarily have a ton of information on those situations—particularly with starting wide receiver Jameson Williams. [&#8230;]",Jeremy Reisman,2026-08-16T13:20:58-04:00,https://www.prideofdetroit.com/detroit-lions-injuries/169502/detroit-lions-injury-updates-jameson-williams-absent-sunday,2026-08-16T21:17:36.503893+00:00
Detroit Lions,https://www.prideofdetroit.com,Dan Campbell speaks on Seattle Seahawks agreeing to sign Terrion Arnold,"The Seattle Seahawks have reportedly agreed to sign former Detroit Lions cornerback Terrion Arnold. The signing is not yet official, as the franchise is still working out details with the league on the timing and viability of the signing, while Arnold continues through the legal process involving eight felony charges from an incident in Florida [&#8230;]",Jeremy Reisman,2026-08-16T10:31:42-04:00,https://www.prideofdetroit.com/detroit-lions-news/169490/dan-campbell-comments-seattle-seahawks-agreeing-sign-terrion-arnold,2026-08-16T21:17:36.503893+00:00
Detroit Lions,https://www.prideofdetroit.com,The overlooked Detroit Lion who just ‘does everything right’,"The life of a nose tackle is an unheralded one. They don’t typically accumulate a ton of box score statistics. Their job is often to take up space and free up other players to make plays. And, on a very basic level, the amount of punishment you take eating double teams from 300-pound players seems [&#8230;]",Jeremy Reisman,2026-08-16T09:00:00-04:00,https://www.prideofdetroit.com/detroit-lions-news/169468/chris-smith-overlooked-detroit-lion-who-just-does-everything-right,2026-08-16T21:17:36.503893+00:00
Detroit Lions,https://www.prideofdetroit.com,4 key advanced stats from Detroit Lions’ preseason opener,"The Detroit Lions kicked off their preseason slate with a wet—and often sloppy—60 minutes of football on Thursday night against the Cincinnati Bengals in Ohio. While the weather made it harder to come to definitive conclusions about the play on the field, particularly at some of the skill positions, there’s still plenty to review and [&#8230;]",Ryan Mathews,2026-08-16T08:00:00-04:00,https://www.prideofdetroit.com/detroit-lions-analysis/169339/4-key-advanced-stats-detroit-lions-preseason-opener,2026-08-16T21:17:36.503893+00:00
Detroit Lions,https://www.prideofdetroit.com,Discussion: Who should be the Detroit Lions’ starting 5 offensive linemen?,"Early in training camp, coach Dan Campbell expressed some urgency in settling on a starting offensive line for the 2026 season, so the unit could build some chemistry going into the regular season. “As fast as we can get them and the secondary to work together. You know, &#8216;Okay, these are the guys,’ now we [&#8230;]",Jeremy Reisman,2026-08-16T07:00:00-04:00,https://www.prideofdetroit.com/detroit-lions-discussion/169458/detroit-lions-offensive-line-ideal-starting-lineup-2026,2026-08-16T21:17:36.503893+00:00
Green Bay Packers,https://www.acmepackingcompany.com,Packers Training Camp Recap: Things finally get chippy,"It took until the 12th day of training camp, but we finally got some fights in practice in Green Bay. The first scuffle was between running back Chris Brooks and linebacker Zaire Franklin, but the second one was more involved. Defensive lineman Chris McClellan landed hard on running back Pierre Strong Jr., which led to [&#8230;]",Justis Mosqueda,2026-08-16T14:46:51-04:00,https://www.acmepackingcompany.com/green-bay-packers-news/84767/packers-training-camp-recap-things-finally-get-chippy,2026-08-16T21:17:36.503893+00:00
Green Bay Packers,https://www.acmepackingcompany.com,Green Bay Packers Depth Chart: What Week 1 of the preseason taught us,"We’re here today to take our best stab at what the Green Bay Packers think of their current roster. Yes, there’s an open roster spot on the team right now, so there are only 90 players listed on this depth chart, not the typical 91. We don’t know what’s happening behind closed doors, be it [&#8230;]",Justis Mosqueda,2026-08-16T06:00:00-04:00,https://www.acmepackingcompany.com/green-bay-packers-depth-chart/84759/green-bay-packers-depth-chart-what-week-1-of-the-preseason-taught-us,2026-08-16T21:17:36.503893+00:00
Jacksonville Jaguars,https://www.bigcatcountry.com,Three reasons why the Jaguars beat the Saints,"The Jacksonville Jaguars opened their 2026 preseason with a comeback victory, overcoming a 20-6 halftime deficit to defeat the New Orleans Saints 24-20 at the Caesars Superdome. With most starters on both sides watching from the sidelines, the game was ultimately about the players fighting for roster spots and opportunities. For the Jaguars, several of [&#8230;]",Simon Carroll,2026-08-16T13:44:14-04:00,https://www.bigcatcountry.com/jacksonville-jaguars-preseason/87637/three-reasons-why-the-jaguars-beat-the-saints,2026-08-16T21:17:36.503893+00:00
Jacksonville Jaguars,https://www.bigcatcountry.com,"Jaguars Stock Up, Stock Down After a Week With The Saints","The 2026 Jacksonville Jaguars&#8217; first week of preseason work delivered a little bit of everything. After spending Thursday battling the New Orleans Saints in a joint practice, where the team began with slight struggles, the Jaguars returned to the Caesars Superdome on Saturday for a preseason opener that shared a similar outcome. The result was [&#8230;]",Travis Holmes,2026-08-16T09:00:00-04:00,https://www.bigcatcountry.com/jacksonville-jaguars-analysis/87482/jaguars-stock-up-stock-down-following-saints-week,2026-08-16T21:17:36.503893+00:00
Kansas City Chiefs,https://www.arrowheadpride.com,7 winners and 4 losers from the Chiefs’ first preseason game,"It was a pretty typical preseason opener. We didn’t see many starters; some rookies stood out, and other veterans are still trying to find their places on the roster. The score didn’t matter much, but it was still quite rewarding to see the 2026 Kansas City Chiefs take the field for the first time against [&#8230;]",Matt Stagner,2026-08-16T13:00:00-04:00,https://www.arrowheadpride.com/kansas-city-chiefs-analysis/207715/7-winners-4-losers-chiefs-first-preseason-game,2026-08-16T21:17:36.503893+00:00
Kansas City Chiefs,https://www.arrowheadpride.com,There were 12 penalties called on the Chiefs in preseason opener,"Tried-and-true football fans know the end result of an NFL preseason game indicates little about the team’s potential success for the coming season. The final score of 20-12 in the Kansas City Chiefs’ loss to the Los Angeles Rams in the first exhibition of the year is more or less insignificant. However, some numbers can [&#8230;]",Ron Kopp Jr.,2026-08-16T11:00:00-04:00,https://www.arrowheadpride.com/kansas-city-chiefs-analysis/207781/12-penalties-called-chiefs-preseason-opener,2026-08-16T21:17:36.503893+00:00
Kansas City Chiefs,https://www.arrowheadpride.com,5 things we learned from the Chiefs’ first preseason game of the season,"And just like that, the Kansas City Chiefs’ 2026 preseason is off and running. It seems like a lifetime since the Chiefs ended last season in a 14–12 loss to the Las Vegas Raiders in what was one of the hardest games to watch in franchise history. And while Kansas City dropped this game to [&#8230;]",Rocky Magaña,2026-08-16T10:00:00-04:00,https://www.arrowheadpride.com/kansas-city-chiefs-analysis/207762/5-things-learned-chiefs-first-preseason-game,2026-08-16T21:17:36.503893+00:00
Kansas City Chiefs,https://www.arrowheadpride.com,Chiefs rookie back Emmett Johnson ‘ran hard and aggressive’,"Although the Kansas City Chiefs lost the preseason opener 20-12 to the Los Angeles Rams, the defeat produced encouraging performances and positive takeaways. One noteworthy performance came from rookie running back Emmett Johnson, who delivered a strong effort when given the opportunity. Mostly operating with the second- and third-string offense, Johnson finished the game with [&#8230;]",Dakota Watson,2026-08-16T08:30:00-04:00,https://www.arrowheadpride.com/kansas-city-chiefs-news/207753/chiefs-rookie-back-emmett-johnson-ran-hard-aggressive,2026-08-16T21:17:36.503893+00:00
Las Vegas Raiders,https://www.silverandblackpride.com,The candidates who’ll lead the Raiders in scoring this season,"It was but a mere glimpse, but what an encouraging view of Klint Kubiak’s Las Vegas Raiders offense in the preseason opener, no? A mix of both efficiency and staples of the Kubiak scheme, the Silver &#38; Black’s head coach and offensive play caller provided a window into what he’s cooking up this season in [&#8230;]",Ray Aspuria,2026-08-16T13:10:00-04:00,https://www.silverandblackpride.com/las-vegas-raiders-analysis/136523/raiders-2026-offense-leaders-ashton-jeanty,2026-08-16T21:17:36.503893+00:00
Las Vegas Raiders,https://www.silverandblackpride.com,Silver Minings: Raiders sign DT Folorunso Fatukasi,"The Las Vegas Raiders lost their first preseason game of the season on Thursday Night. One of the reasons for the loss was the struggles to stop the run. In a move to add depth to the defensive tackle position, the Raiders looked to the free-agent market for help. They signed former Houston Texan Folorunso [&#8230;]",Marcus Johnson,2026-08-16T10:00:00-04:00,https://www.silverandblackpride.com/las-vegas-raiders-news/137007/silver-minings-raiders-sign-dt-folorunso-fatukasi,2026-08-16T21:17:36.503893+00:00
Los Angeles Rams,https://www.turfshowtimes.com,Upon further review: Brennan Presley’s big day,"Brennan Presley had one of the most productive games of any player in the Los Angeles Rams’ 20-12 preseason win over the Kansas City Chiefs Saturday. In what will be an uphill climb to make the roster, it was a strong first step for the former Oklahoma State Cowboy. As a speedy but especially small [&#8230;]",Brendan Dzwierzynski,2026-08-16T15:00:00-04:00,https://www.turfshowtimes.com/los-angeles-rams-analysis/146140/brennan-presley-big-day-rams-chiefs-preseason,2026-08-16T21:17:36.503893+00:00
Los Angeles Rams,https://www.turfshowtimes.com,"Good, Bad and Ugly: Ty Simpson, defense showed out in KC","The Los Angeles Rams came away victorious in their preseason opener with a 20-12 win over the Kansas City Chiefs on Saturday. LA put together a strong showing in Kansas City, as Ty Simpson and the defense showed out this weekend. Here is the good, the bad and the ugly from the Rams’ preseason matchup [&#8230;]",Evan Craig,2026-08-16T13:30:00-04:00,https://www.turfshowtimes.com/los-angeles-rams-preseason/146027/rams-chiefs-preseason-good-bad-and-ugly-simpson-defense-bennett,2026-08-16T21:17:36.503893+00:00
Los Angeles Rams,https://www.turfshowtimes.com,Rams PFF Grades: Stetson Bennett finished last on offense,"Pro Football Focus (PFF) published the Los Angeles Rams’ first grades of the 2026 season. LA earned an exhibition victory over the Kansas City Chiefs on Saturday. The highlight, of course, was first-round quarterback Ty Simpson’s debut. PFF was kind to him in their grading, and there is more to come on that. After each [&#8230;]",JB Scott,2026-08-16T12:31:19-04:00,https://www.turfshowtimes.com/los-angeles-rams-preseason/146178/rams-chiefs-pff-grades-stetson-bennett,2026-08-16T21:17:36.503893+00:00
Los Angeles Rams,https://www.turfshowtimes.com,Rams preseason snap counts: What we learned for 53-man roster,The Los Angeles Rams have been consistent in their approach to the preseason in the past decade under Sean McVay. We know this will be a very competitive roster to make. There may only be a few spots up for grabs on the margins. Sometimes McVay’s most telling move is who sits out. There were [&#8230;],JB Scott,2026-08-16T12:02:39-04:00,https://www.turfshowtimes.com/los-angeles-rams-roster/146154/rams-preseason-risers-fallers-roster-projection,2026-08-16T21:17:36.503893+00:00
Los Angeles Rams,https://www.turfshowtimes.com,Ty Simpson compared to Baker Mayfield after 1 preseason game,"People have ways of hedging their bets when it comes to highly-touted quarterbacks in the preseason, and Ty Simpson’s successful debut for the Los Angeles Rams on Saturday was prime real estate for hedging. You see, if Simpson played poorly, then believers would say “It’s only the preseason, who cares?” and skeptics would say, “I [&#8230;]",Kenneth Arthur,2026-08-16T09:00:00-04:00,https://www.turfshowtimes.com/los-angeles-rams-news/146138/ty-simpson-baker-mayfield-rams-preseason,2026-08-16T21:17:36.503893+00:00
Los Angeles Rams,https://www.turfshowtimes.com,Rams giving Aaron Donald all the time he needs,"Even when the Los Angeles Rams actually take the field, the looming possibility of Aaron Donald returning to the team still makes headline news. After the Rams knocked off the Kansas City Chiefs 20-12 in their preseason opener Saturday, coach Sean McVay was asked about Donald’s potential return, and he responded with an understandably measured [&#8230;]",Brendan Dzwierzynski,2026-08-16T08:30:00-04:00,https://www.turfshowtimes.com/los-angeles-rams-news/146132/mcvay-latest-aaron-donald-return-his-timeline,2026-08-16T21:17:36.503893+00:00
Miami Dolphins,https://www.thephinsider.com,Quinn Ewers suffers groin injury in Dolphins loss to Commanders,"Miami Dolphins quarterback Quinn Ewers sustained a groin injury in the team’s preseason loss to the Washington Commanders on Friday. The injury reportedly occurred early in the game, but Ewers, the team’s second-string quarterback, played through it until he was rotated out of the game for third-string passer Cam Miller. The Miami Herald’s Barry Jackson [&#8230;]",Kevin Nogle,2026-08-16T14:23:41-04:00,https://www.thephinsider.com/miami-dolphins-injuries/121614/miami-dolphins-injury-update-2026-news-quinn-ewers-washington-commanders-game-preseason-new-york-giants,2026-08-16T21:17:36.503893+00:00
Miami Dolphins,https://www.thephinsider.com,Dolphins bring back QB Mark Gronowski in Sunday roster moves,"The Miami Dolphins announced the re-signing of quarterback Mark Gronowski on Sunday, nine days after he had been waived by the team. The return comes a couple of days after Miami’s opening preseason game of the year, a 20-7 loss to the Washington Commanders. They also signed linebacker Cam Riley in the moves. To create [&#8230;]",Kevin Nogle,2026-08-16T13:54:18-04:00,https://www.thephinsider.com/miami-dolphins-roster/121606/miami-dolphins-quarterback-2026-mark-gronowski-cam-riley-signed-jamaree-salyer-ethan-robinson-roster-moves,2026-08-16T21:17:36.503893+00:00
Miami Dolphins,https://www.thephinsider.com,Miami Dolphins news: Overreaction Saturday takes a look back at Miami’s preseason loss to Commanders,"The Miami Dolphins lost their preseason opener on Friday, dropping to the Commanders 20-7. There were some highlights for the Dolphins during the game, especially early when the team’s starters were on the field, but there were a lot of lowlights as well. Miami’s lack of depth was exposed. For a young team trying to [&#8230;]",Kevin Nogle,2026-08-16T08:07:18-04:00,https://www.thephinsider.com/miami-dolphins-news/121602/miami-dolphins-news-overreaction-saturday-takes-a-look-back-at-miamis-preseason-loss-to-commanders,2026-08-16T21:17:36.503893+00:00
Minnesota Vikings,https://www.dailynorseman.com,Minnesota Vikings News and Links: What Did You Take Away From The First Preseason Game?,"The first preseason game is in the books and it was nice to see the players get out there and compete against an opponent. I do not put a lot of stock into the performances at this point. After the joint practices and next week&#8217;s game, we should have a better idea. From what I [&#8230;]",Mark P,2026-08-16T14:58:19-04:00,https://www.dailynorseman.com/minnesota-vikings-discussion-chat-message-board/98198/minnesota-vikings-news-and-links-what-did-you-take-away-from-the-first-preseason-game,2026-08-16T21:17:36.503893+00:00
Minnesota Vikings,https://www.dailynorseman.com,On the QB1 Decision and Takeaways from the Vikings&#8217; 1st Preseason Game,"For this article, I decided to offer (yet another) take on the Minnesota Vikings quarterback issue – delayed so it wouldn’t get lost in the shuffle – and some quick takes on the team’s first preseason game of the season. KYLER MURRAY IS OUR QB1 Kevin O’Connell made it official: Kyler Murray will be the [&#8230;]",Shawn C,2026-08-16T12:58:43-04:00,https://www.dailynorseman.com/minnesota-vikings-news/98182/qb1-decision-takeaways-minnesota-vikings-first-preseason-game,2026-08-16T21:17:36.503893+00:00
New England Patriots,https://www.patspulpit.com,Patriots training camp recap: Offense preps for Seattle’s environment,"The New England Patriots were back on the practice fields for the second straight day on Sunday but dialed down the intensity to a walkthrough session. Here’s what went down on the back practice fields. Setting Attire:&#160;Jerseys and shorts Duration:&#160;ca. 90 minutes (10:00 a.m.-11:30 p.m. ET) Conditions:&#160;Sunny, temperatures in the mid 80s It was a [&#8230;]",Brian Hines,2026-08-16T13:14:37-04:00,https://www.patspulpit.com/new-england-patriots-training-camp/133575/patriots-training-camp-recap-offense-preps-for-seattles-environment,2026-08-16T21:17:36.503893+00:00
New England Patriots,https://www.patspulpit.com,Sunday Patriots Notes: Evaluating top rookies in preseason debut,"The New England Patriots’ preseason is fully underway following their opener against the Indianapolis Colts. Work now transitions back to the practice fields where intensity will pick up with a pair of joint practices against the Philadelphia Eagles. Before we focus on what lies ahead, however, let’s take one final look back at the week [&#8230;]",Brian Hines,2026-08-16T07:10:30-04:00,https://www.patspulpit.com/new-england-patriots-opinion/133255/sunday-patriots-notes-evaluating-top-rookies-preseason-debut,2026-08-16T21:17:36.503893+00:00
New Orleans Saints,https://www.canalstreetchronicles.com,Game Recap: Saints host Jaguars to open preseason,"The New Orleans Saints kicked off the 2026 preseason on Saturday night as they hosted the Jacksonville Jaguars in the Caesars Superdome. Here’s a quick recap of all the action from the black and gold’s only home game before the regular season. First Quarter Things got off to a flyer for the home team, as [&#8230;]",Sam Mackenzie,2026-08-16T13:28:14-04:00,https://www.canalstreetchronicles.com/new-orleans-saints-preseason/113044/game-recap-saints-host-jaguars-to-open-preseason,2026-08-16T21:17:36.503893+00:00
New York Giants,https://www.bigblueview.com,"Giants vs. Vikings: Rookie report — who played well, and who did not","We finally got a look at the New York Giants 2026 draft class in a live game setting. The Giants’ rookies played early and often in their first NFL action, with each of the Giants first four picks starting against the Minnesota Vikings. The Giants want to build through the draft, so these young men [&#8230;]",Chris Pflum,2026-08-16T11:57:11-04:00,https://www.bigblueview.com/new-york-giants-preseason/167803/rookie-report-arvell-reese-sisi-mauigoa-jack-kelly-colton-hood-malachi-fields-bobby-jamison-travis,2026-08-16T21:17:36.503893+00:00
New York Giants,https://www.bigblueview.com,"‘Things I think’: Odell Beckham’s future, Jaxson Dart, and some problems exposed","The New York Giants’ first preseason game, a 13-10 loss to the Minnesota Vikings, has given us a lot to discuss. Here are some of the ‘things I think’ after Saturday’s game. Odell Beckham’s future remains uncertain The nostalgia of Odell Beckham Jr.’s return to MetLife Stadium as a Giant was nice. Beckham got a [&#8230;]",Ed Valentine,2026-08-16T10:04:32-04:00,https://www.bigblueview.com/new-york-giants-preseason/167871/things-i-think-odell-beckhams-future-jaxson-dart-and-some-problems-exposed,2026-08-16T21:17:36.503893+00:00
New York Jets,https://www.ganggreennation.com,New York Jets News: Cade Klubnik’s debut was a success,"Happy Sunday, Jets fans! Here are your daily links as the weekend continues. Amanda Vogt &#8211; 3 Standout Players From Jets-Buccaneers Preseason Game Antwan Staley &#8211; Cade Klubnik’s preseason debut shouldn’t stop Jets from adding Geno Smith insurance Brian Costello &#8211; Braelon Allen makes emphatic Jets return with 31-yard touchdown after 11-month layoff Brian Costello [&#8230;]",John B,2026-08-16T07:00:00-04:00,https://www.ganggreennation.com/new-york-jets-news/95567/new-york-jets-news-cade-klubniks-debut-was-a-success,2026-08-16T21:17:36.503893+00:00
Philadelphia Eagles,https://www.bleedinggreennation.com,Eagles News: Uar Bernard and Joshua Weru offer intrigue in NFL debuts,"Let’s get to the Philadelphia Eagles news and links … Eagles preseason: Backup QB race goes backward, Uar Bernard and Joshua Weru debut &#8211; The AthleticInternational players steal the show. When I remember this game a decade from now — what does it say about me that I might remember this game a decade from [&#8230;]",Brandon Lee Gowton,2026-08-16T08:58:56-04:00,https://www.bleedinggreennation.com/news/179591/eagles-news-uar-bernard-and-joshua-weru-offer-intrigue-in-nfl-debuts,2026-08-16T21:17:36.503893+00:00
Philadelphia Eagles,https://www.bleedinggreennation.com,"Eagles vs. Ravens Preseason: The good, the bad, and the ugly","The first dress rehearsal did not go well. The Eagles’ 24-7 loss to the Baltimore Ravens on Saturday at M&#38;T Bank Stadium night honestly means nothing. What does is a new offense still under wraps. Who was playing to win and who wasn’t. So, let’s take look. The Eagles were outgained 440 yards to 159, [&#8230;]",Joseph Santoliquito,2026-08-16T08:18:10-04:00,https://www.bleedinggreennation.com/philadelphia-eagles-analysis/179588/eagles-vs-ravens-preseason-the-good-the-bad-and-the-ugly,2026-08-16T21:17:36.503893+00:00
Pittsburgh Steelers,https://www.behindthesteelcurtain.com,Nick Herbig gets emotional celebrating Keeanu Benton’s extension,"The Pittsburgh Steelers have had a busy offseason when it comes to getting contract extensions done. Three of their top five draft picks from their 2023 draft class have signed long-term extensions with the team. After declining the fifth-year option on offensive tackle Broderick Jones, Pittsburgh signed edge rusher Nick Herbig to a four-year, $100 [&#8230;]",Jarrett Bailey,2026-08-16T13:55:57-04:00,https://www.behindthesteelcurtain.com/pittsburgh-steelers-roster/173388/nick-herbig-gets-emotional-celebrating-keeanu-bentons-extension-pittsburgh-steelers-nfl,2026-08-16T21:17:36.503893+00:00
Pittsburgh Steelers,https://www.behindthesteelcurtain.com,Steelers Film Room: Highs and lows of 2026 preseason debut against the Green Bay Packers,"Just a few days ago, the Pittsburgh Steelers kicked off their 2026 season with an impressively lopsided 28-9 victory over the Green Bay Packers. While we must acknowledge that neither team featured its star players, nor the type of playcalling we can expect once the games start to count for real, it’s also hard to [&#8230;]",Ryan Parish,2026-08-16T08:15:00-04:00,https://www.behindthesteelcurtain.com/pittsburgh-steelers-preseason/173401/steelers-film-room-highs-and-lows-of-2026-preseason-debut-against-the-green-bay-packers,2026-08-16T21:17:36.503893+00:00
Pittsburgh Steelers,https://www.behindthesteelcurtain.com,Mike McCarthy says Steelers saw Drew Allar as a first-round talent,"In a game where Pittsburgh Steelers fans hoped to gain some clarity on who would gain some ground and take the backup quarterback job in a battle between Mason Rudolph and Will Howard, it was the third-round developmental rookie quarterback, Drew Allar, who stole the show. The 76th overall pick in the 2026 NFL Draft [&#8230;]",Joey Bray,2026-08-16T08:00:00-04:00,https://www.behindthesteelcurtain.com/pittsburgh-steelers-news/173375/mike-mccarthy-says-steelers-saw-drew-allar-as-a-first-round-talent-green-bay-packers,2026-08-16T21:17:36.503893+00:00
San Francisco 49ers,https://www.ninersnation.com,George Kittle expects to return to the 49ers ‘sooner than later’,"The San Francisco 49ers returned to practice on Sunday. A couple of players sat out, beyond the usual suspects. Gracen Halton (ankle) and Dominick Puni (concussion) missed practice. We’ll see if those injuries prevent Halton and Puni from participating in this week’s joint practice or preseason game against the Chargers. As for quarterback Kurtis Rourke [&#8230;]",Kyle Posey,2026-08-16T16:20:10-04:00,https://www.ninersnation.com/san-francisco-49ers-injuries/161333/george-kittle-expects-to-return-to-the-49ers-sooner-than-later,2026-08-16T21:17:36.503893+00:00
San Francisco 49ers,https://www.ninersnation.com,49ers News: Mike Evans practices again,"Can the 49ers depend on rookie WR De&#8217;Zhaun Stribling?“The team has long shied away from plugging any of its young wideouts into one position, instead asking them to learn all three spots (F, X or Z) before deciding where to put them. That workload can faze some players, but coaches and teammates have said Stribling [&#8230;]",Yinon Raviv,2026-08-16T04:49:00-04:00,https://www.ninersnation.com/san-francisco-49ers-news/161330/49ers-news-preseason-training-camp-dezhaun-stribling-deebo-samuel-shape-titans-jacob-cowing-mike-evans-practice-raheem-morris-injury-gracen-halton-trent-williams-oklahoma-left-guard-competition-colby,2026-08-16T21:17:36.503893+00:00
Seattle Seahawks,https://www.fieldgulls.com,A Seattle Seahawks 53-man roster projection after Week 1 of preseason,"The Seattle Seahawks have completed their first week of preseason, which definitely didn’t go as well as hoped. While preseason final scores mean not a jot, individual and collective performances for players looking to solidify roster spots do mean something, and the Seahawks’ reserve largely struggled in Saturday’s 17-7 loss to the Dallas Cowboys. After [&#8230;]",Mookie Alexander,2026-08-16T17:00:56-04:00,https://www.fieldgulls.com/seattle-seahawks-game-analysis/172584/seattle-seahawks-53-man-roster-projection-week-1-preseason,2026-08-16T21:17:36.503893+00:00
Seattle Seahawks,https://www.fieldgulls.com,A look under the hood at the Devon Witherspoon extension,"Saturday started off fantastic for the Seattle Seahawks, with news of a market-setting four-year, $132M contract extension with three-time Pro Bowler and 2023 first round pick Devon Witherspoon. The extension gives John Schneider and Mike Macdonald both of the superstar 2023 first round pick in Witherspoon and Jaxon Smith-Njigba under contract through 2031 and secures [&#8230;]",John Gilbert,2026-08-16T10:26:52-04:00,https://www.fieldgulls.com/seattle-seahawks-news/172578/a-look-under-the-hood-at-the-devon-witherspoon-extension,2026-08-16T21:17:36.503893+00:00
Seattle Seahawks,https://www.fieldgulls.com,Devon Witherspoon is latest Seahawk from Russell Wilson trade to cash in,"The Seattle Seahawks took care of one of their superstars, making Devon Witherspoon the highest-paid cornerback in NFL history following his $132 million extension. Perhaps this distinction will last about five seconds once Christian Gonzalez and the New England Patriots figure something out, but who cares? ’Spoon got paid, and the Seahawks have a true [&#8230;]",Mookie Alexander,2026-08-16T10:00:00-04:00,https://www.fieldgulls.com/seattle-seahawks-game-analysis/172500/devon-witherspoon-latest-seahawks-from-russell-wilson-trade-cash-in,2026-08-16T21:17:36.503893+00:00
Seattle Seahawks,https://www.fieldgulls.com,"Seahawks News: Seahawks sign Devon Witherspoon, lose to Cowboys","Our beloved Seattle Seahawks played their first preseason game of the 2026 season and lost. In doing so, they did not look particularly unbeatable, which is to be expected of a team looking to fill depth on the roster. The discourse before yesterday was centered on the hopeful and expected improvement of young Jalen Milroe [&#8230;]",Terrance Robinson,2026-08-16T09:07:00-04:00,https://www.fieldgulls.com/seattle-seahawks-news/172562/seahawks-news-seahawks-sign-devon-witherspoon-lose-to-cowboys,2026-08-16T21:17:36.503893+00:00
Seattle Seahawks,https://www.fieldgulls.com,Winners and Losers from the Seahawks’ clunky preseason loss to Cowboys,"The Seattle Seahawks were, shall we say, not at their sharpest in their 17-7 preseason opening loss against the Dallas Cowboys. It’s not unexpected when it’s preseason and the starters are absent, but Mike Macdonald definitely was not pleased with the performance on the night. And why would he? A lot of penalties (21 enforced), [&#8230;]",Mookie Alexander,2026-08-16T00:56:31-04:00,https://www.fieldgulls.com/seattle-seahawks-game-analysis/172533/nfl-analysis-winners-and-losers-seahawks-vs-cowboys-foster-milroe-knight-mills,2026-08-16T21:17:36.503893+00:00
Washington Commanders,https://www.hogshaven.com,"Commanders injury news: Updates on Nick Allegretti, John Bates, Trey Amos","Commanders center Nick Allegretti has been out since the first training camp practice dealing with a calf strain. While he has been active in walk-throughs, the injury has prevented him from full-speed work.   Allegretti’s finally ready to return to practice, head coach Dan Quinn said Sunday during a virtual press conference. While there will [&#8230;]",Scott Bair,2026-08-16T14:29:14-04:00,https://www.hogshaven.com/washington-commanders-injuries/432836/commanders-injury-news-nick-allegretti-john-bates-trey-amos-jeremy-mcnichols,2026-08-16T21:17:36.503893+00:00
Washington Commanders,https://www.hogshaven.com,"Dan Quinn: Sonny Styles; focus on Jayden Daniels’ play, not LSU issue","The Washington Commanders hosted the Miami Dolphins on Friday night and had off yesterday. They held a walkthrough today that was closed to the media, but head coach Dan Quinn spoke to them after. He confirmed that QB Marcus Mariota suffered a sprained MCL and will be out for the rest of the preseason. He’s [&#8230;]",Scott Jennings,2026-08-16T14:00:00-04:00,https://www.hogshaven.com/nfl-training-camp/432794/dan-quinn-sonny-styles-first-game-paying-attention-jayden-daniels-lsu,2026-08-16T21:17:36.503893+00:00
Washington Commanders,https://www.hogshaven.com,Commanders injury news: Marcus Mariota suffers sprained knee,Commanders quarterback Marcus Mariota played just four snaps during Friday’s preseason opener versus Miami. The veteran didn’t get a quick hook. He got hurt on the first offensive drive. &#160; Mariota suffered a right MCL sprain in Washington’s 20-7 victory over the Dolphins at Northwest Stadium.  Head coach Dan Quinn confirmed that fact in a [&#8230;],Scott Bair,2026-08-16T11:12:41-04:00,https://www.hogshaven.com/washington-commanders-injuries/432489/commanders-injury-news-marcus-mariota-reportedly-suffers-sprained-knee,2026-08-16T21:17:36.503893+00:00
Washington Commanders,https://www.hogshaven.com,Commanders News: “Braves on the warpath” returns to Washington fight song,"The Daily Slop &#8211; 16 August 2026 Editor’s note: Each day, Hogs Haven compiles a collection of articles, podcasts &#38; tweets from around the web to keep you in touch with the Commanders, the NFC East, the NFL and sports in general, with a sprinkling of other stuff. Enjoy! Commanders links Articles The Athletic (paywall) [&#8230;]",bill-in-bangkok,2026-08-16T07:00:00-04:00,https://www.hogshaven.com/washington-commanders-news/432565/braves-warpath-returns-washington-fight-song-robert-henry-jr-byron-cowart,2026-08-16T21:17:36.503893+00:00
Arizona Cardinals,https://www.revengeofthebirds.com,"Takeaways from Cardinals vs. Raiders, including three quarterbacks","Any win is a good win. But the Arizona Cardinals’ victory in an exhibition game against the Las Vegas Raiders was costly, as they lost their star rookie offensive guard, Chase Bisontis, who will have surgery next week. As a fan, you may be inclined to utter that maybe head coach Mike LaFleur shouldn’t play [&#8230;]",Barry Shuck,2026-08-16T09:00:00-04:00,https://www.revengeofthebirds.com/arizona-cardinals-discussion/93554/takeaways-from-cardinals-vs-raiders-including-three-quarterbacks,2026-08-16T22:04:57.132306+00:00
Buffalo Bills,https://www.buffalorumblings.com,5 takeaways from Bills win over Panthers in first preseason game,"The Buffalo Bills beat the Carolina Panthers 29-14 in the first preseason game inside the new Highmark Stadium on Saturday afternoon, and the score was not indicative of how thoroughly the Bills dominated. Staffer Sean Murphy wrote his stock up/stock down piece immediately following the victory. It’s very good. You should read it. These were [&#8230;]",Chris Trapasso,2026-08-16T16:15:00-04:00,https://www.buffalorumblings.com/buffalo-bills-analysis/138577/5-takeaways-from-bills-win-over-panthers-in-first-preseason-game,2026-08-16T22:04:57.132306+00:00
Chicago Bears,https://www.windycitygridiron.com,"Kevin Warren on stadium: Focus is on Hammond, but no date for next steps","Chicago Bears president Kevin Warren and chairman George McCaskey met with the media Thursday afternoon for their annual preseason briefing. While unfounded reports on X, the everything app, suggest today would be the big, huge announcement we’ve all been waiting for, it was not. Following his usual opening remarks of complimentary platitudes, his actual remarks [&#8230;]",Sam Householder,2026-08-13T13:56:58-04:00,https://www.windycitygridiron.com/chicago-bears-news/120609/kevin-warren-on-stadium-focus-is-on-hammond-but-no-date-for-next-steps,2026-08-16T22:04:57.132306+00:00
Chicago Bears,https://www.windycitygridiron.com,A Day at Halas Hall,Bryan got to take his wife and two eldest to Bears training camp for the first time for “Women and Girls in Sports Day.” Here are his takeaways. Transportation I stayed at a hotel nearby Halas Hall and it was just a quick shot over to the mall where the free shuttle picked up droves [&#8230;],Bryan Orenchuk,2026-08-13T12:46:36-04:00,https://www.windycitygridiron.com/chicago-bears-analysis/120493/a-day-at-halas-hall,2026-08-16T22:04:57.132306+00:00
Chicago Bears,https://www.windycitygridiron.com,"Chicago Bears roster by jersey number, last name","The Chicago Bears begin their quest to repeat as NFC North champs on September 13 in Carolina, but before that, they play three preseason games where the bottom of the depth chart players will try to earn their way onto a roster. Whether that&#8217;s Chicago’s 53-man active roster, their 16-man practice squad, or perhaps they’ll [&#8230;]",Lester A. Wiltfong Jr.,2026-08-13T09:00:00-04:00,https://www.windycitygridiron.com/chicago-bears-roster/120130/chicago-bears-roster-by-jersey-number-last-name,2026-08-16T22:04:57.132306+00:00
Cleveland Browns,https://www.dawgsbynature.com,"Browns schedule for Bills joint practice week, preseason Game 2","Unlike the regular-season schedule, things are a lot heavier for the Cleveland Browns coming off their first preseason game under HC Todd Monken. In many ways, a lot and nothing at the same time happened versus the Chicago Bears. That doesn’t mean there won’t be some reactions, but Monken and his staff have to get [&#8230;]",Jared Mueller,2026-08-16T07:00:00-04:00,https://www.dawgsbynature.com/cleveland-browns-game-schedule-information/130409/browns-schedule-for-bills-joint-practice-week-preseason-game-2,2026-08-16T22:04:57.132306+00:00
Dallas Cowboys,https://www.bloggingtheboys.com,Cowboys countdown to kickoff: Top 100 iconic games &#8211; Day 28,It is Day 28 of our 100-day countdown to kickoff. We are looking back at the 100 most iconic games in Dallas Cowboys history. The countdown will leads us right up to the opening game of 2026. Our look back doesn’t depend on just one criteria for our rankings. We take into consideration things like [&#8230;],Mike Poland,2026-08-16T17:00:00-04:00,https://www.bloggingtheboys.com/dallas-cowboys-history/214278/countdown-to-kickoff-top-100-iconic-games-day-28,2026-08-16T22:04:57.132306+00:00
New York Giants,https://www.bigblueview.com,Cornerback retires after 4 days with NY Giants,"Cornerback Sam Webb has retired from football four days after signing with the New York Giants. Webb signed with the Giants on Thursday, played 14 snaps on Saturday in the Giants’ preseason game against the Minnesota Vikings, and was placed on the NFL reserve/retired list on Sunday. The 28-year-old Webb has played in 36 NFL [&#8230;]",Ed Valentine,2026-08-16T17:20:55-04:00,https://www.bigblueview.com/new-york-giants-roster/167903/cornerback-retires-after-4-days-with-ny-giants,2026-08-16T22:04:57.132306+00:00
New York Giants,https://www.bigblueview.com,Dante Miller injury: ‘Might be a situation’ with Giants’ RB,"New York Giants running back Dante Miller could miss time with an injury suffered Saturday against the Minnesota Vikings. “We might have a situation with Turbo (running back Dante Miller),” head coach John Harbaugh said on Sunday. “We&#8217;ll see with a soft-tissue going type thing, we&#8217;ll see how that turns out today.” Miller, 27, spent [&#8230;]",Ed Valentine,2026-08-16T16:18:18-04:00,https://www.bigblueview.com/new-york-giants-injuries/167893/dante-miller-injury-might-be-a-situation-with-giants-rb,2026-08-16T22:04:57.132306+00:00
Cleveland Browns,https://www.dawgsbynature.com,A Za’Darius Smith return to the Browns? Free agent update seems to surprise edge rusher,"The Cleveland Browns search for help at defensive end may have ended with a reunion. What started with a visit from former DE Jadeveon Clowney, only to be spurned as the former top overall pick returned to the Houston Texans, continued with a workout with DE Tyus Bowser, who hasn’t played a full season since [&#8230;]",Jared Mueller,2026-08-16T17:08:15-04:00,https://www.dawgsbynature.com/cleveland-browns-free-agency/130413/zadarius-smith-rumor-browns-return,2026-08-16T22:11:31.095852+00:00
Green Bay Packers,https://www.acmepackingcompany.com,Aaron Banks did not have knee surgery,"On Friday, Green Bay Packers head coach Matt LaFleur was asked directly whether or not projected starting left guard Aaron Banks, who started training camp on the physically unable to perform list with a knee injury but has since been activated to the roster, had surgery this offseason. LaFleur’s response? “I’ll let him answer that.” [&#8230;]",Justis Mosqueda,2026-08-16T17:48:24-04:00,https://www.acmepackingcompany.com/green-bay-packers-news/84775/aaron-banks-did-not-have-knee-surgery,2026-08-16T22:11:31.095852+00:00
Los Angeles Rams,https://www.turfshowtimes.com,C.J. Daniels is no Puka Nacua,"Two of the biggest winners in the L.A. Rams preseason opener on Saturday were receivers who didn’t even suit up, which includes Konata Mumpfield and Jordan Whittington, because on Sean McVay’s team it’s not how you play in the preseason but how often you don’t play that really matters. And whereas Brennan Presley and Xavier [&#8230;]",Kenneth Arthur,2026-08-16T17:23:20-04:00,https://www.turfshowtimes.com/los-angeles-rams-depth-chart/146241/rams-cj-daniels-preseason-position-battle,2026-08-16T22:11:31.095852+00:00
Arizona Cardinals,https://www.revengeofthebirds.com,Give us your thoughts on the Jeremiyah Love injury,"Welcome to SB Nation Reacts, a survey of fans across the NFL. Throughout the year we ask questions of the most plugged-in Cardinals fans and fans across the country. We really can Monday Morning quarterback this one. The Arizona Cardinals rookie running back Jeremiyah Love has a high ankle sprain and will be done for [&#8230;]",Seth Cox,2026-08-17T12:59:28-04:00,https://www.revengeofthebirds.com/nfl-reacts-survey/93616/give-us-your-thoughts-on-the-jeremiyah-love-injury,2026-08-17T23:54:17.078586+00:00
Arizona Cardinals,https://www.revengeofthebirds.com,What if the Cardinals added yellow to their team colors?,"The Arizona Cardinals began during the early years of the game of American Football, which was coming into existence. This new sport sprang up from the sport of rugby. And rugby came from soccer, which is officially called “football” on a global scale. Teams back then didn’t have home and away jerseys. They owned one [&#8230;]",Barry Shuck,2026-08-17T10:51:53-04:00,https://www.revengeofthebirds.com/arizona-cardinals-discussion/93570/what-if-the-cardinals-added-yellow-to-their-team-colors,2026-08-17T23:54:17.078586+00:00
Arizona Cardinals,https://www.revengeofthebirds.com,Arizona Cardinals news: Should Jeremiyah Love sat all preseason?,"Hindsight is always 20/20. Mike LaFleur made the decision to not only play Jeremiyah Love during their preseason game against the Raiders, but he decided to give him 14 touches in a game that does not matter. Now, Love is expected to miss some time (maybe into the regular season) with an ankle injury. Now [&#8230;]",Michael Peterson,2026-08-17T09:58:53-04:00,https://www.revengeofthebirds.com/arizona-cardinals-news/93358/arizona-cardinals-news-should-jeremiyah-love-sat-all-preseason,2026-08-17T23:54:17.078586+00:00
Arizona Cardinals,https://www.revengeofthebirds.com,Arizona Cardinals rookie running back Jeremiyah Love dealing with a high ankle sprain,"We had been waiting to see what the response was, and now we know. Jeremiyah Love is dealing with a high ankle sprain after his 14 touch first half in the preseason win for the Arizona Cardinals over the Las Vegas Raiders. Love’s final touch of the game was also the play where he was [&#8230;]",Seth Cox,2026-08-16T20:46:27-04:00,https://www.revengeofthebirds.com/arizona-cardinals-news/93595/arizona-cardinals-rookie-running-back-jeremiyah-love-dealing-with-a-high-ankle-sprain,2026-08-17T23:54:17.078586+00:00
Atlanta Falcons,https://www.thefalcoholic.com,"Falcons sign WR Beaux Collins, cut OL Layden Robinson and P Matthew Hayball","I thought Layden Robinson and Matthew Hayball held up pretty well in the first preseason game, but the team apparently did not agree. Hayball, the team’s International Pathways Player for 2026, gets the boot alongside Robinson, who played the fifth-highest snap total of anyone on offense Friday night and was not tabbed with any allowed [&#8230;]",Dave Choate,2026-08-17T16:42:40-04:00,https://www.thefalcoholic.com/atlanta-falcons-roster/95202/falcons-sign-wr-beaux-collins-cut-ol-layden-robinson-and-p-matthew-hayball,2026-08-17T23:54:17.078586+00:00
Atlanta Falcons,https://www.thefalcoholic.com,Atlanta Falcons news: What joint practices with Colts can teach us about 2026 roster,"Good morning, Falcoholics, and welcome to the very first edition of the Falcons Opening Drive, in which I share the latest news and updates about the Atlanta Falcons, as well as my take on everything surrounding the team based on my time covering them in Flowery Branch, and this week, at joint practices against the [&#8230;]",Jeanna Kelley,2026-08-17T12:00:00-04:00,https://www.thefalcoholic.com/atlanta-falcons-news/94938/indianapolis-colts-joint-practices-tua-tagovailoa-michael-penix-jr-position-battles-right-tackle,2026-08-17T23:54:17.078586+00:00
Atlanta Falcons,https://www.thefalcoholic.com,The Falcoholic Reacts: The next hopeful pass rushing threat,"The Falcons face a major defensive obstacle going into the season without two of their top edge rushers. After Jalon Walker tore his ACL nearly two weeks ago, James Pearce was recently suspended for eight games after his deplorable actions off the field in January. That leaves Jeff Ulbrich searching for answers among what is [&#8230;]",Allen Strk,2026-08-17T08:00:00-04:00,https://www.thefalcoholic.com/nfl-reacts-survey/95158/the-falcoholic-reacts-the-next-hopeful-pass-rushing-threat,2026-08-17T23:54:17.078586+00:00
Baltimore Ravens,https://www.baltimorebeatdown.com,Baltimore Ravens news: Emery Jones struggles vs. Eagles,"Eagles writers highlight Emery Jones’ struggles vs. Eagles Eagles winners, losers from preseason loss to Ravens: &#8216;Bust&#8217; candidate, rookie QB make statements – nj.com Robinson struggled during his rookie season and did not stand out during the first week of training camp this summer. The Eagles&#8217; 2025 fourth-round pick looked like a bust, but that [&#8230;]",Nikhil Mehta,2026-08-17T07:00:00-04:00,https://www.baltimorebeatdown.com/baltimore-ravens-news/83979/baltimore-ravens-news-emery-jones-struggles-vs-eagles,2026-08-17T23:54:17.078586+00:00
Buffalo Bills,https://www.buffalorumblings.com,Are the Buffalo Bills really the NFL’s most expensive team to watch live?,A new study conducted by says the Buffalo Bills are now the most expensive team in the NFL to watch in person…I have a problem with that conclusion. Not because attending a Bills game is cheap. It isn’t. Not because tickets for the inaugural season at the new Highmark Stadium aren’t expensive. They absolutely are. [&#8230;],Sara Larson,2026-08-17T18:22:16-04:00,https://www.buffalorumblings.com/buffalo-bills-analysis/138627/are-the-buffalo-bills-really-the-nfls-most-expensive-team-to-watch-live,2026-08-17T23:54:17.078586+00:00
Buffalo Bills,https://www.buffalorumblings.com,What Bills vs. Panthers tells us about actual Buffalo depth chart,"Team-released preseason depth charts are mostly nonsense. The teams wouldn’t release them if the league didn’t make them, and what they say is utilized more as PR and internal player motivation that it is anything else. If you really want to know in the preseason how a team views a player, you have to start [&#8230;]",Bruce Nolan,2026-08-17T17:04:35-04:00,https://www.buffalorumblings.com/buffalo-bills-analysis/138614/what-bills-vs-panthers-tells-us-about-actual-buffalo-depth-chart,2026-08-17T23:54:17.078586+00:00
Buffalo Bills,https://www.buffalorumblings.com,Buffalo Bills 53-man roster projection: After preseason win over Panthers,"The Buffalo Bills routed the Panthers 29-14 in the preseason opener, the first outing inside the new Highmark Stadium. With only two more preseason games remaining before the Bills head to Houston to embark on their 2026 regular season, why not project the 53-man roster again? Technically, we do have new information after Buffalo’s opening [&#8230;]",Chris Trapasso,2026-08-17T12:03:19-04:00,https://www.buffalorumblings.com/buffalo-bills-roster/138608/buffalo-bills-53-man-roster-projection-after-preseason-win-over-panthers,2026-08-17T23:54:17.078586+00:00
Buffalo Bills,https://www.buffalorumblings.com,Bills RB James Cook ranked at No. 20 in NFL’s Top 100 Players,"It’s not just the Josh Allen Show in Buffalo. James Cook, you know, the Bills running back who led the league in rushing in 2025, is getting his flowers ahead of the 2026 campaign. In the summer-long unveiling of the NFL’s Top 100 Players — as voted on by players themselves, Cook has entered the [&#8230;]",Chris Trapasso,2026-08-17T10:45:48-04:00,https://www.buffalorumblings.com/buffalo-bills-news/138601/bills-rb-james-cook-ranked-at-no-20-in-nfls-top-100-players,2026-08-17T23:54:17.078586+00:00
Buffalo Bills,https://www.buffalorumblings.com,Josh Allen got more action in preseason game No. 1 than he’s seen in years,"Head coach Joe Brady made a promise before the Buffalo Bills’ first preseason game: If a player was healthy, he was playing. I was on record with the assumption that star quarterback Josh Allen was going to come down with a very serious, and very last minute, hangnail. So suffice it to say when I [&#8230;]",Skarekrow,2026-08-17T07:52:33-04:00,https://www.buffalorumblings.com/buffalo-bills-analysis/138585/josh-allen-got-more-action-in-preseason-game-no-1-than-hes-seen-in-years-buffalo-bills-carolina-panthers,2026-08-17T23:54:17.078586+00:00
Buffalo Bills,https://www.buffalorumblings.com,Buffalo Bills 2026 scouting report: cornerback Anthony Kendall,"The Buffalo Bills have added some new blood on defense this offseason, especially in the defensive secondary. With defensive coordinator Jim Leonhard set to favor a more man/match-heavy approach when compared with former head coach and defensive boss Sean McDermott’s zone-heavy scheme, it makes sense that new players are needed to fill those roles. Some [&#8230;]",Sean Murphy,2026-08-17T07:49:44-04:00,https://www.buffalorumblings.com/buffalo-bills-analysis/138367/buffalo-bills-2026-scouting-report-cornerback-anthony-kendall,2026-08-17T23:54:17.078586+00:00
Buffalo Bills,https://www.buffalorumblings.com,4 takeaways from Bills win over Panthers in first preseason game,"The Buffalo Bills beat the Carolina Panthers 29-14 in the first preseason game inside the new Highmark Stadium on Saturday afternoon, and the score was not indicative of how thoroughly the Bills dominated. Staffer Sean Murphy wrote his stock up/stock down piece immediately following the victory. It’s very good. You should read it. These were [&#8230;]",Chris Trapasso,2026-08-16T16:15:00-04:00,https://www.buffalorumblings.com/buffalo-bills-analysis/138577/4-takeaways-from-bills-win-over-panthers-in-first-preseason-game,2026-08-17T23:54:17.078586+00:00
Carolina Panthers,https://www.catscratchreader.com,2026 Season Opener Countdown: 27 Days Remaining,"Here at Cat Scratch Reader we have counted down the final 100 days leading up to the Carolina Panthers season opener for at least the past ten years. We’ve always done this by highlighting the current player on the roster whose jersey number matches the day on the countdown. This year, we decided to change [&#8230;]",D.A. Sweat,2026-08-17T07:00:00-04:00,https://www.catscratchreader.com/carolina-panthers-history/60159/2026-season-opener-countdown-27-days-remaining,2026-08-17T23:54:17.078586+00:00
Carolina Panthers,https://www.catscratchreader.com,The Scratching Post: 8/17-8/21,"Greetings, internet users. Welcome to The Scratching Post and the new year. Feel free to use this thread to chat about (almost) anything you want: video games, food, movies, non-football sports, you name it. As long as it’s allowed by the site’s ToS, it’s fair game here. You know the drill. This is now an [&#8230;]",Walker Clement,2026-08-17T06:00:00-04:00,https://www.catscratchreader.com/the-scratching-post/60397/the-scratching-post-8-17-8-21,2026-08-17T23:54:17.078586+00:00
Chicago Bears,https://www.windycitygridiron.com,Kyle Monangai Injury Update and Bears Announce 4 Roster Moves,"In case you missed it, Chicago Bears running back Kyle Monangai injured his knee in practice yesterday, and earlier today, ESPN’s Jeremy Fowler shared an update on social media, calling it a hyperextension. He added that Monangai is “Expected to miss multiple weeks, but per the MRI, the outcome is considered positive.” The most positive aspect [&#8230;]",Lester A. Wiltfong Jr.,2026-08-17T19:28:34-04:00,https://www.windycitygridiron.com/chicago-bears-injuries/120819/kyle-monangai-injury-update-and-bears-announce-4-roster-moves,2026-08-17T23:54:17.078586+00:00
Chicago Bears,https://www.windycitygridiron.com,Chicago Bears Sign Defensive End Marcus Davenport,"For the entirety of the offseason the Chicago Bears largely stood pat with their defensive line. Today brings an entirely new face to the lineup as well as a reunion between a veteran and his former coach. As first reported by Matt Zenitz of CBS Sports, and now officially announced by the team, the Bears [&#8230;]",Erik Duerrwaechter,2026-08-17T14:17:08-04:00,https://www.windycitygridiron.com/chicago-bears-analysis/120800/report-chicago-bears-expected-to-sign-marcus-davenport,2026-08-17T23:54:17.078586+00:00
Chicago Bears,https://www.windycitygridiron.com,Depth in the Trenches: Notes from the Bears win over the Browns,"The Chicago Bears have long struggled to maintain a quality offensive line, but under Ben Johnson there seems to be a true push to have quality starters and meaningful depth throughout the line. However, it’s not enough to simply have names, those names have to be attached to players who can answer the bell. Every [&#8230;]",Josh Sunderbruch,2026-08-17T13:00:00-04:00,https://www.windycitygridiron.com/chicago-bears-analysis/120788/depth-in-the-trenches-notes-from-the-bears-win-over-the-browns,2026-08-17T23:54:17.078586+00:00
Chicago Bears,https://www.windycitygridiron.com,An Odyssey for Beef on Chicago’s Defensive Line,"Throughout the entire offseason and preseason, there have been countless stories about the Chicago Bears and the state of their defensive line. Earlier in the spring came news and confirmation that general manager Ryan Poles inquired about Las Vegas Raiders All-Pro defensive end Maxx Crosby. Shortly thereafter came speculation on Arizona Cardinals Pro Bowl EDGE [&#8230;]",Erik Duerrwaechter,2026-08-17T08:30:00-04:00,https://www.windycitygridiron.com/chicago-bears-rumors/120658/chicago-bears-trade-rumors-an-odyssey-for-beef-on-chicagos-defensive-line,2026-08-17T23:54:17.078586+00:00
Chicago Bears,https://www.windycitygridiron.com,"Chicago Bears News: Ozzy Trapilo back, Kyle Monangai injured","Here’s your daily heaping helping of all the Chicago Bears news that’s fit to share, what’s going on with the NFL and, of course, a look at The Enemy. Ozzy Trapillo, somehow, is back from injury and was activated by the Bears this weekend. At the same time, Kyle Monangai limped off out of practice [&#8230;]",Ken Mitchell,2026-08-17T06:00:00-04:00,https://www.windycitygridiron.com/chicago-bears-news/120726/chicago-bears-news-ozzy-trapilo-back-kyle-monangai-injured-preseason,2026-08-17T23:54:17.078586+00:00
Chicago Bears,https://www.windycitygridiron.com,"Xavier Woods Injury, When It May Have Occurred","The Chicago Bears suffered some more bad luck to the defensive back department on Saturday when new safety Xavier Woods sustained what we know to be a groin injury. Woods was signed by the Bears on August 7 following a significant injury to Coby Bryant, who is slated to miss 4-6 months. Woods has started [&#8230;]",Ryan Droste,2026-08-17T00:27:31-04:00,https://www.windycitygridiron.com/chicago-bears-injuries/120780/xavier-woods-chicago-bears-injury-when-it-may-have-occurred,2026-08-17T23:54:17.078586+00:00
Chicago Bears,https://www.windycitygridiron.com,Bears Injury Update for Kyle Monangai and some Ozzy Trapilo video,"The Chicago Bears held practice today at Halas Hall, and running back Kyle Monangai left after injuring his knee. CHGO&#8217;s Adam Hoge shared a recap of what happened on social media. &#8220;Tough moment in today&#8217;s practice as Bears RB Kyle Monangai suffered what appeared to be a right knee injury when Grady Jarrett tackled him [&#8230;]",Lester A. Wiltfong Jr.,2026-08-16T19:57:16-04:00,https://www.windycitygridiron.com/chicago-bears-injuries/120760/bears-injury-update-for-kyle-monangai-and-some-ozzy-trapilo-video,2026-08-17T23:54:17.078586+00:00
Cincinnati Bengals,https://www.cincyjungle.com,ESPN’s Mina Kimes and Ben Solak predict Joe Burrow will win MVP,"As successful as he’s been in Cincinnati, Joe Burrow has yet to reach his full potential. Part of that is due to injuries. Part of that is due to terrible offensive lines. And part of that is due to poor defensive play the last couple of years. Now that all three of those issues seem [&#8230;]",Dadio Makdook,2026-08-17T10:26:22-04:00,https://www.cincyjungle.com/cincinnati-bengals-discussion/196393/espn-mina-kimes-ben-solak-joe-burrow-mvp,2026-08-17T23:54:17.078586+00:00
Cincinnati Bengals,https://www.cincyjungle.com,Bengals News: Jeff Blake breaks down Joe Burrow,"Former Cincinnati Bengal quarterback Jeff Blake attended practice recently. He had a very good breakdown of Joe Burrow’s game while also making a prediction most fans are hoping for as well. &#8220;He&#8217;s got a tight throwing motion, really good mechanics, generates a lot of power in his throws, and he&#8217;s really accurate,&#8221; Blake told Dan [&#8230;]",Patrick Judis,2026-08-17T07:00:00-04:00,https://www.cincyjungle.com/cincinnati-bengals-news/196388/jeff-blake-breaks-down-joe-burrow,2026-08-17T23:54:17.078586+00:00
Cincinnati Bengals,https://www.cincyjungle.com,Dexter Lawrence knows what his job is with the Bengals,"It’s not just Dexter Lawrence being a great football player that makes it clear why the Bengals made the bold move to trade for him in mid-April. Lawrence is an incredible leader, and he is very confident and secure in himself. He knows what his role needs to be with the Bengals. If you need [&#8230;]",Alex Frank,2026-08-17T06:30:00-04:00,https://www.cincyjungle.com/cincinnati-bengals-analysis/196250/dexter-lawrence-knows-what-his-job-is,2026-08-17T23:54:17.078586+00:00
Cincinnati Bengals,https://www.cincyjungle.com,Joe Burrow believes the time is now for the Cincinnati Bengals,"The hype around the 2026 Cincinnati Bengals team is building more and more each day as the new season quickly approaches. The Bengals reconstructed the defensive side of the ball and kept the offense entirely intact for the 2026 season. It is clear the front office went all in this offseason, and the ball is [&#8230;]",Patrick Carey,2026-08-17T06:05:00-04:00,https://www.cincyjungle.com/cincinnati-bengals-analysis/195770/joe-burrow-believes-time-is-now,2026-08-17T23:54:17.078586+00:00
Cleveland Browns,https://www.dawgsbynature.com,Browns have mixed bag of reps on offense across positions in first preseason game,"This offseason, the wide receiver position has been the talk of camp for its performance, which contrasts heavily from a year ago. That continued into the first preseason game. As for the quarterback performances? It was certainly mixed, but a turnover from each quarterback didn’t help matters. After a 10-0 start, the Browns were shut [&#8230;]",Chris Pokorny,2026-08-17T18:35:54-04:00,https://www.dawgsbynature.com/cleveland-browns-analysis/130475/browns-have-mixed-bag-of-reps-on-offense-across-positions-in-first-preseason-game,2026-08-17T23:54:17.078586+00:00
Cleveland Browns,https://www.dawgsbynature.com,Cleveland Browns Training Camp Recap: Day 14 &#8211; The big week ahead,"Day 14 of Cleveland Browns training camp took place Monday, August 17. It’s a big week ahead in the quarterback competition. Cleveland Browns Training Camp Report &#8211; Day 14 (8/17/26) 1. Reps Plan for the Week: The Browns have a few regular practice sessions this week, including today. On Thursday, though, they have the joint [&#8230;]",Chris Pokorny,2026-08-17T17:51:12-04:00,https://www.dawgsbynature.com/cleveland-browns-news/130439/cleveland-browns-training-camp-recap-day-14-the-big-week-ahead,2026-08-17T23:54:17.078586+00:00
Cleveland Browns,https://www.dawgsbynature.com,Za’Darius Smith free agency update: Could spurn Browns for former coach,"Uh, oh. Here we go again, perhaps. Sunday afternoon, we covered a report that former Cleveland Browns DE Za’Darius Smith was expected to rejoin the team after a visit to Berea. Smith seemed a bit confused by that report, as he commented on social media that he had another workout lined up with another team [&#8230;]",Jared Mueller,2026-08-17T17:27:50-04:00,https://www.dawgsbynature.com/cleveland-browns-roster/130458/zadarius-smith-free-agency-rumor-falcons-kevin-stefanski,2026-08-17T23:54:17.078586+00:00
Cleveland Browns,https://www.dawgsbynature.com,Browns rookie Spencer Fano gets love from national analyst after 1st preseason game: Video,"While the headlines are almost always about the quarterbacks, the meat and potatoes of a good team is almost always about the offensive and defensive lines as well as that team’s first-round picks. In OT Spencer Fano, the Cleveland Browns have both to evaluate this season. Can the first offensive lineman taken in the 2026 [&#8230;]",Jared Mueller,2026-08-17T16:09:02-04:00,https://www.dawgsbynature.com/cleveland-browns-nfl-draft/130452/browns-rookie-spencer-fano-bears-nfl-draft-analysis,2026-08-17T23:54:17.078586+00:00
Cleveland Browns,https://www.dawgsbynature.com,Browns vs Bears went worse than expected for Cleveland,"The Cleveland Browns loss to the Chicago Bears in Week 1 of the 2026 preseason was meaningless, at least as meaningless as any game can be that could impact the starting quarterback for the upcoming season. The Browns had some positives and some negatives against the Bears, but questions remain at a variety of positions [&#8230;]",Jared Mueller,2026-08-17T15:45:20-04:00,https://www.dawgsbynature.com/cleveland-browns-discussion/130448/browns-vs-bears-went-worse-than-expected-for-cleveland,2026-08-17T23:54:17.078586+00:00
Cleveland Browns,https://www.dawgsbynature.com,"Cleveland Browns news: QB competition update, Za’Darius Smith returning? Bills schedule","The Cleveland Browns return to the practice field on Monday, following a day off after losing to the Chicago Bears in Todd Monken’s debut as an NFL head coach. Nothing was really decided against the Bears, but this week versus the Buffalo Bills could be a big one. Browns coverage from DBN: You too can [&#8230;]",Jared Mueller,2026-08-17T06:00:00-04:00,https://www.dawgsbynature.com/cleveland-browns-news/130423/cleveland-browns-news-qb-competition-zadarius-smith-bills-schedule,2026-08-17T23:54:17.078586+00:00
Cleveland Browns,https://www.dawgsbynature.com,"ESPN reporter updates Browns QB battle between Deshaun Watson, Shedeur Sanders","One game down, and it seems like Cleveland Browns HC Todd Monken is sticking to his word in giving both QBs Deshaun Watson and Shedeur Sanders a chance to start a preseason game before making a decision about who is the team’s starting quarterback. Neither did much to separate themselves against the Chicago Bears, with [&#8230;]",Jared Mueller,2026-08-16T18:41:59-04:00,https://www.dawgsbynature.com/cleveland-browns-news/130420/espn-browns-qb-competition-deshaun-watson-shedeur-sanders,2026-08-17T23:54:17.078586+00:00
Dallas Cowboys,https://www.bloggingtheboys.com,Cowboys 2026 training camp practice #11 live thread: Updates and open discussion,"The&#160;Dallas Cowboys&#160;hold their eleventh training camp practice out in Oxnard, California. We open these discussion threads for every practice so that the&#160;Blogging The Boys&#160;community will have a place to congregate and discuss what is going on out at practice. Unfortunately, dropping a Twitter List into this page no longer functions the way that it used [&#8230;]",David Halprin,2026-08-17T17:30:00-04:00,https://www.bloggingtheboys.com/dallas-cowboys-training-camp/214402/2026-training-camp-practice-11-live-thread-updates-open-discussion,2026-08-17T23:54:17.078586+00:00
Dallas Cowboys,https://www.bloggingtheboys.com,Cowboys countdown to kickoff: Top 100 iconic games &#8211; Day 27,It is Day 27 of our 100-day countdown to kickoff. We are looking back at the 100 most iconic games in Dallas Cowboys history. The countdown will leads us right up to the opening game of 2026. Our look back doesn’t depend on just one criteria for our rankings. We take into consideration things like [&#8230;],Mike Poland,2026-08-17T17:00:00-04:00,https://www.bloggingtheboys.com/dallas-cowboys-history/214399/countdown-to-kickoff-top-100-iconic-games-day-27,2026-08-17T23:54:17.078586+00:00
Dallas Cowboys,https://www.bloggingtheboys.com,Cowboys have history of UDFA receivers succeeding in camp,"It wouldn’t be a Dallas Cowboys preseason if there wasn’t an undrafted wide receiver capturing everyone’s attention. How many times have we heard training camp stories about [insert UDFA WR here] making incredible catches in drills? And then sometimes it goes even further as some will get chances to run with the first team, and [&#8230;]",Dan Rogers,2026-08-17T15:30:00-04:00,https://www.bloggingtheboys.com/dallas-cowboys-preseason/214293/history-training-camp-wide-receivers-camden-brown,2026-08-17T23:54:17.078586+00:00
Dallas Cowboys,https://www.bloggingtheboys.com,Cowboys roster move: Traeshon Holden cut to make room for Von Miller,"What goes up must come down, and that is true for rosters in the NFL. The Dallas Cowboys signed Von Miller on Sunday evening and that put them one player over their allotted 90-man roster (Dallas actually has 91 thanks to Adedayo Odeleye who is allowed as a result of the NFL International Player Pathway) [&#8230;]",RJ Ochoa,2026-08-17T14:12:55-04:00,https://www.bloggingtheboys.com/dallas-cowboys-roster/214442/traeshon-holden-cut-von-miller,2026-08-17T23:54:17.078586+00:00
Dallas Cowboys,https://www.bloggingtheboys.com,Grade the Cowboys signing of free agent Von Miller,"The Dallas Cowboys made a move to try and upgrade their defense. It wasn’t some big trade that Jerry Jones seemed to be hinting at a few weeks ago, but it is a big name. Dallas has brought in OLB/pass-rusher Von Miller on a one-year contract for $5.5 million, with a max of $7.5 million. [&#8230;]",David Halprin,2026-08-17T13:15:00-04:00,https://www.bloggingtheboys.com/dallas-cowboys-roster/24481002/grade-signing-free-agent-von-miller,2026-08-17T23:54:17.078586+00:00
Dallas Cowboys,https://www.bloggingtheboys.com,A sneaky reason why the Von Miller signing is awesome,The Dallas Cowboys are all-in… in one way. Jerry Jones once infamously tried to twist what that expression meant and I will stop myself while I am ahead. Word broke on Sunday evening that America’s Team is bringing in veteran pass rusher Von Miller and the move is the latest example of the Cowboys giving [&#8230;],RJ Ochoa,2026-08-17T12:00:00-04:00,https://www.bloggingtheboys.com/dallas-cowboys-roster/214355/von-miller-signing-christian-parker-defense,2026-08-17T23:54:17.078586+00:00
Dallas Cowboys,https://www.bloggingtheboys.com,4 Cowboys UDFAs who popped in first preseason game,"Preseason is a weird time in the football year when individual success matters more than wins or losses. While the Cowboys did get a victory Saturday night in Seattle, the players are more concerned with how they personally contributed to that outcome, and especially if they’re still fighting for roster spots. For four of Dallas’ [&#8230;]",Jess Haynie,2026-08-17T11:00:00-04:00,https://www.bloggingtheboys.com/dallas-cowboys-preseason/214311/4-udfas-seahawks-preseason-game-roster-spot,2026-08-17T23:54:17.078586+00:00
Dallas Cowboys,https://www.bloggingtheboys.com,Why Von Miller is a good fit for the Cowboys defense,"The Dallas Cowboys have snagged themselves an edge rusher by signing Von Miller. The veteran pass-rusher has a decorated career, spending 10 years with the Denver Broncos, producing seven All-Pro seasons, and taking home Super Bowl 50 MVP. He’s bounced around in recent years, spending time with the Buffalo Bills, Los Angeles Rams, and most [&#8230;]",Dan Rogers,2026-08-17T10:00:00-04:00,https://www.bloggingtheboys.com/dallas-cowboys-roster/214361/von-miller-free-agent-signing-pass-rush,2026-08-17T23:54:17.078586+00:00
Dallas Cowboys,https://www.bloggingtheboys.com,Cowboys at Seahawks: Most surprising performances in win,"It doesn’t matter whether it&#8217;s preseason or not; it feels good to see the Dallas Cowboys win. After their terrific performance at practice against the Los Angeles Rams, the Cowboys carried that momentum into their preseason opener against the Seattle Seahawks. Things got off to an ominous start. Seattle marched down the field to capture [&#8230;]",LP Cruz,2026-08-17T09:00:00-04:00,https://www.bloggingtheboys.com/dallas-cowboys-preseason/214277/sam-howell-joe-milton-qb2-roster-battle,2026-08-17T23:54:17.078586+00:00
Dallas Cowboys,https://www.bloggingtheboys.com,Cowboys news: Takeaways from the first preseason game versus Seahawks,"It is good to have football back, even if it’s just preseason. There was still a lot to be optimistic about, as names like Michael Trigg, Malik Davis, and especially Camden Brown, impressed. However, it wasn’t all positive as the backup offensive line failed to provide the running backs with proper holes, special teams looked [&#8230;]",Aidan Davis,2026-08-17T07:00:00-04:00,https://www.bloggingtheboys.com/dallas-cowboys-news/214313/takeaways-first-preseason-game-seahawks,2026-08-17T23:54:17.078586+00:00
Denver Broncos,https://www.milehighreport.com,Who impressed the most in Broncos’ win over the Falcons?,"The Denver Broncos played quite well in their preseason 27-7 victory over the Atlanta Falcons last Friday. There were several standout performances form that game and that is the focus of this week’s survey. Who impressed the most? Vote in our Broncos’ fan survey. Welcome to SB Nation Reacts, a survey of fans across the [&#8230;]",Tim Lynch,2026-08-17T17:00:05-04:00,https://www.milehighreport.com/denver-broncos-preseason/182103/who-impressed-broncos-vs-falcons,2026-08-17T23:54:17.078586+00:00
Denver Broncos,https://www.milehighreport.com,Broncos at Falcons: The No Bull Preseason Review,"Preseason kicked off with a win Friday night for the Denver Broncos. While there was no Bo Nix to be seen, the product we did get to sink our teeth into looked, for all intents and purposes, like a well-oiled machine. The offense produced multiple good drives. The defense was smothering. The special teams unit [&#8230;]",sadaraine,2026-08-17T13:16:27-04:00,https://www.milehighreport.com/denver-broncos-preseason/182058/broncos-vs-falcons-no-bull-preseason-review,2026-08-17T23:54:17.078586+00:00
Detroit Lions,https://www.prideofdetroit.com,Lions injury updates: Good news for Jameson Williams,"Prior to their evening practice on Monday night, Detroit Lions coach Dan Campbell offered a couple of critically important injury updates. The first was on wide receiver Jameson Williams, who missed Sunday’s practice unexpectedly. Campbell said that the veteran receiver is dealing with a shoulder injury, but it’s considered minor. “He’s got a little shoulder [&#8230;]",Jeremy Reisman,2026-08-17T18:17:01-04:00,https://www.prideofdetroit.com/detroit-lions-injuries/169669/lions-injury-updates-good-news-for-jameson-williams,2026-08-17T23:54:17.078586+00:00
Detroit Lions,https://www.prideofdetroit.com,Welcome to the Pride: Anthony,"Editor’s Note: This is our intro post for Pride of Detroit’s newest writer, Anthony Balaj. If you’re familiar with me from Twitter/X, you probably know me as @BtwnTheNumbers, or Between The Numbers &#8211; Anthony. I’ve been writing and talking about the Detroit Lions there for a few years now, and I’m excited to officially be [&#8230;]",Anthony Balaj,2026-08-17T13:00:00-04:00,https://www.prideofdetroit.com/detroit-lions-news/169601/pride-of-detroit-new-hire-between-numbers-anthony,2026-08-17T23:54:17.078586+00:00
Detroit Lions,https://www.prideofdetroit.com,"Experts weigh in on Detroit Lions preseason debuts of Blake Miller, Seth McLaughlin","The Detroit Lions didn’t play most of their starters against the Cincinnati Bengals on Thursday, but there were a few very important players in action. First-round pick Blake Miller played for the entire first half. The Lions’ projected starting right tackle has had an up-and-down camp, which is to be expected when he’s lining up [&#8230;]",Jeremy Reisman,2026-08-17T11:00:00-04:00,https://www.prideofdetroit.com/detroit-lions-analysis/169400/experts-weigh-in-on-detroit-lions-preseason-debuts-of-blake-miller-seth-mclaughlin,2026-08-17T23:54:17.078586+00:00
Detroit Lions,https://www.prideofdetroit.com,"Detroit Lions roster bubble watch: Big questions at QB, WR","The Detroit Lions have some big roster decisions to make in the upcoming weeks. Roster cutdown day is less than two weeks away, and time is running out to evaluate their players. On offense, Detroit has a conundrum at quarterback after Teddy Bridgewater’s retirement. But it’s a good conundrum, because both Luke Altmyer and Josh [&#8230;]",Jeremy Reisman,2026-08-17T09:06:45-04:00,https://www.prideofdetroit.com/detroit-lions-analysis/169571/detroit-lions-roster-bubble-watch-big-questions-at-qb-wr,2026-08-17T23:54:17.078586+00:00
Detroit Lions,https://www.prideofdetroit.com,2026 Detroit Lions 53-man roster prediction: Post-preseason Week 1,"The Detroit Lions walked away from their preseason game against the Cincinnati Bengals with a loss. Despite falling to 0-1 in the never-important preseason standings, it was a learning experience for all involved. Players got their first live reps of the 2026 season, coaches gained insight on their roster, fans got a look at new [&#8230;]",John Whiticar,2026-08-17T08:00:00-04:00,https://www.prideofdetroit.com/detroit-lions-analysis/169501/2026-detroit-lions-53-man-roster-prediction-post-preseason-week-1,2026-08-17T23:54:17.078586+00:00
Detroit Lions,https://www.prideofdetroit.com,Discussion: Which Detroit Lions should NOT play in the preseason?,"The Detroit Lions’ preparation for their second preseason game continues on Monday with their first night practice of training camp. That’s not the only thing that will be different this week. At least according to coach Dan Campbell’s comments earlier last week, the Lions will play their starters against the Washington Commanders on Saturday, the [&#8230;]",Jeremy Reisman,2026-08-17T07:00:00-04:00,https://www.prideofdetroit.com/detroit-lions-discussion/169559/which-detroit-lions-should-not-play-in-the-preseason,2026-08-17T23:54:17.078586+00:00
Green Bay Packers,https://www.acmepackingcompany.com,Will Trey Smack be the Packers’ long-term kicking answer?,"Welcome to SB Nation Reacts, a survey of fans across the NFL. Throughout the year we ask questions of the most plugged-in Packers fans and fans across the country. It was a tumultuous spring for Trey Smack, and the Green Bay Packers’ rookie kicker had his share of issues early in training camp as well. [&#8230;]","Evan ""Tex"" Western",2026-08-17T11:30:00-04:00,https://www.acmepackingcompany.com/green-bay-packers-discussion/84797/will-trey-smack-be-the-packers-long-term-kicking-answer,2026-08-17T23:54:17.078586+00:00
Green Bay Packers,https://www.acmepackingcompany.com,"Green Bay Packers News: Kraft returns, Nixon pouts, secondary makes plays","The Green Bay Packers got back to work over the weekend, holding a pair of practices following their preseason opener last Thursday. Saturday’s practice was closed to the public while Sunday’s was open, and there was no shortage of news coming out of the team’s facilities over the last 48 hours. First, and most encouraging, [&#8230;]","Evan ""Tex"" Western",2026-08-17T09:10:00-04:00,https://www.acmepackingcompany.com/green-bay-packers-news/84793/green-bay-packers-news-kraft-returns-nixon-pouts-secondary-makes-plays,2026-08-17T23:54:17.078586+00:00
Houston Texans,https://www.battleredblog.com,The future is bright for Texans TE Marlin Klein,"The Houston Texans had their first preseason game against the Los Angeles Chargers last week. Despite the loss, there are a few things that you can be excited about, and one of them is rookie tight end Marlin Klein. As soon as the game started, quarterback Davis Mills delivered a strike to Klein for a [&#8230;]",Nickschwager,2026-08-17T15:30:00-04:00,https://www.battleredblog.com/houston-texans-preseason/77056/the-future-is-bright-for-texans-te-marlin-klein,2026-08-17T23:54:17.078586+00:00
Houston Texans,https://www.battleredblog.com,Value of Things: What to expect from Brett Rypien,"For fans of a certain age, it becomes surreal to see sons of former legends currently playing. Brett Rypien is of course the son of former Redskins great Mark Rypien. Of course, when I say great it probably hyperbole. He led the Redskins to a Super Bowl, so I guess that makes him great. Is [&#8230;]",Scott Barzilla,2026-08-17T14:10:00-04:00,https://www.battleredblog.com/houston-texans-analysis/77050/value-of-things-what-to-expect-from-brett-rypien,2026-08-17T23:54:17.078586+00:00
Indianapolis Colts,https://www.stampedeblue.com,Colts Training Camp ‘Day 12’: Quick Hits,"The Indianapolis Colts were back at it Sunday for another late afternoon, early evening practice at Grand Park. With humid conditions, but largely no rain, it was held outdoors. Hopefully, everyone’s stayed safe throughout the state with the intense flooding. Let’s get to it! Colts Defense Gets Better of Offense Again Rookie LB CJ Allen [&#8230;]",Luke Schultheis,2026-08-16T23:05:03-04:00,https://www.stampedeblue.com/indianapolis-colts-training-camp/126533/colts-training-camp-day-12-quick-hits,2026-08-17T23:54:17.078586+00:00
Kansas City Chiefs,https://www.arrowheadpride.com,Chiefs training camp notebook Day 15: Offense is honing in on details,"Monday was the 15th full-team practice of Kansas City Chiefs training camp, a full-padded session that followed Saturday’s preseason opener, which ended in a 20-12 defeat to the Los Angeles Rams. An injury-status update from head coach Andy Reid can be found here. After the game, Reid’s biggest note of criticism for his team centered [&#8230;]",Ron Kopp Jr.,2026-08-17T15:15:00-04:00,https://www.arrowheadpride.com/kansas-city-chiefs-analysis/207857/chiefs-training-camp-notebook-day-15-offense-honing-details,2026-08-17T23:54:17.078586+00:00
Kansas City Chiefs,https://www.arrowheadpride.com,Andy Reid provides injury update after Monday’s Chiefs camp practice,"After the Kansas City Chiefs’ first preseason game of the 2026 campaign, head coach Andy Reid had just one injury to report: offensive tackle Chu Godrick sprained his ankle. Back at training camp on Monday, Godrick didn’t participate in practice. A few of his teammates along the offensive line eventually came off the field too. [&#8230;]",Ron Kopp Jr.,2026-08-17T13:00:00-04:00,https://www.arrowheadpride.com/kansas-city-chiefs-news/207846/andy-reid-provides-injury-update-mondays-chiefs-camp-practice,2026-08-17T23:54:17.078586+00:00
Kansas City Chiefs,https://www.arrowheadpride.com,Chiefs Preseason Week 1 snap count analysis: Jaden Hicks gets extended time,"Welcome back to Arrowhead Pride’s weekly snap-count analysis! During the preseason, we will shorten the analysis as it is difficult to make definitive statements based on the raw snap-count data. Still, let’s see what we can figure out about the Kansas City Chiefs when taking a closer look at playing time during the 20-12 loss [&#8230;]",Ron Kopp Jr.,2026-08-17T09:00:00-04:00,https://www.arrowheadpride.com/kansas-city-chiefs-analysis/207818/chiefs-preseason-week-1-snap-count-analysis-jaden-hicks-extended-time,2026-08-17T23:54:17.078586+00:00
Kansas City Chiefs,https://www.arrowheadpride.com,Chiefs News: Garrett Nussmeier makes a good impression in NFL debut,"The latest The Kansas City Chiefs’ 2026 draft class was ready to play a football game donning the red and gold for the first time on Saturday, and many fans had their eyes glued to those specific newcomers. Rookie running back Emmett Johnson was a standout; wide receiver Cyrus Allen made a highlight-reel catch, and [&#8230;]",Ron Kopp Jr.,2026-08-17T06:30:00-04:00,https://www.arrowheadpride.com/kansas-city-chiefs-news/207809/chiefs-news-andy-reid-garrett-nussmeiers-debut-handled-well,2026-08-17T23:54:17.078586+00:00
Kansas City Chiefs,https://www.arrowheadpride.com,Kansas City Chiefs roster,"Salary cap space All information shown is current as of&#160;6:00 p.m. Sunday, August 16. Current space:&#160;$4.2 million This includes the estimated salary cap impacts of all known signings and releases. More information about our cap space calculation is available below the tables. Please note: All NFL teams must remain below the salary cap between the [&#8230;]",Jared Sapp,2026-08-16T19:00:00-04:00,https://www.arrowheadpride.com/2020/4/7/21212402/kansas-city-chiefs-roster,2026-08-17T23:54:17.078586+00:00
Las Vegas Raiders,https://www.silverandblackpride.com,Ashton Jeanty working to improve in passing game during Las Vegas Raiders’ training camp,"What can get lost in Ashton Jeanty’s rookie season is that he was a productive pass-catcher out of the backfield, hauling in 55 catches for 346 yards and five touchdowns last year. All three of those figures were in the top 10 among running backs during the 2025 regular season, highlighted by his receiving touchdowns, [&#8230;]",Matt Holder,2026-08-17T15:02:00-04:00,https://www.silverandblackpride.com/las-vegas-raiders-preseason/135987/las-vegas-raiders-training-camp-ashton-jeanty-passing-game,2026-08-17T23:54:17.078586+00:00
Las Vegas Raiders,https://www.silverandblackpride.com,Jackson Powers-Johnson exits Las Vegas Raiders’ training camp practice with injury,"According to ESPN’s Ryan McFadden, Las Vegas Raiders’ offensive lineman Jackson Powers-Johnson exited Monday’s training camp practice with an apparent injury. McFadden noted that Powers-Johnson went down during the team’s red zone period and “quickly popped back up” before heading to the sideline and walking into the facility with a trainer once the period concluded. [&#8230;]",Matt Holder,2026-08-17T14:54:06-04:00,https://www.silverandblackpride.com/las-vegas-raiders-news/137057/las-vegas-raiders-news-training-camp-jackson-powers-johnson-injury,2026-08-17T23:54:17.078586+00:00
Las Vegas Raiders,https://www.silverandblackpride.com,"Las Vegas Raiders training camp stars Hezekiah Masses, Malik Benson face significant tests in Houston Texans joint practices","If we’re picking early winners from Las Vegas Raiders training camp, rookies Hezekiah Masses and Malik Benson have to be at the top of the list. Both were day three picks but have been the talk of camp with how much they’ve exceeded expectations, setting themselves up to compete for starting spots or at least [&#8230;]",Matt Holder,2026-08-17T13:08:00-04:00,https://www.silverandblackpride.com/las-vegas-raiders-preseason/136766/las-vegas-raiders-training-camp-texans-joint-practices-hezekiah-masses-malik-benson,2026-08-17T23:54:17.078586+00:00
Las Vegas Raiders,https://www.silverandblackpride.com,Top 5 first-time Pro Bowl candidates on Las Vegas Raiders’ roster,"While the Pro Bowl has lost its luster in recent years, the recognition still matters when it comes to contract negotiations and/or incentives. With training camp underway and the 2026 season right around the corner, let’s take a look at five players on the Las Vegas Raiders’ roster who could make their first appearance in [&#8230;]",Matt Holder,2026-08-17T11:03:00-04:00,https://www.silverandblackpride.com/las-vegas-raiders-roster/135327/las-vegas-raiders-roster-pro-bowl-candidates-kolton-miller,2026-08-17T23:54:17.078586+00:00
Las Vegas Raiders,https://www.silverandblackpride.com,Silver Minings: Darien Porter&#8217;s confidence is growing year 2,"The Las Vegas Raiders drafted Darien Porter in the third round of the 2025 NFL Draft. Porter was a wide receiver-turned-cornerback who put together one of the best statistical seasons for a college cornerback. He was hoping to take those talents to the league. In 2025, there were flashes of his talent, but the up-and-downs [&#8230;]",Marcus Johnson,2026-08-17T10:00:00-04:00,https://www.silverandblackpride.com/las-vegas-raiders-news/137027/silver-minings-darien-porters-confidence-is-growing-year-2,2026-08-17T23:54:17.078586+00:00
Las Vegas Raiders,https://www.silverandblackpride.com,Monday open thread,Head to the comments section to share your thoughts and join the conversation. You can sign up for a commenting account below and we have full-time moderators to enforce the Community Guidelines.,Bill Williamson,2026-08-17T09:07:00-04:00,https://www.silverandblackpride.com/las-vegas-raiders-discussion/129556/monday-open-thread,2026-08-17T23:54:17.078586+00:00
Los Angeles Rams,https://www.turfshowtimes.com,Liam Coen regrets decision to leave Rams after 2022 season,"Liam Coen was on The Pivot Podcast when he spoke about one of his biggest coaching regrets, and it boiled down to Coen leaving the Los Angeles Rams and Sean McVay at the end of the 2022 season after L.A. finished with a win/loss record of 5-12. 2022 was McVay’s only losing season with the [&#8230;]",Danny Stone,2026-08-17T14:17:00-04:00,https://www.turfshowtimes.com/los-angeles-rams-news/146298/rams-coen-pivot-buccaneers-jaguars-kentucky,2026-08-17T23:54:17.078586+00:00
Los Angeles Rams,https://www.turfshowtimes.com,Matthew Stafford ranked 1st on controversial top-10 list,"As the reigning MVP, Matthew Stafford is no stranger to being called the best quarterback in the NFL right now, but maybe the order behind him is up for debate. Dave Portnoy released his top-10 quarterbacks list on Monday and the L.A. Rams’ QB was first, unsurprisingly, but Lamar Jackson was nowhere to be found. [&#8230;]",Kenneth Arthur,2026-08-17T12:00:20-04:00,https://www.turfshowtimes.com/los-angeles-rams-news/146311/matthew-stafford-top-10-portnoy,2026-08-17T23:54:17.078586+00:00
Los Angeles Rams,https://www.turfshowtimes.com,What happened at Aaron Donald’s second Rams workout?,"Aaron Donald had another workout with the Los Angeles Rams this past Sunday, as he and the team continue to figure out if he can give the 2026 season an honest go. Many assume that Donald will be back with the Rams at some point, but he could decide that he wants to stay retired [&#8230;]",Danny Stone,2026-08-17T08:57:00-04:00,https://www.turfshowtimes.com/los-angeles-rams-news/146252/rams-donald-simpson-bennett-mcvay-preseason,2026-08-17T23:54:17.078586+00:00
Los Angeles Rams,https://www.turfshowtimes.com,Re-setting the Rams depth chart after first preseason game,"If Sean McVay is using the preseason to make a decision on who Matthew Stafford’s backup should be, then Ty Simpson has taken a lead over Stetson Bennett. The rookie was clearly the better quarterback of the two in Saturday’s preseason opener against the Chiefs, but will McVay stubbornly stick to Bennett, or go sign [&#8230;]",Venie Randy Soares,2026-08-16T20:30:00-04:00,https://www.turfshowtimes.com/los-angeles-rams-analysis/146280/l-a-rams-depth-chart-preseason-week-1,2026-08-17T23:54:17.078586+00:00
Los Angeles Rams,https://www.turfshowtimes.com,Aaron Donald completes 2nd official Rams workout,"Aaron Donald had his second official workout with the Los Angeles Rams on Sunday, adding another chapter to what has become one of the biggest NFL storylines of the summer. ESPN’s Adam Schefter reported the latest development via the league’s transaction wire, providing another indication that Donald is seriously considering a return to the team [&#8230;]",Steven Ridings,2026-08-16T19:03:05-04:00,https://www.turfshowtimes.com/los-angeles-rams-rumors/146273/rams-aaron-donald-nfl-transaction-wire-2nd-official-workout,2026-08-17T23:54:17.078586+00:00
Los Angeles Rams,https://www.turfshowtimes.com,Rams make surprising addition to roster on Sunday,"The Los Angeles Rams signed punter Jack Bouwmeester on Sunday, giving them two on the 90-man roster headed into their second preseason game against the New Orleans Saints this week. Bouwmeester is Australian and qualifies for the league’s international pathway program exemption, meaning that the Rams can control his rights without him counting against their [&#8230;]",Kenneth Arthur,2026-08-16T18:51:43-04:00,https://www.turfshowtimes.com/los-angeles-rams-depth-chart/146271/rams-free-agent-signing-punter,2026-08-17T23:54:17.078586+00:00
Los Angeles Rams,https://www.turfshowtimes.com,Myth busting narratives surrounding Ty Simpson’s NFL debut,It’s true that Los Angeles Rams rookie quarterback aced his first NFL game. The first round pick led LA to a victory over the Kansas City Chiefs on Saturday. Simpson was accurate on over 90% of his throws. He demonstrated a level of mobility that is foreign to recent Rams quarterbacks. Simpson’s arm strength was [&#8230;],JB Scott,2026-08-16T18:36:20-04:00,https://www.turfshowtimes.com/los-angeles-rams-preseason/146263/ty-simpson-debut-rams-stetson-bennett,2026-08-17T23:54:17.078586+00:00
Miami Dolphins,https://www.thephinsider.com,Dolphins sign defensive lineman; waive safety,New Miami Dolphins general manager Jon-Eric Sullivan was busy churning the bottom of the team’s roster again on Monday — signing defensive lineman Cam Rice while waiving safety Tanner Wall in a corresponding move. Here’s what Miami’s team website had to say about Rice’s accomplishments: “Rice finished his collegiate career at Maryland (2025) after spending one [&#8230;],Marek Brave,2026-08-17T16:45:54-04:00,https://www.thephinsider.com/miami-dolphins-news/121662/dolphins-sign-defensive-lineman-waive-safety,2026-08-17T23:54:17.078586+00:00
Miami Dolphins,https://www.thephinsider.com,Does Quinn Ewers’ performance this year matter?,"The Miami Dolphins lost to the Washington Commanders on Friday in the opening round of the preseason for 2026. The results of the game itself really do no matter in the long run, but rather the play of the individual players and the position groups is the biggest take away from the night. There was [&#8230;]",Kevin Nogle,2026-08-17T13:27:30-04:00,https://www.thephinsider.com/miami-dolphins-discussion/121581/miami-dolphins-2026-preseason-quinn-ewers-struggles-veteran-options-malik-willis,2026-08-17T23:54:17.078586+00:00
Miami Dolphins,https://www.thephinsider.com,Dolphins activate receiver Chris Bell off of non-football injury list,"On Friday, Miami Dolphins rookie wide receiver Caleb Douglas had an impressive performance in the team’s first preseason game of the 2026 NFL season. On Monday, the Dolphins announced that fellow third-round pass catcher, Chris Bell, would soon join his draft-mate on the practice fields in Miami Gardens. Bell — the second receiver drafted by [&#8230;]",Marek Brave,2026-08-17T11:33:49-04:00,https://www.thephinsider.com/miami-dolphins-injuries/121632/dolphins-activate-receiver-chris-bell-off-of-non-football-injury-list,2026-08-17T23:54:17.078586+00:00
Miami Dolphins,https://www.thephinsider.com,Miami Dolphins news: Overreaction Saturday takes a look back at Miami’s preseason loss to Commanders,"The Miami Dolphins may have left their visit with the Washington Commanders officially carrying a loss from their preseason meeting and unofficially from their joint practice, but an early preseason meeting isn&#8217;t all about the overall stats. The Dolphins, the youngest team in the NFL, including 13 drafted rookies this year, are trying to establish [&#8230;]",Kevin Nogle,2026-08-17T07:55:47-04:00,https://www.thephinsider.com/miami-dolphins-news/121618/miami-dolphins-training-camp-news-updates-physicality-vs-commanders-injuries-quinn-ewers,2026-08-17T23:54:17.078586+00:00
Miami Dolphins,https://www.thephinsider.com,Dolphins Fans On The First Preseason Game,"Following our Miami Dolphins&#8217; first preseason contest against the Washington Commanders this past Friday evening, I asked the following question: What were your takeaways from last night’s preseason game between our Miami Dolphins and the Washington Commanders? What were the positives and negatives that you saw? What was encouraging, and what has to be addressed/hopefully [&#8230;]",James McKinney,2026-08-16T20:00:00-04:00,https://www.thephinsider.com/miami-dolphins-preseason-2/121612/dolphins-fans-on-the-first-preseason-game,2026-08-17T23:54:17.078586+00:00
Minnesota Vikings,https://www.dailynorseman.com,Jamal Adams’ Knee Injury Confirmed as Season-Ending,"We were expecting the worst when we saw safety/linebacker Jamal Adams get carted off the field in the second quarter of the Minnesota Vikings’ 13-10 preseason win over the New York Giants on Saturday afternoon at MetLife Stadium. Sadly, those expectations were confirmed a short time ago. Ian Rapoport of the NFL Network has confirmed [&#8230;]",Christopher Gates,2026-08-16T20:22:35-04:00,https://www.dailynorseman.com/minnesota-vikings-news/98204/jamal-adams-knee-injury-confirmed-season-ending-minnesota-ending,2026-08-17T23:54:17.078586+00:00
New England Patriots,https://www.patspulpit.com,5 performances of note from the Patriots’ 17th training camp practice,"Coming off a walkthrough on Monday, the New England Patriots increased the intensity and competition again on Tuesday. The full-padded session lasted about 90 minutes and featured plenty of full-team work. To recap the 17th practice of the summer, please head over to our Patriots training camp notebook. In the meantime, here is who caught [&#8230;]",Brian Hines,2026-08-17T19:09:43-04:00,https://www.patspulpit.com/new-england-patriots-training-camp/133648/winners-losers-patriots-training-camp-practice-monday,2026-08-17T23:54:17.078586+00:00
New England Patriots,https://www.patspulpit.com,Patriots announce date for Rob Gronkowski Hall of Fame induction,"One of the best players in NFL history will take his rightful spot in the New England Patriots’ Hall of Fame later this year. Rob Gronkowski, the most productive tight end to ever wear the franchise’s uniform, will be inducted in a public ceremony on November 7. The event will take place at the Patriot [&#8230;]",Bernd Buchmasser,2026-08-17T17:48:01-04:00,https://www.patspulpit.com/new-england-patriots-news/133631/rob-gronkowski-date-hall-of-fame-induction-ceremony,2026-08-17T23:54:17.078586+00:00
New England Patriots,https://www.patspulpit.com,"Cory Durden’s voice, game continue to grow in New England","Cory Durden isn’t afraid to be heard on the football field. So much so that there are times his own head coach needs to tell him to quiet down. “I’ve got to try to shut Cory Durden up,” Mike Vrabel said. “I’m like, ‘OK, Cory, you made your point.’ ” Those interactions were not taking [&#8230;]",Brian Hines,2026-08-17T14:49:38-04:00,https://www.patspulpit.com/new-england-patriots-news/133624/cory-durdens-voice-game-continue-to-grow-in-new-england,2026-08-17T23:54:17.078586+00:00
New England Patriots,https://www.patspulpit.com,Patriots training camp recap: New wide receivers continue to impress,"Following a walkthrough on Sunday, the New England Patriots were back on the practice fields for the third straight day on Monday and ramped the intensity back up. Here’s what went down on the practice fields behind Gillette Stadium. Setting Attire:&#160;Full pads Duration:&#160;ca. 90 minutes (10:15 a.m.-12:15 p.m. ET) Conditions: Cloudy, temperatures in the low 70s [&#8230;]",Brian Hines,2026-08-17T13:12:53-04:00,https://www.patspulpit.com/new-england-patriots-training-camp/24480985/patriots-training-camp-recap-new-wide-receivers-continue-to-impress,2026-08-17T23:54:17.078586+00:00
New England Patriots,https://www.patspulpit.com,"Patriots News: Camp recaps, who impressed, depth shakeups",TEAM TALK LOCAL LINKS NATIONAL NEWS,Marima,2026-08-17T08:39:39-04:00,https://www.patspulpit.com/new-england-patriots-news/133466/patriots-news-camp-recaps-impressed-depth-shakeups,2026-08-17T23:54:17.078586+00:00
New England Patriots,https://www.patspulpit.com,Efton Chism making sure wide receiver decisions will be difficult for Patriots,"If Efton Chism ends up falling short of the New England Patriots’ 53-man roster, it won’t be because of a lack of trying. An understudy to teammate Mack Hollins, whose own work ethic has been well-documented through the years, Chism has impressed the Patriots preparing for his second season in the NFL. Naturally, the club [&#8230;]",Bernd Buchmasser,2026-08-17T08:00:00-04:00,https://www.patspulpit.com/new-england-patriots-training-camp/133604/efton-chism-work-ethic-comparison-jabrill-peppers,2026-08-17T23:54:17.078586+00:00
New England Patriots,https://www.patspulpit.com,Kayshon Boutte has left a lasting impression on Patriots’ receivers coach,"Kayshon Boutte’s name has been mentioned in trade rumors going back to last season, meaning he has spent a significant portion of his professional career so far in a state of relative uncertainty. And yet, the New England Patriots wide receiver has been a model citizen. In fact, Boutte’s professionalism has left a lasting impression [&#8230;]",Bernd Buchmasser,2026-08-17T07:00:00-04:00,https://www.patspulpit.com/new-england-patriots-news/133595/kayshon-boutte-lasting-impression-wide-receivers-coach-todd-downing,2026-08-17T23:54:17.078586+00:00
New England Patriots,https://www.patspulpit.com,New Patriots running back ‘excited’ to reunite with Mike Vrabel,"Hassan Haskins’ path to his first preseason contest with the New England Patriots wasn’t a typical one. New England signed the free-agent running back on Wednesday, just one day before its preseason opener against the Indianapolis Colts. It’s an opportunity that Haskins is excited for with the chance to reunite with head coach Mike Vrabel. [&#8230;]",Andrew Guindon,2026-08-17T06:00:00-04:00,https://www.patspulpit.com/new-england-patriots-news/133576/hassan-haskins-excited-reunion-with-mike-vrabel-patriot,2026-08-17T23:54:17.078586+00:00
New England Patriots,https://www.patspulpit.com,Contract details for Hunter Henry extension with Patriots,"While all eyes were on Christian Gonzalez, the New England Patriots quietly reached a contract extension with another key player. Tight end Hunter Henry, who was set to enter unrestricted free agency next March, put his signature under a two-year, $16 million pact last week. As the deal’s details reported by salary cap expert Miguel [&#8230;]",Bernd Buchmasser,2026-08-17T05:00:00-04:00,https://www.patspulpit.com/new-england-patriots-salary-cap/133600/contract-details-hunter-henry-extension,2026-08-17T23:54:17.078586+00:00
New England Patriots,https://www.patspulpit.com,6 performances of note from the Patriots’ 16th training camp practice,"The New England Patriots turned back the intensity on Sunday. After a full pads session on Saturday and another expected to come on Monday, head coach Mike Vrabel opted for a walkthrough. To recap it, please head over to our Patriots training camp notebook. In the meantime, here is who caught our eyes. Standout of [&#8230;]",Brian Hines,2026-08-16T19:15:24-04:00,https://www.patspulpit.com/new-england-patriots-training-camp/133589/winners-losers-patriots-training-camp-practice-monday,2026-08-17T23:54:17.078586+00:00
New Orleans Saints,https://www.canalstreetchronicles.com,Preseason Week 1: Saints vs. Jaguars- Social media reactions,"The New Orleans Saints officially began their 60th season as an NFL franchise on Saturday with their first preseason matchup against the Jacksonville Jaguars. Although the Saints would ultimately fall in the exhibition 24-20, this week’s contest allowed both coaching staffs a glimpse at players who would normally not get many reps, while fans could [&#8230;]",Jason Watson Jr,2026-08-17T10:00:00-04:00,https://www.canalstreetchronicles.com/new-orleans-saints-discussion/113056/preseason-week-1-saints-vs-jaguars-social-media-reactions,2026-08-17T23:54:17.078586+00:00
New Orleans Saints,https://www.canalstreetchronicles.com,What are the odds? Saints open as 2-point favorites in the Week 2 preseason matchup at the Rams,"The New Orleans Saints hit the road for Week 2 of the 2026 preseason to face off against the&#160;Los Angeles Rams in SoFi Stadium on Saturday, August 22nd at 3 p.m. CT. The Saints come into this game after a 24-20 loss to the Jacksonville Jaguars on Saturday in the Caesars Superdome. According to FanDuel, [&#8230;]",Tina Howell,2026-08-17T09:07:59-04:00,https://www.canalstreetchronicles.com/nfl-preseason/112707/what-are-the-odds-saints-open-as-2-point-favorites-in-the-week-2-preseason-matchup-at-the-rams,2026-08-17T23:54:17.078586+00:00
New Orleans Saints,https://www.canalstreetchronicles.com,Ups and downs from Saints vs. Jaguars,"The New Orleans Saints dropped their first game of the preseason to the Jacksonville Jagaurs in a 24-20 loss. Despite dropping a 20-6 lead, the loss wasn’t all bad for New Orleans. As depth pieces begin to make more plays, the Saints roster will begin to fill out closer to the regular season. These are [&#8230;]",Kyle Besson,2026-08-16T19:57:02-04:00,https://www.canalstreetchronicles.com/new-orleans-saints-preseason/113048/ups-and-downs-from-saints-vs-jaguars,2026-08-17T23:54:17.078586+00:00
New York Giants,https://www.bigblueview.com,Roster move: RB Dante Miller waived/injured,The New York Giants have shifted out of Turbo mode. The team announced on Monday afternoon that they have waived running back Dante Miller (known to fans as ‘Turbo’) with an injury designation. Miller suffered a groin injury in the Giants’ 13-10 loss to the Minnesota Vikings. The Giants announced that Miller was waived as [&#8230;],Chris Pflum,2026-08-17T16:57:44-04:00,https://www.bigblueview.com/new-york-giants-roster/167986/roster-move-rb-dante-miller-waived-injured,2026-08-17T23:54:17.078586+00:00
New York Giants,https://www.bigblueview.com,NY Giants’ WR Malik Nabers takes big step in torn ACL recovery,"New York Giants wide receiver Malik Nabers on Monday participated in live 11-on-11 drills for the first this summer, taking a monumental step foward in his recovery from the torn ACL he suffered in Week 4 of the 2025 season. “My soul been dead for so long, just being away from the game,” Nabers said [&#8230;]",Ed Valentine,2026-08-17T16:27:34-04:00,https://www.bigblueview.com/new-york-giants-news/167973/malik-nabers-takes-big-step-in-torn-acl-recovery,2026-08-17T23:54:17.078586+00:00
New York Giants,https://www.bigblueview.com,Roster move: NY Giants add former Baltimore Ravens linebacker,"The New York Giants continued what is turning into a busy day of roster shuffling by reportedly signing former Baltimore Ravens linebacker Chandler Martin to a one-year contract, per Adam Schefter. Martin, 23, played three games for the Baltimore Ravens last season. He is coming off surgery for a torn ACL and is now cleared. [&#8230;]",Ed Valentine,2026-08-17T15:52:43-04:00,https://www.bigblueview.com/new-york-giants-roster/167961/roster-move-former-baltimore-ravens-linebacker-chandler-martin-signed,2026-08-17T23:54:17.078586+00:00
New York Giants,https://www.bigblueview.com,"NY Giants roster moves: QB Jake Haener signed, RB Najee Harris visiting","The New York Giants have signed quarterback Jake Haener, per a report from Mike Garafolo. At the same time, Adam Schefter is reporting that the Giants are hosting free agent running back Najee Harris for a visit. Haener came into the NFL as a fourth-round pick by the New Orleans Saints out of Fresno State [&#8230;]",Chris Pflum,2026-08-17T12:54:33-04:00,https://www.bigblueview.com/new-york-giants-roster/167949/qb-jake-haener-signed-rb-najee-harris-visiting-free-agency,2026-08-17T23:54:17.078586+00:00
New York Giants,https://www.bigblueview.com,Giants-Vikings All-22 review: First impressions don’t always tell the whole story,"As popular and unique as our ‘Kudos &#38; Wet Willies’ game review is, I recognize that the immediacy of it can sometimes lead to players being missed — postively or negatively — and that sometimes initial impressions without the benefit of a game replay can by misleading. In the past, when time has allowed, I [&#8230;]",Ed Valentine,2026-08-17T12:13:40-04:00,https://www.bigblueview.com/new-york-giants-analysis/167942/giants-vikings-all-22-review-first-impressions-dont-always-tell-the-whole-story,2026-08-17T23:54:17.078586+00:00
New York Giants,https://www.bigblueview.com,NY Giants coach John Harbaugh puzzled by big hit Jaxson Dart took vs. Vikings,New York Giants quarterback Jaxson Dart was “puzzled” about why he ended up undergoing a concussion check after taking a big hit to the midsection in Saturday’s preseason game againt the Minnesota Vikings. Head coach John Harbaugh was puzzled about how Dart got hit in the first place. “There&#8217;s no way he should have been [&#8230;],Ed Valentine,2026-08-17T08:30:00-04:00,https://www.bigblueview.com/new-york-giants-preseason/167909/john-harbaugh-puzzled-by-big-hit-jaxson-dart-took-vs-vikings,2026-08-17T23:54:17.078586+00:00
New York Giants,https://www.bigblueview.com,NY Giants’ Malik Nabers could progress to live team drills this week,"Malik Nabers’ workload promises to be the major story of the upcoming week for the New York Giants. The star wide receiver, coming back from a pair of surgeries to repair a torn ACL, could participate in team drills for the first time as early as Monday afternoon. Nabers wore a red jersey on Thursday [&#8230;]",Ed Valentine,2026-08-17T07:57:44-04:00,https://www.bigblueview.com/new-york-giants-news/167928/malik-nabers-injury-team-drills-preseason-week-2-miami-dolphins,2026-08-17T23:54:17.078586+00:00
New York Giants,https://www.bigblueview.com,"NY Giants news: Malachi Fields stock up, Tyrone Tracy stock down?","Good morning, New York Giants fans! Here are the Giants-related stories you need to know for Monday. Malachi Fields Just Showed The Giants What They’ve Been Missing &#124; New York Post Malachi Fields made an immediate impression in his first preseason action with the New York Giants, catching all three of his targets for 34 [&#8230;]",Ed Valentine,2026-08-17T06:00:00-04:00,https://www.bigblueview.com/new-york-giants-news/167922/malachi-fields-stock-up-tyrone-tracy-stock-down,2026-08-17T23:54:17.078586+00:00
New York Jets,https://www.ganggreennation.com,VIDEO: Breaking down Cade Klubnik’s preseason opening performance,I’m trying out something new here. I have put together a video breakdown of Cade Klubnik’s 7 passing attempts (and one sack) from the Jets’ preseason opener against the Tampa Bay Buccaneers. Depending on how things go I might use this format more this year. I know there’s a lot of interest in how Klubnik [&#8230;],John B,2026-08-17T16:45:00-04:00,https://www.ganggreennation.com/new-york-jets-analysis/95599/video-breaking-down-cade-klubniks-preseason-opening-performance,2026-08-17T23:54:17.078586+00:00
New York Jets,https://www.ganggreennation.com,Jets fans view 2026 as a rebuilding year,"The 2025 Jets stumbled to a 3-14 finish. After an offseason full of spending in free agency and four top 50 picks in the NFL Draft, how much higher expectations for 2026? If our most recent SB Nation Reacts poll is to be believed, not much. Last week we asked Jets fans where they expect [&#8230;]",John B,2026-08-17T13:48:07-04:00,https://www.ganggreennation.com/new-york-jets-discussion/95592/jets-fans-view-2026-as-a-rebuilding-year,2026-08-17T23:54:17.078586+00:00
New York Jets,https://www.ganggreennation.com,Early Winners and Losers from Training Camp,"The season is almost here. With just two preseason games to go training camp is in full swing. We’ve now got spring practices and a few weeks of training camp as data for the upcoming season. Obviously, winners and losers in training camp isn’t everything. We’ve all seen major training camp winners turn into duds [&#8230;]",newman104,2026-08-17T11:00:00-04:00,https://www.ganggreennation.com/new-york-jets-analysis/95571/early-winners-and-losers-from-training-camp,2026-08-17T23:54:17.078586+00:00
New York Jets,https://www.ganggreennation.com,New York Jets Flight Connections 08/17/26,"Good morning Gang Green Nation! It’s getting late in the game for roster spots on the New York Jets. In just 11 days the preseason will be over and final roster cuts will start to be made. Most of those decisions are probably already set in stone. A few areas may still be in flux, [&#8230;]",MacGregor Wells,2026-08-17T07:00:00-04:00,https://www.ganggreennation.com/new-york-jets-news/95580/new-york-jets-flight-connections-08-17-26,2026-08-17T23:54:17.078586+00:00
Philadelphia Eagles,https://www.bleedinggreennation.com,Eagles Training Camp Practice Notes: Positive signs from DeVonta Smith and Makai Lemon,"Today marked the twelfth Philadelphia Eagles training camp practice ahead of the 2026 NFL season. Here’s what I observed down at the Jefferson Health Training Complex! EAGLES PRACTICE NOTES UP NEXT: The Eagles have a walkthrough closed to media access on Tuesday before they ship up to Foxborough, Massachusetts for two joint training camp practice [&#8230;]",Brandon Lee Gowton,2026-08-17T19:12:12-04:00,https://www.bleedinggreennation.com/philadelphia-eagles-preseason/179699/eagles-training-camp-practice-notes-positive-signs-from-devonta-smith-and-makai-lemon,2026-08-17T23:54:17.078586+00:00
Philadelphia Eagles,https://www.bleedinggreennation.com,Eagles rookie report card: Ravens preseason game,"The Eagles lost their first preseason game. Not the biggest deal in the world, as it mostly matters that they go into the season healthy and confident in their roster. What Saturday’s game gave us some insight into, however, was where some young players stand. Here is how the rookies did in game one.  Makai [&#8230;]",Benjamin Natan,2026-08-17T18:20:46-04:00,https://www.bleedinggreennation.com/philadelphia-eagles-analysis/179694/eagles-rookie-report-card-ravens-preseason-game,2026-08-17T23:54:17.078586+00:00
Philadelphia Eagles,https://www.bleedinggreennation.com,Philadelphia Eagles training camp practice updates: Day 12,The Philadelphia Eagles’ 2026 training camp schedule resumes today. The Birds will get some work in today prior to a walkthrough and travel day on Tuesday with the team heading up to Massachusetts for two joint training camp practices against the New England Patriots on Wednesday and Thursday. Exciting! Here’s the schedule for Monday (all [&#8230;],Brandon Lee Gowton,2026-08-17T12:24:55-04:00,https://www.bleedinggreennation.com/philadelphia-eagles-preseason/179681/philadelphia-eagles-training-camp-practice-updates-day-12,2026-08-17T23:54:17.078586+00:00
Philadelphia Eagles,https://www.bleedinggreennation.com,"Eagles sign cornerback, cut Hollin Pierce","The Eagles continue to make changes to the roster following the teams first preseason game. Cornerback Jakorian Bennett left the game early against the Ravens due to injury, and now the Eagles are adding CB Isaiah Bolden to the room. They also waived OL Hollin Pierce to open up a spot for Bolden. Bolden was [&#8230;]",Alexis Chassen,2026-08-17T12:21:03-04:00,https://www.bleedinggreennation.com/news/179650/eagles-sign-cornerback-cut-hollin-pierce,2026-08-17T23:54:17.078586+00:00
Philadelphia Eagles,https://www.bleedinggreennation.com,Eagles News: NFL insider says members of the team are raving about Jalen Hurts’ effort to improve,Let’s get to the Philadelphia Eagles news and links … Jay Glazer &#8211; Twitter“Spent a couple days with the Eagles on my annual Glaze Across America NFL Training Camp Tour and the biggest takeaway I walked away with… the number of people at different areas of the team are raving about how much effort Jalen [&#8230;],Brandon Lee Gowton,2026-08-17T12:19:46-04:00,https://www.bleedinggreennation.com/news/179672/eagles-news-nfl-insider-says-members-of-the-team-are-raving-about-jalen-hurts-effort-to-improve,2026-08-17T23:54:17.078586+00:00
Philadelphia Eagles,https://www.bleedinggreennation.com,"Eagles-Ravens snap counts: Jihaad Campbell, a starter who was not rested",The official snap counts from the Philadelphia Eagles’ preseason loss to the Baltimore Ravens are in. Let’s take a look. OFFENSE DEFENSE SPECIAL TEAMS DID NOT PLAY,Brandon Lee Gowton,2026-08-17T11:57:13-04:00,https://www.bleedinggreennation.com/philadelphia-eagles-analysis/179614/eagles-ravens-snap-counts-jihaad-campbell-a-starter-who-was-not-rested,2026-08-17T23:54:17.078586+00:00
Pittsburgh Steelers,https://www.behindthesteelcurtain.com,Mike Tomlin set to appear on The Tonight Show with Jimmy Fallon,"Former Pittsburgh Steelers head coach Mike Tomlin is making the rounds on television, following his debut as part of the Sunday Night Football broadcast on NBC. His debut received rave reviews as his passion and knowledge for the game came through the television and provided analysis that is digestible for viewers of all levels. Tomlin [&#8230;]",Jason Aponte,2026-08-17T14:38:38-04:00,https://www.behindthesteelcurtain.com/pittsburgh-steelers-news/173535/mike-tomlin-set-to-appear-on-the-tonight-show-with-jimmy-fallon-pittsburgh-steelers,2026-08-17T23:54:17.078586+00:00
Pittsburgh Steelers,https://www.behindthesteelcurtain.com,Steelers news: We’re onto the Jets,"Following a preseason opener against a familiar foe for head coach Mike McCarthy, the Pittsburgh Steelers match up with Aaron Rodgers’ former team on Friday as the Steelers face the New York Jets. The news out of training camp is centered around D.K. Metcalf and Michael Pittman, Jr.‘s undisclosed injuries, which McCarthy believes will keep [&#8230;]",Jason Aponte,2026-08-17T13:16:50-04:00,https://www.behindthesteelcurtain.com/pittsburgh-steelers-news/173524/steelers-news-were-onto-the-jets-drew-allar-keeanu-benton,2026-08-17T23:54:17.078586+00:00
Pittsburgh Steelers,https://www.behindthesteelcurtain.com,Former Steelers RB Najee Harris visiting NFC team,"Former Pittsburgh Steelers running back Najee Harris is visiting the New York Giants, per Adam Schefter. Harris signed a one-year deal with the Los Angeles Chargers in 2025, but suffered a torn Achilles less than a month into the season after having never missed a game in his career. Harris was drafted in the first [&#8230;]",Jarrett Bailey,2026-08-17T13:02:37-04:00,https://www.behindthesteelcurtain.com/pittsburgh-steelers-news/173520/former-steelers-rb-najee-harris-visiting-nfc-team-new-york-giants,2026-08-17T23:54:17.078586+00:00
Pittsburgh Steelers,https://www.behindthesteelcurtain.com,Mike McCarthy ends speculation on Steelers’ future at St. Vincent College,"The Pittsburgh Steelers have officially wrapped up training camp, with their final practice on Monday being cancelled due to inclement weather. Much was made of several current and former Steelers discussing going to St. Vincent College for training camp over the last handful of week.s Former head coach Mike Tomlin made it clear he doesn’t [&#8230;]",Jarrett Bailey,2026-08-17T12:20:35-04:00,https://www.behindthesteelcurtain.com/pittsburgh-steelers-training-camp/173517/mike-mccarthy-ends-speculation-on-steelers-future-at-st-vincent-college-nfl,2026-08-17T23:54:17.078586+00:00
Pittsburgh Steelers,https://www.behindthesteelcurtain.com,Steelers training camp: Punches thrown and a clear leader for the RB3 role headline Sunday’s practice,"LATROBE- After a laid-back and padless Saturday practice that lasted just about 55 minutes in total, Sunday’s session was as physical and as long as we have seen any practice this camp. Practice came to sort of a natural stop after a massive fight in which the whole team got involved. Here is everything you [&#8230;]",Joey Bray,2026-08-16T20:11:09-04:00,https://www.behindthesteelcurtain.com/pittsburgh-steelers-training-camp/173511/steelers-training-camp-punches-thrown-and-a-clear-leader-for-the-rb3-role-headline-sundays-practice,2026-08-17T23:54:17.078586+00:00
Los Angeles Chargers,https://www.boltsfromtheblue.com,"Tarheeb Still returns to practice, Chargers veterans receive rest day","Monday’s practice for the Chargers began with a fairly mixed bag of availability. Offensive tackle Rashawn Tackle sat out his seventh consecutive practice, but cornerback Tarheeb Still returned — albeit in a limited fashion — after missing the previous six days alongside Slater. ESPN’s Kris Rhim reported a whopping 10 players who were not suited [&#8230;]",Michael Peterson,2026-08-17T14:59:56-04:00,https://www.boltsfromtheblue.com/los-angeles-chargers-news/65094/chargers-rashawn-slater-tarheeb-still-injury-akheem-mesidor-training-camp,2026-08-17T23:54:17.078586+00:00
Los Angeles Chargers,https://www.boltsfromtheblue.com,Los Angeles Chargers news: Is it time to mentally prepare for Rashawn Slater’s absence?,"Good morning, Chargers fans! As of this morning, Rashawn Slater has missed six consecutive practices for the Chargers. The streak started with a veteran’s rest day, but has since turned into five more absences. After four practices missed, Jim Harbaugh finally said that this was all part of Slater’s rehab plan to return from his [&#8230;]",Michael Peterson,2026-08-17T09:50:00-04:00,https://www.boltsfromtheblue.com/los-angeles-chargers-news/65019/los-angeles-chargers-news-is-it-time-to-mentally-prepare-for-rashawn-slaters-absence,2026-08-17T23:54:17.078586+00:00
San Francisco 49ers,https://www.ninersnation.com,49ers bring back Nick Zakelj; add an EDGE rusher,"The San Francisco 49ers announced that they’ve signed defensive lineman Victor Dimukeje and offensive lineman Nick Zakelj to one-year deals heading into the second week of the preseason. Zakelj was released eight days ago for Doug Kramer Jr. after he missed a week of practice with an elbow injury. To make room for those two, [&#8230;]",Kyle Posey,2026-08-17T16:43:29-04:00,https://www.ninersnation.com/san-francisco-49ers-preseason/161375/49ers-bring-back-nick-zakelj-add-an-edge-rusher,2026-08-17T23:54:17.078586+00:00
San Francisco 49ers,https://www.ninersnation.com,49ers stock report: A good showing for the rookies; not so much for the ‘25 class,"As we turn the page to the second week of the preseason, let’s do a stock report for some of the San Francisco 49ers fighting for roster spots and playing time. We saw the&#160;kids&#160;get most of the playing time, as the past couple of draft classes make up most of the depth. Here’s who helped [&#8230;]",Kyle Posey,2026-08-17T16:01:00-04:00,https://www.ninersnation.com/san-francisco-49ers-analysis/161336/49ers-stock-report-a-good-showing-for-the-rookies-not-so-much-for-the-25-class,2026-08-17T23:54:17.078586+00:00
San Francisco 49ers,https://www.ninersnation.com,49ers part ways with veteran running back they signed 2 weeks ago,"Khalil Herbert signed with the San Francisco 49ers at the beginning of August. After a couple of weeks of training camp and a preseason game where he had six carries for 18 yards, including nine yards after contact and one forced missed tackle, the 49ers are releasing the veteran running back, according to Adam Schefter. [&#8230;]",Kyle Posey,2026-08-17T14:42:29-04:00,https://www.ninersnation.com/san-francisco-49ers-injuries/161363/49ers-part-ways-with-veteran-running-back-they-signed-2-weeks-ago,2026-08-17T23:54:17.078586+00:00
San Francisco 49ers,https://www.ninersnation.com,Florio on 49ers RB Christian McCaffrey: &#8216;People are starting to wonder if it&#8217;s a hold-in&#8217;,"The San Francisco 49ers have been without running back Christian McCaffrey for roughly a week now after he suffered an injury described as &#8220;muscle tightness.&#8221; According to Pro Football Talk&#8217;s Mike Florio, somebody who seemingly always has a bone to pick with the Niners, McCaffrey is holding in and wants a new contract: “People are [&#8230;]",Kyle Posey,2026-08-17T13:46:05-04:00,https://www.ninersnation.com/san-francisco-49ers-news/161356/florio-on-49ers-rb-christian-mccaffrey-people-are-starting-to-wonder-if-its-a-hold-in,2026-08-17T23:54:17.078586+00:00
San Francisco 49ers,https://www.ninersnation.com,49ers 53-man roster projection:  Stocking up on pass rushers and cutting 1 rookie,"There&#8217;s nothing better than overreacting to a preseason game &#8212; a preseason game where the majority of San Francisco 49ers starters sat out, nonetheless. Football is fluid, and a decision that you felt strongly about last Wednesday could be completely different by Saturday. That’s what the coaching staff is dealing with daily after every practice. [&#8230;]",Kyle Posey,2026-08-17T12:18:44-04:00,https://www.ninersnation.com/san-francisco-roster/161342/49ers-53-man-roster-projection-stocking-up-on-pass-rushers-and-cutting-1-rookie,2026-08-17T23:54:17.078586+00:00
San Francisco 49ers,https://www.ninersnation.com,49ers coordinator reveals competition that is getting ‘harder and harder’ to call,"In under two weeks time, the 49ers will need to cut their roster to 53 players ahead of the 2026 NFL season. That is always a challenging and brutal task for any team as the general manager and head coach are given the unfortunate job of dashing the hopes of a host of players. Heading [&#8230;]",Nicholas McGee,2026-08-17T10:30:00-04:00,https://www.ninersnation.com/san-francisco-49ers-news/161338/49ers-coordinator-competition-getting-harder-call,2026-08-17T23:54:17.078586+00:00
San Francisco 49ers,https://www.ninersnation.com,49ers News: Can’t wait to see Kittle back,"Tight end Jake Tonges, a former tech bro, on ‘full-circle moment’ after $8 million contract with 49ers (paywall)“The 49ers run a lot of 22-personnel formations, or in other words, sets with two tight ends. On paper, Tonges is a prototypical receiving tight end and Farrell is known for his blocking. First-year tight ends coach Cam [&#8230;]",Yinon Raviv,2026-08-17T04:59:00-04:00,https://www.ninersnation.com/san-francisco-49ers-news/161344/49ers-news-training-camp-preseason-george-kittle-achilles-injury-update-jacob-cowing-deebo-samuel-lenoir-los-angeles-chargers-jake-tonges-australia-week-one,2026-08-17T23:54:17.078586+00:00
Seattle Seahawks,https://www.fieldgulls.com,Jadarian Price injury update: Seahawks rookie returns to padded practice,"Seattle Seahawks head coach Mike Macdonald never seemed overly concerned about rookie running back Jadarian Price’s injury, and his return to the field seems to indicate he had no reason to be. Price was a full participant in Monday’s non-contact practice for the first time since August 7, after missing five consecutive sessions and the [&#8230;]",Michael Hapanovich,2026-08-17T18:49:14-04:00,https://www.fieldgulls.com/seattle-seahawks-news/172649/jadarian-price-injury-update-seahawks-rookie-returns-padded-practice-nfl-news,2026-08-17T23:54:17.078586+00:00
Seattle Seahawks,https://www.fieldgulls.com,"Seahawks make 6 roster moves, place Shemar Jean-Charles on IR","The Seattle Seahawks are back at practice following their 2026 preseason debut against the Dallas Cowboys, and as is standard during August, a slew of roster changes were made. Arguably the most attention-grabbing news comes at the cornerback position, and no it’s not related to Terrion Arnold (at least not yet). Shemar Jean-Charles placed on [&#8230;]",Mookie Alexander,2026-08-17T13:03:19-04:00,https://www.fieldgulls.com/seattle-seahawks-roster/172634/seahawks-6-roster-moves-shemar-jean-charles-injured-reserve-nfl-news,2026-08-17T23:54:17.078586+00:00
Seattle Seahawks,https://www.fieldgulls.com,Trouble in the trenches halts Seahawks in preseason opener,"Well, that sure was a preseason game, huh?&#160; Your 2025 Super Bowl champion Seattle Seahawks took the field for the first time in 2026…well, the backups and backups to the backups did, at least. It started off pretty well with a clock-eating TD drive, albeit one helped along by penalties, to take a 7-0 lead [&#8230;]",Ted Zahn,2026-08-17T11:00:00-04:00,https://www.fieldgulls.com/seattle-seahawks-game-analysis/172604/seahawks-analysis-trenches-trouble-vs-dallas-cowboys,2026-08-17T23:54:17.078586+00:00
Seattle Seahawks,https://www.fieldgulls.com,6 key takeaways from the Seahawks’ snap counts vs. Cowboys,"The Seattle Seahawks came stumbling out of the preseason gates with a 17-7 loss to the Dallas Cowboys. Penalties, blown assignments, miscommunication, and generally disjointed play defined Seattle’s performance, which is by no means the end of the world when you’re talking about backups and roster hopefuls as opposed to starters, but it’s still not [&#8230;]",Mookie Alexander,2026-08-17T10:00:00-04:00,https://www.fieldgulls.com/seattle-seahawks-game-analysis/172616/nfl-analysis-6-key-takeaways-seahawks-vs-cowboys-snap-counts,2026-08-17T23:54:17.078586+00:00
Seattle Seahawks,https://www.fieldgulls.com,Seahawks News: Tyrice Knight a bright spot in Saturday’s preseason opener,"There’s a bit of talk regarding our Seattle Seahawks’ sloppy Saturday loss to the Dallas Cowboys. How much of it are we buying? Well, it was the preseason opener. And it’s preseason football. And, yeah. C’mon. Let’s see how our squad responds before we make any larger assumptions or assertions about the ‘Hawks. With that [&#8230;]",Terrance Robinson,2026-08-17T09:36:12-04:00,https://www.fieldgulls.com/seattle-seahawks-news/172625/seahawks-news-tyrice-knight-a-bright-spot-in-saturdays-preseason-opener,2026-08-17T23:54:17.078586+00:00
Seattle Seahawks,https://www.fieldgulls.com,Seahawks work out former Oregon State star running back,"The Seattle Seahawks enter the second week of preseason with a tryout for yet another running back, one who should be familiar to college football fans in the Pacific Northwest. Former Oregon State star Anthony Hankerson, who was one of the few bright spots on an otherwise brutal Beavers team, worked out with the Seahawks [&#8230;]",Mookie Alexander,2026-08-16T20:18:59-04:00,https://www.fieldgulls.com/seattle-seahawks-news/172592/nfl-news-seahawks-work-out-former-oregon-state-star-running-back-anthony-hankerson,2026-08-17T23:54:17.078586+00:00
Seattle Seahawks,https://www.fieldgulls.com,Ex-Seahawks safety Jamal Adams suffers season-ending injury 12 snaps into Vikings debut,"The worst fears for former Seattle Seahawks safety Jamal Adams have been confirmed. A season removed from playing all 17 games for the Las Vegas Raiders, the oft-injured Adams is done for the remainder of 2026 after hurting his knee in his Minnesota Vikings debut versus the New York Giants. Adams made the switch to [&#8230;]",Mookie Alexander,2026-08-16T19:26:46-04:00,https://www.fieldgulls.com/seattle-seahawks-news/172594/jamal-adams-injury-update-former-seahawks-out-for-season-knee-nfl-news,2026-08-17T23:54:17.078586+00:00
Tampa Bay Buccaneers,https://www.bucsnation.com,"Buccaneers roster 2026: Yaya Diaby, Alex Anzalone, and Keionte Scott are underrated","The 2026 Tampa Bay Buccaneers are a very interesting team, because there’s no way to know if what happened in 2025 will lead to a reload or a rebuild. Starting with Baker Mayfield’s situation. In his first two seasons with the Bucs after signing a one-year, $4 million contract in 2023, and following that up [&#8230;]",Doug Farrar,2026-08-17T14:32:35-04:00,https://www.bucsnation.com/tampa-bay-buccaneers-roster/68084/yaya-diaby-alex-anzalone-keionte-scott-underrated-todd-bowles,2026-08-17T23:54:17.078586+00:00
Tampa Bay Buccaneers,https://www.bucsnation.com,"Tampa Bay Buccaneers news: A win, but mixed results vs. Jets","The Tampa Bay Buccaneers are 1-0 in the preseason after beating the New York Jets 24-16, but they may not have played their best football. The Bucks trailed 10-0 at the end of the first quarter, but they found a way to rally back and pull out an eight-point victory. Bucs Nation, how do you [&#8230;]",Jeremy Brener,2026-08-17T07:00:00-04:00,https://www.bucsnation.com/tampa-bay-buccaneers-news/68181/tampa-bay-buccaneers-news-a-win-but-mixed-results-vs-jets,2026-08-17T23:54:17.078586+00:00
Tennessee Titans,https://www.musiccitymiracles.com,Titans have the offensive line problem we all knew they had,"The Tennessee Titans won their first preseason game, defeating the San Francisco 49ers 19-13. Despite the victory, the general reaction from the fanbase has been one of concern. Quarterback Cam Ward struggled, completing less than 50% of his passes. One positive was the performance of the starting offensive line. Ward was rarely under duress. Rookie [&#8230;]",Justin Melo,2026-08-17T09:30:00-04:00,https://www.musiccitymiracles.com/tennessee-titans-preseason/66198/titans-have-the-offensive-line-problem-we-all-knew-they-had,2026-08-17T23:54:17.078586+00:00
Tennessee Titans,https://www.musiccitymiracles.com,Tennessee Titans news: Turning the page to Week 2 of preseason,"The Tennessee Titans are going back to the drawing board after their preseason opener against the San Francisco 49ers. The Titans had a mixed bag of results that ultimately resulted in a victory, but the team is far from ready for the regular season opener against the New York Jets on September 13. MCM community, [&#8230;]",Jeremy Brener,2026-08-17T07:00:00-04:00,https://www.musiccitymiracles.com/tennessee-titans-news/66207/tennessee-titans-news-turning-the-page-to-week-2-of-preseason,2026-08-17T23:54:17.078586+00:00
Washington Commanders,https://www.hogshaven.com,2026 Fantasy Football Preview: Which Commanders players are draftable?,"First, a prefatory note. When debuting as Hogs Haven&#8217;s fantasy writer last year, I offered an introduction that talked about the wide variety of experience I have in playing different types of leagues, with a proud learning curve than began with Gus Frerotte as my first ever fantasy quarterback. Hand-in-hand with that tongue-in-cheek boast is [&#8230;]",nu06er,2026-08-17T15:00:00-04:00,https://www.hogshaven.com/fantasy-football/420883/2026-nfl-fantasy-football-draft-preview-which-commanders-players-draftable,2026-08-17T23:54:17.078586+00:00
Washington Commanders,https://www.hogshaven.com,Washington Commanders transaction: Kicker Jake Moody reportedly released,"The Commanders didn’t waste time resolving an important training camp position battle. &#160; Washington will roll with rookie kicker Drew Stevens. Action has made that clear. &#160; Incumbent Jake Moody was released by the team, per a Monday afternoon report by Jordan Schultz. &#160; We’ll know more after the 4 p.m. ET NFL transactions are [&#8230;]",Scott Bair,2026-08-17T13:20:27-04:00,https://www.hogshaven.com/washington-commanders-news/433108/washington-commanders-transaction-kicker-jake-moody-reportedly-released,2026-08-17T23:54:17.078586+00:00
Washington Commanders,https://www.hogshaven.com,Commanders Free Agency: Former Washington RB added with Jeremy McNichols out,The Washington Commanders had eight players in for workouts on Sunday and four of them were running backs. Head coach Dan Quinn confirmed that veteran RB Jeremy McNichols would be sidelined for a few weeks with a quad injury. Washingtin has now signed Craig Reynolds for training camp and the final two preseason games per [&#8230;],Scott Jennings,2026-08-17T11:30:00-04:00,https://www.hogshaven.com/nfl-free-agency/433086/washington-commanders-free-agency-former-rb-added-jeremy-mcnichols,2026-08-17T23:54:17.078586+00:00
Washington Commanders,https://www.hogshaven.com,Mason/Brennan Preseason Hype! Award: Who has the most hype after Week 1?,"Former Washington Redskins 6th-round draft pick Colt Brennan was a star in college at the University of Hawaii and brought that hype with him to Washington in 2008. Brennan was a cult sensation during his brief time here, and was the inspiration for the annual Mason/Brennan Preseason Hype! Awards here at Hogs Haven. Brennan passed [&#8230;]",Scott Jennings,2026-08-17T11:00:00-04:00,https://www.hogshaven.com/washington-commanders-discussion/430187/mason-brennan-preseason-hype-award-most-hype-training-camp,2026-08-17T23:54:17.078586+00:00
Washington Commanders,https://www.hogshaven.com,Reacts Survey: Which Commanders running back would you cut?,"Welcome to SB Nation Reacts, a survey of fans across the NFL. Throughout the year we ask questions of the most plugged-in Commanders fans and fans across the country. Sign up here to participate in the weekly emailed surveys: This week, again, we’re keeping the survey simple — just one question focused squarely on the [&#8230;]",bill-in-bangkok,2026-08-17T10:15:00-04:00,https://www.hogshaven.com/washington-commanders-discussion/432977/reacts-survey-which-commanders-running-back-would-you-cut,2026-08-17T23:54:17.078586+00:00
Washington Commanders,https://www.hogshaven.com,"Commanders News: All-22 game film of Styles, Coleman, Henry and more","The Daily Slop &#8211; 17 August 2026 Editor’s note: Each day, Hogs Haven compiles a collection of articles, podcasts &#38; tweets from around the web to keep you in touch with the Commanders, the NFC East, the NFL and sports in general, with a sprinkling of other stuff. Enjoy! Commanders links Articles Bullock’s Film Room [&#8230;]",bill-in-bangkok,2026-08-17T09:31:51-04:00,https://www.hogshaven.com/washington-commanders-news/432789/all-22-game-film-of-styles-coleman-henry-and-more-trey-amos-marcus-mariota,2026-08-17T23:54:17.078586+00:00
Washington Commanders,https://www.hogshaven.com,Joshua Josephs and the legend of Andrew Van Ginkel,"Ever since Daronte Jones was hired as the new defensive coordinator for the Commanders in January, Washington fans have heard about the &#8220;Van Ginkel&#8221; role. A fifth-round selection of the Miami Dolphins in the 2019 NFL Draft, Andrew Van Ginkel started his career in relative anonymity, providing good, if not spectacular, production for the Miami [&#8230;]",John Portis,2026-08-17T07:00:00-04:00,https://www.hogshaven.com/washington-commanders-analysis/428449/joshua-josephs-andrew-van-ginkel-tennessee-nfl-draft-daronte-jones,2026-08-17T23:54:17.078586+00:00
Baltimore Ravens,https://www.baltimorebeatdown.com,Ravens legend O.J. Brigance passes after long battle with ALS,"Former Baltimore Ravens linebacker and longtime director of player development O.J. Brigance passed away at the age of 56 following a long battle with amyotrophic lateral sclerosis, the team announced on Monday. Brigance was a member of the Ravens’ 2000 championship team and made the very first tackle in their Super Bowl win over the [&#8230;]",Nikhil Mehta,2026-08-17T18:27:07-04:00,https://www.baltimorebeatdown.com/baltimore-ravens-news/83995/ravens-legend-o-j-brigance-passes-after-long-battle-with-als,2026-08-18T01:50:10.476526+00:00
Cincinnati Bengals,https://www.cincyjungle.com,Which Bengals rookie has impressed you the most so far?,"The Cincinnati Bengals have now completed the bulk of training camp, as well as their first preseason game, which has given us plenty of opportunities to see the 2026 rookie class in action. Overall, it’s been a good showing for the news kids on the block, including several game-changing plays made in the 16-14 preseason [&#8230;]",Jason Marcum,2026-08-17T21:08:19-04:00,https://www.cincyjungle.com/cincinnati-bengals-discussion/196401/which-rookie-has-impressed-you-most,2026-08-18T01:50:10.476526+00:00
Cincinnati Bengals,https://www.cincyjungle.com,Emeka Egbuka injury has his status in doubt for Bengals vs. Buccaneers,"We are less than a month away from the Cincinnati Bengals opening the season against the Tampa Bay Buccaneers. As teams continue their training camps and preseason schedule, all eyes will soon turn to the games that count, and for these two teams, that date is September 13th. The Bengals have been relatively lucky on [&#8230;]",Drew Garrison,2026-08-17T20:02:52-04:00,https://www.cincyjungle.com/cincinnati-bengals-news/196410/emeka-egbuka-injury-buccaneers-week-1,2026-08-18T01:50:10.476526+00:00
Cleveland Browns,https://www.dawgsbynature.com,Browns’ lack of defensive depth pretty glaring in first preseason game loss,"I still feel pretty confident in the Browns’ defense for the regular season. We’ve heard about the piling up of injuries in the secondary, though, throughout camp. When the preseason game happened, the depth after the first couple of units was pretty bad in some aspects. It makes sense, as many of the guys playing [&#8230;]",Chris Pokorny,2026-08-17T19:12:20-04:00,https://www.dawgsbynature.com/cleveland-browns-analysis/130479/browns-lack-of-defensive-depth-pretty-glaring-in-first-preseason-game-loss,2026-08-18T01:50:10.476526+00:00
Cleveland Browns,https://www.dawgsbynature.com,Browns to showcase new stadium through Browns Experience Center,The Cleveland Browns will close their era on the shores of Lake Erie following the conclusion of the 2028 season and then head to the suburb of Brook Park to play in their new stadium in 2029. But fans won’t have to wait three more years to see what the team has in store for [&#8230;],Thomas Moore,2026-08-17T19:02:03-04:00,https://www.dawgsbynature.com/cleveland-browns-news/130483/browns-to-showcase-new-stadium-through-browns-experience-center,2026-08-18T01:50:10.476526+00:00
Denver Broncos,https://www.milehighreport.com,2026 Denver Broncos Training Camp: Day 12 News and Notes,"The Broncos returned to the practice field today for their first scheduled practice since their preseason opening victory over the Atlanta Falcons. It was a non-padded practice that was closed to the public due to some damage to the bleachers from this past weekend&#8217;s storms in the area, so updates are a little thin. On [&#8230;]",Scotty Payne,2026-08-17T19:28:42-04:00,https://www.milehighreport.com/denver-broncos-training-camp/182101/2026-denver-broncos-training-camp-day-12-news-and-notes,2026-08-18T01:50:10.476526+00:00
Las Vegas Raiders,https://www.silverandblackpride.com,The candidates who’ll lead the Raiders in takeaways this season,"Defensive coordinator Rob Leonard has plenty of work ahead of him in his initial season as play caller. And the Las Vegas Raiders’ 27-14 loss to the Arizona Cardinals last Thursday in the Silver &#38; Black’s preseason opener showcased the challenges that await Leonard. At the tail end of last month, I dove into one [&#8230;]",Ray Aspuria,2026-08-17T17:45:00-04:00,https://www.silverandblackpride.com/las-vegas-raiders-analysis/136530/raiders-2026-defense-leaders-taron-johnson,2026-08-18T01:50:10.476526+00:00
New England Patriots,https://www.patspulpit.com,Patriots to sign veteran free agent in light of offensive line injuries,"Injuries along their interior offensive line have prompted the New England Patriots to bring in some veteran help. Greg Van Roten has agreed to terms with the Patriots, as first reported by Aaron Wilson of KPRC 2 Houston. The 36-year-old, who is a veteran of 12 NFL seasons and 105 career starts, was in town [&#8230;]",Bernd Buchmasser,2026-08-17T20:55:37-04:00,https://www.patspulpit.com/new-england-patriots-news/133658/patriots-sign-veteran-greg-van-roten-offensive-line,2026-08-18T01:50:10.476526+00:00
New Orleans Saints,https://www.canalstreetchronicles.com,Former Saints QB Jake Haener signs with New York Giants,"Jake Haener, a former New Orleans Saints quarterback, has been signed by the New York Giants, per NFL Network’s Mike Garafolo. Haener, a former fourth-round pick, played collegiately at the University of Washington and Fresno State before being drafted 127th overall by the Saints in 2023. The quarterback ultimately appeared in just eight games for [&#8230;]",Jason Watson Jr,2026-08-17T16:37:49-04:00,https://www.canalstreetchronicles.com/new-orleans-saints-news/113131/former-saints-qb-jake-haener-signs-with-new-york-giants,2026-08-18T01:50:10.476526+00:00
New Orleans Saints,https://www.canalstreetchronicles.com,Saints Reacts Survey: Which player impressed you the most against the Jaguars?,"The New Orleans Saints may have walked away with a loss to the Jacksonville Jaguars on Saturday, but there were plenty of positives to take away from their Week 1 preseason matchup at Caesars Superdome. Former second-overall pick QB Zach Wilson had a very impressive debut in New Orleans, completing 11 of 16 passes for [&#8230;]",Tina Howell,2026-08-17T12:43:38-04:00,https://www.canalstreetchronicles.com/nfl-reacts-survey/113088/saints-reacts-survey-which-player-impressed-you-the-most-against-the-jaguars,2026-08-18T01:50:10.476526+00:00
New Orleans Saints,https://www.canalstreetchronicles.com,"New Orleans Saints News, August 17: Saints lose a close one in Week 1 of preseason","Welcome to today’s roundup of New Orleans Saints and NFL news. Game Recap: Saints host Jaguars to open preseason A near win. Jaguars beat reporter: Team shouldn&#8217;t leave without Saints QB trade After the first preseason game, this is no longer shocking. A Strange debut: Undrafted rookie Michael Heldman&#8217;s studying pays off with 2-sack outing [&#8230;]",Caleb Yaccarino,2026-08-17T07:00:00-04:00,https://www.canalstreetchronicles.com/new-orleans-saints-news/113069/new-orleans-saints-news-august-17-saints-lose-a-close-one-in-week-1-of-preseason,2026-08-18T01:50:10.476526+00:00
New York Giants,https://www.bigblueview.com,Former NY Giants’ starting guard joins New England Patriots,"Another former New York Giants player has found a new home. Jeremy Fowler of ESPN is reporting that the New England Patriots have signed former Giants’ guard Greg Van Roten to a one-year deal. Van Rotne, 36, is a well-traveled journeyman guard who has played for Green Bay Packers, Seattle Seahawks (practice squad), Toronto Argonauts (CFL), Jacksonville [&#8230;]",Chris Pflum,2026-08-17T20:51:28-04:00,https://www.bigblueview.com/new-york-giants-news/168034/greg-van-roten-signing-new-england-patriots,2026-08-18T01:50:10.476526+00:00
New York Giants,https://www.bigblueview.com,Poll: Do you think Malik Nabers will play Week 1?,"New York Giants star receiver Malik Nabers took a big step on his road to recovery on Monday. He didn’t do a tremendous volume of work on Monday, taking three reps in 7-on-7 drills and four reps in 11-on-11 drills, before running routes on air with a trainer to finish practice. It wasn’t much, but [&#8230;]",Chris Pflum,2026-08-17T20:00:00-04:00,https://www.bigblueview.com/new-york-giants-discussion/167975/poll-do-you-think-malik-nabers-will-play-week-1,2026-08-18T01:50:10.476526+00:00
Tennessee Titans,https://www.musiccitymiracles.com,Titans fans confident in the direction the team is headed,"It would be interesting to see if the results of this poll are the same today as they were last week. Last week, I asked if you were confident in the direction the team is headed. 86% of you said you are: I voted with the 86%, and that vote was pretty easy for me [&#8230;]",Jimmy Morris,2026-08-17T13:13:49-04:00,https://www.musiccitymiracles.com/tennessee-titans-discussion/66211/titans-fans-confident-in-the-direction-the-team-is-headed,2026-08-18T01:50:10.476526+00:00
Arizona Cardinals,https://www.revengeofthebirds.com,How will the Cardinals&#8217; receiver room finish out? Who is in? Who will be out?,"The Arizona Cardinals have gone through two preseason games, with another pair right behind them. Two rookies have already gotten hurt at different stages and are most likely out for the year. The preseason games provide a Catch-22. These exhibition games are important because it shows which players the coaches need to keep, and which [&#8230;]",Barry Shuck,2026-08-18T11:24:03-04:00,https://www.revengeofthebirds.com/arizona-cardinals-discussion/93625/how-will-the-cardinals-receiver-room-finish-out-who-is-in-who-will-be-out,2026-08-18T23:49:17.490326+00:00
Arizona Cardinals,https://www.revengeofthebirds.com,Arizona Cardinals news: Cardinals rank dead last in ‘future’ power rankings,"ESPN recently dropped their annual set of “future” power rankings, which are based on how well the franchise is set up to be successful over the next three or so seasons. The Cardinals were unfortunately ranked dead last thanks to a lackluster quarterback situation. Jacoby Brissett is not what any team wants as their long-term [&#8230;]",Michael Peterson,2026-08-18T10:14:03-04:00,https://www.revengeofthebirds.com/arizona-cardinals-news/93603/arizona-cardinals-news-cardinals-rank-dead-last-in-future-power-rankings,2026-08-18T23:49:17.490326+00:00
Atlanta Falcons,https://www.thefalcoholic.com,Falcons preseason concerns and Za&#8217;Darius Smith signing: Tuesday Takes with Tre&#8217;Shon,"The Falcons looked a bit unprepared for the Broncos in their first preseason game. How concerned should we be about Atlanta&#8217;s 2026 season? Kevin Knight and Tre&#8217;Shon Diaz review the film from Friday&#8217;s game, breaking down the good and the bad on offense, defense, and special teams. Plus thoughts on the signing of edge rusher [&#8230;]",Kevin Knight,2026-08-18T19:15:32-04:00,https://www.thefalcoholic.com/atlanta-falcons-preseason/95249/falcons-broncos-preseason-2026-concerns-zadarius-smith-signing-tuesday-takes-with-treshon,2026-08-18T23:49:17.490326+00:00
Atlanta Falcons,https://www.thefalcoholic.com,The Falcoholic Reacts Survey: Who is the next starting inside linebacker?,"Welcome to SB Nation Reacts, a survey of fans across the NFL. Throughout the year we ask questions of the most plugged-in Falcons fans and fans across the country. In the midst of the coaching staff trying to figure out who they can count on across the defensive line, a new starting linebacker will need [&#8230;]",Allen Strk,2026-08-18T18:00:00-04:00,https://www.thefalcoholic.com/atlanta-falcons-news/95189/the-falcoholic-reacts-survey-who-is-the-next-starting-inside-linebacker,2026-08-18T23:49:17.490326+00:00
Atlanta Falcons,https://www.thefalcoholic.com,"Falcons quarterback competitions to rage on, says Kevin Stefanski","There are two separate quarterback competitions going on for the Atlanta Falcons. The first is the battle for the starting job, where Tua Tagovailoa is in the driver’s seat because he’s healthy enough to appear in full-team practices and play in preseason games, where Michael Penix Jr. is working his way back. The second is [&#8230;]",Dave Choate,2026-08-18T11:48:27-04:00,https://www.thefalcoholic.com/atlanta-falcons-preseason/95187/falcons-quarterback-competitions-to-rage-on-says-kevin-stefanski-michael-penix-tua-tagovailoa,2026-08-18T23:49:17.490326+00:00
Atlanta Falcons,https://www.thefalcoholic.com,Falcons sign edge rusher Za’Darius Smith to one-year deal,"Here comes some help for Atlanta’s pass rush, and from a source that would have seemed mighty unlikely even a month ago. The Falcons announced Tuesday morning that they had signed Za’Darius Smith to a one year contract, bringing the 34-year-old into the fold after the team lost Jalon Walker for the year to injury [&#8230;]",Dave Choate,2026-08-18T09:46:58-04:00,https://www.thefalcoholic.com/atlanta-falcons-free-agecy/95210/falcons-sign-edge-rusher-zadarius-smith-to-one-year-deal,2026-08-18T23:49:17.490326+00:00
Baltimore Ravens,https://www.baltimorebeatdown.com,Ravens reunite with David Sharpe to shore up offensive tackle depth,"The Baltimore Ravens added some much-needed offensive tackle depth by reuniting with veteran David Sharpe on Tuesday, per the NFL’s daily personnel notice. The Ravens sat starting right tackle Roger Rosengarten for Saturday’s game against the Philadelphia Eagles, a trend that will almost certainly continue for their next two preseason matchups. As a result, second-year [&#8230;]",Nikhil Mehta,2026-08-18T18:00:20-04:00,https://www.baltimorebeatdown.com/baltimore-ravens-news/84025/ravens-reunite-with-david-sharpe-to-shore-up-offensive-tackle-depth,2026-08-18T23:49:17.490326+00:00
Baltimore Ravens,https://www.baltimorebeatdown.com,"Ravens Preseason Week 1 vs. Eagles: The Good, the Bad, and the Ugly","A new era of Baltimore Ravens football began this past Saturday and with it, we kickstart the 2026 season of “The Good, the Bad, and the Ugly” reviews for every game. The Ravens beat the Philadelphia Eagles, 24-7, in their first game action since a missed field goal to close the 2025 season catalyzed a [&#8230;]",Zach Canter,2026-08-18T16:14:46-04:00,https://www.baltimorebeatdown.com/baltimore-ravens-analysis/84009/ravens-preseason-week-1-vs-eagles-the-good-the-bad-and-the-ugly,2026-08-18T23:49:17.490326+00:00
Baltimore Ravens,https://www.baltimorebeatdown.com,Is Keyon Martin a lock to make the Ravens’ roster?,"Last year, cornerback Keyon Martin became the latest undrafted free agent to make the Baltimore Ravens’ 53-man roster — joining a lineage of UDFAs over the last several decades who did the same. Martin’s standout performance in training camp and the preseason vaulted him ahead of other bubble candidates to earn a roster spot. During [&#8230;]",Frank Platko,2026-08-18T16:01:13-04:00,https://www.baltimorebeatdown.com/baltimore-ravens-roster/84016/is-keyon-martin-a-lock-to-make-the-ravens-roster,2026-08-18T23:49:17.490326+00:00
Buffalo Bills,https://www.buffalorumblings.com,Buffalo Bills sign bolster defensive line with former Bucs nose tackle,"It had become plainly obvious that the BuffaloBills needed nose tackle reinforcement behind Deone Walker — and now they have it by way of a veteran signing. Per ESPN’s Jeremy Fowler, the Bills have agreed to a deal with Greg Gaines. Gaines entered the NFL as a fourth-round pick by the Los Angeles Rams in [&#8230;]",Chris Trapasso,2026-08-18T18:26:20-04:00,https://www.buffalorumblings.com/buffalo-bills-news/138689/buffalo-bills-sign-bolster-defensive-line-with-former-bucs-nose-tackle,2026-08-18T23:49:17.490326+00:00
Buffalo Bills,https://www.buffalorumblings.com,"Buffalo Bills WR Keon Coleman has sprained foot/toe, per ESPN","During Tuesday’s open practice inside the new Highmark Stadium, Buffalo Bills receiver Keon Coleman was a notable non-participant because he was wearing a walking boot, and now we know the specifics of his injury. Kind of. Per ESPN’s Cameron Wolfe, the third-year receiver has been diagnosed with a sprained toe/foot: While it’s good to get [&#8230;]",Chris Trapasso,2026-08-18T13:20:48-04:00,https://www.buffalorumblings.com/buffalo-bills-injuries/138683/buffalo-bills-keon-coleman-injury-report-sprained-foot-toe-per-espn,2026-08-18T23:49:17.490326+00:00
Buffalo Bills,https://www.buffalorumblings.com,Nielsen confirms what Bills Mafia already knew: Buffalo has the NFL’s most avid fans,"Bills Mafia, you may now collectively say it: Well, duh. According to Nielsen’s inaugural Scarborough NFL Fandom Index, Buffalo has the most avid NFL fan base in America. For those of us who have spent our lives around other Bills fans, this probably qualifies less as breaking news and more as independent confirmation of something [&#8230;]",Sara Larson,2026-08-18T11:00:00-04:00,https://www.buffalorumblings.com/buffalo-bills-analysis/138635/nielsen-confirms-what-bills-mafia-already-knew-buffalo-has-the-nfls-most-avid-fans,2026-08-18T23:49:17.490326+00:00
Buffalo Bills,https://www.buffalorumblings.com,Keon Coleman concerningly did not take part in Buffalo Bills open practice,"Keon Coleman caught a touchdown from Josh Allen in the Bills preseason opener, and is now dealing with an injury. According to the media in attendance for Buffalo’s early-morning open practice inside the new Highmark Stadium on Tuesday, the third-year receiver was not participating. Further, he was spotted in a walking boot. Here’s proof: Here’s [&#8230;]",Chris Trapasso,2026-08-18T09:44:52-04:00,https://www.buffalorumblings.com/buffalo-bills-news/138669/keon-coleman-injury-walking-boot-buffalo-bills-open-practice,2026-08-18T23:49:17.490326+00:00
Buffalo Bills,https://www.buffalorumblings.com,Buffalo Bills starters won’t play vs. Browns in preseason under one stipulation,"The Bills starters played a fair amount of football in Buffalo’s preseason opening win against the Carolina Panthers, but they may not see the field against the Browns. According to Browns head coach Todd Monken, with the clubs taking part in a joint practice on Thursday in Berea, Ohio ahead of the second preseason game [&#8230;]",Chris Trapasso,2026-08-18T09:00:00-04:00,https://www.buffalorumblings.com/buffalo-bills-news/138647/buffalo-bills-starters-wont-play-vs-browns-in-preseason-under-one-stipulation,2026-08-18T23:49:17.490326+00:00
Buffalo Bills,https://www.buffalorumblings.com,What to expect from Buffalo Bills new grass field,"The Buffalo Bills played a football game for the first time ever at their new Highmark stadium. If you hadn’t heard by now, it was decided that the new field would have natural grass. Intended to be an upgrade for player safety and performance, the new grass got a proper field test. The divots and [&#8230;]",Skarekrow,2026-08-18T06:01:58-04:00,https://www.buffalorumblings.com/general/138634/buffalo-bills-new-grass-field-highmark-stadiumwhat-to-expect,2026-08-18T23:49:17.490326+00:00
Buffalo Bills,https://www.buffalorumblings.com,Buffalo Bills 2026 scouting report: center/guard Sedrick Van Pran-Granger,"The Buffalo Bills have a track record of drafting and developing their players of late, especially along the offensive line. With right guard O’Cyrus Torrence recently signing a four-year extension, that makes three of Buffalo’s five starters signing a second contract with the club. A fourth, Alec Anderson, is set to compete to start at [&#8230;]",Sean Murphy,2026-08-18T06:00:00-04:00,https://www.buffalorumblings.com/buffalo-bills-analysis/138509/buffalo-bills-2026-scouting-report-center-guard-sedrick-van-pran-granger,2026-08-18T23:49:17.490326+00:00
Buffalo Bills,https://www.buffalorumblings.com,Jim Kelly working to get Andre Reed honored inside new Highmark Stadium,"There’s one important new distinction inside the Buffalo Bills new stadium that’s drastically different from the old stadium that stood across the street for over 50 years. Gone is the Wall of Fame. Only a select few Bills legends will be honored with name and number inside the new Highmark Stadium, along with team founder [&#8230;]",Chris Trapasso,2026-08-18T05:42:18-04:00,https://www.buffalorumblings.com/buffalo-bills-news/138640/jim-kelly-working-to-get-andre-reed-honored-inside-new-highmark-stadium,2026-08-18T23:49:17.490326+00:00
Carolina Panthers,https://www.catscratchreader.com,Ask Brian: Only two more weeks of preseason!,"Hello CSR! Welcome to Ask Brian, part one of your weekly Panthers fan mailbag for everyone! We’re a bit more deflated this week than in the past, as the Panthers put up a relative stinker against the Bills in a preseason game where the starters actually got some time to play. Unfortunately, on offense (arguably [&#8230;]",Brian Beversluis,2026-08-18T08:00:00-04:00,https://www.catscratchreader.com/carolina-panthers-rumors/60430/ask-brian-only-two-more-weeks-of-preseason,2026-08-18T23:49:17.490326+00:00
Carolina Panthers,https://www.catscratchreader.com,2026 Season Opener Countdown: 26 Days Remaining,"Here at Cat Scratch Reader we have counted down the final 100 days leading up to the Carolina Panthers season opener by for at least the past ten years. We’ve always done this by highlighting the current player on the roster whose jersey number matches the day on the countdown. This year, we decided to [&#8230;]",Daniel Belton,2026-08-18T07:00:00-04:00,https://www.catscratchreader.com/carolina-panthers-history/60419/2026-season-opener-countdown-26-days-remaining,2026-08-18T23:49:17.490326+00:00
Carolina Panthers,https://www.catscratchreader.com,"Panthers roster 2026: Mike Jackson, Rasheed Walker, and Zakee Wheatley are underrated","It was okay that the Carolina Panthers went 8-9 in the 2025 season, because of how they finished. They very nearly beat the Los Angeles Rams in the Wild Card round of the playoffs, in a 34-31 nailbiter that came down to the final 30 seconds. Quarterback Bryce Young was better in the second half [&#8230;]",Doug Farrar,2026-08-17T14:17:21-04:00,https://www.catscratchreader.com/carolina-panthers-roster/60306/mike-jackson-rasheed-walker-zakee-wheatley-underrated,2026-08-18T23:49:17.490326+00:00
Chicago Bears,https://www.windycitygridiron.com,Five Bears Takes Following Their Preseason Opener,"The Chicago Bears kicked off their 2026 preseason slate with an impressive 34-10 victory at Soldier Field. Although Saturday’s game will be their lone preseason contest at home, the stakes will continue to rise when they head to Cincinnati to take on the Bengals during a midweek joint practice and then on Saturday evening for [&#8230;]",Aaron Leming,2026-08-18T15:00:00-04:00,https://www.windycitygridiron.com/chicago-bears-depth-chart/120865/five-bears-takes-following-their-preseason-opener-browns-ben-johnson,2026-08-18T23:49:17.490326+00:00
Chicago Bears,https://www.windycitygridiron.com,The two most interesting PFF grades from the Chicago Bears’ Week 1 preseason win,"As far as preseason openers go, that Chicago Bears win over the Cleveland Browns was pretty…boring. (Which isn’t bad, especially on an injury front.) None of the stars, like Caleb Williams, played a snap, leaving the backups to show their stuff and make their case to stick on the 53-man roster or practice squad down [&#8230;]",Khari Thompson,2026-08-18T13:00:00-04:00,https://www.windycitygridiron.com/chicago-bears-analysis/120851/the-two-most-interesting-pff-grades-from-the-chicago-bears-week-1-preseason-win,2026-08-18T23:49:17.490326+00:00
Chicago Bears,https://www.windycitygridiron.com,Chicago Bears Question of the Day: Will Kyler Gordon ever be the same?,"Go ahead — let it out. I know that a lot of you have been looking for a place to vent. Use this, down below. Kyler Gordon’s injury issues are getting more confusing and frustrating with each passing day. And Bears fans are calling him out. A few days ago, Adam Hoge of CHGO had [&#8230;]",Mongo Peanut,2026-08-18T11:00:00-04:00,https://www.windycitygridiron.com/chicago-bears-discussion/120807/chicago-bears-question-of-the-day-will-kyler-gordon-ever-be-the-same,2026-08-18T23:49:17.490326+00:00
Chicago Bears,https://www.windycitygridiron.com,Making Monsters: A closer look at Bears’ rookie defensive tackle Jordan van den Berg,"Chicago Bears rookie defensive tackle Jordan van den Berg has been a training camp sensation so far, and he flashed in the preseason opener too, so for her latest Making Monsters podcast, Taylor Doll wanted to learn more about him and his introduction to football. Parker Conley was van den Berg’s football coach for all [&#8230;]",Lester A. Wiltfong Jr.,2026-08-18T08:00:00-04:00,https://www.windycitygridiron.com/chicago-bears-news/120817/chicago-bears-rookie-defensive-tackle-jordan-van-den-berg-interview,2026-08-18T23:49:17.490326+00:00
Chicago Bears,https://www.windycitygridiron.com,"Chicago Bears News: Bears sign Marcus Davenport, take day off practice","Here’s your daily heaping helping of all the Chicago Bears news that’s fit to share, what’s going on with the NFL and, of course, a look at The Enemy. The Chicago Bears have decided to kick the tires on the oft-injured Marcus Davenport, hoping that in doing so the sidewalls won’t explode on them. Can [&#8230;]",Ken Mitchell,2026-08-18T06:00:00-04:00,https://www.windycitygridiron.com/chicago-bears-news/120828/chicago-bears-news-bears-sign-marcus-davenport-take-off-day,2026-08-18T23:49:17.490326+00:00
Chicago Bears,https://www.windycitygridiron.com,What are you most excited about for the Bears vs Bengals preseason game?,"Welcome to SB Nation Reacts, a survey of fans across the NFL. Throughout the year, we ask questions of the most plugged-in Bears fans and fans across the country. We don’t know who the Chicago Bears plan to sit on Saturday night against the Cincinnati Bengals, but we have a pretty good idea of who [&#8230;]",Lester A. Wiltfong Jr.,2026-08-17T21:24:43-04:00,https://www.windycitygridiron.com/chicago-bears-discussion/120809/what-are-you-most-excited-about-for-the-bears-vs-bengals-preseason-game,2026-08-18T23:49:17.490326+00:00
Cincinnati Bengals,https://www.cincyjungle.com,"Bengals Tuesday Trenches: Who’s safe, and who’s on the bubble?","The Cincinnati Bengals’ first preseason game is in the books. They defeated the Detroit Lions at Paycor Stadium by a score of 16-14. Evan McPherson was money, and we got a good look at the starters. I’m not going to share my takes—they played on Thursday night, and anything I’m going to say has already [&#8230;]",Jason Garrison,2026-08-18T07:00:00-04:00,https://www.cincyjungle.com/cincinnati-bengals-roster/196425/whos-safe-on-the-bubble-nfl-cuts-2026,2026-08-18T23:49:17.490326+00:00
Cincinnati Bengals,https://www.cincyjungle.com,ESPN experts say Bengals have the 17th-most promising future,"For its most recent Future Power Rankings, ESPN &#160;asked its panel of experts—Louis Riddick, Aaron Schatz, Ben Solak, and Seth Walder—to give grades for every NFL team’s QB situation, non-QB roster, front office, and coaching staff based on how good they’ll all be from 2027 to 2029. The results may surprise you slightly. The most [&#8230;]",Dadio Makdook,2026-08-18T06:30:00-04:00,https://www.cincyjungle.com/cincinnati-bengals-analysis/196423/espn-most-promising-future-nfl,2026-08-18T23:49:17.490326+00:00
Cincinnati Bengals,https://www.cincyjungle.com,Bengals News: Sleeper picks for the 53-man roster,"As the Cincinnati Bengals inch closer toward final roster cuts, there are always some sleepers that make the team after seemingly being an afterthought when camp begins. While most of the Bengals’ starting lineup is set, the reserve unit remains a very fluid situation. Bengals News: 4 Bengals who have a much better shot at [&#8230;]",Drew Garrison,2026-08-18T06:00:00-04:00,https://www.cincyjungle.com/cincinnati-bengals-news/196452/sleeper-picks-53-man-roster,2026-08-18T23:49:17.490326+00:00
Cleveland Browns,https://www.dawgsbynature.com,"Cleveland Browns Training Camp Recap: Day 15 &#8211; Monken upset, ends practice early","Day 15 of Cleveland Browns training camp took place Tuesday, August 18. Head coach Todd Monken was reportedly not pleased with an incident that went down at the end of practice. Cleveland Browns Training Camp Report &#8211; Day 15 (8/18/26) 1. Monken Not Happy, Ends Practice Early: We’re leading with the end of practice, when [&#8230;]",Chris Pokorny,2026-08-18T16:33:36-04:00,https://www.dawgsbynature.com/cleveland-browns-news/130591/cleveland-browns-training-camp-recap-day-15-monken-upset-ends-practice-early,2026-08-18T23:49:17.490326+00:00
Cleveland Browns,https://www.dawgsbynature.com,Which Browns rookie had the most impressive preseason debut? Reacts Survey,"Welcome to SB Nation Reacts, a survey of fans across the NFL. Throughout the year we ask questions of the most plugged-in Browns fans and fans across the country. There wasn’t much to be happy about as a Cleveland Browns fan in the team’s 34-10 loss to begin the preseason this past Saturday. Much like [&#8230;]",Chris Pokorny,2026-08-18T16:00:04-04:00,https://www.dawgsbynature.com/cleveland-browns-discussion/130445/which-browns-rookie-had-the-most-impressive-preseason-debut-reacts-survey,2026-08-18T23:49:17.490326+00:00
Cleveland Browns,https://www.dawgsbynature.com,10 options for the new “Face of the Browns”,"Anytime you see a network plug an upcoming NFL game, they always display a featured player as part of the enticement to get viewers. Usually, it is the quarterback since that is normally the most recognized face on their team. Teams like the Kansas City Chiefs and Buffalo Bills are an easy sale with the [&#8230;]",Barry Shuck,2026-08-18T09:44:41-04:00,https://www.dawgsbynature.com/cleveland-browns-roster-players/130510/browns-roster-face-of-the-browns-watson-shedeur-verse-schewsinger-judkins,2026-08-18T23:49:17.490326+00:00
Cleveland Browns,https://www.dawgsbynature.com,Za’Darius Smith free agency update: Browns or Kevin Stefanski decision,"Is former Cleveland Browns HC Kevin Stefanski in a better position to win with the Atlanta Falcons than he would have been with his former team? The two sides seemingly locked horns in NFL free agency for the services of DE Za’Darius Smith, who played for the Browns under Stefanski for two seasons before being [&#8230;]",Jared Mueller,2026-08-18T09:09:14-04:00,https://www.dawgsbynature.com/cleveland-browns-free-agency/130558/zadarius-smith-free-agency-update-browns-falcons-kevin-stefanski-decision,2026-08-18T23:49:17.490326+00:00
Cleveland Browns,https://www.dawgsbynature.com,Browns starting offensive line all but set; is it the right starting 5?,"Significant changes were made this offseason to revamp the Cleveland Browns’ offensive line and put out a better product on the field. With several competitions happening in training camp and the preseason, it will be interesting to see where these positions net out starting in Week 1 against the Jacksonville Jaguars.  Left Tackle: Spencer Fano [&#8230;]",Abby Mueller,2026-08-18T07:26:26-04:00,https://www.dawgsbynature.com/cleveland-browns-discussion/130546/browns-starting-offensive-line-all-but-set-is-it-the-right-starting-5,2026-08-18T23:49:17.490326+00:00
Cleveland Browns,https://www.dawgsbynature.com,"Cleveland Browns news: The big QB debate, FA dalliances, and stadium fun","Dawgs By Nature The Feed You too can join DBN’s Feed with your thoughts, analysis, questions, and more. Just click here! Cleveland Browns NFL",Thomas Moore,2026-08-18T06:00:00-04:00,https://www.dawgsbynature.com/cleveland-browns-news/130492/cleveland-browns-news-spencer-fano-shedeur-sanders-zadarius-smith,2026-08-18T23:49:17.490326+00:00
Dallas Cowboys,https://www.bloggingtheboys.com,Cowboys pass rusher Donovan Ezeiruaku pulled from Saints scrimmage,When you do something once it is a one-time thing (obviously). When you do something twice though… people start to notice. Unfortunately for Dallas Cowboys pass rusher Donovan Ezeiruaku he falls into the latter category. Ezeiruaku was pulled from Tuesday’s scrimmage against the New Orleans Saints for throwing a punch which is never a good [&#8230;],RJ Ochoa,2026-08-18T18:55:42-04:00,https://www.bloggingtheboys.com/dallas-cowboys-roster/214713/donovan-ezeiruaku-pulled-saints-scrimmage,2026-08-18T23:49:17.490326+00:00
Dallas Cowboys,https://www.bloggingtheboys.com,Cowboys injury updates: Hunter Luepke exists Tuesday scrimmage with Saints,Hunter Luepke exited Tuesday’s Dallas Cowboys practice. The exact reason why remains unclear at this time. Tuesday was a bigger practice than normal for the Cowboys as it was a scrimmage with the New Orleans Saints. Luepke was not alone in exiting it as Saints running back Alvin Kamara also left the field. Luepke has [&#8230;],RJ Ochoa,2026-08-18T18:10:59-04:00,https://www.bloggingtheboys.com/dallas-cowboys-injuries/214661/hunter-luepke-injury-exit-practice,2026-08-18T23:49:17.490326+00:00
Dallas Cowboys,https://www.bloggingtheboys.com,Cowboys roster news: Michael Trigg misses Saints scrimmage with toe injury,"The best ability is availability. This is true in general when it comes to the NFL, but it is paramount when you are fighting for a roster spot. Such is the case for rookie, undrafted tight end Michael Trigg, and unfortunately for him he missed one of the more critical practices of training camp on [&#8230;]",RJ Ochoa,2026-08-18T17:56:24-04:00,https://www.bloggingtheboys.com/dallas-cowboys-injuries/214628/michael-trigg-toe-injury,2026-08-18T23:49:17.490326+00:00
Dallas Cowboys,https://www.bloggingtheboys.com,Cowboys 2026 training camp practice #12 live thread: Updates and open discussion,"The&#160;Dallas Cowboys&#160;hold their twelfth real training camp practice out in Oxnard, California. We open these discussion threads for every practice so that the&#160;Blogging The Boys&#160;community will have a place to congregate and discuss what is going on out at practice. Unfortunately, dropping a Twitter List into this page no longer functions the way that it [&#8230;]",David Halprin,2026-08-18T16:50:26-04:00,https://www.bloggingtheboys.com/dallas-cowboys-training-camp/214579/2026-training-camp-practice-12-live-thread-updates-open-discussion,2026-08-18T23:49:17.490326+00:00
Dallas Cowboys,https://www.bloggingtheboys.com,Cowboys countdown to kickoff: Top 100 iconic games &#8211; Day 26,It is Day 26 of our 100-day countdown to kickoff. We are looking back at the 100 most iconic games in Dallas Cowboys history. The countdown will leads us right up to the opening game of 2026. Our look back doesn’t depend on just one criteria for our rankings. We take into consideration things like [&#8230;],Mike Poland,2026-08-18T16:00:00-04:00,https://www.bloggingtheboys.com/dallas-cowboys-history/214571/countdown-to-kickoff-top-100-iconic-games-day-26,2026-08-18T23:49:17.490326+00:00
Dallas Cowboys,https://www.bloggingtheboys.com,Cowboys RB battle: Malik Davis is doing what he always does,"The Dallas Cowboys first preseason game at the Seattle Seahawks made it clear who this offseason’s “pet cat” at wide receiver is, with Camden Brown hauling in two acrobatic touchdowns, but didn’t nearly provide the same clarity about the direction this team will go in the backfield beyond returning veteran starter Javonte Williams. Jaydon Blue [&#8230;]",Sean Martin,2026-08-18T15:00:00-04:00,https://www.bloggingtheboys.com/dallas-cowboys-depth-chart/214547/running-back-roster-battle-update-malik-davis,2026-08-18T23:49:17.490326+00:00
Dallas Cowboys,https://www.bloggingtheboys.com,Predicting Cowboys’ OLB depth chart after Von Miller addition,"Von Miller, a Desoto native and Texas A&#38;M legend, is now living out his dream to play for his hometown team, the Dallas Cowboys, after signing a one-year, $5.5 million deal that could max out to $7.5 million if built-in incentives are met. While adding Von Miller to the mix isn’t the “substantive” trade many [&#8230;]",Brian Martin,2026-08-18T13:30:00-04:00,https://www.bloggingtheboys.com/dallas-cowboys-depth-chart/214435/predicting-outside-linebacker-depth-chart-von-miller,2026-08-18T23:49:17.490326+00:00
Dallas Cowboys,https://www.bloggingtheboys.com,Cowboys secondary already looks nothing like last year,"Yes, it’s just one preseason game. Yes, most of the players on the field against the Seahawks on Sunday won’t make the 53-man roster. Yes, individual preseason stats mean next to nothing when the regular season rolls around. But you can’t just ignore what happens in these preseason games either. One interesting stat that popped [&#8230;]",One Cool Customer,2026-08-18T12:00:00-04:00,https://www.bloggingtheboys.com/dallas-cowboys-analysis/214379/secondary-passer-rating-cornerback-safety-preseason,2026-08-18T23:49:17.490326+00:00
Dallas Cowboys,https://www.bloggingtheboys.com,Offensive line grades for the Cowboys first preseason game,"The Dallas Cowboys are set with their offensive line starters, which is why none of this group played on Saturday. The main five: LT &#8211; Tyler Guyton LG &#8211; Tyler Smith C &#8211; Cooper Beebe RG &#8211; Tyler Booker RT &#8211; Terence Steele Now, the attention shifts to finding quality backups to build the depth [&#8230;]",Dan Rogers,2026-08-18T10:30:00-04:00,https://www.bloggingtheboys.com/dallas-cowboys-preseason/214303/offensive-line-grades-seahawks-preseason-game,2026-08-18T23:49:17.490326+00:00
Dallas Cowboys,https://www.bloggingtheboys.com,5 players on roster bubble after addition of Von Miller,"The Dallas Cowboys made a move for a veteran pass rusher Sunday night. The NFL’s ninth all-time leader in sacks, Von Miller, is signing with the team after spending most of the offseason waiting for the right opportunity. The newest Cowboy brings added veteran leadership to a pass rush unit that includes Rashan Gary, Donovan [&#8230;]",Brandon_Loree,2026-08-18T09:00:00-04:00,https://www.bloggingtheboys.com/dallas-cowboys-news/214340/5-players-roster-battle-von-miller-sam-williams-marist-liufau,2026-08-18T23:49:17.490326+00:00
Denver Broncos,https://www.milehighreport.com,2026 Broncos training camp: Day 13 live updates,"Welcome to Day 13 of Denver Broncos training camp. The team closed practice on Monday due to unsafe conditions of the bleachers after weekend storms. That leaves us with just two more days of public camp practices, though, they closed last Wednesday’s too as they prepared for the first preseason game. We could see the [&#8230;]",Tim Lynch,2026-08-18T14:12:14-04:00,https://www.milehighreport.com/denver-broncos-training-camp/182029/2026-broncos-training-camp-day-12-live-updates,2026-08-18T23:49:17.490326+00:00
Denver Broncos,https://www.milehighreport.com,Inside linebackers stepping up to the challenge for Broncos,"For established players in the NFL, the preseason isn’t arduous. It’s the calm before the storm. But for rookies and undrafted free agents, it’s the exact opposite. It is the storm. One big play could be the difference between making the team or finding yourself on the outside looking in. The latter rings true for [&#8230;]",Christopher Hart,2026-08-18T10:00:00-04:00,https://www.milehighreport.com/denver-broncos-training-camp/182169/inside-linebackers-stepping-up-to-the-challenge-for-broncos,2026-08-18T23:49:17.490326+00:00
Denver Broncos,https://www.milehighreport.com,"Broncos roster 2026: Ja’Quan McMillian, Dasan McCullough, Red Murdock are underrated","In the Houston Texans Hidden Gems piece, I posited that the Texans were the NFL’s great “what-if” team of the 2025 season, because if their offense had been even league-average in the playoffs, that defense could have taken them all the way to the Super Bowl. Well, if the Texans weren’t last year’s great “what-if” [&#8230;]",Doug Farrar,2026-08-18T08:00:00-04:00,https://www.milehighreport.com/denver-broncos-analysis/181027/denver-broncos-hidden-gems-3-secret-superstars-on-the-2026-roster,2026-08-18T23:49:17.490326+00:00
Denver Broncos,https://www.milehighreport.com,Horse Tracks: Broncos’ defense picks up where it left off,"Sean Payton acknowledged there are “just a handful of things” he might be mad about following the 27-7 preseason win over the Falcons last weekend, but that would be an improvement over his mood following the first preseason game last year when he had “14 things to be pissed off about.” And other than “too [&#8230;]",Laurie Lattimore-Volkmann,2026-08-18T06:25:33-04:00,https://www.milehighreport.com/denver-broncos-news/182186/horse-tracks-broncos-defense-picks-up-where-it-left-off,2026-08-18T23:49:17.490326+00:00
Denver Broncos,https://www.milehighreport.com,RJ Harvey optimistic Broncos’ rushing attack can be dynamic this season,"There were a lot of positive developments for the Denver Broncos in their 27-7 victory over the Atlanta Falcons in the first game of the preseason. The defense forced some turnovers, Jarrett Stidham played well starting at quarterback, and Offensive Coordinator Davis Webb dialed up a lot of creative plays. However, one of the best [&#8230;]",Christopher Hart,2026-08-17T20:15:00-04:00,https://www.milehighreport.com/denver-broncos-training-camp/182117/rj-harvey-optimistic-broncos-rushing-attack-can-be-dynamic-this-season,2026-08-18T23:49:17.490326+00:00
Detroit Lions,https://www.prideofdetroit.com,Former Lions CB Terrion Arnold won’t be able to play for Seahawks right away,"Former Detroit Lions cornerback Terrion Arnold appears to be headed for the Seattle Seahawks, but there are a few roadblocks in the way before the former first-round pick can see the field. Arnold and the Seahawks have agreed upon a contract, but Seahawks head coach Mike Macdonald said recently that they’re working through some things [&#8230;]",Jeremy Reisman,2026-08-18T17:00:00-04:00,https://www.prideofdetroit.com/detroit-lions-news/169768/former-lions-terrion-arnold-commissioner-exempt-list-seahawks,2026-08-18T23:49:17.490326+00:00
Detroit Lions,https://www.prideofdetroit.com,Lions rookie LB Jimmy Rolder provides very optimistic injury update,"At the start of training camp, the Detroit Lions got some bad luck. Fourth-round pick Jimmy Rolder suffered a hamstring injury that coach Dan Campbell described as something that will keep him out “a while,” but wasn’t a season ender. Another report suggested it wasn’t a severe injury, but that he’ll still “miss some time.” [&#8230;]",Jeremy Reisman,2026-08-18T14:04:54-04:00,https://www.prideofdetroit.com/detroit-lions-news/169761/lions-rookie-lb-jimmy-rolder-provides-very-optimistic-injury-update,2026-08-18T23:49:17.490326+00:00
Detroit Lions,https://www.prideofdetroit.com,Exclusive interview with Lions front office executive live from training camp,"On Monday evening, Pride of Detroit notched another really exciting and fun moment in the history of our site. We got to record our weekly PODcast on the grounds of the Detroit Lions’ practice facility in the hour lead-up to their scrimmage practice. Streaming live just a few feet from where the Lions were warming [&#8230;]",Jeremy Reisman,2026-08-18T11:00:00-04:00,https://www.prideofdetroit.com/detroit-lions-training-camp/169733/exclusive-interview-detroit-lions-front-office-executive-rob-lohman-training-camp,2026-08-18T23:49:17.490326+00:00
Detroit Lions,https://www.prideofdetroit.com,Observations from Detroit Lions training camp full scrimmage,"On Day 14 of 2026 training camp, the Detroit Lions held their annual “night practice,” where they ran a full-squad scrimmage. The team splits in half, with the first-team offense pairing with the second- and third-team defense, while the defensive starters pair with the offensive reserves. It’s a fun, fast-paced practice with a lot of [&#8230;]",Erik Schlitt,2026-08-18T10:00:00-04:00,https://www.prideofdetroit.com/detroit-lions-training-camp/169687/observations-from-detroit-lions-training-camp-full-scrimmage,2026-08-18T23:49:17.490326+00:00
Detroit Lions,https://www.prideofdetroit.com,Breaking down the Detroit Lions’ 3 GRIT Plays of the Week vs. Bengals,"We’ve spent five years hearing Dan Campbell tell us about GRIT.&#160; ESPN has had “C’mon Man!” and “Jacked Up!” on “Monday Night Countdown”, while NFL Network has given us “Angry Runs” on “Good Morning Football.“ And of course “You Got Mossed!” on “Sunday NFL Countdown.“ I figure it’s time we start punching some holes in [&#8230;]",Anthony Balaj,2026-08-18T09:00:00-04:00,https://www.prideofdetroit.com/detroit-lions-analysis/169606/flim-breakdown-detroit-lions-3-grit-plays-week-vs-bengals,2026-08-18T23:49:17.490326+00:00
Detroit Lions,https://www.prideofdetroit.com,How preseason game 1 shifted Detroit Lions’ roster bubble on defense,"In the Detroit Lions’ 16-14 preseason loss to the Cincinnati Bengals, the defense put on a bit of a show. Despite playing their backups against Joe Burrow and several Bengals starters on offense, the Lions managed to hold Cincinnati to just 10 points and a mere 125 yards in the first half. They were able [&#8230;]",Jeremy Reisman,2026-08-18T08:00:00-04:00,https://www.prideofdetroit.com/detroit-lions-analysis/169698/how-preseason-game-1-shifted-detroit-lions-roster-bubble-on-defense,2026-08-18T23:49:17.490326+00:00
Detroit Lions,https://www.prideofdetroit.com,Discussion: Who is the top sleeper pick to make the Detroit Lions’ roster?,"The Detroit Lions are well past the midway point of training camp. In fact, roster cutdown day is less than two weeks away, with teams needing to shrink their roster by Sunday, August 30. For a roster like the Detroit Lions’, the top 40 spots are likely already pretty set. This camp didn’t see many [&#8230;]",Jeremy Reisman,2026-08-18T07:07:00-04:00,https://www.prideofdetroit.com/detroit-lions-discussion/169688/discussion-who-is-the-top-sleeper-pick-to-make-the-detroit-lions-roster,2026-08-18T23:49:17.490326+00:00
Green Bay Packers,https://www.acmepackingcompany.com,"Packers claim edge rusher Arden Walker, fill roster","Several days after the Green Bay Packers opened up a roster spot by waiving quarterback Kyron Drones, the team finally filled the position today by claiming pass-rusher Arden Walker off waivers. Walker, an undrafted rookie, was waived by the Minnesota Vikings — who also run a 3-4 defense — after the team replaced Walker with [&#8230;]",Justis Mosqueda,2026-08-18T17:24:24-04:00,https://www.acmepackingcompany.com/green-bay-packers-news/84885/packers-claim-edge-rusher-fill-roster-arden-walker,2026-08-18T23:49:17.490326+00:00
Green Bay Packers,https://www.acmepackingcompany.com,Packers Training Camp Recap: Cornerback competition ramps up,"Obviously, cornerback Keisean Nixon generated some buzz on Sunday after he told the press that he guesses he’s “being punished right now” by working occasionally with the second-team defense, and stayed on the field with both the first- and second-team defenses throughout the Green Bay Packers’ preseason opener against the Pittsburgh Steelers. Head coach Matt [&#8230;]",Justis Mosqueda,2026-08-18T14:27:35-04:00,https://www.acmepackingcompany.com/green-bay-packers-news/84870/packers-training-camp-recap-cornerback-competition-ramps-up-keisean-nixon,2026-08-18T23:49:17.490326+00:00
Green Bay Packers,https://www.acmepackingcompany.com,Green Bay Packers News: What does the Packers’ future look like?,"As the Packers head toward the end of training camp, let’s spare a thought for the future of the team. What will they look like in 2027 and beyond? Assuming Tucker Kraft’s extension is as done of a deal as everyone seems to think, pretty much every player of consequence is already locked in for [&#8230;]",Jon Meerdink,2026-08-18T10:33:10-04:00,https://www.acmepackingcompany.com/green-bay-packers-news/84856/tuesday-cheese-curds-what-does-the-packers-future-look-like,2026-08-18T23:49:17.490326+00:00
Green Bay Packers,https://www.acmepackingcompany.com,It’s time for the Packers to let Jordan Love rip it,"After years of maintaining a balanced offensive attack, it’s time for the Green Bay Packers and Matt LaFleur’s offensive staff to let Jordan Love air it out in 2026. Over the last two seasons, the Packers have operated one of the more run-focused offenses in football. Last season, they ranked fifth in the NFL with [&#8230;]",Tyler Brooke,2026-08-18T10:30:00-04:00,https://www.acmepackingcompany.com/green-bay-packers-analysis/84849/its-time-for-the-packers-to-let-jordan-love-rip-it,2026-08-18T23:49:17.490326+00:00
Green Bay Packers,https://www.acmepackingcompany.com,Which Packers players could play surprisingly big roles in 2026?,"Every year, NFL teams need to rely on unheralded depth players to fill in at big moments. Sometimes, these players need to step up all season long due to early injuries — just think about the 2010 Packers going running back-by-committee, seeing Desmond Bishop take over a starting linebacker spot, or getting 8 starts and [&#8230;]","Evan ""Tex"" Western",2026-08-18T10:00:00-04:00,https://www.acmepackingcompany.com/green-bay-packers-analysis/84832/which-packers-players-could-play-surprisingly-big-roles-in-2026,2026-08-18T23:49:17.490326+00:00
Green Bay Packers,https://www.acmepackingcompany.com,"Packers Film Room, Preseason Week 1: Jordan Love",The Packers lost to the Steelers in their first preseason by the score of something-to-something. It’s preseason. The final score does not matter. There are two main things I truly care about when it comes to preseason:1. Were there any injuries?2. How did the players look on an individual basis? Point 2 is a little [&#8230;],Dusty Evely,2026-08-18T08:30:00-04:00,https://www.acmepackingcompany.com/green-bay-packers-analysis/84818/packers-film-room-preseason-week-1-jordan-love,2026-08-18T23:49:17.490326+00:00
Houston Texans,https://www.battleredblog.com,Groupthink: Over-reactions to Texans’ preseason loss,"The dust has settled at Reliant Stadium after the first preseason game ended in a disappointing loss. Houston was beat by the Los Angeles Chargers 27-7. After the frustrating loss, it was easy to slip into a frustrating spiral of worry and exasperation. All the hype and excitement of football being back escaped immediately. With [&#8230;]",Kenneth Levy,2026-08-18T09:58:00-04:00,https://www.battleredblog.com/houston-texans-preseason/77044/groupthink-over-reactions-to-texans-preseason-loss,2026-08-18T23:49:17.490326+00:00
Indianapolis Colts,https://www.stampedeblue.com,Colts make handful of roster moves during last stretch of training camp,"Before their last training camp practices, which are joint practices with the Atlanta Falcons this week, the Indianapolis Colts made a handful of roster moves. The Colts signed free agent offensive tackle Roy Mbaeteka, tight end Tyler Moore, and offensive tackle Trey Wedig. Regarding Wedig, he previously had worked out with the Colts on Monday. [&#8230;]",Luke Schultheis,2026-08-18T17:28:11-04:00,https://www.stampedeblue.com/indianapolis-colts-news/126595/colts-make-handful-of-roster-moves-during-last-stretch-of-training-camp,2026-08-18T23:49:17.490326+00:00
Indianapolis Colts,https://www.stampedeblue.com,Colts star running back Jonathan Taylor cracks Top 20 of NFL Top 100,"With a new lucrative contract extension recently in place, Indianapolis Colts star running back Jonathan Taylor now has another honor to his name, as he cracked the Top 20 of the NFL Top 100, which is voted on by his peers: It’s a major leap for Taylor, who wasn’t even considered on last year’s Top [&#8230;]",Luke Schultheis,2026-08-18T17:03:34-04:00,https://www.stampedeblue.com/indianapolis-colts-news/126591/colts-star-running-back-jonathan-taylor-cracks-top-20-of-nfl-top-100,2026-08-18T23:49:17.490326+00:00
Indianapolis Colts,https://www.stampedeblue.com,What does the Colts signing  Keenan Allen tell us about Alec Pierce?,"The veteran help the Indianapolis Colts desperately needed has finally arrived in the form of Keenan Allen. The long-time Charger is winding down his career and adding at least one more pit stop before calling it quits. The Colts hope he has enough gas in the tank to help in 2026. This is great news, [&#8230;]",Jon Spradley,2026-08-18T11:42:50-04:00,https://www.stampedeblue.com/indianapolis-colts-analysis/126585/what-does-the-colts-signing-keenan-allen-tell-us-about-alec-pierce,2026-08-18T23:49:17.490326+00:00
Indianapolis Colts,https://www.stampedeblue.com,BREAKING: Colts reportedly sign former Pro Bowl veteran wideout Keenan Allen,"With lead wideout Alec Pierce still recovering from off-season ankle surgery, the Indianapolis Colts wide receiver room was beginning to feel concerning. A single injury to Josh Downs (who recently left practice with what was described as an “upper body injury”) could have been catastrophic to the offense’s chance to repeat the success it had [&#8230;]",Chris Shepherd,2026-08-17T23:09:58-04:00,https://www.stampedeblue.com/indianapolis-colts-free-agency/126565/breaking-colts-sign-wr-keenan-allen,2026-08-18T23:49:17.490326+00:00
Indianapolis Colts,https://www.stampedeblue.com,Colts indicate their current intentions to keep QB Anthony Richardson Sr.,"According to their assistant general manager Ed Dodds, the Indianapolis Colts currently plan on keeping backup quarterback Anthony Richardson Sr., as they intend on keeping three quarterbacks and aren’t wanting to detract from their current team (via The Athletic’s James Boyd). Now, if the Colts had gotten meaningful trade value back in a swap for [&#8230;]",Luke Schultheis,2026-08-17T22:44:31-04:00,https://www.stampedeblue.com/indianapolis-colts-news/126559/colts-indicate-their-current-intentions-to-keep-qb-anthony-richardson-sr,2026-08-18T23:49:17.490326+00:00
Indianapolis Colts,https://www.stampedeblue.com,"Colts work out experienced veteran offensive guard, among other offensive linemen","According to the NFL transaction wire, the Indianapolis Colts worked out former Arizona Cardinals and New York Giants offensive guard Will Hernandez, along with offensive tackles Trey Wedig and D’Ante Smith. Originally a 2018 2nd round pick of the Giants, the 30-year-old veteran offensive guard is likely most well known by Colts fans as being [&#8230;]",Luke Schultheis,2026-08-17T22:30:42-04:00,https://www.stampedeblue.com/indianapolis-colts-news/126556/colts-work-out-experienced-veteran-offensive-guard-among-other-offensive-linemen,2026-08-18T23:49:17.490326+00:00
Jacksonville Jaguars,https://www.bigcatcountry.com,Patrick Mekari Reportedly Undergoes Back Surgery,"The Jacksonville Jaguars have another important question to answer along the offensive line as the regular season approaches, with multiple reports confirming starting right guard Patrick Mekari recently underwent back surgery. Following an offseason where the team has slowly brought Mekari along, while manging this injury, this reported news creates a mountain of uncertainty around [&#8230;]",Travis Holmes,2026-08-18T01:25:33-04:00,https://www.bigcatcountry.com/jacksonville-jaguars-injuries/87679/patrick-mekari-reportedly-undergoes-back-surgery,2026-08-18T23:49:17.490326+00:00
Kansas City Chiefs,https://www.arrowheadpride.com,Eric Bieniemy did more than just watch the Chiefs practice remotely,"Kansas City Chiefs offensive coordinator Eric Bieniemy has been back at training camp for a week now after a leave of absence due to his wife, Mia Bieniemy, suffering a gunshot wound in a domestic incident involving one of the couple’s sons. “Thank you to the Hunt family, the entire Chiefs family,” Bieniemy began. “For [&#8230;]",Ron Kopp Jr.,2026-08-18T14:00:00-04:00,https://www.arrowheadpride.com/kansas-city-chiefs-news/207979/eric-bieniemy-more-than-just-watch-chiefs-practice-remotely,2026-08-18T23:49:17.490326+00:00
Kansas City Chiefs,https://www.arrowheadpride.com,"Fourth Chiefs player on NFL’s ‘Top 100’ countdown is Patrick Mahomes, No. 18","On Tuesday, quarterback Patrick Mahomes became the fourth Kansas City Chiefs player to be revealed on this year’s “NFL Top 100 list.” The league revealed Mahomes as the No. 18 player on its official X account. Center Creed Humphrey came in at No. 94 earlier this summer, tight end Travis Kelce at No. 79 and [&#8230;]",Ron Kopp Jr.,2026-08-18T10:15:00-04:00,https://www.arrowheadpride.com/kansas-city-chiefs-news/207929/fourth-chiefs-player-nfls-top-100-countdown-is-patrick-mahomes,2026-08-18T23:49:17.490326+00:00
Kansas City Chiefs,https://www.arrowheadpride.com,Chiefs live training camp practice observations Day 16,"On Tuesday morning, the Kansas City Chiefs are having the 16th full-team practice of this year’s training camp on the grass fields at Missouri Western State University in St. Joe. Practice is not expected to be as dreadfully hot; the team will be donning pads for the second consecutive day. Arrowhead Pride will not have [&#8230;]",Ron Kopp Jr.,2026-08-18T10:00:00-04:00,https://www.arrowheadpride.com/kansas-city-chiefs-training-camp/207917/chiefs-live-training-camp-practice-observations-day-16,2026-08-18T23:49:17.490326+00:00
Kansas City Chiefs,https://www.arrowheadpride.com,Jared Wiley prides himself on making catches like the one from Saturday,"There wasn’t an abundance of highlights from the Kansas City Chiefs’ first preseason game, and one of the top plays was initially called an incompletion before head coach Andy Reid decided to throw the red challenge flag. You can even see one of the two officials on the play nearly confirm this nine-yard catch by [&#8230;]",Ron Kopp Jr.,2026-08-18T09:00:00-04:00,https://www.arrowheadpride.com/kansas-city-chiefs-analysis/207906/jared-wiley-prides-himself-making-catches-saturday,2026-08-18T23:49:17.490326+00:00
Kansas City Chiefs,https://www.arrowheadpride.com,Chiefs News: Chiefs fans rank second in Nielsen ‘fandom index’,The latest Kansas City Chiefs fans have been loud and proud for a long time. It’s no surprise that a recent Nielsen study found them in the top 2 among all NFL fan bases. The only team that ranked higher isn’t too big of a surprise: the Buffalo Bills have a habit of topping Kansas [&#8230;],Ron Kopp Jr.,2026-08-18T06:30:00-04:00,https://www.arrowheadpride.com/kansas-city-chiefs-news/207894/chiefs-news-fans-rank-second-nielsen-fandom-index,2026-08-18T23:49:17.490326+00:00
Las Vegas Raiders,https://www.silverandblackpride.com,Silver and Black Pride Reacts Survey,"Welcome to SB Nation Reacts, a survey of fans across the NFL. Throughout the year we ask questions of the most plugged-in Raiders fans and fans across the country. Will Rob Leonard get fired after year 1? let us know your thoughts below in this week’s SB Nation Reacts survey. Sign up here to participate [&#8230;]",Marcus Johnson,2026-08-18T19:30:00-04:00,https://www.silverandblackpride.com/las-vegas-raiders-odds/137062/silver-and-black-pride-reacts-survey,2026-08-18T23:49:17.490326+00:00
Las Vegas Raiders,https://www.silverandblackpride.com,Nakobe Dean embracing leadership role during Las Vegas Raiders’ training camp,"When the Las Vegas Raiders signed linebacker Nakobe Dean during free agency this offseason, the team wasn’t just getting a defender who can patrol the second level of the defense. It added a much-needed leader to a young position group and defense. While Maxx Crosby has done a good job in that role over the [&#8230;]",Matt Holder,2026-08-18T17:44:00-04:00,https://www.silverandblackpride.com/las-vegas-raiders-preseason/136138/las-vegas-raiders-training-camp-nakobe-dean-leadership,2026-08-18T23:49:17.490326+00:00
Las Vegas Raiders,https://www.silverandblackpride.com,Mike Washington Jr. embracing ‘physical mindset’ in Klint Kubiak’s offense during Las Vegas Raiders training camp,"Part of the reason the Las Vegas Raiders hired Klint Kubiak as head coach this offseason is because of his impressive rushing attack. The Seattle Seahawks ranked 10th in the NFL in rushing yards, totaling nearly 2,100 yards during the 2025 regular season en route to hoisting the Lombardi Trophy last February. Kubiak accomplished that [&#8230;]",Matt Holder,2026-08-18T15:07:00-04:00,https://www.silverandblackpride.com/las-vegas-raiders-preseason/136676/las-vegas-raiders-training-camp-mike-washington-klint-kubiak,2026-08-18T23:49:17.490326+00:00
Las Vegas Raiders,https://www.silverandblackpride.com,How are you feeling about Kirk Cousins likely being starting QB?,"Prior to training camp, there was a large faction of Las Vegas Raiders fans who were not happy about the reports that the team was expected to make nww veteran addition Kirk Cousins the starting quarterback to start the season (and likely remain the starter for much, if not, all of he 2026 season) over [&#8230;]",Bill Williamson,2026-08-18T13:08:00-04:00,https://www.silverandblackpride.com/las-vegas-raiders-discussion/136553/raiders-kirk-cousins-starting-quarterback-fernando-mendoza,2026-08-18T23:49:17.490326+00:00
Las Vegas Raiders,https://www.silverandblackpride.com,Fernando Mendoza gets some work against Texans’ 1st team,"The Las Vegas Raiders held a joint practice with the host Houston Texans on Tuesday and, as head coach Klint Kubiak suggested might happen last week, rookie quarterback Fernando Mendoza did, indeed, get some work with the first-team offense. Mendoza got extensive work with the first- team offense for the first time in training camp [&#8230;]",Bill Williamson,2026-08-18T12:28:54-04:00,https://www.silverandblackpride.com/las-vegas-raiders-preseason/137143/raiders-texans-joint-practice-fernando-mendoza-first-team-offense,2026-08-18T23:49:17.490326+00:00
Las Vegas Raiders,https://www.silverandblackpride.com,Breaking down Fernando Mendoza’s preseason debut for Las Vegas Raiders against Arizona Cardinals,"Thursday night provided the moment we’ve all been waiting for: Fernando Mendoza’s Las Vegas Raiders debut! Kind of… Of course, it’s just the preseason, and we don’t know when Mendoza will be on the field for the regular season. Regardless, he was sharp against the Arizona Cardinals, completing 10 of 16 pass attempts (62.5%) for [&#8230;]",Matt Holder,2026-08-18T12:05:00-04:00,https://www.silverandblackpride.com/las-vegas-raiders-preseason/137050/las-vegas-raiders-preseason-fernando-mendoza-cardinals-film-breakdown,2026-08-18T23:49:17.490326+00:00
Las Vegas Raiders,https://www.silverandblackpride.com,Raiders-Texans joint practice keys,The Las Vegas Raiders are having a joint training camp practice with at the Houston Texans on Tuesday morning before they play a preseason game there Thursday night. This will be some of the most important work of training camp and the preseason because the starters should get a lot of work. Here are some [&#8230;],Bill Williamson,2026-08-18T10:31:00-04:00,https://www.silverandblackpride.com/las-vegas-raiders-preseason/136575/raiders-texans-joint-practice-preview,2026-08-18T23:49:17.490326+00:00
Las Vegas Raiders,https://www.silverandblackpride.com,Raiders News: Players gear up for joint practice against Houston Texans,"Las Vegas Raiders’ training camp will be a little different today, Tuesday, Aug. 18, with a joint practice against the Houston Texans ahead of their preseason game on Thursday evening. On Sunday, head coach Klint Kubiak was asked about the session in Houston and said “the intensity is going to ramp up,” but the standards [&#8230;]",Matt Holder,2026-08-18T10:00:00-04:00,https://www.silverandblackpride.com/las-vegas-raiders-news/137076/las-vegas-raiders-news-joint-practice-houston-texans-training-camp,2026-08-18T23:49:17.490326+00:00
Las Vegas Raiders,https://www.silverandblackpride.com,The Las Vegas Raiders joint practice in Houston are critical,"Monday afternoon, the Las Vegas Raiders boarded a plane headed for Houston, Texas. Setting the stage for a joint practice Tuesday with the Texans before the Week 2 preseason contest on Thursday. Texans are premium grade-A beef Fresh off a 27- 14 Week 1 loss to the Arizona Cardinals, the Raiders have had an opportunity [&#8230;]",Philip Robinson,2026-08-18T09:10:13-04:00,https://www.silverandblackpride.com/las-vegas-raiders-preseason/137074/las-vegas-raiders-houston-texans-joint-practice,2026-08-18T23:49:17.490326+00:00
Las Vegas Raiders,https://www.silverandblackpride.com,General thoughts on preseason so far?,Head to the comments section to share your thoughts and join the conversation. You can sign up for a commenting account below and we have full-time moderators to enforce the Community Guidelines.,Bill Williamson,2026-08-18T09:02:00-04:00,https://www.silverandblackpride.com/las-vegas-raiders-discussion/108922/general-thoughts-on-preseason-so-far,2026-08-18T23:49:17.490326+00:00
Los Angeles Rams,https://www.turfshowtimes.com,Do Rams have a rookie blind spot?,"For another year, the Los Angeles Rams are unlikely to get much value out of their rookie class. Given the success that recent Super Bowl winners have had thanks to contributions from rookies, is the draft Les Snead’s biggest blindspot and could it hold the Rams back from winning the Super Bowl in 2026? 2026 [&#8230;]",Kenneth Arthur,2026-08-18T16:24:24-04:00,https://www.turfshowtimes.com/los-angeles-rams-roster/146370/rams-rookie-class-super-bowl,2026-08-18T23:49:17.490326+00:00
Los Angeles Rams,https://www.turfshowtimes.com,"5Qs, 5As with Canal Street Chronicles: Is a division title ‘in sight’ for Saints?","The Los Angeles Rams head to SoFi Stadium for the second week of preseason action against the New Orleans Saints. This will be LA’s only preseason game in front of the Ramily, and won’t play in front of the home crowd until Week 2 in a Monday Night Football date with the New York Giants. [&#8230;]",Evan Craig,2026-08-18T12:00:00-04:00,https://www.turfshowtimes.com/los-angeles-rams-preseason/146381/rams-saints-preseason-preview-moore-playoff-chances,2026-08-18T23:49:17.490326+00:00
Los Angeles Rams,https://www.turfshowtimes.com,Ty Simpson’s first impression matters in a big way,"First impressions are extremely important in the NFL, especially for first-round picks and even more so for quarterbacks. While Ty Simpson was far from setting the world ablaze on Saturday against the Kansas City Chiefs, he still had a strong debut with the Los Angeles Rams. The rookie first-round pick left a positive impression that [&#8230;]",JB Scott,2026-08-18T11:00:00-04:00,https://www.turfshowtimes.com/los-angeles-rams-preseason/146375/ty-simpson-sean-mcvay-jared-goff,2026-08-18T23:49:17.490326+00:00
Los Angeles Rams,https://www.turfshowtimes.com,What message did Tom Brady give Ty Simpson?,"Ty Simpson was taking part in a Fanatics event when he was gifted a message of encouragement and a signed jersey, all from Tom Brady. The video is below, as is the quote from Brady to Simpson and it’s all very wholesome. If you can forget for a moment that Brady won two Super Bowls [&#8230;]",Danny Stone,2026-08-18T09:03:00-04:00,https://www.turfshowtimes.com/los-angeles-rams-news/146357/rams-simpson-brady-garrett-nacua-mcvay,2026-08-18T23:49:17.490326+00:00
Los Angeles Rams,https://www.turfshowtimes.com,5 Rams questions I have after first preseason game,"Saturday’s game between the Los Angeles Rams and the Kansas City Chiefs brought answers and left us with some significant questions. There remain two exhibition games to collect information ahead of the page turning to the regular season. If searching for answers to the leftover burning questions, these are the areas I would start: 1 [&#8230;]",JB Scott,2026-08-17T21:48:17-04:00,https://www.turfshowtimes.com/los-angeles-rams-depth-chart/146372/rams-preseason-burning-questions-depth-chart,2026-08-18T23:49:17.490326+00:00
Los Angeles Rams,https://www.turfshowtimes.com,"Myles Garrett, Puka Nacua absences will be prolonged","Neither Myles Garrett nor Puka Nacua were supposed to be missing this many practices based on initial reports, but the Los Angeles Rams don’t expect to get either star player back this week, according to Sean McVay. Although McVay stated last week that Nacua would return to practice, the head coach has now pushed his [&#8230;]",Kenneth Arthur,2026-08-17T15:41:28-04:00,https://www.turfshowtimes.com/los-angeles-rams-injuries/146353/myles-garrett-puka-nacua-injury-update,2026-08-18T23:49:17.490326+00:00
Miami Dolphins,https://www.thephinsider.com,Giants sign Najee Harris ahead of Dolphins preseason game,"The Miami Dolphins are set to host the New York Giants this week, having the visitors join them for a joint practice on Thursday before meeting in Preseason Week 2 on Saturday. The Giants made a major roster move on Tuesday, adding former Pro Bowl running back Najee Harris to their roster on a one-year [&#8230;]",Kevin Nogle,2026-08-18T13:16:37-04:00,https://www.thephinsider.com/miami-dolphins-preseason-2/121719/dolphins-vs-giants-preseason-signing-najee-harris-news-roster,2026-08-18T23:49:17.490326+00:00
Miami Dolphins,https://www.thephinsider.com,Jeff Hafley ‘hopeful’ Chris Bell will be ready for regular season,"Yesterday, Miami Dolphins rookie receiver Chris Bell was activated off of the team’s non-football injury list nine months removed from an ACL tear that ended his final season at Louisville prematurely. He practiced with the team in a red, non-contact jersey on Monday. Today, ahead of Miami’s practice, head coach Jeff Hafley met with the [&#8230;]",Marek Brave,2026-08-18T09:43:59-04:00,https://www.thephinsider.com/miami-dolphins-injuries/121694/jeff-hafley-hopeful-chris-bell-will-be-ready-for-regular-season,2026-08-18T23:49:17.490326+00:00
Miami Dolphins,https://www.thephinsider.com,Dolphins defensive tackle Kenneth Grant to miss time with injury,"The Miami Dolphins are gearing up for their preseason game against the New York Giants taking place this Saturday afternoon at Hard Rock Stadium, however another important defensive piece is missing from the team’s practices leading up to that clash. Miami’s first round pick from the 2025 NFL Draft — defensive tackle Kenneth Grant — [&#8230;]",Marek Brave,2026-08-18T09:22:49-04:00,https://www.thephinsider.com/miami-dolphins-injuries/121686/dolphins-defensive-tackle-kenneth-grant-to-miss-time-with-injury,2026-08-18T23:49:17.490326+00:00
Miami Dolphins,https://www.thephinsider.com,Dolphins preseason update: What is Miami’s biggest area of concern?,"Welcome to SB Nation Reacts, a survey of fans across the NFL. Throughout the year we ask questions of the most plugged-in Dolphins fans and fans across the country. The Miami Dolphins’ first preseason game did not go as well as hoped, with the Washington Commanders dominating the team throughout most of the contest. The [&#8230;]",Kevin Nogle,2026-08-18T09:00:00-04:00,https://www.thephinsider.com/miami-dolphins-discussion/121637/miami-dolphins-preseason-concerns-fans-safety-cornerback-backup-quarterback-depth-punting-injuries,2026-08-18T23:49:17.490326+00:00
Miami Dolphins,https://www.thephinsider.com,Dolphins bring back Seth Coleman-Lyles,"The Miami Dolphins are signing edge rusher Seth Coleman-Lyles, according to a report from the Miami Herald’s Barry Jackson. Coleman-Lyles was waived from the team earlier in the month, but now returns as Miami continues to churn the roster heading into Preseason Week 2. Coleman-Lyles originally signed with the Dolphins on a futures contract after [&#8230;]",Kevin Nogle,2026-08-18T07:30:00-04:00,https://www.thephinsider.com/miami-dolphins-training-camp/121676/miami-dolphins-roster-moves-depth-training-camp-seth-coleman-lyles-re-signed,2026-08-18T23:49:17.490326+00:00
Miami Dolphins,https://www.thephinsider.com,Miami Dolphins news: WR Chris Bell activated as Preseason Week 2 begins,The Miami Dolphins opened Week 2 of the 2026 NFL Preseason by activating rookie wide receiver Chris Bell from the non-football injury list. Bell has been recovering from a torn ACL he suffered in November when he was playing at Louisville. He has been allowed to do rehab work but could not practice while on [&#8230;],Kevin Nogle,2026-08-18T07:00:00-04:00,https://www.thephinsider.com/miami-dolphins-news/121669/miami-dolphins-news-training-camp-2026-injury-update-chris-bell-nfi-activated-kyle-louis-safety,2026-08-18T23:49:17.490326+00:00
Miami Dolphins,https://www.thephinsider.com,Your Strengths/Weaknesses Of The 26-27 Dolphins,"Last week I asked the following question: Of the various position groups on the 2026-2027 version of the Miami Dolphins, which do you believe are the team’s strengths and which are its weaknesses? Since I asked that the team had participated in a preseason game, some of your answers may have changed, but I suspect [&#8230;]",James McKinney,2026-08-17T20:00:00-04:00,https://www.thephinsider.com/miami-dolphins-discussion/121622/your-strengths-weaknesses-of-the-26-27-dolphins,2026-08-18T23:49:17.490326+00:00
Minnesota Vikings,https://www.dailynorseman.com,Daily Norseman Reacts Survey: Is a Hitman Return More Likely Now?,"Welcome to SB Nation Reacts, a survey of fans across the NFL. Throughout the year we ask questions of the most plugged-in Vikings fans and fans across the country. It’s time for this week’s SB Nation Reacts survey about our Minnesota Vikings, as we ask you folks a question about our favorite team that we [&#8230;]",Christopher Gates,2026-08-18T10:31:46-04:00,https://www.dailynorseman.com/minnesota-vikings-news/98220/daily-norseman-reacts-survey-is-a-hitman-return-more-likely-now,2026-08-18T23:49:17.490326+00:00
Minnesota Vikings,https://www.dailynorseman.com,"Vikings Preseason Week 1 Film Breakdown: Murray Comfortable, Backups Catastrophic","The Minnesota Vikings won their first preseason game, but the real story is in the film. Tyler Forness broke down every snap for The Real Forno Show, revealing a clean Kyler Murray operation, an alarming backup quarterback crisis, a breakout from Myles Price, and a linebacker group that might be the best unit on the [&#8230;]",David Stefano,2026-08-18T09:15:14-04:00,https://www.dailynorseman.com/minnesota-vikings-podcasts/98215/vikings-preseason-week-1-film-breakdown-murray-comfortable-backups-catastrophic,2026-08-18T23:49:17.490326+00:00
Minnesota Vikings,https://www.dailynorseman.com,"Vikings Sign CB Bryce Phillips, Place Jamal Adams on IR","The Minnesota Vikings announced a roster move on Monday morning, signing cornerback Bryce Phillips to their 90-man roster. They facilitated this move by placing safety Jamal Adams on injured reserve, officially ending his season following the injury he suffered in Saturday’s preseason opener. Phillips went undrafted in this past April’s NFL Draft and initially signed [&#8230;]",Christopher Gates,2026-08-17T12:21:23-04:00,https://www.dailynorseman.com/minnesota-vikings-news/98209/minnesota-vikings-sign-cb-bryce-phillips-place-jamal-adams-on-ir,2026-08-18T23:49:17.490326+00:00
New England Patriots,https://www.patspulpit.com,Patriots waive tight end after signing veteran lineman Greg Van Roten,"After agreeing to terms with veteran offensive lineman Greg Van Roten, the New England Patriots had a corresponding move to make. The organization officially opened a spot on Tuesday by waiving tight end Mitch Van Vooren. The follow-up transaction keeps the 91-man roster at capacity ahead of joint practices with the Philadelphia Eagles. Van Vooren, [&#8230;]",Oliver Thomas,2026-08-18T16:26:39-04:00,https://www.patspulpit.com/new-england-patriots-news/133717/patriots-waive-mitch-van-vooren-following-greg-van-roten-signing,2026-08-18T23:49:17.490326+00:00
New England Patriots,https://www.patspulpit.com,3 performances of note from the Patriots’ 18th training camp practice,"With the Philadelphia Eagles set to join them on the practice fields the next two days, the New England Patriots decided to take things slow on Tuesday. The club held its second walkthrough in three days in order to get ready of what projects to be two intense joint sessions. To recap the 18th practice [&#8230;]",Brian Hines,2026-08-18T15:58:00-04:00,https://www.patspulpit.com/new-england-patriots-training-camp/133724/winners-losers-patriots-training-camp-practice-tuesday,2026-08-18T23:49:17.490326+00:00
New England Patriots,https://www.patspulpit.com,Patriots training camp recap: Christian Gonzalez remains out during walkthrough,"Ahead of a pair of joint practices, the New England Patriots dialed things down on Tuesday holding a walkthrough practice. Here’s what went down on the fields behind Gillette Stadium. Setting Attire:&#160;Jerseys, shorts, sneakers and bucket hats Duration:&#160;ca. 80 minutes (10:10 a.m.-11:30 a.m. ET) Conditions:&#160;Sunny, temperatures in the high 70s In typical walkthrough fashion, players [&#8230;]",Brian Hines,2026-08-18T13:13:15-04:00,https://www.patspulpit.com/new-england-patriots-training-camp/133698/patriots-training-camp-recap-christian-gonzalez-remains-out-during-walkthrough,2026-08-18T23:49:17.490326+00:00
New England Patriots,https://www.patspulpit.com,"Patriots News: Eagles Week, camp takeaways, Year-2 leaps","It’s Eagles Week! Joint practices will be held Wednesday and Thursday ahead of a Saturday night preseason game on August 22nd at 7:00 pm. The only winners I’m concerned about will be the players who finish the week uninjured. My injury anxiety is real, and it’s spectacular. Before the game however we have plenty of [&#8230;]",Marima,2026-08-18T11:01:56-04:00,https://www.patspulpit.com/new-england-patriots-news/133654/patriots-news-eagles-week-camp-takeaways-year-2-leaps,2026-08-18T23:49:17.490326+00:00
New England Patriots,https://www.patspulpit.com,All-around improvement has Elijah Ponder positioned for second-year jump,"Mike Vrabel’s first ever 53-man roster as head coach of the New England Patriots featured a pair of undrafted rookies. But while Efton Chism had a relatively quiet first year as a reserve wide receiver, Elijah Ponder was much more involved in the operation along the defensive edge and in the kicking game. Sure, a [&#8230;]",Bernd Buchmasser,2026-08-18T09:03:12-04:00,https://www.patspulpit.com/new-england-patriots-news/133685/all-around-improvement-elijah-ponder-second-year-jump,2026-08-18T23:49:17.490326+00:00
New England Patriots,https://www.patspulpit.com,Undrafted rookie Jacob Rizy taking increased Patriots role in stride,"When Ben Brown went down in the first quarter of the preseason opener against the Indianapolis Colts, the New England Patriots were forced to adapt. That meant inserting third-string center Jacob Rizy into the lineup much sooner than initially anticipated. Rizy ended up playing 55 straight snaps to close out the 13-13 game, taking the [&#8230;]",Bernd Buchmasser,2026-08-18T07:55:47-04:00,https://www.patspulpit.com/new-england-patriots-news/133636/undrafted-rookie-jacob-rizy-increased-role-center,2026-08-18T23:49:17.490326+00:00
New England Patriots,https://www.patspulpit.com,Fans confident in Will Campbell’s ability to make a Year 2 leap,"The Year 2 leap is a common phrase around the NFL. For a New England Patriots team that counted on several rookies to handle starting roles in last year’s run to the Super Bowl, there are a handful of options when it comes to players taking a jump in their second season. Among the top [&#8230;]",Brian Hines,2026-08-18T06:47:24-04:00,https://www.patspulpit.com/new-england-patriots-discussion/133620/fans-confident-will-campbell-ability-year-2-leap,2026-08-18T23:49:17.490326+00:00
New England Patriots,https://www.patspulpit.com,What signing Greg Van Roten means for the Patriots,"The New England Patriots are bolstering their offensive line. According to multiple reports, the team of head coach Mike Vrabel will bring veteran free agent Greg Van Roten in to improve the depth up front. The signing comes in response to some injury losses being suffered during the preseason opener versus the Indianapolis Colts last [&#8230;]",Bernd Buchmasser,2026-08-18T06:45:01-04:00,https://www.patspulpit.com/new-england-patriots-analysis/133674/signing-greg-van-roten-roster-salary-cap-impact,2026-08-18T23:49:17.490326+00:00
New Orleans Saints,https://www.canalstreetchronicles.com,When should we expect Jordyn Tyson to return from his injury?,"The New Orleans Saints may have hoped that Jordyn Tyson would stay healthy, but unfortunately, that hope has already proved false. He was having a a really good training camp and looked like one of the best offensive players. The only issue was the fear of an injury occurring. His hamstring issue from college could [&#8230;]",Caleb Yaccarino,2026-08-18T16:33:21-04:00,https://www.canalstreetchronicles.com/new-orleans-saints-news/113196/when-should-we-expect-jordyn-tyson-to-return-from-his-injury,2026-08-18T23:49:17.490326+00:00
New Orleans Saints,https://www.canalstreetchronicles.com,"The Good, the Bad, and the Ugly from the Saints loss to the Jaguars","The Good: Zach Wilson The New Orleans Saints 3rd string QB provided a spark to the offense late in the second half when he came in to relieve starter Spencer Rattler. The Saints scored 13 points in the second quarter to take a 20-6 lead, the last of which came on an 84 yard drive [&#8230;]",Hayden Reel,2026-08-18T11:00:00-04:00,https://www.canalstreetchronicles.com/new-orleans-saints-preseason/113077/the-good-the-bad-and-the-ugly-from-the-saints-loss-to-the-jaguars,2026-08-18T23:49:17.490326+00:00
New Orleans Saints,https://www.canalstreetchronicles.com,Saints vs. Jaguars: Game MVP,"The New Orleans Saints vs. Jacksonville Jaguars game was a very interesting one to watch. The first half was exciting, and even with some of the struggles that were present, the Saints gave fans plenty of what they wanted to see. It was unfortunate that as the team got deeper into its reserves, the Saints [&#8230;]",Anthony Parker,2026-08-18T10:00:00-04:00,https://www.canalstreetchronicles.com/new-orleans-saints-analysis/113144/saints-vs-jaguars-game-mvp,2026-08-18T23:49:17.490326+00:00
New Orleans Saints,https://www.canalstreetchronicles.com,"Saints roster 2026: Jonas Sanker, Kaden Elliss and Oscar Delp are underrated","Hey, remember when the New Orleans Saints selected Louisville quarterback Tyler Shough with the 40th overall pick in the 2025 draft, and a lot of alleged draft experts thought that they were nuts? Yeah, I’m one of the geniuses who’s now taking a second look between bites of crow. Not that Shough was the second [&#8230;]",Doug Farrar,2026-08-18T09:00:00-04:00,https://www.canalstreetchronicles.com/new-orleans-saints-roster/112628/jonas-sanker-kaden-elliss-oscar-delp-underrated-tyler-shough,2026-08-18T23:49:17.490326+00:00
New Orleans Saints,https://www.canalstreetchronicles.com,"New Orleans Saints News, August 18: Saints star WR out for two months","Welcome to today’s roundup of New Orleans Saints and NFL news. Former Saints QB Jake Haener signs with New York Giants An interesting new team for Haener. Sources: Saints rookie WR Jordyn Tyson could miss two months Bad news hits before the season. Saints, Dillon Radunz share their platform to help girl with rare disease [&#8230;]",Caleb Yaccarino,2026-08-18T08:00:00-04:00,https://www.canalstreetchronicles.com/new-orleans-saints-news/113164/new-orleans-saints-news-august-18-saints-star-wr-out-for-two-months,2026-08-18T23:49:17.490326+00:00
New York Giants,https://www.bigblueview.com,"NY Giants practice takeaways: Malik Nabers, Arvell Reese, Andrew Thomas, more","EAST RUTHERFORD, N.J. — The New York Giants held their last padded practice before traveling to hold a joint practice with the Miami Dolphins on Thursday. Here are some of the takeaways. Malik Nabers’ update The Giants star wide receiver practiced for a second straight day. This was a lighter day for Nabers after he [&#8230;]",Ed Valentine,2026-08-18T17:50:34-04:00,https://www.bigblueview.com/new-york-giants-preseason/168096/ny-giants-practice-takeaways-malik-nabers-arvell-reese-andrew-thomas-more,2026-08-18T23:49:17.490326+00:00
New York Giants,https://www.bigblueview.com,NY Giants’ RB Najee Harris thinks he has ‘good opportunity’ in New York,"EAST RUTHERFORD, N.J. — Najee Harris and John Harbaugh were on opposite sides of the Pittsburgh Steelers-Baltimore Ravens rivalry for four seasons, with Harris running the ball for Pittsburgh and Harbaugh coaching Baltimore. Now, they find themselves on the same team after the Giants signed the 6-foot-1, 242-pound 28-year-old running back on Tuesday. After Harris, [&#8230;]",Ed Valentine,2026-08-18T17:02:57-04:00,https://www.bigblueview.com/new-york-giants-roster/168083/najee-harris-thinks-he-has-good-opportunity-in-new-york,2026-08-18T23:49:17.490326+00:00
New York Giants,https://www.bigblueview.com,Roster move: Veteran WR JuJu Smith-Schuster released,The New York Giants announced Tuesday afternoon that they’ve released veteran wide receiver JuJu Smith-Schuster. The Giants initially signed Smith-Schuster along with Odell Beckham Jr. and Braxton Berrios earlier this summer following a veteran workout. The Giants sought to add both depth and competition to a receiver position that’s being rebuilt on the fly. Smith-Schuster [&#8230;],Chris Pflum,2026-08-18T15:07:59-04:00,https://www.bigblueview.com/new-york-giants-roster/168076/roster-move-veteran-wr-juju-smith-schuster-released,2026-08-18T23:49:17.490326+00:00
New York Giants,https://www.bigblueview.com,Fantasy Football 2026: NY Giants fantasy preview,"Happy August, readers! We’re two weeks into training camp, and the Giants’ first preseason game is history. This feels like the right time for me to take a break from my league-wide fantasy coverage to focus on one team and one team only. Boo-yah &#8212; It’s time for my annual New York Football Giants fantasy [&#8230;]",David Hartman,2026-08-18T15:00:00-04:00,https://www.bigblueview.com/new-york-giants-roster/167911/fantasy-football-2026-ny-giants-fantasy-preview,2026-08-18T23:49:17.490326+00:00
New York Giants,https://www.bigblueview.com,NY Giants signing Najee Harris to bolster running back position,"The New York Giants are signing four-time 1,000-yard rusher Najee Harris to bolster their running back room. The news was first reported by Ian Rapoport and Mike Garafolo, and has been confirmed by a source within the Giants. Harris, a 2021 first-round draft pick by the Pittsburgh Steelers, rushed for more than 1,000 yards in [&#8230;]",Ed Valentine,2026-08-18T12:48:11-04:00,https://www.bigblueview.com/new-york-giants-news/168060/najee-harris-signing-running-back-tyrone-tracy-cam-skattebo-dante-miller-devin-singletary,2026-08-18T23:49:17.490326+00:00
New York Giants,https://www.bigblueview.com,The Giants’ offensive line is the NFL’s…19th best?,"At this point, after one preseason game, there are still many questions about how good the 2026 New York Giants are going to be. Most of those questions have been about how the change in defensive coordinators will help what was an atrocious defense last year; how Jaxson Dart will acclimate to a new offensive [&#8230;]",Anthony Del Genio,2026-08-18T07:21:44-04:00,https://www.bigblueview.com/new-york-giants-analysis/167550/offensive-line-rankings-giants-19,2026-08-18T23:49:17.490326+00:00
New York Giants,https://www.bigblueview.com,NY Giants tales from the timeline: Young players impress vs. Vikings,"The New York Giants hosted the Minnesota Vikings in preseason Week 1, falling 13-10 in John Harbaugh’s first game with the team. I review the All-22 film after every Giants game and post plays on my X, providing a snippet of analysis on why each play is noteworthy. Here are posts from Week 1, with [&#8230;]",Nick Falato,2026-08-18T07:03:00-04:00,https://www.bigblueview.com/new-york-giants-analysis/167959/ny-giants-tales-from-the-timeline-young-players-impress-vs-vikings,2026-08-18T23:49:17.490326+00:00
New York Giants,https://www.bigblueview.com,"NY Giants news: Malik Nabers, Arvell Reese, and goodbye to Turbo","Good morning, New York Giants fans! Here are the stories you need to know as the Giants get ready to scrimmage the Miami Dolphins this week. Power jumps off Arvell Reese’s Giants debut film: ‘He’s a Ferrari’ &#124; New York Daily News Arvell Reese may be a rookie, but he doesn’t hit like one. Minnesota [&#8230;]",James Hickey,2026-08-18T06:00:00-04:00,https://www.bigblueview.com/new-york-giants-news/168001/malik-nabers-update-arvell-reese-and-goodbye-to-turbo,2026-08-18T23:49:17.490326+00:00
New York Jets,https://www.ganggreennation.com,VIDEO: Breaking down Bailey Zappe’s 2 INT Jets preseason debut,Yesterday the feedback was really strong on my Cade Klubnik breakdown video so I figured I would follow it up with one dissecting Bailey Zappe’s pair of interceptions in the Jets preseason opener. Unlike with Klubnik I’m not breaking down every passing attempt. I am sticking with the interceptions. I think I have a plan [&#8230;],John B,2026-08-18T16:30:00-04:00,https://www.ganggreennation.com/new-york-jets-analysis/95619/video-breaking-down-bailey-zappes-2-int-jets-preseason-debut,2026-08-18T23:49:17.490326+00:00
New York Jets,https://www.ganggreennation.com,Jets expect injured Breece Hall to be ready to play Week 1,Breece Hall suffered a minor groin injury in Jets practice on Monday. Head coach Aaron Glenn did not sound very concerned initially. Glenn followed up on Tuesday by noting that the team expects Hall to be ready for the regular season opener against the Tennessee Titans a few weeks down the line. I think there [&#8230;],John B,2026-08-18T14:25:22-04:00,https://www.ganggreennation.com/new-york-jets-news/95614/jets-expect-injured-breece-hall-to-be-ready-to-play-week-1,2026-08-18T23:49:17.490326+00:00
New York Jets,https://www.ganggreennation.com,Jets Defensive Optimism?,The 2025 Jets stunk. That isn’t lost on anyone right now. But the stat that emphasized their ineptitude more than any other was the fact that their defense failed to record a single interception. The Jets defense was truly one of the worst units in the league last year. No one who watched them can [&#8230;],Jets012,2026-08-18T11:00:00-04:00,https://www.ganggreennation.com/new-york-jets-analysis/95420/jets-defensive-optimism,2026-08-18T23:49:17.490326+00:00
New York Jets,https://www.ganggreennation.com,New York Jets Flight Connections 08/18/26,"Good morning Gang Green Nation! There was trouble in Jets camp yesterday when Breece Hall went down with a noncontact injury. He apparently suffered an injury to his groin. The team indicates it’s not considered serious. Hopefully that’s the case and Hall will be fully healthy in time for opening day. In the meantime, I [&#8230;]",MacGregor Wells,2026-08-18T07:03:53-04:00,https://www.ganggreennation.com/new-york-jets-news/95604/new-york-jets-flight-connections-08-18-26,2026-08-18T23:49:17.490326+00:00
Philadelphia Eagles,https://www.bleedinggreennation.com,Sean Mannion talks about what the Eagles need to do better on offense,"The Eagles offense didn’t look great in their first preseason game of 2026, but offensive coordinator Sean Mannion said that he was happy with how things worked out from an operation standpoint. He admitted there are a lot of things to clean up, but overall they managed substitutions well, and he was happy with the [&#8230;]",Alexis Chassen,2026-08-18T14:52:26-04:00,https://www.bleedinggreennation.com/news/179753/sean-mannion-talks-about-what-the-eagles-need-to-do-better-on-offense,2026-08-18T23:49:17.490326+00:00
Philadelphia Eagles,https://www.bleedinggreennation.com,"Eagles-Ravens Film Review: Thoughts on Eli Stowers, Markel Bell, Willie Lampkin, and much more",IMPORTANT DISCLAIMER: It’s preseason! We are back! Sort of. The Eagles’ preseason opener was hardly an inspiring return to watching the Eagles. I am not interested in using a preseason game featuring almost no established starters to make sweeping declarations about Sean Mannion. The Eagles have repeatedly demonstrated that they are happy to sacrifice preseason [&#8230;],Jonny Page,2026-08-18T09:34:00-04:00,https://www.bleedinggreennation.com/philadelphia-eagles-analysis/179641/eagles-ravens-film-review-thoughts-on-eli-stowers-markel-bell-willie-lampkin-and-much-more,2026-08-18T23:49:17.490326+00:00
Philadelphia Eagles,https://www.bleedinggreennation.com,Za’Darius Smith returns to the NFL after retiring while on the Eagles last year,"Here’s a curious thing: Za’Darius Smith is returning to the NFL to sign a one-year deal with the Atlanta Falcons, according to an official team announcement. Smith, who turns 34 next month, previously retired from football after spending five games with the Philadelphia Eagles last season. The Eagles originally placed Smith on the reserve/retired list, [&#8230;]",Brandon Lee Gowton,2026-08-18T09:31:29-04:00,https://www.bleedinggreennation.com/news/179745/zadarius-smith-returns-to-the-nfl-after-retiring-while-on-the-eagles-last-year,2026-08-18T23:49:17.490326+00:00
Philadelphia Eagles,https://www.bleedinggreennation.com,Eagles News: Philadelphia ranks second in NFL future power rankings,"Let’s get to the Philadelphia Eagles news and links … NFL Future Power Rankings: 2027-29 projections for 32 teams &#8211; ESPN2) PHILADELPHIA EAGLES. Reason for hope: Even in an offseason of tumult, with A.J. Brown traded and the transition to a new offensive system, the Eagles rank very highly in our future outlook. Why? Because [&#8230;]",Brandon Lee Gowton,2026-08-18T08:53:38-04:00,https://www.bleedinggreennation.com/news/179729/eagles-news-philadelphia-ranks-second-in-nfl-future-power-rankings,2026-08-18T23:49:17.490326+00:00
Pittsburgh Steelers,https://www.behindthesteelcurtain.com,Steelers news: The national media doubts Pittsburgh’s future,"Well, the Pittsburgh Steelers are officially overlooked and underrated. ESPN released a list of franchises and their future, with ratings of coaching, overall roster without QB, quarterback, and front office. The Steelers are listed number 30 (!!!) behind the Cleveland Browns, somehow. Just because the Browns have four quarterbacks doesn’t mean they have one. I [&#8230;]",Jason Aponte,2026-08-18T14:30:00-04:00,https://www.behindthesteelcurtain.com/pittsburgh-steelers-news/173550/steelers-news-the-national-media-doubts-pittsburghs-future-drew-allar,2026-08-18T23:49:17.490326+00:00
Pittsburgh Steelers,https://www.behindthesteelcurtain.com,Steelers rookie Max Iheanachor slated to miss preseason game vs. Jets,"We will likely have to wait at least another week to see the Pittsburgh Steelers&#8217; first-round pick make his long-awaited debut. After suffering a shoulder/neck area injury during training camp practice on August 6th, we have learned little information as to what exactly the injury is, and how long it could keep Iheanachor out of [&#8230;]",Joey Bray,2026-08-18T14:06:30-04:00,https://www.behindthesteelcurtain.com/pittsburgh-steelers-injuries/173547/steelers-rookie-max-iheanachor-slated-to-miss-preseason-game-vs-jets-mike-mccarthy,2026-08-18T23:49:17.490326+00:00
Pittsburgh Steelers,https://www.behindthesteelcurtain.com,Former Steelers RB Najee Harris signs with Giants,"The New York Giants are signing former Pittsburgh Steelers running back Najee Harris, per Mike Garafolo. Harris visited with the Giants yesterday and will now be joining the team. The terms of the deal are yet to be known. Harris was drafted by the Steelers in the first round of the 2021 NFL Draft and [&#8230;]",Jarrett Bailey,2026-08-18T12:29:14-04:00,https://www.behindthesteelcurtain.com/pittsburgh-steelers-news/173545/former-steelers-rb-najee-harris-signs-with-giants-los-angeles-chargers,2026-08-18T23:49:17.490326+00:00
Pittsburgh Steelers,https://www.behindthesteelcurtain.com,ESPN believes Steelers will be major failure after 2026,"The Pittsburgh Steelers signed Keeanu Benton to a four-year extension over the weekend and have now locked up three of their 2023 draft picks. A long-term deal with Joey Porter Jr. would make four from the same class, a rarity for any team. It makes you think that the future is bright in Pittsburgh, right? [&#8230;]",Austin Bechtold,2026-08-18T08:00:00-04:00,https://www.behindthesteelcurtain.com/pittsburgh-steelers-news/173540/espn-believes-steelers-will-be-major-failure-after-2026-aaron-rodgers-mike-mccarthy,2026-08-18T23:49:17.490326+00:00
Los Angeles Chargers,https://www.boltsfromtheblue.com,Chargers C Tyler Biadasz carted off with lower-leg injury,"Per multiple reports, Chargers starting center Tyler Biadasz was rolled up on during an 11-on-11 session with the 49ers. The injury occurred when Niners defensive tackle Sebastian Valdez fell on Biadasz’s leg and the latter was subsequently carted off the field after he was unable to put any weight on it. So that took, what, [&#8230;]",Michael Peterson,2026-08-18T13:54:36-04:00,https://www.boltsfromtheblue.com/los-angeles-chargers-injuries/65119/chargers-tyler-biadasz-injury-49ers-training-camp,2026-08-18T23:49:17.490326+00:00
Los Angeles Chargers,https://www.boltsfromtheblue.com,Keenan Allen signs with Colts on 1-year deal,"Longtime Chargers wide receiver Keenan Allen is reportedly signing a one-year contract to play his 14th NFL season with the Indianapolis Colts. This comes just one season after Philip Rivers came out of retirement to play for Indy late last season. I think everyone around the Chargers knew that he wasn’t coming back, but it’s [&#8230;]",Michael Peterson,2026-08-18T13:41:16-04:00,https://www.boltsfromtheblue.com/los-angeles-chargers-news/65113/keenan-allen-signs-with-colts-on-1-year-deal,2026-08-18T23:49:17.490326+00:00
Los Angeles Chargers,https://www.boltsfromtheblue.com,Chargers DB Genesis Smith isn’t thinking like a rookie,"The Los Angeles Chargers selected Genesis Smith in the fourth round of the NFL draft, hoping he would add some depth to the secondary. His preseason debut against the Houston Texans was successful, which earned him some praise from defensive coordinator Chris O’Leary. &#8220;His ceiling is so high and he&#8217;s progressing really well right now,&#8221; [&#8230;]",Jeremy Brener,2026-08-18T12:00:00-04:00,https://www.boltsfromtheblue.com/los-angeles-chargers-news/65087/chargers-db-genesis-smith-isnt-thinking-like-a-rookie,2026-08-18T23:49:17.490326+00:00
Los Angeles Chargers,https://www.boltsfromtheblue.com,Los Angeles Chargers news: Bolts to hold joint practice with 49ers today,"Good morning, Chargers fans! The Bolts held a walkthrough practice on Monday in preparation for Tuesday’s joint session with the Niners. Double-digit Chargers did not practice on Monday, so here’s to hoping that number is drastically smaller today. These two teams play each other on Thursday night, but today should be a really good preview [&#8230;]",Michael Peterson,2026-08-18T10:06:53-04:00,https://www.boltsfromtheblue.com/los-angeles-chargers-news/65077/los-angeles-chargers-news-bolts-to-hold-joint-practice-with-49ers-today,2026-08-18T23:49:17.490326+00:00
San Francisco 49ers,https://www.ninersnation.com,49ers-Chargers joint practice roundup: The secondary had a rough outing,The San Francisco 49ers and Los Angeles Chargers held a joint practice on Tuesday. Kyle Shanahan provided the injury updates. Let’s get right into the action. Defensive struggles for the 49ers&#8217; secondary It does not sound like the defensive backs enjoyed the success during the joint practice: A Chargers account is tweeting multiple clips. Like [&#8230;],Kyle Posey,2026-08-18T16:17:28-04:00,https://www.ninersnation.com/san-francisco-49ers-preseason/161396/49ers-chargers-joint-practice-roundup-the-secondary-had-a-rough-outing,2026-08-18T23:49:17.490326+00:00
San Francisco 49ers,https://www.ninersnation.com,Mike Evans leaves early; Christian McCaffrey would’ve practiced if it were a game week,"The San Francisco 49ers and Los Angeles Chargers held a joint practice Tuesday. Head coach Kyle Shanahan provided injury updates. DeMarcus Robinson, Kaelon Black, and Keion White were all back for the 49ers. Robinson sat out of Sunday&#8217;s session. White was fully padded at the start of practice but did not participate in any team [&#8230;]",Kyle Posey,2026-08-18T15:18:03-04:00,https://www.ninersnation.com/san-francisco-49ers-injuries/161402/mike-evans-leaves-early-christian-mccaffrey-wouldve-practiced-if-it-were-a-game-week,2026-08-18T23:49:17.490326+00:00
San Francisco 49ers,https://www.ninersnation.com,The 49ers are bringing back DT Evan Anderson; Kaelon Black returns to practice,"The San Francisco 49ers announced the signing of defensive tackle Evan Anderson. To make room for Anderson, the team waived/injured Titus Leo, who signed with the team on August 2. Anderson is a familiar face after playing a little more than 250 snaps for the 49ers as an undrafted rookie in 2024. He should be [&#8230;]",Kyle Posey,2026-08-18T12:48:55-04:00,https://www.ninersnation.com/san-francisco-49ers-preseason/161393/the-49ers-are-bringing-back-dt-evan-anderson-kaelon-black-returns-to-practice,2026-08-18T23:49:17.490326+00:00
San Francisco 49ers,https://www.ninersnation.com,Former 49ers head coach doubts George Kittle will be ready for Week 1,"As the San Francisco 49ers prepare for their trip down under to Australia to face off with Myles Garrett and the Los Angeles Rams, all eyes are on George Kittle and his ambitious timeline of Week 1 for a return from his torn Achilles. The injury suffered during the 49ers&#8217; Wild Card win over the [&#8230;]",Jason Aponte,2026-08-18T12:30:00-04:00,https://www.ninersnation.com/san-francisco-49ers-analysis/161361/former-49ers-head-coach-doubts-george-kittle-will-be-ready-for-week-1,2026-08-18T23:49:17.490326+00:00
San Francisco 49ers,https://www.ninersnation.com,What Klay Kubiak is looking for from ongoing left guard competition,"On the offensive side of the ball, the San Francisco 49ers have one major competition: left guard. Heading into the offseason, following the departures of Spencer Burford and Ben Bartch in free agency, the position seemed completely open. The 49ers didn’t do much to address the spot in terms of a major commitment. Instead, they [&#8230;]",Rohan Chakravarthi,2026-08-18T11:01:00-04:00,https://www.ninersnation.com/san-francisco-49ers-news/161359/san-francisco-49ers-news-what-klay-kubiak-looking-for-left-guard-competition-connor-colby-kyle-shanahan,2026-08-18T23:49:17.490326+00:00
San Francisco 49ers,https://www.ninersnation.com,Ian Rapoport: There is no Christian McCaffrey hold-in conspiracy,"Christian McCaffrey is dealing with some tightness, and he might have been looking into a new contract. Both can be true, and they aren&#8217;t mutually exclusive. On Monday, Pro Football Talk’s Mike Florio, known for speculating Kirk Cousins to the San Francisco 49ers year after year, went in a different direction for 2026, speculating McCaffrey [&#8230;]",Patrick Holloway,2026-08-18T09:30:00-04:00,https://www.ninersnation.com/san-francisco-49ers-news/161380/49ers-news-christian-mccaffrey-ian-rapoport-holdin,2026-08-18T23:49:17.490326+00:00
San Francisco 49ers,https://www.ninersnation.com,49ers News: Joint practice against the Los Angeles Chargers today,"49ers roster moves: D-lineman and O-lineman signed to one-year deals“Throughout his five-year NFL career with the Cardinals (2021-24) and New York Giants (2025), he has appeared in 60 games (eight starts) and registered 51 tackles, 4.0 sacks, two passes defensed, and two forced fumbles. In 2025, Dimukeje appeared in five games with the Giants and [&#8230;]",Yinon Raviv,2026-08-18T05:13:00-04:00,https://www.ninersnation.com/san-francisco-49ers-news/161383/49ers-news-preseason-training-camp-los-angeles-chargers-joint-practices-nick-bosa-tendinitis-acl-surgery-recovery-george-kittle-achilles-week-1-christian-mccaffrey-tightness-contract-hold-out-carver-w,2026-08-18T23:49:17.490326+00:00
Seattle Seahawks,https://www.fieldgulls.com,Seahawks bring in former All-Pro first-team cornerback Trevon Diggs for tryout,"A former star cornerback for the Dallas Cowboys has garnered some interest from the Seattle Seahawks. The NFL’s transaction wire revealed on Tuesday that Trevon Diggs, who was once an All-Pro selection, was brought in for a tryout by the Seahawks. Diggs has been a free agent since he was released by the Green Bay [&#8230;]",Mookie Alexander,2026-08-18T17:06:17-04:00,https://www.fieldgulls.com/seattle-seahawks-news/172694/seahawks-tryout-former-all-pro-first-team-cornerback-trevon-diggs,2026-08-18T23:49:17.490326+00:00
Seattle Seahawks,https://www.fieldgulls.com,Ian Rapoport: Seahawks signing Terrion Arnold will ‘take a while’,"It has been five days since it was reported the Seattle Seahawks were set to sign cornerback Terrion Arnold, and four days since head coach Mike Macdonald first addressed the deal to media. Yet, the signing hasn’t been made official — and now there’s some explanation as to why. The Seahawks are working through the [&#8230;]",Everett Ellis,2026-08-18T13:30:33-04:00,https://www.fieldgulls.com/seattle-seahawks-news/172686/seahawks-signing-terrion-arnold-commissioners-exempt-list-nfl-news,2026-08-18T23:49:17.490326+00:00
Seattle Seahawks,https://www.fieldgulls.com,Field Gulls Reacts: Any Seahawks depth concerns after one preseason game?,"Welcome to SB Nation Reacts, a survey of fans across the NFL. Throughout the year we ask questions of the most plugged-in Seahawks fans and fans across the country. The Seattle Seahawks got their preseason off the ground with a lackluster showing against the Dallas Cowboys. It’d be more alarming if the lackluster performances came [&#8230;]",Mookie Alexander,2026-08-18T13:03:43-04:00,https://www.fieldgulls.com/seattle-seahawks-discussion/172646/survey-any-seahawks-depth-concerns-after-one-preseason-game,2026-08-18T23:49:17.490326+00:00
Seattle Seahawks,https://www.fieldgulls.com,ESPN ranks Seattle Seahawks first in ‘future’ power rankings,"Everyone knows about power rankings in the present tense; a ranking of NFL teams (typically from best to worst) based on how they are playing week in and week out. However, ESPN recently came up with a more creative version of your typical power rankings where they try to predict the future. In these “future” [&#8230;]",John Tapia,2026-08-18T11:00:00-04:00,https://www.fieldgulls.com/seattle-seahawks-game-analysis/172669/espn-ranks-seattle-seahawks-first-nfl-future-power-rankings,2026-08-18T23:49:17.490326+00:00
Seattle Seahawks,https://www.fieldgulls.com,What can the Seahawks learn from the Mariners and Brewers?,"Baseball talk? I thought this was a football website! Don’t worry, I’ll tie it all together by the end. As some of you may remember, I’m a Seattle Seahawks aficionado born, raised, and living in the great state of Wisconsin. Even if I’m not a Cheesehead like most of my fellow Wisconsinites, I am a [&#8230;]",Ted Zahn,2026-08-18T10:00:00-04:00,https://www.fieldgulls.com/seattle-seahawks-game-analysis/172656/nfl-mlb-opinion-what-can-seahawks-learn-from-mariners-brewers,2026-08-18T23:49:17.490326+00:00
Seattle Seahawks,https://www.fieldgulls.com,Seahawks News: Coach Macdonald cites good and bad from Saturday’s game,"Although certainly not a perfect performance, nor did it need to be, our Seattle Seahawks played a game a few day ago. Some things went well. Others, not so much. Coach Macdonald held his weekly press conference and layed out clearly what he enjoyed from Saturday’s loss to the Dallas Cowboys, and what he did [&#8230;]",Terrance Robinson,2026-08-18T09:00:00-04:00,https://www.fieldgulls.com/seattle-seahawks-news/172664/seahawks-news-coach-macdonald-cites-good-and-bad-from-saturdays-game,2026-08-18T23:49:17.490326+00:00
Seattle Seahawks,https://www.fieldgulls.com,"Tory Horton misses Seahawks practice, ‘working through some things’","There’s a bit of good news and not-so-good news coming out of the Seattle Seahawks’ Monday practice. On the positive side, running backs Jadarian Price and Jacardia Wright are back in pads and practicing in team drills. The potentially bad news? Second-year wide receiver Tory Horton, who missed the back-half of last season with a [&#8230;]",Mookie Alexander,2026-08-17T22:50:14-04:00,https://www.fieldgulls.com/seattle-seahawks-injury-report/172663/tory-horton-injury-working-through-some-things-miss-seahawks-practice-nfl-news,2026-08-18T23:49:17.490326+00:00
Tampa Bay Buccaneers,https://www.bucsnation.com,Tampa Bay Buccaneers news: Tristan Wirfs gets good injury update,"The Tampa Bay Buccaneers are thrilled to have offensive tackle Tristan Wirfs back on the field. Wirfs has made the Pro Bowl in each of his last five seasons, including last year when he only appeared in 12 games. Getting Wirfs back will have the Buccaneers offense clicking even more and it will allow quarterback [&#8230;]",Jeremy Brener,2026-08-18T07:00:00-04:00,https://www.bucsnation.com/tampa-bay-buccaneers-news/68187/tampa-bay-buccaneers-news-tristan-wirfs-gets-good-injury-update,2026-08-18T23:49:17.490326+00:00
Washington Commanders,https://www.hogshaven.com,"Commanders Camp Talk: Dan Quinn, Nick Allegretti and Drew Stevens","The Washington Commanders training camp rolls on for Day 12 in Ashburn, VA. This is their first real practice since before they hosted the Dolphins on Friday night. Head coach Dan Quinn spoke to reporters before the start of today’s practice. Nick Allegretti and Drew Stevens are scheduled for Q&#38;As after practice, along with players [&#8230;]",Scott Jennings,2026-08-18T10:10:07-04:00,https://www.hogshaven.com/nfl-training-camp/432691/commanders-camp-talk-decision-jayden-daniels-playing-preseason,2026-08-18T23:49:17.490326+00:00
Washington Commanders,https://www.hogshaven.com,Commanders transactions: Jerome Ford to IR among several roster moves,"Commanders running back Jerome Ford was active and available to start Friday’s preseason game against Miami. Somewhere during Washington’s 20-7 victory over the Dolphins, the veteran’s status changed. &#160; He suffered a hamstring injury, head coach Dan Quinn said, that proved to be a serious one. It resulted in the Commanders placing him on injured [&#8230;]",Scott Bair,2026-08-18T08:32:14-04:00,https://www.hogshaven.com/washington-commanders-training-camp/433235/commanders-transactions-jerome-ford-jake-moody-kyrs-barnes-maurice-hurst,2026-08-18T23:49:17.490326+00:00
Washington Commanders,https://www.hogshaven.com,Washington Commanders News: Sights and Sounds from Training Camp Day 12,"The Washington Commanders are back on the practice fields of Ashburn for Day 12 of training camp. The team hosted the Miami Dolphins on Friday night, and have only been doing walk throughs. That changes today with the team preparing to visit the Lions on Saturday afternoon. There won’t be any joint practices in Detroit, [&#8230;]",Scott Jennings,2026-08-18T07:45:52-04:00,https://www.hogshaven.com/washington-commanders-training-camp/431617/washington-commanders-news-sights-and-sounds-from-training-camp-day-12,2026-08-18T23:49:17.490326+00:00
Washington Commanders,https://www.hogshaven.com,"Commanders News: Akridge &#038; Bullock break down Styles, Coleman and Henry","The Daily Slop &#8211; 19 August 2026 Editor’s note: Each day, Hogs Haven compiles a collection of articles, podcasts &#38; tweets from around the web to keep you in touch with the Commanders, the NFC East, the NFL and sports in general, with a sprinkling of other stuff. Enjoy! Commanders links Articles Bullocks Film Room [&#8230;]",bill-in-bangkok,2026-08-18T07:30:00-04:00,https://www.hogshaven.com/washington-commanders-news/433167/akridge-bullock-break-down-sonny-styles-brandon-coleman-robert-henry-jr-joshua-josephs,2026-08-18T23:49:17.490326+00:00
Washington Commanders,https://www.hogshaven.com,How Commanders preseason win vs. Dolphins influenced key position battles,"The Commanders entered training camp with several key position battles needing resolution. &#160; One has come early. Washington sided with Drew Stevens in the kicker competition, a point made clear by Jake Moody’s reported release on Monday afternoon. That made the undrafted rookie out of Iowa the choice, assuming Stevens continues playing well and no [&#8230;]",Scott Bair,2026-08-18T05:00:00-04:00,https://www.hogshaven.com/washington-commanders-analysis/433125/commanders-preseason-dolphins-position-battle-robert-henry-quan-martin-nick-allegretti-matt-gulbin-antonio-williams,2026-08-18T23:49:17.490326+00:00
Washington Commanders,https://www.hogshaven.com,Commanders free agency: Veteran linebacker added to Washington’s group,"The Commanders roster churn continues as we enter the next wave of training camp. Washington added veteran linebacker Krys Barnes, CBS Sports’ Matt Zenitz reported on Monday evening. The UCLA product has been in the NFL since 2020, with stops in Green Bay, Arizona and Carolina over the past six seasons. He has 303 total [&#8230;]",Scott Bair,2026-08-17T21:42:41-04:00,https://www.hogshaven.com/washington-commanders-news/433139/commanders-free-agency-krys-barnes-signing-transactions,2026-08-18T23:49:17.490326+00:00
Arizona Cardinals,https://www.revengeofthebirds.com,Beaks &#038; Geeks: Cardinals lose big to Cowboys,"The Arizona Cardinals have plenty of optimism for the 2026 NFL season. New head coach, new starting QB, new rookie RB, three new offensive linemen, new OC and play caller, new long snapper, and several new pieces on the defense. Going into the exhibition game against the Dallas Cowboys, it was only a question of [&#8230;]",Barry Shuck,2026-08-23T08:00:00-04:00,https://www.revengeofthebirds.com/arizona-cardinals-discussion/93765/beaks-geeks-cardinals-lose-big-to-cowboys,2026-08-24T00:55:18.439714+00:00
Arizona Cardinals,https://www.revengeofthebirds.com,Arizona Cardinals struggle in preseason loss to Dallas Cowboys,"Not that it matters in the grand scheme of things, but this was about as good of a display of the issues that have plagued the Arizona Cardinals at camp as we could have asked for.&#160; And I get it, in the spirit of the preseason a 34-13 loss to the Dallas Cowboys is about [&#8230;]",Seth Cox,2026-08-23T01:30:39-04:00,https://www.revengeofthebirds.com/arizona-cardinals-scores-results/93760/arizona-cardinals-struggle-in-preseason-loss-to-dallas-cowboys,2026-08-24T00:55:18.439714+00:00
Arizona Cardinals,https://www.revengeofthebirds.com,Cardinals-Cowboys preseason discussion thread,"Happy preseason gameday one and all. The Arizona Cardinals are hosting the Dallas Cowboys this evening in what used to be the most intriguing matchup of the preseason. Now, well we know there will be no Jacoby Brissett or Carson Beck or Jeremiyah Love. Who plays for the Cardinals? We will find out together, I [&#8230;]",Seth Cox,2026-08-22T21:00:00-04:00,https://www.revengeofthebirds.com/arizona-cardinals-discussion/93748/cardinals-cowboys-preseason-discussion-thread,2026-08-24T00:55:18.439714+00:00
Arizona Cardinals,https://www.revengeofthebirds.com,Arizona Cardinals fans don’t have a problem with Jeremiyah Love’s preseason usage,"Welcome to SB Nation Reacts, a survey of fans across the NFL. Throughout the year we ask questions of the most plugged-in Cardinals fans and fans across the country. We are onto the Dallas Cowboys this evening, with an eye towards joint practices next week with the Green Bay Packers, before the Arizona Cardinals close [&#8230;]",Seth Cox,2026-08-22T15:00:00-04:00,https://www.revengeofthebirds.com/nfl-reacts-survey/93744/arizona-cardinals-fans-dont-have-a-problem-with-jeremiyah-loves-preseason-usage,2026-08-24T00:55:18.439714+00:00
Arizona Cardinals,https://www.revengeofthebirds.com,How to Watch: Arizona Cardinals vs Dallas Cowboys preaseason 2026,"Another week closer to the regular season starting, another chance to get better, and another chance to see your Arizona Cardinals on the field. Those are all the positives on today, as the Cardinals host the Dallas Cowboys tonight at State Farm Stadium. Gardner Minshew will get the start, we will see Kedon Slovis, and [&#8230;]",Seth Cox,2026-08-22T13:03:49-04:00,https://www.revengeofthebirds.com/arizona-cardinals-game-information/93741/how-to-watch-arizona-cardinals-vs-dallas-cowboys-preaseason-2026,2026-08-24T00:55:18.439714+00:00
Arizona Cardinals,https://www.revengeofthebirds.com,"Now that Garrett Williams is on the active roster, where will he play?","Last year, the Arizona Cardinals medical tent was pretty busy. At one point in the season, there were 24 guys listed on IR. Even early in the preseason, several players have been lost for the year: OG Chase Bisontis, TEs Kenny Yeboah and Jameson Geers, LB Austin Keys, CBs Jaden Davis and Joey Blount, and [&#8230;]",Barry Shuck,2026-08-22T09:00:00-04:00,https://www.revengeofthebirds.com/arizona-cardinals-depth-chart/93707/now-that-garrett-williams-is-on-the-active-roster-where-will-he-play,2026-08-24T00:55:18.439714+00:00
Arizona Cardinals,https://www.revengeofthebirds.com,Cardinals scout Ryan Gold’s alleged betting update,"On July 17, Arizona Cardinals Director of College Scouting, Ryan Gold, was suspended indefinitely for violating the league’s gambling policy. Apparently, the integrity of any NFL game was not affected, but Gold’s alleged actions was a violation of the NFL’s Gambling Policy. The reason is the Gambling Policy is in place is so that the [&#8230;]",Barry Shuck,2026-08-22T07:00:00-04:00,https://www.revengeofthebirds.com/arizona-cardinals-discussion/93718/cardinals-scout-ryan-golds-alleged-betting-update,2026-08-24T00:55:18.439714+00:00
Arizona Cardinals,https://www.revengeofthebirds.com,Cardinals make several roster moves,"The Arizona Cardinals made several roster moves, including placing second-round draft pick OG Chase Bisontis on IR. By placing him on IR before the final roster cuts, this means he is gone for the year. There are conditions under which he could return very late, but with the type of injury he has, he won’t [&#8230;]",Barry Shuck,2026-08-21T11:30:57-04:00,https://www.revengeofthebirds.com/arizona-cardinals-discussion/93692/cardinals-make-several-roster-moves,2026-08-24T00:55:18.439714+00:00
Arizona Cardinals,https://www.revengeofthebirds.com,Cardinals’ Gardner Minshew will start against Cowboys,"The Arizona Cardinals will start Gardner Minshew against the Dallas Cowboys in this weekend’s preseason game. That much has been announced. Minshew has been getting plenty of first-team reps, and is at the ready for the backup role or for a starting position. RELATED: LOVE DEALING WITH A HIGH ANKLE SPRAIN Currently, Jacoby Brissett is [&#8230;]",Barry Shuck,2026-08-20T23:23:36-04:00,https://www.revengeofthebirds.com/arizona-cardinals-depth-chart/93685/cardinals-gardner-minshew-will-start-against-cowboys,2026-08-24T00:55:18.439714+00:00
Arizona Cardinals,https://www.revengeofthebirds.com,Garrett Williams activated from the physically unable to perform list,"The Arizona Cardinals defense in the Nick Rallis era can only be described as bad, but there have been some positives. One was the initial development of Garrett Williams who was becoming one of the premier slot cornerbacks in the NFL. Before a series of injuries caused him to miss time and then battle through [&#8230;]",Seth Cox,2026-08-20T17:44:05-04:00,https://www.revengeofthebirds.com/arizona-cardinals-news/93681/garrett-williams-activated-from-the-physically-unable-to-perform-list,2026-08-24T00:55:18.439714+00:00
Atlanta Falcons,https://www.thefalcoholic.com,Falcons snap counts from a blowout preseason win over the Colts,"Snap counts, you say? Snap counts, I say. Here’s a quick breakdown of how the Falcons portioned out playing time yesterday in their preseason game against the Colts. Offense G Andrew Stueber: 55 G Kam Dewberry: 55 C James Brockermeyer: 49 WR Vinny Anthony: 46 QB Jack Strand: 44 T Ethan Onianwa: 41 G Brandon [&#8230;]",Dave Choate,2026-08-23T15:24:56-04:00,https://www.thefalcoholic.com/atlanta-falcons-preseason/95349/falcons-snap-counts-from-a-blowout-preseason-win-over-the-colts-vinny-anthony-malcolm-dewalt,2026-08-24T00:55:18.439714+00:00
Atlanta Falcons,https://www.thefalcoholic.com,Falcons &#8211; Colts preseason recap: An unreserved beatdown from the reserves,"A game like this during the regular season would feed the Falcons fanbase for a long time. We’d crow over the result, allow it to dampen any roller coaster stretches that followed, and bring it up unprompted years later. Because it’s a preseason game, the glow won’t last nearly as long, but it still made [&#8230;]",Dave Choate,2026-08-23T08:00:00-04:00,https://www.thefalcoholic.com/atlanta-falcons-preseason/95318/falcons-colts-preseason-recap-an-unreserved-beatdown-from-the-reserves,2026-08-24T00:55:18.439714+00:00
Atlanta Falcons,https://www.thefalcoholic.com,Michael Penix injury update: Falcons QB cleared for football activities,"Michael Penix Jr. has been cleared for 11-on-11 activities, and the Atlanta Falcons QB1 race is still wide open. Early this week, Penix Jr. spoke more in depth about his belief that he is closer than ever and can do anything the coaching staff asks of him; it simply came down to whether or not [&#8230;]",Tre'Shon Diaz,2026-08-22T17:50:05-04:00,https://www.thefalcoholic.com/atlanta-falcons-injuries/95339/michael-penix-injury-update-qb-tua-tagovailoa-cooper-rush-jack-strand,2026-08-24T00:55:18.439714+00:00
Atlanta Falcons,https://www.thefalcoholic.com,Falcons &#8211; Colts preseason instant recap: Atlanta dominates the day,"Well, that went better. Atlanta’s backups dominated Indy’s backups in the first half of this one, with Cooper Rush and Jack Strand dicing them up through the air, Tyler Goodson and Nate Carter running them over for a pair of rushing touchdowns, and the defense frequently slowing Riley Leonard and company. Paired with another strong [&#8230;]",Dave Choate,2026-08-22T16:10:08-04:00,https://www.thefalcoholic.com/atlanta-falcons-scores-results/95316/falcons-colts-preseason-instant-recap-tyler-goodson-jack-strand,2026-08-24T00:55:18.439714+00:00
Atlanta Falcons,https://www.thefalcoholic.com,Falcons vs. Colts 2026 preseason discussion,"This may look like like real football than preseason Week 1, given the absence of starters, but it surely can’t be less enjoyable than the one-sided drubbing the Broncos handed Atlanta at home last Friday. Buckle up for Falcons-Colts, the battles of the backups, and let’s hope for a competitive, injury-free game with some standout [&#8230;]",Dave Choate,2026-08-22T12:30:00-04:00,https://www.thefalcoholic.com/atlanta-falcons-discussion/95313/falcons-vs-colts-2026-preseason-week-2-fan-discussion,2026-08-24T00:55:18.439714+00:00
Atlanta Falcons,https://www.thefalcoholic.com,Falcons vs Colts Preseason Watch Party: Falcoholic Live,"The Falcons are taking on the Colts today at 1 PM ET in the second week of the 2026 NFL preseason. Follow along with Kevin Knight and Adnan Ikic as they discuss the game live and take fan questions through all four quarters. We’ll be tracking the quarterbacks, the play of Atlanta’s rookies, and a [&#8230;]",Kevin Knight,2026-08-22T12:00:00-04:00,https://www.thefalcoholic.com/atlanta-falcons-preseason/95330/falcons-vs-colts-preseason-week-2-nfl-2026-watch-party-falcoholic-live,2026-08-24T00:55:18.439714+00:00
Atlanta Falcons,https://www.thefalcoholic.com,"Falcons at Colts  preseason 2026: How to watch, start time, TV, and odds","Ready to watch some more preseason football? Of course you are. Here’s the key information for when Falcons-Colts kicks off and how you can watch it. Schedule &#38; TV information Date: Saturday, August 22 Time: 1 p.m. EDT Channel: FOX5 Location: Lucas Oil Stadium, Indianapolis, Indiana Radio: 92.9 The Game &#38; affiliates locally with Dave [&#8230;]",Dave Choate,2026-08-21T18:00:00-04:00,https://www.thefalcoholic.com/atlanta-falcons-game-information/95310/falcons-at-colts-preseason-2026-how-to-watch-start-time-tv-and-odds,2026-08-24T00:55:18.439714+00:00
Atlanta Falcons,https://www.thefalcoholic.com,What to know about Falcons &#8211; Colts in preseason Week 2,"Depending on your perspective, this is either going to be the worst week of preseason or the best. With joint practices being the priority this week, starters will be sitting in this one for the Falcons, which means it’ll be reserve and roster hopefuls from opening kickoff to the final seconds. If you’re invested in [&#8230;]",Dave Choate,2026-08-21T12:00:00-04:00,https://www.thefalcoholic.com/atlanta-falcons-preseason/95303/what-to-know-about-falcons-colts-in-preseason-week-2-jack-strand-cooper-rush,2026-08-24T00:55:18.439714+00:00
Atlanta Falcons,https://www.thefalcoholic.com,Falcons news: What we learned about QB position from joint practices with Colts,"I’m just going to cut to the chase here — obviously, we’re going to focus on the Falcons’ joint practices with the Colts today. I’ve spent the past two days in Westfield, Ind. covering those practices, and I have a lot of thoughts to share in the Opening Drive — mostly about the quarterback situation. [&#8230;]",Jeanna Kelley,2026-08-21T06:00:00-04:00,https://www.thefalcoholic.com/atlanta-falcons-news/95298/joint-practice-indianapolis-colts-training-camp-tua-tagovailoa-michael-penix-jr,2026-08-24T00:55:18.439714+00:00
Atlanta Falcons,https://www.thefalcoholic.com,Falcons-Colts joint practices Day 2: A better day for Atlanta,"WESTFIELD, Ind. — It’s hard to be certain given the impossibility of keeping track of everything that’s happening on both fields, and it was close, but I think Atlanta won the day today. Kevin Stefanski spoke before practice, which was once again fast-paced and high energy. Like Wednesday, both teams started off working through their [&#8230;]",Jeanna Kelley,2026-08-20T19:53:14-04:00,https://www.thefalcoholic.com/atlanta-falcons-training-camp/95304/falcons-colts-joint-practices-day-2-kevin-stefanski-michael-penix-bijan-robinson,2026-08-24T00:55:18.439714+00:00
Baltimore Ravens,https://www.baltimorebeatdown.com,"Ravens’ ride physical defense, UDFA QB Joe Fagnano to win over Vikings","The Baltimore Ravens notched their second straight preseason victory under new head coach Jesse Minter on Saturday afternoon, besting the Minnesota Vikings by a score of 13-3. As with last week’s win over the Philadelphia Eagles, Baltimore’s stifling defense controlled the game, particularly in the second half when they forced turnovers on Minnesota’s last three [&#8230;]",Nikhil Mehta,2026-08-22T17:44:12-04:00,https://www.baltimorebeatdown.com/baltimore-ravens-game-information/84282/baltimore-ravens-physical-defense-joe-fagnano-recap-win-minnesota-vikings,2026-08-24T00:55:18.439714+00:00
Baltimore Ravens,https://www.baltimorebeatdown.com,Ravens preseason stock report: young defenders dominate vs. Vikings,"The Baltimore Ravens won their second preseason game against the Minnesota Vikings by a score of 13-3. Here is an instant stock report from Baltimore Beatdown’s staff coming out of the victory. Stock up OLB Ethan Burke Burke stuffed the stat sheet in Minnesota, finishing with two tackles, two passes defended, one sack, and one [&#8230;]",Nikhil Mehta,2026-08-22T16:13:56-04:00,https://www.baltimorebeatdown.com/baltimore-ravens-analysis/84272/ravens-preseason-stock-report-young-defenders-dominate-vs-vikings,2026-08-24T00:55:18.439714+00:00
Baltimore Ravens,https://www.baltimorebeatdown.com,Ravens vs. Vikings crystal ball: predictions for Preseason Week 2,"The Baltimore Ravens are about to kick off their second preseason game against the Minnesota Vikings. Here are some last-minute predictions from Baltimore Beatdown’s staff! Offensively, I&#8217;d anticipate you see the Ravens continue feeding the rookie tight ends plenty. Hibner had the hot hand with plenty of targets last week, so Cuevas may draw more [&#8230;]",Kevin McNelis,2026-08-22T12:50:29-04:00,https://www.baltimorebeatdown.com/baltimore-ravens-analysis/84238/ravens-vs-vikings-crystal-ball-predictions-for-preseason-week-2,2026-08-24T00:55:18.439714+00:00
Baltimore Ravens,https://www.baltimorebeatdown.com,Ravens vs. Vikings discussion: starting center battle takes center stage,It’s almost time for another week of Baltimore Ravens (preseason) football! The Ravens have one less contender for their Week 1 starting center job after Danny Pinter’s injury at joint practices this week. Jovaughn Gwyn and Ethan Pocic will both look to stand out on Saturday afternoon against a blitz-heavy Vikings defense that demands communication [&#8230;],Nikhil Mehta,2026-08-22T12:45:00-04:00,https://www.baltimorebeatdown.com/baltimore-ravens-discussion/84224/ravens-vikings-discussion-starting-center-battle-takes-center-stage,2026-08-24T00:55:18.439714+00:00
Baltimore Ravens,https://www.baltimorebeatdown.com,Ravens WR Rashod Bateman facing multiple criminal charges in Georgia,"Baltimore Ravens wide receiver Rashod Bateman is facing three criminal charges in Walton County, Georgia, after allegedly smashing the windshield of a car occupied by his 3-month-old child and their mother, according to Jonas Shaffer of the Baltimore Banner. The incident, which was first reported by TMZ, took place on the morning of June 3. [&#8230;]",Nikhil Mehta,2026-08-22T07:00:00-04:00,https://www.baltimorebeatdown.com/baltimore-ravens-news/84210/ravens-wr-rashod-bateman-facing-multiple-criminal-charges-in-georgia,2026-08-24T00:55:18.439714+00:00
Baltimore Ravens,https://www.baltimorebeatdown.com,Ravens discussion: who will be Baltimore’s Week 1 starting center?,"Ravens center Danny Pinter, who appeared to be leading the team’s starting competition, suffered a knee injury that is expected to sideline him for “an extended amount of time,” according to head coach Jesse Minter. Baltimore will now need to choose a Week 1 starter from their remaining options. Jovaughm Gwyn and Ethan Pocic are [&#8230;]",Dustin Cox,2026-08-21T14:00:00-04:00,https://www.baltimorebeatdown.com/baltimore-ravens-discussion/84197/ravens-discussion-who-will-be-baltimores-week-1-starting-center,2026-08-24T00:55:18.439714+00:00
Baltimore Ravens,https://www.baltimorebeatdown.com,Ravens rookie film review: defensive draft picks make promising debuts,"The Ravens’ 2026 draft class played a significant role in Baltimore’s preseason opening win over Philadelphia. While preseason production only tells part of the story, these games give us our first opportunity to see how the coaching staff plans to deploy its rookies, what areas they are emphasizing in their development, and how their college [&#8230;]",Yuri,2026-08-21T12:00:00-04:00,https://www.baltimorebeatdown.com/baltimore-ravens-analysis/84169/ravens-rookie-film-review-defensive-draft-pick-make-promising-debuts,2026-08-24T00:55:18.439714+00:00
Baltimore Ravens,https://www.baltimorebeatdown.com,"Ravens rookie film review: Ioane, Sarratt, and Hibner flash NFL upside","The Ravens’ 2026 draft class played a significant role in Baltimore’s preseason opening win over Philadelphia. While preseason production only tells part of the story, these games give us our first opportunity to see how the coaching staff plans to deploy its rookies, what areas they are emphasizing in their development, and how their college [&#8230;]",Yuri,2026-08-20T19:30:00-04:00,https://www.baltimorebeatdown.com/baltimore-ravens-analysis/84170/ravens-rookie-film-review-ioane-sarratt-and-hibner-flash-nfl-upside,2026-08-24T00:55:18.439714+00:00
Baltimore Ravens,https://www.baltimorebeatdown.com,Ravens C Danny Pinter suffers torn patella tendon,"The Baltimore Ravens’ quest to replace Pro Bowl center Tyler Linderbaum has hit another snag. Danny Pinter, who appeared to be leading the center competition and started the team’s first preseason game, suffered a torn patella tendon during Wednesday’s joint practice with the Minnesota Vikings, likely sidelining him for the 2026 season. Head coach Jesse [&#8230;]",Nikhil Mehta,2026-08-20T15:13:58-04:00,https://www.baltimorebeatdown.com/baltimore-ravens-news/84154/ravens-c-danny-pinter-suffers-torn-patella-tendon,2026-08-24T00:55:18.439714+00:00
Baltimore Ravens,https://www.baltimorebeatdown.com,"Ravens-Vikings joint practice: Day 1 highlights, Day 2 updates!","The Baltimore Ravens are set to kick off their second joint practice with the Minnesota Vikings on Thursday starting at 1:00 p.m. ET on Wednesday. Here are some highlights from Day 1, followed by live update from both teams’ social media accounts and reporters on the scene! Day 1 Highlights Day 2 Live Updates",Nikhil Mehta,2026-08-20T12:40:26-04:00,https://www.baltimorebeatdown.com/baltimore-ravens-news/84128/ravens-vikings-joint-practice-day-1-highlights-day-2-updates,2026-08-24T00:55:18.439714+00:00
Buffalo Bills,https://www.buffalorumblings.com,Buffalo Bills 53-man roster projection: After preseason victory over Browns,"The Buffalo Bills smoked the Cleveland Browns 31-7 in the preseason opener, a dominant effort by Joe Brady’s team from start to finish. With only one preseason game left before the Bills head to Houston to embark on their 2026 regular season, why not project the 53-man roster again? Technically, we do have new information [&#8230;]",Chris Trapasso,2026-08-23T13:11:19-04:00,https://www.buffalorumblings.com/buffalo-bills-roster/138934/buffalo-bills-53-man-roster-projection-after-preseason-victory-over-browns,2026-08-24T00:55:18.439714+00:00
Buffalo Bills,https://www.buffalorumblings.com,Ed Oliver deserved the right to grieve his son privately,Some stories are difficult to write because you struggle to find the right words. This is one of them. Buffalo Bills defensive tackle Ed Oliver and his family have been living through an unimaginable tragedy for nearly two months. Oliver’s 2-year-old son died on June 28 after being found unresponsive in a swimming pool at [&#8230;],Sara Larson,2026-08-23T10:25:02-04:00,https://www.buffalorumblings.com/buffalo-bills-news/138928/buffalo-bills-ed-oliver-deserved-the-right-to-grieve-his-son-privately,2026-08-24T00:55:18.439714+00:00
Buffalo Bills,https://www.buffalorumblings.com,4 takeaways from Bills win over Browns in second preseason game,"The Buffalo Bills beat the Cleveland Browns 31-7 for the second straight resounding preseason win, and after the score was 7-7 in the first quarter — post-lightning delay — Joe Brady’s club dominated for the remainder of the game. You can read staffer what Sean Murphy’s wrote his stock up/stock down piece immediately following the [&#8230;]",Chris Trapasso,2026-08-23T09:37:38-04:00,https://www.buffalorumblings.com/buffalo-bills-analysis/138918/4-takeaways-from-bills-win-over-browns-in-second-preseason-game,2026-08-24T00:55:18.439714+00:00
Buffalo Bills,https://www.buffalorumblings.com,Kyle Allen quiets his doubters against the Cleveland Browns,"One of the ongoing storylines around the Buffalo Bills this offseason has focused on the backup for quarterback Josh Allen. It is understandable that this is an important topic to fans, as Allen is considered the top quarterback in the NFL. The club knew they would have a new backup in place after Mitchell Trubisky [&#8230;]",Anthony Marino,2026-08-23T08:12:26-04:00,https://www.buffalorumblings.com/buffalo-bills-analysis/138913/kyle-allen-quiets-his-doubters-against-the-cleveland-browns,2026-08-24T00:55:18.439714+00:00
Buffalo Bills,https://www.buffalorumblings.com,Bills news: Recapping Bills vs. Browns,"It appears the competition to claim the backup quarterback job behind Josh Allen is settled for the Buffalo Bills, as veteran Kyle Allen has posted back-to-back efficient performances this preseason for the Bills. Today’s edition of Buffalo Rumblinks leads off by recapping Kyle Allen’s strong outing in leading Buffalo to its second straight preseason win [&#8230;]",John Boccacino,2026-08-23T07:37:54-04:00,https://www.buffalorumblings.com/buffalo-bills-news/138846/bills-news-recapping-bills-vs-browns,2026-08-24T00:55:18.439714+00:00
Buffalo Bills,https://www.buffalorumblings.com,Buffalo Bills 2026 scouting report: kicker Tyler Bass,"The Buffalo Bills used multiple kickers last season thanks to a variety of injuries at the position. For the majority of the season, it was veteran Matt Prater handling the duties, and the 41-year old was fantastic. He hit on 90% of his tries during the regular season, nailing 18-of-20 field goals over the course [&#8230;]",Sean Murphy,2026-08-23T07:35:45-04:00,https://www.buffalorumblings.com/buffalo-bills-analysis/138372/buffalo-bills-2026-scouting-report-kicker-tyler-bass,2026-08-24T00:55:18.439714+00:00
Buffalo Bills,https://www.buffalorumblings.com,Fernando&#8217;s Notebook: Bills win in 31-7 rout over Browns in preseason game No. 2,"The Bills beat the Browns 31-7 in Saturday&#8217;s preseason Week 2 game in Cleveland, and this could be a new recurring format for me (as long as you enjoy it), post games — live notes from the broadcast, shared as-is, no full breakdown. Here&#8217;s what stood out to me watching the Bills’ second preseason game, [&#8230;]",Fernando Schmude,2026-08-23T06:00:00-04:00,https://www.buffalorumblings.com/buffalo-bills-analysis/138884/buffalo-bills-notebook-from-31-7-preseason-win-over-browns,2026-08-24T00:55:18.439714+00:00
Buffalo Bills,https://www.buffalorumblings.com,Buffalo Bills dominate Cleveland Browns in preseason action,"The Buffalo Bills and the Cleveland Browns faced off in Week Two of the 2026 NFL preseason, and after a lengthy lightning delay, the teams were able to complete a fairly competitive game. Buffalo’s first drive was put on hold after just 1:39 of game time thanks to strong storms that blew through the area, [&#8230;]",Sean Murphy,2026-08-22T16:48:57-04:00,https://www.buffalorumblings.com/buffalo-bills-analysis/138868/buffalo-bills-stock-up-stock-down-preseason-cleveland-browns,2026-08-24T00:55:18.439714+00:00
Buffalo Bills,https://www.buffalorumblings.com,Buffalo Bills DT Ed Oliver’s young son has passed away,"The Buffalo Bills are mourning the loss of the young son of defensive tackle Ed Oliver. Rumors began circulating Friday night with the NFL Network reporting it Saturday morning. The Bills confirmed the tragedy Saturday afternoon. Ed Oliver’s 2-year-old son has tragically passed away. “On behalf of the entire Buffalo Bills organization, we want to [&#8230;]",Matt Warren,2026-08-22T12:32:15-04:00,https://www.buffalorumblings.com/buffalo-bills-news/138863/buffalo-bills-dt-ed-olivers-young-son-has-passed-away,2026-08-24T00:55:18.439714+00:00
Buffalo Bills,https://www.buffalorumblings.com,"Buffalo Bills at Cleveland Browns, NFL Preseason Week 2 fan discussion","The Buffalo Bills are on the other end of Lake Erie this weekend, set to meet the Cleveland Browns for Week 2 of the 2026 NFL preseason. A week ago now, Buffalo smacked the Carolina Panthers 29-14 in the team’s preseason debut at the new Highmark Stadium. This weekend? They’re due west for a classic [&#8230;]",Matt Byham,2026-08-22T12:00:00-04:00,https://www.buffalorumblings.com/buffalo-bills-discussion/138841/buffalo-bills-at-cleveland-browns-nfl-preseason-week-2-fan-discussion,2026-08-24T00:55:18.439714+00:00
Carolina Panthers,https://www.catscratchreader.com,2026 Season Opener Countdown: 22 Days Remaining,"Here at Cat Scratch Reader we have counted down the final 100 days leading up to the Carolina Panthers season opener by for at least the past ten years. We’ve always done this by highlighting the current player on the roster whose jersey number matches the day on the countdown. This year, we decided to [&#8230;]",Jonathan DeLong,2026-08-22T07:00:00-04:00,https://www.catscratchreader.com/carolina-panthers-history/60475/carolina-panthers-2026-season-opener-countdown-22-days-remaining,2026-08-24T00:55:18.439714+00:00
Carolina Panthers,https://www.catscratchreader.com,CSR Weekend Warriors: 8/21-8/23,"Greetings, Panthers fans. Welcome to the weekend. Feel free to use this thread to chat about (almost) anything you want: video games, food, movies, non-football sports, you name it. As long as it’s allowed by the site’s ToS, it’s fair game here. You know the drill. This is now an open thread",Walker Clement,2026-08-22T06:00:00-04:00,https://www.catscratchreader.com/the-scratching-post/60396/csr-weekend-warriors-8-21-8-23,2026-08-24T00:55:18.439714+00:00
Carolina Panthers,https://www.catscratchreader.com,Panthers 34 Jaguars 17: Everything got better from last week,"The Carolina Panthers bounced back from a dreadful showing against the Bills to beat down the Jacksonville Jaguars, 34-17. First Quarter The Panthers won the toss and took the ball first to give their first team offense a chance to redeem themselves after last week’s struggles. To their credit, they did improve by getting one [&#8230;]",Jonathan DeLong,2026-08-21T22:42:27-04:00,https://www.catscratchreader.com/carolina-panthers-analysis/60470/panthers-34-jaguars-17-everything-got-better-from-last-week,2026-08-24T00:55:18.439714+00:00
Carolina Panthers,https://www.catscratchreader.com,Panthers vs Jaguars: Preseason Week 2 discussion thread,"The Carolina Panthers are following a pair of joint practices in Jacksonville with their third preseason game. The Jacksonville Jaguars and the Panthers both are intending to play their starters for much, if not all, of the first half. There is an extremely slight chance that means we could see actual offensive football from Bryce [&#8230;]",Walker Clement,2026-08-21T18:00:00-04:00,https://www.catscratchreader.com/carolina-panthers-discussion/60466/panthers-vs-jaguars-preseason-week-2-discussion-thread,2026-08-24T00:55:18.439714+00:00
Carolina Panthers,https://www.catscratchreader.com,"Brian Answers: Bryce Young, Haynes King, Pat Jones, roster decisions, and more!","Hello CSR! Welcome to Brian Answers, part two of your weekly Panthers fan mailbag for everyone! We got flooded with questions after a generally bad preseason outing. Let&#8217;s dive right in to everything you want to talk about! facepalmjedi: What can I do about my dread of watching Bryce Young stink up the field for [&#8230;]",Brian Beversluis,2026-08-21T08:00:00-04:00,https://www.catscratchreader.com/carolina-panthers-rumors/60457/brian-answers-bryce-young-haynes-king-pat-jones-roster-decisions-and-more,2026-08-24T00:55:18.439714+00:00
Carolina Panthers,https://www.catscratchreader.com,2026 Season Opener Countdown: 23 Days Remaining,"Here at Cat Scratch Reader we have counted down the final 100 days leading up to the Carolina Panthers season opener by for at least the past ten years. We’ve always done this by highlighting the current player on the roster whose jersey number matches the day on the countdown. This year, we decided to [&#8230;]",Jonathan DeLong,2026-08-21T07:00:00-04:00,https://www.catscratchreader.com/carolina-panthers-history/60460/carolina-panthers-2026-season-opener-countdown-23-days-remaining,2026-08-24T00:55:18.439714+00:00
Carolina Panthers,https://www.catscratchreader.com,Panthers vs Jaguars: Defensive Preview,"The Carolina Panthers will enter their 3rd preseason game this Friday, meeting the Jacksonville Jaguars in their stadium after a week of team practices to build up some tension. This might be the most we see of the Panthers starters on both sides of the football, and the Panthers defense is still working out some [&#8230;]",Brian Beversluis,2026-08-20T08:00:00-04:00,https://www.catscratchreader.com/carolina-panthers-schedule/60454/panthers-vs-jaguars-defensive-preview,2026-08-24T00:55:18.439714+00:00
Carolina Panthers,https://www.catscratchreader.com,2026 Season Opener Countdown: 24 Days Remaining,"Here at Cat Scratch Reader we have counted down the final 100 days leading up to the Carolina Panthers season opener by for at least the past ten years. We’ve always done this by highlighting the current player on the roster whose jersey number matches the day on the countdown. This year, we decided to [&#8230;]",Daniel Belton,2026-08-20T07:00:00-04:00,https://www.catscratchreader.com/carolina-panthers-history/60442/2026-season-opener-countdown-24-days-remaining,2026-08-24T00:55:18.439714+00:00
Carolina Panthers,https://www.catscratchreader.com,Cat Scratch Reader Reacts Survey: Preseason favorites,"A lackluster showing by the starting offense is more or less a tradition for the Carolina Panthers under Dave Canales and Bryce Young. They never finish the season as poorly as they start, but they do certainly start looking quite poorly. The same can’t be said for every player on the Panthers who is fighting [&#8230;]",Walker Clement,2026-08-19T10:57:16-04:00,https://www.catscratchreader.com/carolina-panthers-depth-chart/60428/cat-scratch-reader-reacts-survey-preseason-favorites,2026-08-24T00:55:18.439714+00:00
Carolina Panthers,https://www.catscratchreader.com,Panthers vs Jaguars: Offensive Preview,"We got our first look at the first team offense during the Carolina Panthers’ second preseason game against the Bills, and it wasn’t pretty. Fortunately there are two more opportunities to work out the kinks should the coaching staff choose to utilize them. The first is against the Jacksonville Jaguars, who are coming off a [&#8230;]",Jonathan DeLong,2026-08-19T08:00:00-04:00,https://www.catscratchreader.com/carolina-panthers-analysis/60437/carolina-panthers-vs-jacksonville-jaguars-offensive-preview-nfl-preseason-week-3,2026-08-24T00:55:18.439714+00:00
Chicago Bears,https://www.windycitygridiron.com,Bear &#038; Balanced: Did you take any positives from the Bears&#8217; loss?,"The Chicago Bears didn’t look good in their loss to the Cincinnati Bengals last night. It was about as bad as this team has looked in the Ben Johnson era, and even though it was a preseason game, it was the only time a Johnson-coached Bears team failed to score a touchdown. Eleven penalties, inaccurate [&#8230;]",Lester A. Wiltfong Jr.,2026-08-23T15:00:00-04:00,https://www.windycitygridiron.com/chicago-bears-analysis/121021/chicago-bears-preseason-bengals-did-you-take-any-positives-from-the-bears-loss,2026-08-24T00:55:18.439714+00:00
Chicago Bears,https://www.windycitygridiron.com,5 Bears who helped their roster chances the most against the Bengals,"The preseason isn’t about wins and losses; it’s all about roster battles, and the Chicago Bears have several intriguing ones that are playing out. After the Bears vs Cincinnati Bengals game ended, I asked our team this question. Who helped their 53-Man roster chances the most in this game? And here’s what we had to [&#8230;]",Lester A. Wiltfong Jr.,2026-08-23T14:05:21-04:00,https://www.windycitygridiron.com/chicago-bears-roster/121117/5-bears-who-helped-their-roster-chances-the-most-against-the-bengals,2026-08-24T00:55:18.439714+00:00
Chicago Bears,https://www.windycitygridiron.com,"Bears vs Bengals: Inside the snap counts, stats, and a sloppy loss","The Chicago Bears looked crisp and disciplined last week in their preseason win against the Cleveland Browns, but yesterday against the Cincinnati Bengals, they looked like a different team. The Bengals rolled to a 27-9 win, as the Bears failed to get anything going. They were just 2 of 14 (14.3%) on third downs and [&#8230;]",Lester A. Wiltfong Jr.,2026-08-23T11:05:07-04:00,https://www.windycitygridiron.com/chicago-bears-analytic-sabermetric-metric-number-stat-nfl-data-nex-gen/24480923/bears-vs-bengals-inside-the-snap-counts-stats-and-a-sloppy-loss,2026-08-24T00:55:18.439714+00:00
Chicago Bears,https://www.windycitygridiron.com,Bears can’t get the offense going; drop preseason game 2 to the Bengals,"For the first time in the Ben Johnson era, the Chicago Bears lost a preseason game. The Cincinnati Bengals won handily, 27 to 9, and I have a feeling the film session with Johnson will not be fun. Considering the Bears began the game with most of their starters while the Bengals played their twos, [&#8230;]",Lester A. Wiltfong Jr.,2026-08-22T22:14:01-04:00,https://www.windycitygridiron.com/chicago-bears-scores-results/121065/bears-cant-get-the-offense-going-drop-preseason-game-2-to-the-bengals,2026-08-24T00:55:18.439714+00:00
Chicago Bears,https://www.windycitygridiron.com,Chicago Bears vs. Cincinnati Bengals Preseason Game Discussion,"It&#8217;s preseason week two for the Chicago Bears and the Cincinnati Bengals! When these two teams last met in the regular season, the Bears won in a wild 47- 42 game featuring an incredible Caleb Williams-to-Colston Loveland touchdown. The stakes won&#8217;t be quite as high tonight, so let&#8217;s hope they get in and out with [&#8230;]",Lester A. Wiltfong Jr.,2026-08-22T18:39:10-04:00,https://www.windycitygridiron.com/chicago-bears-preseason/121019/chicago-bears-vs-cincinnati-bengals-preseason-game-discussion,2026-08-24T00:55:18.439714+00:00
Chicago Bears,https://www.windycitygridiron.com,"Caleb Williams on his command, team chemistry, making Ben Johnson right, and more","NFL Network’s Stacey Dales, who will be on the call for today’s Chicago Bears vs Cincinnati Bengals preseason game, caught up with Bears quarterback Caleb Williams yesterday and shared an interview on her socials. It’s a quick clip, but there&#8217;s a bunch packed into it, which provides a peek into Caleb&#8217;s mindset heading into year [&#8230;]",Lester A. Wiltfong Jr.,2026-08-22T13:09:59-04:00,https://www.windycitygridiron.com/chicago-bears-news/121055/caleb-williams-on-his-command-team-chemistry-making-ben-johnson-right-and-more,2026-08-24T00:55:18.439714+00:00
Chicago Bears,https://www.windycitygridiron.com,Chicago Bears 2026 Radio Network Affiliate Stations,"The Chicago Bears&#8217; radio flagship will once again be ESPN 1000 (AM 1000, 100.3 FM HD2), and they&#8217;ll broadcast all of Chicago&#8217;s preseason and regular-season games for the 2026 season. Jeff Joniak will be on play-by-play for the 26th consecutive year, while analyst Tom Thayer begins his 30th year in the booth for the Bears [&#8230;]",Lester A. Wiltfong Jr.,2026-08-22T08:00:00-04:00,https://www.windycitygridiron.com/chicago-bears-game-information/120934/chicago-bears-2026-radio-network-affiliate-stations,2026-08-24T00:55:18.439714+00:00
Chicago Bears,https://www.windycitygridiron.com,Bears fans can&#8217;t get enough of Jordan van den Berg,"You wouldn&#8217;t know it by the photogs taking pictures for Getty and USA Today, the two outlets we get our pics from, but Chicago Bears fans can&#8217;t get enough of rookie defensive tackle Jordan van den Berg. Then again, maybe their photographers assigned to Bears gams and practices aren&#8217;t Bears fans. Regardless, these photographers need [&#8230;]",Lester A. Wiltfong Jr.,2026-08-21T20:55:00-04:00,https://www.windycitygridiron.com/chicago-bears-discussion/121032/bears-fans-cant-get-enough-of-jordan-van-den-berg,2026-08-24T00:55:18.439714+00:00
Chicago Bears,https://www.windycitygridiron.com,ESPN is wrong about the Chicago Bears,"In my day job, I am an English professor. This is relevant because in my hobby of writing about football, I frequently encounter people who forget that words mean things. ESPN just released a ranking of NFL positional groups that includes this statement: “you would be surprised by what you can learn sitting down and [&#8230;]",Josh Sunderbruch,2026-08-21T16:47:36-04:00,https://www.windycitygridiron.com/chicago-bears-analysis/121037/espn-is-wrong-about-the-chicago-bears-swift-burden-rome,2026-08-24T00:55:18.439714+00:00
Chicago Bears,https://www.windycitygridiron.com,Making Monsters: Caleb Williams is ‘light years ahead’ of last year,"The Chicago Bears have dealt with some injury adversity in the first few weeks of training camp, and those injuries have affected some of the position battles on the team. On her latest Making Monsters, Taylor Doll is joined by FOX Sports’ Carmen Vitali to discuss the injuries and how left tackle, cornerback, running back, [&#8230;]",Lester A. Wiltfong Jr.,2026-08-21T10:00:00-04:00,https://www.windycitygridiron.com/chicago-bears-news/121005/making-monsters-caleb-williams-is-light-years-ahead-of-last-year,2026-08-24T00:55:18.439714+00:00
Cincinnati Bengals,https://www.cincyjungle.com,Zac Taylor says Dan Pitcher did “excellent job” calling plays in preseason game vs. Bears,"The Cincinnati Bengals offense is changing as it continues to be shaped to fit the vision of offensive coordinator Dan Pitcher. Joe Burrow is operating more under center, and the running game is going to be a bigger point of emphasis. But now it seems Pitcher might be more involved in the individual plays being [&#8230;]",Dadio Makdook,2026-08-23T14:45:00-04:00,https://www.cincyjungle.com/cincinnati-bengals-news/196873/zac-taylor-dan-pitcher-calling-plays-bears,2026-08-24T00:55:18.439714+00:00
Cincinnati Bengals,https://www.cincyjungle.com,Landon Robinson boosts his 53-man roster odds in Bengals’ win vs. Bears,"The Cincinnati Bengals hosted the Chicago Bears for both a joint practice and preseason matchup this week. In Saturday’s game, the Bengals were dominant across the board, in all three phases, moving to 2-0 in preseason play with a 27-9 win over the visiting Bears. The biggest piece to preseason play is the final roster [&#8230;]",Patrick Carey,2026-08-23T07:30:00-04:00,https://www.cincyjungle.com/cincinnati-bengals-preseason/196836/landon-robinson-53-man-roster-odds-bears,2026-08-24T00:55:18.439714+00:00
Cincinnati Bengals,https://www.cincyjungle.com,Bengals News: Josh Johnson makes his case to stick with Cincinnati,"The Cincinnati Bengals moved to 2-0 in the preseason Saturday night, taking down the Chicago Bears 27-9 at Paycor Stadium. With Zac Taylor choosing to rest Cincinnati&#8217;s starters following Thursday&#8217;s joint practice, the game was primarily about giving the players fighting for roster spots another opportunity to make their case. They certainly took advantage of [&#8230;]",Anthony Cosenza,2026-08-23T06:32:00-04:00,https://www.cincyjungle.com/cincinnati-bengals-discussion/196849/josh-johnson-will-he-make-53-man-roster,2026-08-24T00:55:18.439714+00:00
Cincinnati Bengals,https://www.cincyjungle.com,Colbie Young impresses against the Bears,"Cincinnati Bengals fourth-round pick Colbie Young continues to push for playing time. After an impressive camp and first preseason game, Young led the way for the Bengals in preseason game two. He finished his night with three receptions, 48 yards, and the Bengals&#8217; first touchdown of the night. Colbie has been a standout performer with [&#8230;]",Dale Altman,2026-08-23T06:05:00-04:00,https://www.cincyjungle.com/cincinnati-bengals-analysis/196789/colbie-young-highlights-vs-bears,2026-08-24T00:55:18.439714+00:00
Cincinnati Bengals,https://www.cincyjungle.com,Dohnte Meyers strengthens his push for the 53-man roster in Bengals’ win vs. Bears,"After a joint practice earlier in the week between the Bengals and Bears, Cincinnati hosted Chicago in their second preseason game of 2026. The Bengals dominated in all three phases, moving to 2-0 in the preseason after a 27-9 win inside of Paycor Stadium. Preseason is the biggest tryout in the world for players looking [&#8230;]",Patrick Carey,2026-08-22T23:38:22-04:00,https://www.cincyjungle.com/cincinnati-bengals-news/196814/dohnte-meyer-53-man-roster,2026-08-24T00:55:18.439714+00:00
Cincinnati Bengals,https://www.cincyjungle.com,Erick All Jr. makes long-awaited return to the field after almost a year and a half,"The best story out of Saturday night in the Queen City was Erick All Jr. making his 2026 debut as the Cincinnati Bengals took on the Chicago Bears. All missed the final part of his 2024 rookie season after suffering a torn ACL in his right knee. After that, complications arose from a previous injury [&#8230;]",Dale Altman,2026-08-22T22:54:41-04:00,https://www.cincyjungle.com/cincinnati-bengals-news/196774/erick-all-jr-injury-return-nfl-preseason-bears,2026-08-24T00:55:18.439714+00:00
Cincinnati Bengals,https://www.cincyjungle.com,7 winners and 3 losers from the Bengals’ 27-9 win vs. Bears,"The Cincinnati Bengals played their second of three preseason games—and their last one in front of a home crowd—on Saturday night. They put on a show for the home crowd, defeating the Bears by a final score of 27-9 and moving to a meaningless 2-0 to start the 2026 campaign. Even though the game didn’t [&#8230;]",Jason Garrison,2026-08-22T22:24:09-04:00,https://www.cincyjungle.com/cincinnati-bengals-analysis/196780/7-winners-3-losers-bears-josh-johnson-landon-robinson,2026-08-24T00:55:18.439714+00:00
Cincinnati Bengals,https://www.cincyjungle.com,Joe Burrow stresses the Bengals are ‘playing and coaching for their jobs this year’,"The Bengals, after years of half measures, seem to have finally pushed all their chips to the middle of the table. Now quarterback Joe Burrow feels the pressure, and he wants everyone in the building to feel it as well. “I’ve tried to instill an urgency in the room—a palpable pressure—because we have guys playing [&#8230;]",Jason Garrison,2026-08-22T18:22:07-04:00,https://www.cincyjungle.com/cincinnati-bengals-news/196749/joe-burrow-guys-playing-coaching-for-their-jobs-this-year,2026-08-24T00:55:18.439714+00:00
Cincinnati Bengals,https://www.cincyjungle.com,"Bengals vs. Bears: How to watch, game time, TV info, online stream, replay, and more","The Cincinnati Bengals are gearing up to host the Chicago Bears for their second preseason game of the year. We saw the starters shortly in their first game vs. Detroit. We may see that again this time around, though both teams will hold a joint practice together, so one way or another, both teams’ starters [&#8230;]",Patrick Judis,2026-08-22T17:25:00-04:00,https://www.cincyjungle.com/196439/bengals-vs-bears-how-to-watch-game-time-tv-info-online-stream-replay,2026-08-24T00:55:18.439714+00:00
Cincinnati Bengals,https://www.cincyjungle.com,Andrei Iosivas isn&#8217;t trying to prove himself anymore,"For most of Andrei Iosivas&#8217; NFL career, there has been something to prove: Prove that a wide receiver from Princeton could play in the NFL; prove that a sixth-round draft pick belonged on the field with Ja&#8217;Marr Chase and Tee Higgins; and prove that his rare combination of size and athleticism could translate into production [&#8230;]",John Acree,2026-08-22T07:15:00-04:00,https://www.cincyjungle.com/cincinnati-bengals-analysis/196548/andrei-iosivas-isnt-trying-to-prove-himself-anymore,2026-08-24T00:55:18.439714+00:00
Cleveland Browns,https://www.dawgsbynature.com,Browns HC still not ready to name a starting QB,"Cleveland Browns head coach Todd Monken is facing his first major decision as an NFL head coach, and it is one that only has a wrong answer. With the Browns just days away from the final game of the preseason and three weeks away from the season opener against the Jacksonville Jaguars, the expectation was [&#8230;]",Thomas Moore,2026-08-23T16:04:19-04:00,https://www.dawgsbynature.com/cleveland-browns-news/131065/browns-todd-monken-shedeur-sanders-deshaun-watson,2026-08-24T00:55:18.439714+00:00
Cleveland Browns,https://www.dawgsbynature.com,Browns roster: Injury update on Alex Wright and team signs former 1st-round defender,"While most of the talk coming out of the Cleveland Browns blowout loss to the Buffalo Bills in the second preseason game was about the quarterbacks, Deshaun Watson’s post-game press conference in particular, the team is full of talented players and positions of need as well. The Browns need at defensive end has been clear [&#8230;]",Jared Mueller,2026-08-23T12:50:36-04:00,https://www.dawgsbynature.com/cleveland-browns-news/131056/browns-roster-injury-update-alex-wright-derek-barnett-1st-round-pick,2026-08-24T00:55:18.439714+00:00
Cleveland Browns,https://www.dawgsbynature.com,"Deshaun Watson’s contract: Browns can release him, but huge salary cap pain in &#8217;27","Before the Cleveland Browns took the field against the Buffalo Bills, most believed that Deshaun Watson was going to be named the starter for the 2026 NFL season, as soon as after the game. Shedeur Sanders was given the start in the second preseason game, but HC Todd Monken’s process seemed to be leaning pretty [&#8230;]",Jared Mueller,2026-08-23T10:43:29-04:00,https://www.dawgsbynature.com/cleveland-browns-news/131053/deshaun-watsons-contract-browns-can-release-salary-cap-free-agency,2026-08-24T00:55:18.439714+00:00
Cleveland Browns,https://www.dawgsbynature.com,3 things we learned from the Browns-Bills preseason game,"The Cleveland Browns took on the Buffalo Bills in the second preseason game of this 2026 season. Few starters entered the game, which here at DBN, we have no issue with. All across the league, numerous starters have gotten hurt in live games and ended their season before it began. Every team in every league [&#8230;]",Barry Shuck,2026-08-23T08:38:22-04:00,https://www.dawgsbynature.com/cleveland-browns-preseason/131026/browns-bills-sanders-watson-roster-oline-defense,2026-08-24T00:55:18.439714+00:00
Cleveland Browns,https://www.dawgsbynature.com,Deshaun Watson’s postgame press conference: Should it impact Browns QB decision?,"The quarterback competition between Deshaun Watson and Shedeur Sanders was already an interesting one going into the preseason matchup against the Buffalo Bills. Watson’s postgame comments certainly made things more interesting following his lackluster second-half performance, in which he completed just 5 of 12 passes for 36 yards and an interception. Watson was asked about the [&#8230;]",Abby Mueller,2026-08-23T08:29:12-04:00,https://www.dawgsbynature.com/cleveland-browns-discussion/131042/deshaun-watsons-postgame-press-conference-should-it-impact-browns-qb-decision,2026-08-24T00:55:18.439714+00:00
Cleveland Browns,https://www.dawgsbynature.com,Cleveland Browns news: Did the Browns look like they belonged?,Dawgs By Nature The Feed Share your thoughts in Dawgs By Nature’s Feed in the comment section or by following this&#160;link to the Feed post. Cleveland Browns NFL,Thomas Moore,2026-08-23T06:30:00-04:00,https://www.dawgsbynature.com/cleveland-browns-news/131009/cleveland-browns-news-shedeur-sanders-deshaun-watson-todd-monken-nick-chubb,2026-08-24T00:55:18.439714+00:00
Cleveland Browns,https://www.dawgsbynature.com,Browns QB Deshaun Watson believes fans booing is ‘personal’,"Cleveland Browns quarterback Deshaun Watson hit a milestone of sorts on Saturday against the Buffalo Bills at Huntington Bank Field. When Watson entered the huddle in the third quarter, it was the first time he had been on his home field in a game since October 20, 2024, against the Cincinnati Bengals. That was the [&#8230;]",Thomas Moore,2026-08-22T18:19:02-04:00,https://www.dawgsbynature.com/cleveland-browns-news/131000/browns-qb-deshaun-watson-believes-fans-booing-is-personal,2026-08-24T00:55:18.439714+00:00
Cleveland Browns,https://www.dawgsbynature.com,"Browns vs Bills: 7 takeaway thoughts, including on Shedeur Sanders, Deshaun Watson","In the second preseason matchup for the Cleveland Browns and Buffalo Bills, weather reared its ugly head, delaying the game for an hour after a few plays by the visitors’ offense. Overall, a lot of backups all over the field for both teams as joint practice gave HCs Todd Monken and Joe Brady enough to [&#8230;]",Jared Mueller,2026-08-22T16:57:11-04:00,https://www.dawgsbynature.com/cleveland-browns-preseason/130975/browns-vs-bills-takeaway-shedeur-sanders-deshaun-watson-qb-competition-roster,2026-08-24T00:55:18.439714+00:00
Cleveland Browns,https://www.dawgsbynature.com,Cleveland Browns vs. Buffalo Bills final score: Shedeur Sanders plays ok; Deshaun Watson a disaster in loss,"If one preseason start and two preseason games overall was supposed to provide more clarity into who the Cleveland Browns starting quarterback will be, then the mission failed. After a nice joint practice between the two teams earlier this week, the Buffalo Bills defeated the Browns 31-7. Let’s get to the full game recap. 1st [&#8230;]",Chris Pokorny,2026-08-22T16:50:13-04:00,https://www.dawgsbynature.com/cleveland-browns-scores-results/130969/cleveland-browns-vs-buffalo-bills-final-score-shedeur-sanders-plays-ok-deshaun-watson-a-disaster-in-31-7-loss,2026-08-24T00:55:18.439714+00:00
Cleveland Browns,https://www.dawgsbynature.com,Cleveland Browns vs. Buffalo Bills discussion: Shedeur Sanders’ turn to try winning the job,"Now, it’s Shedeur Sanders’ chance to make one last impression on Todd Monken to try winning the Cleveland Browns starting quarterback job. He is expected to get the first half of action in the team’s second preseason game today against the Buffalo Bills. Whether Sanders is truly a viable candidate for the starting job remains [&#8230;]",Chris Pokorny,2026-08-22T11:30:00-04:00,https://www.dawgsbynature.com/cleveland-browns-discussion/130938/cleveland-browns-vs-buffalo-bills-discussion-shedeur-sanders-turn-to-try-winning-the-job,2026-08-24T00:55:18.439714+00:00
Dallas Cowboys,https://www.bloggingtheboys.com,Cowboys depth chart becomes clearer in win at Cardinals,"The Dallas Cowboys moved to 2-0 on the 2026 preseason with another road win against a NFC West opponent on Saturday night, 34-13 at the Arizona Cardinals. Like the preseason week one opponent Seattle Seahawks, the Cardinals are another team the Cowboys will also see in the regular season. The Cowboys made some statements about [&#8230;]",Sean Martin,2026-08-23T17:00:00-04:00,https://www.bloggingtheboys.com/dallas-cowboys-preseason/24481004/cardinals-game-joe-milton-jonathan-mingo-jaishwan-barham,2026-08-24T00:55:18.439714+00:00
Dallas Cowboys,https://www.bloggingtheboys.com,Shiyazh Pete had the best moment from Saturday’s Dallas Cowboys win,"The Dallas Cowboys were the winning team on Saturday night after their preseason game against the Arizona Cardinals, but there was one clear and undeniable winner specifically: Shiyazh Pete. In case you were unaware, Pete is a rookie, undrafted offensive lineman on the Cowboys roster. Most notably he is the first Navajo to sign an [&#8230;]",RJ Ochoa,2026-08-23T16:00:00-04:00,https://www.bloggingtheboys.com/dallas-cowboys-roster/215188/shiyazh-pete-winner-cowboys-cardinals,2026-08-24T00:55:18.439714+00:00
Dallas Cowboys,https://www.bloggingtheboys.com,"Cowboys at Cardinals Stock Report: Joe Milton takes QB2, Jaishawn Barham announces self",Saturday night went about as well as you could have expected it to for the Dallas Cowboys. They scored. And they did so often. Players answered important questions like who will serve as key backups at quarterback and running back for example. Young and future stars like Jaishawn Barham corroborated the hype that they have [&#8230;],RJ Ochoa,2026-08-23T14:30:00-04:00,https://www.bloggingtheboys.com/dallas-cowboys-preseason/215187/stock-report-joe-milton-malik-davis-jaishawn-barham,2026-08-24T00:55:18.439714+00:00
Dallas Cowboys,https://www.bloggingtheboys.com,From forgotten Patriot to the Cowboys new backup plan,"The Dallas Cowboys have found themselves a backup quarterback. It wasn’t easy and took a little bit of trial and error, but lo and behold, they are finally reaping the rewards of making a good trade. And those rewards come courtesy of Joe Milton III. This story first began last offseason when the team was [&#8230;]",Dan Rogers,2026-08-23T13:12:20-04:00,https://www.bloggingtheboys.com/dallas-cowboys-preseason/215162/backup-qb-joe-milton-patriots-trade-sam-howell,2026-08-24T00:55:18.439714+00:00
Dallas Cowboys,https://www.bloggingtheboys.com,What Von Miller adds to Cowboys pass rush &#8211; beyond unrealistic sack expectations,"Like it or not, sacks are still the pass rusher&#8217;s currency of choice, even if there are advanced metrics available that give us a much clearer picture of a player&#8217;s pass-rushing efficiency. And, of course, the first wave of reporting about the Von Miller signing was all about sacks, both about his being the NFL&#8217;s [&#8230;]",One Cool Customer,2026-08-23T11:00:00-04:00,https://www.bloggingtheboys.com/dallas-cowboys-analysis/214743/von-miller-pass-rush-sacks-pressure-win-rate,2026-08-24T00:55:18.439714+00:00
Dallas Cowboys,https://www.bloggingtheboys.com,10 thoughts on Cowboys 34-13 preseason win over Cardinals,"Two preseason games, two preseason wins. The Dallas Cowboys completed their second preseason game of the year with a 34-13 win over the Arizona Cardinals. With a late west coast start time, this one kept fans up late, but it gave us plenty to see. Here are 10 thoughts on this after-hours football affair. 1. [&#8230;]",Dan Rogers,2026-08-23T09:00:00-04:00,https://www.bloggingtheboys.com/dallas-cowboys-preseason/215093/jaishawn-barham-34-13-win-cardinals-joe-milton-malik-davis,2026-08-24T00:55:18.439714+00:00
Dallas Cowboys,https://www.bloggingtheboys.com,Cowboys news: Joe Milton’s big night wows again,"The Dallas Cowboys won their preseason game against the Arizona Cardinals on Saturday night, 34-13. It was a big night for backup QB Joe Milton. Jaisahwbn Barham and Shavon Revel Jr. helped spearhead the defense, while all the running backs got in on the action. Let’s recap in our news segment. Cowboys backup QB opens [&#8230;]",LP Cruz,2026-08-23T07:00:00-04:00,https://www.bloggingtheboys.com/dallas-cowboys-news/215102/joe-milton-big-night-cardinals-game-recap,2026-08-24T00:55:18.439714+00:00
Dallas Cowboys,https://www.bloggingtheboys.com,Cowboys have done something for first time since 2007,"The Dallas Cowboys are 2-0 in the preseason. Alert the masses. Before we go any further, we all agree that wins and losses in the preseason do not ultimately matter. You would certainly rather win these exhibition contests than lose them, but at the end of the day that particular detail does not matter as [&#8230;]",RJ Ochoa,2026-08-23T01:30:00-04:00,https://www.bloggingtheboys.com/dallas-cowboys-history/215104/preseason-games-undefeated-2007,2026-08-24T00:55:18.439714+00:00
Dallas Cowboys,https://www.bloggingtheboys.com,"Cowboys 34, Cardinals 13: Joe Milton shines in win","The Dallas Cowboys are 2-0 in the preseason for the first time in almost 20 years…. since 2007 to be exact. Saturday night, as late as it went, was a very impressive outing for the team. Joe Milton shined in serious fashion, and Malik Davis took a big step in the RB2 battle. Just like [&#8230;]",RJ Ochoa,2026-08-23T00:52:08-04:00,https://www.bloggingtheboys.com/dallas-cowboys-roster/215082/cowboys-cardinals-recap-joe-milton-qb2,2026-08-24T00:55:18.439714+00:00
Dallas Cowboys,https://www.bloggingtheboys.com,"Cowboys injury news: Julius Wood leaves Cardinals game, in concussion protocol","Dallas Cowboys safety Julius Wood left Saturday night’s game against the Arizona Cardinals early. It was revealed that he was being evaluated for a concussion, and soon after it was reported that he was ruled out of the game as a result. Wood has been one of the impressive players deeper down the Cowboys roster. [&#8230;]",RJ Ochoa,2026-08-23T00:36:35-04:00,https://www.bloggingtheboys.com/dallas-cowboys-injuries/215105/julius-wood-concussion-injury,2026-08-24T00:55:18.439714+00:00
Denver Broncos,https://www.milehighreport.com,Broncos vs Packers: The No Bull Preseason Review,The good news is that this is only the preseason. We are most definitely talkin&#8217; &#8217;bout practice. I&#8217;m not overly worried about the game going sideways. The only real concern it shows is a lack of overall depth on the roster in a cohesive way that the Denver Broncos will not likely ever need to [&#8230;],sadaraine,2026-08-23T16:51:13-04:00,https://www.milehighreport.com/denver-broncos-preseason/182983/broncos-vs-packers-no-bull-preseason-review,2026-08-24T00:55:18.439714+00:00
Denver Broncos,https://www.milehighreport.com,How is this Broncos’ run game going to be?,"Last week’s Reacts poll is a bit of a moot point after the Broncos did not showcase an electric rushing attack against the Packers the way they had against the Falcons. And so it goes with the run game in Denver. One week up, next week down. While everything must be filtered with the fact [&#8230;]",Laurie Lattimore-Volkmann,2026-08-23T14:49:58-04:00,https://www.milehighreport.com/reacts/182970/how-is-this-broncos-run-game-going-to-be,2026-08-24T00:55:18.439714+00:00
Denver Broncos,https://www.milehighreport.com,Maybe the Broncos losing to the Packers is exactly what they needed,"Good morning, Broncos Country! Obviously, what the Denver Broncos put forth on Friday night was not good enough. Maybe that’s a good thing, especially for a team that has expectations of playing in and winning the Super Bowl this season. Yes, it’s the preseason, and you don’t want to get carried away with the positive [&#8230;]",Ian St. Clair,2026-08-23T06:00:00-04:00,https://www.milehighreport.com/denver-broncos-news/182960/maybe-the-broncos-losing-to-the-packers-is-exactly-what-they-needed,2026-08-24T00:55:18.439714+00:00
Denver Broncos,https://www.milehighreport.com,Bo Nix and Jaylen Waddle offer a glimpse of what the Broncos offense can be,"If you keep score, Sean Payton wants to win. And for the first time in eight preseason games, the Denver Broncos lost. As Payton said after the game, it clearly wasn’t good enough against the Green Bay Packers on Friday night. For what it’s worth, each Denver Super Bowl win had a loss in the [&#8230;]",Ian St. Clair,2026-08-22T15:10:08-04:00,https://www.milehighreport.com/denver-broncos-news/182947/bo-nix-and-jaylen-waddle-offer-a-glimpse-of-what-the-broncos-offense-can-be,2026-08-24T00:55:18.439714+00:00
Denver Broncos,https://www.milehighreport.com,Sean Payton not pleased with performance against Packers,"After winning eight games preseason games in a row, the Denver Broncos had their streak busted in front of a packed hometown crowd against the Green Bay Packers on Friday night. Outside of a few areas, the Broncos struggled consistently throughout the game. Overall, it was a poor showing. Certainly not a gridiron endeavor that [&#8230;]",Christopher Hart,2026-08-22T13:00:00-04:00,https://www.milehighreport.com/denver-broncos-news/182930/sean-payton-and-broncos-not-please-with-performance-against-packers,2026-08-24T00:55:18.439714+00:00
Denver Broncos,https://www.milehighreport.com,"Stock Up, Stock Down after the Broncos’ loss to the Packers in Week 2 of the preseason","Things were looking up for the Broncos after their preseason opening victory over the Atlanta Falcons. All three phases of the team played well, and they handled the Falcons on the road despite missing several key starters. However, in Week 2, they would be getting back quarterback Bo Nix and star receiver Jaylen Waddle, and [&#8230;]",Scotty Payne,2026-08-22T11:32:18-04:00,https://www.milehighreport.com/denver-broncos-news/182922/stock-up-stock-down-after-the-broncos-loss-to-the-packers-in-week-2-of-the-preseason-bo-nix-jaylen-waddle-evan-engram-sean-payton-jonah-coleman,2026-08-24T00:55:18.439714+00:00
Denver Broncos,https://www.milehighreport.com,Future Broncos: An early look at Denver’s potential 2027 NFL Draft needs,"For our first installment of Future Broncos earlier today, we took a look at the slate of picks the Denver Broncos have for the 2027 NFL Draft. Boasting extra picks, the Broncos have the flexibility to be very active maneuvering around the draft board next April if they so choose. With this entry, we will [&#8230;]",Christopher Hart,2026-08-22T10:00:00-04:00,https://www.milehighreport.com/denver-broncos-draft/179380/future-broncos-an-early-look-at-denvers-2027-nfl-draft-needs,2026-08-24T00:55:18.439714+00:00
Denver Broncos,https://www.milehighreport.com,Future Broncos: An early look at Denver’s slate of 2027 NFL Draft picks,"The NCAA football season begins next week. You know what that means—it’s time to gear up for another year of Future Broncos articles covering the best prospects and everything related to the Denver Broncos and the 2027 NFL Draft. For the first installment, let’s get Broncos Country up to speed on Denver’s slate of picks [&#8230;]",Christopher Hart,2026-08-22T07:00:00-04:00,https://www.milehighreport.com/denver-broncos-draft/179387/future-broncos-an-early-look-at-denvers-slate-of-2027-nfl-draft-picks,2026-08-24T00:55:18.439714+00:00
Denver Broncos,https://www.milehighreport.com,Winners and Losers from the Denver Broncos&#8217; 33-13 loss to the Green Bay Packers,"Well, that was ugly. The Denver Broncos&#8217; preseason winning streak has ended after the Packers dominated them tonight. However, the Broncos still end the night as winners due to Bo Nix and Jaylen Waddle looking good and making an impact when they were on the field. At the end of the day, that is all [&#8230;]",Scotty Payne,2026-08-22T00:25:29-04:00,https://www.milehighreport.com/denver-broncos-preseason/182855/winners-and-losers-from-the-denver-broncos-33-13-loss-to-the-green-bay-packers-bo-nix-jaylen-waddle-riley-moss-sean-payton,2026-08-24T00:55:18.439714+00:00
Denver Broncos,https://www.milehighreport.com,Instant reaction: Broncos throttled by Packers in second preseason game,"The Denver Broncos had won eight preseason games in a row with Head Coach Sean Payton at the helm. Alas, tonight that streak wended. When the clock struck zero, the Broncos suffered a 33-13 defeat to the Green Bay Packers. Here are several instant reactions from their first preseason game. Welcome back, Bo Nix! Broncos [&#8230;]",Christopher Hart,2026-08-22T00:15:00-04:00,https://www.milehighreport.com/denver-broncos-preseason/182612/instant-reaction-broncos-throttled-by-packers-in-second-preseason-game,2026-08-24T00:55:18.439714+00:00
Detroit Lions,https://www.prideofdetroit.com,What Lions vs. Commanders snap counts tell us about Detroit’s roster,"How the Detroit Lions utilize their players in the preseason can often tell us a lot about their intentions when it comes to next week’s roster cuts. It’s not only how much you play, but what order the players take the field, and you can never forget special teams. So let’s take a closer look [&#8230;]",Jeremy Reisman,2026-08-23T08:00:00-04:00,https://www.prideofdetroit.com/detroit-lions-analysis/170327/lions-vs-commanders-snap-counts-tell-us-about-detroits-roster,2026-08-24T00:55:18.439714+00:00
Detroit Lions,https://www.prideofdetroit.com,5 Detroit Lions who hurt their roster chances vs. Washington Commanders,"Even though the stakes of a preseason game are low, a win feels good nonetheless. The Detroit Lions defeated the Washington Commanders in their second preseason game with a modest 17-13 score line. There has been promise on both sides of the ball, but an equal number of questions still up in the air. A [&#8230;]",John Whiticar,2026-08-23T07:00:00-04:00,https://www.prideofdetroit.com/detroit-lions-analysis/170304/5-detroit-lions-hurt-roster-chances-washington-commanders,2026-08-24T00:55:18.439714+00:00
Detroit Lions,https://www.prideofdetroit.com,Discussion: What was the most promising part of the Lions’ win over the Commanders?,"The Detroit Lions defeated the Washington Commanders 17-13 on Saturday afternoon in their second preseason game of 2026. Obviously, the final score of the game matters little, but there were certainly developments during the game that were positive and negative. We’ll cover plenty of both over the next few days as we break down the [&#8230;]",Jeremy Reisman,2026-08-23T06:11:14-04:00,https://www.prideofdetroit.com/detroit-lions-discussion/170317/detroit-lions-washington-commanders-most-promising-development,2026-08-24T00:55:18.439714+00:00
Detroit Lions,https://www.prideofdetroit.com,"Detroit Lions injury updates: Sione Vaki, Jabari Small, Cedrick Wilson","The Detroit Lions suffered a few injuries during their game against the Washington Commanders, and it was mixed news for the entire crew. Let’s break them down one by one. RB Sione Vaki Vaki was a surprise scratch from Saturday’s game, but Lions coach Dan Campbell assured the media that the third-year running back is [&#8230;]",Jeremy Reisman,2026-08-22T16:30:00-04:00,https://www.prideofdetroit.com/detroit-lions-news/170263/detroit-lions-injury-updates-sione-vaki-jabari-small-cedrick-wilson,2026-08-24T00:55:18.439714+00:00
Detroit Lions,https://www.prideofdetroit.com,5 takeaways from Detroit Lions’ 17-13 preseason win over Washington Commanders,"We&#8217;ve officially hit the hump in the 2026 preseason. The Detroit Lions had their only home preseason game of the season, taking on the Washington Commanders. This time around, when these two teams played at Ford Field, the stakes weren&#8217;t as high. The Lions planned on playing some starters this week, but not as many [&#8230;]",Brandon Knapp,2026-08-22T16:15:00-04:00,https://www.prideofdetroit.com/detroit-lions-analysis/170138/5-takeaways-detroit-lions-preseason-win-washington-commanders,2026-08-24T00:55:18.439714+00:00
Detroit Lions,https://www.prideofdetroit.com,5 Detroit Lions who helped their roster chances versus Washington Commanders,"The Detroit Lions got into the preseason win column by defeating the Washington Commanders on a midday tilt back at Ford Field. With two preseason games in the rearview mirror and one left to come, the roster picture is becoming both clearer and foggier. On one hand, certain players continue to rack up impressive reps [&#8230;]",John Whiticar,2026-08-22T15:47:39-04:00,https://www.prideofdetroit.com/detroit-lions-analysis/170141/5-detroit-lions-who-helped-their-roster-chances-versus-washington-commanders,2026-08-24T00:55:18.439714+00:00
Detroit Lions,https://www.prideofdetroit.com,"Lions vs. Commanders recap, highlights: Defense, RBs shine in preseason Game 2","The Detroit Lions offense has most of the hype going into 2026, but it’s been their defense that has put up the best performances in the preseason. On Saturday afternoon, the Lions defense held the Washington Commanders to just six points and 35 rushing yards. On offense, it was a more mixed performance, but the [&#8230;]",Jeremy Reisman,2026-08-22T11:45:00-04:00,https://www.prideofdetroit.com/detroit-lions-game-recaps/170118/detroit-lions-vs-washington-commanders-live-score-updates-highlights,2026-08-24T00:55:18.439714+00:00
Detroit Lions,https://www.prideofdetroit.com,"Detroit Lions vs. Washington Commanders preseason live chat, discussion","The Detroit Lions’ preseason schedule officially hits the midway point on Saturday afternoon when they welcome the Washington Commanders to Ford Field for a 12 p.m. ET kickoff. Both team are expected to play some starters, but it’s not clear which ones. We know the Lions will not be starting quarterback Jared Goff, giving veteran [&#8230;]",Jeremy Reisman,2026-08-22T11:00:00-04:00,https://www.prideofdetroit.com/detroit-lions-discussion/170111/detroit-lions-vs-washington-commanders-preseason-live-chat-discussion,2026-08-24T00:55:18.439714+00:00
Detroit Lions,https://www.prideofdetroit.com,10 Detroit Lions to watch in preseason Game 2 vs. Commanders,"There’s just over a week until the Detroit Lions—and every other NFL team—must cut their roster down to 53 players. That makes Saturday afternoon’s preseason game between the Lions and Washington Commanders an important one. For many, this will be one of the final chances to not only impress their own team, but put out [&#8230;]",Jeremy Reisman,2026-08-22T09:00:00-04:00,https://www.prideofdetroit.com/detroit-lions-analysis/170069/10-detroit-lions-watch-preseason-game-2-washington-commanders,2026-08-24T00:55:18.439714+00:00
Detroit Lions,https://www.prideofdetroit.com,Detroit Lions updated depth chart: Preseason Game 2 vs. Commanders,"Ahead of every&#160;Detroit Lions&#160;game in 2026, we will provide readers with an updated depth chart of the team’s roster based on what we are seeing at practices, with this installment representing where we believe the Lions roster sits heading into preseason Game 2 against the Washington Commanders. In the Lions first presesason game against the [&#8230;]",Erik Schlitt,2026-08-22T08:00:00-04:00,https://www.prideofdetroit.com/detroit-lions-depth-chart/170034/detroit-lions-updated-depth-chart-preseason-game-2-vs-commanders,2026-08-24T00:55:18.439714+00:00
Green Bay Packers,https://www.acmepackingcompany.com,Packers Discussion: How many Green Bay players are roster locks?,"It’s a little bit of a dead period in camp, where we can finally all catch our breath after Friday’s preseason game against the Denver Broncos. Why not embrace debate? How many players do you think have a roster spot locked in going into the preseason finale against the Arizona Cardinals, where the backups should [&#8230;]",Justis Mosqueda,2026-08-23T19:01:49-04:00,https://www.acmepackingcompany.com/green-bay-packers-depth-chart/85118/packers-discussion-how-many-green-bay-players-are-roster-locks,2026-08-24T00:55:18.439714+00:00
Green Bay Packers,https://www.acmepackingcompany.com,"Packers Film Room, Preseason Week 2: Jordan Love","Last week, we looked at Green Bay Packers quarterback Jordan Love’s 5 dropbacks in the opening preseason game. We’re doing the same thing with this week’s game against the Denver Broncos. Love and the first-team offense only got one drive, but it was a long one: a 12-play, 63-yard drive that took 6 minutes &#38; [&#8230;]",Dusty Evely,2026-08-23T18:07:28-04:00,https://www.acmepackingcompany.com/green-bay-packers-analysis/85087/packers-film-room-preseason-week-2-jordan-love,2026-08-24T00:55:18.439714+00:00
Green Bay Packers,https://www.acmepackingcompany.com,Packers Discussion: Should Tyrod Taylor or Kyle McCord be the backup QB?,"Alright, I’m clearing the lane here so you guys can sound off on what you think about the Green Bay Packers’ backup quarterback job in 2026. It’s a bit of a lightning rod topic, so let’s just set the table and recap how we ended up in the position that we’re at right now. Green [&#8230;]",Justis Mosqueda,2026-08-22T20:23:37-04:00,https://www.acmepackingcompany.com/green-bay-packers-discussion/85083/packers-discussion-should-tyrod-taylor-or-kyle-mccord-be-the-backup-qb,2026-08-24T00:55:18.439714+00:00
Green Bay Packers,https://www.acmepackingcompany.com,Green Bay Packers Roster: Post-Preseason Week 2 53-man projection,"After Week 2’s action against the Denver Broncos, we did a full breakdown of the Green Bay Packers’ entire depth chart, position-by-position, while showing our work. Now we’re going to take it a step further and update our 53-man roster projection with our best guess on what the team will look like when the club [&#8230;]",Justis Mosqueda,2026-08-22T19:49:05-04:00,https://www.acmepackingcompany.com/green-bay-packers-roster/85071/green-bay-packers-roster-post-preseason-week-2-53-man-projection,2026-08-24T00:55:18.439714+00:00
Green Bay Packers,https://www.acmepackingcompany.com,Packers Injuries: 5 players banged up in win vs. Broncos,"The Athletic’s Matt Schneidman got the scoop on the Green Bay Packers’ injuries from the team’s victory over the Denver Broncos on Friday. According to Schneidman, five Packers suffered injuries last night. The first is cornerback Brandon Cisse, who we knew got banged up on special teams between the first and second drive of defense [&#8230;]",Justis Mosqueda,2026-08-22T18:48:23-04:00,https://www.acmepackingcompany.com/green-bay-packers-news/85074/packers-injuries-5-players-banged-up-in-win-vs-broncos,2026-08-24T00:55:18.439714+00:00
Green Bay Packers,https://www.acmepackingcompany.com,Trey Smack continues to pay off on Packers’ and fans’ faith,"For a second straight preseason game, the Green Bay Packers got a magnificent performance out of rookie kicker Trey Smack. In the Packers’ 33-13 win over the Denver Broncos on Friday night, Smack had another perfect night, hitting all four of his field goal attempts. Similarly to his debut in Pittsburgh, Smack also booted a [&#8230;]","Evan ""Tex"" Western",2026-08-22T11:10:00-04:00,https://www.acmepackingcompany.com/green-bay-packers-discussion/85067/trey-smack-continues-to-pay-off-on-packers-and-fans-faith,2026-08-24T00:55:18.439714+00:00
Green Bay Packers,https://www.acmepackingcompany.com,Packers Depth Chart: Who played for Green Bay’s 1s and 2s vs. the Broncos?,"If you’re new here, we track who plays with the first- and second-team offensive and defensive units for the Green Bay Packers throughout the preseason because it’s a much cleaner picture of what the team looks like than the overall snap count. When third-stringers are in the game in the first half, like they were [&#8230;]",Justis Mosqueda,2026-08-22T02:57:59-04:00,https://www.acmepackingcompany.com/green-bay-packers-depth-chart/85064/packers-depth-chart-who-played-for-green-bays-1s-and-2s-vs-the-broncos,2026-08-24T00:55:18.439714+00:00
Green Bay Packers,https://www.acmepackingcompany.com,Packers CB Brandon Cisse says injury vs. Broncos is ‘nothing serious’,"Green Bay Packers cornerback Brandon Cisse got the start opposite Keisean Nixon on the outside against the Denver Broncos on Friday, but he only played one of the first-team defense’s two drives in the game after going down with an injury after a punt. According to the Green Bay Press-Gazette’s Ryan Wood, Cisse said he [&#8230;]",Justis Mosqueda,2026-08-22T01:41:15-04:00,https://www.acmepackingcompany.com/green-bay-packers-news/85061/packers-cb-brandon-cisse-says-injury-vs-broncos-is-nothing-serious,2026-08-24T00:55:18.439714+00:00
Green Bay Packers,https://www.acmepackingcompany.com,"Green Bay Packers vs. Denver Broncos final score, recap: Trey Smack continues hot start","Coming into tonight’s action, the Green Bay Packers hadn’t won a game since December 7th against the Chicago Bears, as their last trip to Denver started them on a five game-losing streak (six if you want to include the preseason opener) that capped off with the team being sent home by those same Bears in [&#8230;]",Justis Mosqueda,2026-08-22T00:16:16-04:00,https://www.acmepackingcompany.com/green-bay-packers-scores-results/85050/green-bay-packers-vs-denver-broncos-final-score-recap-trey-smack-continues-hot-start,2026-08-24T00:55:18.439714+00:00
Green Bay Packers,https://www.acmepackingcompany.com,Packers vs. Broncos Preseason Game Discussion,"Let’s hope this year’s Green Bay Packers game at Mile High Stadium doesn’t end in similar fashion to the one that took place last December. That sentiment has nothing to do with the result of the game; if the Packers give up a halftime lead on Friday night and end up losing the game, nobody [&#8230;]","Evan ""Tex"" Western",2026-08-21T20:00:00-04:00,https://www.acmepackingcompany.com/green-bay-packers-discussion/85002/packers-vs-broncos-preseason-game-discussion,2026-08-24T00:55:18.439714+00:00
Houston Texans,https://www.battleredblog.com,The Day After The Day After: The Houston Texans&#8217; 22-20 preseason loss to the Las Vegas Raiders,"The Day After the Day After&#8230;when the raw, immediate emotions from the aftermath of a game diminish into the realm of clarity and the proverbial (or literal) hangover no longer haunts the mind. With that, some thoughts about Week 2 of the preseason: Another Reminder About Perspective: What transpires in preseason games, in most cases, [&#8230;]",l4blitzer,2026-08-22T14:00:00-04:00,https://www.battleredblog.com/houston-texans-analysis/77143/the-day-after-the-day-after-the-houston-texans-22-20-preseason-loss-to-the-las-vegas-raiders,2026-08-24T00:55:18.439714+00:00
Houston Texans,https://www.battleredblog.com,Texans sign two veteran wide receivers,The vacancy in the wide receiver room has been addressed and addressed immediately. Reports are that the Texans have agreed to sign veteran wide receivers Sterling Shepard and Zay Jones. Both have had past success in their careers and served as starting receivers in recent seasons. The two wide receivers impressed in a workout and [&#8230;],Scott Barzilla,2026-08-21T18:32:10-04:00,https://www.battleredblog.com/houston-texans-analysis/77139/texans-sign-two-veteran-wide-receivers,2026-08-24T00:55:18.439714+00:00
Houston Texans,https://www.battleredblog.com,Texans Postgame: Texans Lose to Raiders,"Well, just like last week, Houston had a very deflating finish to this preseason game, losing to the Las Vegas Raiders 22-20, dropping to 0-2 this preseason. Despite the loss, however, this game was a much more satisfying showing from the Texans roster than last week’s loss against the Los Angeles Chargers. Tonight, the Houston [&#8230;]",fizzyjoe,2026-08-20T23:31:57-04:00,https://www.battleredblog.com/houston-texans-preseason/77117/texans-postgame-texans-lose-to-raiders,2026-08-24T00:55:18.439714+00:00
Houston Texans,https://www.battleredblog.com,Raiders at Texans: Preseason Week 2 Discussion Thread,"Ordinarily in the second week of the preseason, you’d get to see players you recognize, who will be playing regularly this season, for about one half of the game. But then Jayden Higgins tore his ACL, ending his season; the fact that the team could lose their WR2 during practice has led the Texans to [&#8230;]",Patrick Haughton,2026-08-20T19:00:00-04:00,https://www.battleredblog.com/houston-texans-discussion/77108/raiders-at-texans-preseason-week-2-discussion-thread,2026-08-24T00:55:18.439714+00:00
Houston Texans,https://www.battleredblog.com,Replacing Higgins: Sign or Trade?,"Yesterday’s news about the ACL injury to 2nd year receiver Jayden Higgins was a significant blow to the Houston Texans hopes for 2026. Most considered Higgins as the lock for WR2. And while the Texans have a solid receiver room, none of the players behind him look like viable replacements. Next man up is a [&#8230;]",Mike Bullock,2026-08-20T09:00:00-04:00,https://www.battleredblog.com/houston-texans-analysis/77096/replacing-higgins-sign-or-trade,2026-08-24T00:55:18.439714+00:00
Houston Texans,https://www.battleredblog.com,"Houston Texans News: Thursday August 20, 2026","Houston Texans News Texans to rest starters Thursday vs. Raiders (NBC Sports) How DeMeco Ryans turned Texans into an NFL measuring stick (Chron.com) 7 takeaways from Texans&#8217; joint practice with Raiders, including much-needed success for running game (Houston Chronicle) Texans WR Jayden Higgins tore his ACL (Pro Football Talk) NFL News Patriots&#8217; Brown professes &#8216;love&#8217; [&#8230;]",Patrick Haughton,2026-08-20T06:00:00-04:00,https://www.battleredblog.com/houston-texans-news/77092/houston-texans-news-thursday-august-20-2026,2026-08-24T00:55:18.439714+00:00
Houston Texans,https://www.battleredblog.com,"BREAKING: Texans WR Jayden Higgins has Torn ACL, Out for 2026 Season","Unfortunately, the first major injury of the Houston Texans 2026 NFL Season has occurred: NFL.com’s Ian Rapoport the Houston Chronicle’s Jonathan M. Alexander have both reported that Texans second-year WR Jayden Higgins tore his ACL during yesterday’s joint practice with the Las Vegas Raiders: Disaster. For an offense that is entering its second year under [&#8230;]",fizzyjoe,2026-08-19T13:07:18-04:00,https://www.battleredblog.com/houston-texans-injuries/77071/breaking-texans-wr-jayden-higgins-has-torn-acl-out-for-2026-season,2026-08-24T00:55:18.439714+00:00
Indianapolis Colts,https://www.stampedeblue.com,Breaking down Riley Leonard’s performance vs the Falcons,It was Riley Leonard’s chance to play with the 2’s and it was nothing to write home about. Below are many of throws and plays from his performance against the Falcons. Scramble 1 This is a nice scramble and run from Leonard. His receivers were clearly covered throughout the entire play and he picked up [&#8230;],Andrew Aziz,2026-08-23T08:00:00-04:00,https://www.stampedeblue.com/indianapolis-colts-analysis/126780/breaking-down-riley-leonards-performance-vs-the-falcons,2026-08-24T00:55:18.439714+00:00
Indianapolis Colts,https://www.stampedeblue.com,Colts backups get dominated at home by Falcons: Takeaways from Preseason Week 2,"Look, it’s only preseason, and it was a battle of backups, but I don’t necessarily know that I expected the Indianapolis Colts to get blown out at home to the tune of 34-6 to the Atlanta Falcons, after arguably getting the better of their visitor at Grand Park through two joint training camp practices earlier [&#8230;]",Luke Schultheis,2026-08-22T17:31:54-04:00,https://www.stampedeblue.com/indianapolis-colts-news/126773/colts-backups-get-blown-out-at-home-by-falcons-takeaways-from-preseason-week-2,2026-08-24T00:55:18.439714+00:00
Indianapolis Colts,https://www.stampedeblue.com,Colts depth gets exposed in preseason blowout loss to Falcons,"INDIANAPOLIS — There was nowhere to hide, especially not behind the home faithful inside Lucas Oil Stadium. Not even behind the preseason label, because the game itself exposed a bit more. The depth of the Indianapolis Colts was tested in Saturday’s preseason home opener as the Atlanta Falcons dominated with an overwhelming score of 34-6. [&#8230;]",Thomas Butler-Guerrero,2026-08-22T16:08:46-04:00,https://www.stampedeblue.com/indianapolis-colts-preseason/126744/colts-depth-gets-exposed-in-blowout-preseasonloss-to-falcons,2026-08-24T00:55:18.439714+00:00
Indianapolis Colts,https://www.stampedeblue.com,The Colts Go-To Preseason Play: Choice + Snag Basic,"Everyone remembers the infamous snap Anthony Richardson took to kickoff the QB competition in Baltimore. You know, the one that set Twitter on fire that night? It’s very rare that a preseason play would cause this much debate. After all, the preseason is as vanilla as it gets. But Anthony Richardson took a lot of [&#8230;]",coltsfilmroom,2026-08-22T16:02:14-04:00,https://www.stampedeblue.com/indianapolis-colts-analysis/126746/the-colts-go-to-preseason-play-choice-snag-basic,2026-08-24T00:55:18.439714+00:00
Indianapolis Colts,https://www.stampedeblue.com,Preseason Week 2 Colts vs. Falcons Game Thread,"The&#160;Indianapolis Colts&#160;are at home to take on the Atlanta Falcons in week 2 of the 2026 preseason, kickoff is at 1:00 p.m. EST. Folks, the season is almost upon us but today we get to experience the greatness that is the preseason. This past week the Colts and Falcons had joint practices so we shouldn’t [&#8230;]",Chris Shepherd,2026-08-22T12:55:00-04:00,https://www.stampedeblue.com/indianapolis-colts-discussion/126733/preseason-week-2-colts-vs-falcons-game-thread,2026-08-24T00:55:18.439714+00:00
Indianapolis Colts,https://www.stampedeblue.com,What to Watch For: Colts host Falcons for Preseason Week 2,"The Indianapolis Colts (0-0-1) host the Atlanta Falcons (0-1) for their home preseason opener at Saturday afternoon at 1 PM EST on CBS4, and the Horseshoe Faithful can listen in at 93.5 and 107.5 The Fan. Matt Taylor (play-by-play) and Charles Arbuckle (analyst) will be on the radio call, with former longtime coach Rick Venturi [&#8230;]",Luke Schultheis,2026-08-22T08:00:00-04:00,https://www.stampedeblue.com/indianapolis-colts-news/126728/what-to-watch-for-colts-host-falcons-for-preseason-week-2,2026-08-24T00:55:18.439714+00:00
Indianapolis Colts,https://www.stampedeblue.com,SI.com shares interesting anecdote about football brain bond between Daniel Jones and Shane Steichen,"According to SI.com’s Albert Breer, the football brain bond between Indianapolis Colts starting quarterback Daniel Jones and his head coach Shane Steichen was already on full display during Week 1 of last season as part of their initial pairing: “And Jones was already getting there in certain ways, maybe best illustrated through a Week 1 [&#8230;]",Luke Schultheis,2026-08-21T22:53:53-04:00,https://www.stampedeblue.com/indianapolis-colts-news/126603/si-com-shares-interesting-anecdote-about-football-brain-bond-between-daniel-jones-and-shane-steichen,2026-08-24T00:55:18.439714+00:00
Indianapolis Colts,https://www.stampedeblue.com,Aziz’s 53-man depth chart prediction,Offense (25) Quarterback (3) &#8211; Daniel Jones &#124; Anthony Richardson &#124; Riley Leonard Running Back (3) &#8211; Jonathan Taylor &#124; DJ Giddens &#124; Seth McGowan Receivers (6) &#8211; Alec Pierce &#124; Josh Downs &#124; Keenan Allen &#124; Ashton Dulin &#124; Nick Westbrook-Ikhine &#124; Anthony Gould Tight Ends (4) &#8211; Tyler Warrren &#124; Mo Alie-Cox &#124; [&#8230;],Andrew Aziz,2026-08-21T08:00:00-04:00,https://www.stampedeblue.com/indianapolis-colts-depth-chart/126700/azizs-53-man-depth-chart-prediction,2026-08-24T00:55:18.439714+00:00
Indianapolis Colts,https://www.stampedeblue.com,Keenan Allen makes debut as Colts close Grand Park era with second joint-practice against Falcons,"WESTFIELD, Ind. — The final whistle blew 40 minutes earlier than expected as eight summers of Indianapolis Colts training camp at Droplight Grand Park Sports Campus had officially come to an abrupt end. For the Colts, the Grand Park chapter began in 2018 when the team originally announced a 10-year partnership, with the first camp [&#8230;]",Thomas Butler-Guerrero,2026-08-20T22:32:23-04:00,https://www.stampedeblue.com/indianapolis-colts-training-camp/126705/keenan-allen-makes-debut-as-colts-close-grand-park-era-with-second-joint-practice-against-falcons,2026-08-24T00:55:18.439714+00:00
Indianapolis Colts,https://www.stampedeblue.com,Colts adding Keenan Allen provides solidifying veteran presence to depleted receiving corps,"The Indianapolis Colts made national headlines earlier this week after signing six-time former Pro Bowl veteran wideout Keenan Allen to a one-year, $8.32 million deal to boost their seemingly depleted wide receiver corps. While the Colts had been in talks with Allen and his representation for months this offseason, the 13-year veteran and Indianapolis were [&#8230;]",Luke Schultheis,2026-08-20T08:00:00-04:00,https://www.stampedeblue.com/indianapolis-colts-news/126666/colts-adding-keenan-allen-provides-solidifying-veteran-presence-to-depleted-receiving-corps,2026-08-24T00:55:18.439714+00:00
Jacksonville Jaguars,https://www.bigcatcountry.com,Jacksonville Jaguars Winners And Losers Preseason Week Two: An Uninspiring Battle For Backup Positions,"On a rainy Friday evening at home, in the first home football game during the new stadium renovations, the Jacksonville Jaguars fell to the visiting Carolina Panthers 34-17 in a boring, ugly affair. The big questions from the Week One game – the backup quarterback spot and the shaky backup secondary – were mostly far [&#8230;]",Henry Zimmer,2026-08-22T13:00:00-04:00,https://www.bigcatcountry.com/general/87940/jacksonville-jaguars-winners-and-losers-preseason-week-two-an-uninspiring-battle-for-backup-positions,2026-08-24T00:55:18.439714+00:00
Jacksonville Jaguars,https://www.bigcatcountry.com,"Jaguars Stock Up, Stock Down Following Panthers Week","The Jacksonville Jaguars’ second week of preseason work delivered unexpected swings of highs and lows for Jaguars fans. After Wednesday’s joint early practice domination of the Carolina Panthers and losing steam after the midpoint, Jacksonville failed to recreate their week one comeback magic on Friday, falling to the Carolina Panthers 34-17. From players who strengthened [&#8230;]",Travis Holmes,2026-08-22T10:47:59-04:00,https://www.bigcatcountry.com/jacksonville-jaguars-discussion/87480/jaguars-stock-up-stock-down-following-panthers-week,2026-08-24T00:55:18.439714+00:00
Jacksonville Jaguars,https://www.bigcatcountry.com,Three reasons why the Jaguars lost to the Panthers,"The Jacksonville Jaguars suffered their first defeat of the 2026 preseason on Friday night, falling 34-17 to the Carolina Panthers at EverBank Stadium. With Liam Coen once again choosing to rest virtually all of his established starters, this was primarily an opportunity for Jacksonville&#8217;s depth players to stake their claim for roster spots. Unfortunately for [&#8230;]",Simon Carroll,2026-08-22T04:01:08-04:00,https://www.bigcatcountry.com/jacksonville-jaguars-preseason/87896/three-reasons-why-the-jaguars-lost-to-the-panthers,2026-08-24T00:55:18.439714+00:00
Jacksonville Jaguars,https://www.bigcatcountry.com,Panthers Run Away From Jaguars in Ugly Preseason Performance,"The Jacksonville Jaguars endured a rough night at home, falling by 17 points to the Carolina Panthers in a preseason performance defined more by mistakes than progress. Jacksonville was its own worst enemy throughout the evening, committing 10 total penalties, with nine officially called, while also turning the ball over twice. For a team filled [&#8230;]",Travis Holmes,2026-08-21T22:41:44-04:00,https://www.bigcatcountry.com/game-day-threads/87474/panthers-run-away-from-jaguars-in-ugly-preseason-performance,2026-08-24T00:55:18.439714+00:00
Jacksonville Jaguars,https://www.bigcatcountry.com,Jaguars vs Panthers: Preseason Week 2 Live Blog and Open Thread,"The Jacksonville Jaguars play football today! The Jags are at home to face the Carolina Panthers in the second week of preseason action. Kickoff is at 7:30 pm EST, and you can click&#160;here&#160;to learn how to watch/listen to the game. You can also find game updates on our&#160;X/Twitter,&#160;Bluesky, and&#160;Facebook. Live Blog First quarter After Trevor [&#8230;]",Gus Logue,2026-08-21T18:35:37-04:00,https://www.bigcatcountry.com/jacksonville-jaguars-discussion/87711/jags-panthers-preseason-week-2-live-blog,2026-08-24T00:55:18.439714+00:00
Jacksonville Jaguars,https://www.bigcatcountry.com,Reacts Survey Results: Hype builds for Jaguars LG Emmanuel Pregnon,"This week, we asked Jacksonville Jaguars fans which player impressed them most in this year’s first preseason game. A third of the respondants went with rookie left guard Emmanuel Pregnon. With the caveat of it not being a true NFL game against the league’s top players and schemes… Pregnon looked really good! It sounded like [&#8230;]",Gus Logue,2026-08-21T17:03:01-04:00,https://www.bigcatcountry.com/jacksonville-jaguars-discussion/87700/reacts-survey-results-preseason-hype-emmanuel-pregnon,2026-08-24T00:55:18.439714+00:00
Jacksonville Jaguars,https://www.bigcatcountry.com,Jaguars vs Panthers: How to Watch Preseason Week 2,"The&#160;Jacksonville Jaguars&#160;and&#160;Carolina Panthers are set to square off in Week 2 of the 2026 preseason. It doesn’t sound like Jaguars starters are expected to play anymore following a successful joint practice on Wednesday. “I&#8217;m not sure,” said head coach Liam Coen. “I got to see how we came out of today. I don&#8217;t want to [&#8230;]",Gus Logue,2026-08-21T07:00:00-04:00,https://www.bigcatcountry.com/jacksonville-jaguars-game-information/87707/jags-panthers-how-to-watch-preseason-week-2,2026-08-24T00:55:18.439714+00:00
Jacksonville Jaguars,https://www.bigcatcountry.com,Jaguars vs Panthers: Matchup History Through the Decades,"Happy Panthers Week! The Jacksonville Jaguars are back home this week to face off against fellow 1995 expansion team, the Carolina Panthers. The Jaguars and Panthers have played each other nine times during the regular season, and the Jags currently lead the series 5-4. Let’s take a brief look at Jacksonville beating Carolina at home [&#8230;]",Caitlin Connor,2026-08-20T13:00:00-04:00,https://www.bigcatcountry.com/jacksonville-jaguars-history/87771/jaguars-panthers-matchup-history-preseason-week-2,2026-08-24T00:55:18.439714+00:00
Jacksonville Jaguars,https://www.bigcatcountry.com,Jaguars activate OL Cole Van Lanen from PUP list,"The Jacksonville Jaguars have activated Cole Van Lanen from the Active/Physically Unable to Perform (PUP) list. Hell yeah. Originally selected by the Green Bay Packers in Round 6 of the 2021 NFL Draft, the Jaguars traded for Van Lanen in August 2022. He played 33 total games (3 starts) in his first three seasons in [&#8230;]",Gus Logue,2026-08-20T12:03:50-04:00,https://www.bigcatcountry.com/jacksonville-jaguars-news/87818/cole-van-lanen-returns-from-knee-injury,2026-08-24T00:55:18.439714+00:00
Jacksonville Jaguars,https://www.bigcatcountry.com,Can the Jaguars carry over their redzone performance from last year?,"Trevor Lawrence and the Jacksonville Jaguars’ first-team offense were surgical in the red zone on Thursday. Competing against the Carolina Panthers in a joint practice, Lawrence completed all three of his redzone attempts for touchdowns. The second-team offense had several spikes as well. Lawrence’s first score came against former teammate Devin Lloyd, who was moved [&#8230;]",Gus Logue,2026-08-20T11:00:00-04:00,https://www.bigcatcountry.com/jacksonville-jaguars-news/87760/jags-redzone-efficiency-trevor-lawrence-liam-coen,2026-08-24T00:55:18.439714+00:00
Kansas City Chiefs,https://www.arrowheadpride.com,6 winners and 5 losers from the Chiefs’ second preseason game,"Saturday’s preseason matchup between the Kansas City Chiefs and Tampa Bay Buccaneers actually had a few plays with the excitement of a regular-season game: a record-breaking field goal, some real pass rush, and a run game. The ending was a letdown, but there were plenty of standout players to discuss: 6 Winners Defensive end Felix Anudike-Uzomah: The biggest play of [&#8230;]",Matt Stagner,2026-08-23T19:00:00-04:00,https://www.arrowheadpride.com/kansas-city-chiefs-analysis/208484/6-winners-5-losers-chiefs-second-preseason-game,2026-08-24T00:55:18.439714+00:00
Kansas City Chiefs,https://www.arrowheadpride.com,Chiefs Preseason Week 2 snap count analysis: Jalen Royals leads offense,"Welcome back to Arrowhead Pride’s weekly snap-count analysis! During the preseason, we will shorten the analysis as it is difficult to make definitive statements based on the raw snap-count data. Still, let’s see what we can figure out about the Kansas City Chiefs when taking a closer look at playing time during the 16-15 loss [&#8230;]",Ron Kopp Jr.,2026-08-23T14:30:00-04:00,https://www.arrowheadpride.com/kansas-city-chiefs-analysis/208468/chiefs-preseason-week-2-snap-count-analysis-jalen-royals-leads-wideouts,2026-08-24T00:55:18.439714+00:00
Kansas City Chiefs,https://www.arrowheadpride.com,"Preseason Week 2 notes for Chiefs’ offense, defense and special teams","The Kansas City Chiefs played a preseason game against the Tampa Bay Buccaneers on Saturday night. Many players were out for both teams, so there’s not too much you can take away from this game. Still, important things happen in the preseason that translate to the regular season. Here are three things I took away [&#8230;]",Nate Christensen,2026-08-23T12:00:00-04:00,https://www.arrowheadpride.com/kansas-city-chiefs-analysis/208434/preseason-week-2-notes-chiefs-offense-defense-special-teams,2026-08-24T00:55:18.439714+00:00
Kansas City Chiefs,https://www.arrowheadpride.com,5 things we learned from the Chiefs’ second preseason game of the season,"For a while, it looked like the Kansas City Chiefs might win a preseason game for the first time since 2023. The Chiefs were in control of the game on both offense and defense, and special teams looked like it had put together a special night. And then former Kansas Jayhawks quarterback Jalon Daniels came [&#8230;]",Rocky Magaña,2026-08-23T10:00:00-04:00,https://www.arrowheadpride.com/kansas-city-chiefs-analysis/208416/5-things-learned-chiefs-second-preseason-game,2026-08-24T00:55:18.439714+00:00
Kansas City Chiefs,https://www.arrowheadpride.com,Chiefs News: The rookies are flashing athleticism and speed on defense,"The latest The Kansas City Chiefs dropped to 0-2 in the preseason with a 16-15 loss to the Tampa Bay Buccaneers on Saturday evening. It was another exhibition loss — but it was another low-scoring affair. The Chiefs’ defense has performed well this preseason, especially on third down. Opponents have been kept out of the [&#8230;]",Ron Kopp Jr.,2026-08-23T09:00:00-04:00,https://www.arrowheadpride.com/kansas-city-chiefs-news/208436/chiefs-news-rookies-flashing-athleticism-speed-defense,2026-08-24T00:55:18.439714+00:00
Kansas City Chiefs,https://www.arrowheadpride.com,Andy Reid gives 2 injury updates after Saturday’s preseason loss,The Kansas City Chiefs entered Saturday’s eventual 16-15 preseason loss to the Tampa Bay Buccaneers reeling from injuries as training camp concluded this week. The Chiefs were already down a starting safety as Chamarri Conner continues to recover from a knee injury. The team’s other starter at the position was pulled before Saturday’s game. Speaking [&#8230;],Jared Sapp,2026-08-22T23:30:00-04:00,https://www.arrowheadpride.com/kansas-city-chiefs-injuries/208410/andy-reid-gives-2-injury-updates-after-saturdays-preseason-loss,2026-08-24T00:55:18.439714+00:00
Kansas City Chiefs,https://www.arrowheadpride.com,5 instant takeaways from Chiefs’ Preseason Week 2,"On Saturday night, the Kansas City Chiefs battled with the Tampa Bay Buccaneers to the end of a NFL Preseason Week 2 matchup, with Tampa Bay coming out on top by a score of 16-15. Here are five rapidly instant takeaways from the game: 1. Harrison Butker was so back The story of the preseason [&#8230;]",Ron Kopp Jr.,2026-08-22T22:30:00-04:00,https://www.arrowheadpride.com/kansas-city-chiefs-analysis/208367/5-instant-takeaways-chiefs-preseason-week-2,2026-08-24T00:55:18.439714+00:00
Kansas City Chiefs,https://www.arrowheadpride.com,Chiefs vs. Buccaneers Final Score: Chiefs lose 16-15,"The Kansas City Chiefs lost the second preseason game of the 2026 campaign with a 16-15 defeat at the hands of the Tampa Bay Buccaneers. Starting quarterback Justin Fields completed nine of 12 passes for 64 yards, but was sacked twice, including a strip sack. Running backs Brashard Smith and Emmett Johnson combined for 62 [&#8230;]",Maurice Elston,2026-08-22T22:25:00-04:00,https://www.arrowheadpride.com/kansas-city-chiefs-game-information/208358/chiefs-buccaneers-final-score-chiefs-lose-16-15,2026-08-24T00:55:18.439714+00:00
Kansas City Chiefs,https://www.arrowheadpride.com,Chiefs-Buccaneers Preseason Week 2: Game Discussion,"Another weekend of preseason football! We’re watching our Kansas City Chiefs take on the Tampa Bay Buccaneers for the second game of this year’s preseason at 6:30 p.m. Arrowhead Time in Tampa, Florida at Raymond James Stadium! Locally, you can watch the game on KSHB 41, and it can also be streamed on NFL+ with [&#8230;]",Ron Kopp Jr.,2026-08-22T18:30:00-04:00,https://www.arrowheadpride.com/kansas-city-chiefs-discussions/208350/chiefs-buccaneers-preseason-week-2-game-discussion,2026-08-24T00:55:18.439714+00:00
Kansas City Chiefs,https://www.arrowheadpride.com,Preseason Week 2 ‘Reacts’ poll: Chiefs fans show concerns for receiver position,"Welcome to&#160;SB Nation Reacts, a survey of fans across the NFL. Each week, we send out questions to the most plugged-in&#160;Kansas City Chiefs fans. You can see all of the recent survey results here. And be sure to check out FanDuel Sportsbook, the official sportsbook partner of SB Nation. Which hampered position is most worrisome? [&#8230;]",Ron Kopp Jr.,2026-08-22T17:45:00-04:00,https://www.arrowheadpride.com/nfl-reacts-survey/208344/preseason-week-2-results-concerns-receivers,2026-08-24T00:55:18.439714+00:00
Las Vegas Raiders,https://www.silverandblackpride.com,Raiders news: Ashton Jeanty injured,"The Las Vegas Raiders have been relatively unscathed through training camp and the preseason this summer, yet, Sunday, exactly three weeks before they start the regular season the team may have been delivered a major blow as second-year starting running back Ashton Jeanty had to leave practice with an injury to his right leg. According [&#8230;]",Bill Williamson,2026-08-23T18:02:26-04:00,https://www.silverandblackpride.com/las-vegas-raiders-news/137675/raiders-news-ashton-jeanty-injured-leg,2026-08-24T00:55:18.439714+00:00
Las Vegas Raiders,https://www.silverandblackpride.com,5 Las Vegas Raiders players who stepped up against the Texans,"There is only one cut day in the NFL now, but with two weeks of preseason action in the books some players have began to establish themselves. Aidan O’Connnell It took O’Connell three possessions, 23 plays, 195 yards, two touchdowns and 10:29 to turn the game around. The former 4th-round pick set the Raiders highest [&#8230;]",Philip Robinson,2026-08-23T16:22:00-04:00,https://www.silverandblackpride.com/las-vegas-raiders-analysis/137487/5-las-vegas-raiders-players-stepped-up-against-texans,2026-08-24T00:55:18.439714+00:00
Las Vegas Raiders,https://www.silverandblackpride.com,The Year 2 bar for Raiders wide receiver Don’te Thornton Jr.,"Over the course of the “Year 2 bar” series for the Las Vegas Raiders 2025 NFL Draft picks, we’ve explored what kind of impact to expect from the second-year players. For Dont’e Thornton Jr. — the Tennessee wide receiver the Silver &#38; Black took in the fourth round (108th overall) in last year’s draft — [&#8230;]",Ray Aspuria,2026-08-23T13:10:00-04:00,https://www.silverandblackpride.com/las-vegas-raiders-draft/137119/raiders-offense-2026-donte-thornton-wide-receiver,2026-08-24T00:55:18.439714+00:00
Las Vegas Raiders,https://www.silverandblackpride.com,Raiders news: Chigozie Anusiem placed on reserve/injured list,The Las Vegas Raiders have been healthy for most of the offseason. While there a few players experiencing bumps and bruises nothing serious has hit the roster. That changed on Thursday when a young cornerback went down. Chigozie Anusiem was injured on Thursday against the Houston Texans. The team announced on Saturday that he will [&#8230;],Marcus Johnson,2026-08-23T10:00:00-04:00,https://www.silverandblackpride.com/las-vegas-raiders-news/137652/silver-minings-raiders-place-chigozie-anusiem-on-reserve-injured-list,2026-08-24T00:55:18.439714+00:00
Las Vegas Raiders,https://www.silverandblackpride.com,Raiders fans are confident in DC Rob Leonard,"The Las Vegas Raiders were late to pick their head coach, which left them at a disadvantage when it comes to picking coordinators. Klint Kubiak decided to take a chance on young defensive line coach Rob Leonard, who doesn&#8217;t have much coordinator experience. Leonard is hoping to make his mark on the league and build [&#8230;]",Marcus Johnson,2026-08-22T18:00:00-04:00,https://www.silverandblackpride.com/reacts/137644/raiders-fans-are-confident-in-dc-rob-leonard,2026-08-24T00:55:18.439714+00:00
Las Vegas Raiders,https://www.silverandblackpride.com,Klint Kubiak calls out Raiders’ underperforming wide receivers,"When Las Vegas Raiders head coach Klint Kubiak was asked his opnions on his wide receiver room, he didn’t shy away from it. Klint’s keeping it real Kubiak addressed the question head-on and with candor, and for a man who doesn’t say much, that speaks volumes. He appears to be realizing he must find a [&#8230;]",Philip Robinson,2026-08-22T17:30:00-04:00,https://www.silverandblackpride.com/las-vegas-raiders-analysis/137593/raiders-klint-kubiak-wide-receivers,2026-08-24T00:55:18.439714+00:00
Las Vegas Raiders,https://www.silverandblackpride.com,"Raiders’ penalties, tackling woes remain prime areas of opportunity","While the Klint Kubiak era is indeed in its infancy, the Las Vegas Raiders are in mid-season form in one particular aspect: Penalties. After engaging in two of the three preseasons games, Kubiak’s desert marauders racked up 17 infractions to the tune of 158 yards. The Silver &#38; Black’s most recent outing — a 22-20 [&#8230;]",Ray Aspuria,2026-08-22T16:01:00-04:00,https://www.silverandblackpride.com/las-vegas-raiders-analysis/137129/raiders-2026-raiders-texans-game-review,2026-08-24T00:55:18.439714+00:00
Las Vegas Raiders,https://www.silverandblackpride.com,"Raiders Mailbag: With several young, promising defensive backs, who gets left off 53-man roster on cutdown day?","We’re about ready to put a bow on the Las Vegas Raiders’ 2026 training camp and preseason, which means the regular season is right around the corner! Get excited, but we also have one more preseason game and the NFL’s cutdown day coming next week. So, this week’s mailbag will have a heavy emphasis on [&#8230;]",Matt Holder,2026-08-22T13:00:00-04:00,https://www.silverandblackpride.com/las-vegas-raiders-preseason/137549/las-vegas-raiders-preseason-training-camp-roster-cuts,2026-08-24T00:55:18.439714+00:00
Las Vegas Raiders,https://www.silverandblackpride.com,Raiders News: Klint Kubiak shares thoughts on Fernando Mendoza’s performance against Houston Texans,"Las Vegas Raiders rookie quarterback Fernando Mendoza completed eight of 15 passes for 86 yards, no touchdowns and an interception against the Houston Texans in his second preseason game. While plenty of people have their opinions on Mendoza’s performance, the only one that really matters is head coach Klint Kubiak’s. After taking some time to [&#8230;]",Matt Holder,2026-08-22T10:00:00-04:00,https://www.silverandblackpride.com/las-vegas-raiders-news/137594/las-vegas-raiders-news-preseason-fernando-mendoza-klint-kubiak-texans,2026-08-24T00:55:18.439714+00:00
Las Vegas Raiders,https://www.silverandblackpride.com,Treydan Stukes has much-needed strong performance in Las Vegas Raiders’ preseason game against Houston Texans,"Two-thirds of the Las Vegas Raiders’ preseason is over after the 22-20 win against the Houston Texans on Thursday night, which means training camp is winding down and the position battles are nearing an end. With that in mind, let’s dive into this week’s winners and losers. WINNER: Treydan Stukes A lot was made about [&#8230;]",Matt Holder,2026-08-21T16:36:00-04:00,https://www.silverandblackpride.com/las-vegas-raiders-preseason/137505/raiders-preseason-texans-winners-losers-treydan-stukes,2026-08-24T00:55:18.439714+00:00
Los Angeles Rams,https://www.turfshowtimes.com,Rams Depth Chart Reset: Jarquez Hunter makes his move,"With a short week looming before the L.A. Rams’ preseason finale on Thursday, second-year back Jarquez Hunter staked his claim to leapfrog Ronnie Rivers as the team’s third-string runner. Hunter ran for 68 yards at 5.7 per carry against the Saints on Saturday, showing off the burst, speed, and power that made him a top [&#8230;]",Venie Randy Soares,2026-08-23T20:01:00-04:00,https://www.turfshowtimes.com/los-angeles-rams-depth-chart/146848/rams-jarquez-hunter-depth-chart,2026-08-24T00:55:18.439714+00:00
Los Angeles Rams,https://www.turfshowtimes.com,"PFF Grades: The Stetson Bennett, Ty Simpson role reversal","The Los Angeles Rams’ backup quarterback battle burned hotter headed into Week 2 of the NFL preseason. After leading just two possessions in the opening game, Stetson Bennett was active for the entire first half. LA was likely being honest about the fact that rookie Ty Simpson is gaining ground on the veteran and wanted [&#8230;]",JB Scott,2026-08-23T20:00:00-04:00,https://www.turfshowtimes.com/los-angeles-rams-preseason/146836/rams-saints-pff-grades-stetson-bennett,2026-08-24T00:55:18.439714+00:00
Los Angeles Rams,https://www.turfshowtimes.com,No team wants to trade for Stetson Bennett,"Stetson Bennett’s ideal place with the L.A Rams would be on the practice squad, and despite the belief by most that he was too good in Saturday’s preseason game to cut him, the quarterback may actually less likely to make the 53-man roster based on how he played against the Saints. A deeper look at [&#8230;]",Kenneth Arthur,2026-08-23T18:51:06-04:00,https://www.turfshowtimes.com/los-angeles-rams-analysis/146834/rams-stetson-bennett-passing-chart,2026-08-24T00:55:18.439714+00:00
Los Angeles Rams,https://www.turfshowtimes.com,Stetson Bennett or Ty Simpson: A case for each player as QB2,The Los Angeles Rams have their starting quarterback for the regular season with 2025 NFL MVP Matthew Stafford set to return for his 18th season. But the team faces some decisions regarding the backup quarterback position after investing a 2026 1st round draft pick in Ty Simpson. The team still has Stetson Bennett on the [&#8230;],Steven Ridings,2026-08-23T14:30:00-04:00,https://www.turfshowtimes.com/los-angeles-rams-analysis/146719/rams-quarterbacks-ty-simpson-stetson-bennett-competition,2026-08-24T00:55:18.439714+00:00
Los Angeles Rams,https://www.turfshowtimes.com,"Rams’ Good, Bad and Ugly: Ty Simpson played too little","The Los Angeles Rams throttled the New Orleans Saints 34-0 on Saturday, and although it was encouraging to see Stetson Bennett lead the offense with such authority, it was equally disappointing that the coaching staff didn’t give more of those reps to Ty Simpson. Los Angeles has now won both their first two preseason matchups [&#8230;]",Evan Craig,2026-08-23T14:03:00-04:00,https://www.turfshowtimes.com/los-angeles-rams-preseason/146760/rams-saints-preseason-good-bad-and-ugly-simpson-bennett-defense,2026-08-24T00:55:18.439714+00:00
Los Angeles Rams,https://www.turfshowtimes.com,Who hasn’t played in Rams preseason?,"Under Sean McVay, Los Angeles Rams have a very clear agenda with how to use the preseason, which is to rest most of the players who will make the final 53-man roster and to play the guys who won’t. With some exceptions this year, like giving Stetson Bennett and Ty Simpson reps at quarterback, that’s [&#8230;]",Kenneth Arthur,2026-08-23T13:16:53-04:00,https://www.turfshowtimes.com/los-angeles-rams-depth-chart/146767/rams-roster-preseason-sit-outs-snaps,2026-08-24T00:55:18.439714+00:00
Los Angeles Rams,https://www.turfshowtimes.com,Rams 53-man roster projection: Who’s on the bubble after Saints game?,The Los Angeles Rams have one of the most competitive rosters from top to bottom and making this year’s team is one of the most difficult challenges for rookie and young players around the NFL. But there could be a few names to watch in this final week as the team has one preseason game [&#8230;],Steven Ridings,2026-08-23T13:09:02-04:00,https://www.turfshowtimes.com/los-angeles-rams-depth-chart/146653/rams-53-man-roster-projection-update,2026-08-24T00:55:18.439714+00:00
Los Angeles Rams,https://www.turfshowtimes.com,What Stetson Bennett can do to keep himself employed: Upon Further Review,"Stetson Bennett needed a good showing on Saturday to help establish his role as the Los Angeles Rams’ backup quarterback, and he did exactly that. In fairness, maybe Bennett is locked in no matter what he does through three preseason games. But after rookie Ty Simpson looked solid (if not better) last week, there was [&#8230;]",Brendan Dzwierzynski,2026-08-23T09:30:00-04:00,https://www.turfshowtimes.com/los-angeles-rams-analysis/146745/rams-stetson-bennett-important-throw-backup-qb,2026-08-24T00:55:18.439714+00:00
Los Angeles Rams,https://www.turfshowtimes.com,Wesley Bailey would be longest long shot to make Rams roster,"Wesley Bailey wasn’t on anyone’s radar to make the L.A. Rams 53-man roster, but a strong showing against the New Orleans Saints on Saturday had some comparing him to Leonard Floyd, a former top-10 pick in the draft. Eating against Alex Wollschlaeger, an undrafted rookie out of Kentucky who is listed as the Saints third-string [&#8230;]",Kenneth Arthur,2026-08-23T08:00:00-04:00,https://www.turfshowtimes.com/los-angeles-rams-news/146752/rams-news-preseason-bailey-roster,2026-08-24T00:55:18.439714+00:00
Los Angeles Rams,https://www.turfshowtimes.com,Four down territory: Takeaways from Rams blowout win over Saints,"The Los Angeles Rams put together their most dominant performance of the preseason Saturday, shutting out the New Orleans Saints 34-0 at SoFi Stadium. While preseason results rarely tell the entire story, the Rams provided plenty to discuss as they continued evaluating their roster with the regular season approaching. Los Angeles jumped out to a [&#8230;]",Steven Ridings,2026-08-22T22:12:46-04:00,https://www.turfshowtimes.com/los-angeles-rams-preseason/146637/rams-saints-preseason-week-2-takeaways,2026-08-24T00:55:18.439714+00:00
Miami Dolphins,https://www.thephinsider.com,Your Thoughts On The Preseason Dolphins Vs Giants Game,"Following yesterday&#8217;s preseason game between our Miami Dolphins and the New York Giants, I asked the following question: What were your takeaways from last night’s preseason game between our Miami Dolphins and the Washington Commanders New York Giants? What were the positives and negatives that you saw? What was encouraging, and what has to be [&#8230;]",James McKinney,2026-08-23T20:00:00-04:00,https://www.thephinsider.com/miami-dolphins-preseason-2/121780/your-thoughts-on-the-preseason-dolphins-vs-giants-game,2026-08-24T00:55:18.439714+00:00
Miami Dolphins,https://www.thephinsider.com,Dolphins rookie defender to miss time after injury during game against Giants,"Without most of their starters in the lineup, the Miami Dolphins fell to the New York Giants by a score of 26-3 during week two of the NFL preseason. While many players sat out the game, the team’s rookies were on full display for much of the contest. Unfortunately, one of Miami’s defensive rookies couldn’t [&#8230;]",Marek Brave,2026-08-23T12:58:02-04:00,https://www.thephinsider.com/miami-dolphins-injuries/121784/dolphins-rookie-defender-to-miss-time-after-injury-during-game-against-giants,2026-08-24T00:55:18.439714+00:00
Miami Dolphins,https://www.thephinsider.com,Miami Dolphins Discussion: Preseason Game 2 Afterthoughts Edition,"This post is somewhat similar to last week&#8217;s, with zero insight into the game from me. My wife and I have fled to the mountains of far northern Georgia for a few days to escape the summer heat here in north-central Florida, so I will likely miss seeing today&#8217;s game in real time. I hope [&#8230;]",James McKinney,2026-08-22T20:00:00-04:00,https://www.thephinsider.com/miami-dolphins-preseason-2/121659/miami-dolphins-discussion-preseason-game-2-afterthoughts-edition,2026-08-24T00:55:18.439714+00:00
Miami Dolphins,https://www.thephinsider.com,"Giants vs. Dolphins: Final score, immediate reactions and trends","The Miami Dolphins faced the New York Giants on Saturday afternoon as part of the second week of the 2026 NFL Preseason. Miami elected to sit most of the starters for the game, using the contest as a chance to see the depth players as roster decisions start being made. The players put a lot [&#8230;]",Kevin Nogle,2026-08-22T19:20:30-04:00,https://www.thephinsider.com/miami-dolphins-preseason-2/121771/new-york-giants-vs-miami-dolphins-winners-losers-final-score-reactions-kevin-coleman-tutu-atwell-stock-up-stock-down,2026-08-24T00:55:18.439714+00:00
Miami Dolphins,https://www.thephinsider.com,Dolphins linebacker Trey Moore injured vs. Giants,"Miami Dolphins rookie linebacker Trey Moore sustained a left leg injury in the first quarter of the team’s Preseason Week 2 game against the New York Giants. During New York’s first possession, Moore pressured quarterback Jameis Winston, jumping to try to block the pass at the last second. He landed awkwardly after the leap, immediately [&#8230;]",Kevin Nogle,2026-08-22T17:45:10-04:00,https://www.thephinsider.com/miami-dolphins-injuries/121772/miami-dolphins-vs-new-york-giants-injury-update-trey-moore,2026-08-24T00:55:18.439714+00:00
Miami Dolphins,https://www.thephinsider.com,New York Giants vs Miami Dolphins: Preseason Game 2 Live Thread &#038; Game Information,"Following a joint practice this week, the Miami Dolphins are set to face the New York Giants in a preseason game this afternoon. Reports indicate that the Giants held the advantage on both sides of the ball during the joint practice, which was marked by several episodes of chippiness and fights. While it remains unclear [&#8230;]",James McKinney,2026-08-22T15:00:00-04:00,https://www.thephinsider.com/miami-dolphins-discussion/121657/ny-giants-miami-dolphins-preseason-game-2-live-thread-game-information,2026-08-24T00:55:18.439714+00:00
Miami Dolphins,https://www.thephinsider.com,Dolphins preseason concerns: Fans share their positions of worry,"The Miami Dolphins host the New York Giants this afternoon in a Preseason Week 2 showdown. Both teams are shifting from conditioning and development work to tuning up for the regular season. Where are the biggest areas of concern for Dolphins fans when it comes to the team’s preparations for the season? Earlier this week, [&#8230;]",Kevin Nogle,2026-08-22T14:27:25-04:00,https://www.thephinsider.com/miami-dolphins-training-camp/121768/miami-dolphisn-training-camp-preseason-2026-needs-fan-concerns-cornerback-safety-quarterback,2026-08-24T00:55:18.439714+00:00
Miami Dolphins,https://www.thephinsider.com,Dolphins preseason 2026: Predicting the 53-man roster ahead of Giants game in Preseason Week 2,"The Miami Dolphins hit the field on Saturday for the second time in 2026, playing their Preseason Week 2 contest against the New York Giants. The two teams met in a feisty joint practice on Thursday, one that featured multiple skirmishes, Dolphins right tackle Austin Jackson being removed from a large portion of practice, and [&#8230;]",Kevin Nogle,2026-08-22T12:06:06-04:00,https://www.thephinsider.com/miami-dolphins-roster/121751/dolphins-preseason-2026-predicting-the-53-man-roster-ahead-of-giants-game-in-preseason-week-2,2026-08-24T00:55:18.439714+00:00
Miami Dolphins,https://www.thephinsider.com,"Giants vs. Dolphins Preseason game: Start time, TV channel, stream, odds, more","The Miami Dolphins host the New York Giants on Saturday as the second week of the NFL’s 2026 Preseason continues. Last week, the Washington Commanders dominated the Dolphins for most of the game. Will they have any better results against a second-straight NFC East team? The Dolphins and Giants held a joint practice on Thursday, [&#8230;]",Kevin Nogle,2026-08-22T09:30:00-04:00,https://www.thephinsider.com/miami-dolphins-schedule/121753/how-to-watch-dolphins-vs-giants-preseasson-week-2-tv-channel-start-time-online-streaming-odds-weather,2026-08-24T00:55:18.439714+00:00
Minnesota Vikings,https://www.dailynorseman.com,Minnesota Vikings News and Links: What Did We Learn From The Ravens Game?,"The game vs the Ravens was less than inspiring. It was tough to watch the offense not be able to do anything. The Ravens look like the found a decent young QB in Joe Fagnano He went 15-of-20 for 123 passing yards and a touchdown, with no turnovers and a passer rating of 106.9. Their [&#8230;]",Mark P,2026-08-23T15:39:44-04:00,https://www.dailynorseman.com/minnesota-vikings-discussion-chat-message-board/98370/minnesota-vikings-news-and-links-what-did-we-learn-from-the-ravens-game,2026-08-24T00:55:18.439714+00:00
Minnesota Vikings,https://www.dailynorseman.com,Vikings Post Ravens 53-Man Roster Projection,"Now that the Minnesota Vikings have completed joint practices and their preseason game with the Baltimore Ravens, rather than do a stock market report, with the bulk of the opportunities for players to impress their virtues on the coaching staff have come and gone, and with only one preseason game and a few more practices [&#8230;]",Warren Ludford,2026-08-23T00:37:06-04:00,https://www.dailynorseman.com/minnesota-vikings-roster/98231/vikings-post-ravens-53-man-roster-projection,2026-08-24T00:55:18.439714+00:00
Minnesota Vikings,https://www.dailynorseman.com,"Baltimore Ravens 13, Minnesota Vikings 3: A Game Definitely Was Played","On Saturday afternoon at U.S. Bank Stadium, the Minnesota Vikings’ defense, even the second-string, looked like it was in midseason form. Given what the offense looked like for most of the day, they’d better hope that carries over to the regular season. The Minnesota offense, which played three different quarterbacks on the afternoon, managed just [&#8230;]",Christopher Gates,2026-08-22T15:57:21-04:00,https://www.dailynorseman.com/minnesota-vikings-preseason/98353/baltimore-ravens-minnesota-vikings-final-score-game-recap-nfl-preseason,2026-08-24T00:55:18.439714+00:00
Minnesota Vikings,https://www.dailynorseman.com,Baltimore Ravens at Minnesota Vikings: Preseason Game 2 Discussion,"We are just about ready to kick off the second game of the 2026 preseason for our Minnesota Vikings, as they prepare to host the Baltimore Ravens in their lone home preparatory contest of the season. Let’s get you caught up on all the information you need to be ready for this one. Date and [&#8230;]",Christopher Gates,2026-08-22T12:30:00-04:00,https://www.dailynorseman.com/minnesota-vikings-discussion-chat-message-board/98347/baltimore-ravens-minnesota-vikings-preseason-game-2-discussion,2026-08-24T00:55:18.439714+00:00
Minnesota Vikings,https://www.dailynorseman.com,NFL Preseason Week 2: How to Watch Ravens at Vikings,"We’re a little over 24 hours away from the second preseason game of the year for the Minnesota Vikings, and the only game of the preseason that will take place at U.S. Bank Stadium. The purple have hosted the Baltimore Ravens for two days of joint practices to conclude training camp for this season, and [&#8230;]",Christopher Gates,2026-08-21T10:49:30-04:00,https://www.dailynorseman.com/minnesota-vikings-preseason/98342/nfl-preseason-week-2-how-to-watch-baltimore-ravens-minnesota-vikings,2026-08-24T00:55:18.439714+00:00
Minnesota Vikings,https://www.dailynorseman.com,Vikings Sweep Ravens in Joint Practices: Dallas Turner Primed for Breakout,"The Minnesota Vikings dominated all eight situational drills against the Baltimore Ravens in joint practices, and Dallas Turner is primed for a massive breakout. Vikings training camp, joint practices, preseason, Brian Flores defense, J.J. McCarthy — that define this episode of The Real Forno Show, where Tyler Forness and Dave Stefano broke down every takeaway [&#8230;]",David Stefano,2026-08-21T09:15:17-04:00,https://www.dailynorseman.com/minnesota-vikings-podcasts/98337/vikings-sweep-ravens-in-joint-practices-dallas-turner-primed-for-breakout,2026-08-24T00:55:18.439714+00:00
Minnesota Vikings,https://www.dailynorseman.com,Vikings-Ravens Joint Practice: Day Two Report,"The Minnesota Vikings and Baltimore Ravens completed the second day of joint practices today, ahead of their preseason game on Saturday. The weather was cloudy with some raindrops at times and cooler than yesterday. There were once again some former Vikings in attendance- Randy Moss again and Matt Birk- who played for the Ravens as [&#8230;]",Warren Ludford,2026-08-20T21:34:07-04:00,https://www.dailynorseman.com/minnesota-vikings-training-camp/98307/vikings-ravens-joint-practice-day-two-report,2026-08-24T00:55:18.439714+00:00
Minnesota Vikings,https://www.dailynorseman.com,Norse Code Podcast Episode 608: Adam Vinatieri is a Hall of Famer,"Download Link Here Arif and James are back to discuss the preseason game against the Giants, the joint practice against the Ravens, and panic attacks. Episode Notes: Follow us on Twitter / Bluesky To listen to more, this is the link to that iTunes feed. If you can’t for whatever reason subscribe via iTunes, subscribe [&#8230;]",Arif Hasan,2026-08-20T15:55:52-04:00,https://www.dailynorseman.com/minnesota-vikings-podcasts/98309/norse-code-podcast-episode-608-adam-vinatieri-is-a-hall-of-famer,2026-08-24T00:55:18.439714+00:00
Minnesota Vikings,https://www.dailynorseman.com,Minnesota Vikings News and Links: We Talkin Bout Practice!,Yesterdays practice had some highs and lows for the offense which is normal. When Darnold was here his first year the joint practices with the Browns did not go too well either. The second day was better for Darnold and the offense. JJ had it rough last year on the first day vs the Patriots [&#8230;],Mark P,2026-08-20T12:52:24-04:00,https://www.dailynorseman.com/minnesota-vikings-discussion-chat-message-board/98302/minnesota-vikings-news-and-links-we-talkin-bout-practice,2026-08-24T00:55:18.439714+00:00
New England Patriots,https://www.patspulpit.com,Fan Notes from the Patriots’ 24-21 preseason win over the Eagles,"Joint practices. Scuffles. Wild overreactions. Peaks of optimism and valleys of depression. Now the preseason is really underway. Depending on who you listen to/follow out in the sports media world, the Patriots are either going to be the most dangerous team in the league or are light-years behind where they were this time last year. [&#8230;]",Alec Shane,2026-08-23T12:00:00-04:00,https://www.patspulpit.com/new-england-patriots-preseason/134043/fan-notes-patriots-vs-eagles-preseason,2026-08-24T00:55:18.439714+00:00
New England Patriots,https://www.patspulpit.com,"Kyle Williams, Efton Chism create ‘good problem’ in Patriots receiver room","The New England Patriots’ wide receiver room is crowded. With seven players on the depth chart who have NFL experience and production, something could have to change by roster cutdown day next week. That decision will ultimately be made by head coach Mike Vrabel and  executive vice president of player personnel Eliot Wolf. All in [&#8230;]",Brian Hines,2026-08-23T10:00:00-04:00,https://www.patspulpit.com/new-england-patriots-preseason/134295/kyle-williams-efton-chism-good-problem-wide-receiver,2026-08-24T00:55:18.439714+00:00
New England Patriots,https://www.patspulpit.com,"‘Gritty, tough’ Lan Larison distinguishes himself in Patriots running back competition","With just a week left until roster cutdowns, the competition for the New England Patriots’ third running back spot is heating up. So is Lan Larison. The second-year back was one of the top performers during the Patriots’ preseason win over the Philadelphia Eagles on Saturday. Serving as a runner, receiver and returner, he registered [&#8230;]",Bernd Buchmasser,2026-08-23T09:00:00-04:00,https://www.patspulpit.com/new-england-patriots-news/134352/lan-larison-distinguishes-patriots-running-back-competition,2026-08-24T00:55:18.439714+00:00
New England Patriots,https://www.patspulpit.com,Patriots-Eagles the latest learning opportunity for ‘still-inconsistent’ Gabe Jacas,"New England Patriots second-round rookie Gabe Jacas, a defensive starter during Saturday’s preseason game against the Philadelphia Eagles, is seeing the field better after joining the team late during offseason workouts. The outside linebacker’s first practice with New England was on Aug. 1 in a limited role. Knee and pre-draft hamstring injuries kept him unavailable [&#8230;]",Andrew Guindon,2026-08-23T07:00:00-04:00,https://www.patspulpit.com/new-england-patriots-preseason/134299/patriots-vs-eagles-learning-opportunity-inconsistent-gabe-jacas,2026-08-24T00:55:18.439714+00:00
New England Patriots,https://www.patspulpit.com,10 things we learned from Patriots vs. Eagles preseason game,"The New England Patriots played their second preseason game&#160;of the summer on Saturday night&#160;at Gillette Stadium, and, once again, decided not to use their starters. Naturally, with the backups in the game, the roster competition was the main event against the Philadelphia Eagles. Let’s find out what we learned about them, and the general state [&#8230;]",Pat Lane,2026-08-23T06:00:00-04:00,https://www.patspulpit.com/new-england-patriots-analysis/134338/patriots-vs-eagles-takeaways-lessons-learned-nfl-preseason,2026-08-24T00:55:18.439714+00:00
New England Patriots,https://www.patspulpit.com,8 winners and losers from Patriots’ preseason win over the Eagles,The New England Patriots continued their preseason Saturday night at Gillette Stadium with a 24-21 win over the Philadelphia Eagles. Here is who caught our eye for better or worse upon live-viewing the Patriots’ preseason opener. Winners QB Behren Morton: Things looked much more comfortable for New England’s rookie quarterback in preseason game No. 2. [&#8230;],Brian Hines,2026-08-23T05:00:00-04:00,https://www.patspulpit.com/new-england-patriots-opinion/134220/winners-losers-eagles-nfl-preseason,2026-08-24T00:55:18.439714+00:00
New England Patriots,https://www.patspulpit.com,Patriots react to Ja’Quinden Jackson injury in Eagles preseason game,"The New England Patriots’ preseason game against the Philadelphia Eagles started in the worst possible fashion. On the game’s opening kickoff that was run back by New England’s Lan Larison, Eagles running back Ja’Quinden Jackson remained on the ground after a collision. It was clear immediately that his injury was significant, prompting a quick reaction [&#8230;]",Bernd Buchmasser,2026-08-22T23:35:48-04:00,https://www.patspulpit.com/new-england-patriots-preseason/134287/patriots-reaction-eagles-jaquinden-jackson-injury-nfl-preseason-game,2026-08-24T00:55:18.439714+00:00
New England Patriots,https://www.patspulpit.com,Instant analysis from Patriots’ 24-21 preseason win over Eagles,"After two joint practices, there were more reps to be taken under the Gillette Stadium lights. The New England Patriots turned those reps into a 24-21 win over the Philadelphia Eagles on Saturday night in Foxborough. Here’s a glance back on the 7 p.m. ET kickoff before sights set on the preseason finale and the [&#8230;]",Oliver Thomas,2026-08-22T23:02:17-04:00,https://www.patspulpit.com/new-england-patriots-news/134153/nfl-preseason-instant-analysis-patriots-eagles,2026-08-24T00:55:18.439714+00:00
New England Patriots,https://www.patspulpit.com,Mike Vrabel makes concerning statement about Patriots’ depth after Eagles game,"The New England Patriots celebrated their first win of this year’s preseason on Saturday night, beating the Philadelphia Eagles with a final score of 24-21. And yet, Mike Vrabel was not particularly enthusiastic when appearing at the podium after the game. One are in particular he seems to be concerned about is his team’s depth. [&#8230;]",Bernd Buchmasser,2026-08-22T22:51:17-04:00,https://www.patspulpit.com/new-england-patriots-preseason/134278/mike-vrabel-concerning-statement-depth-eagles-preseason,2026-08-24T00:55:18.439714+00:00
New England Patriots,https://www.patspulpit.com,"Patriots vs. Eagles final score, stats, game recap from NFL preseason","The New England Patriots continued their preseason on Saturday night, defeating the Philadelphia Eagles 24-21 at Gillette Stadium following two joint practices on Wednesday and Thursday. As Drake Maye and the rest of the starters rested, New England turned to backup Tommy DeVito to lead the offense. DeVito’s offense trailed at halftime as Philadelphia drove [&#8230;]",Brian Hines,2026-08-22T22:13:43-04:00,https://www.patspulpit.com/new-england-patriots-scores-results/134170/patriots-vs-eagles-nfl-preseason-final-score-live-updates-news-recap-discussion,2026-08-24T00:55:18.439714+00:00
New Orleans Saints,https://www.canalstreetchronicles.com,Saints vs. Rams: Preseason Week 2 Open Thread,"The New Orleans Saints continue the 2026 preseason in Los Angeles against the Rams today. The Saints look to build off a close loss last week at home against the Jags, while getting geared up for the wins and losses that truly count. Hopefully, the Saints finish this game with a solid performance in the [&#8230;]",Wallace Delery,2026-08-22T16:00:00-04:00,https://www.canalstreetchronicles.com/new-orleans-saints-news/113289/saints-vs-rams-preseason-week-2-open-thread,2026-08-24T00:55:18.439714+00:00
New Orleans Saints,https://www.canalstreetchronicles.com,"Saints vs. Rams 2026 Preseason: TV Schedule, Online Streaming, Radio, Mobile, and Odds","The&#160;New Orleans Saints take the field in the second game of the 2026 preseason, as they face the Los Angeles Rams. Today is an opportunity for the team to hopefully show even more improvement from last week’s performance, this time on the road in Tinseltown. After a close home loss in the first week of [&#8230;]",Wallace Delery,2026-08-22T12:00:00-04:00,https://www.canalstreetchronicles.com/new-orleans-saints-game-information/113220/saints-vs-rams-2026-preseason-tv-schedule-online-streaming-radio-mobile-and-odds,2026-08-24T00:55:18.439714+00:00
New Orleans Saints,https://www.canalstreetchronicles.com,Our defense vs. their offense: Los Angeles Rams,"After falling to the Jacksonville Jaguars last weekend 24-20, the New Orleans Saints turn their attention to the second preseason game opponent, Los Angeles Rams. The NFC West foe, in contrast, is coming off of a 20-12 victory over the Kansas City Chiefs. The Rams’ passing attack ranked 8th in the league during week one’s [&#8230;]",Jason Watson Jr,2026-08-22T09:00:00-04:00,https://www.canalstreetchronicles.com/new-orleans-saints-roster/113310/our-defense-vs-their-offense-los-angeles-rams,2026-08-24T00:55:18.439714+00:00
New Orleans Saints,https://www.canalstreetchronicles.com,"New Orleans Saints News, August 22: Bold predictions Week 2 of the preseason","Welcome to today’s roundup of New Orleans Saints and NFL news. Canal Street Chronicles: Preseason Week 2 Saints at Rams Bold Predictions Who do you think will correct? 4 positions to watch closely in Saints vs. Rams preseason matchup Some excellent battles. Saints DB Jonas Sanker is making his &#8216;star&#8217; turn, and history says it’ll [&#8230;]",Caleb Yaccarino,2026-08-22T08:00:00-04:00,https://www.canalstreetchronicles.com/new-orleans-saints-news/113361/new-orleans-saints-news-august-22-bold-predictions-week-2-of-the-preseason,2026-08-24T00:55:18.439714+00:00
New Orleans Saints,https://www.canalstreetchronicles.com,Saints Reacts Results: Which player impressed you the most against the Jaguars?,"In this week&#8217;s Saints reacts poll, we asked our readers, which player impressed them the most against the Jaguars? In a VERY close vote, 35% said it was Zack Wilson who was the most impressive in last Saturday&#8217;s matchup against the Jaguars. The second-overall pick in the 2021 NFL Draft signed a one-year deal with [&#8230;]",Tina Howell,2026-08-21T20:23:50-04:00,https://www.canalstreetchronicles.com/reacts/113234/saints-reacts-results-which-player-impressed-the-most-against-jaguars-zach-wilson,2026-08-24T00:55:18.439714+00:00
New Orleans Saints,https://www.canalstreetchronicles.com,Canal Street Chronicles: Preseason Week 2 Saints at Rams Bold Predictions,"It’s Week 2 of the 2026 preseason and the New Orleans Saints have been in sunny California this week for training camp prior to their matchup with the Los Angeles Rams on Saturday afternoon in SoFi Stadium. So, let’s jump right in and take a look at some of the Canal Street Chronicles and ATVS [&#8230;]",Tina Howell,2026-08-21T17:27:59-04:00,https://www.canalstreetchronicles.com/new-orleans-saints-news/113345/canal-street-chronicles-preseason-week-2-saints-at-rams-bold-predictions,2026-08-24T00:55:18.439714+00:00
New Orleans Saints,https://www.canalstreetchronicles.com,Defensive head-to-head preview: Rams vs. Saints,"Heading into the second preseason game, the Saints will face off against the Rams, who featured a very good defense last season. They took that good defense and then went out and made it even better. They sent young star edge rusher Jared Verse, along with three first-round picks, for Myles Garrett, and they are [&#8230;]",Anthony Parker,2026-08-21T12:30:00-04:00,https://www.canalstreetchronicles.com/new-orleans-saints-roster/113321/defensive-head-to-head-rams-vs-saints,2026-08-24T00:55:18.439714+00:00
New Orleans Saints,https://www.canalstreetchronicles.com,Key matchups: Saints vs. Rams,"The New Orleans Saints are traveling to California to take on the Los Angeles Rams. New Orleans had a busy week, participating in two joint practices, making starters unlikely to appear in the team’s second preseason matchup. Despite a lack of starters, there are still plenty of matchups to keep an eye on for Saturday. [&#8230;]",Kyle Besson,2026-08-21T11:30:00-04:00,https://www.canalstreetchronicles.com/new-orleans-saints-roster/113332/key-matchups-saints-vs-rams,2026-08-24T00:55:18.439714+00:00
New Orleans Saints,https://www.canalstreetchronicles.com,Our offense vs. their defense: Los Angeles Rams,"The New Orleans Saints are set to play the Los Angeles Rams this Saturday in a week two preseason contest. The Rams are coming off of a 20-12 win over the Kansas City Chiefs while New Orleans suffered a 24-20 defeat to the Jaguars in dramatic fashion. Offensively, the Saints managed to put up 221 [&#8230;]",Jason Watson Jr,2026-08-21T10:00:00-04:00,https://www.canalstreetchronicles.com/new-orleans-saints-roster/113315/our-offense-vs-their-defense-los-angeles-rams,2026-08-24T00:55:18.439714+00:00
New Orleans Saints,https://www.canalstreetchronicles.com,Interview with the Enemy: Los Angeles Rams,"The New Orleans Saints will head to Inglewood to face the Los Angeles Rams at SoFi Stadium in Week 2 of the 2026 NFL preseason. To break it down, Evan Craig of&#160;Turf Show Times&#160;joins us to preview this weekend’s matchup. NJ:&#160;With Ty Simpson’s strong debut in the books, what stood out most about his performance, [&#8230;]",Nic Jennings,2026-08-21T09:00:00-04:00,https://www.canalstreetchronicles.com/new-orleans-saints-news/113152/interview-with-the-enemy-los-angeles-rams,2026-08-24T00:55:18.439714+00:00
New York Giants,https://www.bigblueview.com,Pro Football Focus grades from the Giants’ 26-3 victory over the Dolphins,"It’s hard to draw conclusions from a game played on a rainy day against a rebuilding team that didn’t even play most of the small number of accomplished starting players they have on their roster. You don’t need Pro Football Focus grades to tell you that the Giants dominated their opponent, the nouveau Miami Dolphins. [&#8230;]",Anthony Del Genio,2026-08-23T16:40:23-04:00,https://www.bigblueview.com/new-york-giants-analysis/168661/pro-football-focus-grades-from-the-giants-26-3-victory-over-the-dolphins,2026-08-24T00:55:18.439714+00:00
New York Giants,https://www.bigblueview.com,"NY Giants injury updates: Josh Ezeudu ‘OK’, Sisi Mauigoa, Colton Hood to practice","The New York Giants came out of Saturday’s preseason game against the Miami Dolphins largely unscathed in terms of injuries. That has been the case throughout training camp. The Giants have had bumps and bruises throughout a grueling summer, and have had a handful of players miss some practice time. Yet, there have been no [&#8230;]",Ed Valentine,2026-08-23T16:03:29-04:00,https://www.bigblueview.com/new-york-giants-injuries/168676/injury-updates-josh-ezeudu-sisi-mauigoa-colton-hood-malik-nabers,2026-08-24T00:55:18.439714+00:00
New York Giants,https://www.bigblueview.com,NY Giants rookies impress  against the Miami Dolphins,"The New York Giants didn’t play many of their starters on Saturday against the Miami Dolphins following a tough joint practice on Thursday. However, they still managed to carry the dominance from the practice over into the game, and most of the Giants’ rookies got at least a little action. Right guard Sisi Mauigoa didn’t [&#8230;]",Chris Pflum,2026-08-23T14:35:35-04:00,https://www.bigblueview.com/new-york-giants-analysis/168638/ny-giants-rookies-impress-against-the-miami-dolphins,2026-08-24T00:55:18.439714+00:00
New York Giants,https://www.bigblueview.com,Giants-Dolphins ‘things I think’: Difficult roster decisions loom,"Head coach John Harbaugh and general manager Joe Schoen face some excruciatingly difficult decisions when it comes to setting the New York Giants’ season-opening 53-man roster. That is the most important ‘thing I think’ after Saturday’s one-sided 26-3 victory over the Miami Dolphins. “There&#8217;s a lot of guys fighting for jobs on this team,” Harbaugh [&#8230;]",Ed Valentine,2026-08-23T10:41:46-04:00,https://www.bigblueview.com/new-york-giants-analysis/168509/giants-dolphins-things-i-think-difficult-roster-decisions-loom-odell-beckham-tyrone-tracy,2026-08-24T00:55:18.439714+00:00
New York Giants,https://www.bigblueview.com,"Giants-Dolphins winners and losers: Which players helped themselves, and which did not","The New York Giants had an easy time manhandling the Miami Dolphins on Saturday, winning 26-3. Let’s review the game in our traditional ‘Kudos &#38; Wet Willies’ style. Kudos to … Darius Slayton — Recovering from double sports hernia surgery, Slayton has had a quiet summer. He had a loud first half, with four catches [&#8230;]",Ed Valentine,2026-08-23T09:39:49-04:00,https://www.bigblueview.com/new-york-giants-analysis/168507/giants-dolphins-winners-losers-kudos-and-wet-willies-review,2026-08-24T00:55:18.439714+00:00
New York Giants,https://www.bigblueview.com,What did we learn from the Giants’ 26-3 win over the Miami Dolphins?,"We’re all just happy to be watching football again, but we can’t help but try to parse the results of the New York Giants’ preseason games for what they mean for the upcoming regular season. Here are Pro Football Focus’ top seven NFL teams after the three 2025 preseason games: Yes, your 3-0 New York [&#8230;]",Anthony Del Genio,2026-08-22T19:45:20-04:00,https://www.bigblueview.com/new-york-giants-preseason/168515/what-did-we-learn-from-the-giants-26-3-win-over-the-miami-dolphins,2026-08-24T00:55:18.439714+00:00
New York Giants,https://www.bigblueview.com,Giants-Dolphins instant grades: Lopsided victory leads to high marks,The New York Giants beat up on the Miami Dolphins on Saturday in a one-sided 26-3 victory. It was clear from the joint practice that the Giants were a superior roster; reports from practice suggested that the Giants’ defense destroyed the first-team Miami offense — a first-team Miami offense that mostly rested in this preseason [&#8230;],Nick Falato,2026-08-22T19:23:17-04:00,https://www.bigblueview.com/new-york-giants-preseason/168579/instant-grades-lopsided-victory-leads-to-high-marks,2026-08-24T00:55:18.439714+00:00
New York Giants,https://www.bigblueview.com,"NY Giants at Miami Dolphins, preseason Week 2: Giants dominate in 26-3 victory","The New York Giants were dominant on Saturday in a 26-3 preseason victory over the Miami Dolphins at Hard Rock Stadium in Miami Gardens, Fla. Full analysis and opinion to come. Related coverage Giants call Sauls, and he delivers. 23-3 after three One more quarter to go in what has been a dominant performance by [&#8230;]",Ed Valentine,2026-08-22T18:59:12-04:00,https://www.bigblueview.com/new-york-giants-preseason/168487/miami-dolphins-discussion-news-highlights-analysis-injuries-updates-final-score,2026-08-24T00:55:18.439714+00:00
New York Giants,https://www.bigblueview.com,Survey results: Giants fans split on the status of Malik Nabers,"One of the biggest stories hanging over the New York Giants off-season has been the status of wide receiver Malik Nabers. Nabers tore his ACL early in the Giants’ victory over the Los Angeles Chargers, also suffering meniscus damage in the process. Nabers tore his ACL on September 28th, but wasn’t able to have surgery [&#8230;]",Chris Pflum,2026-08-22T12:00:00-04:00,https://www.bigblueview.com/nfl-reacts-survey/168463/survey-results-giants-fans-split-on-the-status-of-malik-nabers,2026-08-24T00:55:18.439714+00:00
New York Giants,https://www.bigblueview.com,Baltimore Ravens players take swipe at NY Giants coach John Harbaugh,"Two veteran Baltimore Ravens players recently took obvious swipes at former head coach John Harbaugh, now with the New York Giants, while praising first-year coach Jesse Minter. Wide receiver Rashod Bateman and offensive tackle Ronnie Stanley never mentioned Harbaugh by name, but ti was clear they believe more in what they are getting Minter and [&#8230;]",Ed Valentine,2026-08-22T09:02:12-04:00,https://www.bigblueview.com/new-york-giants-news/168475/baltimore-ravens-players-take-swipe-at-ny-giants-coach-john-harbaugh,2026-08-24T00:55:18.439714+00:00
New York Jets,https://www.ganggreennation.com,VIDEO: Breaking down Cade Klubnik’s preseason performance vs. the Steelers,Last week I did a video breaking down what I thought about rookie quarterback Cade Klubnik’s play in the Jets’ preseason opener against the Tampa Bay Buccaneers. The feedback was good so I decided to do a sequel. Below is a video breaking down Cade Klubnik in preseason game number two against the Pittsburgh Steelers. [&#8230;],John B,2026-08-22T18:00:00-04:00,https://www.ganggreennation.com/new-york-jets-analysis/95726/video-breaking-down-cade-klubniks-preseason-performance-vs-the-steelers,2026-08-24T00:55:18.439714+00:00
New York Jets,https://www.ganggreennation.com,Geno Smith leads five Jets winners in preseason victory over Pittsburgh Steelers,"The Jets beat the Pittsburgh Steelers in preseason action Friday night by a score of 17-0. Who were the big Jets winners? Geno Smith: I don’t know that Geno necessarily needed to “win” anything since he is locked in as the team’s starting quarterback. Still, after a strong preseason debut by Cade Klubnik against Tampa [&#8230;]",John B,2026-08-22T16:48:15-04:00,https://www.ganggreennation.com/new-york-jets-preseason/95722/geno-smith-leads-five-jets-winners-in-preseason-victory-over-pittsburgh-steelers,2026-08-24T00:55:18.439714+00:00
New York Jets,https://www.ganggreennation.com,New York Jets News: Geno Smith is stellar in Jets preseason win over Steelers,"Happy Saturday, Jets fans! This is a victory Saturday as the Jets beat the Steelers 17-0 last night in Pittsburgh. Most notably, Geno Smith’s 2026 preseason debut was a success. The quarterback completed all seven of his passing attempts, including a touchdown to Jelani Woods. The Jets defense also shut out a Steelers team quarterbacked [&#8230;]",John B,2026-08-22T07:00:00-04:00,https://www.ganggreennation.com/new-york-jets-news/95711/new-york-jets-news-geno-smith-is-stellar-in-jets-preseason-win-over-steelers,2026-08-24T00:55:18.439714+00:00
New York Jets,https://www.ganggreennation.com,Final Score: Jets Beat Steelers As Geno Shines,"In the New York Jets’ second preseason game of 2026 in Pittsburgh, Pennsylvania, the Jets shut out the Pittsburgh Steelers, 17 &#8211; 0. The Jets opened on offense with Omar Cooper in with the starters this week. Geno Smith looked sharp as he led the Jets on a long drive culminating in a touchdown pass [&#8230;]",MacGregor Wells,2026-08-21T22:01:46-04:00,https://www.ganggreennation.com/new-york-jets-scores-results/95703/final-score-jets-beat-steelers-as-geno-shines,2026-08-24T00:55:18.439714+00:00
New York Jets,https://www.ganggreennation.com,Jets vs Steelers Game Thread,"The New York Jets are on the road in Pittsburgh, Pennsylvania tonight to take on the Pittsburgh Steelers in the second preseason game of 2026 for both teams. Kickoff is scheduled for shortly after 7 pm EDT. Starters for both teams will see action tonight, although Aaron Rodgers will be taking the night off with [&#8230;]",MacGregor Wells,2026-08-21T18:30:00-04:00,https://www.ganggreennation.com/new-york-jets-discussion/95699/jets-vs-steelers-game-thread,2026-08-24T00:55:18.439714+00:00
New York Jets,https://www.ganggreennation.com,Scouting Jets wide receiver/return specialist Junior Bergen,"The Jets recently signed wide receiver and return specialist Junior Bergen. Today, we break Bergen down in detail. The 23-year old Bergen is listed at 5&#8217;9” and 184 pounds and was a seventh round pick out of Montana in the 2025 draft. He received FCS all-American and all-Big Sky Conference recognition multiple times during his [&#8230;]",Bent Double,2026-08-21T11:00:00-04:00,https://www.ganggreennation.com/new-york-jets-analysis/95668/scouting-jets-wide-receiver-return-specialist-junior-bergen,2026-08-24T00:55:18.439714+00:00
New York Jets,https://www.ganggreennation.com,"Jets vs. Steelers: Game Time, TV, Announcers, Online Streaming, and More",The Jets face the Pittsburgh Steelers tonight in their second of three preseason games in 2026. Kickoff is scheduled for 7:00 pm Eastern at Acrisure Stadium. In New York the game will be televised locally on WCBS 2. Ian Eagle and Anthony Becht will be on the call. The Steelers broadcast can be seen on [&#8230;],John B,2026-08-21T10:03:34-04:00,https://www.ganggreennation.com/new-york-jets-game-information/95695/jets-vs-steelers-game-time-tv-announcers-online-streaming-and-more,2026-08-24T00:55:18.439714+00:00
New York Jets,https://www.ganggreennation.com,New York Jets Flight Connections 08/21/26,"Good morning Gang Green Nation! The New York Jets travel to Pittsburgh, Pennsylvania today to square off against the Pittsburgh Steelers in the second of three preseason games. Often this middle game of the preseason serves as something of a dress rehearsal for the regular season, as starters get their most playing time in the [&#8230;]",MacGregor Wells,2026-08-21T07:00:00-04:00,https://www.ganggreennation.com/new-york-jets-news/95688/new-york-jets-flight-connections-08-21-26,2026-08-24T00:55:18.439714+00:00
New York Jets,https://www.ganggreennation.com,Scouting Jets UDFA tight end Connor Hulstein,"The Jets recently signed tight end Connor Hulstein. Today, we break Hulstein down in detail. The 24-year old Hulstein is listed at 6’5” and 235 pounds and was a third-team FCS all-American last season having led all FCS tight ends in receiving yards. Background Hulstein was a three-star high school recruit, who got a chance [&#8230;]",Bent Double,2026-08-20T18:00:00-04:00,https://www.ganggreennation.com/new-york-jets-analysis/95643/scouting-jets-udfa-tight-end-connor-hulstein,2026-08-24T00:55:18.439714+00:00
New York Jets,https://www.ganggreennation.com,Geno Smith will play for Jets in preseason game against Steelers,Jets quarterback Geno Smith will make his first start of the 2026 preseason Friday night against the Pittsburgh Steelers. Smith missed the Jets’ preseason opener against the Tampa Bay Buccaneers with a minor ankle injury. Aaron Glenn gave his healthy starters a series in that first exhibition game and indicated that the starters would also [&#8230;],John B,2026-08-20T14:45:49-04:00,https://www.ganggreennation.com/new-york-jets-news/95662/geno-smith-will-play-for-jets-in-preseason-game-against-steelers,2026-08-24T00:55:18.439714+00:00
Philadelphia Eagles,https://www.bleedinggreennation.com,"Eagles vs. Patriots preseason: The good, the bad, and the ugly","This was a lot better, certainly light years healthier in comparison to how dismal the Eagles’ first dress rehearsal looked last week in Baltimore. This time, the Eagles’s backups resembled somewhat of an NFL team, despite a 24-21 loss to the defending AFC champion New England Patriots on Saturday night at Gillette Stadium. The execution [&#8230;]",Joseph Santoliquito,2026-08-23T07:56:46-04:00,https://www.bleedinggreennation.com/philadelphia-eagles-analysis/180452/eagles-vs-patriots-preseason-the-good-the-bad-and-the-ugly,2026-08-24T00:55:18.439714+00:00
Philadelphia Eagles,https://www.bleedinggreennation.com,Eagles-Patriots preseason observations and notes,"The Philadelphia Eagles continued their preseason schedule with a LOSS to the New England Patriots. Final score, which doesn’t matter, but we’re logging it here anyway: 24 to 21. To no surprise, the Eagles rested their starters once again. After last week’s total stinker against the Baltimore Ravens, it was refreshing to see the Eagles [&#8230;]",Brandon Lee Gowton,2026-08-22T22:16:13-04:00,https://www.bleedinggreennation.com/news/180304/eagles-patriots-preseason-observations-and-notes,2026-08-24T00:55:18.439714+00:00
Philadelphia Eagles,https://www.bleedinggreennation.com,Ja’Quinden Jackson injury: Eagles RB leaves Patriots preseason game in ambulance [UPDATE],"Things got scary for running back Ja’Quinden Jackson from the jump in the Eagles-Patriots preseason game on Saturday night. Jackson got knocked out during the opening kickoff and the ambulance came out onto the field as a result. It did not look good initially, with Jackson lying motionless on the field after making a special [&#8230;]",Alexis Chassen,2026-08-22T19:34:47-04:00,https://www.bleedinggreennation.com/news/180313/jaquindon-jackson-injury-eagles-rb-leaves-patriots-preseason-game-in-ambulance,2026-08-24T00:55:18.439714+00:00
Philadelphia Eagles,https://www.bleedinggreennation.com,Eagles vs. Patriots preseason game updates,"The Philadelphia Eagles continue the 2026 NFL preseason on Saturday evening with a road game against the New England Patriots. (Click here for ways to watch!) The teams faced off at two joint practices earlier in the week, and the starters got a lot of good work after most of them sat for their first [&#8230;]",Alexis Chassen,2026-08-22T18:00:00-04:00,https://www.bleedinggreennation.com/game-day-threads/180254/eagles-vs-patriots-preseason-game-updates-information-discussion,2026-08-24T00:55:18.439714+00:00
Philadelphia Eagles,https://www.bleedinggreennation.com,Johnny Wilson reverts to Eagles’ injured reserve list,"Johnny Wilson has reverted to the Philadelphia Eagles’ injured reserve list after going unclaimed on waivers (as expected), according to the NFL’s official personnel notice. The Eagles previously waived Wilson with an injury designation on Friday afternoon. Wilson suffered a knee injury in training camp that caused him to miss time. The 25-year-old wide receiver [&#8230;]",Brandon Lee Gowton,2026-08-22T17:01:45-04:00,https://www.bleedinggreennation.com/news/180290/johnny-wilson-reverts-to-eagles-injured-reserve-list,2026-08-24T00:55:18.439714+00:00
Philadelphia Eagles,https://www.bleedinggreennation.com,Dean Blandino said Taylor Swift thinks the Eagles’ tush push sucks,"The first time Taylor Swift’s dad met Andy Reid was in Philadelphia when Big Red was the head coach for the Eagles. Her connection to the Philly area, and some of her song lyrics, have created a link to the Birds over the years. Regardless, given her relationship with Chiefs tight end Travis Kelce, her [&#8230;]",Alexis Chassen,2026-08-22T15:14:18-04:00,https://www.bleedinggreennation.com/news/180259/taylor-swift-thinks-the-tush-push-sucks-eagles-football,2026-08-24T00:55:18.439714+00:00
Philadelphia Eagles,https://www.bleedinggreennation.com,Eagles rookie storylines for Patriots preseason game,"The Eagles are headed into their second preseason game unlikely to start many of their top players. Instead, again, it will be about the young guys with an opportunity to prove themselves. From draft picks to undrafted free agents, the Eagles’ rookies will have four quarters to impress the coaching staff.  How quickly can Makai [&#8230;]",Benjamin Natan,2026-08-22T13:59:48-04:00,https://www.bleedinggreennation.com/philadelphia-eagles-preseason/180253/eagles-rookie-storylines-for-patriots-preseason-game,2026-08-24T00:55:18.439714+00:00
Philadelphia Eagles,https://www.bleedinggreennation.com,Eagles News: Willie Lampkin is “a bowling ball of knives”,"Let’s get to the Philadelphia Eagles news and links … Eagles notebook: Their star of joint practices, a great nickname and more &#8211; NBCSPBowling ball of knives. Eagles second-year offensive lineman Willie Lampkin has become a fan favorite this summer. But the 5-foot-11 offensive lineman has also become a favorite in the locker room. Well, [&#8230;]",Brandon Lee Gowton,2026-08-22T11:31:22-04:00,https://www.bleedinggreennation.com/news/180235/eagles-news-willie-lampkin-is-a-bowling-ball-of-knives,2026-08-24T00:55:18.439714+00:00
Philadelphia Eagles,https://www.bleedinggreennation.com,Eagles vs. Patriots preseason watching guide,"The Philadelphia Eagles will play their second preseason game of 2026 against the Patriots on Saturday night in New England. These teams faced off in two days of joint practice ahead of their matchup, and got a lot of good work for the ones in a controlled environment — head coach Nick Sirianni’s favorite. It’s [&#8230;]",Alexis Chassen,2026-08-22T08:53:31-04:00,https://www.bleedinggreennation.com/philadelphia-eagles-game-information/180227/eagles-vs-patriots-preseason-watching-guide-game-information,2026-08-24T00:55:18.439714+00:00
Philadelphia Eagles,https://www.bleedinggreennation.com,Johnny Wilson waived/injured among Eagles roster moves,"The Eagles continue to tinker with the roster as they approach their final 53 guys, and are adding some depth at center by signing Zeke Correll, and also brought back WR Brandon Hayes, who has bounced on and off the roster since late-Spring. To make room for the newest additions, the team also placed Tariq [&#8230;]",Alexis Chassen,2026-08-21T17:55:35-04:00,https://www.bleedinggreennation.com/news/180210/eagles-make-more-roster-moves-sign-center-injury-updates,2026-08-24T00:55:18.439714+00:00
Pittsburgh Steelers,https://www.behindthesteelcurtain.com,Steelers host former Eagles cornerback to visit,"The Pittsburgh Steelers hosted former Philadelphia Eagles cornerback Eli Ricks to a visit on Sunday, per the NFL transaction wire. Pittsburgh also hosted cornerbacks Dee Williams and Jaylon Guilbeau. Ricks signed with the Eagles as an undrafted free agent out of Alabama in 2023. He made the team as a rookie, appearing in 16 games, [&#8230;]",Jarrett Bailey,2026-08-23T18:19:41-04:00,https://www.behindthesteelcurtain.com/pittsburgh-steelers-roster/173720/steelers-has-former-eagles-cornerback-to-visit-eli-ricks-dee-williams,2026-08-24T00:55:18.439714+00:00
Pittsburgh Steelers,https://www.behindthesteelcurtain.com,Five Steelers on the roster bubble ahead of preseason finale,"With just one more preseason game on the slate, the Pittsburgh Steelers will close out exhibition play this Thursday against the Buffalo Bills. Through two games, several notable veterans find themselves on the brink of making the roster or being let go. These five names will be ones to highlight over the next week as [&#8230;]",Jarrett Bailey,2026-08-23T15:32:21-04:00,https://www.behindthesteelcurtain.com/pittsburgh-steelers-roster/173717/five-steelers-on-the-roster-bubble-ahead-of-preseason-finale-will-howard-roman-wilson,2026-08-24T00:55:18.439714+00:00
Pittsburgh Steelers,https://www.behindthesteelcurtain.com,5 takeaways from the Steelers’ 17-0 loss to the New York Jets,"It’s just the preseason. The final score doesn’t matter. But when you’re shut out at home by the New York Jets of all teams, the vibes aren’t exactly great. As always, there are plenty of takeaways to be had after the Steelers’ 17-0 loss Friday night. 1. New updates in the QB battle, but don’t [&#8230;]",Ryland Bickley,2026-08-23T06:00:00-04:00,https://www.behindthesteelcurtain.com/pittsburgh-steelers-analysis/173669/5-takeaways-from-the-steelers-17-0-loss-to-the-new-york-jets-mason-rudolph-drew-allar-patrick-graham-elandon-roberts-analysis,2026-08-24T00:55:18.439714+00:00
Pittsburgh Steelers,https://www.behindthesteelcurtain.com,Drew Allar gives brutally honest assessment of his performance vs. Jets,"It was a truly disastrous performance all around from the Pittsburgh Steelers in their 17-0 loss to the New York Jets in Week 2 of the preseason. After accounting for three total touchdowns in the Steelers first preseason game, rookie third-round quarterback Drew Allar was unable to light up the stat sheet in the way [&#8230;]",Joey Bray,2026-08-22T20:00:00-04:00,https://www.behindthesteelcurtain.com/pittsburgh-steelers-news/173680/drew-allar-gives-brutally-honest-assessment-of-his-performance-vs-jets-pittsburgh-steelers,2026-08-24T00:55:18.439714+00:00
Pittsburgh Steelers,https://www.behindthesteelcurtain.com,Steelers insider says Kaden Wetjen is ‘on the bubble’ to make roster,"Kaden Wetjen entered the Pittsburgh Steelers’ preseason as one of the more intriguing rookies on the roster, but according to insider Mark Kaboly, the fourth-round pick still has work to do to secure a spot on the 53-man roster. Kaboly, a correspondent for&#160;The Pat McAfee Show, appeared on 93.7 The Fan on Friday and discussed [&#8230;]",Mike Nicastro,2026-08-22T19:30:47-04:00,https://www.behindthesteelcurtain.com/pittsburgh-steelers-preseason/173673/steelers-insider-says-kaden-wetjen-is-on-the-bubble-to-make-roster-new-york-jets,2026-08-24T00:55:18.439714+00:00
Pittsburgh Steelers,https://www.behindthesteelcurtain.com,Saturday Night Open Thread: Who should Jet off?,"Live from Delaware, it’s Saturday Night! I, NAS204PSU, am here at BTSC to bring you this Saturday Night Open Thread (aka SNOT). The second preseason game was a dud for the black and gold, 17-0 to A-A-Ron&#8217;s other former&#160;Jets team. Let&#8217;s hope the good guys do better in the third and final tuneup of the preseason. This [&#8230;]",NAS204PSU,2026-08-22T17:30:00-04:00,https://www.behindthesteelcurtain.com/pittsburgh-steelers-discussion/173683/saturday-night-open-thread-who-should-jet-off,2026-08-24T00:55:18.439714+00:00
Pittsburgh Steelers,https://www.behindthesteelcurtain.com,The Morning After: Steelers WRs rob Drew Allar of big night with costly drops,"Good morning (or good afternoon in this case) from Pittsburgh after the Steelers’ 17-0 loss to the New York Jets. To say the Steelers’ didn’t play well on offense would be like saying the Hindenburg disaster was merely a little fire. Pittsburgh ended the night with averaging just 3.6 yards per play, went 5-of-16 on [&#8230;]",Jarrett Bailey,2026-08-22T12:21:45-04:00,https://www.behindthesteelcurtain.com/pittsburgh-steelers-analysis/173670/the-morning-after-will-howard-makes-steelers-qb-decision-easy-drew-allar-mason-rudolph,2026-08-24T00:55:18.439714+00:00
Pittsburgh Steelers,https://www.behindthesteelcurtain.com,Stock report after the Steelers&#8217; 17-0 preseason loss to the New York Jets,"The Pittsburgh Steelers fell to the New York Jets, 17-0, on Friday night at Acrisure Stadium. Strangely enough, it was the first time the Steelers were shut out in a preseason game since 2016, when they lost to the Philadelphia Eagles by an identical score. Although Pittsburgh didn’t put up a single point, there is [&#8230;]",Joey Bray,2026-08-21T23:00:06-04:00,https://www.behindthesteelcurtain.com/pittsburgh-steelers-preseason/173660/stock-report-after-the-steelers-17-0-preseason-loss-to-the-new-york-jets,2026-08-24T00:55:18.439714+00:00
Pittsburgh Steelers,https://www.behindthesteelcurtain.com,"Will Howard struggles, throws two INTs in Steelers’ loss to Jets","After a preseason opener featuring a duo of fantastic debuts at quarterback, the Pittsburgh Steelers saw their offense tumble back down to Earth in a 17-0 loss to the New York Jets in Week 2 of exhibition play. The leadup to the game was highlighted by the announcement that Will Howard would get the start, [&#8230;]",Jarrett Bailey,2026-08-21T22:14:58-04:00,https://www.behindthesteelcurtain.com/pittsburgh-steelers-preseason/173661/will-howard-struggles-throws-two-ints-in-steelers-loss-to-jets-drew-allar-jack-sawyer,2026-08-24T00:55:18.439714+00:00
Pittsburgh Steelers,https://www.behindthesteelcurtain.com,Steelers vs. Jets: Preseason Week 2 open thread,"The Steelers will take the field for their second preseason game of 2026 on Friday night. The game will kick off at 7 p.m. EST, with Pittsburgh hosting the New York Jets. Like every Steelers preseason game this year, the game will be broadcast nationally on NFL Network and NFL+, as well as locally on [&#8230;]",Ryan Parish,2026-08-21T18:30:00-04:00,https://www.behindthesteelcurtain.com/pittsburgh-steelers-discussion/173649/steelers-vs-jets-preseason-week-2-open-thread,2026-08-24T00:55:18.439714+00:00
Los Angeles Chargers,https://www.boltsfromtheblue.com,Chargers-49ers Game Recap: Niners throttle Bolts 41-17,"The Chargers may have dominated the 49ers during Tuesday’s joint practice, but that was far from the case when both teams took the field Thursday night. After building up the excitement to watch Justin Herbert inside SoFi Stadium during the month of August, all we got was a quick three-and-out before the starters bowed out. [&#8230;]",Michael Peterson,2026-08-21T01:13:55-04:00,https://www.boltsfromtheblue.com/los-angeles-chargers-news/65160/chargers-49ers-game-recap-justin-herbert-dezhaun-stribling-preseason,2026-08-24T00:55:18.439714+00:00
Los Angeles Chargers,https://www.boltsfromtheblue.com,"Chargers vs. 49ers Preseason Week 2: How to watch, game time, TV schedule, streaming, and more","The Chargers are at home for the first time this preseason to host the San Francisco 49ers. This week’s joint practice on Wednesday and the events that led to Tyler Biadasz’s (likely) season-ending injury will cast a shadow over the exhibition, especially with the starters still scheduled to play the opening drive of the game. [&#8230;]",Michael Peterson,2026-08-20T11:51:35-04:00,https://www.boltsfromtheblue.com/los-angeles-chargers-game-information/65157/chargers-49ers-preseason-week-2-how-to-watch-game-time-tv-schedule-streaming,2026-08-24T00:55:18.439714+00:00
Los Angeles Chargers,https://www.boltsfromtheblue.com,Omarion Hampton among 5 Chargers to watch vs. the 49ers,The Chargers are at home in SoFi Stadium on Thursday night to host the San Francisco 49ers in Preseason Week Two. Their joint practice — outside of the deflating injury to center Tyler Biadasz — went rather well for the Chargers who reportedly diced up the Niners defense through most of the day. After hearing [&#8230;],Michael Peterson,2026-08-19T16:09:34-04:00,https://www.boltsfromtheblue.com/los-angeles-chargers-news/65145/los-angeles-chargers-to-watch-omarion-hampton-49ers-preseason,2026-08-24T00:55:18.439714+00:00
Los Angeles Chargers,https://www.boltsfromtheblue.com,Undrafted free agent making a case for Chargers’ 53-man roster,"The Los Angeles Chargers are figuring out how they are going to dwindle their roster from 90 players to 53 in the next couple of weeks. It&#8217;s not as easy as it sounds, especially when undrafted free agents like Nadame Tucker are playing higher than their expectations. Tucker led Division I last year with 14.5 [&#8230;]",Jeremy Brener,2026-08-19T12:00:00-04:00,https://www.boltsfromtheblue.com/los-angeles-chargers-news/65090/undrafted-free-agent-making-a-case-for-chargers-53-man-roster,2026-08-24T00:55:18.439714+00:00
Los Angeles Chargers,https://www.boltsfromtheblue.com,Chargers C Tyler Biadasz out ‘indefinitely’ with ACL damage,"After initial screenings following Tuesday’s joint practice with the 49ers, Chargers center Tyler Biadasz was ruled to have damage to his ACL, on top of “additional injuries” to his left leg, per multiple reports. In a statement from the Chargers, Biadasz is “currently in the process of gathering additional opinions.” If there wasn’t a complete [&#8230;]",Michael Peterson,2026-08-19T11:53:32-04:00,https://www.boltsfromtheblue.com/los-angeles-chargers-injuries/65135/los-angeles-chargers-tyler-biadasz-injury-acl-49ers,2026-08-24T00:55:18.439714+00:00
Los Angeles Chargers,https://www.boltsfromtheblue.com,Los Angeles Chargers news: Tyler Biadasz injury to be ‘long-term’,"Good morning, Chargers fans! Or…maybe not-so good morning, actually. NFL insider Mike Garafolo made a pitstop on Good Morning Football Wednesday morning to report on his latest info regarding Tyler Biadasz’s injury at Tuesday’s joint practice. Per Garafolo, Biadasz is expected to time well into the season, saying fans should expect a “long-term” absence due [&#8230;]",Michael Peterson,2026-08-19T09:50:00-04:00,https://www.boltsfromtheblue.com/los-angeles-chargers-news/65078/los-angeles-chargers-news-tyler-biadasz-injury-training-camp,2026-08-24T00:55:18.439714+00:00
San Francisco 49ers,https://www.ninersnation.com,49ers hold tryouts for 3 pass rushers,"The San Francisco 49ers officially waived/Injured Xavier Thomas, per the NFL&#8217;s transaction wire. That was the corresponding move the team made after signing tight end Khalil Dinkins on Saturday. George Kittle passed his physical, which allowed the team to activate him from the Active/PUP list. The 49ers also had tryouts with three different pass rushers: [&#8230;]",Kyle Posey,2026-08-23T18:30:41-04:00,https://www.ninersnation.com/san-francisco-roster/161583/49ers-hold-tryouts-for-3-pass-rushers,2026-08-24T00:55:18.439714+00:00
San Francisco 49ers,https://www.ninersnation.com,Georgie Kittle has been activated from the Active/PUP list; Christian McCaffrey returns,"Finally, the tight end news we’ve all been waiting for. The San Francisco 49ers announced they have activated George Kittle from the Active/PUP list. That’s meaningful news for a plethora of reasons. One being the 49ers activated Kittle before Sunday morning’s practice. Kittle’s positivity a week ago should’ve eliminated any fears of him missing meaningful [&#8230;]",Kyle Posey,2026-08-23T13:41:13-04:00,https://www.ninersnation.com/san-francisco-49ers-injuries/161577/georgie-kittle-has-been-activated-from-the-active-pup-list,2026-08-24T00:55:18.439714+00:00
San Francisco 49ers,https://www.ninersnation.com,De’Zhaun Stribling: The 49ers wide receiver both looks—and acts—the part,"Wondering why the San Francisco 49ers took De’Zhaun Stribling is so three months ago. After two preseason games, the narrative has turned from skeptical to optimistic on what the 49ers rookie might do when the regular season hits. In the preseason win against the Chargers Thursday night, he had three catches that, while small, stood [&#8230;]",Patrick Holloway,2026-08-23T09:30:00-04:00,https://www.ninersnation.com/san-francisco-49ers-preseason/161564/49ers-stribling-purdy-kittle-preseason-2026-chargers,2026-08-24T00:55:18.439714+00:00
San Francisco 49ers,https://www.ninersnation.com,49ers News: A bombshell (Jordan James) enters the villa (the running back room) ,"49ers&#8217; preseason standout misses practice as running backs near full strength“The 49ers described Stribling and Lenoir as “day to day,” suggesting they are not expected to miss much practice time….Meanwhile, the 49ers saw four players return to practice, including veteran wide receiver Mike Evans and reserve running back Jordan James… …Lenoir’s absence from practice left [&#8230;]",Yinon Raviv,2026-08-23T04:59:00-04:00,https://www.ninersnation.com/san-francisco-49ers-news/161573/49ers-news-preseason-las-vegas-raiders-practice-mike-evans-jordan-james-mac-jones-dezhaun-stribling-kaelon-black-lenoir-jack-jones-raheem-morris-jaden-dugger-linebacker-dominic-puni-cj-west,2026-08-24T00:55:18.439714+00:00
San Francisco 49ers,https://www.ninersnation.com,49ers injury updates: De’Zhaun Stribling and Deommodore Lenoir are day-to-day; Jordan James returns,"The San Francisco 49ers returned to the practice field on Saturday. According to The Athletic’s Matt Barrows, the team brought back undrafted free agent tight end Khalil Dinkins. That&#8217;s right, the tight end news we were all waiting for. During Thursday&#8217;s preseason game, the Niners played five different tight ends: Bradyen Willis (37 snaps), Hayden [&#8230;]",Kyle Posey,2026-08-22T17:32:22-04:00,https://www.ninersnation.com/san-francisco-49ers-injuries/161567/49ers-injury-updates-dezhaun-stribling-and-deommodore-lenoir-are-day-to-day-jordan-james-returns,2026-08-24T00:55:18.439714+00:00
San Francisco 49ers,https://www.ninersnation.com,Jacob Cowing could do something for the 49ers that hasn’t happened since 2011,"The San Francisco 49ers beat the Los Angeles Chargers 40-9 on Thursday night in their second preseason game. On one side was current head coach Kyle Shanahan, who took one of the worst rosters in football in 2016 and transformed it into a juggernaut in a matter of years. On the other side was Jim [&#8230;]",Patrick Holloway,2026-08-22T09:38:00-04:00,https://www.ninersnation.com/san-francisco-49ers-depth-chart/161537/49ers-chargers-jacob-cowing-punt-return-nfl-preseason-2026-deebo-samuel,2026-08-24T00:55:18.439714+00:00
San Francisco 49ers,https://www.ninersnation.com,49ers News: We’re on to Las Vegas,Can Trey Lance beat ‘the stigma’ as a second-chance QB like 49ers’ Mac Jones? (Paywall)“Lance’s athletic scramble gave hints of just the kind of dynamism and play the San Francisco 49ers envisioned when they traded three first-round picks to select the quarterback third overall out of North Dakota State in the 2021 NFL Draft.  That [&#8230;],Yinon Raviv,2026-08-22T05:00:00-04:00,https://www.ninersnation.com/san-francisco-49ers-news/161552/49ers-news-preseason-las-vegas-raiders-practice-trey-lance-los-angeles-chargers-mac-jones-dezhaun-stribling-kaelon-black-lenoir-jack-jones-wallow-linebackers-james-thompson-jr-pff-grades-pass-rush-run,2026-08-24T00:55:18.439714+00:00
San Francisco 49ers,https://www.ninersnation.com,49ers Snap Counts and Grades: Is there a new RB2 in town?,"Following the joint practice with the Los Angeles Chargers, the San Francisco 49ers throttled the Jim Harbaugh-led Chargers on Thursday night and dropped a 40-burger in SoFi Stadium. Brock Purdy and the “starters” played a single drive and gave way to the backups and players fighting for a roster spot, but the dominance continued across [&#8230;]",Jason Aponte,2026-08-21T14:44:03-04:00,https://www.ninersnation.com/san-francisco-49ers-depth-chart/161545/49ers-snap-counts-and-grades-is-there-a-new-rb2-in-town,2026-08-24T00:55:18.439714+00:00
San Francisco 49ers,https://www.ninersnation.com,8 Winners and 2 losers from the 49ers&#8217; preseason win over the Chargers,"The San Francisco 49ers looked like all of the tweets we saw about the Los Angeles Chargers during Tuesday’s joint practice. They dominated in all facets of the game and controlled the line of scrimmage on both sides of the ball, for the most part. Best of all, we saw game-changing plays in all three [&#8230;]",Kyle Posey,2026-08-21T12:30:00-04:00,https://www.ninersnation.com/san-francisco-49ers-preseason/161535/8-winners-and-2-losers-from-the-49ers-preseason-win-over-the-chargers,2026-08-24T00:55:18.439714+00:00
San Francisco 49ers,https://www.ninersnation.com,3 stars from the 49ers&#8217; preseason win: A cornerback emerges,"The San Francisco 49ers emphatically earned their first preseason win with a 41-17 (we can mention the final score this week since the 49ers won) thumping of the Los Angeles Chargers. It was a thorough beating from the 49ers, who dominated the Chargers in all three facets of the game. A win that will likely [&#8230;]",Andrew Pasquini,2026-08-21T11:01:00-04:00,https://www.ninersnation.com/san-francisco-49ers-analysis/161528/3-stars-from-the-49ers-preseason-win-a-cornerback-emerges,2026-08-24T00:55:18.439714+00:00
Seattle Seahawks,https://www.fieldgulls.com,Seahawks injury update: Rookie Bud Clark leaves Titans game with air cast on leg,"Another injury has hit the Seattle Seahawks against the Tennessee Titans. Having lost Jake Bobo for the season due to a knee injury in Friday’s joint scrimmage, Seattle&#8217;s second-round rookie Bud Clark was carted off with a right leg injury in the first quarter of the team’s preseason game against the Tennessee Titans. Clark, a [&#8230;]",Jack Freeman,2026-08-23T20:43:49-04:00,https://www.fieldgulls.com/seattle-seahawks-news/172987/seahawks-rookie-bud-clark-carted-out-air-cast-injury-nfl-news,2026-08-24T00:55:18.439714+00:00
Seattle Seahawks,https://www.fieldgulls.com,"Seahawks vs. Titans NFL preseason, Week 2 live game discussion","The Seattle Seahawks and Tennessee Titans represent the final game of the second week of the 2026 NFL preseason. Tennessee beat the San Francisco 49ers last week, while the Seahawks labored to a home loss against the Dallas Cowboys. Wins and losses don’t matter in preseason, but performances and health will be watched closely. These [&#8230;]",Mookie Alexander,2026-08-23T19:15:00-04:00,https://www.fieldgulls.com/seattle-seahawks-discussion/172951/seahawks-vs-titans-nfl-preseason-week-2-live-game-discussion,2026-08-24T00:55:18.439714+00:00
Seattle Seahawks,https://www.fieldgulls.com,Seahawks won’t play Jadarian Price in preseason,"For anyone hoping to see even a small glimpse of Seattle Seahawks rookie running back Jadarian Price against the Tennessee Titans on Sunday night (5 pm PT, FOX), all you’ll get is him in pads but exclusively on the sideline. Tacoma News Tribune’s Gregg Bell has revealed the Seahawks’ plans for both the Titans game [&#8230;]",Mookie Alexander,2026-08-23T16:43:47-04:00,https://www.fieldgulls.com/seattle-seahawks-preseason/172973/seahawks-wont-play-jadarian-price-preseason-nfl-news,2026-08-24T00:55:18.439714+00:00
Seattle Seahawks,https://www.fieldgulls.com,5 things to watch in Seahawks vs. Titans preseason game,"The Seattle Seahawks continue their 2026 preseason with a nationally televised game against the Tennessee Titans, who have a new head coach in Robert Saleh and a significantly retooled roster. After a lively joint practice on Friday, the actual game is expected to involve starters for the Titans, but we don’t know if the Seahawks [&#8230;]",Mookie Alexander,2026-08-23T10:00:00-04:00,https://www.fieldgulls.com/seattle-seahawks-game-analysis/172960/5-things-to-watch-seahawks-vs-titans-nfl-preseason-game,2026-08-24T00:55:18.439714+00:00
Seattle Seahawks,https://www.fieldgulls.com,Seahawks News: Seahawks that have most to gain from today’s tilt,"Hello. Happy Sunday! We are at the mid-point of the 2026 preseason. Injuries and good play have earned several fellas the opportunity to prove their worth and earn significant snaps for our beloved Seattle Seahawks. Today’s game against the Titans will go a long way for the fringy, the nearly there, and the need-to-make-it-happens on [&#8230;]",Terrance Robinson,2026-08-23T09:00:00-04:00,https://www.fieldgulls.com/seattle-seahawks-news/172964/seahawks-news-seahawks-that-have-most-to-gain-from-todays-tilt,2026-08-24T00:55:18.439714+00:00
Seattle Seahawks,https://www.fieldgulls.com,Seahawks place Jake Bobo on season-ending injured reserve,The Seattle Seahawks have officially announced that wide receiver Jake Bobo has been placed on season-ending injured reserve. Unfortunately this move is not a surprise after Bobo suffered a knee injury in the joint practice against the Tennessee Titans on Friday.  The injury was bad enough for head coach Mike Macdonald to state the same [&#8230;],John Tapia,2026-08-22T14:37:13-04:00,https://www.fieldgulls.com/seattle-seahawks-news/172938/seahawks-place-jake-bobo-placed-season-ending-injured-reserve-nfl-news,2026-08-24T00:55:18.439714+00:00
Seattle Seahawks,https://www.fieldgulls.com,"What is, and is not concerning, after Seahawks joint practice with Titans","The Super Bowl champs are going to have to learn to operate with a target on their back everywhere they go. That includes the campus of Vanderbilt in Nashville, Tennessee. On Friday, the Seattle Seahawks took part in a joint practice session with the Tennessee Titans. If you pay attention to the Titans players and [&#8230;]",Jer'rel Coleman,2026-08-22T11:00:00-04:00,https://www.fieldgulls.com/seattle-seahawks-game-analysis/172898/what-is-and-is-not-concerning-seahawks-joint-practice-titans-bobo-injury,2026-08-24T00:55:18.439714+00:00
Seattle Seahawks,https://www.fieldgulls.com,Seahawks Reacts results: Fans express some concern over roster depth,"Welcome to SB Nation Reacts, a survey of fans across the NFL. Throughout the year we ask questions of the most plugged-in Seahawks fans and fans across the country.&#160;Sign up here&#160;to participate in the weekly emailed surveys. After the Seattle Seahawks versus Dallas Cowboys preseason game, opinions were mixed. While the first drive, and the [&#8230;]",Josh Hite,2026-08-22T10:00:00-04:00,https://www.fieldgulls.com/seattle-seahawks-discussion/172888/seahawks-reacts-results-fans-express-some-concern-roster-depth,2026-08-24T00:55:18.439714+00:00
Seattle Seahawks,https://www.fieldgulls.com,Seahawks News: Injuries set to test Seahawks depth at WR,"So, most of us know by now that Mister Jake Bobo’s injury seems severe. On top of that, Tory Horton has taken a step back in his recovery to full-time action on the field. In the meantime, our beloved Seattle Seahawks are going to have to make some adjustments to the roster, and possibly to [&#8230;]",Terrance Robinson,2026-08-22T09:00:00-04:00,https://www.fieldgulls.com/seattle-seahawks-news/172927/seahawks-news-injuries-set-to-test-seahawks-depth-at-wr,2026-08-24T00:55:18.439714+00:00
Seattle Seahawks,https://www.fieldgulls.com,Seahawks receiver Tory Horton will be ‘out for a period of time’,"The Seattle Seahawks were delighted to get second-year receiver Tory Horton back in time for the start of training camp, having recovered from a season-ending cracked tibia. Horton has been available and a full-go for the majority of practices, but he wasn’t there for the Seahawks’ preseason opener against the Dallas Cowboys, and he won’t [&#8230;]",Mookie Alexander,2026-08-21T19:56:04-04:00,https://www.fieldgulls.com/seattle-seahawks-news/172908/seahawks-receiver-tory-horton-will-be-out-for-a-period-of-time-nfl-news,2026-08-24T00:55:18.439714+00:00
Tampa Bay Buccaneers,https://www.bucsnation.com,Buccaneers Preseason Week 2 Winners and Losers,"The Buccaneers sneaked away with another preseason victory Saturday, skating past the Kansas City Chiefs, 16-15, at Raymond James Stadium. Several starters got some run this week, with mixed results. The offense looked inert, really just out there for some light exercise before exiting with two 3-and-out drives. The defense looked much better, completely stoning [&#8230;]",Mike Kiwak,2026-08-23T12:24:36-04:00,https://www.bucsnation.com/tampa-bay-buccaneers-preseason/68226/buccaneers-preseason-week-2-winners-and-losers,2026-08-24T00:55:18.439714+00:00
Tampa Bay Buccaneers,https://www.bucsnation.com,Jalon Daniels continues to prove he belongs on the Buccaneers roster,"The Tampa Bay Buccaneers improved to 2-0 in the preseason Saturday night with a 16-15 comeback win over the Kansas City Chiefs, and rookie quarterback Jalon Daniels once again made his case for a roster spot. After Tampa Bay was held scoreless in the first half, Daniels helped provide the spark. The undrafted rookie out [&#8230;]",Gil Arcia,2026-08-22T23:25:50-04:00,https://www.bucsnation.com/tampa-bay-buccaneers-preseason/68222/nfl-rookie-jalon-daniels-continues-to-prove-he-belongs-on-buccaneers-roster,2026-08-24T00:55:18.439714+00:00
Tampa Bay Buccaneers,https://www.bucsnation.com,Tampa Bay Buccaneers news: Preseason continues vs. Chiefs,"The Tampa Bay Buccaneers are facing off against the Kansas City Chiefs in their second preseason game at Raymond James Stadium. The Bucs hope to build off of their win against the New York Jets in the preseason opener. Bucs Nation, how do you feel about Vea’s extension? Let us know in the comments section [&#8230;]",Jeremy Brener,2026-08-21T07:00:00-04:00,https://www.bucsnation.com/tampa-bay-buccaneers-news/68218/tampa-bay-buccaneers-news-preseason-continues-vs-chiefs,2026-08-24T00:55:18.439714+00:00
Tampa Bay Buccaneers,https://www.bucsnation.com,Tampa Bay Buccaneers news: Vita Vea signs contract extension,"Tampa Bay Buccaneers defensive tackle Vita Vea is sticking around with the team after signing a one-year extension. &#8220;Vita is exactly the type of player and person we want to build around in Tampa Bay,&#8221; said General Manager Jason Licht. &#8220;He has been a dominant force in the middle of our defense, an exceptional teammate, [&#8230;]",Jeremy Brener,2026-08-20T07:00:00-04:00,https://www.bucsnation.com/tampa-bay-buccaneers-news/68216/tampa-bay-buccaneers-news-vita-vea-signs-contract-extension,2026-08-24T00:55:18.439714+00:00
Tampa Bay Buccaneers,https://www.bucsnation.com,"Buccaneers, Vita Vea reach an agreement on a new deal","The Tampa Bay Buccaneers and defensive tackle Vita Vea have put an end to weeks of uncertainty by agreeing to a new deal, keeping one of the franchise’s most important defensive players in Tampa Bay. ESPN’s Adam Schefter reported the agreement Wednesday, a dramatic turnaround after Vea requested a trade in late July when extension [&#8230;]",Gil Arcia,2026-08-19T19:26:39-04:00,https://www.bucsnation.com/tampa-bay-buccaneers-news/68212/buccaneers-vita-vea-reach-an-agreement-on-a-new-deal-tampa-bay-nfl,2026-08-24T00:55:18.439714+00:00
Tampa Bay Buccaneers,https://www.bucsnation.com,Do the Buccaneers actually have a good defensive front?,Tampa Bay&#8217;s defense has been largely disappointing in recent seasons. The poor play can be chalked up to many different factors. One of the main culprits has been the team&#8217;s inability or down right refusal to address its once dominant defensive front— The losses of Shaq Barrett and Jason Pierre-Paul sit at the head of [&#8230;],Will Walsh,2026-08-19T08:27:00-04:00,https://www.bucsnation.com/tampa-bay-buccaneers-roster/68198/do-the-buccaneers-actually-have-a-good-defensive-front,2026-08-24T00:55:18.439714+00:00
Tampa Bay Buccaneers,https://www.bucsnation.com,Tampa Bay Buccaneers news: Can Bucs make the playoffs?,"The Tampa Bay Buccaneers are hoping to return to the playoffs after missing out in 2025. The Bucks finished 8-9 in the regular season, which meant they finished in second place behind the Carolina Panthers, who ended up winning the tiebreaker in the division. The Bucks still have reason to believe that they can make [&#8230;]",Jeremy Brener,2026-08-19T07:00:00-04:00,https://www.bucsnation.com/tampa-bay-buccaneers-news/68194/tampa-bay-buccaneers-news-can-bucs-make-the-playoffs,2026-08-24T00:55:18.439714+00:00
Tennessee Titans,https://www.musiccitymiracles.com,Tennessee Titans news: Seahawks joint practice is big test,"The Tennessee Titans are holding a joint practice with the Seattle Seahawks today. This will be a great opportunity for the Titans to go up against the defending champs to raise the level of competition. New Seahawks offensive coordinator Brian Fleury also worked with Robert Saleh on the San Francisco 49ers last season, so it [&#8230;]",Jeremy Brener,2026-08-21T07:00:00-04:00,https://www.musiccitymiracles.com/tennessee-titans-news/66260/tennessee-titans-news-seahawks-joint-practice-is-big-test,2026-08-24T00:55:18.439714+00:00
Tennessee Titans,https://www.musiccitymiracles.com,Could CB Joshua Williams play a bigger role than Titans fans realize?,Much is being made about the Tennessee Titans&#8217; supposed ongoing struggles in the secondary. It was undeniably disappointing to watch San Francisco 49ers backup quarterback Kurtis Rourke complete 12-of-14 passes against the Titans&#8217; starting secondary in the first preseason game. Starting quarterback Cam Ward has also routinely carved up the starters for most of training [&#8230;],Justin Melo,2026-08-20T07:45:00-04:00,https://www.musiccitymiracles.com/tennessee-titans-news/66238/could-cb-joshua-williams-play-a-bigger-role-than-titans-fans-realize,2026-08-24T00:55:18.439714+00:00
Tennessee Titans,https://www.musiccitymiracles.com,Tennessee Titans news: How concerning is the offense?,"The Tennessee Titans are figuring out who they are in training camp, especially when it comes to the offensive side of the ball. As a defensive-minded coach, Robert Saleh has a greater grasp on how the defense will perform, but the offense is a bit of a mystery. Cam Ward is going into his second [&#8230;]",Jeremy Brener,2026-08-20T07:00:00-04:00,https://www.musiccitymiracles.com/tennessee-titans-news/66255/tennessee-titans-news-how-concerning-is-the-offense,2026-08-24T00:55:18.439714+00:00
Tennessee Titans,https://www.musiccitymiracles.com,Carnell Tate misses Wednesday practice,"Carnell Tate reportedly took a big hit at the end of Tennessee Titans practice on Monday. Robert Saleh said afterwards that he was a bit shaken up, but that they did not think he had a concussion. So no real cause for concern until practice started today and there was no sign of Tate. The [&#8230;]",Jimmy Morris,2026-08-19T14:44:36-04:00,https://www.musiccitymiracles.com/tennessee-titans-injuries/66254/carnell-tate-injury-update-titans,2026-08-24T00:55:18.439714+00:00
Tennessee Titans,https://www.musiccitymiracles.com,"Titans need defensive line, not secondary, to drive defense forward","Concerns are being raised about the Tennessee Titans&#8216; secondary after their preseason debut. Despite fielding their starters, the secondary got taken advantage of by the San Francisco 49ers&#8217; second-string offense. Backup quarterback Kurtis Rourke completed 12-of-14 passing attempts. Rookie receiver De&#8217;Zhaun Stribling routinely got the better off starting Titans corners Alontae Taylor and Cor&#8217;Dale Flott, [&#8230;]",Justin Melo,2026-08-19T07:30:00-04:00,https://www.musiccitymiracles.com/tennessee-titans-news/66228/titans-need-defensive-line-not-secondary-to-drive-defense-forward,2026-08-24T00:55:18.439714+00:00
Tennessee Titans,https://www.musiccitymiracles.com,Tennessee Titans news: Could QB Will Levis be traded?,"The Tennessee Titans have a crowded quarterback room with Cam Ward, Mitch Trubisky, Hendon Hooker, and Will Levis. Levis was a second-round pick by the Titans in 2023 in a stacked quarterback class, but he never lived up to the expectations of being the No. 33 overall selection. He started 21 games between 2023 and [&#8230;]",Jeremy Brener,2026-08-19T07:00:00-04:00,https://www.musiccitymiracles.com/tennessee-titans-news/66234/tennessee-titans-news-could-qb-will-levis-be-traded,2026-08-24T00:55:18.439714+00:00
Tennessee Titans,https://www.musiccitymiracles.com,Tennessee Titans news: Cam Ward hopes to take step forward,"The Tennessee Titans are getting ready for their second preseason game, and all eyes will be on second-year quarterback Cam Ward. Ward is coming off of a disappointing performance against the San Francisco 49ers in the preseason opener, which led to zero points on the board. Now, Ward will have to go against the Seattle [&#8230;]",Jeremy Brener,2026-08-18T07:00:00-04:00,https://www.musiccitymiracles.com/tennessee-titans-news/66218/tennessee-titans-news-cam-ward-hopes-to-take-step-forward,2026-08-24T00:55:18.439714+00:00
Washington Commanders,https://www.hogshaven.com,Commanders vs. Lions preseason Week 2: Mark Tyler’s Studs and Duds,"Washington traveled to Detroit for a preseason clash against the Lions at noon on Saturday. While the game was a snooze-fest, it did give fans a chance to see some of the starters in a bit more action. The Commanders first-team defense made a big play where they scored a touchdown, while the first-team offense [&#8230;]",Mark Tyler,2026-08-23T13:30:13-04:00,https://www.hogshaven.com/washington-commanders-analysis/434754/commanders-detroit-lions-preseason-winners-losers-athan-kaliakmanis-robert-henry-jaden-bradley-antonio-williama,2026-08-24T00:55:18.439714+00:00
Washington Commanders,https://www.hogshaven.com,Washington Commanders Whiteboard: Notes and observations from preseason Week 2,"Before the advent of media devices, football coaches at all levels used simple whiteboards to outline plays, map out player positions and explain schemes in real time. Nowadays digital playbooks and tablets have taken over, but coaches still use whiteboards on occasion to impart information quickly and effectively. The following are some quick notes and [&#8230;]",John Portis,2026-08-23T12:00:00-04:00,https://www.hogshaven.com/washington-commanders-analysis/434576/washington-commanders-whiteboard-notes-and-observations-from-preseason-week-2,2026-08-24T00:55:18.439714+00:00
Washington Commanders,https://www.hogshaven.com,Commanders News Flash &#8211; Dan Quinn: We’ve “got to figure out center”,"The Daily Slop &#8211; 23 August 2026 Editor’s note: Each day, Hogs Haven compiles a collection of articles, podcasts &#38; tweets from around the web to keep you in touch with the Commanders, the NFC East, the NFL and sports in general, with a sprinkling of other stuff. Enjoy! Commanders links Articles ESPN 2026 NFL [&#8230;]",bill-in-bangkok,2026-08-23T10:12:51-04:00,https://www.hogshaven.com/washington-commanders-news/434395/dan-quinn-got-to-figure-out-center-jaden-bradley-maruice-hurst-ii-javontae-jean-baptiste,2026-08-24T00:55:18.439714+00:00
Washington Commanders,https://www.hogshaven.com,Why Commanders QB Jayden Daniels found value in preseason cameo vs. Lions,"Jayden Daniels got some preseason action in Saturday’s game at Detroit. &#160; Keyword: Some. &#160; The Commanders went three-and-out on their opening offensive series, with an incomplete check down pass, a sack on playaction and a handoff on third-and-a-country-mile. &#160; The drive was lightning quick, but it didn’t prompt head coach Dan Quinn to trot [&#8230;]",Scott Bair,2026-08-22T17:13:40-04:00,https://www.hogshaven.com/washington-commanders-preseason/434574/why-commanders-qb-jayden-daniels-found-value-in-preseason-cameo-vs-lions,2026-08-24T00:55:18.439714+00:00
Washington Commanders,https://www.hogshaven.com,Dan Quinn and Jayden Daniels talk about playing one drive against the Lions,"The Washington Commanders were on the road for their second preseason game, visiting the Detroit Lions at Ford Field. They lost tonight’s exhibition game, down 17-13. Dan Quinn talked to reporters after the game, and there are a lot of things that the team needs to improve on before the regular season starts. Jayden Daniels [&#8230;]",Scott Jennings,2026-08-22T16:00:00-04:00,https://www.hogshaven.com/nfl-preseason/428625/dan-quinn-and-jayden-daniels-talk-about-playing-one-drive-against-the-lions,2026-08-24T00:55:18.439714+00:00
Washington Commanders,https://www.hogshaven.com,"Lions 17, Commanders 13: Five takeaways from Washington’s preseason loss","BOX SCORE Commanders head coach Dan Quinn said a solid number of starters would play Saturday’s preseason game against the Detroit Lions. &#160; He was a man of his word in that regard. The Commanders deemed just 15 players inactive, and most all of them were hurt. Running back Bill Croskey-Merritt was the only healthy [&#8230;]",Scott Bair,2026-08-22T15:00:04-04:00,https://www.hogshaven.com/washington-commanders-preseason/434483/washington-commanders-detroit-lions-preseason-jayden-daniels-quan-martin-amik-robertson,2026-08-24T00:55:18.439714+00:00
Washington Commanders,https://www.hogshaven.com,Commanders preseason: How Jayden Daniels fared vs. Detroit Lions,"UPDATE: Quarterback Jayden Daniels started Saturday’s preseason game against the Detroit Lions, but he didn’t stick around long. He orchestrated the opening series for the Commanders, a three-and-out where he threw an incomplete pass towards running back Kaytron Allen, got sacked after pass protection broke down and then handed the ball off. That was the [&#8230;]",Scott Bair,2026-08-22T10:06:48-04:00,https://www.hogshaven.com/washington-commanders-news/434338/commanders-preseason-jayden-daniels-quarterback-detroit-lions,2026-08-24T00:55:18.439714+00:00
Washington Commanders,https://www.hogshaven.com,NFL Preseason Week 2: Washington Commanders vs Detroit Lions,"The Washington Commanders hosted the Miami Dolphins at Northwest Stadium last Friday and got their first win of the (pre)season. Jayden Daniels didn&#8217;t play last week, but will play at least a series vs the Detroit Lions today. He was taking a lot of snaps in practice this week, with the defense prepping him for [&#8230;]",Scott Jennings,2026-08-22T10:00:00-04:00,https://www.hogshaven.com/washington-commanders-preseason/434384/nfl-preseason-week-2-washington-commanders-vs-detroit-lions,2026-08-24T00:55:18.439714+00:00
Washington Commanders,https://www.hogshaven.com,"Commanders News: Jayden Daniels, will he or won’t he?","The Daily Slop &#8211; 22 August 2026 Editor’s note: Each day, Hogs Haven compiles a collection of articles, podcasts &#38; tweets from around the web to keep you in touch with the Commanders, the NFC East, the NFL and sports in general, with a sprinkling of other stuff. Enjoy! Commanders links Articles Commanders.com Mailbag: Soft [&#8230;]",bill-in-bangkok,2026-08-22T07:00:00-04:00,https://www.hogshaven.com/washington-commanders-news/434375/jayden-daniels-will-he-play-vs-lions-sonny-styles-stefon-diggs-nick-allegretti,2026-08-24T00:55:18.439714+00:00
Washington Commanders,https://www.hogshaven.com,Would you cut electric Robert Henry or physical Kaytron Allen?,"The hardest decisions belong to the best rosters A deep roster complicates the final roster cutdown to 53 players. In the early stages of a franchise rebuild, roster cuts are straightforward because the talent drop-off past the top 35 players is steep. However, when depth increases across the board, NFL front offices are forced to [&#8230;]",bill-in-bangkok,2026-08-22T05:00:00-04:00,https://www.hogshaven.com/washington-commanders-discussion/433136/commanders-kaytron-allen-robert-henry-running-back-room-poll-results-53-man-roster,2026-08-24T00:55:18.439714+00:00
Arizona Cardinals,https://www.revengeofthebirds.com,Arizona Cardinals make final roster moves to get to the 53-man roster,"For many of us, this is a happy Sunday because we are only two weeks away from the NFL season starting. For the names on this list, it is a much harder day, as the Arizona Cardinals announced their roster moves to get to their first 53-man roster. Barry will have that shortly. Here are [&#8230;]",Seth Cox,2026-08-30T18:47:07-04:00,https://www.revengeofthebirds.com/arizona-cardinals-roster/94113/arizona-cardinals-make-final-roster-moves-to-get-to-the-53-man-roster,2026-08-31T00:09:20.677669+00:00
Arizona Cardinals,https://www.revengeofthebirds.com,Arizona Cardinals 2026 live cut tracker,"The Arizona Cardinals’ preseason is officially over and the regular season kicks off for them on September 13th in Los Angeles against the Chargers. However, the first order of business for the Cardinals is to cut their 2026 roster down from 90 to their initial 53-man roster by Sunday, August 30th at 3:00 p.m. Arizona [&#8230;]",Seth Cox,2026-08-30T17:51:04-04:00,https://www.revengeofthebirds.com/arizona-cardinals-roster/93957/arizona-cardinals-2026-live-cut-tracker,2026-08-31T00:09:20.677669+00:00
Arizona Cardinals,https://www.revengeofthebirds.com,Cardinals 2026 practice squad tracker,"The Arizona Cardinals and the rest of the NFL must get their roster trimmed to 53 by 3:00 p.m. today for the beginning of the 2026 season. It is rough to see your favorite team so poorly thought of before a snap has even been played, but that is where the Arizona Cardinals are, as [&#8230;]",Seth Cox,2026-08-30T13:30:21-04:00,https://www.revengeofthebirds.com/arizona-cardinals-roster/94047/cardinals-2026-practice-squad-tracker,2026-08-31T00:09:20.677669+00:00
Arizona Cardinals,https://www.revengeofthebirds.com,Origins of “The Turk”,"The Arizona Cardinals, like every other NFL club, have 90 players signed for training camp. On Sunday, August 30, the roster must be pared down to 53 players. That is a lot of guys suddenly unemployed. The day after is when teams begin making claims off the waiver wire for players that have been released [&#8230;]",Barry Shuck,2026-08-29T14:23:55-04:00,https://www.revengeofthebirds.com/arizona-cardinals-depth-chart/94010/origins-of-the-turk,2026-08-31T00:09:20.677669+00:00
Arizona Cardinals,https://www.revengeofthebirds.com,Beaks &#038; Geeks: Cardinals lose first-ever “LaFleur Bowl”,"The Arizona Cardinals had joint practices this week against the Green Bay Packers. They are coached by Mike LaFleur’s brother, Matt. Both brothers are students of the same offensive scheme and have ties back to the Los Angeles Rams who both coached under Sean McVay. Noticed in the week’s goings-on were the brothers’ parents, fresh [&#8230;]",Barry Shuck,2026-08-29T08:00:00-04:00,https://www.revengeofthebirds.com/arizona-cardinals-news/93983/beaks-geeks-cardinals-lose-first-ever-lafleur-bowl,2026-08-31T00:09:20.677669+00:00
Arizona Cardinals,https://www.revengeofthebirds.com,NFL waiver wire explained: How it affects the Arizona Cardinals in 2026,"The Arizona Cardinals wrapped up their preseason tonight in Green Bay and now they prepare for the regular season. Part of the preparation is getting the roster down to 53, and as that is happening, also working the waiver wire to add players they think can help them in 2026 and maybe even beyond. How [&#8230;]",Seth Cox,2026-08-29T01:30:00-04:00,https://www.revengeofthebirds.com/arizona-cardinals-news/93972/nfl-waiver-wire-explained-how-it-affects-the-arizona-cardinals-in-2026,2026-08-31T00:09:20.677669+00:00
Arizona Cardinals,https://www.revengeofthebirds.com,Arizona Cardinals blow late lead in loss to Green Bay Packers,"It is finally over and now the Arizona Cardinals and the rest of the NFL prepare for the real thing. It was another offensive showcase for the Cardinals, as Gardner Minshew and Kedon Slovis combined for 309 yards passing and two touchdowns, but Slovis did throw two interceptions in his audition for the rest of [&#8230;]",Seth Cox,2026-08-28T23:20:43-04:00,https://www.revengeofthebirds.com/arizona-cardinals-scores-results/93978/arizona-cardinals-blow-late-lead-in-loss-to-green-bay-packers,2026-08-31T00:09:20.677669+00:00
Arizona Cardinals,https://www.revengeofthebirds.com,Cardinals-Packers preseason 2026 discussion thread,"Happy Friday Night Football one and all. While the NFL preseason comes to its finale, we have the Arizona Cardinals and Green Bay Packers squaring off in what should be… a football game. At the end of the day, the final game of the preseason is the last shot for a lot of players to [&#8230;]",Seth Cox,2026-08-28T19:00:00-04:00,https://www.revengeofthebirds.com/arizona-cardinals-discussion/93968/cardinals-packers-preseason-2026-discussion-thread,2026-08-31T00:09:20.677669+00:00
Arizona Cardinals,https://www.revengeofthebirds.com,Arizona Cardinals fans are most concerned about the edge rusher position,"Welcome to SB Nation Reacts, a survey of fans across the NFL. Throughout the year we ask questions of the most plugged-in Cardinals fans and fans across the country. The Arizona Cardinals have tried to fix their defense over the last couple of seasons and yet for fans, it is incredibly worrisome. That is why [&#8230;]",Seth Cox,2026-08-28T14:23:18-04:00,https://www.revengeofthebirds.com/nfl-reacts-survey/93962/arizona-cardinals-fans-are-most-concerned-about-the-edge-rusher-position,2026-08-31T00:09:20.677669+00:00
Arizona Cardinals,https://www.revengeofthebirds.com,Arizona Cardinals news: Who are you most excited to watch in the preseason finale?,"The Cardinals’ preseason comes to a close tonight against the Packers. Kickoff is scheduled for 5:00 pm.m. MST. With one more audition left for roster hopefuls, tonight’s game is sure to be filled to the brim with motivation and effort. In the comments below, let us know who you’re most excited to watch tonight and [&#8230;]",Michael Peterson,2026-08-28T11:29:42-04:00,https://www.revengeofthebirds.com/arizona-cardinals-news/93842/arizona-cardinals-news-michael-wilson-trey-mcbride-mike-lafleur,2026-08-31T00:09:20.677669+00:00
Atlanta Falcons,https://www.thefalcoholic.com,"Falcons 2026 roster cut tracker: Tyler Goodson, Azeez Ojulari among biggest surprises","The Falcons just completed the third and final week of the 2026 NFL preseason, which means that the trimming down of the offseason roster from 90 to the 53 man final roster will begin shortly. There’s been a number of fascinating roster battles and impressive players fighting for spots, making for some tough decisions for [&#8230;]",Kevin Knight,2026-08-30T18:11:53-04:00,https://www.thefalcoholic.com/atlanta-falcons-roster/95460/falcons-2026-roster-cut-tracker-nfl,2026-08-31T00:09:20.677669+00:00
Atlanta Falcons,https://www.thefalcoholic.com,Falcons 2026 roster: Team announces initial 53 man roster,"A long eight months has led to this. The 2026 Falcons have a new coaching staff, front office, and Matt Ryan as the new football overlord, plus a ton of additions via free agency, the draft, and undrafted free agent signings. This was always going to be an interesting and impactful cutdown process, and sure [&#8230;]",Dave Choate,2026-08-30T18:09:35-04:00,https://www.thefalcoholic.com/atlanta-falcons-roster/95606/falcons-2026-roster-team-announces-initial-53-man-roster-jack-strand-malcolm-dewalt-iv,2026-08-31T00:09:20.677669+00:00
Atlanta Falcons,https://www.thefalcoholic.com,Falcons 2026 practice squad tracker,"The Falcons are in the midst of their final cuts ahead of the 2026 NFL season. Once the dust settles and the waivers have been sorted out—for more information about that process, we’ve got a primer here—Atlanta will be able to establish their 16-man practice squad. The deadline for teams to make waiver claims is [&#8230;]",Kevin Knight,2026-08-30T12:00:00-04:00,https://www.thefalcoholic.com/atlanta-falcons-roster/95575/falcons-2026-practice-squad-tracker,2026-08-31T00:09:20.677669+00:00
Atlanta Falcons,https://www.thefalcoholic.com,Falcons trade for Bears defensive lineman Gervon Dexter,"Well, can’t say I expected that one. The Atlanta Falcons have traded Clark Phillips and a 2027 fifth round pick to the Chicago Bears for defensive tackle Gervon Dexter, adding more beef and pressure to their defensive front for a day three pick and a cornerback who was not guaranteed to make the roster. Adam [&#8230;]",Dave Choate,2026-08-30T08:52:30-04:00,https://www.thefalcoholic.com/atlanta-falcons-roster/95580/falcons-trade-for-bears-defensive-lineman-gervon-dexter-nate-ollie-ian-cunningham,2026-08-31T00:09:20.677669+00:00
Atlanta Falcons,https://www.thefalcoholic.com,One 2027 NFL Draft Prospect for Falcons Fans to Watch From Every Week Zero Game,"It’s been over 220 days, but we are finally back. College football is back, and we are ready to kick our draft coverage into high gear. The Atlanta Falcons are playing the Miami Dolphins on Friday, effectively ending training camp and gearing us up for the regular season. But the college scouts are already getting [&#8230;]",Saivion Mixson,2026-08-29T11:30:00-04:00,https://www.thefalcoholic.com/atlanta-falcons-draft/95545/one-2027-nfl-draft-prospect-for-falcons-fans-to-watch-from-every-week-zero-game,2026-08-31T00:09:20.677669+00:00
Atlanta Falcons,https://www.thefalcoholic.com,Falcons &#8211; Dolphins recap: To the regular season we go,"As a football game, it was pretty artless, with some nice stretches from the defense and a handful of big plays on offense and special teams adding a little excitement to a contest that was otherwise plodding, penalty-ridden, and low-scoring. As an audition for this Falcons roster, it told many tales, some of them tragic [&#8230;]",Dave Choate,2026-08-29T08:00:00-04:00,https://www.thefalcoholic.com/atlanta-falcons-scores-results/95540/falcons-dolphins-recap-to-the-regular-season-we-go-kyle-pitts-chris-williams,2026-08-31T00:09:20.677669+00:00
Atlanta Falcons,https://www.thefalcoholic.com,Projecting the Falcons final 53-man roster and practice squad,"The third and final preseason game is over, and it’s time for our final roster predictions. Cutdowns are a lot earlier this year—Sunday instead of Tuesday—which means there’s little time for consideration. Accordingly, I’ll be trying to get this to you all as early as possible on Saturday. The Dolphins game didn’t provide many new [&#8230;]",Kevin Knight,2026-08-29T06:00:00-04:00,https://www.thefalcoholic.com/atlanta-falcons-roster/95406/projecting-the-falcons-final-53-man-roster-and-practice-squad-nfl-2026,2026-08-31T00:09:20.677669+00:00
Atlanta Falcons,https://www.thefalcoholic.com,NFL waiver wire rules and the Falcons waiver order position,"The 2026 NFL preseason is over, at least for the Falcons. That means the worst time of the year, final roster cutdowns, is about to begin. The cutdown deadline happens earlier than usual this season, with teams needing to have their final cuts submitted no later than Sunday, August 30 at 6 PM ET. That [&#8230;]",Kevin Knight,2026-08-29T00:00:00-04:00,https://www.thefalcoholic.com/atlanta-falcons-roster/95465/nfl-waiver-wire-rules-and-the-falcons-waiver-order-position-2026,2026-08-31T00:09:20.677669+00:00
Atlanta Falcons,https://www.thefalcoholic.com,Falcons &#8211; Dolphins preseason instant recap: Plenty to consider,"The Atlanta Falcons turned the ball over twice and still went into halftime with a 17-6 lead, which says a lot more about the Dolphins than it does the Falcons. Then things got predictably slow and ugly. Atlanta’s offensive gameplan seemed to be heavily predicated on screens and short passes, and that had the dual [&#8230;]",Dave Choate,2026-08-28T22:09:17-04:00,https://www.thefalcoholic.com/atlanta-falcons-scores-results/95468/falcons-dolphins-preseason-instant-recap-plenty-to-consider-tua-tagovailoa,2026-08-31T00:09:20.677669+00:00
Atlanta Falcons,https://www.thefalcoholic.com,Falcons at Dolphins 2026 preseason fan discussion,"We’ll get a quick look at the starters in this one and then roughly three-and-a-half quarters of reserves, and all we can really ask for is a reasonably entertaining game where everyone exits healthy and the coaching staff has everything they need to make the tough decisions ahead for the roster. You’ll discuss the game [&#8230;]",Dave Choate,2026-08-28T18:30:00-04:00,https://www.thefalcoholic.com/atlanta-falcons-discussion/95451/falcons-at-dolphins-2026-preseason-fan-discussion,2026-08-31T00:09:20.677669+00:00
Baltimore Ravens,https://www.baltimorebeatdown.com,2026 Baltimore Ravens waiver wire and practice squad tracker,"The Baltimore Ravens have cut their roster down to 53 players, making several tough cuts in the process. They’re not the only club to do so. Hundreds of players have the NFL’s waiver wire – including more than two dozen from Baltimore – with teams submitting claims for potential additions to their squad. Then, after [&#8230;]",Nikhil Mehta,2026-08-30T20:00:00-04:00,https://www.baltimorebeatdown.com/baltimore-ravens-news/84634/2026-baltimore-ravens-waiver-wire-and-practice-squad-tracker,2026-08-31T00:09:20.677669+00:00
Baltimore Ravens,https://www.baltimorebeatdown.com,2026 Baltimore Ravens 53-man roster tracker: news and rumors,"The Baltimore Ravens demolished the Washington Commanders on Friday night to complete an undefeated debut preseason for head coach Jesse Minter. Now, they have until 6 p.m. ET on Sunday evening to reduce their 90-man roster down to 53 players with several tough decisions awaiting on both sides of the ball. Initial roster cuts are, [&#8230;]",Nikhil Mehta,2026-08-30T19:18:58-04:00,https://www.baltimorebeatdown.com/baltimore-ravens-news/24480920/2026-baltimore-ravens-53-man-roster-tracker-news-and-rumors,2026-08-31T00:09:20.677669+00:00
Baltimore Ravens,https://www.baltimorebeatdown.com,2026 NFL waiver wire preview: Ravens sit 14th in claim order,"The Baltimore Ravens are well into their roster cuts, as is the rest of the NFL, with a 6 p.m. ET deadline on Sunday to get down to 53 players. The chaos won’t stop there. The Ravens will then have the opportunity to submit claims for players on the waiver wire, and, like their 2026 [&#8230;]",Nikhil Mehta,2026-08-30T13:31:18-04:00,https://www.baltimorebeatdown.com/baltimore-ravens-news/84619/nfl-waiver-wire-preview-ravens-sit-14th-in-claim-order,2026-08-31T00:09:20.677669+00:00
Baltimore Ravens,https://www.baltimorebeatdown.com,Ravens trade UDFA OT Diego Pounds to Chiefs,"The Baltimore Ravens are trading undrafted rookie offensive tackle Diego Pounds to the Kansas City Chiefs, per NFL Network’s Mike Garafolo. In return, the Ravens will get a conditional sixth-round pick in the 2026 draft, according to Nate Taylor of The Athletic, though it could move up to 2027 depending on which picks the Chiefs [&#8230;]",Nikhil Mehta,2026-08-29T17:44:28-04:00,https://www.baltimorebeatdown.com/baltimore-ravens-news/84591/ravens-trade-udfa-ot-diego-pounds-to-chiefs,2026-08-31T00:09:20.677669+00:00
Baltimore Ravens,https://www.baltimorebeatdown.com,Building the perfect 53-man roster for the 2026 Baltimore Ravens,"With roster cuts approaching, this isn’t necessarily a prediction of exactly what the Ravens will do. It’s how I would construct Baltimore’s initial 53-man roster based on preseason performance, positional value, roster flexibility, and the likelihood of certain players making it through waivers. The 53 Offense — 24 QB: Lamar Jackson, Tyler Huntley RB: Derrick [&#8230;]",Yuri,2026-08-29T13:21:46-04:00,https://www.baltimorebeatdown.com/baltimore-ravens-analysis/84566/building-the-perfect-53-man-roster-for-the-2026-baltimore-ravens,2026-08-31T00:09:20.677669+00:00
Baltimore Ravens,https://www.baltimorebeatdown.com,Ravens trade DT C.J. Okoye to Giants,John Harbaugh is bringing another one of his former players to New York. The Ravens are trading defensive tackle C.J. Okoye to the Giants in exchange for a 2028 seventh-round pick. Okoye was firmly on the roster bubble in Baltimore’s deep defensive line room entering training camp. This is a breaking story that will be [&#8230;],Nikhil Mehta,2026-08-29T11:22:54-04:00,https://www.baltimorebeatdown.com/baltimore-ravens-news/84543/ravens-trade-dt-c-j-okoye-to-giants,2026-08-31T00:09:20.677669+00:00
Baltimore Ravens,https://www.baltimorebeatdown.com,Ravens K Tyler Loop leaves only blemish on dominant win vs. Commanders,"The Baltimore Ravens throttled the Washington Commanders on Friday night, leaving M&#38;T Bank Stadium with a 41-3 win and an undefeated debut preseason for head coach Jesse Minter. Minter, who was an assistant coach during the Ravens’ historic preseason win streak between 2016 and 2023, downplayed the result and redirected focus to his players. “You [&#8230;]",Nikhil Mehta,2026-08-28T23:06:23-04:00,https://www.baltimorebeatdown.com/baltimore-ravens-news/84536/ravens-k-tyler-loop-leaves-only-blemish-on-dominant-win-vs-commanders,2026-08-31T00:09:20.677669+00:00
Baltimore Ravens,https://www.baltimorebeatdown.com,Ravens Roundtable: reactions to Baltimore’s 41-3 win over the Commanders,"The Baltimore Ravens left nothing on the field on Friday night, dominating the Washington Commanders start to finish and leaving with a 41-3 victory to close out an undefeated preseason. Here are Baltimore Beatdown’s reactions to the win: This was about as dominant of a performance that you will ever see. Baltimore&#8217;s defense was absolutely [&#8230;]",Dustin Cox,2026-08-28T22:11:32-04:00,https://www.baltimorebeatdown.com/baltimore-ravens-discussion/84526/ravens-roundtable-reactions-to-baltimores-41-3-win-over-the-commanders,2026-08-31T00:09:20.677669+00:00
Baltimore Ravens,https://www.baltimorebeatdown.com,"Ravens-Commanders stock report: Joe Fagnano shines, Tyler Loop struggles","The Baltimore Ravens thoroughly trounced the Washington Commanders on Friday night, taking home their straight preseason victory by a score of 41-3. Here is Baltimore Beatdown’s instant stock report with final roster cuts less than 48 hours away: Stock Up QB Joe Fagnano The undrafted rookie quarterback continues to make a case for the Ravens [&#8230;]",Nikhil Mehta,2026-08-28T21:13:45-04:00,https://www.baltimorebeatdown.com/baltimore-ravens-analysis/84512/ravens-commanders-stock-report-joe-fagnano-shines-tyler-loop-struggles,2026-08-31T00:09:20.677669+00:00
Baltimore Ravens,https://www.baltimorebeatdown.com,Ravens-Commanders discussion: final push for Baltimore’s 53-man roster,"The Baltimore Ravens are just one more game away from the 2026 regular season. Jesse Minter has won his first two preseason games as head coach; tonight, he’ll go for three in a row against the visiting Washington Commanders. Most of the 53-man roster is already set, but the Ravens still have to settle on [&#8230;]",Nikhil Mehta,2026-08-28T16:51:51-04:00,https://www.baltimorebeatdown.com/baltimore-ravens-discussion/84468/ravens-commanders-discussion-final-push-for-baltimores-53-man-roster,2026-08-31T00:09:20.677669+00:00
Buffalo Bills,https://www.buffalorumblings.com,Buffalo Bills 2026 practice squad tracker,"The Buffalo Bills are still in the midst of reducing their roster from a summer high of 91 players down to the league-mandated 53-man active roster for Week 1, where all that’s likely left at this point is the official reporting process. The regular season is just around the corner, which means new head coach [&#8230;]",Matt Byham,2026-08-30T18:41:47-04:00,https://www.buffalorumblings.com/buffalo-bills-roster/139094/buffalo-bills-2026-practice-squad-tracker,2026-08-31T00:09:20.677669+00:00
Buffalo Bills,https://www.buffalorumblings.com,Buffalo Bills now have Aaron Donald on their 2026 schedule,"Make that two future first-ballot Hall of Famers on the Los Angeles Rams defensive line, and this one is quite familiar with the organization, unlike Myles Garrett who was acquired via trade on June 1. Jordan Schultz reported the return of Aaron Donald to the Rams roster after he retired following the 2023 season: With [&#8230;]",Chris Trapasso,2026-08-30T16:28:07-04:00,https://www.buffalorumblings.com/buffalo-bills-schedule/137919/buffalo-bills-now-have-aaron-donald-on-their-2026-schedule,2026-08-31T00:09:20.677669+00:00
Buffalo Bills,https://www.buffalorumblings.com,Best cut players from other teams Buffalo Bills should consider signing,"As you likely have heard, the NFL roster cuts deadline is today at 6 p.m. EST. And for as much as this day does feature over 1,000 players losing their jobs, I like to spin it into a positive and focus on new opportunities for released players to land gigs on different teams, including, of [&#8230;]",Chris Trapasso,2026-08-30T15:05:35-04:00,https://www.buffalorumblings.com/buffalo-bills-analysis/139220/best-cut-players-from-other-teams-buffalo-bills-should-consider-signing,2026-08-31T00:09:20.677669+00:00
Buffalo Bills,https://www.buffalorumblings.com,Buffalo Bills trade Sedrick Van Pran-Granger to Colts,"Buffalo Bills GM Brandon Beane has made his August trade, shipping third-string center Sedrick Van Pran-Granger to the Indianapolis Colts. Tom Pellisero had the full details of what was exchanged in this trade: Over the past few years, the “player plus a future seventh for a future sixth” has become essentially the lowest-cost for a [&#8230;]",Chris Trapasso,2026-08-30T09:38:48-04:00,https://www.buffalorumblings.com/buffalo-bills-news/139215/buffalo-bills-trade-sedrick-van-pran-granger-to-colts,2026-08-31T00:09:20.677669+00:00
Buffalo Bills,https://www.buffalorumblings.com,Buffalo Bills news: Final 53-man roster predictions,"The Buffalo Bills have until 6 p.m. EDT Sunday night to trim their roster down to 53 players, a process that began with Saturday’s news that Buffalo is releasing veteran wide receiver Mecole Hardman Jr. and incumbent punter Mitch Wishnowsky. Who else will find themselves on the outside looking in heading into the 2026 NFL [&#8230;]",John Boccacino,2026-08-29T14:01:50-04:00,https://www.buffalorumblings.com/buffalo-bills-news/139048/buffalo-bills-news-final-53-man-roster-predictions,2026-08-31T00:09:20.677669+00:00
Buffalo Bills,https://www.buffalorumblings.com,Buffalo Bills practice squad rules: Who sticks around after 2026 roster cuts?,"The Buffalo Bills are preparing for one of the most difficult parts of the NFL calendar: turning an entire offseason roster into the 53 players who will initially make up the 2026 team. And this year, cutdown day looks a little different. NFL teams must reduce their rosters to 53 players by 6 p.m. EDT [&#8230;]",Sara Larson,2026-08-29T13:49:06-04:00,https://www.buffalorumblings.com/buffalo-bills-roster/139176/buffalo-bills-practice-squad-rules-who-sticks-around-after-2026-roster-cuts,2026-08-31T00:09:20.677669+00:00
Buffalo Bills,https://www.buffalorumblings.com,"PUP, IR, NFI and even a suspension could give Buffalo Bills some additional roster flexibility Sunday","The preseason is over, which means we have reached one of my favorite parts of roster construction: trying to figure out what Brandon Beane is doing before Brandon Beane tells us what Brandon Beane is doing. By Sunday, August 30 at 6 p.m. ET, the Buffalo Bills must reduce their roster to 53 players.Except getting [&#8230;]",Sara Larson,2026-08-29T10:10:37-04:00,https://www.buffalorumblings.com/buffalo-bills-roster/139170/pup-ir-nfi-and-even-a-suspension-could-give-buffalo-bills-some-additional-roster-flexibility-sunday,2026-08-31T00:09:20.677669+00:00
Buffalo Bills,https://www.buffalorumblings.com,Buffalo Bills 2026 scouting report: tackle Dion Dawkins,"The Buffalo Bills have been remarkably stable along the offensive line over the last few seasons. Between right guard O’Cyrus Torrence, who has taken nearly every snap on offense throughout his career, center Connor McGovern, who has played through myriad injuries and still been remarkably effective, and right tackle Spencer Brown, who overcame an early-career [&#8230;]",Sean Murphy,2026-08-29T08:56:26-04:00,https://www.buffalorumblings.com/buffalo-bills-analysis/138404/buffalo-bills-2026-scouting-report-tackle-dion-dawkins,2026-08-31T00:09:20.677669+00:00
Buffalo Bills,https://www.buffalorumblings.com,"Buffalo Bills 53-man roster projection: At conclusion of preseason, before roster cuts","The Buffalo Bills mounted a glorious comeback to beat the Pittsburgh Steelers 28-27 on Thursday night to cap a 3-0 preseason. Now Brandon Beane, Joe Brady, and Co. have to trim the roster from 91 players to 53 by Sunday at 6pm EST. Therefore it’s time for my final roster projection of the summer. Quarterback [&#8230;]",Chris Trapasso,2026-08-28T12:54:19-04:00,https://www.buffalorumblings.com/buffalo-bills-roster/139156/buffalo-bills-53-man-roster-projection-at-conclusion-of-preseason-before-roster-cuts,2026-08-31T00:09:20.677669+00:00
Buffalo Bills,https://www.buffalorumblings.com,4 Buffalo Bills who helped their cause vs. Steelers in preseason game No. 3,"The Buffalo Bills ended their 2026 preseason 3-0 with a dazzling comeback win over the Pittsburgh Steelers on Thursday night, and now have 53-man roster decisions to make ahead of Sunday evening. Which roster-bubble players made a final push to make the team with their performance in the preseason finale, you ask? My answers below. [&#8230;]",Chris Trapasso,2026-08-28T10:29:04-04:00,https://www.buffalorumblings.com/buffalo-bills-analysis/139151/4-buffalo-bills-who-helped-their-cause-vs-steelers-in-preseason-game-no-3,2026-08-31T00:09:20.677669+00:00
Carolina Panthers,https://www.catscratchreader.com,Carolina Panthers 2026 roster cuts tracker,"The Carolina Panthers have to cut their roster down from 90 to 53 by 6:00 PM ET on Sunday, August 30th. This is your live tracker and discussion thread for all of Carolina’s cuts this season. We will not be tracking notable cuts from other teams in this space. Any of those who get added [&#8230;]",Walker Clement,2026-08-30T17:57:47-04:00,https://www.catscratchreader.com/carolina-panthers-roster/60542/carolina-panthers-2026-roster-cuts-tracker,2026-08-31T00:09:20.677669+00:00
Carolina Panthers,https://www.catscratchreader.com,2026 Season Opener Countdown: 14 Days Remaining,"Here at Cat Scratch Reader we have counted down the final 100 days leading up to the Carolina Panthers season opener by for at least the past ten years. We’ve always done this by highlighting the current player on the roster whose jersey number matches the day on the countdown. This year, we decided to [&#8230;]",Jonathan DeLong,2026-08-30T07:00:00-04:00,https://www.catscratchreader.com/carolina-panthers-history/60589/carolina-panthers-2026-season-opener-countdown-14-days-remaining,2026-08-31T00:09:20.677669+00:00
Carolina Panthers,https://www.catscratchreader.com,The Panthers are signing former Giants LB Bobby Okereke amid roster cuts,"The Panthers are adding some ammunition at a position of weakness during 53 man roster cutdowns. Okereke, entering age 30 and his 8th NFL season, provides some veteran stability opposite of LB Devin Lloyd. The Panthers entered the preseason allowing that slot to be up for grabs between Trevin Wallace, Claudin Cherelus, and a bevy [&#8230;]",Brian Beversluis,2026-08-29T16:07:22-04:00,https://www.catscratchreader.com/carolina-panthers-news/60583/the-panthers-are-signing-former-giants-lb-bobby-okereke-amid-roster-cuts,2026-08-31T00:09:20.677669+00:00
Carolina Panthers,https://www.catscratchreader.com,Panthers final 53 man roster prediction,"The preseason is done and over with for the Carolina Panthers. Now, teams have until 6:00pm Eastern on Sunday to trim their rosters from 90 players down to 53. We’ll make our best guess on what the final 53 is going to look like. On one hand, we already know the majority of the players [&#8230;]",Jonathan DeLong,2026-08-29T07:53:10-04:00,https://www.catscratchreader.com/carolina-panthers-roster/60568/carolina-panthers-final-53-man-roster-prediction,2026-08-31T00:09:20.677669+00:00
Carolina Panthers,https://www.catscratchreader.com,2026 Season Opener Countdown: 15 Days Remaining,"Here at Cat Scratch Reader we have counted down the final 100 days leading up to the Carolina Panthers season opener by for at least the past ten years. We’ve always done this by highlighting the current player on the roster whose jersey number matches the day on the countdown. This year, we decided to [&#8230;]",Jonathan DeLong,2026-08-29T07:00:00-04:00,https://www.catscratchreader.com/carolina-panthers-history/60571/carolina-panthers-2026-season-opener-countdown-15-days-remaining,2026-08-31T00:09:20.677669+00:00
Carolina Panthers,https://www.catscratchreader.com,CSR Weekend Warriors: 8/29-8/30,"Greetings, Panthers fans. Welcome to the weekend. Feel free to use this thread to chat about (almost) anything you want: video games, food, movies, non-football sports, you name it. As long as it’s allowed by the site’s ToS, it’s fair game here. You know the drill. This is now an open thread",Walker Clement,2026-08-29T06:02:00-04:00,https://www.catscratchreader.com/the-scratching-post/60533/csr-weekend-warriors-8-29-8-30,2026-08-31T00:09:20.677669+00:00
Carolina Panthers,https://www.catscratchreader.com,Carolina Panthers waiver wire order and NFL rules,The end of the offseason is here. All NFL teams are required to cut their 90-man preseason rosters down to 53 players by Sunday evening. Carolina Panthers gneral manager Dan Morgan and head coach Dave Canales (+3300 to win AP NFL Coach of the Year per FanDuel) will have their work cut out for them. [&#8230;],Walker Clement,2026-08-28T22:48:11-04:00,https://www.catscratchreader.com/carolina-panthers-roster/60555/carolina-panthers-waiver-wire-order-and-nfl-rules,2026-08-31T00:09:20.677669+00:00
Carolina Panthers,https://www.catscratchreader.com,Panthers 16 Texans 13: Preseason ends on a high note,"First Quarter If you thought a game in the rain featuring no starters was going to be a slog to watch offensively, you were right. Though there were moments to enjoy from a defensive perspective. Trevis Gipson and Trevin Wallace each registered a sack to force a punt on the Texans’ first drive. The offense [&#8230;]",Jonathan DeLong,2026-08-28T22:23:45-04:00,https://www.catscratchreader.com/carolina-panthers-analysis/60564/panthers-16-texans-13-preseason-ends-on-a-high-note,2026-08-31T00:09:20.677669+00:00
Carolina Panthers,https://www.catscratchreader.com,Panthers vs Texans: Preseason Week 3 discussion thread,"The end of the 2026 preseason is upon us with the Carolina Panthers hosting the Houston Texans. Head coach Dave Canales is holding with tradition and resting all of the projected starters in tonight’s game. Instead of preparing the ones for the regular season, tonight is going to be about watching the guys who likely [&#8230;]",Walker Clement,2026-08-28T18:00:00-04:00,https://www.catscratchreader.com/carolina-panthers-discussion/60539/panthers-vs-texans-preseason-week-3-discussion-thread,2026-08-31T00:09:20.677669+00:00
Carolina Panthers,https://www.catscratchreader.com,Panthers fans set to be disappointed with no starters playing in final preseason game,78% of Carolina Panthers fans will be disappointed in head coach Dave Canales’ decision to hold starters out of tonight preseason finale against the Houston Texans. There is always a debate between keeping your guys healthy and getting them enough experience to be ready for Week 1. Canales has always erred on the side of [&#8230;],Walker Clement,2026-08-28T13:42:06-04:00,https://www.catscratchreader.com/carolina-panthers-preseason/60534/panthers-fans-set-to-be-disappointed-with-no-starters-playing-in-final-preseason-game,2026-08-31T00:09:20.677669+00:00
Chicago Bears,https://www.windycitygridiron.com,Chicago Bears First 53-Man Roster for 2026,"The Chicago Bears have announced their first 53-man roster for the 2026 season, and we have it right here. This is sure to change, so we’ll update accordingly in the coming days and all year long. OFFENSE (25) Quarterback (3): Caleb Williams, Tyson Bagent, Case Keenum Running back (3): D’Andre Swift, Kyle Monangai, Roschon Johnson [&#8230;]",Lester A. Wiltfong Jr.,2026-08-30T18:16:48-04:00,https://www.windycitygridiron.com/chicago-bears-roster/24480928/chicago-bears-53-man-roster-injured-reserve-pup-cut-trade-release-waive,2026-08-31T00:09:20.677669+00:00
Chicago Bears,https://www.windycitygridiron.com,Bear &#038; Balanced: Chicago Bears 53 Man Roster Analysis,"There was a preseason game last night as the Chicago Bears dropped the Tennessee Titans 24 to 15, but they will also announce their initial 53-man roster around 5 pm (CT). So we’ll cover both the 53-man roster and recap how the preseason/offseason helped shape it in our latest Bear &#38; Balanced. Some topics we’ll [&#8230;]",Lester A. Wiltfong Jr.,2026-08-30T17:45:00-04:00,https://www.windycitygridiron.com/chicago-bears-roster/121205/chicago-bears-53-man-roster-analysis-cut-release-waive-podcast-video,2026-08-31T00:09:20.677669+00:00
Chicago Bears,https://www.windycitygridiron.com,Chicago Bears 2026 53-Man Roster Transaction Tracker,"The NFL’s deadline to get down to a 53-man roster is earlier than ever this year. Teams need to be compliant by 5:00 pm (CT) on Sunday, August 30. Yes, tomorrow! That means by this time tomorrow we’ll know who the initial 53-man roster for the Chicago Bears’ 2026 season will be, and the quest [&#8230;]",Lester A. Wiltfong Jr.,2026-08-30T15:29:10-04:00,https://www.windycitygridiron.com/chicago-bears-news/121341/chicago-bears-2026-53-man-roster-transaction-cut-down-tracker-nfl,2026-08-31T00:09:20.677669+00:00
Chicago Bears,https://www.windycitygridiron.com,Watch: Zavion Thomas Film vs. Tennessee Titans,"Chicago Bears rookie Zavion Thomas made headlines on Saturday against the Tennessee Titans, showcasing the potential that he brings to an already talented Chicago WR room. The third round 2026 NFL draft pick out of LSU made headlines right away in the Bears’ third and final preseason game of 2026. On Chicago’s first offensive snap [&#8230;]",Ryan Droste,2026-08-30T11:33:42-04:00,https://www.windycitygridiron.com/chicago-bears-analysis/121568/watch-zavion-thomas-chicago-bears-film-vs-tennessee-titans,2026-08-31T00:09:20.677669+00:00
Chicago Bears,https://www.windycitygridiron.com,2026 Chicago Bears Practice Squad Rules and Rumor Tracker,"The NFL&#8217;s cut-down deadline is later today at 5:00 pm (CT), but several teams have already gotten an early start in whittling their offseason roster down to 53 players. Clubs can&#8217;t establish their 16-man practice squads until the claiming period for players placed on waivers expires at Noon (CT) tomorrow (8/31), but plenty of rumors [&#8230;]",Lester A. Wiltfong Jr.,2026-08-30T11:30:00-04:00,https://www.windycitygridiron.com/chicago-bears-news/24480927/2026-chicago-bears-practice-squad-news-and-rumor-tracker-and-nfl-rules,2026-08-31T00:09:20.677669+00:00
Chicago Bears,https://www.windycitygridiron.com,"Bears vs Titans: Inside the snap counts, stats, and an injury update","The Chicago Bears&#8217; backups beat the Tennessee Titans&#8217; backups last night, 24 to 15, and the NFL is done with the preseason games, so bring on Week 1 and the Carolina Panthers! The Bears had more yards (398 to 259), more first downs (19 to 13), and led in time of possession (35:44 to 24:16). [&#8230;]",Lester A. Wiltfong Jr.,2026-08-30T10:15:00-04:00,https://www.windycitygridiron.com/chicago-bears-analytic-sabermetric-metric-number-stat-nfl-data-nex-gen/121204/chicagoo-bears-vs-titans-inside-the-snap-counts-stats-and-an-injury-update,2026-08-31T00:09:20.677669+00:00
Chicago Bears,https://www.windycitygridiron.com,"Bears trade DT Dexter to Falcons for CB Phillips, 5th rounder","The Chicago Bears kicked off cutdown day with a trade. According to NFL insider Ian Rapoport, the Bears are sending defensive tackle Gervon Dexter Sr. to the Atlanta Falcons for cornerback Clark Phillips and a fifth-round pick. Dexter was rumored to be on the trade block. He missed several days of practice and the preseason [&#8230;]",Sam Householder,2026-08-30T09:07:41-04:00,https://www.windycitygridiron.com/chicago-bears-news/121551/chicago-bears-trade-dt-dexter-to-falcons-for-cb-phillips-5th-rounder,2026-08-31T00:09:20.677669+00:00
Chicago Bears,https://www.windycitygridiron.com,Notes: Bears close out preseason with strong win,"The Bears closed out their 2026 preseason on a high note, heading to Tennessee and defeating the Titans in a 24-15 matchup. The win on Saturday gave them a 2-1 record to close out the preseason, bumping Ben Johnson’s career record in the preseason to 4-1-1 over his two seasons as Chicago’s head coach. There’s [&#8230;]",Jacob Infante,2026-08-30T08:00:00-04:00,https://www.windycitygridiron.com/chicago-bears-analysis/121523/chicago-bears-vs-titans-recap-preseason-week-3-tyson-bagent,2026-08-31T00:09:20.677669+00:00
Chicago Bears,https://www.windycitygridiron.com,NFL Waiver Wire Rules: Chicago Bears are 25th,"The 32 NFL teams will let go of over a thousand players when the 2026 preseason wraps up, as they&#8217;ll all get their 90-man offseason rosters down to 53 active players for the regular season. That deadline is 5:00 pm (CT) on Sunday, but teams aren&#8217;t waiting til them to notify their players. The Chicago [&#8230;]",Lester A. Wiltfong Jr.,2026-08-29T22:00:00-04:00,https://www.windycitygridiron.com/chicago-bears-news/121438/nfl-waiver-wire-rules-chicago-bears-are-25th,2026-08-31T00:09:20.677669+00:00
Chicago Bears,https://www.windycitygridiron.com,Bears close preseason with a nearly flawless performance by Tyson Bagent,"The NFL’s 2026 preseason slate is finally complete as the Chicago Bears outscored the Tennessee Titans 24 to 15. But most importantly for Chicago, they escaped without any significant injuries. UPDATE: Running back Brittain Brown did leave the game with a concussion. I appreciate the effort from the players in the final preseason game because [&#8230;]",Lester A. Wiltfong Jr.,2026-08-29T21:00:01-04:00,https://www.windycitygridiron.com/chicago-bears-scores-results/121518/chicago-bears-close-preseason-nearly-flawless-tyson-bagent-tennessee-titans,2026-08-31T00:09:20.677669+00:00
Cincinnati Bengals,https://www.cincyjungle.com,McKinnley Jackson waived by Bengals after drawing trade interest,"Former third-round NFL pick and third-year defensive tackle McKinnley Jackson was waived Sunday afternoon by the Cincinnati Bengals. NFL Network’s Ian Rapoport broke the news, adding that Jackson was actually drawing trade interest, but the Bengals obviously did not make a deal with anyone. Entering his third season with the Bengals, Jackson was facing an [&#8230;]",Andrew Hines,2026-08-30T14:47:29-04:00,https://www.cincyjungle.com/cincinnati-bengals-rumors/197507/mckinnley-jackson-trade-interest-nfl-cuts,2026-08-31T00:09:20.677669+00:00
Cincinnati Bengals,https://www.cincyjungle.com,P.J. Jules beats out Daijahn Anthony for roster spot,"The Cincinnati Bengals have made a decision on another key roster battle, this one being for the final safety spot. Daijahn Anthony has been waived by the Bengals, while PJ Jules has been told he made the 53-man roster. Anthony, a 2024 sixth-round NFL Draft pick out of Ole Miss, was never really able to [&#8230;]",Jason Marcum,2026-08-30T14:43:12-04:00,https://www.cincyjungle.com/cincinnati-bengals-analysis/197511/p-j-jules-daijahn-anthony-roster-spot,2026-08-31T00:09:20.677669+00:00
Cincinnati Bengals,https://www.cincyjungle.com,Charlie Jones cut by Bengals,"The Cincinnati Bengals have made another key roster decision, as veteran wide receiver and return man Charlie Jones is being waived, according to Ian Rapoport. Jones, who has been the Bengals’ primary kickoff returner, was in a tight battle with several other wide receivers to make the 53-man roster. He was primarily battling Ke’Shawn Williams, [&#8230;]",Jason Marcum,2026-08-30T13:16:21-04:00,https://www.cincyjungle.com/cincinnati-bengals-roster/197496/charlie-jones-cut-nfl-waivers,2026-08-31T00:09:20.677669+00:00
Cincinnati Bengals,https://www.cincyjungle.com,Mitchell Tinsley waived by the Bengals,"Mitch Tinsley was the star of the 2025 preseason. It helped him earn a spot on the Bengals&#8217; 53-man roster last season. This year, he played okay, but not nearly at the level of some other young guys at wide receiver. Mainly, Colbie Young and Dohnte Meyers really impressed throughout camp. The latter is likely [&#8230;]",Dale Altman,2026-08-30T13:11:17-04:00,https://www.cincyjungle.com/cincinnati-bengals-news/197487/mitchell-tinsley-waived-final-roster-cuts,2026-08-31T00:09:20.677669+00:00
Cincinnati Bengals,https://www.cincyjungle.com,Bengals 53-Man Roster Prediction: Final Cuts Edition,"The preseason is over, at least for the Cincinnati Bengals. They defeated the Eagles in Philadelphia on Friday by a score of 30-13. Now we have a week off, and then the season starts. We’re so close! Before we can officially get started, though, the Bengals need to trim their roster down to 53. Here’s [&#8230;]",Jason Garrison,2026-08-30T07:05:00-04:00,https://www.cincyjungle.com/197334/bengals-53-man-roster-prediction-final-cuts-edition,2026-08-31T00:09:20.677669+00:00
Cincinnati Bengals,https://www.cincyjungle.com,Bengals News: Final Cuts Deadline,"The Cincinnati Bengals have some difficult decisions to make. After three preseason games, the team has a handful of crowded position groups. Wide receiver, tight end, defensive tackle, and quarterback have created big discussions. Might the Bengals surprise the masses with who they deem worthy of the final roster? Bengals News Postgame Quick Hits &#124; [&#8230;]",Anthony Cosenza,2026-08-30T06:05:00-04:00,https://www.cincyjungle.com/cincinnati-bengals-news/197469/final-cuts-deadline-nfl,2026-08-31T00:09:20.677669+00:00
Cincinnati Bengals,https://www.cincyjungle.com,Cincinnati Bengals practice squad tracker,"The preseason is over, which means the Cincinnati Bengals will have their 53-man roster set soon. Then comes the formation of the 16-man practice squad. Here are some rules that govern who can and who can’t join practice squads in the NFL: The practice squad may sound like it’s no big deal, but everybody on [&#8230;]",Jason Garrison,2026-08-30T05:45:00-04:00,https://www.cincyjungle.com/197381/cincinnati-bengals-practice-squad-tracker-2026-roster,2026-08-31T00:09:20.677669+00:00
Cincinnati Bengals,https://www.cincyjungle.com,"Bengals eyeing Steelers’ Kaleb Johnson, per report: Is he a good fit for Cincinnati?","According to Pittsburgh radio personality Andrew Fillipponi, the Cincinnati Bengals are among the teams that could have interest in Steelers running back Kaleb Johnson, who appears to be on the roster bubble in Pittsburgh as the NFL&#8217;s 53-man roster deadline approaches. Johnson&#8217;s availability would be an interesting development for Cincinnati. The Bengals have spent much [&#8230;]",Anthony Cosenza,2026-08-29T13:37:47-04:00,https://www.cincyjungle.com/cincinnati-bengals-rumors/197436/kaleb-johnson-steelers-news-trades-roster-cuts,2026-08-31T00:09:20.677669+00:00
Cincinnati Bengals,https://www.cincyjungle.com,3 things we learned from the Bengals’ preseason win over the Eagles,"The Cincinnati Bengals mean business this year. And it showed in how they carried themselves in preseason games. After defeating the Chicago Bears 27-9, the Bengals went out last night and beat the Philadelphia Eagles 30-13. They finished 3-0 in the preseason. Here’s what we learned from the win over the Eagles (or, in some [&#8230;]",Dadio Makdook,2026-08-29T10:00:26-04:00,https://www.cincyjungle.com/cincinnati-bengals-preseason/197428/3-things-learned-bengals-preseason-win-eagles,2026-08-31T00:09:20.677669+00:00
Cincinnati Bengals,https://www.cincyjungle.com,3 draft-eligible prospects to watch this weekend as college football begins,"Week 0 of the college football season begins this Saturday. While there aren’t any marquee matchups this week, 14th-ranked USC will be in action against San Jose State. There will also be a handful of other prospects to pay attention to spread throughout the seven other games of the weekend. Arguably the best game could [&#8230;]",Dale Altman,2026-08-29T07:45:00-04:00,https://www.cincyjungle.com/cincinnati-bengals-nfl-draft/197207/3-draft-eligible-prospects-watch-college-football-week-0,2026-08-31T00:09:20.677669+00:00
Cleveland Browns,https://www.dawgsbynature.com,Browns: 3 takeaways from the initial 53-man roster,"The Cleveland Browns joined their NFL brethren on Sunday in cutting their roster down to the initial 53-man squad ahead of the NFL-mandated deadline. As everyone knows by now, the roster as it stands today is not the roster the Browns will take to Jacksonville in two weeks when they open the regular season against [&#8230;]",Thomas Moore,2026-08-30T18:45:17-04:00,https://www.dawgsbynature.com/cleveland-browns-news/131705/browns-3-takeaways-initial-53-man-roster-dillon-gabriel-luke-floriea,2026-08-31T00:09:20.677669+00:00
Cleveland Browns,https://www.dawgsbynature.com,Browns initial 2026 53-man roster,"The Cleveland Browns initial 53-man roster is set for the 2026 season, with a lot of moves to come over the next couple of days, including the team’s practice squad. The Browns officially waived, cut, and placed players on different lists Sunday afternoon, including an update on having just three quarterbacks on the roster, news [&#8230;]",Jared Mueller,2026-08-30T16:50:59-04:00,https://www.dawgsbynature.com/cleveland-browns-news/131691/browns-initial-2026-intial-53-man-roster,2026-08-31T00:09:20.677669+00:00
Cleveland Browns,https://www.dawgsbynature.com,Cleveland Browns 53-man roster cuts tracker,"The Cleveland Browns have until Sunday at 6:00 PM ET to make roster cuts and announce their initial 53-man roster. Some of those cuts or rumors about roster moves might leak early, though. The Browns may also announce them in waves — for example, some cuts may be announced Friday, some on Saturday, etc. All [&#8230;]",Chris Pokorny,2026-08-30T16:39:01-04:00,https://www.dawgsbynature.com/cleveland-browns-roster-players/131359/cleveland-browns-53-man-roster-cuts-tracker,2026-08-31T00:09:20.677669+00:00
Cleveland Browns,https://www.dawgsbynature.com,5 reasons WR Luke Floriea missed the initial Browns 53-man roster,"To the disappointment, frustration, surprise, and maybe anger of a lot of Cleveland Browns fans, WR Luke Floriea is reportedly not making the team’s initial 53-man roster. As has been repeated over and over again, the initial 53-man roster is not the final 53-man roster. There are lots of reasons teams make moves in different [&#8230;]",Jared Mueller,2026-08-30T15:34:49-04:00,https://www.dawgsbynature.com/cleveland-browns-news/131679/3-reasons-luke-floriea-browns-53-man-roster,2026-08-31T00:09:20.677669+00:00
Cleveland Browns,https://www.dawgsbynature.com,Cleveland Browns practice squad tracker,"While we are monitoring the Cleveland Browns’ roster cuts as they get set to name their initial 53-man roster, all eyes will then shift to Monday, when waiver claims are processed, and then teams can start signing players to their 16-man practice squad. There will be some interesting decisions at quarterback and wide receiver in [&#8230;]",Chris Pokorny,2026-08-30T12:00:00-04:00,https://www.dawgsbynature.com/cleveland-browns-roster-players/131610/cleveland-browns-practice-squad-tracker,2026-08-31T00:09:20.677669+00:00
Cleveland Browns,https://www.dawgsbynature.com,Browns fans weigh in on Todd Monken’s decision to start Deshaun Watson over Shedeur Sanders,"Cleveland Browns head coach made the unpopular decision this week to name Deshaun Watson as the team’s starting quarterback in Week 1 over Shedeur Sanders. We’ve heard a variety of things, including that since the team starts off with two road games, this gives the team to chance to see if Watson will deliver in [&#8230;]",Chris Pokorny,2026-08-30T10:05:49-04:00,https://www.dawgsbynature.com/cleveland-browns-discussion/131615/browns-fans-weigh-in-on-todd-monkens-decision-to-start-deshaun-watson-over-shedeur-sanders,2026-08-31T00:09:20.677669+00:00
Cleveland Browns,https://www.dawgsbynature.com,Cleveland Browns news: Roster cutdown day has arrived,"Today is the day that every NFL team must make its final roster cutdowns by 6 p.m. and set its initial 53-man roster. We are contractually obligated* to remind everyone that the initial 53-man roster is not the final 53-man roster, as teams will continue to sign players through waivers, make adjustments on the practice [&#8230;]",Thomas Moore,2026-08-30T06:30:00-04:00,https://www.dawgsbynature.com/cleveland-browns-news/131588/cleveland-browns-news-austin-barber-carson-schwesinger-sherdeur-sanders,2026-08-31T00:09:20.677669+00:00
Cleveland Browns,https://www.dawgsbynature.com,Browns: Is this rookie playing himself into a starter’s role?,"Cleveland Browns general manager Andrew Berry entered the 2026 offseason facing an odd situation. The offensive line, long one of the team’s strengths, was aging, injured, and highly paid, leaving Berry to decide whether to stick with the status quo for another year or attempt to rebuild the entire starting unit in a single offseason.&#160; [&#8230;]",Thomas Moore,2026-08-29T16:18:14-04:00,https://www.dawgsbynature.com/cleveland-browns-news/131582/cleveland-browns-austin-barber-playing-himself-into-a-starters-role,2026-08-31T00:09:20.677669+00:00
Cleveland Browns,https://www.dawgsbynature.com,"JJ McCarthy, Vikings rumors start: Should Browns be interested if waived or cheap trade?","If you have four quarterbacks, you probably have none, or are the luckiest/best team in the NFL. The Cleveland Browns head into their initial 53-man roster decisions not knowing how many quarterbacks they will keep after starter Deshaun Watson. At this point, it feels as likely that all three of Shedeur Sanders, Dillon Gabriel, and [&#8230;]",Jared Mueller,2026-08-29T15:57:46-04:00,https://www.dawgsbynature.com/cleveland-browns-roster/131577/jj-mccarthy-vikings-rumors-browns-trade-waived,2026-08-31T00:09:20.677669+00:00
Cleveland Browns,https://www.dawgsbynature.com,Browns can’t lose sight of the true goal at the quarterback position,"NFL teams, and by extension their fans, certainly love the concept of a developmental quarterback. It is a phenomenon seen across the league every season. A quarterback gets selected in the fifth, sixth, or seventh round of the draft, or perhaps is even an undrafted free agent, but has just enough athletic ability that everyone [&#8230;]",Thomas Moore,2026-08-29T08:00:00-04:00,https://www.dawgsbynature.com/cleveland-browns-analysis/131531/browns-taylen-green-shedeur-sanders-dillon-gabriel,2026-08-31T00:09:20.677669+00:00
Dallas Cowboys,https://www.bloggingtheboys.com,2026 Dallas Cowboys practice squad tracker: News and rumors,"The Dallas Cowboys set their initial 53-man roster on Sunday afternoon and it will undergo a few changes before things are fully finalized and ready for them to begin their Week 1 preparation. While the Cowboys have a final (ongoing) 53-man roster, they also have to put together a practice squad. Some FAQ topics answered [&#8230;]",David Halprin,2026-08-30T18:23:38-04:00,https://www.bloggingtheboys.com/dallas-cowboys-roster/215789/2026-practice-squad-tracker-news-rumors,2026-08-31T00:09:20.677669+00:00
Dallas Cowboys,https://www.bloggingtheboys.com,2026 Dallas Cowboys 53-man roster officially set,The Dallas Cowboys have set their 53-man roster for the 2026 season. Quarterback (3) Running back (3) Wide receiver (6) Tight end (3) Offensive line (9) Defensive line (5) Outside linebackers (6) Inside linebackers (4) Cornerbacks (5) Safeties (6) Special teams (3) Injured Reserve (2) It is important to note that this is an initial [&#8230;],RJ Ochoa,2026-08-30T18:18:40-04:00,https://www.bloggingtheboys.com/dallas-cowboys-roster/215817/2026-dallas-cowboys-53-man-roster-officially-set,2026-08-31T00:09:20.677669+00:00
Dallas Cowboys,https://www.bloggingtheboys.com,2026 Dallas Cowboys 53-man roster tracker: News and rumors,"The Dallas Cowboys are setting their initial 53-man roster and have to be done with the cuts by 6 PM ET on August 30th. All the work done over the offseason &#8211; free agency, the draft, OTAs, minicamps, training camp, and three preseason games &#8211; will pay off with an initial 53-man roster. We say [&#8230;]",David Halprin,2026-08-30T18:03:21-04:00,https://www.bloggingtheboys.com/dallas-cowboys-roster/215787/2026-53-man-roster-tracker-cuts-trades-rumors,2026-08-31T00:09:20.677669+00:00
Dallas Cowboys,https://www.bloggingtheboys.com,Cowboys trade OT Nate Thomas to Texans for 2027 seventh-round pick,"The Dallas Cowboys have made a move. First things first, the Cowboys made a move on Saturday by acquiring Broderick Jones from the Pittsburgh Steelers. It took a third- and sixth-round pick in 2027 to do so (with a fourth-rounder coming back), but Dallas obviously felt the need to shore up their tackle depth. They [&#8230;]",RJ Ochoa,2026-08-30T16:41:56-04:00,https://www.bloggingtheboys.com/dallas-cowboys-roster/216155/trade-nate-thomas-texans-seventh-round-pick,2026-08-31T00:09:20.677669+00:00
Dallas Cowboys,https://www.bloggingtheboys.com,Cowboys countdown to kickoff: Top 100 iconic games &#8211; Day 14,It is Day 14 of our 100-day countdown to kickoff. We are looking back at the 100 most iconic games in Dallas Cowboys history. The countdown will leads us right up to the opening game of 2026. Our look back doesn’t depend on just one criteria for our rankings. We take into consideration things like [&#8230;],Mike Poland,2026-08-30T15:30:00-04:00,https://www.bloggingtheboys.com/dallas-cowboys-history/215993/countdown-to-kickoff-top-100-iconic-games-day-14,2026-08-31T00:09:20.677669+00:00
Dallas Cowboys,https://www.bloggingtheboys.com,"2027 Dallas Cowboys draft pick list, following Broderick Jones trade","How many draft picks do the Dallas Cowboys have in 2027? Maybe you know that answer off the top of your head, but if you don’t then we are here to help you out. On Saturday, the Cowboys made a deal with the Pittsburgh Steelers, and their draft capital for next year was impacted as [&#8230;]",RJ Ochoa,2026-08-30T14:00:00-04:00,https://www.bloggingtheboys.com/dallas-cowboys-draft/216060/2027-draft-picks-broderick-jones-trade,2026-08-31T00:09:20.677669+00:00
Dallas Cowboys,https://www.bloggingtheboys.com,This is the best part of the Broderick Jones trade for Dallas,The Dallas Cowboys struck a deal on Saturday evening. They agreed to send third- and sixth-round picks in 2027 to the Pittsburgh Steelers in exchange for offensive tackle Broderick Jones and a fourth-rounder in the same draft. Interestingly the sixth headed to Pittsburgh originally belonged to them and only found Dallas’ hands by way of [&#8230;],RJ Ochoa,2026-08-30T12:30:00-04:00,https://www.bloggingtheboys.com/dallas-cowboys-roster/216056/broderick-jones-takeaway-positive,2026-08-31T00:09:20.677669+00:00
Dallas Cowboys,https://www.bloggingtheboys.com,Cowboys don’t go down without 2nd-half fight in preseason finale vs Saints,"The 2026 Dallas Cowboys preseason is in the books, ending with a 27-24 home loss to the New Orleans Saints from AT&#38;T Stadium on Friday night. The Cowboys were road warriors this preseason, winning at the Seahawks and the Cardinals but losing in Arlington, and now will look forward to starting their season on the [&#8230;]",Sean Martin,2026-08-30T10:30:00-04:00,https://www.bloggingtheboys.com/dallas-cowboys-preseason/216019/preseason-finale-saints-sam-williams-tyrus-wheat-camden-brown,2026-08-31T00:09:20.677669+00:00
Dallas Cowboys,https://www.bloggingtheboys.com,The surprising Cowboys player who leads in total preseason snaps,"You’ve read the title of this post, so you’re fairly sure the Cowboys’ leader in preseason snaps is a down-roster player you probably haven’t heard much of. But do you think you can at least figure out which position that player is playing? Perhaps it’s a down-roster defensive back with tons of special teams snaps? [&#8230;]",One Cool Customer,2026-08-30T09:00:00-04:00,https://www.bloggingtheboys.com/dallas-cowboys-analysis/216004/preseason-snaps-leader-drew-shelton-anthony-smith-special-teams,2026-08-31T00:09:20.677669+00:00
Dallas Cowboys,https://www.bloggingtheboys.com,Cowboys news: Cowboys trade for veteran OT,"The Dallas Cowboys concluded their preseason, and feeling unsettled about their team, added some offensive tackle help. Also, a look at who showed out in the finale and who hurt their chances. In injury news, the Cowboys lose a third-year veteran who was looking to make the team. Then, would the Cowboys put one of [&#8230;]",LP Cruz,2026-08-30T07:00:00-04:00,https://www.bloggingtheboys.com/dallas-cowboys-news/216054/trade-for-veteran-ot-broderick-jones-roster-moves,2026-08-31T00:09:20.677669+00:00
Denver Broncos,https://www.milehighreport.com,Denver Broncos Announce 2026 53-Man Roster,"The Denver Broncos have trimmed their roster down from 91 players to 53 and now have their initial 53-man roster for the 2026 season. Now, we could see a few minor changes in the coming days, but for now, this is your Broncos 53-man roster heading into Week 1 of the 2026 regular season. We [&#8230;]",Scotty Payne,2026-08-30T19:32:09-04:00,https://www.milehighreport.com/denver-broncos-roster/183797/broncos-2026-53-man-roster,2026-08-31T00:09:20.677669+00:00
Denver Broncos,https://www.milehighreport.com,"Broncos Roster Cuts Tracker 2026: News, Trades &#038; Updates","With training camp and all three preseason games now complete, the next order of business is trimming the roster from 90 players to 53. In the past, there were two prior smaller cut-down dates, but this year, it is all happening at once. So, by Sunday, August 30, 2026, at 4:00 p.m. MT, the Denver [&#8230;]",Scotty Payne,2026-08-30T19:18:53-04:00,https://www.milehighreport.com/denver-broncos-roster/183007/53-man-roster-cuts-live-tracker-2026,2026-08-31T00:09:20.677669+00:00
Denver Broncos,https://www.milehighreport.com,Frank Crum placed on injured reserve to begin season,"During the roster cutdown process, the Denver Broncos placed third-year offensive tackle Frank Crum on injured reserve according to the team’s official website. This allowed the Broncos to meet the 53-man roster requirement prior to the 6:00 PM (EST) deadline this evening. Crum suffered a leg injury in the preseason Week 2 game against the [&#8230;]",Christopher Hart,2026-08-30T19:15:00-04:00,https://www.milehighreport.com/denver-broncos-news/184008/frank-crum-placed-on-injured-reserve-to-begin-season,2026-08-31T00:09:20.677669+00:00
Denver Broncos,https://www.milehighreport.com,Denver Broncos have released offensive lineman Calvin Throckmorton,The Denver Broncos have announced they released offensive lineman Calvin Throckmorton today.  Throckmorton entered the league as an undrafted free agent after the 2020 NFL Draft. He was picked up by then-New Orleans Saints head coach Sean Payton and remained with the team through 2023. He bounced around before rejoining Payton in Denver in 2024. [&#8230;],Tim Lynch,2026-08-30T19:12:34-04:00,https://www.milehighreport.com/denver-broncos-roster/184019/denver-broncos-have-released-offensive-lineman-calvin-throckmorton,2026-08-31T00:09:20.677669+00:00
Denver Broncos,https://www.milehighreport.com,Denver Broncos have waived wide receiver Dane Key,The Denver Broncos have announced that they have waived wide receiver Dane Key today.  Key arrived in Denver as an undrafted rookie free agent from Nebraska. He got a serious look in the preseason and made a few good plays. He is similar to Pat Bryant in playstyle and will need to lean on that [&#8230;],Tim Lynch,2026-08-30T19:10:07-04:00,https://www.milehighreport.com/denver-broncos-roster/184016/denver-broncos-have-waived-wide-receiver-dane-key,2026-08-31T00:09:20.677669+00:00
Denver Broncos,https://www.milehighreport.com,Denver Broncos have waived defensive tackle Kristian Williams,"The Denver Broncos have announced that they have waived defensive tackle Kristian Williams today.  Williams signed as an undrafted free agent after the 2025 NFL Draft. In three seasons at Missouri he started 35 games and totaled 80 tackles, 11 tackles for loss, two sacks, and four forced fumbles. An injury in 2025 preseason led [&#8230;]",Tim Lynch,2026-08-30T19:08:21-04:00,https://www.milehighreport.com/denver-broncos-roster/184003/denver-broncos-have-waived-defensive-tackle-kristian-williams,2026-08-31T00:09:20.677669+00:00
Denver Broncos,https://www.milehighreport.com,"Denver Broncos have waived cornerback Sean Fresch, Jr.","The Denver Broncos have announced that they have waived cornerback Sean Fresch, Jr. today.  Fresch Jr. joined the team after playing in the UFL for the St. Louis Battlehawks where he led punt return yards this past season. He was a late addition to the roster after the UFL season ended and was considered a [&#8230;]",Tim Lynch,2026-08-30T19:06:36-04:00,https://www.milehighreport.com/denver-broncos-roster/184010/denver-broncos-have-waived-cornerback-sean-fresch-jr,2026-08-31T00:09:20.677669+00:00
Denver Broncos,https://www.milehighreport.com,Denver Broncos have waived running back Cody Schrader,"The Denver Broncos have announced that they have waived running back Cody Schrader today.  Schrader was claimed off waivers by Denver in December and signed a futures contract in January after brief stints with the San Francisco 49ers, Los Angeles Rams, Jacksonville Jaguars, and Houston Texans. He was an undrafted free agent out of Missouri [&#8230;]",Tim Lynch,2026-08-30T19:04:56-04:00,https://www.milehighreport.com/denver-broncos-roster/183975/denver-broncos-have-waived-running-back-cody-schrader,2026-08-31T00:09:20.677669+00:00
Denver Broncos,https://www.milehighreport.com,Denver Broncos waive wide receiver Michael Bandy,"According to Parker Gabriel of the Denver Post, the Denver Broncos have waived wide receiver Michael Bandy today.  Bandy spent much of his time with the Broncos on the practice squad, but did get offensive snaps in four games last season along with his first NFL touchdown. The wide receiver room is pretty stacked, though, [&#8230;]",Tim Lynch,2026-08-30T18:47:56-04:00,https://www.milehighreport.com/denver-broncos-roster/183998/denver-broncos-waive-wide-receiver-michael-bandy,2026-08-31T00:09:20.677669+00:00
Denver Broncos,https://www.milehighreport.com,Denver Broncos have placed TE Caleb Lohner on injured reserve,"According to Parker Gabriel of the Denver Post, the Denver Broncos have placed former seventh-round 2025 NFL Draft pick tight end Caleb Lohner on injured reserve.  Lohner was a basketball player who made a late transition to football in college. His measurables are off the charts for tight end, but he&#8217;ll likely need more development [&#8230;]",Tim Lynch,2026-08-30T18:45:47-04:00,https://www.milehighreport.com/denver-broncos-roster/183991/denver-broncos-have-placed-te-caleb-lohner-on-injured-reserve,2026-08-31T00:09:20.677669+00:00
Detroit Lions,https://www.prideofdetroit.com,"Lions to place Brian Branch, Kerby Joseph on reserve/PUP, both to miss 4 games","As part of their roster cutdowns on Sunday, the Detroit Lions placed both starting safeties Kerby Joseph and Brian Branch on the reserve/Physically Unable to Perform (PUP) list per several reports. That means both players won’t count against the 53-man roster, but both are now ineligible to play in Detroit’s first four games of the [&#8230;]",Jeremy Reisman,2026-08-30T18:23:53-04:00,https://www.prideofdetroit.com/detroit-lions-news/171277/detroit-lions-place-brian-branch-kerby-joseph-reserve-pup-miss-4-games,2026-08-31T00:09:20.677669+00:00
Detroit Lions,https://www.prideofdetroit.com,"Detroit Lions make decision on backup QB job, waive Luke Altmyer","The Detroit Lions officially have a winner for the backup quarterback job. According to Tom Pelissero, the Lions are waiving undrafted rookie quarterback Luke Altmyer, and veteran Josh Dobbs will back up Jared Goff this season. While Altmyer had an impressive training camp for an undrafted rookie, the writing for the backup job seemed on [&#8230;]",Jeremy Reisman,2026-08-30T18:15:03-04:00,https://www.prideofdetroit.com/detroit-lions-news/171366/detroit-lions-make-decision-on-backup-qb-job-waive-luke-altmyer,2026-08-31T00:09:20.677669+00:00
Detroit Lions,https://www.prideofdetroit.com,Detroit Lions waiving CB Nick Whiteside,"In another move few saw coming, the Detroit Lions are reportedly waiving cornerback Nick Whiteside, per Nolan Bianchi Early in camp, Whiteside was one of the best cornerbacks on the field. He went from the bottom of the depth chart to earning some reps with the first-team defense, and he didn’t look out of place. [&#8230;]",Jeremy Reisman,2026-08-30T17:43:40-04:00,https://www.prideofdetroit.com/detroit-lions-news/171336/detroit-lions-roster-cuts-waiving-cb-nick-whiteside,2026-08-31T00:09:20.677669+00:00
Detroit Lions,https://www.prideofdetroit.com,Detroit Lions to release veteran WR Greg Dortch,"In the biggest surprise of early announced cuts, the Detroit Lions are apparently parting ways with veteran receiver Greg Dortch, per Tom Pelissero. For most of training camp and the preseason, Dortch was the presumed WR4 behind the starting three receivers. Because of his history alongside Lions offensive coordinator Drew Petzing and his strength as [&#8230;]",Jeremy Reisman,2026-08-30T17:30:43-04:00,https://www.prideofdetroit.com/detroit-lions-news/171317/detroit-lions-to-release-veteran-wr-greg-dortch,2026-08-31T00:09:20.677669+00:00
Detroit Lions,https://www.prideofdetroit.com,"Detroit Lions roster cuts: Veteran LB, young TE among first moves","The Detroit Lions roster cuts have finally begun late Sunday afternoon. According to Dave Birkett, the Lions are releasing veteran linebacker Troy Reeder, and per Nolan Bianchi, they are waiving tight end Zach Horton. Reeder was among several veteran linebackers in competition for a final roster spot. A seven-year veteran with loads of special teams [&#8230;]",Jeremy Reisman,2026-08-30T15:38:03-04:00,https://www.prideofdetroit.com/detroit-lions-news/171291/detroit-lions-roster-cuts-veteran-lb-young-te-among-first-moves,2026-08-31T00:09:20.677669+00:00
Detroit Lions,https://www.prideofdetroit.com,"2026 Detroit Lions practice squad, waiver wire tracker","The Detroit Lions are in the midst of making several difficult decisions as they must reduce their roster from 91 to 53 players by 6 p.m. ET on Sunday night. But the Lions won’t have time to rest because, in the 24 hours after cutdowns, they must also go through the league’s waiver wire process, [&#8230;]",Erik Schlitt,2026-08-30T10:00:00-04:00,https://www.prideofdetroit.com/detroit-lions-roster/24481030/2026-detroit-lions-practice-squad-waiver-wire-tracker,2026-08-31T00:09:20.677669+00:00
Detroit Lions,https://www.prideofdetroit.com,2026 Detroit Lions final roster bubble predictions on defense,"The Detroit Lions have a ton of decisions to make on Sunday afternoon, as the deadline to get to roster to 53 players is 6 p.m. ET. And, personally, I believe most of the tough decisions are on the defensive side of the ball. That’s highlighted by our final edition of 2026 Detroit Lions Bubble [&#8230;]",Jeremy Reisman,2026-08-30T08:59:35-04:00,https://www.prideofdetroit.com/detroit-lions-analysis/171247/2026-detroit-lions-final-roster-bubble-predictions-on-defense,2026-08-31T00:09:20.677669+00:00
Detroit Lions,https://www.prideofdetroit.com,Final predictions for 2026 Detroit Lions roster bubble players on offense,"With the final preseason game in the books, it&#8217;s decision time for the Detroit Lions. For months, players have made their case for the 53-man roster both on and off the field, and by 6 p.m. ET on Sunday, the Lions must make those final decisions. On Saturday night, our staff made those same tough [&#8230;]",Jeremy Reisman,2026-08-30T08:00:00-04:00,https://www.prideofdetroit.com/detroit-lions-analysis/171241/final-predictions-for-2026-detroit-lions-roster-bubble-players-on-offense,2026-08-31T00:09:20.677669+00:00
Detroit Lions,https://www.prideofdetroit.com,What is the Detroit Lions’ toughest 53-man roster decision?,"Welcome to the worst day on the entire NFL calendar. On Sunday, by 6 p.m. ET, all 32 NFL teams must shave their roster down to 53 players. For teams that carried 90 men for months, that means ending the dreams of 37 players per team—or 1,184 people losing their jobs. Sure, nearly half of [&#8230;]",Jeremy Reisman,2026-08-30T06:43:18-04:00,https://www.prideofdetroit.com/detroit-lions-discussion/171234/2026-detroit-lions-roster-cuts-3-toughest-decisions,2026-08-31T00:09:20.677669+00:00
Detroit Lions,https://www.prideofdetroit.com,NFL waiver wire explained: Which Detroit Lions are impacted,"The NFL and the Detroit Lions will close out their preseason on Saturday, and by 6 p.m. ET Sunday, teams must reduce their rosters to 53 players. For the Lions, that will mean removing 38 players from their 91-man offseason roster, a daunting task that will need to be accomplished in roughly 24 hours after [&#8230;]",Erik Schlitt,2026-08-29T20:00:00-04:00,https://www.prideofdetroit.com/detroit-lions-roster/170977/nfl-waiver-wire-explained-which-detroit-lions-are-impacted,2026-08-31T00:09:20.677669+00:00
Green Bay Packers,https://www.acmepackingcompany.com,Green Bay Packers announce initial 53-man roster of 2026,"After much debate, the Green Bay Packers announced their first 53-man roster of the 2026 season after a day full of news. We’ll go position by position, showing you who made the team and the big information of the day. Quarterback Earlier today, the Packers traded third-string quarterback Kyle McCord to the Miami Dolphins for [&#8230;]",Justis Mosqueda,2026-08-30T18:46:26-04:00,https://www.acmepackingcompany.com/green-bay-packers-news/85690/green-bay-packers-announce-initial-53-man-roster-of-2026,2026-08-31T00:09:20.677669+00:00
Green Bay Packers,https://www.acmepackingcompany.com,Packers Roster Cut Tracker 2026,"Sunday, August 30th is a big day for the NFL this year. In 2026, the league has set the deadline for teams to cut their rosters down from 90 players to 53 for Sunday at 6:00 PM Eastern Time (5:00 Central), an odd time compared to recent deadlines. Recent years have seen the league require [&#8230;]","Evan ""Tex"" Western",2026-08-30T18:32:43-04:00,https://www.acmepackingcompany.com/green-bay-packers-roster/85259/packers-roster-cut-tracker-2026,2026-08-31T00:09:20.677669+00:00
Green Bay Packers,https://www.acmepackingcompany.com,Packers trade for Rams TE Mark Redman,"The Green Bay Packers have traded for former Los Angeles Rams tight end Mark Redman, according to NFL insider Jordan Schultz. Redman, who played at Washington, San Diego State and Louisville at the college level, was signed as an undrafted free agent in 2025. So far, Redman hasn’t been active in an NFL regular-season game. [&#8230;]",Justis Mosqueda,2026-08-30T16:05:55-04:00,https://www.acmepackingcompany.com/green-bay-packers-news/85645/packers-trade-for-rams-te-mark-redman,2026-08-31T00:09:20.677669+00:00
Green Bay Packers,https://www.acmepackingcompany.com,Packers Practice Squad Tracker 2026: Follow all the reports &#038; signings,"A 53-man roster isn’t the only thing that NFL teams need to decide on this week. The league’s cutdown deadline from 90 to 53 will come and go on Sunday afternoon, and on Monday it will be time for teams to begin assembling the other major piece of their rosters: the practice squad. Over the [&#8230;]","Evan ""Tex"" Western",2026-08-30T15:58:58-04:00,https://www.acmepackingcompany.com/green-bay-packers-roster/85280/packers-practice-squad-tracker-2026-follow-all-the-reports-signings,2026-08-31T00:09:20.677669+00:00
Green Bay Packers,https://www.acmepackingcompany.com,Packers RB Josh Jacobs placed on the NFL’s commissioner exempt list,"ESPN’s Adam Schefter is reporting that Green Bay Packers running back Josh Jacobs is being placed on the NFL’s commissioner exempt list, which means that he will not start on the team’s 53-man roster to open the season. At the time, there is no timeframe for a Jacobs suspension following the news earlier this week [&#8230;]",Justis Mosqueda,2026-08-30T15:26:09-04:00,https://www.acmepackingcompany.com/green-bay-packers-news/85639/packers-rb-josh-jacobs-placed-on-the-nfls-commissioner-exempt-list,2026-08-31T00:09:20.677669+00:00
Green Bay Packers,https://www.acmepackingcompany.com,Packers trade for RB Kaleb Johnson at cutdown deadline,"The Green Bay Packers have added depth to their running back room on Sunday, as they’ve traded for former Pittsburgh Steelers running back Kaleb Johnson. Johnson, a 23-year-old, was a third-round pick for the Steelers coming out of Iowa last season. Johnson ended up buried on Pittsburgh’s dept chart, though, following the team’s signings of [&#8230;]",Justis Mosqueda,2026-08-30T14:56:32-04:00,https://www.acmepackingcompany.com/green-bay-packers-news/85628/packers-trade-for-rb-kaleb-johnson-at-cutdown-deadline,2026-08-31T00:09:20.677669+00:00
Green Bay Packers,https://www.acmepackingcompany.com,Green Bay Packers officially win the Zaire Franklin-Colby Wooden trade,"Earlier this offseason, the Green Bay Packers traded defensive lineman Colby Wooden, who was going into the final year of his rookie contract, for then-Indianapolis Colts linebacker Zaire Franklin. Since joining the Packers, Franklin has been the team’s starting Mike after Quay Walker signed with the Las Vegas Raiders in free agency, received a new contract and was [&#8230;]",Justis Mosqueda,2026-08-30T13:25:05-04:00,https://www.acmepackingcompany.com/green-bay-packers-news/85622/green-bay-packers-officially-win-the-zaire-franklin-colby-wooden-trade,2026-08-31T00:09:20.677669+00:00
Green Bay Packers,https://www.acmepackingcompany.com,Packers waive rookie draft pick Domani Jackson,"The Green Bay Packers are waiving rookie cornerback Domani Jackson at the cutdown deadline, according to CBS Sports’ Matt Zenitz. Jackson, who was taken 201st overall in the draft by the team in April, had a poor performance in Green Bay’s preseason finale against the Arizona Cardinals after looking alright in his Week 2 debut. [&#8230;]",Justis Mosqueda,2026-08-30T12:41:57-04:00,https://www.acmepackingcompany.com/green-bay-packers-news/85605/packers-waive-rookie-draft-pick-domani-jackson,2026-08-31T00:09:20.677669+00:00
Green Bay Packers,https://www.acmepackingcompany.com,Packers preseason star Kyle McCord traded to Miami Dolphins,"You could argue that no one had a better preseason for the Green Bay Packers than quarterback Kyle McCord, who was able to put up a 102.4 passer rating after completing 46 of 70 passes for 446 yards and four touchdowns. McCord had a fairly quick rise in Green Bay, as he was battling for [&#8230;]",Justis Mosqueda,2026-08-30T12:13:23-04:00,https://www.acmepackingcompany.com/green-bay-packers-news/85592/packers-preseason-star-kyle-mccord-traded-to-miami-dolphins,2026-08-31T00:09:20.677669+00:00
Green Bay Packers,https://www.acmepackingcompany.com,Packers’ special teams units passed their preseason test,"The Packers’ renovated their special teams operation this offseason, and their reworked approach is already paying dividends. Gone is Rich Bisaccia, embattled coordinator of (kind of) underperforming special teams units. Now those phases of the game fall under the purview of Cam Achord, recently of the New York Giants. How are things going so far? [&#8230;]",Jon Meerdink,2026-08-30T11:36:31-04:00,https://www.acmepackingcompany.com/green-bay-packers-analysis/85587/packers-special-teams-units-passed-their-preseason-test,2026-08-31T00:09:20.677669+00:00
Houston Texans,https://www.battleredblog.com,The Day After the Day After: Houston Texans lose 16-13 at Carolina Panthers to end their preseason,"Preseason games are done, but the work is only beginning. Finally, the preseason is over. The last few games will wrap up this weekend and then teams immediately roll into trimming the rosters. The only people who will be stressing as much as those players on the roster bubbles will be the front offices. Not [&#8230;]",l4blitzer,2026-08-30T07:00:00-04:00,https://www.battleredblog.com/houston-texans-analysis/77223/the-day-after-the-day-after-houston-texans-lose-16-13-at-carolina-panthers-to-end-their-preseason,2026-08-31T00:09:20.677669+00:00
Houston Texans,https://www.battleredblog.com,Texans drop final preseason game to Panthers 16-13,"If you sat down to watch the third Texans’ preseason game and watched the entire thing, you get nothing but respect from me. Because this game was just difficult to watch. No starters played, as was expected because who wants to put starters at risk for a meaningless game, but there were things that we [&#8230;]",Patrick Haughton,2026-08-28T22:35:34-04:00,https://www.battleredblog.com/houston-texans-discussion/77219/texans-drop-final-preseason-game-to-panthers-16-13,2026-08-31T00:09:20.677669+00:00
Houston Texans,https://www.battleredblog.com,NFL Preseason Week 3: Houston Texans at Carolina Panthers,"It seems only fair to end the preseason that we let another team host a Houston Texans preseason game. The Texans have traversed the Appalachians and arrived in Charlotte to take on the Panthers in a game that will make the difference between who makes the roster and who doesn’t (gee, how insightful), so expect [&#8230;]",Patrick Haughton,2026-08-28T18:29:12-04:00,https://www.battleredblog.com/houston-texans-discussion/77216/nfl-preseason-week-3-houston-texans-at-carolina-panthers,2026-08-31T00:09:20.677669+00:00
Houston Texans,https://www.battleredblog.com,Who’s on the Outside Looking In Before Houston’s Final Preseason Game,"The opportunities to impress this coaching staff have dwindled with one preseason game left before the 53-man roster cutdowns. Friday’s game against the Carolina Panthers represents the final opportunity for players to put compelling tape together and earn a spot on this roster. Given the number of injuries this training camp, there are more roster [&#8230;]",Kenneth Levy,2026-08-28T09:52:00-04:00,https://www.battleredblog.com/nfl-roster-cuts/77203/whos-on-the-outside-looking-in-before-houstons-final-preseason-game,2026-08-31T00:09:20.677669+00:00
Houston Texans,https://www.battleredblog.com,Value of Things: Nick Caserio growing in the job,"There are three things that people know about me if they are regular readers of this feature. These three things intersect here in one spot, so I thought it was a good time to talk about them for those that are joining us for the first time. The first thing is that writing is not [&#8230;]",Scott Barzilla,2026-08-25T12:09:00-04:00,https://www.battleredblog.com/houston-texans-analysis/77198/value-of-things-nick-caserio-growing-in-the-job,2026-08-31T00:09:20.677669+00:00
Houston Texans,https://www.battleredblog.com,Houston Texans 53-man roster prediction post-Boutte trade,This is the second-to-last Rosterology before the 53-man roster cut down. There has been a TON of roster movement over the past 72 hours which has impacted the Rosterology in an immense way. This is easily the most unsettled a Texans roster has been heading into the final preseason game in quite a while. The [&#8230;],Kenneth Levy,2026-08-25T10:30:00-04:00,https://www.battleredblog.com/nfl-training-camp/76929/houston-texans-53-man-roster-prediction-post-boutte-trade,2026-08-31T00:09:20.677669+00:00
Houston Texans,https://www.battleredblog.com,Houston Texans Wide Receiver Room Update,"The Houston Texans took a massive hit at wide receiver last week when promising second-year wide receiver Jayden Higgins suffered a season-ending torn ACL. General manager Nick Caserio responded quickly, adding veteran wide receivers Zay Jones and Sterling Shepard. While both additions provided much-needed depth at training camp, it still felt like Houston needed another [&#8230;]",Nickschwager,2026-08-24T19:29:42-04:00,https://www.battleredblog.com/houston-texans-depth-chart/77185/houston-texans-wide-receiver-room-update,2026-08-31T00:09:20.677669+00:00
Houston Texans,https://www.battleredblog.com,TRADE! Texans trade for Patriots WR Kayshon Boutte,"There is a term in Texas no-limit hold’em poker when you bet all the money you have on your hand in a single bet. Most people know it, but for the uninitiated, it’s called going “all in.” Going all in can be a sign of desperation, such as when a player has very little money [&#8230;]",Patrick Haughton,2026-08-24T16:39:09-04:00,https://www.battleredblog.com/houston-texans-news/77178/trade-texans-trade-for-patriots-wr-kayshon-boutte,2026-08-31T00:09:20.677669+00:00
Houston Texans,https://www.battleredblog.com,Five Texans Appear on NFL Top 100,"Over the course of last week, the NFL revealed #20-11 on the NFL’s Top 100 Players of 2026 rankings. If you haven’t heard of it before, this list is a ranking of the “best 100 players currently in the NFL as voted on by active players,” and is yet another accolade for these tenaciously talented [&#8230;]",fizzyjoe,2026-08-24T13:31:19-04:00,https://www.battleredblog.com/houston-texans-news/77161/five-texans-appear-on-nfl-top-100,2026-08-31T00:09:20.677669+00:00
Indianapolis Colts,https://www.stampedeblue.com,Colts announce official initial 53-man active roster,"The Indianapolis Colts have officially announced their initial active 53-man roster, and here’s one of the first looks, as they trimmed down their group from 90 players at the league’s 6 PM EST deadline: OFFENSE DEFENSE Defensive Line: The Colts pair of ‘Day 3’ rookie edges: George Gumbs Jr. and Caden Curry both made the [&#8230;]",Luke Schultheis,2026-08-30T19:31:56-04:00,https://www.stampedeblue.com/indianapolis-colts-news/127033/colts-announce-official-initial-active-53-man-roster,2026-08-31T00:09:20.677669+00:00
Indianapolis Colts,https://www.stampedeblue.com,Evaluating Anthony Richardson’s Preseason: What does AR’s future look like in Indy in 2026?,"Anthony Richardson’s tenure with the Colts has been nothing but mundane. A rollercoaster that produced some jaw dropping highs, but also some really embarrassing and painful lows. Year 3 was essentially a redshirt year for Anthony Richardson, a bit backwards in terms of standard development, but I do think it gave him a chance to [&#8230;]",coltsfilmroom,2026-08-30T19:30:57-04:00,https://www.stampedeblue.com/indianapolis-colts-analysis/127022/evaluating-anthony-richardsons-preseason-what-does-ars-future-look-like-in-indy-in-2026,2026-08-31T00:09:20.677669+00:00
Indianapolis Colts,https://www.stampedeblue.com,Colts have reportedly made a decision regarding offseason kicking competition,"According to NFL Network’s Mike Garafolo, the Indianapolis Colts are releasing kicker Blake Grupe, as returning kicker Spencer Shrader has won their kicking job after a strong preseason showing, especially from long distance: While Grupe, who kicked in relief of Shrader last season after his season-ending injury, was close to automatic in training camp, he [&#8230;]",Luke Schultheis,2026-08-30T17:11:56-04:00,https://www.stampedeblue.com/indianapolis-colts-news/127028/colts-have-reportedly-made-a-decision-regarding-offseason-kicking-competition,2026-08-31T00:09:20.677669+00:00
Indianapolis Colts,https://www.stampedeblue.com,NFL waiver wire rules and order for Colts fans,"As NFL team’s trim their active rosters down to the final 53-man requirement, there will be a number of players that will be hitting the league’s waiver fire and thus, subject to potential claim (or even signing) by the Indianapolis Colts. Specifically, with the acquisition of backup center Sedrick Van Pran-Granger earlier Sunday morning, the [&#8230;]",Luke Schultheis,2026-08-30T11:40:25-04:00,https://www.stampedeblue.com/indianapolis-colts-news/126997/nfl-waiver-wire-rules-and-order-for-colts-fans,2026-08-31T00:09:20.677669+00:00
Indianapolis Colts,https://www.stampedeblue.com,2026 Colts unofficial final 53-man roster cut tracker,"The NFL mandated 53-man roster cut deadline is later Sunday evening at 6 PM EST, and rosters cuts are already underway for the Indianapolis Colts—as they trim their roster to meet that required quota. We’ll keep you updated on the team’s latest roster cuts as they come in:",Luke Schultheis,2026-08-30T11:28:40-04:00,https://www.stampedeblue.com/indianapolis-colts-news/126994/2026-colts-unofficial-final-53-man-roster-cut-tracker,2026-08-31T00:09:20.677669+00:00
Indianapolis Colts,https://www.stampedeblue.com,Colts announce trade with Bills for much needed backup center,"On Sunday morning, the Indianapolis Colts announced a trade with the Buffalo Bills, in which the Colts will send 2027 6th round pick and receive Bills backup center Sedrick Van Pran-Granger and a 2027 7th round pick: This is one, where at the very least, everyone reasonably expected Indianapolis to be very active on the [&#8230;]",Luke Schultheis,2026-08-30T11:20:22-04:00,https://www.stampedeblue.com/indianapolis-colts-news/126987/colts-announce-trade-with-bills-for-much-needed-backup-center,2026-08-31T00:09:20.677669+00:00
Indianapolis Colts,https://www.stampedeblue.com,Colts wideout Keenan Allen reportedly arrested downtown on drunk driving charges,"According to multiple sources, Indianapolis Colts veteran wideout Keenan Allen was reportedly arrested early this morning in downtown Indianapolis for drunk driving (per Fox59’s Angela Ganote): The Athletic’s James Boyd has reported that he has been charged with two misdemeanors, according to online jail records. He was arrested on preliminary charges of DWI and DUI, [&#8230;]",Luke Schultheis,2026-08-30T08:00:04-04:00,https://www.stampedeblue.com/indianapolis-colts-news/126976/colts-wideout-keenan-allen-reportedly-arrested-in-downtown-indy-on-drunk-driving-charges,2026-08-31T00:09:20.677669+00:00
Indianapolis Colts,https://www.stampedeblue.com,Colts backup QB battle heads to split decision after preseason finale,"The Indianapolis Colts closed the preseason with a 25-16 loss to the Detroit Lions inside Lucas Oil Stadium, giving both quarterbacks vying for the backup job one final quarter to showcase why they deserve to suit up with the horseshoe on their helmet each Sunday.&#160; Detroit certainly didn’t make things easier and controlled the preseason [&#8230;]",Thomas Butler-Guerrero,2026-08-29T18:01:06-04:00,https://www.stampedeblue.com/indianapolis-colts-preseason/126952/colts-backup-qb-battle-heads-to-split-decision-after-preseason-finale,2026-08-31T00:09:20.677669+00:00
Indianapolis Colts,https://www.stampedeblue.com,"Colts fall to Lions, 25-16, in preseason finale, but backups show a bit more fight","The Indianapolis Colts are winless in this years’ preseason, finishing 0-2-1, as they fell 25-16 at home to the Detroit Lions. Of course, more important than the actual win in preseason, is how the Colts depth performed well after a disappointing showing last weekend hosting the Atlanta Falcons. Here are some takeaways from this year’s [&#8230;]",Luke Schultheis,2026-08-29T16:09:36-04:00,https://www.stampedeblue.com/indianapolis-colts-news/126948/colts-fall-to-lions-25-16-in-preseason-finale-but-backups-show-a-bit-more-fight,2026-08-31T00:09:20.677669+00:00
Indianapolis Colts,https://www.stampedeblue.com,What to Watch For: Colts host Lions for Preseason Finale,"The Indianapolis Colts (0-1-1)(-2.5) host the Detroit Lions (1-1)(+2.5) for the two teams’ preseason finale, which will kickoff shortly at 1 PM EST in the friendly confines of Lucas Oil Stadium. For those attending and otherwise viewing for potential shadows on the field, the roof will be closed today. Colts fans can watch the game [&#8230;]",Luke Schultheis,2026-08-29T12:19:11-04:00,https://www.stampedeblue.com/indianapolis-colts-news/126935/what-to-watch-for-colts-host-lions-for-preseason-finale,2026-08-31T00:09:20.677669+00:00
Jacksonville Jaguars,https://www.bigcatcountry.com,"Jaguars’ initial 53-man roster includes surprises at LB, answers at QB","The Jacksonville Jaguars finalized their initial 53-man roster for the 2026 NFL season. There weren’t any major surprises on cut day, but it was an active one for general manager James Gladstone. The Jags waived offseason playmaker Jabbar Muhammad in favor of the more experienced cornerback Christian Braswell II, upgraded at quarterback from Nick Mullens [&#8230;]",Gus Logue,2026-08-30T19:51:36-04:00,https://www.bigcatcountry.com/nfl-news/88260/jags-nfl-53-man-roster-2026-quinn-ewers-trevor-lawrence,2026-08-31T00:09:20.677669+00:00
Jacksonville Jaguars,https://www.bigcatcountry.com,Jacksonville Jaguars 2026 roster cuts tracker: Did Jabbar Muhammad make the team?,"By Sunday dinner, the number of NFL players on active rosters will drop from nearly 5,000 to 1,696. The Jacksonville Jaguars and 31 other clubs will each part with dozens of players; the favorites from that crop will earn invitations to join the practice squad. Depth charts are sure to be revised after this weekend. [&#8230;]",Gus Logue,2026-08-30T19:25:02-04:00,https://www.bigcatcountry.com/jacksonville-jaguars-news/88093/jabbar-muhammad-corey-ballentine-nfl-53-man-roster-cuts,2026-08-31T00:09:20.677669+00:00
Jacksonville Jaguars,https://www.bigcatcountry.com,Reacts Survey Results: Jaguars fans spoke Quinn Ewers trade into existence,"This week, we asked Jacksonville Jaguars fans if they’re comfortable with Nick Mullens as the backup quarterback. Most respondents said no. And wouldn’t you know it — before we could even publish the survey results, Jacksonville went ahead and made a move at the position. Former Texas Longhorns and Miami Dolphins passer Quinn Ewers is [&#8230;]",Gus Logue,2026-08-30T17:22:37-04:00,https://www.bigcatcountry.com/jacksonville-jaguars-discussion/88114/jags-fans-spoke-quinn-ewers-trade-into-existence,2026-08-31T00:09:20.677669+00:00
Jacksonville Jaguars,https://www.bigcatcountry.com,Jacksonville Jaguars 2026 practice squad tracker: Did J’Mari Taylor make the B team?,"With roster cuts beginning for the Jacksonville Jaguars and every other NFL team, practice squad invitations will be sent out shortly. Here’s a brief primer from our friends at Field Gulls. Keep track of who the Jags add to their practice squad below! Practice squad formation rules Practice squad 2026 signings Updates coming soon According [&#8230;]",Gus Logue,2026-08-30T17:00:05-04:00,https://www.bigcatcountry.com/jacksonville-jaguars-news/88109/nfl-2026-practice-squad-signing-tracker-jmari-taylor,2026-08-31T00:09:20.677669+00:00
Jacksonville Jaguars,https://www.bigcatcountry.com,Breaking Down the Jaguars’ Trade for Dolphins QB Quinn Ewers,"With the NFL&#8217;s 53-man roster deadline approaching on Sunday at 6 p.m., the Jacksonville Jaguars have made a move to add depth at quarterback. On Saturday afternoon, the team announced a trade for Miami Dolphins backup signal-caller Quinn Ewers, according to NFL Network&#8217;s Ian Rapoport and Mike Garafolo. Compensation The cost for the acquisition will [&#8230;]",Travis Holmes,2026-08-29T18:56:08-04:00,https://www.bigcatcountry.com/jacksonville-jaguars-news/88212/breaking-down-the-jaguars-trade-for-dolphins-qb-quinn-ewers,2026-08-31T00:09:20.677669+00:00
Jacksonville Jaguars,https://www.bigcatcountry.com,Jacksonville Jaguars Winners And Losers From Preseason Week 3: Jags Close Strong Behind Rookie Depth,"Now that’s how you play three phases of preseason football. The Jacksonville Jaguars took down the visiting Tamp Bay Buccaneers, 19-0, Friday behind three phases of solid play. The Jags got some representative offense, a special teams touchdown and 61-yard field goal as well as a turnover on defense. It was a complete departure from [&#8230;]",Henry Zimmer,2026-08-29T12:30:00-04:00,https://www.bigcatcountry.com/general/88192/jacksonville-jaguars-winners-and-losers-from-preseason-week-3-jags-close-strong-behind-rookie-depth,2026-08-31T00:09:20.677669+00:00
Jacksonville Jaguars,https://www.bigcatcountry.com,Three Reasons the Jaguars Beat the Buccaneers,"The Jacksonville Jaguars closed out the preseason with a 19-0 shutout of the Tampa Bay Buccaneers on Friday night, and while preseason results need to be treated with the appropriate amount of caution, this was more than simply a scoreline. With neither team using its starters, the game was effectively a final audition for players [&#8230;]",Simon Carroll,2026-08-29T10:59:26-04:00,https://www.bigcatcountry.com/jacksonville-jaguars-preseason/88197/three-reasons-the-jaguars-beat-the-buccaneers,2026-08-31T00:09:20.677669+00:00
Jacksonville Jaguars,https://www.bigcatcountry.com,NFL 2026 waiver wire order: Jacksonville Jaguars in unfamiliar position,"Sunday is cut day, which is always a tough one. Hundreds of players across the NFL suddenly find themselves looking for a new opportunity. For many, the next stop is the waiver wire. It gives teams the chance to claim players released by another club before they become free agents. Players with fewer than four [&#8230;]",Gus Logue,2026-08-28T23:15:00-04:00,https://www.bigcatcountry.com/jacksonville-jaguars-news/88138/nfl-2026-waiver-wire-order-james-gladstone,2026-08-31T00:09:20.677669+00:00
Jacksonville Jaguars,https://www.bigcatcountry.com,Jaguars Depth Shines in Preseason Shutout vs Buccaneers,"The Jacksonville Jaguars closed out the preseason on a high note Friday night, turning in a dominant performance from their depth players in a convincing showing against the Tampa Bay Buccaneers. Jacksonville’s defense controlled the game throughout, consistently making plays and giving the younger players an opportunity to make their case for roster spots. Several [&#8230;]",Travis Holmes,2026-08-28T22:23:49-04:00,https://www.bigcatcountry.com/game-day-threads/87842/jaguars-depth-shines-in-preseason-finale-win-vs-buccaneers,2026-08-31T00:09:20.677669+00:00
Jacksonville Jaguars,https://www.bigcatcountry.com,Jaguars vs Buccaneers: Preseason Week 3 Live Blog and Open Thread,"The Jacksonville Jaguars are home again, facing the Tampa Bay Buccaneers in Week 3 of the 2026 NFL preseason. Kickoff is at 7:30 pm EST, and you can click&#160;here&#160;to learn how to watch/listen to the game. You can also find game updates on our&#160;X/Twitter,&#160;Bluesky, and&#160;Facebook. Live Blog First quarter UDFA rookie QB Jalon Daniels started [&#8230;]",Gus Logue,2026-08-28T18:32:52-04:00,https://www.bigcatcountry.com/jacksonville-jaguars-discussion/88119/jags-bucs-preseason-week-3-live-blog,2026-08-31T00:09:20.677669+00:00
Kansas City Chiefs,https://www.arrowheadpride.com,Chiefs’ Omarr Norman-Lott to begin 2026 season on PUP list,"As we await the Kansas City Chiefs&#8216; final 53-man roster for the 2026 season, or even the initial 53-man roster as of the cutdown deadline at 5:00 p.m. on Sunday, reports have leaked out about who the front office and coaching staff plan to keep. ESPN’s Nate Taylor reported that second-year defensive tackle Marcus Harris [&#8230;]",Ron Kopp Jr.,2026-08-30T18:40:00-04:00,https://www.arrowheadpride.com/kansas-city-chiefs-news/209118/chiefs-omarr-norman-lott-begin-2026-season-pup-list,2026-08-31T00:09:20.677669+00:00
Kansas City Chiefs,https://www.arrowheadpride.com,Chiefs Analysis: What to make of the two trades for offensive linemen,"The NFL season kicks off in two weeks, and the Kansas City Chiefs wrapped up the preseason on Friday night. Final moves to trim rosters from 90 players down to 53 are due at 5:00 p.m. Arrowhead time on Sunday, August 30th. Late last week, the Chiefs traded for offensive lineman Joshua Ezeudu from the [&#8230;]",Caleb James,2026-08-30T14:00:00-04:00,https://www.arrowheadpride.com/kansas-city-chiefs-analysis/209000/chiefs-analysis-two-trades-offensive-linemen,2026-08-31T00:09:20.677669+00:00
Kansas City Chiefs,https://www.arrowheadpride.com,Chiefs final cutdown tracker: Reports and rumors ahead of Sunday’s deadline,"By 5:00 p.m. (Arrowhead Time) on Sunday, the Kansas City Chiefs must reduce their 90-man active roster by 38 players in order to get it down to the in-season limit of 53 players. The team will eventually release a complete list of all of its moves — but until then, news about some of them [&#8230;]",Jared Sapp,2026-08-30T13:15:00-04:00,https://www.arrowheadpride.com/kansas-city-chiefs-roster/208748/chiefs-final-cutdown-tracker-sundays-deadline,2026-08-31T00:09:20.677669+00:00
Kansas City Chiefs,https://www.arrowheadpride.com,Chiefs are reportedly trading for a left tackle from the Ravens,"As the Kansas City Chiefs work through cutting down the offseason roster to 53 players by Sunday’s deadline, general manager Brett Veach is active on the trade market. Earlier this week, he made a deal for an offensive lineman from the New York Giants. On Saturday evening, he reportedly made another deal. According to Mike [&#8230;]",Ron Kopp Jr.,2026-08-29T17:45:00-04:00,https://www.arrowheadpride.com/kansas-city-chiefs-news/208971/chiefs-reportedly-trading-left-tackle-ravens,2026-08-31T00:09:20.677669+00:00
Kansas City Chiefs,https://www.arrowheadpride.com,5 things we learned from the Chiefs’ final preseason game of the season,"Last week I wrote that the Kansas City Chiefs almost won the franchise’s first preseason game since 2023. Well, this week, the team still didn’t win this one, but the losing streak is over! Friday night&#8217;s game was the “rookie quarterback Garrett Nussmeier” show. And aside from one very bad interception, I thought he managed [&#8230;]",Rocky Magaña,2026-08-29T11:00:00-04:00,https://www.arrowheadpride.com/kansas-city-chiefs-analysis/208897/5-things-learned-chiefs-final-preseason-game,2026-08-31T00:09:20.677669+00:00
Kansas City Chiefs,https://www.arrowheadpride.com,Chiefs News: Brett Veach prepared to add and subtract from roster this weekend,The latest The Kansas City Chiefs finished the 2026 preseason with a 0-2-1 record after a 9-9 tie with the Seattle Seahawks on Friday night. Now general manager Brett Veach and the Chiefs’ front office will be trimming down the 91-man offseason roster to 53 players by Sunday’s deadline. Brett Veach on how Chiefs prepare [&#8230;],Ron Kopp Jr.,2026-08-29T09:00:00-04:00,https://www.arrowheadpride.com/kansas-city-chiefs-news/208936/brett-veach-preparing-add-subtract-frroster-this-weekend,2026-08-31T00:09:20.677669+00:00
Kansas City Chiefs,https://www.arrowheadpride.com,Waiver wire: Rules and where Chiefs are positioned in order,"On Sunday, all 32 NFL teams will cut their offseason rosters to 53 players, concluding the 2026 preseason. The following day, the waiver wire process will begin. Here’s what to know: When is the deadline for waiver claims? NFL teams must submit waiver claims for eligible players by 1 PM ET on Monday, August 31. That’s [&#8230;]",Ron Kopp Jr.,2026-08-29T01:15:00-04:00,https://www.arrowheadpride.com/kansas-city-chiefs-news/208917/waiver-wire-rules-chiefs-positioned-order,2026-08-31T00:09:20.677669+00:00
Kansas City Chiefs,https://www.arrowheadpride.com,7 Winners from the Chiefs’ final Preseason Game,"The Kansas City Chiefs don’t win in the preseason — but sometimes, the team doesn’t lose either! The starting defense and most of the offense took the field Friday night to give us a glimpse of what the 2026 Chiefs could look like, and it was pretty good. The defense was difficult to run on, [&#8230;]",Matt Stagner,2026-08-29T00:30:00-04:00,https://www.arrowheadpride.com/kansas-city-chiefs-analysis/208863/7-winners-chiefs-final-preseason-game,2026-08-31T00:09:20.677669+00:00
Kansas City Chiefs,https://www.arrowheadpride.com,Andy Reid gives slight update on Josh Simmons after Friday’s game,"On Friday, the Kansas City ChiIfs played to a 9-9 preseason tie with the Seatle Seahawks in their preseason finale. For many Chiefs fans, the biggest concern was on a player not actually playing in the game. Second-year tackle Josh Simmons has been absent from practice this week after being evaluated for back pain. On [&#8230;]",Jared Sapp,2026-08-29T00:00:00-04:00,https://www.arrowheadpride.com/kansas-city-chiefs-injuries/208893/andy-reid-gives-slight-update-on-josh-simmons-after-fridays-game,2026-08-31T00:09:20.677669+00:00
Las Vegas Raiders,https://www.silverandblackpride.com,Raiders initial 53-man roster notes,"The Las Vegas Raiders have set their initial 53-man roster. Here are some thoughts on the moves. It was no surprise the Raiders kept third-string quarterback Aidan O’Connell behind Kirk Cousins and Fernando Mendoza. Coach Klint Kubiak said it was a real possibility. The only question was if the Raiders would trade O’Connell. Now, it [&#8230;]",Bill Williamson,2026-08-30T19:38:00-04:00,https://www.silverandblackpride.com/las-vegas-raiders-roster/138369/raiders-initial-53-man-roster,2026-08-31T00:09:20.677669+00:00
Las Vegas Raiders,https://www.silverandblackpride.com,Raiders cut tracker 2026: Roster set,The NFL deadline for teams to get down to the initial 53-man rosters is at 3 p.m. PT Sunday. Teams are starting the process early and the Las Vegas Raiders could make cuts as soon as today. The Raiders are entering a rebuilding season—owning the third-longest odds (+500) in the AFC to make the playoffs [&#8230;],Bill Williamson,2026-08-30T19:18:40-04:00,https://www.silverandblackpride.com/las-vegas-raiders-news/136730/raiders-roster-cut-tracker-2025,2026-08-31T00:09:20.677669+00:00
Las Vegas Raiders,https://www.silverandblackpride.com,"Matt Gay has won Raiders’ kicking job, what’s next?","The Las Vegas Raiders have waived undrafted rookie kicker Kansei Matsuzawa, leaving veteran Matt Gay as the kicker heading into the regular season. Here is a look at what it means: No contest: This was supposed to be one of the top battles in the Raiders’ training camp. But it never really developed. Matsuzawa, dubbed [&#8230;]",Bill Williamson,2026-08-30T19:17:15-04:00,https://www.silverandblackpride.com/las-vegas-raiders-news/137552/raiders-news-matt-gay-tokyo-toe-kicking-competition,2026-08-31T00:09:20.677669+00:00
Las Vegas Raiders,https://www.silverandblackpride.com,Raiders trade offensive lineman to Jets,"With the deadline for the initial 53-man roster looming in just hours (3 p.m. PT), the Las Vegas Raiders are making moves. According to NFL Media, the Raiders have traded backup center/guard Jordan Meredith to the New York Jets. The Raiders are sending a 2029 seventh-round pick to New York with Meredith for a 2027 [&#8230;]",Bill Williamson,2026-08-30T14:30:10-04:00,https://www.silverandblackpride.com/las-vegas-raiders-news/138381/raiders-trade-jordan-meredith-jets,2026-08-31T00:09:20.677669+00:00
Las Vegas Raiders,https://www.silverandblackpride.com,2026 Las Vegas Raiders practice squad tracker,"The Las Vegas Raiders will likely begin to compile their 16-player practice squad later this afternoon after the waiver claim dust settles. This will be the first practice squad that first-time head coach Klint Kubiak has assembled, so it will be interesting to see who he and the coaching staff think has a potential future [&#8230;]",Bill Williamson,2026-08-30T12:01:00-04:00,https://www.silverandblackpride.com/las-vegas-raiders-roster/137445/2026-las-vegas-raiders-practice-squad-tracker,2026-08-31T00:09:20.677669+00:00
Las Vegas Raiders,https://www.silverandblackpride.com,Raiders News: CBS reports Kirk Cousins is expected to be named the starter,"The Las Vegas Raiders have been quiet about who the starting quarterback will be in Week 1. Klint Kubiak has been vauge on the topic and says he didn’t want to name a starter to keep everyone on their toes. Based on the play in the preseason and the distribution with the first team, Kirk [&#8230;]",Marcus Johnson,2026-08-30T10:00:00-04:00,https://www.silverandblackpride.com/las-vegas-raiders-news/138355/raiders-news-cbs-reports-kirk-cousins-is-expected-to-be-named-the-starter,2026-08-31T00:09:20.677669+00:00
Las Vegas Raiders,https://www.silverandblackpride.com,Raiders fans have low confidence that Mendoza starts 10 games,"The Las Vegas Raiders drafted Fernando Mendoza with plans for him to take the reins as the starting quarterback. John Spytek and Klint Kubiak believe in the young quarterback and what he can do for the franchise in the future. When it comes to putting him on the football field, the team wants to make [&#8230;]",Marcus Johnson,2026-08-29T17:30:00-04:00,https://www.silverandblackpride.com/las-vegas-raiders-odds/138342/raiders-fans-have-low-confidence-that-mendoza-starts-10-games,2026-08-31T00:09:20.677669+00:00
Las Vegas Raiders,https://www.silverandblackpride.com,Raiders News: Klint Kubiak won&#8217;t commit to naming the starting QB,The Las Vegas Raiders just finished their last football game of the preseason with an 18-12 loss. It is now time for the Raiders to cut their roster to the final 53 and get ready for the Miami Dolphins. The biggest part of the 53 is picking the starting quarterback. The Raiders have Kirk Cousins [&#8230;],Marcus Johnson,2026-08-29T10:00:00-04:00,https://www.silverandblackpride.com/las-vegas-raiders-news/138309/raiders-news-klint-kubiak-wont-commit-to-naming-the-starting-qb,2026-08-31T00:09:20.677669+00:00
Las Vegas Raiders,https://www.silverandblackpride.com,"Improved Raiders defense, Mike Washington Jr. shine in preseason finale","A preseason finale is often the time where roster hopefuls dominate the snap counts and a team’s personnel crew get insight on who to keep and who to cut when NFL teams go from 90-man rosters to the 53-man version for the regular season. For rookie head coach Klint Kubiak, though, the exhibition slate against [&#8230;]",Ray Aspuria,2026-08-28T17:45:00-04:00,https://www.silverandblackpride.com/las-vegas-raiders-preseason/137962/raiders-2026-49ers-preseason-game-review,2026-08-31T00:09:20.677669+00:00
Las Vegas Raiders,https://www.silverandblackpride.com,Fernando Mendoza finishes preseason with 2nd interception in Las Vegas Raiders-San Francisco 49ers matchup,"Nothing says preseason football quite like a game with 10 field goals and no touchdowns, as the Las Vegas Raiders fell to the San Francisco 49ers 18-12. That drops the Raiders to 1-2 over the last three weeks, officially wraps up training camp, and sets up the final winners and losers before the regular season. [&#8230;]",Matt Holder,2026-08-28T13:05:00-04:00,https://www.silverandblackpride.com/las-vegas-raiders-preseason/138247/las-vegas-raiders-preseason-49ers-winners-losers-fernando-mendoza,2026-08-31T00:09:20.677669+00:00
Los Angeles Rams,https://www.turfshowtimes.com,6 things we learned from the Rams’ 53-man roster,"The preseason is over. The Los Angeles Rams just finalized their initial 53-man roster. The regular season is right around the corner. But before we turn our attention to Week 1 against the San Francisco 49ers in Melbourne, Australia, let’s first take a deep dive into the newly minted roster and see what we can [&#8230;]",JB Scott,2026-08-30T20:00:00-04:00,https://www.turfshowtimes.com/los-angeles-rams-roster/147574/rams-53-man-roster-takeaways-reaction,2026-08-31T00:09:20.677669+00:00
Los Angeles Rams,https://www.turfshowtimes.com,Aaron Donald’s return to Rams is like Michael Jordan and Bulls,"“I’m Back.” Some sports moments transcend a single franchise. They become defining moments for an entire generation of fans. Michael Jordan returning to the Chicago Bulls after his first retirement remains one of those moments. Jordan’s simple two-word statement—&#8221;I&#8217;m back.&#8221;—sent shockwaves throughout the sports world and immediately transformed championship expectations. Now, Aaron Donald is creating [&#8230;]",Steven Ridings,2026-08-30T18:59:17-04:00,https://www.turfshowtimes.com/los-angeles-rams-news/141549/rams-aaron-donald-comparison-michael-jordan-bulls,2026-08-31T00:09:20.677669+00:00
Los Angeles Rams,https://www.turfshowtimes.com,Aaron Donald’s return is the worst news for this rookie,"Aaron Donald is officially returning to the Los Angeles Rams. Assuming he’s on the field for the season opener against the San Francisco 49ers, that is extremely bad news for a certain rookie. 2026 fourth-rounder Carver Willis just seized the starting job for the 49ers. His first game will be against one of the greatest [&#8230;]",JB Scott,2026-08-30T17:38:34-04:00,https://www.turfshowtimes.com/los-angeles-rams-news/147550/aaron-donald-rams-return-49ers-preview,2026-08-31T00:09:20.677669+00:00
Los Angeles Rams,https://www.turfshowtimes.com,Rams 2026 53-man roster,"The Los Angeles Rams have finalized their initial 53-man roster for 2026 after Sean McVay and Les Snead concluded cuts as of Sunday. The Rams did not have many competitive position battles for the final roster, so there were not any surprises when it was all said and done. Of course, besides Aaron Donald coming [&#8230;]",Kenneth Arthur,2026-08-30T17:09:07-04:00,https://www.turfshowtimes.com/los-angeles-rams-roster/147519/rams-final-roster-cuts-2026,2026-08-31T00:09:20.677669+00:00
Los Angeles Rams,https://www.turfshowtimes.com,Aaron Donald announces return to Rams for 2026,"Aaron Donald is coming out of retirement and returning to the Los Angeles Rams, according to Adam Schefter. The three-time NFL Defensive Player of the Year and eight-time All-Pro is ending his retirement two years after his last game to rejoin the Rams for the 2026 season, giving Los Angeles one of the greatest defensive [&#8230;]",Steven Ridings,2026-08-30T16:01:52-04:00,https://www.turfshowtimes.com/los-angeles-rams-news/141111/rams-aaron-donald-return-official,2026-08-31T00:09:20.677669+00:00
Los Angeles Rams,https://www.turfshowtimes.com,"NFL continues to review Puka Nacua, A.J. Jackson situations","The NFL will not place anymore players on the commissioner’s exempt list on Sunday, after news broke that running back Josh Jacobs would be ruled ineligible to play indefinitely. However, that does not mean that L.A. Rams players Puka Nacua and Alaric Jackson are safe from suspension, as Adam Schefter reported on Sunday that both [&#8230;]",Kenneth Arthur,2026-08-30T14:56:12-04:00,https://www.turfshowtimes.com/los-angeles-rams-news/147529/rams-puka-nacua-aj-jackson-suspension,2026-08-31T00:09:20.677669+00:00
Los Angeles Rams,https://www.turfshowtimes.com,Rams trade tight end to Packers before roster cut deadline,"The Los Angeles Rams have made a trade and cleared space in their logjam at tight end. As first reported by Jordan Schultz on Twitter, the Rams are sending Mark Redman to the Green Bay Packers, with the report coming just three and a half hours before cuts will be finalized. The return to Los [&#8230;]",Brendan Dzwierzynski,2026-08-30T14:48:51-04:00,https://www.turfshowtimes.com/los-angeles-rams-news/147524/rams-roster-trade-tight-end-roster-cuts,2026-08-31T00:09:20.677669+00:00
Los Angeles Rams,https://www.turfshowtimes.com,Rams practice squad tracker,"The Los Angeles Rams are entering the final stage of their preseason roster construction, but getting to the initial 53-man roster will only be part of the process. Once the Rams make their final cuts Sunday, attention will quickly shift toward building the practice squad and then beginning their quest for a World Championship as [&#8230;]",Steven Ridings,2026-08-30T12:48:59-04:00,https://www.turfshowtimes.com/los-angeles-rams-roster/147425/rams-practice-squad-tracker,2026-08-31T00:09:20.677669+00:00
Los Angeles Rams,https://www.turfshowtimes.com,Is Aaron Donald going to play in 2026?,"The Aaron Donald situation has hit a standstill. After weeks of signs that Donald was ramping up towards a return, with an expectation if he would play in Week 1 that he would have made it abundantly clear that was his intention by the end of the preseason, the star defensive tackle’s progress towards coming [&#8230;]",Kenneth Arthur,2026-08-30T12:09:44-04:00,https://www.turfshowtimes.com/los-angeles-rams-news/147486/aaron-donald-rams-news-contract,2026-08-31T00:09:20.677669+00:00
Los Angeles Rams,https://www.turfshowtimes.com,Should Rams trade Stetson Bennett for J.J. McCarthy?,"As speculation mounts that the Minnesota Vikings are prepared to part with recent first-round pick J.J. McCarthy, the Los Angeles Rams could swoop in with an interesting trade idea for both sides. Would Stetson Bennett make more sense as the Vikings’ QB3 than McCarthy and would McCarthy make more sense as the Rams’ QB2 than [&#8230;]",Kenneth Arthur,2026-08-29T17:00:07-04:00,https://www.turfshowtimes.com/los-angeles-rams-rumors/147468/rams-jj-mccarthy-trade-bennett,2026-08-31T00:09:20.677669+00:00
Miami Dolphins,https://www.thephinsider.com,Miami Dolphins Discussion: Post Roster Cuts Edition,"Perhaps the most difficult aspect of being an NFL coach is cutting players from the roster, a process that can abruptly end a player&#8217;s lifelong dream. Today, every team was required to finalize its 53-man roster by 6:00 PM EST. While these rosters are set for now, teams will likely continue to churn their depth [&#8230;]",James McKinney,2026-08-30T20:00:00-04:00,https://www.thephinsider.com/miami-dolphins-roster/122007/miami-dolphins-discussion-post-roster-cuts-edition,2026-08-31T00:09:20.677669+00:00
Miami Dolphins,https://www.thephinsider.com,"Miami Dolphins practice squad 2026: Tracking the rumors, reports, and signings","The Miami Dolphins are in the midst of their roster cuts, dropping to the league&#8217;s 53-man regular-season limit. They have already started making moves and have until 6 p.m. Eastern on Sunday to finish trimming the roster. After that, the fun begins. After the league processes all the waiver claims from Sunday’s roster cuts, Miami [&#8230;]",Kevin Nogle,2026-08-30T18:26:30-04:00,https://www.thephinsider.com/miami-dolphins-roster/121993/miami-dolphins-practice-squad-2026-signings-rumors-live-updates-news-roster-cuts,2026-08-31T00:09:20.677669+00:00
Miami Dolphins,https://www.thephinsider.com,"Miami Dolphins roster 2026: Cuts complete, roster ‘set’","The Miami Dolphins completed their roster cuts on Sunday, dropping from the league’s preseason limit of 90 players to the regular-season limit of 53 players. All cuts across the league were due by 6 p.m. Eastern time, with nearly 1,200 players released, waived, traded, or placed on reserve lists. The cuts bring us down to [&#8230;]",Kevin Nogle,2026-08-30T18:17:04-04:00,https://www.thephinsider.com/miami-dolphins-roster/122029/miami-dolphins-2026-roster-53-man-cuts-complete-who-made-the-team,2026-08-31T00:09:20.677669+00:00
Miami Dolphins,https://www.thephinsider.com,Miami Dolphins 2026 roster cuts tracker: Deadline reached with all cuts made,"The Miami Dolphins have completed their roster cuts, dropping from the 90-man limit down to the 53-player mark set by the league for the regular season. The cuts had to be completed by 6 p.m. Eastern today. Throughout the weekend, we have tracked all of the cuts as they were reported. Now, with the deadline [&#8230;]",Kevin Nogle,2026-08-30T18:09:48-04:00,https://www.thephinsider.com/miami-dolphins-roster/121948/miami-dolphins-roster-cuts-2026-tracker-live-updates-rumors-news,2026-08-31T00:09:20.677669+00:00
Miami Dolphins,https://www.thephinsider.com,Dolphins trade for quarterback Kyle McCord,"The Miami Dolphins traded away quarterback Quinn Ewers on Saturday, sending him to the Jacksonville Jaguars. On Sunday, they released quarterback Mark Gronowski and Cam Miller, leaving just starter Malik Willis on the roster. While the primary focus for the day is on dropping the roster from the preseason 90-man list to the regular-season 53-player [&#8230;]",Kevin Nogle,2026-08-30T12:08:02-04:00,https://www.thephinsider.com/miami-dolphins-news/122015/miami-dolphins-roster-cuts-trader-kyle-mccord-packers-update-malik-wills,2026-08-31T00:09:20.677669+00:00
Miami Dolphins,https://www.thephinsider.com,Dolphins roster predictions: Final 53-man projection 2026,"The NFL’s roster deadline is 6 p.m. Eastern tonight, requiring teams to drop from the allocated 90-man preseason rosters to the 53-player regular-season limit. The cuts started yesterday all around the league, including with the Miami Dolphins who waived 12 players. The Dolphins open the day with 78 players on the roster and need to [&#8230;]",Kevin Nogle,2026-08-30T09:00:00-04:00,https://www.thephinsider.com/miami-dolphins-roster/121991/miami-dolphins-53-man-roster-cuts-projection-final-prediction-2026,2026-08-31T00:09:20.677669+00:00
Miami Dolphins,https://www.thephinsider.com,Where You See The Miami Dolphins At This Point,"Earlier this past week, I asked the following question: What are the biggest takeaways from your Miami Dolphins, their training camp thus far, the two scrimmages, and the two preseason games? Which areas of this team and roster, if any, are you more disappointed in than you expected to be at this point, and which [&#8230;]",James McKinney,2026-08-29T20:00:00-04:00,https://www.thephinsider.com/miami-dolphins-discussion/121962/where-you-see-the-miami-dolphins-at-this-point,2026-08-31T00:09:20.677669+00:00
Miami Dolphins,https://www.thephinsider.com,Dolphins trade Quinn Ewers as 2026 preseason ends,"The Miami Dolphins are trading quarterback Quinn Ewers to the Jacksonville Jaguars, swapping late-round picks in the 2028 NFL Draft in the deal. The trade was first reported by ESPN and NFL Network’s Ian Rapoport and Mike Garafolo. Update: The Dolphins announced the trade Saturday evening, indicating the team was receiving a 2028 sixth-round pick [&#8230;]",Kevin Nogle,2026-08-29T17:33:52-04:00,https://www.thephinsider.com/miami-dolphins-news/121979/miami-dolphins-trade-quinn-ewers-jacksonville-jagaurs-roster-cuts-moves-2026,2026-08-31T00:09:20.677669+00:00
Miami Dolphins,https://www.thephinsider.com,Do the Dolphins have a punting problem?,"NFL cutdown day is here, with all 32 teams needing to drop from their preseason 90-man roster size down to the regular season’s 53-player limit by 6 p.m. Eastern on Sunday. It is the primary focus for each team and around the league right now, as nearly 1,200 players are waived, released, or placed on [&#8230;]",Kevin Nogle,2026-08-29T15:42:47-04:00,https://www.thephinsider.com/miami-dolphins-roster/121976/miami-dolphins-roster-cuts-rumors-bradley-pinion-punter-struggles-available-players-news-updates,2026-08-31T00:09:20.677669+00:00
Miami Dolphins,https://www.thephinsider.com,Falcons vs. Dolphins: Miami players to watch in Preseason Week 3 revisited,"The Miami Dolphins lost to the Atlanta Falcons last night, ending a rough preseason schedule for the South Florida franchise. Miami is in the early stages of a rebuild &#8211; even if head coach Jeff Hafley does not like to use that specific term &#8211; with the roster moving from a veteran-heavy, win-now past into [&#8230;]",Kevin Nogle,2026-08-29T12:55:11-04:00,https://www.thephinsider.com/miami-dolphins-preseason-2/121967/falcons-vs-dolphins-miami-players-to-watch-in-preseason-week-3-revisited,2026-08-31T00:09:20.677669+00:00
Minnesota Vikings,https://www.dailynorseman.com,Your Minnesota Vikings 53-Man Roster,"The NFL’s roster deadline has passed, ladies and gentlemen. We now have the initial 53-man roster for the Minnesota Vikings, so let’s take a look at it here for you right now. Offense Quarterback (4): Max Brosmer, J.J. McCarthy, Kyler Murray, Carson Wentz Running Back (3): Demond Claiborne, Aaron Jones Sr., Jordan Mason Fullback (1): [&#8230;]",Christopher Gates,2026-08-30T18:22:13-04:00,https://www.dailynorseman.com/minnesota-vikings-roster/98570/minnesota-vikings-53-man-roster,2026-08-31T00:09:20.677669+00:00
Minnesota Vikings,https://www.dailynorseman.com,Minnesota Vikings Roster Cut Tracker,"Now that the final preseason game is in the books, the process of getting the roster prepared for the 2026 regular season kicks into overdrive for the Minnesota Vikings (and the 31 NFL teams that don’t matter nearly as much as the Minnesota Vikings), as they attempt to build a roster that gives them a [&#8230;]",Christopher Gates,2026-08-30T17:49:13-04:00,https://www.dailynorseman.com/minnesota-vikings-roster/98486/minnesota-vikings-roster-cut-tracker,2026-08-31T00:09:20.677669+00:00
Minnesota Vikings,https://www.dailynorseman.com,Minnesota Vikings Practice Squad Tracker and Practice Squad Rules,"While we’re still awaiting the results of the final cuts for the Minnesota Vikings, we’re going to go over the rules governing the practice squads for the upcoming season. Once the final cuts are completed, this post will also serve as our practice squad tracker, so we’ll be updating this post with any news of [&#8230;]",Christopher Gates,2026-08-30T12:00:00-04:00,https://www.dailynorseman.com/minnesota-vikings-news/98521/minnesota-vikings-practice-squad-tracker-practice-squad-rules,2026-08-31T00:09:20.677669+00:00
Minnesota Vikings,https://www.dailynorseman.com,"NFL Waivers, Where the Vikings Sit, and Other Roster Construction Rules","With the Minnesota Vikings now going through the process of putting together their roster, there will likely be some questions as to how they go about doing that. We are going to attempt to answer those questions in this post. As we’ve previously mentioned, teams have until 5:00 PM Central on Sunday, 30 August to [&#8230;]",Christopher Gates,2026-08-29T00:11:49-04:00,https://www.dailynorseman.com/minnesota-vikings-roster/98490/nfl-waivers-where-minnesota-vikings-sit-other-roster-construction-rules,2026-08-31T00:09:20.677669+00:00
Minnesota Vikings,https://www.dailynorseman.com,"Denver Broncos 34, Minnesota Vikings 6: Vikings End Preseason With Ugly Showing","In the final preseason game of the season, the hope is, generally, that you can put together a performance that you can feel good about heading into the games that count, even though a lot of the starters don’t play. The final preseason game of 2026 for the Minnesota Vikings was. . .pretty much the [&#8230;]",Christopher Gates,2026-08-29T00:09:42-04:00,https://www.dailynorseman.com/minnesota-vikings-scores-results/98502/minnesota-vikings-denver-broncos-final-score-game-recap-nfl-preseason,2026-08-31T00:09:20.677669+00:00
Minnesota Vikings,https://www.dailynorseman.com,Minnesota Vikings at Denver Broncos: Preseason Game 3 Discussion,"We finish off the 2026 preseason tonight, as the Minnesota Vikings head to Mile High to take on the Denver Broncos in the final preseason game of the year. Let’s get everyone caught up on everything they’ll need to be ready for tonight’s contest. Date and Time: Friday, 28 August 2026, 8:00 PM Central time [&#8230;]",Christopher Gates,2026-08-28T20:30:00-04:00,https://www.dailynorseman.com/minnesota-vikings-discussion-chat-message-board/98481/minnesota-vikings-denver-broncos-preseason-game-3-discussion,2026-08-31T00:09:20.677669+00:00
Minnesota Vikings,https://www.dailynorseman.com,SB Nation Reacts Results: Most Believe McCarthy Stays,"Just before we get things kicked off in Denver this evening, we’ve got the results of our SB Nation Reacts survey for this week, so let’s get them out there before the festivities get started. This week, we asked you what role you think J.J. McCarthy will have on the quarterback depth chart for this [&#8230;]",Christopher Gates,2026-08-28T19:33:44-04:00,https://www.dailynorseman.com/minnesota-vikings-news/98496/sb-nation-reacts-results-most-believe-j-j-mccarthy-stays-minnesota-vikings,2026-08-31T00:09:20.677669+00:00
Minnesota Vikings,https://www.dailynorseman.com,NFL Preseason Week 3: How to Watch Vikings at Broncos,"The final game of the 2026 NFL preseason will take place tonight, as the Minnesota Vikings travel to the Mountain time zone to take on the Denver Broncos. If you want to watch the game live, here’s everything you’ll need to know. First off, this one will be getting a late start, with kickoff slated [&#8230;]",Christopher Gates,2026-08-28T11:12:33-04:00,https://www.dailynorseman.com/minnesota-vikings-game-information/98475/nfl-preseason-week-3-how-to-watch-minnesota-vikings-denver-broncos,2026-08-31T00:09:20.677669+00:00
Minnesota Vikings,https://www.dailynorseman.com,"Vikings Preseason Finale: McCarthy&#8217;s Future, Roster Battles, and What to Watch","J.J. McCarthy’s ankle, Max Brosmer’s tape, and Friday’s roster auditions in Denver dominate The Real Forno Show as Tyler Forness and Dave Stefano preview Minnesota’s last exhibition. Tyler opened with the only question that still moves the building: will McCarthy play Friday at 8 p.m. CT against the Broncos? He missed Wednesday so the deltoid [&#8230;]",David Stefano,2026-08-28T09:23:39-04:00,https://www.dailynorseman.com/minnesota-vikings-podcasts/98471/vikings-preseason-finale-mccarthys-future-roster-battles-and-what-to-watch,2026-08-31T00:09:20.677669+00:00
New England Patriots,https://www.patspulpit.com,"Patriots practice squad tracker 2026: News, rumors, waiver claims, losses","NFL cutdown day is underway, but the New England Patriots still have plenty left to do in building their team for the upcoming 2026 season. After finalizing an initial 53-man roster on Sunday, the team will look to add potential waiver-wire claims and build a 16-player practice squad. Teams can enter waiver claims to add [&#8230;]",Pats Pulpit Staff,2026-08-30T19:28:39-04:00,https://www.patspulpit.com/new-england-patriots-news/134745/patriots-practice-squad-tracker-2026-news-rumors-waiver-claims-losses,2026-08-31T00:09:20.677669+00:00
New England Patriots,https://www.patspulpit.com,What their final wave of roster cuts means for the Patriots,"The New England Patriots came out of Thursday’s preseason finale a total of 38 players over the NFL’s 53-man roster limit. In order to get the team below that number, head coach Mike Vrabel and company needed to make several moves. And make moves they did. For a full rundown of the transactions this weekend, [&#8230;]",Bernd Buchmasser,2026-08-30T19:08:56-04:00,https://www.patspulpit.com/new-england-patriots-analysis/135556/2026-patriots-roster-cuts-final-wave-analysis-breakdown-impact,2026-08-31T00:09:20.677669+00:00
New England Patriots,https://www.patspulpit.com,"Patriots roster cuts tracker 2026: News, rumors, moves for NFL cutdown day","With training camp and the NFL preseason wrapped up, the New England Patriots are on to building their initial 53-man roster for the 2026 season. New England, including the league’s other 31 franchises, will need to reduce their rosters from a maximum of 90 to no more than 53 by 6 p.m. ET on Sunday, [&#8230;]",Pats Pulpit Staff,2026-08-30T18:56:54-04:00,https://www.patspulpit.com/new-england-patriots-news/134725/patriots-roster-cuts-tracker-2026-news-rumors-releases-trades-analysis-nfl-cutdown-day,2026-08-31T00:09:20.677669+00:00
New England Patriots,https://www.patspulpit.com,Patriots make final 11 moves down to initial 53-man roster,"Eleven moves remained in Foxborough. They arrived as the 2026 NFL roster deadline passed Sunday at 6 p.m. ET. The New England Patriots descended down to an initial 53-man roster by waiving running back Lan Larison, wide receiver Tejhaun Palmer, offensive tackle Jack Conley, defensive tackles Isaiah Iton and Casey Rogers, cornerback Kobee Minor and [&#8230;]",Oliver Thomas,2026-08-30T18:54:34-04:00,https://www.patspulpit.com/new-england-patriots-news/135607/patriots-final-11-moves-nfl-53-man-roster-dealine,2026-08-31T00:09:20.677669+00:00
New England Patriots,https://www.patspulpit.com,Instant analysis of the Patriots’ initial 53-man roster,"After a busy few days of transactions, the New England Patriots have officially set their initial 53-man roster. Despite the first roster being put together, plenty of movement is still set to transpire over the next several days. The Patriots will continue to tinker with the group through the trade market and waiver wire, although [&#8230;]",Brian Hines,2026-08-30T18:54:14-04:00,https://www.patspulpit.com/new-england-patriots-analysis/135638/instant-analysis-of-the-patriots-initial-53-man-roster,2026-08-31T00:09:20.677669+00:00
New England Patriots,https://www.patspulpit.com,Patriots roster cuts 2026: Full list of moves at 53-man deadline,"Coming out of their preseason finale and entering cutdown weekend, the New England Patriots had 91 players on their roster. Accordingly, they and their players were in for a few busy days: before Sunday’s roster cutdown deadline, they needed to make at least 38 moves to get below the 53-player threshold mandated by the NFL. [&#8230;]",Bernd Buchmasser,2026-08-30T18:40:08-04:00,https://www.patspulpit.com/new-england-patriots-roster/135386/patriots-nfl-cuts-2026-full-list-of-moves,2026-08-31T00:09:20.677669+00:00
New England Patriots,https://www.patspulpit.com,Patriots 53-man roster finalized after NFL cuts,"The New England Patriots have finalized their initial roster for the 2026 NFL season. Making a combined 42 transactions between Saturday and Sunday, the team of head coach Mike Vrabel went from what was previously 91 players to the league-mandated 53. Among those are several surprises, undrafted rookies, and plenty of questions about the depth. [&#8230;]",Bernd Buchmasser,2026-08-30T18:24:34-04:00,https://www.patspulpit.com/new-england-patriots-news/135389/patriots-initial-53-man-roster-nfl-cutdown-day-2026,2026-08-31T00:09:20.677669+00:00
New England Patriots,https://www.patspulpit.com,Instant grade for Walter Rouse trade between Patriots and Vikings,"With less than an hour to go before the NFL’s official roster cutdown deadline, the New England Patriots decided to swing another trade. After adding running back Corey Kiner the previous day, they have now brought in Walter Rouse, a versatile offensive lineman from the Minnesota Vikings. To facilitate the move, the Patriots sent a [&#8230;]",Pats Pulpit Staff,2026-08-30T17:46:28-04:00,https://www.patspulpit.com/new-england-patriots-opinion/135630/instant-grade-walter-rouse-trade-vikings,2026-08-31T00:09:20.677669+00:00
New England Patriots,https://www.patspulpit.com,Patriots add offensive lineman via trade with Vikings,"The trade winds are a-blowin’ in New England. After acquiring running back Corey Kiner in a trade with the Cardinals on Saturday, the team of head coach Mike Vrabel added to its offensive line depth on Sunday. Third-year blocker Walter Rouse is joining the team from the Minnesota Vikings. According to a report by Ian [&#8230;]",Bernd Buchmasser,2026-08-30T17:35:58-04:00,https://www.patspulpit.com/new-england-patriots-news/135618/patriots-offensive-tackle-walter-rouse-trade-vikings,2026-08-31T00:09:20.677669+00:00
New Orleans Saints,https://www.canalstreetchronicles.com,Saints official 53-man roster,"Today all 32 NFL teams had to announce their 53-man roster by 5 p.m. and while those rosters will change throughout the season, here is the first offical 53 players for the New Orleans Saints for the 2026 regular season. QB RB IR out for season &#8211; Devin Neal WR IR to return &#8211; Jordyn [&#8230;]",Caleb Yaccarino,2026-08-30T19:30:58-04:00,https://www.canalstreetchronicles.com/new-orleans-saints-roster/113914/saints-official-53-man-roster,2026-08-31T00:09:20.677669+00:00
New Orleans Saints,https://www.canalstreetchronicles.com,New Orleans Saints 2026 Roster Cuts Tracker,"The&#160;New Orleans Saints&#160;have just wrapped up the 2026 preseason, and now comes the hard part, as the team will need to start making cuts that will reduce their roster down to 53 by Sunday at 5 p.m. CT. Saints head coach Kellen Moore and staff will have some very difficult decisions to make over the [&#8230;]",Tina Howell,2026-08-30T18:40:28-04:00,https://www.canalstreetchronicles.com/new-orleans-saints-news/113519/new-orleans-saints-2026-roster-cuts-tracker,2026-08-31T00:09:20.677669+00:00
New Orleans Saints,https://www.canalstreetchronicles.com,New Orleans Saints 2026 Practice Squad Tracker,"The&#160;New Orleans Saints&#160;have offically cutdown their roster to 53 players, but as you know, the roster is ever changing due to injuries and needs which is where the practice squad comes into play. Starting at 11:00 a.m. CT today, NFL teams can add up to 16 players on their practice squad as well as one [&#8230;]",Tina Howell,2026-08-30T14:08:04-04:00,https://www.canalstreetchronicles.com/new-orleans-saints-news/113516/new-orleans-saints-2026-practice-squad-tracker,2026-08-31T00:09:20.677669+00:00
New Orleans Saints,https://www.canalstreetchronicles.com,Game Recap: Saints visit Cowboys in preseason finale,The New Orleans Saints were looking to bounce back after being shut out by the Los Angeles Rams when they faced the Dallas Cowboys at AT&#38;T Stadium on Friday night. Here’s a recap of all the action from the black and gold’s final preseason game. First Quarter Spencer Rattler started at quarterback for New Orleans [&#8230;],Sam Mackenzie,2026-08-30T10:00:00-04:00,https://www.canalstreetchronicles.com/new-orleans-saints-discussion/113777/game-recap-saints-visit-cowboys-in-preseason-finale,2026-08-31T00:09:20.677669+00:00
New Orleans Saints,https://www.canalstreetchronicles.com,Final Saints 53-man roster prediction,"We are finally done with preseason, and less than two weeks away from the beginning of the regular season. For the New Orleans Saints, this was a pretty busy training camp with position battles sprinkled throughout the team. Many of these battles did not have clear winners, but the Saints still must figure out who [&#8230;]",Caleb Yaccarino,2026-08-29T12:39:35-04:00,https://www.canalstreetchronicles.com/new-orleans-saints-roster/113762/final-saints-53-man-roster-prediction,2026-08-31T00:09:20.677669+00:00
New Orleans Saints,https://www.canalstreetchronicles.com,Ups and downs: Saints vs. Cowboys,"Up: QB2 battle Spencer Rattler and Zach Wilson each had significantly better days on Friday night after, to say it nicely, terrible showings against the Los Angeles Rams. Rattler finished the day completing 8-of-his-10 pass attempts for 79 yards. Rattler also logged an 8-yard rushing touchdown. Wilson had a solid day as well, completing 9/12 [&#8230;]",Kyle Besson,2026-08-29T10:00:00-04:00,https://www.canalstreetchronicles.com/new-orleans-saints-news/113741/ups-and-downs-saints-vs-cowboys,2026-08-31T00:09:20.677669+00:00
New Orleans Saints,https://www.canalstreetchronicles.com,NFL 2026 Waiver Wire Rules and Order,"All NFL teams are now in the process of reducing their rosters to 53 players and while those rosters are never final, the number stands pat at 53. Teams will now play musical chairs with players signing some to their practice squad and claiming some off of waivers. For those unfamiliar with the process, the [&#8230;]",Tina Howell,2026-08-29T08:00:00-04:00,https://www.canalstreetchronicles.com/new-orleans-saints-news/113527/nfl-2026-waiver-wire-rules-and-order,2026-08-31T00:09:20.677669+00:00
New Orleans Saints,https://www.canalstreetchronicles.com,"New Orleans Saints News, August 29: Saints head home with a win",Welcome to today’s roundup of New Orleans Saints and NFL news. Saints beat Cowboys 27-24 to end the preseason What a fun way to end the preseason. 3 veteran Saints defenders who could be surprise roster cuts The deadline is nearly here. A late hit by the Cowboys on Saints QB Spencer Rattler was quickly [&#8230;],Caleb Yaccarino,2026-08-29T08:00:00-04:00,https://www.canalstreetchronicles.com/new-orleans-saints-news/113728/new-orleans-saints-news-august-29-saints-head-home-with-a-win,2026-08-31T00:09:20.677669+00:00
New Orleans Saints,https://www.canalstreetchronicles.com,Saints beat Cowboys 27-24 to end the preseason,"The New Orleans Saints finished the preseason on a high note, defeating the Dallas Cowboys 27-24. The Saints found efficiency in the run game, and each backup quarterback made a final push for the QB2 job. Saints Scoring K Daniel Carlson &#8211; 38-yard field goal Newly signed Saints kicker Daniel Carlson opened up scoring for [&#8230;]",Kyle Besson,2026-08-28T23:37:12-04:00,https://www.canalstreetchronicles.com/new-orleans-saints-preseason/113731/saints-beat-cowboys-27-24-to-end-the-preseason,2026-08-31T00:09:20.677669+00:00
New Orleans Saints,https://www.canalstreetchronicles.com,Saints vs. Cowboys: Preseason Week 3 Open Thread,"The New Orleans Saints will close out the 2026 preseason tonight in Dallas against the Cowboys. The Saints are looking to bounce back after being shut out in Los Angeles aftee last Saturday&#8217;s matchup with the Rams and finish the preseason with a win. Kickoff: Friday, August 28th- 7:00pm CST / 8:00pm EST Location:&#160; AT&#38;T [&#8230;]",Tina Howell,2026-08-28T19:55:00-04:00,https://www.canalstreetchronicles.com/new-orleans-saints-discussion/113708/saints-vs-cowboys-preseason-week-3-open-thread,2026-08-31T00:09:20.677669+00:00
New York Giants,https://www.bigblueview.com,NY Giants’ 53-man roster analysis: A player-by-player look at the initial 53,"The New York Giants have set their initial 53-man roster. The roster will likely change in the next 24 hours as waiver claims can be made until 1 p.m. ET on Monday. The Giants are No. 5 in the claiming order, so they should have an opportunity to add a player or two should they [&#8230;]",Ed Valentine,2026-08-30T18:24:36-04:00,https://www.bigblueview.com/new-york-giants-roster/169373/53-man-roster-analysis-player-by-player-look-odell-backham,2026-08-31T00:09:20.677669+00:00
New York Giants,https://www.bigblueview.com,"NY Giants roster tracker: Cuts, trades, rumors, news, injuries, analysis","The New York Giants have already done quite a bit or work in recent days to shape their 53-man roster. They traded awat offensive linemen Daniel Faalele and Josh Ezeudu, and traded for defensive tackle C.J. Okoye. They also announced eight cuts on Saturday evening. The Giants need to set their initial 2026 Giants’ 53-man [&#8230;]",Ed Valentine,2026-08-30T18:01:49-04:00,https://www.bigblueview.com/new-york-giants-roster/169105/roster-tracker-cuts-trades-rumors-news-injuries-analysis,2026-08-31T00:09:20.677669+00:00
New York Giants,https://www.bigblueview.com,Aaron Donald return: Week 2 just got scarier for the Giants,"Party like it’s 2014, because not only is wide receiver Odell Beckham Jr. back with the New York Giants, defensive tackle Aaron Donald is back with the Los Angeles Rams. In a move that we all suspected was coming, the all-time great defensive tackle announced that he is unretiring to play for the Rams in [&#8230;]",Chris Pflum,2026-08-30T17:38:00-04:00,https://www.bigblueview.com/new-york-giants-news/169553/aaron-donald-return-week-2-just-got-scarier-for-the-giants,2026-08-31T00:09:20.677669+00:00
New York Giants,https://www.bigblueview.com,Odell Beckham will make the NY Giants’ 53-man roster,"Odell Beckham Jr. will be part of the New York Giants’ 2026 roster. Jordan Schultz reported that Beckham has made the team. After Friday’s preseason game against the New York Jets, Giants head coach John Harbaugh had said Beckham “has done enough to make an NFL roster.” At the time, though, he did not commit [&#8230;]",Ed Valentine,2026-08-30T16:52:03-04:00,https://www.bigblueview.com/new-york-giants-roster/169458/odell-beckham-will-make-the-ny-giants-53-man-roster,2026-08-31T00:09:20.677669+00:00
New York Giants,https://www.bigblueview.com,Giants waive a former starting linebacker in Darius Muasau,"The New York Giants made the first move of their final cutdowns that could be viewed as a surprise. The team waived LB Darius Muasau on Sunday afternoon, ending the 2024 6th round pick’s time with the Giants’ active roster. At first blush, waiving an athletically limited sixth-round pick after a couple years isn’t a [&#8230;]",Chris Pflum,2026-08-30T15:03:32-04:00,https://www.bigblueview.com/new-york-giants-roster/169487/darius-muasau-waived-53-man-roster-cuts,2026-08-31T00:09:20.677669+00:00
New York Giants,https://www.bigblueview.com,"Giants practice squad tracker 2026: Predictions, signings, analysis","The New York Giants are in the process of making the big cutdown from 90 to their initial 53-man roster. Once that’s done, the next big order of business for the Giants is to assemble their practice squad for the start of the season. The Giants have until 1 p.m. ET on Monday, Aug. 31 [&#8230;]",Chris Pflum,2026-08-30T11:45:00-04:00,https://www.bigblueview.com/new-york-giants-roster/169461/giants-practice-squad-tracker-2026-predictions-signings-analysis,2026-08-31T00:09:20.677669+00:00
New York Giants,https://www.bigblueview.com,Fantasy Football 2026: Final QB rankings and tiers,"In less than two weeks, the 2026 NFL season kicks off. The big wave of drafts for season-long redraft fantasy leagues is here. It’s time for my final rankings and tiers for fantasy football. I’m starting with the quarterbacks. You can find my preliminary quarterback rankings and tiers, with commentary and analysis, here. And you [&#8230;]",David Hartman,2026-08-30T08:57:35-04:00,https://www.bigblueview.com/new-york-giants-roster/169387/fantasy-football-2026-final-qb-rankings-and-tiers,2026-08-31T00:09:20.677669+00:00
New York Giants,https://www.bigblueview.com,"NY Giants cut 8, including a playoff receiver","The New York Giants have cut eight players from their 90-man roster ahead of the deadline on 6 p.m. Sunday. The Giants have cut, WR Isaiah HodginsWR Kobe PrenticeTE Josiah DegueraOL Brenden JaimesRB Damon BankstonDT Leki FotuLB Anfernee OrjiCB Ugo Amadi Several of those players aren’t surprising cuts. However some, like RB Damon Bankston, iOL [&#8230;]",Chris Pflum,2026-08-29T19:35:09-04:00,https://www.bigblueview.com/new-york-giants-roster/169412/ny-giants-cut-8-including-a-playoff-receiver,2026-08-31T00:09:20.677669+00:00
New York Giants,https://www.bigblueview.com,Why did the NY Giants trade for C.J. Okoye? John Harbaugh explains,"It was clear throughout the preseason that the New York Giants needed additional depth along the interior of their defensive line. The Giants got some on Saturday when they traded a 2028 seventh-round pick for C.J. Okoye, a 6-foot-6, 365-pound 24-year-old who played for Harbaugh last season with the Baltimore Ravens. Why did the Giants [&#8230;]",Ed Valentine,2026-08-29T15:41:37-04:00,https://www.bigblueview.com/new-york-giants-news/169403/why-did-the-ny-giants-trade-for-c-j-okoye-john-harbaugh-explains,2026-08-31T00:09:20.677669+00:00
New York Giants,https://www.bigblueview.com,Ex-Giants linebacker Bobby Okereke finally signs with new team,"Former New York Giants linebacker Bobby Okereke, released by the Giants in March, has finally found a new team. Okereke is signing with the Carolina Panthers. Okereke signed a four-year, $40 million contract with the Giants before the 2023 season. Okereke had a career-year in 2023, with 149 tackles, 10 passes defensed, 2.5 sacks, 2 [&#8230;]",Ed Valentine,2026-08-29T14:49:17-04:00,https://www.bigblueview.com/new-york-giants-news/169396/ex-giants-linebacker-bobby-okereke-signing-carolina-panthers,2026-08-31T00:09:20.677669+00:00
New York Jets,https://www.ganggreennation.com,How does the waiver wire work after cutdown day for the Jets?,"Today is cutdown day in the NFL. Teams must have their rosters at 53 players by 6:00 pm Eastern Time. Over the next day or two, you will hear a lot about the waiver wire. You might be curious what that is. Inevitably, players who are released today will generate interest from other teams across [&#8230;]",John B,2026-08-30T11:12:28-04:00,https://www.ganggreennation.com/new-york-jets-roster/95977/how-does-the-waiver-wire-work-after-cutdown-day-for-the-jets,2026-08-31T00:09:20.677669+00:00
New York Jets,https://www.ganggreennation.com,Jets fans expect Nate Lynn to make the 53 man roster,"One of the surprises of Jets preseason has been the play of Nate Lynn. A late training camp signing, Lynn made a late push to make the 53 man roster with 3 sacks in the team’s final 2 exhibition games. At the very least, Lynn coming from completely off the radar to have a legitimate [&#8230;]",John B,2026-08-30T10:55:50-04:00,https://www.ganggreennation.com/new-york-jets-roster/95972/jets-fans-expect-nate-lynn-to-make-the-53-man-roster,2026-08-31T00:09:20.677669+00:00
New York Jets,https://www.ganggreennation.com,New York Jets News: Jets start cutdown day early by releasing Bailey Zappe,"Happy Sunday, Jets fans! It may or may not turn into a Happy Sunday for players on the Jets roster. The team needs to get down to 53 players by 6:00 pm Eastern. If history is any judge, we won’t hear the final Jets roster until some time after 6:00. There usually is a substantial [&#8230;]",John B,2026-08-30T07:00:00-04:00,https://www.ganggreennation.com/new-york-jets-news/95966/new-york-jets-news-jets-start-cutdown-day-early-by-releasing-bailey-zappe,2026-08-31T00:09:20.677669+00:00
New York Jets,https://www.ganggreennation.com,Jets roster cutdown tracker with news and live updates,"Cutdown day is upon us. The Jets have until 6:00 pm Sunday evening to cut their roster from 90 players down to 53. With the final preseason game in the books, the Jets will get to work. I think it is fair to say that most of the cuts will not come as a surprise. [&#8230;]",John B,2026-08-29T17:41:37-04:00,https://www.ganggreennation.com/new-york-jets-roster/95951/jets-roster-cutdown-tracker-with-news-and-live-updates,2026-08-31T00:09:20.677669+00:00
New York Jets,https://www.ganggreennation.com,VIDEO: Breaking down Cade Klubnik’s Week 3 preseason performance against the New York Giants,"In the Jets’ preseason finale against the New York Giants, rookie quarterback Cade Klubnik’s stat line was ugly. The Clemson product finished the night 6 of 13 passing for 59 yards and an interception. How accurate was the stat line? Through the first two weeks of the 2026 preseason, I have done a video breakdown [&#8230;]",John B,2026-08-29T15:29:03-04:00,https://www.ganggreennation.com/new-york-jets-analysis/95946/video-breaking-down-cade-klubniks-week-3-preseason-performance-against-the-new-york-giants,2026-08-31T00:09:20.677669+00:00
New York Jets,https://www.ganggreennation.com,New York Jets News: Jets fall in preseason finale to Giants 23-6,"Happy Saturday, Jets fans! The 2026 preseason is now complete after last night’s game between the Jets and the Giants. Now all attention turns to cutdown day. The Jets must trim their roster from 90 players down to 53 by 6:00 pm Eastern tomorrow night. This team clearly has some big decisions in front of [&#8230;]",John B,2026-08-29T07:00:00-04:00,https://www.ganggreennation.com/new-york-jets-news/95937/new-york-jets-news-jets-fall-in-preseason-finale-to-giants-23-6,2026-08-31T00:09:20.677669+00:00
New York Jets,https://www.ganggreennation.com,Final Score: Giants backups crush Jets backups in preseason finale,"In the New York Jets’ third and final preseason game of 2026 in East Rutherford, New Jersey, the Jets were defeated by the New York Giants, 23 &#8211; 6. The Jets opened on defense and on third down they intercepted Jameis Winston. That set them up with first and ten at the Giants 36. The [&#8230;]",MacGregor Wells,2026-08-28T22:37:18-04:00,https://www.ganggreennation.com/new-york-jets-scores-results/95927/final-score-giants-backups-crush-jets-backups-in-preseason-finale,2026-08-31T00:09:20.677669+00:00
New York Jets,https://www.ganggreennation.com,Jets vs Giants Game Thread,"The New York Jets are at MetLife Stadium in East Rutherford, New Jersey tonight to take on the New York Giants in the third and final preseason game of 2026 for both teams. Kickoff is scheduled for shortly after 7:30 pm EDT. The Jets starters are not expected to play tonight. With backups and backups [&#8230;]",MacGregor Wells,2026-08-28T19:00:00-04:00,https://www.ganggreennation.com/new-york-jets-discussion/95924/jets-vs-giants-game-thread,2026-08-31T00:09:20.677669+00:00
New York Jets,https://www.ganggreennation.com,"Jets vs. Giants: Gametime, TV, Announcers, Online Streaming, NFL Network Replay, and More","Tonight’s preseason finale between the Jets and the Giants kicks off at 7:30 pm Eastern from MetLife Stadium. Although both teams call MetLife Stadium, this is technically considered a Jets home game. In the past, only the home team has put on a broadcast. That has changed. Both teams will conduct broadcasts of this game. [&#8230;]",John B,2026-08-28T16:01:28-04:00,https://www.ganggreennation.com/new-york-jets-game-information/95931/jets-vs-giants-gametime-tv-announcers-online-streaming-nfl-network-replay-and-more,2026-08-31T00:09:20.677669+00:00
New York Jets,https://www.ganggreennation.com,"I hate to say it, but Bill Belichick belongs in the Hall of Fame","I’m probably the last person anybody would ever expect to write an article defending Bill Belichick. I have hated him for the last two and a half decades. When I say that, I don’t mean that I have held any actual malice towards the man or hoped for genuine harm. He simply has been my [&#8230;]",John B,2026-08-28T15:00:00-04:00,https://www.ganggreennation.com/general/95862/i-hate-to-say-it-but-bill-belichick-belongs-in-the-hall-of-fame,2026-08-31T00:09:20.677669+00:00
Philadelphia Eagles,https://www.bleedinggreennation.com,Eagles depth chart: First look at the initial 2026 roster,"The NFL roster cuts deadline has passed and now we have our first look at how the Philadelphia Eagles’ depth chart is shaping up ahead of the 2026 NFL regular season! Howie Roseman is very likely to tweak this team configuration leading up to Birds’ Week 1 game against the Washington Commanders. But, for now, [&#8230;]",Brandon Lee Gowton,2026-08-30T19:17:13-04:00,https://www.bleedinggreennation.com/news/181341/eagles-depth-chart-first-look-at-the-initial-2026-roster,2026-08-31T00:09:20.677669+00:00
Philadelphia Eagles,https://www.bleedinggreennation.com,"NFL roster cuts tracker: Eagles news, updates, trades, more","Now that the final preseason game is behind them, the Philadelphia Eagles will need to make some tough decisions on the way to finalizing their 53-man roster ahead of the league deadline on Sunday, August 30, at 6:00 PM Eastern. While the starters on both offense and defense are largely in place, there were a [&#8230;]",Alexis Chassen,2026-08-30T18:57:23-04:00,https://www.bleedinggreennation.com/news/179547/nfl-roster-cuts-tracker-eagles-news-updates-trades-more,2026-08-31T00:09:20.677669+00:00
Philadelphia Eagles,https://www.bleedinggreennation.com,Eagles roster cuts: Uar Bernard included in trim down to 53 players,The Philadelphia Eagles officially announced a bunch of roster moves ahead of Sunday evening’s 6:00 PM deadline in order to cut down to the regular season 53-player limit. Here’s an overview of all the action. RELEASED The following players were not “waived” because they’re vested veterans (at least four accrued seasons) and are now free [&#8230;],Brandon Lee Gowton,2026-08-30T18:28:06-04:00,https://www.bleedinggreennation.com/news/181332/eagles-roster-cuts-officially-down-to-53-players,2026-08-31T00:09:20.677669+00:00
Philadelphia Eagles,https://www.bleedinggreennation.com,Former Eagles roster cuts and practice squad tracker,"NFL teams have until Sunday, August 30 at 6 pm ET to get their final roster down to 53 players, and then they’ll spend the next few days adding guys to their practice squads and moving those with injuries around. There are plenty of former Eagles still vying for roster spots throughout the league, and [&#8230;]",Alexis Chassen,2026-08-30T17:35:36-04:00,https://www.bleedinggreennation.com/news/179548/former-eagles-roster-cuts-and-practice-squad-tracker,2026-08-31T00:09:20.677669+00:00
Philadelphia Eagles,https://www.bleedinggreennation.com,Aaron Donald returns to the NFL: Eagles will face him this season,"Well, he’s back. After much speculation that Aaron Donald would come out of retirement to join forces with Myles Garrett on the Los Angeles Rams, it’s now reportedly happening. This news is certainly relevant to the Philadelphia Eagles, who will host the Rams at Lincoln Financial Field in Week 4. How effective will the 35-year-old [&#8230;]",Brandon Lee Gowton,2026-08-30T16:21:59-04:00,https://www.bleedinggreennation.com/news/181377/aaron-donald-returns-to-the-nfl-eagles-will-face-him-this-season,2026-08-31T00:09:20.677669+00:00
Philadelphia Eagles,https://www.bleedinggreennation.com,Eagles cut another pick from their 2026 NFL Draft class,"The Philadelphia Eagles are waiving at least two of their eight picks from the 2026 NFL Draft. On Saturday, it was reported that they cut seventh-round pick Cole Wisniewski. On Sunday, it was reported that they cut fellow seventh-round pick Keyshawn James-Newby. Neither cut comes as a surprise. Both Wisniewski and KJN missed a lot [&#8230;]",Brandon Lee Gowton,2026-08-30T15:48:35-04:00,https://www.bleedinggreennation.com/news/181363/eagles-cut-another-pick-from-their-2026-nfl-draft-class,2026-08-31T00:09:20.677669+00:00
Philadelphia Eagles,https://www.bleedinggreennation.com,Former Eagles quarterback traded to Dolphins one year after being cut by Philly,"Here’s some interesting former Philadelphia Eagles player news: the Green Bay Packers are sending Kyle McCord to the Miami Dolphins in exchange for a sixth-round pick in the 2028 NFL Draft. Last year at this time, the Eagles waived McCord after both he and Dorian Thompson-Robinson failed to win a training camp battle to be [&#8230;]",Brandon Lee Gowton,2026-08-30T12:38:55-04:00,https://www.bleedinggreennation.com/news/181317/former-eagles-quarterback-traded-to-dolphins-one-year-after-being-cut-by-philly,2026-08-31T00:09:20.677669+00:00
Philadelphia Eagles,https://www.bleedinggreennation.com,Eagles News: Philadelphia’s most likely first-time Pro Bowl candidate,"Let’s get to the Philadelphia Eagles news and links … One potential first-time Pro Bowler from each NFC team heading into the 2026 NFL season &#8211; NFL.comA.J. Brown&#8217;s exit opens a trove of opportunities for DeVonta Smith. Yes, the Eagles drafted Makai Lemon in the first round and buffered the unit with veterans, but Smith [&#8230;]",Brandon Lee Gowton,2026-08-30T10:34:30-04:00,https://www.bleedinggreennation.com/news/181299/eagles-news-philadelphias-most-likely-first-time-pro-bowl-candidate,2026-08-31T00:09:20.677669+00:00
Philadelphia Eagles,https://www.bleedinggreennation.com,Eagles host rookie free agent on tryout,"News of the Philadelphia Eagles waiving players has already begun to leak out but the team did not officially file any roster cuts today, according the NFL’s August 29 personnel notice. There were two Eagles transactions listed, however. Here’s an overview: Let’s sort through these items on a player-by-player basis. TARIQ CASTRO-FIELDS TCF was having [&#8230;]",Brandon Lee Gowton,2026-08-29T17:40:18-04:00,https://www.bleedinggreennation.com/news/181274/eagles-host-rookie-free-agent-on-tryout,2026-08-31T00:09:20.677669+00:00
Philadelphia Eagles,https://www.bleedinggreennation.com,Eagles reportedly waive 2025 draft pick,"The Philadelphia Eagles waived 2025 sixth-round pick Myles Hinton on Saturday, according to a report from NFL insider Adam Schefter. Hinton’s departure doesn’t come as a surprise; he really struggled this summer. The Eagles originally experimented with moving the 24-year-old to guard earlier this offseason before putting him back at offensive tackle, where he didn’t [&#8230;]",Brandon Lee Gowton,2026-08-29T17:13:28-04:00,https://www.bleedinggreennation.com/news/181263/eagles-reportedly-waive-2025-draft-pick,2026-08-31T00:09:20.677669+00:00
Pittsburgh Steelers,https://www.behindthesteelcurtain.com,Steelers announce 53-man roster,"With training camp and preseason now fully complete, the Pittsburgh Steelers have officially made their final roster cuts and put together their 53-man roster. Pittsburgh Steelers 53-man roster Let us know what you think in the comments.&#160;Be sure to bookmark Behind the Steel Curtain for all the latest news, breakdowns, and more!",Jarrett Bailey,2026-08-30T19:25:47-04:00,https://www.behindthesteelcurtain.com/pittsburgh-steelers-roster/173983/steelers-announce-53-man-roster-will-howard-drew-allar-nfl,2026-08-31T00:09:20.677669+00:00
Pittsburgh Steelers,https://www.behindthesteelcurtain.com,Steelers activate Joey Porter Jr. from PUP list,"The Pittsburgh Steelers have activated star cornerback Joey Porter Jr. off the PUP list after missing all of training camp and the preseason. Porter dealt with a back injury at the start of camp, but contract talks are a significant reason why he remained sidelined. He is now eligible to resume practicing with the team. If [&#8230;]",Austin Bechtold,2026-08-30T19:00:25-04:00,https://www.behindthesteelcurtain.com/pittsburgh-steelers-news/173993/steelers-activate-joey-porter-jr-from-pup-list-nfl,2026-08-31T00:09:20.677669+00:00
Pittsburgh Steelers,https://www.behindthesteelcurtain.com,Steelers place DeShon Elliott on IR,The Pittsburgh Steelers will be without one of their top defenders in the secondary to start the season. The Steelers have placed safety DeShon Elliott on IR. Elliott will now miss at least the first four games of the season. After suffering a significant leg injury in Week 8 against the Packers and missing the [&#8230;],Austin Bechtold,2026-08-30T18:41:58-04:00,https://www.behindthesteelcurtain.com/pittsburgh-steelers-roster/173985/steelers-place-deshon-elliott-on-ir-jalen-ramsey-nfl,2026-08-31T00:09:20.677669+00:00
Pittsburgh Steelers,https://www.behindthesteelcurtain.com,Steelers keep all 4 QBs on 53-man roster,"The deadline for all 32 NFL teams to trim their rosters down to 53 players has officially come, and the Pittsburgh Steelers are keeping all four quarterbacks on the roster, per Adam Schefter. Along with Aaron Rodgers, backups Mason Rudolph, Drew Allar, and Will Howard will all be on the team’s initial roster. The team [&#8230;]",Jarrett Bailey,2026-08-30T18:12:05-04:00,https://www.behindthesteelcurtain.com/pittsburgh-steelers-roster/173977/steelers-keep-all-4-qbs-on-53-man-roster-drew-allar-will-howard,2026-08-31T00:09:20.677669+00:00
Pittsburgh Steelers,https://www.behindthesteelcurtain.com,Eli Heidenreich makes Steelers 53-man roster,"The Pittsburgh Steelers have made their decisions on three players who will remain with the team as it finalizes its 53-man roster. According to Christopher Carter of the Pittsburgh Post-Gazette, the Steelers are keeping rookie running back Eli Heidenreich, along with defensive tackles Kevin Jobity Jr. and Gabriel Rubio, as part of the team’s final roster. Heidenreich’s [&#8230;]",Mike Nicastro,2026-08-30T18:02:50-04:00,https://www.behindthesteelcurtain.com/pittsburgh-steelers-roster/173970/eli-heidenreich-makes-steelers-53-man-roster-nfl,2026-08-31T00:09:20.677669+00:00
Pittsburgh Steelers,https://www.behindthesteelcurtain.com,Pittsburgh Steelers practice squad tracker,"The Pittsburgh Steelers have cut their roster down to 53 players, and their 2026 season will officially begin in two weeks when they host the Atlanta Falcons. Pittsburgh is currently a three-point favorite, per FanDuel Sportsbook The roster moves aren’t done, though, as Pittsburgh will now build its practice squad. Practice squads have been expanded [&#8230;]",Ryland Bickley,2026-08-30T18:00:00-04:00,https://www.behindthesteelcurtain.com/pittsburgh-steelers-roster/173938/steelers-practice-squad-tracker-2026-roster-news-update,2026-08-31T00:09:20.677669+00:00
Pittsburgh Steelers,https://www.behindthesteelcurtain.com,The 2026 Isaac Redman Award winner is…,"The votes are in. The numbers have been tallied. The BTSC readers have spoken. And the winner of the 2026 Isaac Redman Award is… Rookie defensive lineman Gabriel Rubio. Rubio held the lead throughout the entire process, and when the polls closed, he had secured 43% of the vote. Second place, rookie safety Robert Spears-Jennings, [&#8230;]",Ryland Bickley,2026-08-30T16:38:48-04:00,https://www.behindthesteelcurtain.com/pittsburgh-steelers-discussion/173963/the-2026-isaac-redman-award-winner-is-gabriel-rubio-steelers-preseason-roster-news,2026-08-31T00:09:20.677669+00:00
Pittsburgh Steelers,https://www.behindthesteelcurtain.com,Steelers trade RB Kaleb Johnson to Packers,"The Pittsburgh Steelers have traded running back Kaleb Johnson to the Green Bay Packers. The former third-round pick thanked the Steelers in a post on his Instagram story and acknowledged the move to Green Bay. “Appreciate it Steelers nation,” Johnson writes. “Let’s do it Packers.” The trade has been confirmed by ESPN’s Jeremy Fowler. Johnson [&#8230;]",Jarrett Bailey,2026-08-30T13:41:57-04:00,https://www.behindthesteelcurtain.com/pittsburgh-steelers-news/173954/steelers-trade-rb-kaleb-johnson-to-packers-lew-nichols-nfl,2026-08-31T00:09:20.677669+00:00
Pittsburgh Steelers,https://www.behindthesteelcurtain.com,Joey Porter Jr not happy Steelers have paid other players from 2023 draft class before him,"The Pittsburgh Steelers have been more than willing to dish out money for new contracts this offseason. First, the team handed edge rusher Nick Herbig a four-year, $100 million contract. Not long after, the Steelers extended tight end Darnell Washington on a four-year $42 million deal. Most recently, the team gave defensive tackle Keeanu Benton [&#8230;]",Joey Bray,2026-08-30T13:30:00-04:00,https://www.behindthesteelcurtain.com/pittsburgh-steelers-news/173929/joey-porter-jr-not-happy-steelers-have-paid-other-players-from-2023-draft-class-nick-herbig,2026-08-31T00:09:20.677669+00:00
Pittsburgh Steelers,https://www.behindthesteelcurtain.com,Steelers release LB Malik Harrison,"The Pittsburgh Steelers have released linebacker Malik Harrison. The former Baltimore Raven held the 11th-highest cap hit on the roster, and the move saves the Steelers just under $5 million against the cap for the 2026 season. The Steelers also released linebacker Elandon Roberts, though his name will continue to be one to monitor as [&#8230;]",Jarrett Bailey,2026-08-30T12:56:35-04:00,https://www.behindthesteelcurtain.com/pittsburgh-steelers-news/173946/steelers-release-lb-malik-harrison-elandon-roberts,2026-08-31T00:09:20.677669+00:00
Los Angeles Chargers,https://www.boltsfromtheblue.com,Greg DesRosiers Jr. among PFF’s top performers in Chargers vs. Rams,The Chargers were much more competitive this week against the Rams which allowed for more players to shine in what was their final audition for the team before final cuts on Sunday. The starters looked good (outside of that butterfinger moment by Justin Herbert) and that 65-yard touchdown to Quentin Johnston was an excellent way [&#8230;],Michael Peterson,2026-08-28T15:38:13-04:00,https://www.boltsfromtheblue.com/los-angeles-chargers-news/65225/chargers-rams-pff-grades-greg-desrosiers-quentin-johnston-justin-herbert,2026-08-31T00:09:20.677669+00:00
Los Angeles Chargers,https://www.boltsfromtheblue.com,Los Angeles Chargers news: Which roster hopeful MUST make the final 53?,"Good morning, Chargers fans! Final cuts are a little over two days away with the deadline scheduled for 3:00 p.m. PST on Sunday, August 30th. With that right around the corner, let’s cut to the chase: Which player(s) do you think MUST make the Chargers final roster if there truly is justice in the world. [&#8230;]",Michael Peterson,2026-08-28T10:13:00-04:00,https://www.boltsfromtheblue.com/los-angeles-chargers-news/65175/los-angeles-chargers-news-which-roster-hopeful-must-make-the-final-53,2026-08-31T00:09:20.677669+00:00
Los Angeles Chargers,https://www.boltsfromtheblue.com,"Chargers-Rams Game Recap: D.J. Uiagalelei, Greg DesRosiers Jr. lead inspired effort in loss","The Chargers fell 20-18 to the Rams in a back-and-forth matchup inside SoFi Stadium. Justin Herbert and the majority of the starters got four plays on the night, headlined by a 65-yard touchdown pass to Quentin Johnston. The stars of the night for the Chargers were third-string quarterback D.J. Uiagalelei and running back Greg DesRosiers [&#8230;]",Michael Peterson,2026-08-28T01:14:46-04:00,https://www.boltsfromtheblue.com/los-angeles-chargers-news/65220/chargers-rams-game-recap-d-j-uiagalelei-greg-desrosiers-jr-justin-herbert,2026-08-31T00:09:20.677669+00:00
Los Angeles Chargers,https://www.boltsfromtheblue.com,"Chargers vs. Rams Preseason Week 3: How to watch, game time, TV schedule, streaming, and more","Tonight is the Chargers’ preseason finale. They are back in SoFi Stadium but are considered the away team with the Rams as the home squad. Jim Harbaugh told reporters this week that all starters except for Derwin James and Khalil Mack will see action, meaning we could feasibly see Justin Herbert behind the current starting [&#8230;]",Michael Peterson,2026-08-27T14:29:39-04:00,https://www.boltsfromtheblue.com/los-angeles-chargers-game-information/65209/chargers-rams-preseason-week-3-how-to-watch-game-time-tv-schedule-streaming,2026-08-31T00:09:20.677669+00:00
Los Angeles Chargers,https://www.boltsfromtheblue.com,Chargers QB2 battle should be decided vs. Rams,"The Los Angeles Chargers will start Justin Herbert for their preseason finale against the Los Angeles Rams, but he isn&#8217;t expected to play very much. Most of the snaps will go to Trey Lance and DJ Uiagalelei. Lance and Uiagalelei are fighting for the backup job behind Herbert, and it very well could come down [&#8230;]",Jeremy Brener,2026-08-27T12:00:00-04:00,https://www.boltsfromtheblue.com/los-angeles-chargers-news/65199/chargers-qb2-battle-should-be-decided-vs-rams,2026-08-31T00:09:20.677669+00:00
Los Angeles Chargers,https://www.boltsfromtheblue.com,Los Angeles Chargers news: Who needs to impress in preseason finale the most?,"Good morning, Chargers fans! The Bolts end their 2026 preseason tonight in an exhibition game against the Rams. It’s also the final audition for many players looking to keep their NFL dreams alive. The Chargers have long been a team known for giving hope to undrafted players and there’s several guys currently on the team [&#8230;]",Michael Peterson,2026-08-27T09:50:15-04:00,https://www.boltsfromtheblue.com/los-angeles-chargers-news/65174/los-angeles-chargers-news-who-needs-to-impress-in-preseason-finale-the-most,2026-08-31T00:09:20.677669+00:00
Los Angeles Chargers,https://www.boltsfromtheblue.com,Rashawn Slater among 5 Chargers to watch vs. the Rams,"The preseason finale is already here for the Chargers who just finished up their 20th and final training camp practice on Tuesday. Jim Harbaugh told reporters that starters will see time against the Rams, aside from Derwin James and Khalil Mack. That means Justin Herbert, the starting offensive line, and all of their skill position [&#8230;]",Michael Peterson,2026-08-26T14:55:04-04:00,https://www.boltsfromtheblue.com/los-angeles-chargers-preseason/65195/rashawn-slater-among-5-chargers-to-watch-vs-the-rams,2026-08-31T00:09:20.677669+00:00
Los Angeles Chargers,https://www.boltsfromtheblue.com,"Junior Colson, Marlowe Wax among PFF’s top Chargers vs. 49ers","It was a much-less exciting game for the Chargers against the 49ers and it all came down to a very undisciplined performance from just about everyone. Unfortunately, some of the worst-graded players on the Chargers in this one were amongst the starters. Right guard Cole Strange — a literal follower of Mike McDaniel from the [&#8230;]",Michael Peterson,2026-08-26T12:34:08-04:00,https://www.boltsfromtheblue.com/los-angeles-chargers-news/65179/los-angeles-chargers-pff-grades-preseason-49ers-keaton-mitchell-ordonde-gadsden-ii,2026-08-31T00:09:20.677669+00:00
Los Angeles Chargers,https://www.boltsfromtheblue.com,"Los Angeles Chargers news: Slater, starting OL to play in preseason finale","Good morning, Chargers fans! On Tuesday, Jim Harbaugh told reporters that the only starters who will not play some amount of snaps against the Rams would be Derwin James and Khalil Mack. If that rings true, then the entire starting offensive line for the Chargers will see their first in-game snaps together on Thursday night. [&#8230;]",Michael Peterson,2026-08-26T09:50:00-04:00,https://www.boltsfromtheblue.com/los-angeles-chargers-news/65156/los-angeles-chargers-news-rashawn-slater-jake-slaughter-joe-alt,2026-08-31T00:09:20.677669+00:00
Los Angeles Chargers,https://www.boltsfromtheblue.com,"Rashawn Slater returns to practice, participates in 11-on-11","After missing most of the past two weeks, Chargers left tackle Rashawn Slater was back at practice on Tuesday. Prior to the day’s session, head coach Jim Harbaugh told reporters that Slater would practice in a limited fashion. Normally that means off to the side with a trainer or participating in individual drills only, but [&#8230;]",Michael Peterson,2026-08-25T16:15:59-04:00,https://www.boltsfromtheblue.com/los-angeles-chargers-injuries/65184/los-angeles-chargers-rashawn-slater-injury-tyler-biadasz,2026-08-31T00:09:20.677669+00:00
San Francisco 49ers,https://www.ninersnation.com,Christian Kirk and Austen Pleasants to begin the season on IR/designated to return,"San Francisco 49ers head coach Kyle Shanahan hinted at wide receiver Christian Kirk beginning the season on the Injured Reserve with a designation for return. He said the same about Vederian Lowe. According to Matt Maiocco, that’s true for Kirk, but not the case for Lowe. Instead, Austen Pleasants gets that designation. Pleasants is currently [&#8230;]",Kyle Posey,2026-08-30T18:42:05-04:00,https://www.ninersnation.com/san-francisco-49ers-injuries/161941/christian-kirk-and-austen-pleasants-to-begin-the-season-on-ir-designated-to-return,2026-08-31T00:09:20.677669+00:00
San Francisco 49ers,https://www.ninersnation.com,49ers Practice Squad Tracker: KhaDarel Hodge was released,"The San Francisco 49ers are starting to make some moves, trimming the 90-man roster to 53. Those that don’t make the 53 have a chance of being placed on the practice squad. The practice squad is important: players on it can travel with the team and do much of the work that any other active [&#8230;]",Patrick Holloway,2026-08-30T17:59:20-04:00,https://www.ninersnation.com/san-francisco-roster/161846/49ers-practice-squad-tracker-which-vested-veterans-will-make-it,2026-08-31T00:09:20.677669+00:00
San Francisco 49ers,https://www.ninersnation.com,Isaac Guerendo to begin the season on the reserve/PUP,The San Francisco 49ers placed running back Isaac Guerendo on the reserve/PUP. He will miss the first four games of the season. Guerendo missed all of training camp after suffering a pec injury back in late May. He was an obvious PUP candidate. Guerendo wasn&#8217;t going to impact the team in the first month of [&#8230;],Kyle Posey,2026-08-30T17:09:36-04:00,https://www.ninersnation.com/san-francisco-49ers-injuries/161922/isaac-guerendo-to-begin-the-season-on-the-reserve-pup,2026-08-31T00:09:20.677669+00:00
San Francisco 49ers,https://www.ninersnation.com,49ers trade for offensive line depth after releasing Rob Jones,"The San Francisco 49ers released Rob Jones, who may not have been healthy enough to practice this upcoming week. We’ll see if Jones re-signs with the team or lands on the practice squad. They may have believed Jones was expendable, which is why the 49ers traded for former Texans guard Jarrett Patterson. The 49ers gave [&#8230;]",Kyle Posey,2026-08-30T16:53:39-04:00,https://www.ninersnation.com/san-francisco-49ers-rumors/161902/49ers-trade-for-offensive-line-depth-after-releasing-rob-jones,2026-08-31T00:09:20.677669+00:00
San Francisco 49ers,https://www.ninersnation.com,"49ers roster tracker: Cuts, trades, and rumors: Rob Jones has been released","The 49ers began with a 90-man roster and must now trim it to 53. The deadline for roster cuts in 2026 is Sunday at 6 p.m. ET, but the 49ers probably want to get travel figured out for the Week 1 game in Melbourne, Australia, so you might see things materialize a bit quicker before [&#8230;]",Patrick Holloway,2026-08-30T16:32:06-04:00,https://www.ninersnation.com/san-francisco-roster/161776/49ers-roster-cut-tracker-who-is-going-to-make-the-53,2026-08-31T00:09:20.677669+00:00
San Francisco 49ers,https://www.ninersnation.com,Brandon Aiyuk remains on reserve/left squad list; 49ers don’t have to release him,"The San Francisco 49ers are trimming things down to their 53-man roster, and many of you might be looking for the obvious name: Brandon Aiyuk. Well, the thing is, Aiyuk hasn’t shown up to the 49ers’ facility yet and remains on the reserve/left squad list. He is still contractually bound to the 49ers, but he [&#8230;]",Patrick Holloway,2026-08-30T15:30:00-04:00,https://www.ninersnation.com/san-francisco-roster/161882/brandon-aiyuk-remains-on-reserve-left-squad-list-49ers-dont-have-to-release-him,2026-08-31T00:09:20.677669+00:00
San Francisco 49ers,https://www.ninersnation.com,"George Kittle has not had a setback, will practice this week","A throwaway comment from Kyle Shanahan had raised suspicion George Kittle has suffered a setback in his recovery from a torn Achilles. But that is clearly not the case, with a report on Sunday indicating the 49ers’ star tight end is still in with a shot of playing in San Francisco’s season opener against the [&#8230;]",Nicholas McGee,2026-08-30T11:37:53-04:00,https://www.ninersnation.com/san-francisco-49ers-news/161852/george-kittle-not-had-setback-will-practice-this-week,2026-08-31T00:09:20.677669+00:00
San Francisco 49ers,https://www.ninersnation.com,49ers News: And then there were 53,"Predicting the 49ers roster before Sunday’s cutdown to 53: Who stays, who plays, who’s out? (Paywall)“Of the six here, the selection that appears most iffy is Hobbs, who has barely practiced this camp and sports an already long injury history. He was supposed to offer nickel depth behind Stout, and perhaps he can still do [&#8230;]",Yinon Raviv,2026-08-30T04:55:00-04:00,https://www.ninersnation.com/san-francisco-49ers-news/161849/49ers-news-preseason-roster-hobbs-robinson-stout-kj-wright-jaden-dugger-louisiana-grief-luter-cornerbacks-injury-depth-cutdown-final-53-projection-practice-squad-injury-jack-jones-prysock-kyle-shanaha,2026-08-31T00:09:20.677669+00:00
San Francisco 49ers,https://www.ninersnation.com,The 49ers have decided on QB3,"The San Francisco 49ers have made a decision on their No. 3 quarterback, as they are releasing quarterback Adrian Martinez, paving the way for 2025 seventh-round pick Kurtis Rourke to make the 53-man roster as the team’s third quarterback. Martinez, 26, had thrown for 346 yards, one touchdown, and two interceptions during the preseason, seeing [&#8230;]",Rohan Chakravarthi,2026-08-29T16:57:07-04:00,https://www.ninersnation.com/san-francisco-49ers-news/161837/san-francisco-49ers-news-release-adrian-martinez-kurtis-rouke-qb3-brock-purdy-kyle-shanahan-53-man-roster,2026-08-31T00:09:20.677669+00:00
San Francisco 49ers,https://www.ninersnation.com,How would you split the 49ers’ RB workload in 2026?,"There are two good things: Christian McCaffrey will be available in Week 1 of 2026, and the 49ers have a nice rookie to try out in Kaelon Black. Brian Robinson Jr., the running back behind McCaffrey last year, was a significant upgrade, and Black might be even better. Behind those two, well, whoever doesn’t get [&#8230;]",Patrick Holloway,2026-08-29T11:39:00-04:00,https://www.ninersnation.com/san-francisco-roster/161817/how-would-you-split-the-49ers-rb-workload-in-2026,2026-08-31T00:09:20.677669+00:00
Seattle Seahawks,https://www.fieldgulls.com,Seahawks expected to sign Trevon Diggs to practice squad,"The Seattle Seahawks may have released Trevon Diggs during the final roster cuts to make their initial 53-man roster, but he is still in their plans. Seahawks general manager John Schneider told media after Sunday’s practice—yes, they still practice during that period between end of preseason and game prep for Week 1—that the plan is [&#8230;]",Mookie Alexander,2026-08-30T19:54:25-04:00,https://www.fieldgulls.com/seattle-seahawks-roster/173651/nfl-roster-cuts-news-seahawks-trevon-diggs-practice-squad,2026-08-31T00:09:20.677669+00:00
Seattle Seahawks,https://www.fieldgulls.com,"Seattle Seahawks 2026 roster cuts, practice squad tracker coverage","The Seattle Seahawks have finished up their 2026 preseason. Now the tough part comes: roster cuts. They must get down from 91 players to 53 by Sunday, Aug. 30 at 3 pm PT. Afterward, practice squads can be formed after waiver claims expire on Monday, Aug. 31 at 10 am PT. Follow Field Gulls for [&#8230;]",Mookie Alexander,2026-08-30T19:22:47-04:00,https://www.fieldgulls.com/seattle-seahawks-roster/173444/seattle-seahawks-2026-roster-cuts-practice-squad-tracker-coverage,2026-08-31T00:09:20.677669+00:00
Seattle Seahawks,https://www.fieldgulls.com,Seattle Seahawks 2026 roster cuts tracker,"The NFL offseason is all but officially over for the defending Super Bowl champion Seattle Seahawks, with the regular season set to kick off on Wednesday, September 9. To start the season off with a bang, the Hawks will be looking to open the 2026 campaign the same way they closed out 2025, and that [&#8230;]",John Gilbert,2026-08-30T19:13:22-04:00,https://www.fieldgulls.com/seattle-seahawks-roster/173386/seattle-seahawks-2026-roster-cuts-tracker,2026-08-31T00:09:20.677669+00:00
Seattle Seahawks,https://www.fieldgulls.com,Here is the 2026 Seahawks initial 53-man roster,"The preseason has come and gone, with final roster cuts across the NFL Sunday afternoon the final stake in the heart of the offseason. For the defending Super Bowl champion Seattle Seahawks and general manager John Schneider, the initial 53 man roster is almost always different from the Week 1 53 man roster, but today [&#8230;]",John Gilbert,2026-08-30T18:53:01-04:00,https://www.fieldgulls.com/seattle-seahawks-roster/173590/seattle-seahawks-2026-initial-53-man-roster,2026-08-31T00:09:20.677669+00:00
Seattle Seahawks,https://www.fieldgulls.com,Seahawks 2026 roster cuts: Seattle waives both Day 3 rookie cornerback draft picks,"The Seattle Seahawks have opted to keep neither of their seventh-round rookie cornerbacks on the initial 53-man roster. ESPN’s Brady Henderson reported that former Toledo corner Andre Fuller, who was drafted alongside former Arizona standout Michael Dansby, has been waived. Dansby was also waived by the team. If both clear waivers come Monday, then they [&#8230;]",Mookie Alexander,2026-08-30T18:45:44-04:00,https://www.fieldgulls.com/seattle-seahawks-roster/173626/seahawks-2026-roster-cuts-andre-fuller-rookie-waived,2026-08-31T00:09:20.677669+00:00
Seattle Seahawks,https://www.fieldgulls.com,Seahawks Nick Emmanwori ‘iffy’ for Week 1,"The Seattle Seahawks are set to take on the New England Patriots as the NFL opens the 2026 season with a rematch of the final game of the 2025 season. Both teams have seen changes to the roster, and in the case of Seahawks safety Nick Emmanwori, ankle surgery in July could push the 2026 [&#8230;]",John Gilbert,2026-08-30T16:21:20-04:00,https://www.fieldgulls.com/seattle-seahawks-news/173594/seahawks-nick-emmanwori-iffy-for-week-1,2026-08-31T00:09:20.677669+00:00
Seattle Seahawks,https://www.fieldgulls.com,Seahawks archnemesis returns: Aaron Donald is back with the LA Rams,"It was a fun two seasons not having to think about Aaron Donald sacking a Seattle Seahawks quarterback. Not only is he back, he’s back alongside reigning NFL Defensive Player of the Year and single-season sack record-holder Myles Garrett. After way too much, barely genuine “will he or won’t he?” speculation about his return to [&#8230;]",Mookie Alexander,2026-08-30T16:14:19-04:00,https://www.fieldgulls.com/seattle-seahawks-news/173593/seahawks-arch-nemesis-returns-aaron-donald-comes-out-of-retirement-nfl-news,2026-08-31T00:09:20.677669+00:00
Seattle Seahawks,https://www.fieldgulls.com,Seahawks roster cuts 2026: Seahawks waive another rookie draft pick,"The Seattle Seahawks are set to waive another part of their 2026 NFL Draft class, cornerback Michael Dansby, according to ESPN’s Brady Henderson. Dansby, a cornerback out of Arizona, was selected by Seattle in the seventh round with the No. 255 pick, Seattle’s final pick of this year. The rookie totaled four tackles in the [&#8230;]",Jack Freeman,2026-08-30T15:36:53-04:00,https://www.fieldgulls.com/seattle-seahawks-roster/173576/seahawks-roster-cuts-2026-rookie-cornerback-michael-dansby-waived,2026-08-31T00:09:20.677669+00:00
Seattle Seahawks,https://www.fieldgulls.com,Seahawks trade for rookie cornerback from LA Chargers,"NFL roster cut down day doesn’t only bring a slew of cuts, it also brings a ton of trades. The Seattle Seahawks are joining in on the fun. Seattle has traded for undrafted rookie cornerback, Avery Smith. The Seahawks are sending a 2027 6th round pick to the Los Angeles Chargers for the former Toledo [&#8230;]",John Tapia,2026-08-30T15:07:49-04:00,https://www.fieldgulls.com/seattle-seahawks-roster/173566/nfl-news-seahawks-trade-rookie-cornerback-avery-smith-chargers,2026-08-31T00:09:20.677669+00:00
Seattle Seahawks,https://www.fieldgulls.com,Seahawks roster cuts news: Seattle releasing safety D’Anthony Bell,"As NFL cutdown day continues, another bigger named Seattle Seahawks veteran has been cut. Safety, D’Anthony Bell was notified on Sunday that he is being released. This is not the most surprising move by the Seahawks considering that Bell was on and off the 53-man roster last season. Additionally, as a vested veteran, Bell will [&#8230;]",John Tapia,2026-08-30T14:29:08-04:00,https://www.fieldgulls.com/seattle-seahawks-news/173545/seahawks-nfl-roster-cuts-news-danthony-bell-released,2026-08-31T00:09:20.677669+00:00
Tampa Bay Buccaneers,https://www.bucsnation.com,Buccaneers 2026 practice squad tracker,"With the Tampa Bay Buccaneers’ initial 53-man roster taking shape, attention also turns to the practice squad. Tampa Bay can begin assembling its practice squad after players clear waivers, giving the team an opportunity to retain developmental prospects and add depth across the roster. Several players released during final cuts could return if they go [&#8230;]",Gil Arcia,2026-08-30T11:42:39-04:00,https://www.bucsnation.com/tampa-bay-buccaneers-roster/68314/buccaneers-2026-nfl-practice-squad-tracker,2026-08-31T00:09:20.677669+00:00
Tampa Bay Buccaneers,https://www.bucsnation.com,Tracking the 2026 Buccaneers roster cuts,"The Tampa Bay Buccaneers are continuing to trim their roster ahead of Sunday’s deadline to reach the NFL-mandated 53 players. According to FOX Sports’ Greg Auman, Tampa Bay has now made 20 cuts. The group includes quarterbacks Jake Browning and Connor Bazelak, running back Barika Kpeenu, wide receivers Dean Patterson, Eric Rivers and Jha’Quan Jackson, [&#8230;]",Gil Arcia,2026-08-30T11:32:31-04:00,https://www.bucsnation.com/tampa-bay-buccaneers-preseason/68304/tracking-the-2026-buccaneers-roster-cuts-nfl-preseason,2026-08-31T00:09:20.677669+00:00
Tampa Bay Buccaneers,https://www.bucsnation.com,Rookie quarterback Jalon Daniels earns the Bucs backup quarterback role,"The Tampa Bay Buccaneers have made their decision at backup quarterback, and undrafted rookie Jalon Daniels has won the job behind Baker Mayfield. NFL Network’s Ian Rapoport reported Sunday that Tampa Bay is moving forward with Daniels as its primary backup, capping an impressive rise for the former Kansas quarterback. Daniels entered training camp competing [&#8230;]",Gil Arcia,2026-08-30T11:16:21-04:00,https://www.bucsnation.com/tampa-bay-buccaneers-preseason/68300/rookie-quarterback-jalon-daniels-earns-buccaneers-backup-quarterback-role-baker-mayfield,2026-08-31T00:09:20.677669+00:00
Tampa Bay Buccaneers,https://www.bucsnation.com,Buccaneers Preseason Week 3 Winners and Losers,"It was a preseason finale to forget in Jacksonville Friday night, as the Buccaneers faltered to a 19-0 shutout at the hands of the Jaguars. The offense, even with dynamic undrafted rookie QB Jalon Daniels starting, could not muster even 100 total yards…all game. Preseason or not, that’s pretty gross, and in fact it was [&#8230;]",Mike Kiwak,2026-08-29T13:44:12-04:00,https://www.bucsnation.com/tampa-bay-buccaneers-analysis/68289/buccaneers-preseason-week-3-winners-and-losers,2026-08-31T00:09:20.677669+00:00
Tampa Bay Buccaneers,https://www.bucsnation.com,Buccaneers preseason finale was a disappointment for many,"The Tampa Bay Buccaneers closed out the preseason Friday night with an offensive performance they will quickly want to put behind them, falling 19-0 to the Jacksonville Jaguars at EverBank Stadium. With Tampa Bay sitting its starters, rookie quarterback Jalon Daniels received an extended opportunity to make his case for a roster spot. But after [&#8230;]",Gil Arcia,2026-08-29T09:30:00-04:00,https://www.bucsnation.com/tampa-bay-buccaneers-preseason/68293/buccaneers-preseason-finale-jaguars-disappointment-before-anything-else-todd-bowles,2026-08-31T00:09:20.677669+00:00
Tampa Bay Buccaneers,https://www.bucsnation.com,Tampa Bay Buccaneers news: Preseason finale vs. Jaguars will reveal 53-man roster,"The Tampa Bay Buccaneers are playing against the Jacksonville Jaguars in their final preseason game before the front office and coaching staff trim the roster from 90 to 53 players. Over 30 players will be sent to waivers, but only a fraction will be asked back for the practice squad. Tonight’s game against the Jags [&#8230;]",Jeremy Brener,2026-08-28T07:00:00-04:00,https://www.bucsnation.com/tampa-bay-buccaneers-news/68276/tampa-bay-buccaneers-news-preseason-finale-vs-jaguars-will-reveal-53-man-roster,2026-08-31T00:09:20.677669+00:00
Tampa Bay Buccaneers,https://www.bucsnation.com,"Tampa Bay Buccaneers news: Offense, defense bounce back vs. Jaguars in joint practice","The Tampa Bay Buccaneers are done with practicing in training camp for the 2026 season, the team will face off against the Jacksonville Jaguars tomorrow in their final preseason game. The team will cut its roster down from 90 to 53 players by Sunday at 6:00 p.m. ET. Bucs Nation, how do you feel about [&#8230;]",Jeremy Brener,2026-08-27T07:00:00-04:00,https://www.bucsnation.com/tampa-bay-buccaneers-news/68271/tampa-bay-buccaneers-news-joint-practice-jaguars-bounce-back,2026-08-31T00:09:20.677669+00:00
Tampa Bay Buccaneers,https://www.bucsnation.com,Tampa Bay Buccaneers news: Joint practice with Jaguars raises concerns,"The Tampa Bay Buccaneers are in Jacksonville this week for two joint practices and their preseason finale against the Jaguars. The Bucs didn’t have their best showing against the Jags during the first practice, which will have them coming back with a vengeance today. Bucs Nation, how do you feel about the team’s performance at [&#8230;]",Jeremy Brener,2026-08-26T07:00:00-04:00,https://www.bucsnation.com/tampa-bay-buccaneers-news/68265/tampa-bay-buccaneers-news-joint-practice-with-jaguars-raises-concerns,2026-08-31T00:09:20.677669+00:00
Tampa Bay Buccaneers,https://www.bucsnation.com,Bucs Nation Reacts Survey: Jalon Daniels,"Welcome to SB Nation Reacts, a survey of fans across the NFL. Throughout the year we ask questions of the most plugged-in Buccaneers fans and fans across the country. Sign up here to participate in the weekly emailed surveys:",Kyle Thele,2026-08-25T18:46:56-04:00,https://www.bucsnation.com/general/68253/bucs-nation-reacts-survey-jalon-daniels,2026-08-31T00:09:20.677669+00:00
Tampa Bay Buccaneers,https://www.bucsnation.com,Tampa Bay Buccaneers news: Training camp battles heating up,"The Tampa Bay Buccaneers have just a few days left in training camp before the team has to be cut down to 53 players on Sunday. This adds a lot of tension for players on the bubble, who could be fighting for their NFL lives Bucs Nation, how do you feel about the 53-man roster [&#8230;]",Jeremy Brener,2026-08-25T07:00:00-04:00,https://www.bucsnation.com/tampa-bay-buccaneers-news/68262/tampa-bay-buccaneers-news-training-camp-battles-heating-up,2026-08-31T00:09:20.677669+00:00
Tennessee Titans,https://www.musiccitymiracles.com,Titans roster cut tracker,"[UPDATE 2:38 PM] &#8211; DE Khalen Saunders reports that he has been cut. Same for WR Mason Kinsey. WR Hank Beatty is out, according to Melo. [UPDATE 2:29 PM] &#8211; Justin Melo is reporting that CB Keydrain Calligan, LB Dyontae Johnson, LB Reid Carrico, WR Courtney Jackson, DE Earnest Brown IV, and WR Lance McCutcheon. [&#8230;]",Jimmy Morris,2026-08-30T15:42:32-04:00,https://www.musiccitymiracles.com/tennessee-titans-news/66331/titans-roster-cut-tracker,2026-08-31T00:09:20.677669+00:00
Tennessee Titans,https://www.musiccitymiracles.com,Titans practice squad tracker,[UPDATE 2:43 PM] &#8211; Melo says WR Hank Beatty is a strong candidate for the practice squad. NFL teams had until 5:00 PM Central Time today to trim their rosters down to 53 players. All players who were released today and have accrued less than 4 years of service will be on waivers until 12:00 [&#8230;],Jimmy Morris,2026-08-30T15:24:39-04:00,https://www.musiccitymiracles.com/tennessee-titans-roster/66378/titans-practice-squad-tracker,2026-08-31T00:09:20.677669+00:00
Tennessee Titans,https://www.musiccitymiracles.com,Titans waive Will Levis,"The Tennessee Titans have reportedly waived Will Levis. This move doesn’t really come as a surprise. They would have loved to be able to trade him, but Levis didn’t help them with that by playing so poorly in the preseason. Jeremy Fowler said he was told that Levis wanted out. That might be the most [&#8230;]",Jimmy Morris,2026-08-30T15:12:08-04:00,https://www.musiccitymiracles.com/tennessee-titans-news/66387/titans-waive-will-levis,2026-08-31T00:09:20.677669+00:00
Tennessee Titans,https://www.musiccitymiracles.com,2026 NFL Waiver Wire rules and order,"Once the roster cut deadline of 5:00 PM Central passes on Sunday, players with less than four years of service time will be subject to waivers. All 32 teams have the chance to claim every player who falls under this category. The waiver order through week 3 of the regular season is the same as [&#8230;]",Jimmy Morris,2026-08-29T21:30:00-04:00,https://www.musiccitymiracles.com/tennessee-titans-news/66334/2026-nfl-waiver-wire-rules-and-order,2026-08-31T00:09:20.677669+00:00
Tennessee Titans,https://www.musiccitymiracles.com,Titans vs. Bears open game thread,The Tennessee Titans wrap up their 2026 preseason tonight at Nissan Stadium against the Chicago Bears. The starters probably won’t play much tonight after getting quite a bit of run in the first two games. I’d expect a series or maybe two from the 1s. It was a much better report from the joint practices [&#8230;],Jimmy Morris,2026-08-29T17:00:00-04:00,https://www.musiccitymiracles.com/tennessee-titans-discussion/66373/titans-vs-bears-open-game-thread,2026-08-31T00:09:20.677669+00:00
Tennessee Titans,https://www.musiccitymiracles.com,Tennessee Titans news: Joint practice vs. Bears could provide 53-man roster clues,"The Tennessee Titans are playing against the Chicago Bears in their final preseason game tomorrow, giving them one last chance to impress the coaching staff and front office before making the final cuts. Some roster bubble spots will be finalized during the game as the Titans figure out who will represent them during the season. [&#8230;]",Jeremy Brener,2026-08-28T07:00:00-04:00,https://www.musiccitymiracles.com/tennessee-titans-news/66357/tennessee-titans-news-joint-practice-vs-bears-could-provide-53-man-roster-clues,2026-08-31T00:09:20.677669+00:00
Tennessee Titans,https://www.musiccitymiracles.com,Should Titans be comfortable with Brandon Crenshaw-Dickson at swing tackle?,One of the biggest and most underrated position battles at Tennessee Titans training camp has happened at swing tackle. It was a position of concern before practice began and remains a worry-area heading into 53-man roster cuts this weekend. It seems that sophomore undrafted free agent Brandon Crenshaw-Dickson is winning the job. The Titans signed [&#8230;],Justin Melo,2026-08-27T13:00:00-04:00,https://www.musiccitymiracles.com/tennessee-titans-roster/66346/should-titans-be-comfortable-with-brandon-crenshaw-dickson-at-swing-tackle,2026-08-31T00:09:20.677669+00:00
Tennessee Titans,https://www.musiccitymiracles.com,How are you feeling about Carnell Tate?,"The early practice reports on Carnell Tate were glowing. He was showing up and making big plays every day. Vibes were high. Then the preseason started. Through 2 games, Tate still doesn’t have a reception. I went back and looked at the box scores from A.J. Brown’s rookie preseason. He had just one catch for [&#8230;]",Jimmy Morris,2026-08-27T12:52:23-04:00,https://www.musiccitymiracles.com/tennessee-titans-discussion/66319/how-are-you-feeling-about-carnell-tate,2026-08-31T00:09:20.677669+00:00
Tennessee Titans,https://www.musiccitymiracles.com,"How important is Bears joint practice for Titans QB Cam Ward, WR Carnell Tate?","The Tennessee Titans are hosting the Chicago Bears for a joint practice in Nashville on Thursday. They&#8217;ll then play each other in the preseason finale on Saturday. With head coach Robert Saleh seemingly placing more importance on joint practice than exhibition games, this arguably represents the Titans&#8217; last chance to physically prepare for Week 1. [&#8230;]",Justin Melo,2026-08-27T07:30:00-04:00,https://www.musiccitymiracles.com/tennessee-titans-training-camp/66324/how-important-is-bears-joint-practice-for-titans-qb-cam-ward-wr-carnell-tate,2026-08-31T00:09:20.677669+00:00
Tennessee Titans,https://www.musiccitymiracles.com,Tennessee Titans news: Joint practice vs. Bears could provide 53-man roster clues,"The Tennessee Titans are facing off against the Chicago Bears in their final preseason game, but before they face off at Nissan Stadium, the two teams will compete in a joint practice on Thursday. This is a good chance for the Titans to get ready for their game against the Bears, which is the final [&#8230;]",Jeremy Brener,2026-08-27T07:00:00-04:00,https://www.musiccitymiracles.com/tennessee-titans-news/66340/tennessee-titans-news-joint-practice-vs-bears-could-provide-53-man-roster-clues,2026-08-31T00:09:20.677669+00:00
Washington Commanders,https://www.hogshaven.com,"Commanders designate Trey Amos, Jeremy McNichols to return off injured reserve","The Washington Commanders placed cornerback Trey Amos and running back Jeremy McNichols on injured reserve with a designation to return on Sunday as part of the team’s initial 53-man roster cut. &#160; Also, defensive lineman Deatrich Wise Jr. was placed on the physically unable to perform list. He hasn’t practiced at all in camp while [&#8230;]",Scott Bair,2026-08-30T18:46:10-04:00,https://www.hogshaven.com/washington-commanders-roster/436247/washington-commanders-designate-larmey-tunsil-johnny-newton-trey-amos-return-injured-reserve-jeremy-mcnichols,2026-08-31T00:09:20.677669+00:00
Washington Commanders,https://www.hogshaven.com,Analyzing Washington Commanders 53-man roster position by position,"The initial Commanders 53-man roster has been set. Washington had to make a series of cuts before Sunday’s 6 p.m. ET deadline to do so, and formally announced those transactions shortly after. The word “initial” in that first sentence is key, considering there are obvious gaps to fill and adjustments to be made before facing [&#8230;]",Scott Bair,2026-08-30T18:31:07-04:00,https://www.hogshaven.com/washington-commanders-roster/436251/washington-commanders-53-man-roster-analysis-jayden-daniels-luke-mccaffrey-adam-peters-dan-quinn,2026-08-31T00:09:20.677669+00:00
Washington Commanders,https://www.hogshaven.com,"Washington Commanders Practice Squad tracker: Rumors, news, updates, trades, and more","NFL teams are required to cut their rosters down to 53 players by 6 p.m. today. The Washington Commanders will have to release, trade, or place players on injured lists, removing 38 players from the roster. Teams will be able to form 16 player practice squads tomorrow after 1 p.m. ET. Waiver claims will be [&#8230;]",Scott Jennings,2026-08-30T12:00:00-04:00,https://www.hogshaven.com/washington-commanders-roster/435042/washington-commanders-practice-squad-tracker-rumors-news-updates-trades,2026-08-31T00:09:20.677669+00:00
Washington Commanders,https://www.hogshaven.com,Commanders News: Has Adam Peters given Dan Quinn a winning roster?,"The Daily Slop &#8211; 30 August 2026 Editor’s note: Each day, Hogs Haven compiles a collection of articles, podcasts &#38; tweets from around the web to keep you in touch with the Commanders, the NFC East, the NFL and sports in general, with a sprinkling of other stuff. Enjoy! Commanders links Articles The Athletic (paywall) [&#8230;]",bill-in-bangkok,2026-08-30T10:00:00-04:00,https://www.hogshaven.com/washington-commanders-news/436291/has-adam-peters-given-dan-quinn-a-winning-roster-eagles-wk-1,2026-08-31T00:09:20.677669+00:00
Washington Commanders,https://www.hogshaven.com,"How it works: NFL Practice Squad rules, eligibility, salary, waiver wire, and more","The Washington Commanders have to trim their roster down to 53 players by 6 p.m. ET today. The roster cuts will start before then, and many of those players will be signed to the team’s 17-man practice squad. Every team has to trim down from 90 or 91 players, 16 player squads Practice squads were [&#8230;]",Scott Jennings,2026-08-29T20:00:00-04:00,https://www.hogshaven.com/washington-commanders-roster/435033/how-it-works-nfl-practice-squad-rules-eligibility-salary-waiver-wire,2026-08-31T00:09:20.677669+00:00
Washington Commanders,https://www.hogshaven.com,Commanders vs. Ravens preseason Week 3: Mark Tyler’s Studs and Duds,"A beautiful late-summer evening in Baltimore turned into a nightmare performance for Dan Quinn and his Commanders roster hopefuls. With most of the starters and key reserves sitting this one out, there were still plenty of guys hoping to make an impact in the game for either Washington, or one of the 31 other teams [&#8230;]",Mark Tyler,2026-08-29T12:02:02-04:00,https://www.hogshaven.com/washington-commanders-analysis/436172/commanders-ravens-preseason-week-3-winners-losers-studs-duds-tyler-owens-luke-mccaffrey-jaden-bradley,2026-08-31T00:09:20.677669+00:00
Washington Commanders,https://www.hogshaven.com,WR Diggs signing seen as most critical to 2026 success &#8211; survey results,"In this week’s Reacts survey conducted here at Hogs Haven, we asked readers to identify which of six high-profile free-agent acquisitions would deliver the most significant positive impact on the upcoming 2026 season. Visit our partners at FanDuel Wide receiver Stefon Diggs led the field with 47% of the total vote. Edge rusher Odafe Oweh [&#8230;]",bill-in-bangkok,2026-08-29T12:00:00-04:00,https://www.hogshaven.com/washington-commanders-discussion/435089/wr-diggs-signing-seen-as-most-critical-to-2026-success-survey-results,2026-08-31T00:09:20.677669+00:00
Washington Commanders,https://www.hogshaven.com,Commanders News: Preseason ends; now come final roster decisions,"The Daily Slop &#8211; 29 August 2026 Editor’s note: Each day, Hogs Haven compiles a collection of articles, podcasts &#38; tweets from around the web to keep you in touch with the Commanders, the NFC East, the NFL and sports in general, with a sprinkling of other stuff. Enjoy! Commanders links Articles The Athletic (paywall) [&#8230;]",bill-in-bangkok,2026-08-29T09:00:00-04:00,https://www.hogshaven.com/washington-commanders-news/436101/preseason-ends-roster-cuts-begin-eagles-game-in-2-wks,2026-08-31T00:09:20.677669+00:00
Washington Commanders,https://www.hogshaven.com,NFL waiver wire explained: Commanders players subject to the process,"The Washington Commanders have to cut their roster down to 53 players by Sunday&#8217;s 6 p.m. ET deadline. That means 38 players will either be released, traded, or placed on an injury list as the team prepares for the start of the 2026 regular season, a division game against the Eagles in Philadelphia. FanDuel Week [&#8230;]",Scott Jennings,2026-08-29T08:00:00-04:00,https://www.hogshaven.com/washington-commanders-roster/435045/nfl-waiver-wire-explained-commanders-players-subject-process,2026-08-31T00:09:20.677669+00:00
Washington Commanders,https://www.hogshaven.com,"Washington Commanders roster cuts tracker: Rumors, news, updates, trades, and more","The Washington Commanders preseason is behind us, and they now prepare for their season opener against the Philadelphia Eagles on Sept. 13. NFL teams are required to cut their rosters down to 53 players by 6 p.m. ET on Sunday. Teams will be able to form 17* player practice squads on Monday after the 1 [&#8230;]",Scott Jennings,2026-08-29T07:00:00-04:00,https://www.hogshaven.com/washington-commanders-roster/435031/washington-commanders-roster-cuts-tracker-rumors-news-updates-trades,2026-08-31T00:09:20.677669+00:00
