team_abbr,player,spotrac_id,position,age,roster_status,reason,cap_hit,cap_pct,dead_cap,cash_total,fa_year,pulled_at
ARI,Budda Baker,21777,S,30.0,Active,,19216250.0,6.38,21537500.0,16170000.0,2028.0,2026-10-03T20:07:02.636796+00:00
ARI,Josh Sweat,25231,ED,29.0,Active,,16385000.0,5.44,31900000.0,18100000.0,2029.0,2026-10-03T20:07:02.636796+00:00
ARI,Jacoby Brissett,19045,QB,34.0,Active,,10365000.0,3.44,17300000.0,15790000.0,2027.0,2026-10-03T20:07:02.636796+00:00
ARI,Marvin Harrison Jr.,90333,WR,24.0,Active,,9658537.0,3.21,23850023.0,4021766.0,2029.0,2026-10-03T20:07:02.636796+00:00
ARI,Jeremiyah Love,105704,RB,21.0,Active,,9644987.0,3.2,53027291.0,35911523.0,2031.0,2026-10-03T20:07:02.636796+00:00
ARI,Baron Browning,72486,ED,27.0,Active,,9415000.0,3.13,9190000.0,6695000.0,2027.0,2026-10-03T20:07:02.636796+00:00
ARI,Paris Johnson,82283,LT,25.0,Active,,8936322.0,2.97,28638322.0,4585876.0,2028.0,2026-10-03T20:07:02.636796+00:00
ARI,Trey McBride,76931,TE,27.0,Active,,8701000.0,2.89,26886000.0,11026000.0,2030.0,2026-10-03T20:07:02.636796+00:00
ARI,Hjalte Froholdt,29166,C,30.0,Active,,7938334.0,2.64,15433334.0,10105000.0,2029.0,2026-10-03T20:07:02.636796+00:00
ARI,Isaac Seumalo,19033,G,33.0,Active,,6853333.0,2.28,15100000.0,12610000.0,2029.0,2026-10-03T20:07:02.636796+00:00
ARI,Michael Wilson,82386,WR,26.0,Active,,6216691.0,2.06,35231691.0,19495880.0,2030.0,2026-10-03T20:07:02.636796+00:00
ARI,Zaven Collins,72396,ED,27.0,Active,,6062737.0,2.01,5807737.0,4362737.0,2027.0,2026-10-03T20:07:02.636796+00:00
ARI,Gardner Minshew,29226,QB,30.0,Active,,5690000.0,1.89,5240000.0,5750000.0,2027.0,2026-10-03T20:07:02.636796+00:00
ARI,Kendrick Bourne,22372,WR,31.0,Active,,4780000.0,1.59,6550000.0,7060000.0,2028.0,2026-10-03T20:07:02.636796+00:00
ARI,Mack Wilson,29203,LB,28.0,Active,,4726667.0,1.57,4606667.0,3695000.0,2027.0,2026-10-03T20:07:02.636796+00:00
ARI,Walter Nolen,97812,DL,23.0,Active,,4412596.0,1.47,15857057.0,1731223.0,2030.0,2026-10-03T20:07:02.636796+00:00
ARI,Roy Lopez,72579,DL,29.0,Active,,4390000.0,1.46,6050000.0,6390000.0,2028.0,2026-10-03T20:07:02.636796+00:00
ARI,Tyler Allgeier,77028,RB,26.0,Active,,4350000.0,1.44,8100000.0,7100000.0,2028.0,2026-10-03T20:07:02.636796+00:00
ARI,Garrett Williams,82364,CB,25.0,Active,,3959413.0,1.31,285413.0,3684880.0,2027.0,2026-10-03T20:07:02.636796+00:00
ARI,Darius Robinson,90356,DL,25.0,Active,,3793424.0,1.26,8206392.0,2066728.0,2029.0,2026-10-03T20:07:02.636796+00:00
ARI,Jack Gibbens,77624,LB,28.0,Active,,3725000.0,1.24,4050000.0,4725000.0,2028.0,2026-10-03T20:07:02.636796+00:00
ARI,Dante Stills,82517,DL,27.0,Active,,3718214.0,1.23,44214.0,3684880.0,2027.0,2026-10-03T20:07:02.636796+00:00
ARI,Elijah Higgins,82501,TE,26.0,Active,,3684880.0,1.22,10880.0,3684880.0,2027.0,2026-10-03T20:07:02.636796+00:00
ARI,Andrew Wingard,29463,S,30.0,Active,,2985000.0,0.99,2745000.0,3000000.0,2027.0,2026-10-03T20:07:02.636796+00:00
ARI,Elijah Wilkinson,22556,RT,31.0,Active,,2855000.0,0.95,3180000.0,3605000.0,2028.0,2026-10-03T20:07:02.636796+00:00
ARI,Andrew Billings,19076,DL,31.0,Active,,2500000.0,0.83,2075000.0,2500000.0,2027.0,2026-10-03T20:07:02.636796+00:00
ARI,Max Melton,90375,CB,24.0,Active,,2434964.0,0.81,3306020.0,1613908.0,2028.0,2026-10-03T20:07:02.636796+00:00
ARI,Devin Duvernay,47687,WR,29.0,Active,,2350000.0,0.78,1595000.0,1850000.0,2027.0,2026-10-03T20:07:02.636796+00:00
ARI,Hunter Long,72461,TE,28.0,Active,,2132353.0,0.71,2000000.0,2250000.0,2027.0,2026-10-03T20:07:02.636796+00:00
ARI,Chad Ryland,82416,K,27.0,Active,,1850000.0,0.61,575000.0,1850000.0,2027.0,2026-10-03T20:07:02.636796+00:00
ARI,L.J. Collier,29064,DL,31.0,Active,,1740000.0,0.58,1660000.0,2000000.0,2027.0,2026-10-03T20:07:02.636796+00:00
ARI,Blake Gillikin,48001,P,28.0,Active,,1725000.0,0.57,1650000.0,1905000.0,2027.0,2026-10-03T20:07:02.636796+00:00
ARI,Isaiah Adams,90403,G,26.0,Active,,1640365.0,0.54,593526.0,1349042.0,2028.0,2026-10-03T20:07:02.636796+00:00
ARI,Jordan Burch,97877,ED,25.0,Active,,1485846.0,0.49,1030595.0,1145941.0,2029.0,2026-10-03T20:07:02.636796+00:00
ARI,Carson Beck,107349,QB,24.0,Active,,1351019.0,0.45,1850651.0,2735651.0,2030.0,2026-10-03T20:07:02.636796+00:00
ARI,Jon Gaines II,82426,G,27.0,Active,,1338940.0,0.44,193940.0,1155880.0,2027.0,2026-10-03T20:07:02.636796+00:00
ARI,Dadrion Taylor-Demerson,90436,S,25.0,Active,,1297591.0,0.43,434302.0,1085880.0,2028.0,2026-10-03T20:07:02.636796+00:00
ARI,Casey Kreiter,14842,LS,36.0,Active,,1273380.0,0.42,1498380.0,1498380.0,2027.0,2026-10-03T20:07:02.636796+00:00
ARI,Simi Fehoko,72563,WR,29.0,Active,,1273380.0,0.42,1413380.0,1413380.0,2027.0,2026-10-03T20:07:02.636796+00:00
ARI,Cody Simon,97916,LB,24.0,Active,,1267070.0,0.42,764450.0,1015880.0,2029.0,2026-10-03T20:07:02.636796+00:00
ARI,Kei'Trel Clark,82484,CB,25.0,Active,,1207693.0,0.4,62693.0,1155540.0,2027.0,2026-10-03T20:07:02.636796+00:00
ARI,Bam Knight,77545,RB,25.0,Active,,1195000.0,0.4,50000.0,1195000.0,2027.0,2026-10-03T20:07:02.636796+00:00
ARI,Jalen Brooks,82548,WR,26.0,Active,,1155880.0,0.38,10880.0,1155880.0,2027.0,2026-10-03T20:07:02.636796+00:00
ARI,Eku Leota,82711,ED,27.0,Active,,1155880.0,0.38,10880.0,1155880.0,2027.0,2026-10-03T20:07:02.636796+00:00
ARI,Denzel Burke,97975,CB,24.0,Active,,1095934.0,0.36,251042.0,1015880.0,2029.0,2026-10-03T20:07:02.636796+00:00
ARI,Hayden Conner,98012,G,24.0,Active,,1059450.0,0.35,141590.0,1015880.0,2029.0,2026-10-03T20:07:02.636796+00:00
ARI,Reggie Virgil,107393,WR,22.0,Active,,1028958.0,0.34,561333.0,1446333.0,2030.0,2026-10-03T20:07:02.636796+00:00
ARI,Josh Fryar,98059,T,24.0,Active,,1027547.0,0.34,22547.0,1015880.0,2028.0,2026-10-03T20:07:02.636796+00:00
ARI,Karson Sharar,107423,LB,23.0,Active,,971941.0,0.32,333265.0,1218265.0,2030.0,2026-10-03T20:07:02.636796+00:00
ARI,Kalen King,90589,CB,23.0,Active,,949167.0,0.32,,949167.0,2027.0,2026-10-03T20:07:02.636796+00:00
ARI,Jayden Williams,107447,T,23.0,Active,,935196.0,0.31,186285.0,1071285.0,2030.0,2026-10-03T20:07:02.636796+00:00
ARI,Starling Thomas V,82928,CB,26.0,Active,,895833.0,0.3,,895833.0,2027.0,2026-10-03T20:07:02.636796+00:00
ARI,Wydett Williams Jr.,107669,S,23.0,Active,,893166.0,0.3,114833.0,899833.0,2029.0,2026-10-03T20:07:02.636796+00:00
ARI,James Conner,21847,RB,31.0,IR,SHORT-TERM IR: FOOT,4830000.0,1.6,4740000.0,3000000.0,2027.0,2026-10-03T20:07:02.636796+00:00
ARI,Chase Bisontis,106256,G,22.0,IR,IR: KNEE,2415511.0,0.8,13263565.0,6992545.0,2030.0,2026-10-03T20:07:02.636796+00:00
ARI,Will Johnson,97846,CB,23.0,IR,IR: NECK,2149351.0,0.71,5959610.0,1278302.0,2029.0,2026-10-03T20:07:02.636796+00:00
ARI,Joey Blount,77579,S,28.0,IR,IR: NECK,1780000.0,0.59,1765000.0,1820000.0,2027.0,2026-10-03T20:07:02.636796+00:00
ARI,Trey Benson,90398,RB,24.0,IR,IR: KNEE,1663500.0,0.55,624372.0,1356754.0,2028.0,2026-10-03T20:07:02.636796+00:00
ARI,Kaleb Proctor,107376,DL,22.0,IR,IR: KNEE,835788.0,0.28,1268653.0,1783653.0,2030.0,2026-10-03T20:07:02.636796+00:00
ARI,Zach Carter,76971,DL,27.0,IR,SHORT-TERM IR: KNEE,625880.0,0.21,10880.0,625880.0,2027.0,2026-10-03T20:07:02.636796+00:00
ARI,Kitan Crawford,98026,S,24.0,IR,IR: ANKLE,611184.0,0.2,114299.0,576713.0,2029.0,2026-10-03T20:07:02.636796+00:00
ARI,Jameson Geers,107665,TE,24.0,IR,IR: KNEE,524833.0,0.17,129833.0,534833.0,2029.0,2026-10-03T20:07:02.636796+00:00
ARI,Tip Reiman,90414,TE,25.0,PUP,/PUP: ANKLE,1589947.0,0.53,526302.0,1332236.0,2028.0,2026-10-03T20:07:02.636796+00:00
ARI,Teagan Quitoriano,77047,TE,26.0,PS,,411300.0,0.14,,411300.0,,2026-10-03T20:07:02.636796+00:00
ARI,Evan Hull,82480,RB,26.0,PS,,330300.0,0.11,,330300.0,,2026-10-03T20:07:02.636796+00:00
ARI,Jerrick Reed II,82502,S,26.0,PS,,311950.0,0.1,,311950.0,,2026-10-03T20:07:02.636796+00:00
ARI,D’Shawn Jamison,82642,CB,27.0,PS,,247500.0,0.08,,247500.0,,2026-10-03T20:07:02.636796+00:00
ARI,Demontrey Jacobs,82972,LT,28.0,PS,,247500.0,0.08,,247500.0,,2026-10-03T20:07:02.636796+00:00
ARI,Shawn Bowman,90753,TE,26.0,PS,,247500.0,0.08,,247500.0,,2026-10-03T20:07:02.636796+00:00
ARI,Jared Harrison-Hunte,98398,DL,26.0,PS,,247500.0,0.08,,247500.0,,2026-10-03T20:07:02.636796+00:00
ARI,Eugene Asante,98446,LB,25.0,PS,,247500.0,0.08,,247500.0,,2026-10-03T20:07:02.636796+00:00
ARI,Cam Horsley,98529,DL,24.0,PS,,247500.0,0.08,,247500.0,,2026-10-03T20:07:02.636796+00:00
ARI,Vershon Lee,98995,G,25.0,PS,,247500.0,0.08,,247500.0,,2026-10-03T20:07:02.636796+00:00
ARI,Harrison Wallace III,107482,WR,23.0,PS,,247500.0,0.08,,247500.0,,2026-10-03T20:07:02.636796+00:00
ARI,Cameron Robertson,107666,ED,22.0,PS,,247500.0,0.08,,247500.0,,2026-10-03T20:07:02.636796+00:00
ARI,Damonic Williams,107668,DL,22.0,PS,,247500.0,0.08,,247500.0,,2026-10-03T20:07:02.636796+00:00
ARI,Art Green,82967,CB,26.0,PS,,233750.0,0.08,,233750.0,,2026-10-03T20:07:02.636796+00:00
ARI,Jay Toia,98018,DL,23.0,PS,,206250.0,0.07,,206250.0,,2026-10-03T20:07:02.636796+00:00
ARI,Kingsley Eguakun,91502,C,25.0,PS,,192500.0,0.06,,192500.0,,2026-10-03T20:07:02.636796+00:00
ARI,Valentin Senn,98284,G,26.0,PS,,,,,,,2026-10-03T20:07:02.636796+00:00
ATL,Jessie Bates III,25153,S,29.0,Active,,20280540.0,6.73,32280540.0,14030540.0,2027.0,2026-10-03T20:07:02.636796+00:00
ATL,Jake Matthews,14415,LT,34.0,Active,,16784253.0,5.57,37284253.0,16010540.0,2029.0,2026-10-03T20:07:02.636796+00:00
ATL,Chris Lindstrom,29049,G,29.0,Active,,14494080.0,4.81,43754080.0,16004080.0,2029.0,2026-10-03T20:07:02.636796+00:00
ATL,Bijan Robinson,82285,RB,24.0,Active,,10047009.0,3.34,40820009.0,19004548.0,2031.0,2026-10-03T20:07:02.636796+00:00
ATL,Divine Deablo,72460,LB,28.0,Active,,8930200.0,2.96,8670200.0,6010200.0,2027.0,2026-10-03T20:07:02.636796+00:00
ATL,Drake London,76856,WR,25.0,Active,,8005720.0,2.66,52880520.0,34880520.0,2031.0,2026-10-03T20:07:02.636796+00:00
ATL,Michael Penix Jr.,90337,QB,26.0,Active,,6250919.0,2.08,13531758.0,2885440.0,2029.0,2026-10-03T20:07:02.636796+00:00
ATL,Ryan Neuzil,72759,C,29.0,Active,,6235200.0,2.07,5810200.0,4485200.0,2027.0,2026-10-03T20:07:02.636796+00:00
ATL,Charlie Woerner,47786,TE,29.0,Active,,5760200.0,1.91,5420200.0,4760200.0,2027.0,2026-10-03T20:07:02.636796+00:00
ATL,Mike Hughes,25125,CB,29.0,Active,,5475847.0,1.82,6662514.0,4009180.0,2028.0,2026-10-03T20:07:02.636796+00:00
ATL,Za'Darius Smith,16848,ED,34.0,Active,,5294115.0,1.76,5000000.0,6000000.0,2027.0,2026-10-03T20:07:02.636796+00:00
ATL,Matthew Bergeron,82330,G,26.0,Active,,5041411.0,1.67,29822771.0,16182160.0,2031.0,2026-10-03T20:07:02.636796+00:00
ATL,Jahan Dotson,76866,WR,26.0,Active,,5010540.0,1.66,10010540.0,8010540.0,2028.0,2026-10-03T20:07:02.636796+00:00
ATL,Kyle Pitts,72383,TE,26.0,Active,,4631520.0,1.54,36009520.0,18009520.0,2029.0,2026-10-03T20:07:02.636796+00:00
ATL,Jawaan Taylor,29070,RT,29.0,Active,,4628740.0,1.54,3728740.0,5003740.0,2027.0,2026-10-03T20:07:02.636796+00:00
ATL,Kyle Hinton,47851,G,28.0,Active,,3260540.0,1.08,2835540.0,2760540.0,2027.0,2026-10-03T20:07:02.636796+00:00
ATL,Nick Folk,2418,K,42.0,Active,,3260000.0,1.08,4000000.0,4510000.0,2028.0,2026-10-03T20:07:02.636796+00:00
ATL,Austin Hooper,19035,TE,32.0,Active,,3230200.0,1.07,2750200.0,3230200.0,2027.0,2026-10-03T20:07:02.636796+00:00
ATL,Cam Thomas,76963,ED,26.0,Active,,3105540.0,1.03,2510540.0,3105540.0,2027.0,2026-10-03T20:07:02.636796+00:00
ATL,LaCale London,48075,DL,29.0,Active,,2700696.0,0.9,759520.0,2759520.0,2027.0,2026-10-03T20:07:02.636796+00:00
ATL,Christian Harris,76951,LB,25.0,Active,,2669180.0,0.89,1994180.0,2759180.0,2027.0,2026-10-03T20:07:02.636796+00:00
ATL,Samson Ebukam,21867,ED,31.0,Active,,2639180.0,0.88,2009180.0,2774180.0,2027.0,2026-10-03T20:07:02.636796+00:00
ATL,Brian Robinson,76974,RB,27.0,Active,,2510540.0,0.83,2000540.0,2510540.0,2027.0,2026-10-03T20:07:02.636796+00:00
ATL,Jake Bailey,29211,P,29.0,Active,,2232206.0,0.74,5010540.0,3565540.0,2029.0,2026-10-03T20:07:02.636796+00:00
ATL,Michael Ford,25562,CB,31.0,Active,,2161120.0,0.72,1821120.0,1911120.0,2027.0,2026-10-03T20:07:02.636796+00:00
ATL,Olamide Zaccheaus,29358,WR,29.0,Active,,2050200.0,0.68,2310200.0,2565200.0,2028.0,2026-10-03T20:07:02.636796+00:00
ATL,Avieon Terrell,105718,CB,21.0,Active,,1879178.0,0.62,10313729.0,4847213.0,2030.0,2026-10-03T20:07:02.636796+00:00
ATL,Gervon Dexter,82345,DL,25.0,Active,,1591872.0,0.53,,1591872.0,2031.0,2026-10-03T20:07:02.636796+00:00
ATL,Sydney Brown,82358,S,26.0,Active,,1544509.0,0.51,60540.0,1544509.0,2027.0,2026-10-03T20:07:02.636796+00:00
ATL,Maason Smith,90380,DL,24.0,Active,,1532124.0,0.51,1205414.0,1532124.0,2028.0,2026-10-03T20:07:02.636796+00:00
ATL,Liam McCullough,47973,LS,29.0,Active,,1449160.0,0.48,1899160.0,1224160.0,2029.0,2026-10-03T20:07:02.636796+00:00
ATL,Xavier Watts,97895,S,25.0,Active,,1416350.0,0.47,865436.0,1131158.0,2029.0,2026-10-03T20:07:02.636796+00:00
ATL,Brandon Dorlus,90441,DL,25.0,Active,,1289099.0,0.43,419698.0,1083500.0,2028.0,2026-10-03T20:07:02.636796+00:00
ATL,Zachariah Branch,106220,WR,22.0,Active,,1287768.0,0.43,1596573.0,2481573.0,2030.0,2026-10-03T20:07:02.636796+00:00
ATL,Corey Levin,21959,C,32.0,Active,,1270540.0,0.42,1410540.0,1495540.0,2027.0,2026-10-03T20:07:02.636796+00:00
ATL,Billy Bowman Jr.,97919,S,23.0,Active,,1262078.0,0.42,750154.0,1015540.0,2029.0,2026-10-03T20:07:02.636796+00:00
ATL,C.J. Henderson,47602,CB,28.0,Active,,1225200.0,0.41,1225200.0,1225200.0,2027.0,2026-10-03T20:07:02.636796+00:00
ATL,Tua Tagovailoa,47598,QB,28.0,Active,,1222480.0,0.41,1222480.0,1222480.0,2027.0,2026-10-03T20:07:02.636796+00:00
ATL,DeMarcco Hellams,82528,S,26.0,Active,,1182115.0,0.39,37115.0,1155540.0,2027.0,2026-10-03T20:07:02.636796+00:00
ATL,Yasir Abdullah,82440,LB,26.0,Active,,1145000.0,0.38,,1145000.0,2027.0,2026-10-03T20:07:02.636796+00:00
ATL,Kendal Daniels,107388,LB,24.0,Active,,1087092.0,0.36,793869.0,1678869.0,2030.0,2026-10-03T20:07:02.636796+00:00
ATL,Chris Blair,71021,WR,28.0,Active,,1085540.0,0.36,10540.0,1085540.0,2027.0,2026-10-03T20:07:02.636796+00:00
ATL,Michael Jerrell,90541,T,27.0,Active,,1085540.0,0.36,10540.0,1085540.0,2028.0,2026-10-03T20:07:02.636796+00:00
ATL,Nick Muse,77104,TE,28.0,Active,,1081387.0,0.36,,1081387.0,2027.0,2026-10-03T20:07:02.636796+00:00
ATL,Cooper Rush,22152,QB,33.0,Active,,1075000.0,0.36,1300000.0,1300000.0,2027.0,2026-10-03T20:07:02.636796+00:00
ATL,Josh Woods,27949,LB,30.0,Active,,1075000.0,0.36,1300000.0,1300000.0,2027.0,2026-10-03T20:07:02.636796+00:00
ATL,Jared Ivey,98333,ED,25.0,Active,,1005000.0,0.33,,1005000.0,2028.0,2026-10-03T20:07:02.636796+00:00
ATL,Zach Harrison,82367,DL,25.0,Active,,955556.0,0.32,,955556.0,2027.0,2026-10-03T20:07:02.636796+00:00
ATL,Harold Perkins Jr.,106292,LB,22.0,Active,,941466.0,0.31,211365.0,1096365.0,2030.0,2026-10-03T20:07:02.636796+00:00
ATL,Ethan Onianwa,107459,G,23.0,Active,,928815.0,0.31,160761.0,1045761.0,2030.0,2026-10-03T20:07:02.636796+00:00
ATL,Malcolm DeWalt,107892,CB,24.0,Active,,896499.0,0.3,144833.0,909833.0,2029.0,2026-10-03T20:07:02.636796+00:00
ATL,Jack Strand,107886,QB,22.0,Active,,894833.0,0.3,267333.0,904833.0,2029.0,2026-10-03T20:07:02.636796+00:00
ATL,Robert Longerbeam,98013,CB,25.0,Active,,,,,,2027.0,2026-10-03T20:07:02.636796+00:00
ATL,A.J. Terrell,47610,CB,28.0,IR,IR: GROIN,13509520.0,4.49,48509520.0,15009520.0,2029.0,2026-10-03T20:07:02.636796+00:00
ATL,Jalon Walker,97811,ED,22.0,IR,IR: KNEE (ACL),4683806.0,1.56,16834297.0,1785193.0,2030.0,2026-10-03T20:07:02.636796+00:00
ATL,Da'shawn Hand,25215,DL,31.0,IR,IR: KNEE,3008500.0,1.0,3008500.0,3008500.0,2027.0,2026-10-03T20:07:02.636796+00:00
ATL,JD Bertrand,90476,LB,26.0,IR,IR: UNDISCLOSED,1169986.0,0.39,182492.0,1082480.0,2028.0,2026-10-03T20:07:02.636796+00:00
ATL,Trey Sermon,72469,RB,27.0,IR,IR: UNDISCLOSED,565000.0,0.19,,615000.0,2027.0,2026-10-03T20:07:02.636796+00:00
ATL,Beaux Collins,98459,WR,24.0,IR,SHORT-TERM IR: UNDISCLOSED,540000.0,0.18,,540000.0,2028.0,2026-10-03T20:07:02.636796+00:00
ATL,Cameron Williams,98008,T,23.0,IR,IR: ANKLE,515000.0,0.17,125000.0,515000.0,2029.0,2026-10-03T20:07:02.636796+00:00
ATL,James Pearce Jr.,97822,ED,23.0,SUS,,3366693.0,1.12,7229736.0,1156005.0,2030.0,2026-10-03T20:07:02.636796+00:00
ATL,Storm Norton,22066,LT,32.0,PUP,/PUP: ANKLE,725540.0,0.24,110540.0,795540.0,2027.0,2026-10-03T20:07:02.636796+00:00
ATL,DeAngelo Malone,76958,ED,27.0,PUP,/PUP: UNDISCLOSED,625540.0,0.21,625540.0,625540.0,2027.0,2026-10-03T20:07:02.636796+00:00
ATL,Darnay Holmes,47706,CB,28.0,PS,,411300.0,0.14,,411300.0,,2026-10-03T20:07:02.636796+00:00
ATL,Jammie Robinson,82449,S,25.0,PS,,330300.0,0.11,,330300.0,,2026-10-03T20:07:02.636796+00:00
ATL,Khalil Herbert,72601,RB,28.0,PS,,311950.0,0.1,,311950.0,,2026-10-03T20:07:02.636796+00:00
ATL,Brian Asamoah,76942,LB,26.0,PS,,256900.0,0.09,,256900.0,,2026-10-03T20:07:02.636796+00:00
ATL,Zacch Pickens,82356,DL,26.0,PS,,247500.0,0.08,,247500.0,,2026-10-03T20:07:02.636796+00:00
ATL,Dylan Drummond,83087,WR,26.0,PS,,247500.0,0.08,,247500.0,,2026-10-03T20:07:02.636796+00:00
ATL,Bralen Trice,90406,ED,25.0,PS,,247500.0,0.08,,247500.0,,2026-10-03T20:07:02.636796+00:00
ATL,Antwane Wells Jr.,98464,WR,25.0,PS,,247500.0,0.08,,247500.0,,2026-10-03T20:07:02.636796+00:00
ATL,Kam Dewberry,107561,G,22.0,PS,,247500.0,0.08,,247500.0,,2026-10-03T20:07:02.636796+00:00
ATL,Josh Thompson,107746,G,24.0,PS,,247500.0,0.08,,247500.0,,2026-10-03T20:07:02.636796+00:00
ATL,James Brockermeyer,107887,C,24.0,PS,,247500.0,0.08,,247500.0,,2026-10-03T20:07:02.636796+00:00
ATL,Riley Mahlman,107888,T,24.0,PS,,247500.0,0.08,,247500.0,,2026-10-03T20:07:02.636796+00:00
ATL,Vinny Anthony,107890,WR,23.0,PS,,247500.0,0.08,,247500.0,,2026-10-03T20:07:02.636796+00:00
ATL,Jack Velling,107893,TE,23.0,PS,,247500.0,0.08,,247500.0,,2026-10-03T20:07:02.636796+00:00
ATL,Cash Jones,107894,RB,24.0,PS,,247500.0,0.08,,247500.0,,2026-10-03T20:07:02.636796+00:00
ATL,Drake Jackson,72688,C,25.0,PS,,233750.0,0.08,,233750.0,,2026-10-03T20:07:02.636796+00:00
ATL,Colby Sorsdal,82456,G,26.0,PS,,220000.0,0.07,,220000.0,,2026-10-03T20:07:02.636796+00:00
BAL,Lamar Jackson,25127,QB,29.0,Active,,34394080.0,11.42,109204080.0,52004080.0,2028.0,2026-10-03T20:07:02.636796+00:00
BAL,Roquan Smith,25103,LB,29.0,Active,,32726570.0,10.87,45445320.0,20007820.0,2028.0,2026-10-03T20:07:02.636796+00:00
BAL,Nnamdi Madubuike,47666,DL,29.0,Active,,29878519.0,9.92,48622637.0,22006460.0,2028.0,2026-10-03T20:07:02.636796+00:00
BAL,Marlon Humphrey,21757,CB,30.0,Active,,26276000.0,8.72,38207000.0,19250000.0,2027.0,2026-10-03T20:07:02.636796+00:00
BAL,Trey Hendrickson,21845,ED,32.0,Active,,15010880.0,4.98,60010880.0,31010880.0,2030.0,2026-10-03T20:07:02.636796+00:00
BAL,Kyle Hamilton,76863,S,25.0,Active,,10689744.0,3.55,58549744.0,20029744.0,2031.0,2026-10-03T20:07:02.636796+00:00
BAL,Ronnie Stanley,18954,LT,32.0,Active,,9861968.0,3.27,38198380.0,22002380.0,2028.0,2026-10-03T20:07:02.636796+00:00
BAL,Zay Flowers,82299,WR,26.0,Active,,7920119.0,2.63,55804119.0,26002040.0,2032.0,2026-10-03T20:07:02.636796+00:00
BAL,Mark Andrews,25185,TE,30.0,Active,,6979625.0,2.32,23160875.0,10589000.0,2029.0,2026-10-03T20:07:02.636796+00:00
BAL,Rashod Bateman,72407,WR,27.0,Active,,6181706.0,2.05,14249353.0,6501020.0,2030.0,2026-10-03T20:07:02.636796+00:00
BAL,Calais Campbell,3941,DL,40.0,Active,,6000000.0,1.99,4750000.0,5500000.0,2027.0,2026-10-03T20:07:02.636796+00:00
BAL,Derrick Henry,18994,RB,32.0,Active,,5595460.0,1.86,20402460.0,11006460.0,2028.0,2026-10-03T20:07:02.636796+00:00
BAL,Travis Jones,76952,DL,27.0,Active,,5573991.0,1.85,23270215.0,7510880.0,2029.0,2026-10-03T20:07:02.636796+00:00
BAL,John Simpson,47704,G,29.0,Active,,5010540.0,1.66,17510540.0,12010540.0,2029.0,2026-10-03T20:07:02.636796+00:00
BAL,Chidobe Awuzie,21802,CB,31.0,Active,,5007480.0,1.66,5007480.0,5007480.0,2027.0,2026-10-03T20:07:02.636796+00:00
BAL,Olaivavega Ioane,105722,G,22.0,Active,,4410872.0,1.46,24237782.0,14973452.0,2031.0,2026-10-03T20:07:02.636796+00:00
BAL,Trenton Simpson,82378,ED,25.0,Active,,3916837.0,1.3,242837.0,3684200.0,2027.0,2026-10-03T20:07:02.636796+00:00
BAL,Tavius Robinson,82428,ED,27.0,Active,,3865021.0,1.28,191021.0,3684880.0,2027.0,2026-10-03T20:07:02.636796+00:00
BAL,Broderick Washington,47766,DL,30.0,Active,,3860540.0,1.28,3860540.0,2010540.0,2027.0,2026-10-03T20:07:02.636796+00:00
BAL,Justice Hill,29161,RB,29.0,Active,,3821887.0,1.27,3674828.0,3258160.0,2027.0,2026-10-03T20:07:02.636796+00:00
BAL,Malaki Starks,97823,S,23.0,Active,,3777284.0,1.25,13574355.0,1602801.0,2030.0,2026-10-03T20:07:02.636796+00:00
BAL,Ethan Pocic,21799,C,31.0,Active,,3691176.0,1.23,3000000.0,3250000.0,2027.0,2026-10-03T20:07:02.636796+00:00
BAL,Nate Wiggins,90360,CB,23.0,Active,,3504815.0,1.16,7583849.0,1968938.0,2029.0,2026-10-03T20:07:02.636796+00:00
BAL,Jaylinn Hawkins,47729,S,29.0,Active,,3157480.0,1.05,5007480.0,5007480.0,2028.0,2026-10-03T20:07:02.636796+00:00
BAL,Durham Smythe,25224,TE,31.0,Active,,3010540.0,1.0,3010540.0,3010540.0,2027.0,2026-10-03T20:07:02.636796+00:00
BAL,Tyler Huntley,47906,QB,28.0,Active,,2153400.0,0.71,3503400.0,3003400.0,2028.0,2026-10-03T20:07:02.636796+00:00
BAL,Zion Young,105749,ED,22.0,Active,,2036824.0,0.68,11179978.0,5477260.0,2030.0,2026-10-03T20:07:02.636796+00:00
BAL,John Jenkins,12363,DL,37.0,Active,,1827500.0,0.61,1572500.0,1655000.0,2027.0,2026-10-03T20:07:02.636796+00:00
BAL,Roger Rosengarten,90394,RT,24.0,Active,,1766511.0,0.59,761722.0,1391090.0,2028.0,2026-10-03T20:07:02.636796+00:00
BAL,Andrew Vorhees,82533,G,27.0,Active,,1736408.0,0.58,1736408.0,1710880.0,2027.0,2026-10-03T20:07:02.636796+00:00
BAL,Mike Green,97858,ED,23.0,Active,,1697109.0,0.56,3532901.0,1188126.0,2029.0,2026-10-03T20:07:02.636796+00:00
BAL,Nick Moore,29630,LS,34.0,Active,,1465880.0,0.49,2185880.0,1225880.0,2030.0,2026-10-03T20:07:02.636796+00:00
BAL,Emery Jones Jr.,97890,T,22.0,Active,,1436680.0,0.48,912800.0,1136040.0,2029.0,2026-10-03T20:07:02.636796+00:00
BAL,Devontez Walker,90445,WR,25.0,Active,,1285003.0,0.43,409466.0,1085540.0,2028.0,2026-10-03T20:07:02.636796+00:00
BAL,Teddye Buchanan,97930,LB,24.0,Active,,1241604.0,0.41,688052.0,1015880.0,2029.0,2026-10-03T20:07:02.636796+00:00
BAL,Jovaughn Gwyn,82529,G,27.0,Active,,1195000.0,0.4,50000.0,1195000.0,2027.0,2026-10-03T20:07:02.636796+00:00
BAL,Elijah Sarratt,105735,WR,23.0,Active,,1185559.0,0.39,1188274.0,2073274.0,2030.0,2026-10-03T20:07:02.636796+00:00
BAL,Rasheen Ali,90498,RB,25.0,Active,,1155287.0,0.38,152754.0,1082820.0,2028.0,2026-10-03T20:07:02.636796+00:00
BAL,Carson Vinson,97942,T,25.0,Active,,1133279.0,0.38,363077.0,1015880.0,2029.0,2026-10-03T20:07:02.636796+00:00
BAL,Matthew Hibner,107387,TE,24.0,Active,,1087271.0,0.36,794048.0,1679048.0,2030.0,2026-10-03T20:07:02.636796+00:00
BAL,Tyler Loop,97987,K,25.0,Active,,1076733.0,0.36,194119.0,1015540.0,2029.0,2026-10-03T20:07:02.636796+00:00
BAL,LaJohntay Wester,98004,WR,24.0,Active,,1069597.0,0.36,172031.0,1015880.0,2029.0,2026-10-03T20:07:02.636796+00:00
BAL,Aeneas Peebles,98011,DL,25.0,Active,,1059450.0,0.35,141590.0,1015880.0,2029.0,2026-10-03T20:07:02.636796+00:00
BAL,Jay Higgins,98071,LB,24.0,Active,,1022546.0,0.34,24214.0,1015880.0,2028.0,2026-10-03T20:07:02.636796+00:00
BAL,Keondre Jackson,98357,S,24.0,Active,,1015880.0,0.34,10880.0,1015880.0,2027.0,2026-10-03T20:07:02.636796+00:00
BAL,Keyon Martin,98563,S,22.0,Active,,1015540.0,0.34,10540.0,1015540.0,2028.0,2026-10-03T20:07:02.636796+00:00
BAL,Chris Moore,19061,WR,33.0,Active,,1015278.0,0.34,,1227774.0,2027.0,2026-10-03T20:07:02.636796+00:00
BAL,Chandler Rivers,107405,CB,23.0,Active,,1010890.0,0.34,488524.0,1373524.0,2030.0,2026-10-03T20:07:02.636796+00:00
BAL,Josh Cuevas,107414,TE,23.0,Active,,984881.0,0.33,384488.0,1269488.0,2030.0,2026-10-03T20:07:02.636796+00:00
BAL,Ryan Eckley,107444,P,23.0,Active,,950724.0,0.32,247860.0,1132860.0,2030.0,2026-10-03T20:07:02.636796+00:00
BAL,Ethan Burke,107749,ED,23.0,Active,,896678.0,0.3,25012.0,910012.0,2029.0,2026-10-03T20:07:02.636796+00:00
BAL,Joe Fagnano,107752,QB,25.0,Active,,890012.0,0.3,5012.0,890012.0,2029.0,2026-10-03T20:07:02.636796+00:00
BAL,K'Von Wallace,47722,S,29.0,Active,,836108.0,0.28,,945000.0,2027.0,2026-10-03T20:07:02.636796+00:00
BAL,Danny Pinter,47744,C,30.0,IR,IR: KNEE,2760880.0,0.92,2260880.0,2760880.0,2027.0,2026-10-03T20:07:02.636796+00:00
BAL,Ja'Kobi Lane,106227,WR,22.0,IR,IR: WRIST,1282668.0,0.43,1576710.0,2461710.0,2030.0,2026-10-03T20:07:02.636796+00:00
BAL,T.J. Tampa,90463,CB,24.0,IR,IR: KNEE,1259474.0,0.42,359088.0,1084860.0,2028.0,2026-10-03T20:07:02.636796+00:00
BAL,Adam Randall,107415,RB,22.0,IR,SHORT-TERM IR: UNDISCLOSED,614881.0,0.2,384488.0,899488.0,2030.0,2026-10-03T20:07:02.636796+00:00
BAL,Skylar Thompson,77124,QB,29.0,IR,IR: UNDISCLOSED,596120.0,0.2,596120.0,596120.0,2027.0,2026-10-03T20:07:02.636796+00:00
BAL,Bilhal Kone,97979,CB,24.0,IR,SHORT-TERM IR: LOWER BODY,595166.0,0.2,218738.0,525880.0,2029.0,2026-10-03T20:07:02.636796+00:00
BAL,JahQuez Robinson,107487,S,25.0,IR,IR: UNDISCLOSED,520012.0,0.17,5012.0,520012.0,2029.0,2026-10-03T20:07:02.636796+00:00
BAL,Nick Vannett,19048,TE,33.0,PS,,411300.0,0.14,,411300.0,,2026-10-03T20:07:02.636796+00:00
BAL,Chuma Edoga,29128,T,29.0,PS,,411300.0,0.14,,411300.0,,2026-10-03T20:07:02.636796+00:00
BAL,Jonathan Ward,48088,RB,29.0,PS,,411300.0,0.14,,411300.0,,2026-10-03T20:07:02.636796+00:00
BAL,Lardarius Webb,5492,CB,41.0,PS,,388450.0,0.13,,388450.0,,2026-10-03T20:07:02.636796+00:00
BAL,Andre James,29367,C,29.0,PS,,319900.0,0.11,,319900.0,,2026-10-03T20:07:02.636796+00:00
BAL,Amani Oruwariye,29194,CB,30.0,PS,,311950.0,0.1,,311950.0,,2026-10-03T20:07:02.636796+00:00
BAL,Ty Pezza,107757,TE,24.0,PS,,252512.0,0.08,,252512.0,,2026-10-03T20:07:02.636796+00:00
BAL,A.J. Arcuri,77138,LT,29.0,PS,,247500.0,0.08,,247500.0,,2026-10-03T20:07:02.636796+00:00
BAL,Adisa Isaac,90425,ED,25.0,PS,,247500.0,0.08,,247500.0,,2026-10-03T20:07:02.636796+00:00
BAL,Gerad Christian-Lichtenhan,98074,T,25.0,PS,,247500.0,0.08,,247500.0,,2026-10-03T20:07:02.636796+00:00
BAL,Xavier Guillory,98354,WR,25.0,PS,,247500.0,0.08,,247500.0,,2026-10-03T20:07:02.636796+00:00
BAL,Kaimon Rucker,98592,ED,24.0,PS,,247500.0,0.08,,247500.0,,2026-10-03T20:07:02.636796+00:00
BAL,Rayshaun Benny,107475,DL,24.0,PS,,247500.0,0.08,,247500.0,,2026-10-03T20:07:02.636796+00:00
BAL,Gage Larvadain,98081,WR,23.0,PS,,233750.0,0.08,,233750.0,,2026-10-03T20:07:02.636796+00:00
BAL,Carl Jones Jr.,91385,ED,25.0,PS,,192500.0,0.06,,192500.0,,2026-10-03T20:07:02.636796+00:00
BAL,Kyle Hergel,91551,G,27.0,PS,,192500.0,0.06,,192500.0,,2026-10-03T20:07:02.636796+00:00
BAL,David Olajiga,90864,DL,29.0,PS,,,,,,,2026-10-03T20:07:02.636796+00:00
BUF,Josh Allen,25102,QB,30.0,Active,,44228000.0,14.68,191969000.0,55000000.0,2031.0,2026-10-03T20:07:02.636796+00:00
BUF,Dion Dawkins,21805,LT,32.0,Active,,24837833.0,8.25,38411833.0,16805000.0,2028.0,2026-10-03T20:07:02.636796+00:00
BUF,Ed Oliver,29044,DL,29.0,Active,,13663060.0,4.54,36213060.0,15053060.0,2028.0,2026-10-03T20:07:02.636796+00:00
BUF,Greg Rousseau,72410,DL,26.0,Active,,11790000.0,3.91,43373000.0,19510000.0,2030.0,2026-10-03T20:07:02.636796+00:00
BUF,Josh Palmer,72457,WR,27.0,Active,,11750000.0,3.9,16310000.0,10250000.0,2028.0,2026-10-03T20:07:02.636796+00:00
BUF,Spencer Brown,72474,RT,28.0,Active,,8970000.0,2.98,32507000.0,15000000.0,2029.0,2026-10-03T20:07:02.636796+00:00
BUF,Dawson Knox,29132,TE,30.0,Active,,8551333.0,2.84,17503999.0,7650000.0,2029.0,2026-10-03T20:07:02.636796+00:00
BUF,Christian Benford,77062,CB,26.0,Active,,7397020.0,2.46,35537020.0,15557020.0,2030.0,2026-10-03T20:07:02.636796+00:00
BUF,Khalil Shakir,77025,WR,26.0,Active,,6792000.0,2.26,26046000.0,12672000.0,2030.0,2026-10-03T20:07:02.636796+00:00
BUF,D.J. Moore,25119,WR,29.0,Active,,6752000.0,2.24,39235000.0,24500000.0,2030.0,2026-10-03T20:07:02.636796+00:00
BUF,Bradley Chubb,25100,ED,30.0,Active,,6500000.0,2.16,22000000.0,15000000.0,2029.0,2026-10-03T20:07:02.636796+00:00
BUF,James Cook,76939,RB,27.0,Active,,5880000.0,1.95,23080000.0,10000000.0,2030.0,2026-10-03T20:07:02.636796+00:00
BUF,Terrel Bernard,76965,LB,27.0,Active,,5352000.0,1.78,20262000.0,9672000.0,2030.0,2026-10-03T20:07:02.636796+00:00
BUF,Connor McGovern,29126,C,29.0,Active,,5250000.0,1.74,26300000.0,16250000.0,2030.0,2026-10-03T20:07:02.636796+00:00
BUF,Dalton Kincaid,82303,TE,27.0,Active,,4282434.0,1.42,12444434.0,2591157.0,2028.0,2026-10-03T20:07:02.636796+00:00
BUF,Dorian Williams,82383,LB,25.0,Active,,3913232.0,1.3,269232.0,3684540.0,2027.0,2026-10-03T20:07:02.636796+00:00
BUF,Maxwell Hairston,97826,CB,23.0,Active,,3477923.0,1.15,12494004.0,1543745.0,2030.0,2026-10-03T20:07:02.636796+00:00
BUF,Michael Hoecht,48007,DL,29.0,Active,,3400897.0,1.13,9418588.0,6650000.0,2028.0,2026-10-03T20:07:02.636796+00:00
BUF,O'Cyrus Torrence,82351,G,26.0,Active,,3374287.0,1.12,26221287.0,10045200.0,2031.0,2026-10-03T20:07:02.636796+00:00
BUF,Ty Johnson,29234,RB,29.0,Active,,3275000.0,1.09,2770000.0,2525000.0,2027.0,2026-10-03T20:07:02.636796+00:00
BUF,Dee Alford,75171,CB,29.0,Active,,3230000.0,1.07,7975000.0,6250000.0,2029.0,2026-10-03T20:07:02.636796+00:00
BUF,Tyler Bass,47784,K,29.0,Active,,3050000.0,1.01,4320000.0,2450000.0,2028.0,2026-10-03T20:07:02.636796+00:00
BUF,Keon Coleman,90365,WR,23.0,Active,,2758065.0,0.92,5529758.0,1721382.0,2028.0,2026-10-03T20:07:02.636796+00:00
BUF,Alec Anderson,77606,G,27.0,Active,,2500000.0,0.83,1900000.0,2500000.0,2027.0,2026-10-03T20:07:02.636796+00:00
BUF,T.J. Sanders,97840,DL,23.0,Active,,2429271.0,0.81,8146827.0,1333742.0,2029.0,2026-10-03T20:07:02.636796+00:00
BUF,Chauncey Gardner-Johnson,29153,S,29.0,Active,,2404760.0,0.8,3079760.0,3504760.0,2027.0,2026-10-03T20:07:02.636796+00:00
BUF,T.J. Parker,105723,ED,22.0,Active,,2393522.0,0.79,13145042.0,6906200.0,2030.0,2026-10-03T20:07:02.636796+00:00
BUF,Sam Franklin,48174,S,30.0,Active,,1924827.0,0.64,2588162.0,2758160.0,2029.0,2026-10-03T20:07:02.636796+00:00
BUF,Kyle Allen,25469,QB,30.0,Active,,1900000.0,0.63,2050000.0,2050000.0,2028.0,2026-10-03T20:07:02.636796+00:00
BUF,Cole Bishop,90392,S,24.0,Active,,1796357.0,0.6,876630.0,1400812.0,2028.0,2026-10-03T20:07:02.636796+00:00
BUF,Reid Ferguson,19383,LS,32.0,Active,,1602500.0,0.53,2157500.0,1325000.0,2029.0,2026-10-03T20:07:02.636796+00:00
BUF,DeWayne Carter,90427,DL,26.0,Active,,1542735.0,0.51,493466.0,1316272.0,2028.0,2026-10-03T20:07:02.636796+00:00
BUF,Landon Jackson,97871,DL,23.0,Active,,1514854.0,0.5,1130893.0,1151403.0,2029.0,2026-10-03T20:07:02.636796+00:00
BUF,Davison Igbinosun,106309,CB,22.0,Active,,1449570.0,0.48,5743203.0,3130392.0,2030.0,2026-10-03T20:07:02.636796+00:00
BUF,Deone Walker,97910,DL,22.0,Active,,1275940.0,0.42,794460.0,1014180.0,2029.0,2026-10-03T20:07:02.636796+00:00
BUF,Lloyd Cushenberry,47678,C,29.0,Active,,1273040.0,0.42,1413040.0,1413040.0,2027.0,2026-10-03T20:07:02.636796+00:00
BUF,Austin Corbett,25132,G,31.0,Active,,1268960.0,0.42,1493960.0,1493960.0,2027.0,2026-10-03T20:07:02.636796+00:00
BUF,Michael Danna,47773,DL,29.0,Active,,1267600.0,0.42,1407600.0,1407600.0,2027.0,2026-10-03T20:07:02.636796+00:00
BUF,Greg Gaines,29182,DL,29.0,Active,,1262500.0,0.42,1437500.0,1487500.0,2027.0,2026-10-03T20:07:02.636796+00:00
BUF,Ray Davis,90461,RB,27.0,Active,,1259077.0,0.42,362374.0,1080780.0,2028.0,2026-10-03T20:07:02.636796+00:00
BUF,Jude Bowry,106268,T,23.0,Active,,1208053.0,0.4,1279861.0,2164861.0,2030.0,2026-10-03T20:07:02.636796+00:00
BUF,Skyler Bell,107383,WR,24.0,Active,,1161342.0,0.39,1095165.0,1980165.0,2030.0,2026-10-03T20:07:02.636796+00:00
BUF,Kaleb Elarms-Orr,107384,LB,23.0,Active,,1160041.0,0.39,1087276.0,1972256.0,2030.0,2026-10-03T20:07:02.636796+00:00
BUF,Javon Solomon,90501,DL,25.0,Active,,1149109.0,0.38,137678.0,1085540.0,2028.0,2026-10-03T20:07:02.636796+00:00
BUF,Tylan Grable,90538,T,27.0,Active,,1127678.0,0.37,95156.0,1085200.0,2028.0,2026-10-03T20:07:02.636796+00:00
BUF,Damar Hamlin,72596,S,28.0,Active,,1125000.0,0.37,1265000.0,1265000.0,2027.0,2026-10-03T20:07:02.636796+00:00
BUF,Jackson Hawes,97974,TE,26.0,Active,,1095594.0,0.36,250702.0,1015540.0,2029.0,2026-10-03T20:07:02.636796+00:00
BUF,Joe Andreessen,91610,LB,26.0,Active,,1086374.0,0.36,11374.0,1085540.0,2027.0,2026-10-03T20:07:02.636796+00:00
BUF,Keleki Latu,98487,TE,24.0,Active,,1015540.0,0.34,10540.0,1015540.0,2028.0,2026-10-03T20:07:02.636796+00:00
BUF,Jalon Kilgore,107350,S,21.0,Active,,1005127.0,0.33,467620.0,1352620.0,2030.0,2026-10-03T20:07:02.636796+00:00
BUF,Tommy Doman,107466,P,24.0,Active,,922339.0,0.31,136468.0,1021468.0,2030.0,2026-10-03T20:07:02.636796+00:00
BUF,Ar'maj Reed-Adams,106249,G,25.0,Active,,921734.0,0.31,134048.0,1019048.0,2030.0,2026-10-03T20:07:02.636796+00:00
BUF,Greg Dortch,29425,WR,28.0,Active,,895830.0,0.3,,1012500.0,2027.0,2026-10-03T20:07:02.636796+00:00
BUF,Jordan Hancock,97971,CB,23.0,IR,IR: HAMSTRING,708093.0,0.24,250702.0,628039.0,2029.0,2026-10-03T20:07:02.636796+00:00
BUF,Zane Durant,107421,DL,22.0,IR,IR: NECK,614165.0,0.2,383772.0,898772.0,2030.0,2026-10-03T20:07:02.636796+00:00
BUF,Tyrell Shavers,82932,WR,27.0,PUP,/PUP: KNEE (ACL),579040.0,0.19,14040.0,575540.0,2027.0,2026-10-03T20:07:02.636796+00:00
BUF,Shaq Thompson,16749,LB,32.0,PS,,411300.0,0.14,,411300.0,,2026-10-03T20:07:02.636796+00:00
BUF,Austin Johnson,18992,DL,32.0,PS,,342750.0,0.11,,342750.0,,2026-10-03T20:07:02.636796+00:00
BUF,Trent Sherfield,25374,WR,30.0,PS,,330300.0,0.11,,330300.0,,2026-10-03T20:07:02.636796+00:00
BUF,Jedrick Wills,47604,LT,27.0,PS,,330300.0,0.11,,330300.0,,2026-10-03T20:07:02.636796+00:00
BUF,Geno Stone,47817,S,27.0,PS,,330300.0,0.11,,330300.0,,2026-10-03T20:07:02.636796+00:00
BUF,Phidarian Mathis,76923,DL,28.0,PS,,256900.0,0.09,,256900.0,,2026-10-03T20:07:02.636796+00:00
BUF,Shane Buechele,72645,QB,28.0,PS,,247500.0,0.08,,247500.0,,2026-10-03T20:07:02.636796+00:00
BUF,Anthony Kendall,82951,CB,27.0,PS,,247500.0,0.08,,247500.0,,2026-10-03T20:07:02.636796+00:00
BUF,Te'Cory Couch,91396,CB,27.0,PS,,247500.0,0.08,,247500.0,,2026-10-03T20:07:02.636796+00:00
BUF,Frank Gore Jr.,91399,RB,24.0,PS,,247500.0,0.08,,247500.0,,2026-10-03T20:07:02.636796+00:00
BUF,Chase Lundt,98007,T,26.0,PS,,247500.0,0.08,,247500.0,,2026-10-03T20:07:02.636796+00:00
BUF,Keonta Jenkins,98065,LB,24.0,PS,,247500.0,0.08,,247500.0,,2026-10-03T20:07:02.636796+00:00
BUF,Stephen Gosnell,98245,WR,25.0,PS,,247500.0,0.08,,247500.0,,2026-10-03T20:07:02.636796+00:00
BUF,Ja'Mori Maclin,107486,WR,25.0,PS,,247500.0,0.08,,247500.0,,2026-10-03T20:07:02.636796+00:00
BUF,Kani Walker,107915,CB,23.0,PS,,247500.0,0.08,,247500.0,,2026-10-03T20:07:02.636796+00:00
BUF,Brock Lampe,98471,FB,23.0,PS,,233750.0,0.08,,233750.0,,2026-10-03T20:07:02.636796+00:00
BUF,Travis Clayton,90555,DL,25.0,PS,,,,,,,2026-10-03T20:07:02.636796+00:00
CAR,Robert Hunt,47634,G,30.0,Active,,24300000.0,8.07,35400000.0,19000000.0,2029.0,2026-10-03T20:07:02.636796+00:00
CAR,Trevon Moehrig,72423,S,27.0,Active,,21270000.0,7.06,27590000.0,15300000.0,2028.0,2026-10-03T20:07:02.636796+00:00
CAR,Damien Lewis,47664,G,29.0,Active,,16720000.0,5.55,19990000.0,13000000.0,2028.0,2026-10-03T20:07:02.636796+00:00
CAR,Bryce Young,82278,QB,25.0,Active,,12086134.0,4.01,37990134.0,5935212.0,2028.0,2026-10-03T20:07:02.636796+00:00
CAR,Derrick Brown,47600,DL,28.0,Active,,10952000.0,3.64,33650000.0,19500000.0,2029.0,2026-10-03T20:07:02.636796+00:00
CAR,Patrick Jones,72470,ED,28.0,Active,,10115000.0,3.36,10115000.0,6500000.0,2027.0,2026-10-03T20:07:02.636796+00:00
CAR,Jaelan Phillips,72398,ED,27.0,Active,,9990000.0,3.32,60025000.0,36240000.0,2030.0,2026-10-03T20:07:02.636796+00:00
CAR,Bobby Brown,72501,DL,26.0,Active,,8033333.0,2.67,9356667.0,6200000.0,2028.0,2026-10-03T20:07:02.636796+00:00
CAR,Tommy Tremble,72463,TE,26.0,Active,,8000000.0,2.66,5990000.0,4500000.0,2027.0,2026-10-03T20:07:02.636796+00:00
CAR,Chuba Hubbard,72510,RB,27.0,Active,,7476100.0,2.48,10263300.0,6000000.0,2029.0,2026-10-03T20:07:02.636796+00:00
CAR,Devin Lloyd,76881,LB,28.0,Active,,6773333.0,2.25,25025000.0,17000000.0,2029.0,2026-10-03T20:07:02.636796+00:00
CAR,Tet McMillan,97804,WR,23.0,Active,,6355976.0,2.11,22860297.0,2117723.0,2029.0,2026-10-03T20:07:02.636796+00:00
CAR,Kenny Pickett,76871,QB,28.0,Active,,4000000.0,1.33,4000000.0,4000000.0,2027.0,2026-10-03T20:07:02.636796+00:00
CAR,Rasheed Walker,77126,LT,26.0,Active,,4000000.0,1.33,3320000.0,4000000.0,2027.0,2026-10-03T20:07:02.636796+00:00
CAR,Monroe Freeling,105731,T,22.0,Active,,3809095.0,1.26,20932300.0,12569566.0,2031.0,2026-10-03T20:07:02.636796+00:00
CAR,Jalen Coker,91427,WR,25.0,Active,,3495770.0,1.16,12509520.0,9109520.0,2030.0,2026-10-03T20:07:02.636796+00:00
CAR,Xavier Legette,90363,WR,25.0,Active,,3379659.0,1.12,7311488.0,1927900.0,2029.0,2026-10-03T20:07:02.636796+00:00
CAR,Luke Fortner,76941,C,28.0,Active,,2750000.0,0.91,2070000.0,2750000.0,2027.0,2026-10-03T20:07:02.636796+00:00
CAR,Thomas Incoom,82970,ED,27.0,Active,,2009520.0,0.67,1109520.0,2009520.0,2027.0,2026-10-03T20:07:02.636796+00:00
CAR,Nick Scott,29291,S,31.0,Active,,2000000.0,0.66,1830000.0,2000000.0,2027.0,2026-10-03T20:07:02.636796+00:00
CAR,Stone Forsythe,72592,T,29.0,Active,,2000000.0,0.66,1745000.0,2000000.0,2027.0,2026-10-03T20:07:02.636796+00:00
CAR,John Metchie,76920,WR,26.0,Active,,1908160.0,0.63,1008160.0,1908160.0,2027.0,2026-10-03T20:07:02.636796+00:00
CAR,Lee Hunter,106291,DL,24.0,Active,,1835194.0,0.61,9512009.0,4674499.0,2030.0,2026-10-03T20:07:02.636796+00:00
CAR,Sam Martin,12447,P,36.0,Active,,1658160.0,0.55,2008160.0,2008160.0,2028.0,2026-10-03T20:07:02.636796+00:00
CAR,Bobby Okereke,29125,LB,30.0,Active,,1500000.0,0.5,1500000.0,1500000.0,2027.0,2026-10-03T20:07:02.636796+00:00
CAR,Princely Umanmielen,97875,ED,24.0,Active,,1486916.0,0.49,1085271.0,1144999.0,2029.0,2026-10-03T20:07:02.636796+00:00
CAR,Ja'Tavion Sanders,90433,TE,23.0,Active,,1303079.0,0.43,446638.0,1084520.0,2028.0,2026-10-03T20:07:02.636796+00:00
CAR,J.J. Jansen,7578,LS,40.0,Active,,1272020.0,0.42,1497020.0,1497020.0,2027.0,2026-10-03T20:07:02.636796+00:00
CAR,A.J. Dillon,47657,RB,28.0,Active,,1272020.0,0.42,1412020.0,1412020.0,2027.0,2026-10-03T20:07:02.636796+00:00
CAR,Akayleb Evans,76995,CB,27.0,Active,,1271860.0,0.42,1411680.0,1411680.0,2027.0,2026-10-03T20:07:02.636796+00:00
CAR,Trevis Gipson,47751,ED,29.0,Active,,1270660.0,0.42,1410660.0,1410660.0,2027.0,2026-10-03T20:07:02.636796+00:00
CAR,Lathan Ransom,97923,S,24.0,Active,,1253799.0,0.42,727357.0,1014520.0,2029.0,2026-10-03T20:07:02.636796+00:00
CAR,Chau Smith-Wade,90490,CB,24.0,Active,,1165516.0,0.39,171512.0,1084520.0,2028.0,2026-10-03T20:07:02.636796+00:00
CAR,Will Lee III,106311,CB,23.0,Active,,1151796.0,0.38,1055370.0,1940370.0,2030.0,2026-10-03T20:07:02.636796+00:00
CAR,Feleipe Franks,72683,TE,29.0,Active,,1134520.0,0.38,1274520.0,1274520.0,2027.0,2026-10-03T20:07:02.636796+00:00
CAR,Cam Jackson,97941,DL,24.0,Active,,1132469.0,0.38,364047.0,1014180.0,2029.0,2026-10-03T20:07:02.636796+00:00
CAR,Mitchell Evans,97964,TE,23.0,Active,,1112262.0,0.37,302746.0,1014520.0,2029.0,2026-10-03T20:07:02.636796+00:00
CAR,Darren Waller,16930,TE,34.0,Active,,1075000.0,0.36,1300000.0,1300000.0,2027.0,2026-10-03T20:07:02.636796+00:00
CAR,Sam Hecht,107347,C,23.0,Active,,1027442.0,0.34,557954.0,1442954.0,2030.0,2026-10-03T20:07:02.636796+00:00
CAR,Ryan Fitzgerald,98395,K,26.0,Active,,1019520.0,0.34,19520.0,1014520.0,2028.0,2026-10-03T20:07:02.636796+00:00
CAR,Zakee Wheatley,106319,S,24.0,Active,,1016551.0,0.34,514390.0,1399390.0,2030.0,2026-10-03T20:07:02.636796+00:00
CAR,Tyrel Dodson,29586,LB,28.0,Active,,1015278.0,0.34,,1227778.0,2027.0,2026-10-03T20:07:02.636796+00:00
CAR,Bryce Tremayne,82672,WR,27.0,Active,,1014520.0,0.34,9520.0,1014520.0,2027.0,2026-10-03T20:07:02.636796+00:00
CAR,Corey Bullock,90940,G,25.0,Active,,1005000.0,0.33,,1005000.0,2027.0,2026-10-03T20:07:02.636796+00:00
CAR,Jackson Kuwatch,107455,LB,23.0,Active,,928708.0,0.31,163018.0,1048018.0,2030.0,2026-10-03T20:07:02.636796+00:00
CAR,Aaron Hall,107494,DL,23.0,Active,,897271.0,0.3,272500.0,913938.0,2029.0,2026-10-03T20:07:02.636796+00:00
CAR,Isaiah Simmons,47601,LB,28.0,Active,,895830.0,0.3,,1012500.0,2027.0,2026-10-03T20:07:02.636796+00:00
CAR,Albert Reese,107883,T,24.0,Active,,895604.0,0.3,148937.0,908938.0,2029.0,2026-10-03T20:07:02.636796+00:00
CAR,Haynes King,107876,QB,25.0,Active,,892271.0,0.3,213938.0,898938.0,2029.0,2026-10-03T20:07:02.636796+00:00
CAR,TeRah Edwards,98187,DL,25.0,Active,,885000.0,0.29,,885000.0,2027.0,2026-10-03T20:07:02.636796+00:00
CAR,David Moore,21968,WR,31.0,Active,,836108.0,0.28,,1011108.0,2027.0,2026-10-03T20:07:02.636796+00:00
CAR,Torriccelli Simpkins III,98224,C,24.0,Active,,781667.0,0.26,,781667.0,2027.0,2026-10-03T20:07:02.636796+00:00
CAR,Anthony Tyus III,98410,RB,23.0,Active,,688338.0,0.23,,688338.0,2027.0,2026-10-03T20:07:02.636796+00:00
CAR,Jaycee Horn,72387,CB,27.0,IR,IR: QUAD,10899400.0,3.62,56591600.0,18400000.0,2030.0,2026-10-03T20:07:02.636796+00:00
CAR,Michael Jackson,29206,CB,29.0,IR,IR: GROIN,7800000.0,2.59,6290000.0,4800000.0,2027.0,2026-10-03T20:07:02.636796+00:00
CAR,Jonathon Brooks,90378,RB,23.0,IR,IR: ABDOMINAL,2305088.0,0.77,2806437.0,1569710.0,2028.0,2026-10-03T20:07:02.636796+00:00
CAR,Nic Scourton,97850,ED,22.0,IR,IR: KNEE (ACL),1965941.0,0.65,5101943.0,1239716.0,2029.0,2026-10-03T20:07:02.636796+00:00
CAR,Chris Brazzell II,106228,WR,23.0,IR,IR: KNEE,896449.0,0.3,1513982.0,2028982.0,2030.0,2026-10-03T20:07:02.636796+00:00
CAR,Trevor Etienne,97915,RB,22.0,IR,SHORT-TERM IR: ANKLE,801706.0,0.27,766078.0,549520.0,2029.0,2026-10-03T20:07:02.636796+00:00
CAR,Brady Christensen,72449,G,30.0,IR,IR: HAMSTRING,565000.0,0.19,2675000.0,2675000.0,2027.0,2026-10-03T20:07:02.636796+00:00
CAR,Bam Martin-Scott,98403,LB,26.0,IR,SHORT-TERM IR: HAMSTRING,554520.0,0.18,19520.0,549520.0,2028.0,2026-10-03T20:07:02.636796+00:00
CAR,Ikem Ekwonu,76854,LT,26.0,PUP,/PUP: KNEE,17568160.0,5.83,17568160.0,17568160.0,2027.0,2026-10-03T20:07:02.636796+00:00
CAR,Tershawn Wharton,48098,DL,28.0,PUP,/PUP: NECK,8855333.0,2.94,23716667.0,14050000.0,2028.0,2026-10-03T20:07:02.636796+00:00
CAR,Jake Curhan,72779,G,28.0,PS,,411300.0,0.14,,411300.0,,2026-10-03T20:07:02.636796+00:00
CAR,Jeremiah Moon,77344,ED,27.0,PS,,330300.0,0.11,,330300.0,,2026-10-03T20:07:02.636796+00:00
CAR,Ihmir Smith-Marsette,72541,WR,27.0,PS,,293600.0,0.1,,293600.0,,2026-10-03T20:07:02.636796+00:00
CAR,Saahdiq Charles,47703,G,27.0,PS,,256900.0,0.09,,256900.0,,2026-10-03T20:07:02.636796+00:00
CAR,Cam Gill,48246,ED,29.0,PS,,256900.0,0.09,,256900.0,,2026-10-03T20:07:02.636796+00:00
CAR,Robert Rochell,72514,CB,28.0,PS,,256900.0,0.09,,256900.0,,2026-10-03T20:07:02.636796+00:00
CAR,Casey Washington,90521,WR,25.0,PS,,247500.0,0.08,,247500.0,,2026-10-03T20:07:02.636796+00:00
CAR,Anthony Goodlow,90852,DL,26.0,PS,,247500.0,0.08,,247500.0,,2026-10-03T20:07:02.636796+00:00
CAR,Ja'Seem Reed,98079,WR,23.0,PS,,247500.0,0.08,,247500.0,,2026-10-03T20:07:02.636796+00:00
CAR,Corey Thornton,98093,CB,25.0,PS,,247500.0,0.08,,247500.0,,2026-10-03T20:07:02.636796+00:00
CAR,Zion Childress,98101,S,24.0,PS,,247500.0,0.08,,247500.0,,2026-10-03T20:07:02.636796+00:00
CAR,Ahmani Marshall,98412,RB,24.0,PS,,247500.0,0.08,,247500.0,,2026-10-03T20:07:02.636796+00:00
CAR,DeVonta Smith,107877,CB,24.0,PS,,247500.0,0.08,,247500.0,,2026-10-03T20:07:02.636796+00:00
CAR,Parker Peterson,107882,DL,23.0,PS,,247500.0,0.08,,247500.0,,2026-10-03T20:07:02.636796+00:00
CAR,Maema Njongmeta,91457,ED,25.0,PS,,192500.0,0.06,,192500.0,,2026-10-03T20:07:02.636796+00:00
CAR,Tyrek Funderburk,91599,CB,26.0,PS,,192500.0,0.06,,192500.0,,2026-10-03T20:07:02.636796+00:00
CAR,Isaia Glass,107884,G,23.0,PS,,192500.0,0.06,,192500.0,,2026-10-03T20:07:02.636796+00:00
CAR,Mapalo Mwansa,98302,LB,22.0,PS,,,,,247500.0,,2026-10-03T20:07:02.636796+00:00
CHI,Montez Sweat,29061,ED,30.0,Active,,25088694.0,8.33,29173989.0,21003400.0,2028.0,2026-10-03T20:07:02.636796+00:00
CHI,Jaylon Johnson,47645,CB,27.0,Active,,24502380.0,8.13,33152380.0,16002380.0,2028.0,2026-10-03T20:07:02.636796+00:00
CHI,Grady Jarrett,16863,DL,33.0,Active,,18925000.0,6.28,22575000.0,15000000.0,2028.0,2026-10-03T20:07:02.636796+00:00
CHI,Joe Thuney,19028,G,34.0,Active,,14500000.0,4.81,26500000.0,16500000.0,2028.0,2026-10-03T20:07:02.636796+00:00
CHI,Dayo Odeyingbo,72434,ED,27.0,Active,,13500000.0,4.48,39000000.0,16000000.0,2028.0,2026-10-03T20:07:02.636796+00:00
CHI,Jonah Jackson,47670,G,29.0,Active,,12750000.0,4.23,21980000.0,16000000.0,2028.0,2026-10-03T20:07:02.636796+00:00
CHI,Caleb Williams,90330,QB,25.0,Active,,10778445.0,3.58,23342191.0,4394162.0,2029.0,2026-10-03T20:07:02.636796+00:00
CHI,Darnell Wright,82287,RT,25.0,Active,,10495301.0,3.48,45252901.0,22690489.0,2032.0,2026-10-03T20:07:02.636796+00:00
CHI,Cole Kmet,47638,TE,27.0,Active,,7775000.0,2.58,13200000.0,10000000.0,2028.0,2026-10-03T20:07:02.636796+00:00
CHI,T.J. Edwards,29509,LB,30.0,Active,,7458333.0,2.48,13166667.0,8500000.0,2028.0,2026-10-03T20:07:02.636796+00:00
CHI,Rome Odunze,90338,WR,24.0,Active,,6207111.0,2.06,13437634.0,2870384.0,2029.0,2026-10-03T20:07:02.636796+00:00
CHI,Colston Loveland,97806,TE,22.0,Active,,6063158.0,2.01,21802618.0,2060248.0,2030.0,2026-10-03T20:07:02.636796+00:00
CHI,D'Andre Swift,47630,RB,27.0,Active,,5803334.0,1.93,21123334.0,10500000.0,2030.0,2026-10-03T20:07:02.636796+00:00
CHI,Devin Bush,29045,LB,28.0,Active,,5666666.0,1.88,21160002.0,13000000.0,2029.0,2026-10-03T20:07:02.636796+00:00
CHI,Tyson Bagent,82759,QB,26.0,Active,,4750000.0,1.58,5250000.0,4250000.0,2028.0,2026-10-03T20:07:02.636796+00:00
CHI,Garrett Bradbury,29053,C,31.0,Active,,4709520.0,1.56,3859520.0,4709520.0,2027.0,2026-10-03T20:07:02.636796+00:00
CHI,Braxton Jones,77045,LT,27.0,Active,,4340000.0,1.44,3980000.0,5000000.0,2027.0,2026-10-03T20:07:02.636796+00:00
CHI,Tyrique Stevenson,82348,CB,26.0,Active,,4106156.0,1.36,507156.0,3683520.0,2027.0,2026-10-03T20:07:02.636796+00:00
CHI,Neville Gallimore,47677,DL,29.0,Active,,4000000.0,1.33,5160000.0,5500000.0,2028.0,2026-10-03T20:07:02.636796+00:00
CHI,Cairo Santos,14957,K,35.0,Active,,3760000.0,1.25,4320000.0,3200000.0,2028.0,2026-10-03T20:07:02.636796+00:00
CHI,Dillon Thieneman,106320,S,22.0,Active,,3552553.0,1.18,19517293.0,11540713.0,2031.0,2026-10-03T20:07:02.636796+00:00
CHI,Kalif Raymond,19436,WR,32.0,Active,,3470000.0,1.15,3245000.0,3500000.0,2027.0,2026-10-03T20:07:02.636796+00:00
CHI,D'Marco Jackson,77038,LB,28.0,Active,,3047500.0,1.01,3745000.0,4000000.0,2028.0,2026-10-03T20:07:02.636796+00:00
CHI,Josh Blackwell,77574,CB,27.0,Active,,2605000.0,0.86,2125000.0,2250000.0,2027.0,2026-10-03T20:07:02.636796+00:00
CHI,Luther Burden III,97838,WR,23.0,Active,,2501345.0,0.83,8980090.0,1347885.0,2029.0,2026-10-03T20:07:02.636796+00:00
CHI,Cam Lewis,29585,CB,29.0,Active,,2250000.0,0.75,2830000.0,3000000.0,2028.0,2026-10-03T20:07:02.636796+00:00
CHI,Case Keenum,10079,QB,38.0,Active,,2200000.0,0.73,3000000.0,3000000.0,2028.0,2026-10-03T20:07:02.636796+00:00
CHI,Clark Phillips III,82417,CB,25.0,Active,,2149000.0,0.71,2079000.0,2249000.0,,2026-10-03T20:07:02.636796+00:00
CHI,Daniel Hardy,77112,ED,28.0,Active,,2137500.0,0.71,2580000.0,2750000.0,2028.0,2026-10-03T20:07:02.636796+00:00
CHI,Ozzy Trapilo,97855,T,25.0,Active,,1763639.0,0.59,4000229.0,1200344.0,2029.0,2026-10-03T20:07:02.636796+00:00
CHI,Logan Jones,106251,C,25.0,Active,,1544502.0,0.51,6601539.0,3508509.0,2030.0,2026-10-03T20:07:02.636796+00:00
CHI,Elijah Hicks,77131,CB,27.0,Active,,1412020.0,0.47,2609520.0,2609520.0,2027.0,2026-10-03T20:07:02.636796+00:00
CHI,Roschon Johnson,82419,RB,25.0,Active,,1346692.0,0.45,201692.0,1154520.0,2027.0,2026-10-03T20:07:02.636796+00:00
CHI,Sam Roush,107352,TE,23.0,Active,,1338772.0,0.44,1800589.0,2685589.0,2030.0,2026-10-03T20:07:02.636796+00:00
CHI,Tory Taylor,90455,P,29.0,Active,,1268435.0,0.42,380410.0,1081460.0,2028.0,2026-10-03T20:07:02.636796+00:00
CHI,Kentavius Street,25229,DL,30.0,Active,,1255000.0,0.42,1440000.0,1480000.0,2027.0,2026-10-03T20:07:02.636796+00:00
CHI,Jordan McFadden,82460,G,27.0,Active,,1250000.0,0.42,70000.0,1300000.0,2027.0,2026-10-03T20:07:02.636796+00:00
CHI,Zavion Thomas,107370,WR,22.0,Active,,1246568.0,0.41,1432847.0,2317847.0,2030.0,2026-10-03T20:07:02.636796+00:00
CHI,Austin Booker,90477,ED,24.0,Active,,1171805.0,0.39,184090.0,1084520.0,2028.0,2026-10-03T20:07:02.636796+00:00
CHI,Malik Muhammad,106310,CB,22.0,Active,,1165528.0,0.39,1107613.0,1992613.0,2030.0,2026-10-03T20:07:02.636796+00:00
CHI,Xavier Woods,21933,S,31.0,Active,,1125000.0,0.37,1350000.0,1350000.0,2027.0,2026-10-03T20:07:02.636796+00:00
CHI,James Lynch,47725,DL,27.0,Active,,1075000.0,0.36,1215000.0,1215000.0,2027.0,2026-10-03T20:07:02.636796+00:00
CHI,Jack Sanborn,77542,LB,26.0,Active,,1075000.0,0.36,1215000.0,1215000.0,2027.0,2026-10-03T20:07:02.636796+00:00
CHI,Luke Newman,97996,G,24.0,Active,,1072035.0,0.36,182065.0,1014520.0,2029.0,2026-10-03T20:07:02.636796+00:00
CHI,Kyle Monangai,98034,RB,24.0,Active,,1046555.0,0.35,105625.0,1014520.0,2029.0,2026-10-03T20:07:02.636796+00:00
CHI,Jahdae Walker,98390,WR,24.0,Active,,1021186.0,0.34,22853.0,1014520.0,2028.0,2026-10-03T20:07:02.636796+00:00
CHI,Theo Benedet,91384,T,25.0,Active,,1014520.0,0.34,9520.0,1014520.0,2027.0,2026-10-03T20:07:02.636796+00:00
CHI,Jamree Kromah,91386,ED,26.0,Active,,1014520.0,0.34,9520.0,1014520.0,2027.0,2026-10-03T20:07:02.636796+00:00
CHI,Keyshaun Elliott,107409,LB,23.0,Active,,1006718.0,0.33,472373.0,1357373.0,2030.0,2026-10-03T20:07:02.636796+00:00
CHI,Scott Daly,25092,LS,32.0,Active,,955556.0,0.32,,1080000.0,2027.0,2026-10-03T20:07:02.636796+00:00
CHI,Jordan van den Berg,106282,DL,24.0,Active,,947735.0,0.31,236441.0,1121441.0,2030.0,2026-10-03T20:07:02.636796+00:00
CHI,Jayden Loving,107550,DL,23.0,Active,,896499.0,0.3,249832.0,909833.0,2029.0,2026-10-03T20:07:02.636796+00:00
CHI,Skyler Thomas,107903,S,23.0,Active,,896499.0,0.3,224832.0,909833.0,2029.0,2026-10-03T20:07:02.636796+00:00
CHI,Coby Bryant,76986,S,27.0,IR,IR: KNEE,5960000.0,1.98,25910000.0,14000000.0,2029.0,2026-10-03T20:07:02.636796+00:00
CHI,Tony Fields,72538,LB,27.0,IR,SHORT-TERM IR: UNDISCLOSED,590000.0,0.2,,590000.0,2027.0,2026-10-03T20:07:02.636796+00:00
CHI,Nephi Sewell,77154,LB,28.0,IR,IR: KNEE,574520.0,0.19,9520.0,624520.0,2027.0,2026-10-03T20:07:02.636796+00:00
CHI,Brittain Brown,77127,RB,29.0,IR,IR: UNDISCLOSED,574520.0,0.19,9520.0,574520.0,2027.0,2026-10-03T20:07:02.636796+00:00
CHI,Nikola Kalinic,75658,TE,29.0,IR,IR: KNEE,549520.0,0.18,9520.0,549520.0,2027.0,2026-10-03T20:07:02.636796+00:00
CHI,Hayden Large,107549,TE,24.0,IR,IR: ABDOMINAL,522333.0,0.17,72333.0,527333.0,2029.0,2026-10-03T20:07:02.636796+00:00
CHI,Anthony Johnson Jr.,82546,CB,27.0,IR,IR: UNDISCLOSED,233750.0,0.08,,233750.0,,2026-10-03T20:07:02.636796+00:00
CHI,Kyler Gordon,76915,CB,27.0,PUP,/PUP: CALF,12910000.0,4.29,17790000.0,10800000.0,2029.0,2026-10-03T20:07:02.636796+00:00
CHI,Shemar Turner,97861,ED,23.0,PUP,/PUP: KNEE (ACL),1650494.0,0.55,3119789.0,1177715.0,2029.0,2026-10-03T20:07:02.636796+00:00
CHI,Noah Sewell,82452,LB,24.0,PUP,/PUP: ACHILLES,1235757.0,0.41,90757.0,1154520.0,2027.0,2026-10-03T20:07:02.636796+00:00
CHI,Marcus Davenport,25109,ED,30.0,PS,,411300.0,0.14,,411300.0,,2026-10-03T20:07:02.636796+00:00
CHI,Stephen Carlson,29689,TE,30.0,PS,,411300.0,0.14,,411300.0,,2026-10-03T20:07:02.636796+00:00
CHI,Salvon Ahmed,47865,RB,28.0,PS,,411300.0,0.14,,411300.0,,2026-10-03T20:07:02.636796+00:00
CHI,Buddy Johnson,72524,LB,27.0,PS,,411300.0,0.14,,411300.0,,2026-10-03T20:07:02.636796+00:00
CHI,Nick McCloud,72926,CB,28.0,PS,,293600.0,0.1,,293600.0,,2026-10-03T20:07:02.636796+00:00
CHI,Kaden Davis,77402,WR,28.0,PS,,247500.0,0.08,,247500.0,,2026-10-03T20:07:02.636796+00:00
CHI,Zavier Scott,82819,WR,27.0,PS,,247500.0,0.08,,247500.0,,2026-10-03T20:07:02.636796+00:00
CHI,Deantre Prince,90486,CB,26.0,PS,,247500.0,0.08,,247500.0,,2026-10-03T20:07:02.636796+00:00
CHI,Qadir Ismail,92286,WR,26.0,PS,,247500.0,0.08,,247500.0,,2026-10-03T20:07:02.636796+00:00
CHI,John Richardson,98388,WR,24.0,PS,,247500.0,0.08,,247500.0,,2026-10-03T20:07:02.636796+00:00
CHI,Caden Barnett,107490,G,23.0,PS,,247500.0,0.08,,247500.0,,2026-10-03T20:07:02.636796+00:00
CHI,Christian Jones,107493,T,26.0,PS,,247500.0,0.08,,247500.0,,2026-10-03T20:07:02.636796+00:00
CHI,Miller Moss,107901,QB,24.0,PS,,247500.0,0.08,,247500.0,,2026-10-03T20:07:02.636796+00:00
CHI,Wayne Matthews,108049,LB,24.0,PS,,247500.0,0.08,,247500.0,,2026-10-03T20:07:02.636796+00:00
CHI,Keidron Smith,82909,S,27.0,PS,,233750.0,0.08,,233750.0,,2026-10-03T20:07:02.636796+00:00
CHI,Beau Gardner,107898,LS,25.0,PS,,206250.0,0.07,,206250.0,,2026-10-03T20:07:02.636796+00:00
CIN,Joe Burrow,47594,QB,30.0,Active,,37605904.0,12.49,110556120.0,35256120.0,2030.0,2026-10-03T20:07:02.636796+00:00
CIN,Tee Higgins,47628,WR,27.0,Active,,26518106.0,8.8,32253400.0,23003400.0,2029.0,2026-10-03T20:07:02.636796+00:00
CIN,Ja'Marr Chase,72384,WR,26.0,Active,,26173707.0,8.69,80332040.0,33832040.0,2030.0,2026-10-03T20:07:02.636796+00:00
CIN,Orlando Brown Jr.,25182,LT,30.0,Active,,19291666.0,6.4,25625002.0,20850000.0,2029.0,2026-10-03T20:07:02.636796+00:00
CIN,Boye Mafe,76916,ED,28.0,Active,,17000000.0,5.64,26500000.0,27000000.0,2029.0,2026-10-03T20:07:02.636796+00:00
CIN,Dexter Lawrence,29052,DL,29.0,Active,,15343533.0,5.09,21010200.0,22010200.0,2029.0,2026-10-03T20:07:02.636796+00:00
CIN,Daxton Hill,76885,CB,26.0,Active,,12692200.0,4.21,12692200.0,12692200.0,2027.0,2026-10-03T20:07:02.636796+00:00
CIN,B.J. Hill,25168,DL,31.0,Active,,12116666.0,4.02,15433334.0,8450000.0,2028.0,2026-10-03T20:07:02.636796+00:00
CIN,Bryan Cook,76938,S,27.0,Active,,10666666.0,3.54,17500002.0,18000000.0,2029.0,2026-10-03T20:07:02.636796+00:00
CIN,Jonathan Allen,21758,DL,31.0,Active,,9750000.0,3.24,13000000.0,13500000.0,2028.0,2026-10-03T20:07:02.636796+00:00
CIN,Tedarrell Slaton,72557,DL,29.0,Active,,9160000.0,3.04,8320000.0,6160000.0,2027.0,2026-10-03T20:07:02.636796+00:00
CIN,Mike Gesicki,25141,TE,31.0,Active,,7584314.0,2.52,9483335.0,5500000.0,2028.0,2026-10-03T20:07:02.636796+00:00
CIN,Evan McPherson,72533,K,27.0,Active,,4983333.0,1.65,7066667.0,2900000.0,2028.0,2026-10-03T20:07:02.636796+00:00
CIN,Ted Karras,19175,C,33.0,Active,,4500000.0,1.49,4000000.0,4000000.0,2027.0,2026-10-03T20:07:02.636796+00:00
CIN,Shemar Stewart,97813,ED,23.0,Active,,4321059.0,1.43,15530177.0,1712100.0,2030.0,2026-10-03T20:07:02.636796+00:00
CIN,Amarius Mims,90347,RT,24.0,Active,,4202443.0,1.4,9093393.0,2202614.0,2029.0,2026-10-03T20:07:02.636796+00:00
CIN,D.J. Turner,82352,CB,26.0,Active,,4046388.0,1.34,372388.0,3676380.0,2027.0,2026-10-03T20:07:02.636796+00:00
CIN,Myles Murphy,82306,ED,24.0,Active,,4015238.0,1.33,4015238.0,2476645.0,2027.0,2026-10-03T20:07:02.636796+00:00
CIN,Jordan Battle,82387,S,26.0,Active,,3901705.0,1.3,227705.0,3683520.0,2027.0,2026-10-03T20:07:02.636796+00:00
CIN,Chase Brown,82467,RB,26.0,Active,,3751659.0,1.25,77659.0,3680120.0,2027.0,2026-10-03T20:07:02.636796+00:00
CIN,Dalton Risner,29077,G,31.0,Active,,3720589.0,1.24,2750000.0,3250000.0,2027.0,2026-10-03T20:07:02.636796+00:00
CIN,Joe Flacco,4000,QB,41.0,Active,,3334353.0,1.11,5301020.0,6001020.0,2027.0,2026-10-03T20:07:02.636796+00:00
CIN,Drew Sample,29088,TE,30.0,Active,,2850000.0,0.95,2600000.0,2850000.0,2027.0,2026-10-03T20:07:02.636796+00:00
CIN,Oren Burks,25187,LB,31.0,Active,,2675000.0,0.89,2165000.0,2300000.0,2027.0,2026-10-03T20:07:02.636796+00:00
CIN,Cashius Howell,105715,ED,23.0,Active,,2187748.0,0.73,12012475.0,6082567.0,2030.0,2026-10-03T20:07:02.636796+00:00
CIN,Kris Jenkins,90381,DL,25.0,Active,,2153963.0,0.72,2274878.0,1519788.0,2028.0,2026-10-03T20:07:02.636796+00:00
CIN,Demetrius Knight Jr.,97848,LB,26.0,Active,,2058494.0,0.68,5485772.0,1259858.0,2029.0,2026-10-03T20:07:02.636796+00:00
CIN,Samaje Perine,21856,RB,31.0,Active,,2008840.0,0.67,2008840.0,1808840.0,2027.0,2026-10-03T20:07:02.636796+00:00
CIN,Dylan Fairchild,97880,G,23.0,Active,,1469559.0,0.49,992661.0,1142072.0,2029.0,2026-10-03T20:07:02.636796+00:00
CIN,Tacario Davis,107348,CB,22.0,Active,,1320188.0,0.44,1727327.0,2612327.0,2030.0,2026-10-03T20:07:02.636796+00:00
CIN,Erick All,90447,TE,26.0,Active,,1283476.0,0.43,406752.0,1085200.0,2028.0,2026-10-03T20:07:02.636796+00:00
CIN,Kyle Dugger,47632,S,30.0,Active,,1264880.0,0.42,1404880.0,1404880.0,2027.0,2026-10-03T20:07:02.636796+00:00
CIN,Barrett Carter,97920,LB,24.0,Active,,1260729.0,0.42,746787.0,1015200.0,2029.0,2026-10-03T20:07:02.636796+00:00
CIN,D.J. Ivey,82550,CB,26.0,Active,,1175363.0,0.39,30363.0,1155200.0,2027.0,2026-10-03T20:07:02.636796+00:00
CIN,Josh Newton,90482,CB,26.0,Active,,1169519.0,0.39,178838.0,1085200.0,2028.0,2026-10-03T20:07:02.636796+00:00
CIN,Connor Lew,106263,C,21.0,Active,,1155564.0,0.38,1068831.0,1953831.0,2030.0,2026-10-03T20:07:02.636796+00:00
CIN,Jalen Rivers,97954,G,24.0,Active,,1120445.0,0.37,325935.0,1015200.0,2029.0,2026-10-03T20:07:02.636796+00:00
CIN,Cedric Johnson,90548,ED,24.0,Active,,1119797.0,0.37,79394.0,1085200.0,2028.0,2026-10-03T20:07:02.636796+00:00
CIN,Colbie Young,107391,WR,24.0,Active,,1086734.0,0.36,793511.0,1678511.0,2030.0,2026-10-03T20:07:02.636796+00:00
CIN,Ryan Rehkow,91088,P,28.0,Active,,1085200.0,0.36,10200.0,1085200.0,2027.0,2026-10-03T20:07:02.636796+00:00
CIN,Swayze Bozeman,91078,LB,28.0,Active,,1079760.0,0.36,4760.0,1079760.0,2027.0,2026-10-03T20:07:02.636796+00:00
CIN,Tahj Brooks,97994,RB,24.0,Active,,1072914.0,0.36,183342.0,1015200.0,2029.0,2026-10-03T20:07:02.636796+00:00
CIN,William Wagner,98088,LS,26.0,Active,,1018533.0,0.34,16867.0,1015200.0,2028.0,2026-10-03T20:07:02.636796+00:00
CIN,Javon Foster,90446,T,26.0,Active,,1015200.0,0.34,,1015200.0,2027.0,2026-10-03T20:07:02.636796+00:00
CIN,P.J. Jules,91452,S,28.0,Active,,1015200.0,0.34,10200.0,1015200.0,2027.0,2026-10-03T20:07:02.636796+00:00
CIN,Joe Giles-Harris,29342,LB,29.0,Active,,1012500.0,0.34,,1012500.0,2027.0,2026-10-03T20:07:02.636796+00:00
CIN,Jack Endries,106244,TE,22.0,Active,,932229.0,0.31,175491.0,1060491.0,2030.0,2026-10-03T20:07:02.636796+00:00
CIN,Landon Robinson,107454,DL,23.0,Active,,929688.0,0.31,125830.0,1051401.0,2030.0,2026-10-03T20:07:02.636796+00:00
CIN,Dohnte Meyers,105299,WR,26.0,Active,,896709.0,0.3,18376.0,903376.0,2029.0,2026-10-03T20:07:02.636796+00:00
CIN,Jacob Bayer,98068,C,24.0,Active,,895771.0,0.3,10771.0,895771.0,2027.0,2026-10-03T20:07:02.636796+00:00
CIN,Myles Hinton,97992,T,24.0,Active,,885000.0,0.29,,885000.0,2029.0,2026-10-03T20:07:02.636796+00:00
CIN,Tanner Hudson,25460,TE,32.0,Active,,836108.0,0.28,,1011108.0,2027.0,2026-10-03T20:07:02.636796+00:00
CIN,Mitchell Tinsley,82671,WR,27.0,Active,,836108.0,0.28,,836108.0,2027.0,2026-10-03T20:07:02.636796+00:00
CIN,Andrei Iosivas,82510,WR,27.0,IR,IR: THUMB,3719966.0,1.24,45966.0,3680120.0,2027.0,2026-10-03T20:07:02.636796+00:00
CIN,Jalen Davis,25787,CB,30.0,IR,IR: HAMSTRING,1486765.0,0.49,1425000.0,1575000.0,2027.0,2026-10-03T20:07:02.636796+00:00
CIN,Brian Parker II,106253,T,22.0,IR,SHORT-TERM IR: KNEE,593930.0,0.2,302295.0,817295.0,2030.0,2026-10-03T20:07:02.636796+00:00
CIN,Ja'Sir Taylor,77091,CB,27.0,IR,IR: HAMSTRING,575200.0,0.19,10200.0,625200.0,2027.0,2026-10-03T20:07:02.636796+00:00
CIN,Josh Johnson,2996,QB,40.0,PS,,411300.0,0.14,,411300.0,,2026-10-03T20:07:02.636796+00:00
CIN,Blake Freeland,82410,T,26.0,PS,,411300.0,0.14,,411300.0,,2026-10-03T20:07:02.636796+00:00
CIN,Isaiah Foskey,82332,LB,26.0,PS,,330300.0,0.11,,330300.0,,2026-10-03T20:07:02.636796+00:00
CIN,Russ Yeast,77130,S,27.0,PS,,247500.0,0.08,,247500.0,,2026-10-03T20:07:02.636796+00:00
CIN,Sean Clifford,82453,QB,28.0,PS,,247500.0,0.08,,247500.0,,2026-10-03T20:07:02.636796+00:00
CIN,Kendall Milton,90986,RB,24.0,PS,,247500.0,0.08,,247500.0,,2026-10-03T20:07:02.636796+00:00
CIN,Trikweze Bridges,98057,CB,26.0,PS,,247500.0,0.08,,247500.0,,2026-10-03T20:07:02.636796+00:00
CIN,Jordan Moore,98086,WR,24.0,PS,,247500.0,0.08,,247500.0,,2026-10-03T20:07:02.636796+00:00
CIN,Garmon Randolph,98194,LB,26.0,PS,,247500.0,0.08,,247500.0,,2026-10-03T20:07:02.636796+00:00
CIN,Howard Cross,98424,DL,25.0,PS,,247500.0,0.08,,247500.0,,2026-10-03T20:07:02.636796+00:00
CIN,Bralyn Lux,98425,CB,26.0,PS,,247500.0,0.08,,247500.0,,2026-10-03T20:07:02.636796+00:00
CIN,Kentrel Bullock,107971,RB,24.0,PS,,247500.0,0.08,,247500.0,,2026-10-03T20:07:02.636796+00:00
CIN,Noah Thomas,107976,WR,22.0,PS,,247500.0,0.08,,247500.0,,2026-10-03T20:07:02.636796+00:00
CIN,Beau Brade,90939,S,24.0,PS,,192500.0,0.06,,192500.0,,2026-10-03T20:07:02.636796+00:00
CIN,Ke’Shawn Williams,98218,WR,25.0,PS,,192500.0,0.06,,192500.0,,2026-10-03T20:07:02.636796+00:00
CIN,Isaiah Nwokobia,107551,S,24.0,PS,,192500.0,0.06,,192500.0,,2026-10-03T20:07:02.636796+00:00
CLE,Deshaun Watson,21753,QB,31.0,Active,,40227962.0,13.36,126434826.0,46010880.0,2027.0,2026-10-03T20:07:02.636796+00:00
CLE,Denzel Ward,25099,CB,29.0,Active,,19048412.0,6.32,71956200.0,23175000.0,2030.0,2026-10-03T20:07:02.636796+00:00
CLE,Jerry Jeudy,47609,WR,27.0,Active,,10378860.0,3.45,35818460.0,13493460.0,2028.0,2026-10-03T20:07:02.636796+00:00
CLE,Mason Graham,97801,DL,23.0,Active,,9299789.0,3.09,33452721.0,2708118.0,2030.0,2026-10-03T20:07:02.636796+00:00
CLE,Grant Delpit,47639,S,28.0,Active,,9054020.0,3.01,39431020.0,17101020.0,2030.0,2026-10-03T20:07:02.636796+00:00
CLE,Tytus Howard,29058,RT,30.0,Active,,5987296.0,1.99,34506120.0,21006120.0,2029.0,2026-10-03T20:07:02.636796+00:00
CLE,Spencer Fano,105717,LT,22.0,Active,,5869171.0,1.95,32260303.0,20808259.0,2031.0,2026-10-03T20:07:02.636796+00:00
CLE,Maliek Collins,19016,DL,31.0,Active,,5308164.0,1.76,14216340.0,10000340.0,2027.0,2026-10-03T20:07:02.636796+00:00
CLE,Zion Johnson,76868,G,27.0,Active,,5145000.0,1.71,32490000.0,18825000.0,2029.0,2026-10-03T20:07:02.636796+00:00
CLE,Tyson Campbell,72413,CB,26.0,Active,,4916000.0,1.63,22000000.0,14116000.0,2029.0,2026-10-03T20:07:02.636796+00:00
CLE,Isaiah McGuire,82430,ED,25.0,Active,,3861163.0,1.28,187163.0,3683180.0,2027.0,2026-10-03T20:07:02.636796+00:00
CLE,Elgton Jenkins,29080,C,31.0,Active,,3769412.0,1.25,12000000.0,12000000.0,2028.0,2026-10-03T20:07:02.636796+00:00
CLE,KC Concepcion,105726,WR,22.0,Active,,3594740.0,1.19,19752545.0,11711609.0,2031.0,2026-10-03T20:07:02.636796+00:00
CLE,Ronnie Hickman,82889,S,25.0,Active,,3530880.0,1.17,10880.0,3530880.0,2027.0,2026-10-03T20:07:02.636796+00:00
CLE,Teven Jenkins,72419,G,28.0,Active,,2732000.0,0.91,5200000.0,4000000.0,2027.0,2026-10-03T20:07:02.636796+00:00
CLE,Carson Schwesinger,97832,LB,23.0,Active,,2692789.0,0.89,10202135.0,1387262.0,2029.0,2026-10-03T20:07:02.636796+00:00
CLE,Quincy Williams,29134,LB,30.0,Active,,2636500.0,0.88,9008500.0,6508500.0,2028.0,2026-10-03T20:07:02.636796+00:00
CLE,Quinshon Judkins,97835,RB,23.0,Active,,2602271.0,0.86,9339893.0,1369159.0,2029.0,2026-10-03T20:07:02.636796+00:00
CLE,Denzel Boston,105720,WR,23.0,Active,,2256043.0,0.75,12389713.0,6356821.0,2030.0,2026-10-03T20:07:02.636796+00:00
CLE,Jared Verse,90348,ED,26.0,Active,,2172210.0,0.72,6126835.0,2172210.0,2029.0,2026-10-03T20:07:02.636796+00:00
CLE,Michael Hall,90386,DL,23.0,Active,,1937655.0,0.64,1581728.0,1447232.0,2028.0,2026-10-03T20:07:02.636796+00:00
CLE,Derek Barnett,21755,ED,30.0,Active,,1776000.0,0.59,3500000.0,3500000.0,2027.0,2026-10-03T20:07:02.636796+00:00
CLE,Zak Zinter,90417,G,25.0,Active,,1574900.0,0.52,561240.0,1327220.0,2028.0,2026-10-03T20:07:02.636796+00:00
CLE,Harold Fannin Jr.,97866,TE,22.0,Active,,1541724.0,0.51,1222187.0,1155745.0,2029.0,2026-10-03T20:07:02.636796+00:00
CLE,Emmanuel McNeil-Warren,106323,S,22.0,Active,,1522692.0,0.51,6531107.0,3422343.0,2030.0,2026-10-03T20:07:02.636796+00:00
CLE,Dawand Jones,82415,LT,25.0,Active,,1498284.0,0.5,1353284.0,1510200.0,2027.0,2026-10-03T20:07:02.636796+00:00
CLE,Corey Bojorquez,25923,P,30.0,Active,,1497700.0,0.5,2010200.0,2010200.0,2027.0,2026-10-03T20:07:02.636796+00:00
CLE,Daniel Thomas,47753,S,28.0,Active,,1368380.0,0.45,1510880.0,1510880.0,2028.0,2026-10-03T20:07:02.636796+00:00
CLE,Mekhi Blackmon,82394,CB,27.0,Active,,1325000.0,0.44,,1075000.0,2027.0,2026-10-03T20:07:02.636796+00:00
CLE,Tylan Wallace,72515,WR,27.0,Active,,1262500.0,0.42,1402500.0,1402500.0,2027.0,2026-10-03T20:07:02.636796+00:00
CLE,Austin Barber,106267,G,23.0,Active,,1254316.0,0.42,1463839.0,2348839.0,2030.0,2026-10-03T20:07:02.636796+00:00
CLE,Noah Igbinoghene,47625,CB,27.0,Active,,1215000.0,0.4,1215000.0,1215000.0,2027.0,2026-10-03T20:07:02.636796+00:00
CLE,Luke Wypler,82494,T,25.0,Active,,1200873.0,0.4,55873.0,1155880.0,2027.0,2026-10-03T20:07:02.636796+00:00
CLE,Sam Williams,76932,ED,27.0,Active,,1145000.0,0.38,1145000.0,1145000.0,2027.0,2026-10-03T20:07:02.636796+00:00
CLE,Blake Whiteheart,82659,TE,26.0,Active,,1145000.0,0.38,,1145000.0,2027.0,2026-10-03T20:07:02.636796+00:00
CLE,Michael Burton,16894,FB,34.0,Active,,1142820.0,0.38,13107820.0,1407820.0,2027.0,2026-10-03T20:07:02.636796+00:00
CLE,Shedeur Sanders,97945,QB,24.0,Active,,1127725.0,0.37,346415.0,1015880.0,2029.0,2026-10-03T20:07:02.636796+00:00
CLE,Myles Harden,90561,CB,25.0,Active,,1112103.0,0.37,64686.0,1084520.0,2028.0,2026-10-03T20:07:02.636796+00:00
CLE,Rex Sunahara,49433,LS,30.0,Active,,1085880.0,0.36,10880.0,1085880.0,2027.0,2026-10-03T20:07:02.636796+00:00
CLE,Malachi Corley,90397,WR,24.0,Active,,1085880.0,0.36,10880.0,1085880.0,2027.0,2026-10-03T20:07:02.636796+00:00
CLE,Jaleel McLaughlin,82974,RB,26.0,Active,,1081389.0,0.36,,1081389.0,2027.0,2026-10-03T20:07:02.636796+00:00
CLE,Isaiah Bond,100829,WR,22.0,Active,,1033474.0,0.34,2171141.0,1015808.0,2028.0,2026-10-03T20:07:02.636796+00:00
CLE,Adin Huntington,98415,ED,24.0,Active,,1022546.0,0.34,24213.0,1015880.0,2028.0,2026-10-03T20:07:02.636796+00:00
CLE,Parker Brailsford,106255,C,23.0,Active,,1022019.0,0.34,534651.0,1419651.0,2030.0,2026-10-03T20:07:02.636796+00:00
CLE,Justin Jefferson,107395,LB,23.0,Active,,1019739.0,0.34,525531.0,1410531.0,2030.0,2026-10-03T20:07:02.636796+00:00
CLE,Easton Mascarenas-Arnold,98416,LB,24.0,Active,,1019213.0,0.34,17547.0,1015880.0,2028.0,2026-10-03T20:07:02.636796+00:00
CLE,Donovan McMillon,98417,S,24.0,Active,,1019213.0,0.34,17547.0,1015880.0,2028.0,2026-10-03T20:07:02.636796+00:00
CLE,Andre Szmyt,82771,K,28.0,Active,,1015880.0,0.34,10880.0,1015880.0,2027.0,2026-10-03T20:07:02.636796+00:00
CLE,Winston Reid,91463,LB,27.0,Active,,1015880.0,0.34,10880.0,1015880.0,2027.0,2026-10-03T20:07:02.636796+00:00
CLE,Raheim Sanders,98196,RB,24.0,Active,,1015880.0,0.34,10880.0,1015880.0,2028.0,2026-10-03T20:07:02.636796+00:00
CLE,Taylen Green,107422,QB,24.0,Active,,973658.0,0.32,342281.0,1227281.0,2030.0,2026-10-03T20:07:02.636796+00:00
CLE,Carsen Ryan,107474,TE,23.0,Active,,919597.0,0.31,124963.0,1009963.0,2030.0,2026-10-03T20:07:02.636796+00:00
CLE,Toriano Pride Jr.,107450,CB,23.0,Active,,885000.0,0.29,,885000.0,2030.0,2026-10-03T20:07:02.636796+00:00
CLE,Alex Wright,76954,ED,26.0,IR,IR: ACHILLES,3970995.0,1.32,15431864.0,8400000.0,2029.0,2026-10-03T20:07:02.636796+00:00
CLE,Kalia Davis,77097,DL,28.0,IR,IR: QUAD,2009180.0,0.67,1754180.0,2009180.0,2027.0,2026-10-03T20:07:02.636796+00:00
CLE,Dillon Gabriel,97893,QB,26.0,IR,SHORT-TERM IR: BACK,1425953.0,0.47,1005069.0,1133895.0,2029.0,2026-10-03T20:07:02.636796+00:00
CLE,Dylan Sampson,97927,RB,22.0,IR,IR: KNEE,809354.0,0.27,708803.0,576713.0,2029.0,2026-10-03T20:07:02.636796+00:00
CLE,Damarri Mathis,76992,CB,27.0,IR,IR: KNEE,590000.0,0.2,,590000.0,2027.0,2026-10-03T20:07:02.636796+00:00
CLE,Nathaniel Watson,90540,LB,26.0,IR,IR: UNDISCLOSED,247500.0,0.08,,247500.0,,2026-10-03T20:07:02.636796+00:00
CLE,Jeremiah Owusu-Koramoah,72432,LB,27.0,PUP,/PUP: NECK,4772747.0,1.58,17264241.0,12500000.0,2028.0,2026-10-03T20:07:02.636796+00:00
CLE,Sam Kamara,72667,DL,29.0,PS,,330300.0,0.11,,330300.0,,2026-10-03T20:07:02.636796+00:00
CLE,Eric Gray,82476,RB,27.0,PS,,311950.0,0.1,,311950.0,,2026-10-03T20:07:02.636796+00:00
CLE,Krys Barnes,48212,LB,28.0,PS,,293600.0,0.1,,293600.0,,2026-10-03T20:07:02.636796+00:00
CLE,Myles Bryant,47928,CB,28.0,PS,,256900.0,0.09,,256900.0,,2026-10-03T20:07:02.636796+00:00
CLE,John FitzPatrick,77090,TE,26.0,PS,,256900.0,0.09,,256900.0,,2026-10-03T20:07:02.636796+00:00
CLE,Bub Means,90503,WR,25.0,PS,,247500.0,0.08,,247500.0,,2026-10-03T20:07:02.636796+00:00
CLE,Zion Logue,90531,DL,25.0,PS,,247500.0,0.08,,247500.0,,2026-10-03T20:07:02.636796+00:00
CLE,KT Leveston,90588,G,27.0,PS,,247500.0,0.08,,247500.0,,2026-10-03T20:07:02.636796+00:00
CLE,Logan Fano,107564,ED,24.0,PS,,247500.0,0.08,,247500.0,,2026-10-03T20:07:02.636796+00:00
CLE,Nadame Tucker,107611,LB,26.0,PS,,247500.0,0.08,,247500.0,,2026-10-03T20:07:02.636796+00:00
CLE,Khordae Sydnor,107985,ED,23.0,PS,,247500.0,0.08,,247500.0,,2026-10-03T20:07:02.636796+00:00
CLE,Zion Washington,107986,S,23.0,PS,,247500.0,0.08,,247500.0,,2026-10-03T20:07:02.636796+00:00
CLE,Michael Coats Jr.,108042,CB,25.0,PS,,247500.0,0.08,,247500.0,,2026-10-03T20:07:02.636796+00:00
CLE,Jimmy Horn Jr.,98009,WR,24.0,PS,,233750.0,0.08,,233750.0,,2026-10-03T20:07:02.636796+00:00
CLE,Xavier Truss,98496,T,25.0,PS,,233750.0,0.08,,233750.0,,2026-10-03T20:07:02.636796+00:00
CLE,Wes Pahl,107983,P,24.0,PS,,233750.0,0.08,,233750.0,,2026-10-03T20:07:02.636796+00:00
CLE,Obinna Eze,77424,T,28.0,PS,,,,,,,2026-10-03T20:07:02.636796+00:00
DAL,Dak Prescott,19089,QB,33.0,Active,,44599405.0,14.81,176080971.0,40009520.0,2029.0,2026-10-03T20:07:02.636796+00:00
DAL,George Pickens,76928,WR,25.0,Active,,27298000.0,9.06,27298000.0,27298000.0,2027.0,2026-10-03T20:07:02.636796+00:00
DAL,CeeDee Lamb,47611,WR,27.0,Active,,19160774.0,6.36,74629600.0,25506460.0,2030.0,2026-10-03T20:07:02.636796+00:00
DAL,Terence Steele,48236,RT,29.0,Active,,8734520.0,2.9,34384520.0,13009520.0,2029.0,2026-10-03T20:07:02.636796+00:00
DAL,Quinnen Williams,29038,DL,29.0,Active,,8558813.0,2.84,63356460.0,34156460.0,2031.0,2026-10-03T20:07:02.636796+00:00
DAL,DaRon Bland,77044,CB,27.0,Active,,8428788.0,2.8,30264084.0,13009180.0,2030.0,2026-10-03T20:07:02.636796+00:00
DAL,Kenny Clark,18975,DL,31.0,Active,,6700000.0,2.22,20500000.0,21500000.0,2028.0,2026-10-03T20:07:02.636796+00:00
DAL,Malik Hooker,21756,S,30.0,Active,,6568344.0,2.18,5509520.0,5009520.0,2027.0,2026-10-03T20:07:02.636796+00:00
DAL,T.J. Bass,83075,G,27.0,Active,,5776520.0,1.92,9520.0,5776520.0,2027.0,2026-10-03T20:07:02.636796+00:00
DAL,Rashan Gary,29047,ED,29.0,Active,,5709520.0,1.9,17309520.0,16009520.0,2028.0,2026-10-03T20:07:02.636796+00:00
DAL,Jake Ferguson,77006,TE,27.0,Active,,5609520.0,1.86,17609520.0,8009520.0,2030.0,2026-10-03T20:07:02.636796+00:00
DAL,Caleb Downs,105701,S,22.0,Active,,5268652.0,1.75,28956646.0,18405646.0,2031.0,2026-10-03T20:07:02.636796+00:00
DAL,Tyler Booker,97808,G,22.0,Active,,5087414.0,1.69,18318709.0,1874689.0,2030.0,2026-10-03T20:07:02.636796+00:00
DAL,Kavontae Turpin,79279,WR,30.0,Active,,4649676.0,1.54,5408500.0,3508500.0,2028.0,2026-10-03T20:07:02.636796+00:00
DAL,Bryan Anger,9880,P,38.0,Active,,4109520.0,1.36,4109520.0,3109520.0,2027.0,2026-10-03T20:07:02.636796+00:00
DAL,Decobie Durant,77019,CB,27.0,Active,,4000000.0,1.33,3250000.0,4000000.0,2027.0,2026-10-03T20:07:02.636796+00:00
DAL,Javonte Williams,72415,RB,26.0,Active,,3899336.0,1.29,16008160.0,8758160.0,2029.0,2026-10-03T20:07:02.636796+00:00
DAL,Malachi Lawrence,106306,ED,23.0,Active,,3681451.0,1.22,20225428.0,12055768.0,2031.0,2026-10-03T20:07:02.636796+00:00
DAL,Dee Winters,82520,LB,26.0,Active,,3680800.0,1.22,6800.0,3680800.0,2027.0,2026-10-03T20:07:02.636796+00:00
DAL,Tyler Guyton,90359,LT,25.0,Active,,3597127.0,1.19,7783065.0,2000162.0,2029.0,2026-10-03T20:07:02.636796+00:00
DAL,Brandon Aubrey,84897,K,31.0,Active,,3409180.0,1.13,15009180.0,10009180.0,2031.0,2026-10-03T20:07:02.636796+00:00
DAL,Von Miller,7717,ED,37.0,Active,,3100000.0,1.03,4300000.0,5500000.0,2027.0,2026-10-03T20:07:02.636796+00:00
DAL,Joey Porter Jr.,82324,CB,26.0,Active,,3052000.0,1.01,1443116.0,3052000.0,2027.0,2026-10-03T20:07:02.636796+00:00
DAL,Hunter Luepke,83083,FB,26.0,Active,,3009520.0,1.0,3509520.0,2509520.0,2028.0,2026-10-03T20:07:02.636796+00:00
DAL,Markquese Bell,77358,S,27.0,Active,,2842853.0,0.94,3676187.0,2009520.0,2028.0,2026-10-03T20:07:02.636796+00:00
DAL,Sam Howell,77021,QB,26.0,Active,,2509520.0,0.83,2509520.0,2509520.0,2027.0,2026-10-03T20:07:02.636796+00:00
DAL,Otito Ogbonnia,77037,DL,26.0,Active,,2406579.0,0.8,2009520.0,2759520.0,2027.0,2026-10-03T20:07:02.636796+00:00
DAL,Donovan Ezeiruaku,97843,ED,23.0,Active,,2316134.0,0.77,6937500.0,1309755.0,2029.0,2026-10-03T20:07:02.636796+00:00
DAL,Luke Schoonmaker,82350,TE,28.0,Active,,2003466.0,0.67,398918.0,1614068.0,2027.0,2026-10-03T20:07:02.636796+00:00
DAL,Brevyn Spann-Ford,91361,TE,27.0,Active,,1890847.0,0.63,8840847.0,5084180.0,2030.0,2026-10-03T20:07:02.636796+00:00
DAL,DeMarvion Overshown,82382,LB,26.0,Active,,1723169.0,0.57,238165.0,1493164.0,2027.0,2026-10-03T20:07:02.636796+00:00
DAL,Cooper Beebe,90405,C,25.0,Active,,1628423.0,0.54,578398.0,1343474.0,2028.0,2026-10-03T20:07:02.636796+00:00
DAL,Ryan Flournoy,90550,WR,27.0,Active,,1584180.0,0.53,5584180.0,3584180.0,2028.0,2026-10-03T20:07:02.636796+00:00
DAL,Broderick Jones,82291,LT,25.0,Active,,1517232.0,0.5,1517232.0,1517232.0,2027.0,2026-10-03T20:07:02.636796+00:00
DAL,Trent Sieg,25598,LS,31.0,Active,,1492513.0,0.5,1675847.0,1309180.0,2028.0,2026-10-03T20:07:02.636796+00:00
DAL,Shavon Revel Jr.,97876,CB,25.0,Active,,1488325.0,0.49,1038652.0,1145281.0,2029.0,2026-10-03T20:07:02.636796+00:00
DAL,Tyrus Wheat,83086,ED,27.0,Active,,1254520.0,0.42,109520.0,1254520.0,2027.0,2026-10-03T20:07:02.636796+00:00
DAL,Jaishawn Barham,106303,ED,22.0,Active,,1244257.0,0.41,1421992.0,2306992.0,2030.0,2026-10-03T20:07:02.636796+00:00
DAL,Drew Shelton,106265,T,23.0,Active,,1188869.0,0.39,1200440.0,2085440.0,2030.0,2026-10-03T20:07:02.636796+00:00
DAL,Emari Demercado,82651,RB,27.0,Active,,1188235.0,0.39,500000.0,1200000.0,2027.0,2026-10-03T20:07:02.636796+00:00
DAL,Jonathan Mingo,82331,WR,25.0,Active,,1154520.0,0.38,9520.0,1154520.0,2027.0,2026-10-03T20:07:02.636796+00:00
DAL,James Houston,77094,ED,28.0,Active,,1154180.0,0.38,1154180.0,1154180.0,2027.0,2026-10-03T20:07:02.636796+00:00
DAL,Caelen Carson,90508,CB,24.0,Active,,1148089.0,0.38,136658.0,1084520.0,2028.0,2026-10-03T20:07:02.636796+00:00
DAL,Ameer Speed,82518,CB,26.0,Active,,1145000.0,0.38,,1145000.0,2028.0,2026-10-03T20:07:02.636796+00:00
DAL,Shemar James,97953,LB,22.0,Active,,1120379.0,0.37,327097.0,1014520.0,2029.0,2026-10-03T20:07:02.636796+00:00
DAL,LT Overton,106285,DL,22.0,Active,,1087271.0,0.36,794048.0,1679048.0,2030.0,2026-10-03T20:07:02.636796+00:00
DAL,Tyler Goodson,77250,RB,26.0,Active,,1081387.0,0.36,,1081387.0,2027.0,2026-10-03T20:07:02.636796+00:00
DAL,Nick Leverett,48294,C,29.0,Active,,1075000.0,0.36,1215000.0,1215000.0,2027.0,2026-10-03T20:07:02.636796+00:00
DAL,Ajani Cornelius,98005,RT,24.0,Active,,1068014.0,0.35,170002.0,1014520.0,2029.0,2026-10-03T20:07:02.636796+00:00
DAL,Alijah Clark,98100,S,23.0,Active,,1014180.0,0.34,9180.0,1014180.0,2027.0,2026-10-03T20:07:02.636796+00:00
DAL,Camden Brown,107718,WR,22.0,Active,,895012.0,0.3,110012.0,905012.0,2029.0,2026-10-03T20:07:02.636796+00:00
DAL,Elijah Garcia,77410,ED,28.0,Active,,836108.0,0.28,,945000.0,2027.0,2026-10-03T20:07:02.636796+00:00
DAL,Justin Barron,98312,LB,25.0,Active,,737500.0,0.24,,737500.0,2027.0,2026-10-03T20:07:02.636796+00:00
DAL,Tyler Smith,76878,G,25.0,IR,SHORT-TERM IR: THUMB,10311820.0,3.42,49351820.0,24231820.0,2031.0,2026-10-03T20:07:02.636796+00:00
DAL,Jalen Thompson,32283,S,28.0,IR,IR: HAMSTRING,4631865.0,1.54,22009520.0,12509520.0,2029.0,2026-10-03T20:07:02.636796+00:00
DAL,P.J. Locke,29552,S,29.0,IR,IR: FOOT,3980096.0,1.32,3509520.0,4009520.0,2027.0,2026-10-03T20:07:02.636796+00:00
DAL,Jonathan Bullard,19021,DL,33.0,IR,IR: CALF,1950696.0,0.65,1509520.0,2009520.0,2027.0,2026-10-03T20:07:02.636796+00:00
DAL,Marist Liufau,90419,LB,25.0,IR,SHORT-TERM IR: ARM,1561411.0,0.52,488822.0,1321590.0,2028.0,2026-10-03T20:07:02.636796+00:00
DAL,Matt Hennessy,47673,C,29.0,IR,IR: NECK,1272020.0,0.42,1412020.0,1412020.0,2027.0,2026-10-03T20:07:02.636796+00:00
DAL,Devin Moore,107360,CB,23.0,IR,SHORT-TERM IR: HIP,817395.0,0.27,1194544.0,1709544.0,2030.0,2026-10-03T20:07:02.636796+00:00
DAL,Malik Davis,77360,RB,28.0,IR,IR: HIP,599520.0,0.2,9520.0,599520.0,2027.0,2026-10-03T20:07:02.636796+00:00
DAL,Princeton Fant,83080,TE,27.0,IR,IR: KNEE (ACL),548160.0,0.18,8160.0,548160.0,2028.0,2026-10-03T20:07:02.636796+00:00
DAL,D.J. Rogers,107725,TE,25.0,IR,IR: KNEE (MCL),528345.0,0.18,205012.0,545012.0,2029.0,2026-10-03T20:07:02.636796+00:00
DAL,Kelvin Gilliam,107721,DL,23.0,IR,IR: ARM,521678.0,0.17,55011.0,525012.0,2029.0,2026-10-03T20:07:02.636796+00:00
DAL,Curtis Robinson,72787,LB,28.0,PS,,330300.0,0.11,,330300.0,,2026-10-03T20:07:02.636796+00:00
DAL,James Mitchell,77054,TE,27.0,PS,,330300.0,0.11,,330300.0,,2026-10-03T20:07:02.636796+00:00
DAL,Derion Kendrick,77089,CB,26.0,PS,,330300.0,0.11,,330300.0,,2026-10-03T20:07:02.636796+00:00
DAL,Wanya Morris,82384,LT,26.0,PS,,330300.0,0.11,,330300.0,,2026-10-03T20:07:02.636796+00:00
DAL,Alex Austin,82556,CB,25.0,PS,,256900.0,0.09,,256900.0,,2026-10-03T20:07:02.636796+00:00
DAL,Isaiah Land,83082,ED,26.0,PS,,247500.0,0.08,,247500.0,,2026-10-03T20:07:02.636796+00:00
DAL,Joe Milton III,90527,QB,26.0,PS,,247500.0,0.08,,247500.0,,2026-10-03T20:07:02.636796+00:00
DAL,Reddy Steward,91390,CB,25.0,PS,,247500.0,0.08,,247500.0,,2026-10-03T20:07:02.636796+00:00
DAL,Marcellus Johnson,91566,LT,26.0,PS,,247500.0,0.08,,247500.0,,2026-10-03T20:07:02.636796+00:00
DAL,Anthony Smith,107448,WR,24.0,PS,,247500.0,0.08,,247500.0,,2026-10-03T20:07:02.636796+00:00
DAL,Michael Trigg,107499,TE,24.0,PS,,247500.0,0.08,,247500.0,,2026-10-03T20:07:02.636796+00:00
DAL,Tommy Dunn,107719,DL,22.0,PS,,247500.0,0.08,,247500.0,,2026-10-03T20:07:02.636796+00:00
DAL,Jordan Hudson,107722,WR,23.0,PS,,247500.0,0.08,,247500.0,,2026-10-03T20:07:02.636796+00:00
DAL,Israel Abanikanda,82447,RB,24.0,PS,,233750.0,0.08,,233750.0,,2026-10-03T20:07:02.636796+00:00
DAL,Juanyeh Thomas,77375,S,26.0,PS,,192500.0,0.06,,192500.0,,2026-10-03T20:07:02.636796+00:00
DAL,Adedayo Odeleye,77353,ED,29.0,PS,,,,,,,2026-10-03T20:07:02.636796+00:00
DEN,Mike McGlinchey,25104,RT,32.0,Active,,23784520.0,7.9,32324520.0,17509520.0,2028.0,2026-10-03T20:07:02.636796+00:00
DEN,Zach Allen,29101,DL,29.0,Active,,16479720.0,5.47,55952720.0,17252720.0,2030.0,2026-10-03T20:07:02.636796+00:00
DEN,D.J. Jones,21940,DL,31.0,Active,,14572040.0,4.84,19402040.0,13002040.0,2028.0,2026-10-03T20:07:02.636796+00:00
DEN,Evan Engram,21764,TE,32.0,Active,,14139387.0,4.69,16326055.0,11502720.0,2027.0,2026-10-03T20:07:02.636796+00:00
DEN,Courtland Sutton,25139,WR,31.0,Active,,13982820.0,4.64,39432820.0,17507820.0,2030.0,2026-10-03T20:07:02.636796+00:00
DEN,Talanoa Hufanga,72564,S,27.0,Active,,13508160.0,4.48,17008160.0,12008160.0,2028.0,2026-10-03T20:07:02.636796+00:00
DEN,Patrick Surtain II,72389,CB,26.0,Active,,12700780.0,4.22,71613815.0,22634380.0,2030.0,2026-10-03T20:07:02.636796+00:00
DEN,Ben Powers,29171,G,30.0,Active,,10609520.0,3.52,14784520.0,6009520.0,2027.0,2026-10-03T20:07:02.636796+00:00
DEN,Brandon Jones,47665,S,28.0,Active,,9250134.0,3.07,8830134.0,7506800.0,2027.0,2026-10-03T20:07:02.636796+00:00
DEN,Quinn Meinerz,72479,G,28.0,Active,,9217720.0,3.06,31985520.0,17375520.0,2029.0,2026-10-03T20:07:02.636796+00:00
DEN,Garett Bolles,21761,LT,34.0,Active,,8455400.0,2.81,26438400.0,20003400.0,2029.0,2026-10-03T20:07:02.636796+00:00
DEN,Nik Bonitto,76940,ED,27.0,Active,,8430380.0,2.8,57345180.0,15255180.0,2030.0,2026-10-03T20:07:02.636796+00:00
DEN,Jarrett Stidham,29181,QB,30.0,Active,,8008160.0,2.66,7498160.0,6508160.0,2027.0,2026-10-03T20:07:02.636796+00:00
DEN,Marvin Mims,82355,WR,24.0,Active,,6129908.0,2.04,362908.0,5776520.0,2027.0,2026-10-03T20:07:02.636796+00:00
DEN,JK Dobbins,47650,RB,28.0,Active,,6007820.0,1.99,8007820.0,8007820.0,2028.0,2026-10-03T20:07:02.636796+00:00
DEN,Alex Singleton,17304,LB,33.0,Active,,5977480.0,1.98,11007480.0,7507480.0,2028.0,2026-10-03T20:07:02.636796+00:00
DEN,Ja’Quan McMillian,77394,CB,26.0,Active,,5774820.0,1.92,7820.0,5774820.0,2027.0,2026-10-03T20:07:02.636796+00:00
DEN,Bo Nix,90341,QB,26.0,Active,,5084478.0,1.69,12418955.0,2495266.0,2029.0,2026-10-03T20:07:02.636796+00:00
DEN,Jaylen Waddle,72385,WR,28.0,Active,,4878200.0,1.62,28851595.0,17241000.0,2029.0,2026-10-03T20:07:02.636796+00:00
DEN,Jahdae Barron,97816,CB,25.0,Active,,4115700.0,1.37,14795304.0,1669668.0,2029.0,2026-10-03T20:07:02.636796+00:00
DEN,Riley Moss,82375,CB,26.0,Active,,3923292.0,1.3,249292.0,3682840.0,2027.0,2026-10-03T20:07:02.636796+00:00
DEN,Luke Wattenberg,77048,C,29.0,Active,,3581520.0,1.19,24609520.0,11009520.0,2030.0,2026-10-03T20:07:02.636796+00:00
DEN,Adam Trautman,47700,TE,29.0,Active,,3342853.0,1.11,9509520.0,6009520.0,2029.0,2026-10-03T20:07:02.636796+00:00
DEN,Justin Strnad,47774,LB,30.0,Active,,3294827.0,1.09,10008162.0,6758160.0,2029.0,2026-10-03T20:07:02.636796+00:00
DEN,Alex Palczewski,82976,G,27.0,Active,,3259520.0,1.08,5584520.0,4509520.0,2028.0,2026-10-03T20:07:02.636796+00:00
DEN,Malcolm Roach,47869,DL,28.0,Active,,3110173.0,1.03,13119505.0,6865507.0,2029.0,2026-10-03T20:07:02.636796+00:00
DEN,Wil Lutz,19376,K,32.0,Active,,2508187.0,0.83,8762855.0,2102853.0,2029.0,2026-10-03T20:07:02.636796+00:00
DEN,Matt Peart,47694,G,29.0,Active,,2392747.0,0.79,2195100.0,2005100.0,2027.0,2026-10-03T20:07:02.636796+00:00
DEN,Sam Ehlinger,72602,QB,28.0,Active,,2008160.0,0.67,2008160.0,2008160.0,2027.0,2026-10-03T20:07:02.636796+00:00
DEN,RJ Harvey,97859,RB,25.0,Active,,1681834.0,0.56,3398355.0,1183711.0,2029.0,2026-10-03T20:07:02.636796+00:00
DEN,Jonah Elliss,90408,ED,23.0,Active,,1610284.0,0.53,553984.0,1337882.0,2028.0,2026-10-03T20:07:02.636796+00:00
DEN,Nate Adkins,82962,TE,27.0,Active,,1564520.0,0.52,309520.0,1644520.0,2027.0,2026-10-03T20:07:02.636796+00:00
DEN,Tycen Anderson,77043,S,27.0,Active,,1507820.0,0.5,1422820.0,1507820.0,2027.0,2026-10-03T20:07:02.636796+00:00
DEN,Pat Bryant,97873,WR,24.0,Active,,1503180.0,0.5,1077160.0,1146620.0,2029.0,2026-10-03T20:07:02.636796+00:00
DEN,Sai'vion Jones,97900,DL,23.0,Active,,1408089.0,0.47,848465.0,1127874.0,2029.0,2026-10-03T20:07:02.636796+00:00
DEN,Tyler Onyedim,107355,DL,23.0,Active,,1348871.0,0.45,1837226.0,2722226.0,2030.0,2026-10-03T20:07:02.636796+00:00
DEN,Troy Franklin,90434,WR,23.0,Active,,1296869.0,0.43,435578.0,1083160.0,2028.0,2026-10-03T20:07:02.636796+00:00
DEN,Que Robinson,97935,ED,25.0,Active,,1228084.0,0.41,650212.0,1014520.0,2029.0,2026-10-03T20:07:02.636796+00:00
DEN,JL Skinner,82487,S,25.0,Active,,1203575.0,0.4,58575.0,1154520.0,2027.0,2026-10-03T20:07:02.636796+00:00
DEN,Kage Casey,106259,T,23.0,Active,,1190638.0,0.4,1204294.0,2089294.0,2030.0,2026-10-03T20:07:02.636796+00:00
DEN,Alex Forsyth,82561,C,27.0,Active,,1173964.0,0.39,28964.0,1154520.0,2027.0,2026-10-03T20:07:02.636796+00:00
DEN,Kris Abrams-Draine,90478,CB,25.0,Active,,1171248.0,0.39,183316.0,1084180.0,2028.0,2026-10-03T20:07:02.636796+00:00
DEN,Eyioma Uwazurike,76993,DL,28.0,Active,,1153160.0,0.38,8160.0,1153160.0,2027.0,2026-10-03T20:07:02.636796+00:00
DEN,Jordan Jackson,77071,DL,28.0,Active,,1084520.0,0.36,9520.0,1084520.0,2027.0,2026-10-03T20:07:02.636796+00:00
DEN,Tyler Badie,77073,RB,26.0,Active,,1084520.0,0.36,9520.0,1084520.0,2027.0,2026-10-03T20:07:02.636796+00:00
DEN,Dondrea Tillman,93422,ED,28.0,Active,,1084520.0,0.36,9520.0,1084520.0,2027.0,2026-10-03T20:07:02.636796+00:00
DEN,Devon Key,72665,S,28.0,Active,,1083160.0,0.36,8160.0,1083160.0,2027.0,2026-10-03T20:07:02.636796+00:00
DEN,Jeremy Crawshaw,98017,P,25.0,Active,,1048570.0,0.35,130710.0,1005000.0,2029.0,2026-10-03T20:07:02.636796+00:00
DEN,Karene Reid,98495,LB,26.0,Active,,1019520.0,0.34,19520.0,1014520.0,2028.0,2026-10-03T20:07:02.636796+00:00
DEN,Jordan Turner,98571,LB,25.0,Active,,1014520.0,0.34,9520.0,1014520.0,2028.0,2026-10-03T20:07:02.636796+00:00
DEN,Mitchell Fraboni,73108,LS,30.0,Active,,1012500.0,0.34,,1012500.0,2027.0,2026-10-03T20:07:02.636796+00:00
DEN,Dallen Bentley,106242,TE,25.0,Active,,921208.0,0.31,126574.0,1011574.0,2030.0,2026-10-03T20:07:02.636796+00:00
DEN,Jonathon Cooper,72623,ED,28.0,EXE,,5788160.0,1.92,18298160.0,12008160.0,2029.0,2026-10-03T20:07:02.636796+00:00
DEN,Jonah Coleman,105747,RB,23.0,IR,IR: ANKLE,891358.0,0.3,1240510.0,1817176.0,2030.0,2026-10-03T20:07:02.636796+00:00
DEN,Michael Deiter,29114,C,30.0,IR,IR: QUAD,624180.0,0.21,9180.0,624180.0,2027.0,2026-10-03T20:07:02.636796+00:00
DEN,Matt Henningsen,77083,DL,27.0,IR,IR: ACHILLES,599520.0,0.2,9520.0,599520.0,,2026-10-03T20:07:02.636796+00:00
DEN,Frank Crum,91472,RT,26.0,IR,SHORT-TERM IR: LEG,582854.0,0.19,17854.0,574520.0,2027.0,2026-10-03T20:07:02.636796+00:00
DEN,Levelle Bailey,91469,LB,26.0,IR,IR: LEG,574520.0,0.19,9520.0,574520.0,2027.0,2026-10-03T20:07:02.636796+00:00
DEN,Caleb Lohner,98042,TE,25.0,IR,SHORT-TERM IR: FOOT,524520.0,0.17,9520.0,524520.0,2028.0,2026-10-03T20:07:02.636796+00:00
DEN,Nick Gargiulo,90590,G,26.0,PUP,/PUP: KNEE (ACL),578520.0,0.19,38520.0,549520.0,2027.0,2026-10-03T20:07:02.636796+00:00
DEN,Adam Prentice,72782,FB,29.0,PS,,411300.0,0.14,,411300.0,,2026-10-03T20:07:02.636796+00:00
DEN,Lucas Krull,77149,TE,28.0,PS,,411300.0,0.14,,411300.0,,2026-10-03T20:07:02.636796+00:00
DEN,Calvin Throckmorton,48106,G,30.0,PS,,330300.0,0.11,,330300.0,,2026-10-03T20:07:02.636796+00:00
DEN,Miles Scott,107472,S,24.0,PS,,253586.0,0.08,,253586.0,,2026-10-03T20:07:02.636796+00:00
DEN,Michael Bandy,73118,WR,29.0,PS,,247500.0,0.08,,247500.0,,2026-10-03T20:07:02.636796+00:00
DEN,Cody Schrader,91593,RB,27.0,PS,,247500.0,0.08,,247500.0,,2026-10-03T20:07:02.636796+00:00
DEN,Johnny Walker,98497,DL,25.0,PS,,247500.0,0.08,,247500.0,,2026-10-03T20:07:02.636796+00:00
DEN,Red Murdock,106295,LB,23.0,PS,,247500.0,0.08,,247500.0,,2026-10-03T20:07:02.636796+00:00
DEN,Luke Basso,107496,LS,23.0,PS,,247500.0,0.08,,247500.0,,2026-10-03T20:07:02.636796+00:00
DEN,Dane Key,107497,WR,23.0,PS,,247500.0,0.08,,247500.0,,2026-10-03T20:07:02.636796+00:00
DEN,Brent Austin,107988,CB,23.0,PS,,247500.0,0.08,,247500.0,,2026-10-03T20:07:02.636796+00:00
DEN,Kolbe Katsis,107989,WR,25.0,PS,,247500.0,0.08,,247500.0,,2026-10-03T20:07:02.636796+00:00
DEN,Tyler Miller,107992,T,25.0,PS,,247500.0,0.08,,247500.0,,2026-10-03T20:07:02.636796+00:00
DEN,Gavin Ortega,107993,G,22.0,PS,,247500.0,0.08,,247500.0,,2026-10-03T20:07:02.636796+00:00
DEN,Sean Fresch,108488,CB,25.0,PS,,247500.0,0.08,,247500.0,,2026-10-03T20:07:02.636796+00:00
DEN,Jahfari Harvey,98576,DL,25.0,PS,,192500.0,0.06,,192500.0,,2026-10-03T20:07:02.636796+00:00
DEN,David Ebuka Agoha,82778,DL,25.0,PS,,,,,,,2026-10-03T20:07:02.636796+00:00
DET,Jared Goff,18949,QB,32.0,Active,,37609180.0,12.49,116809180.0,55009180.0,2029.0,2026-10-03T20:07:02.636796+00:00
DET,Alim McNeill,72452,DL,26.0,Active,,28966000.0,9.62,44864000.0,24000000.0,2029.0,2026-10-03T20:07:02.636796+00:00
DET,D.J. Reed,25243,CB,30.0,Active,,17876520.0,5.94,26687520.0,15009520.0,2028.0,2026-10-03T20:07:02.636796+00:00
DET,Penei Sewell,72386,LT,26.0,Active,,13128160.0,4.36,93161924.0,20008160.0,2030.0,2026-10-03T20:07:02.636796+00:00
DET,Amon-Ra St. Brown,72496,WR,27.0,Active,,12316460.0,4.09,51723460.0,28116460.0,2029.0,2026-10-03T20:07:02.636796+00:00
DET,Aidan Hutchinson,76847,ED,26.0,Active,,10146400.0,3.37,71672000.0,29872000.0,2031.0,2026-10-03T20:07:02.636796+00:00
DET,Derrick Barnes,72497,ED,27.0,Active,,9770460.0,3.24,13062460.0,8006460.0,2028.0,2026-10-03T20:07:02.636796+00:00
DET,Jahmyr Gibbs,82289,RB,24.0,Active,,8685818.0,2.88,40228818.0,18191249.0,2031.0,2026-10-03T20:07:02.636796+00:00
DET,Jameson Williams,76860,WR,25.0,Active,,8270600.0,2.75,41493000.0,13493000.0,2030.0,2026-10-03T20:07:02.636796+00:00
DET,Sam LaPorta,82326,TE,25.0,Active,,6748629.0,2.24,1481629.0,5777540.0,2027.0,2026-10-03T20:07:02.636796+00:00
DET,Larry Borom,72535,RT,27.0,Active,,5000000.0,1.66,5000000.0,5000000.0,2027.0,2026-10-03T20:07:02.636796+00:00
DET,Jack Campbell,82295,LB,26.0,Active,,4802397.0,1.59,24942437.0,9765709.0,2031.0,2026-10-03T20:07:02.636796+00:00
DET,Brock Wright,72851,TE,28.0,Active,,4734000.0,1.57,7267000.0,3700000.0,2027.0,2026-10-03T20:07:02.636796+00:00
DET,Blake Miller,106270,RT,22.0,Active,,3981081.0,1.32,21876612.0,13256436.0,2031.0,2026-10-03T20:07:02.636796+00:00
DET,Jack Fox,29435,P,30.0,Active,,3975000.0,1.32,3725000.0,3125000.0,2027.0,2026-10-03T20:07:02.636796+00:00
DET,Tyliek Williams,97824,DL,23.0,Active,,3755675.0,1.25,13493910.0,1599295.0,2030.0,2026-10-03T20:07:02.636796+00:00
DET,Rock Ya-Sin,29069,CB,30.0,Active,,3200000.0,1.06,2690000.0,3200000.0,2027.0,2026-10-03T20:07:02.636796+00:00
DET,D.J. Wonnum,47712,ED,29.0,Active,,2960000.0,0.98,2320000.0,3000000.0,2027.0,2026-10-03T20:07:02.636796+00:00
DET,Derrick Moore,106293,ED,24.0,Active,,2081922.0,0.69,11431242.0,5659800.0,2030.0,2026-10-03T20:07:02.636796+00:00
DET,Christian Izien,83014,S,26.0,Active,,1955000.0,0.65,495000.0,2000000.0,2027.0,2026-10-03T20:07:02.636796+00:00
DET,Ennis Rakestraw,90393,CB,24.0,Active,,1778427.0,0.59,877950.0,1394382.0,2028.0,2026-10-03T20:07:02.636796+00:00
DET,Tate Ratledge,97856,G,25.0,Active,,1751420.0,0.58,3870186.0,1198988.0,2029.0,2026-10-03T20:07:02.636796+00:00
DET,Khalil Dorsey,48266,CB,28.0,Active,,1693823.0,0.56,1545000.0,1625000.0,2027.0,2026-10-03T20:07:02.636796+00:00
DET,Juice Scruggs,82354,C,26.0,Active,,1592576.0,0.53,10880.0,1592576.0,2027.0,2026-10-03T20:07:02.636796+00:00
DET,Isaac TeSlaa,97869,WR,24.0,Active,,1525528.0,0.51,1151034.0,1153810.0,2029.0,2026-10-03T20:07:02.636796+00:00
DET,Malcolm Rodríguez,77065,LB,27.0,Active,,1402500.0,0.47,2750000.0,2750000.0,2027.0,2026-10-03T20:07:02.636796+00:00
DET,Trevor Nowaske,82925,ED,28.0,Active,,1360880.0,0.45,560880.0,1360880.0,2027.0,2026-10-03T20:07:02.636796+00:00
DET,Roger McCreary,76911,CB,26.0,Active,,1272020.0,0.42,1412020.0,1412020.0,2027.0,2026-10-03T20:07:02.636796+00:00
DET,Chuck Clark,21928,S,31.0,Active,,1262500.0,0.42,1487500.0,1487500.0,2027.0,2026-10-03T20:07:02.636796+00:00
DET,Sione Vaki,90465,RB,25.0,Active,,1218057.0,0.4,275234.0,1085880.0,2028.0,2026-10-03T20:07:02.636796+00:00
DET,Joshua Dobbs,21877,QB,31.0,Active,,1200000.0,0.4,1425000.0,1425000.0,2027.0,2026-10-03T20:07:02.636796+00:00
DET,Jimmy Rolder,107380,LB,22.0,Active,,1177536.0,0.39,1157256.0,2042256.0,2030.0,2026-10-03T20:07:02.636796+00:00
DET,Tyler Lacy,82434,DL,27.0,Active,,1155880.0,0.38,10880.0,1155880.0,2027.0,2026-10-03T20:07:02.636796+00:00
DET,Mekhi Wingo,90523,DL,23.0,Active,,1132580.0,0.38,104280.0,1085880.0,2028.0,2026-10-03T20:07:02.636796+00:00
DET,Christian Mahogany,90544,G,26.0,Active,,1120137.0,0.37,79734.0,1085540.0,2028.0,2026-10-03T20:07:02.636796+00:00
DET,Miles Frazier,97972,G,25.0,Active,,1094574.0,0.36,249682.0,1014520.0,2029.0,2026-10-03T20:07:02.636796+00:00
DET,Hogan Hatten,91505,LS,26.0,Active,,1086214.0,0.36,11214.0,1085880.0,2027.0,2026-10-03T20:07:02.636796+00:00
DET,Ben Bartch,47711,G,28.0,Active,,1085880.0,0.36,1225880.0,1225880.0,2027.0,2026-10-03T20:07:02.636796+00:00
DET,Jake Bates,85597,K,26.0,Active,,1085880.0,0.36,10880.0,1085880.0,2027.0,2026-10-03T20:07:02.636796+00:00
DET,Tyler Conklin,25258,TE,31.0,Active,,1075000.0,0.36,1300000.0,1300000.0,2027.0,2026-10-03T20:07:02.636796+00:00
DET,Devin White,29040,LB,28.0,Active,,1075000.0,0.36,1300000.0,1300000.0,2027.0,2026-10-03T20:07:02.636796+00:00
DET,Tom Kennedy,30035,WR,30.0,Active,,1075000.0,0.36,,1215000.0,2027.0,2026-10-03T20:07:02.636796+00:00
DET,Jacob Saylors,83048,RB,25.0,Active,,1015880.0,0.34,10880.0,1015880.0,2027.0,2026-10-03T20:07:02.636796+00:00
DET,Levi Onwuzurike,72421,DL,28.0,Active,,1015278.0,0.34,,1147500.0,2027.0,2026-10-03T20:07:02.636796+00:00
DET,Keith Abney II,105734,CB,21.0,Active,,1014018.0,0.34,503184.0,1388184.0,2030.0,2026-10-03T20:07:02.636796+00:00
DET,Tay Martin,77307,WR,29.0,Active,,1005000.0,0.33,,1005000.0,2027.0,2026-10-03T20:07:02.636796+00:00
DET,Ahmed Hassanein,97997,ED,24.0,Active,,985000.0,0.33,100000.0,985000.0,2027.0,2026-10-03T20:07:02.636796+00:00
DET,Skyler Gill-Howard,107440,DL,24.0,Active,,955118.0,0.32,267584.0,1152584.0,2030.0,2026-10-03T20:07:02.636796+00:00
DET,Jackson Meeks,98409,WR,23.0,Active,,895880.0,0.3,10880.0,895880.0,2027.0,2026-10-03T20:07:02.636796+00:00
DET,Eric O'Neill,108063,ED,23.0,Active,,892629.0,0.3,64296.0,899296.0,2029.0,2026-10-03T20:07:02.636796+00:00
DET,Amen Ogbongbemiga,72678,LB,28.0,Active,,836108.0,0.28,,945000.0,2027.0,2026-10-03T20:07:02.636796+00:00
DET,Bishop Fitzgerald,107544,S,23.0,Active,,786667.0,0.26,,786667.0,2027.0,2026-10-03T20:07:02.636796+00:00
DET,Seth McLaughlin,98419,C,25.0,Active,,737500.0,0.24,,737500.0,2027.0,2026-10-03T20:07:02.636796+00:00
DET,Cade Mays,77076,C,27.0,IR,SHORT-TERM IR: WRIST,2771000.0,0.92,14000000.0,8000000.0,2029.0,2026-10-03T20:07:02.636796+00:00
DET,Isiah Pacheco,77128,RB,27.0,IR,IR: BACK,1820880.0,0.6,1820880.0,1820880.0,2027.0,2026-10-03T20:07:02.636796+00:00
DET,Avonte Maddox,25226,CB,30.0,IR,IR: FOOT,1273380.0,0.42,1498380.0,1498380.0,2027.0,2026-10-03T20:07:02.636796+00:00
DET,Damone Clark,77053,LB,26.0,IR,IR: UNDISCLOSED,752500.0,0.25,100000.0,802500.0,2027.0,2026-10-03T20:07:02.636796+00:00
DET,Thomas Harper,90737,S,26.0,IR,IR: ANKLE,660881.0,0.22,10880.0,660881.0,2027.0,2026-10-03T20:07:02.636796+00:00
DET,Kendrick Law,107410,WR,23.0,IR,IR: KNEE (ACL),631830.0,0.21,454432.0,969432.0,2030.0,2026-10-03T20:07:02.636796+00:00
DET,Payton Turner,72408,ED,27.0,IR,IR: BACK,600540.0,0.2,10540.0,600540.0,2027.0,2026-10-03T20:07:02.636796+00:00
DET,Mason Miller,98103,G,25.0,IR,IR: UNDISCLOSED,247500.0,0.08,,247500.0,,2026-10-03T20:07:02.636796+00:00
DET,Brian Branch,82337,S,25.0,PUP,/PUP: ACHILLES,6484676.0,2.15,817676.0,5776180.0,2027.0,2026-10-03T20:07:02.636796+00:00
DET,Kerby Joseph,76973,S,26.0,PUP,/PUP: KNEE,5472200.0,1.82,29508800.0,11500000.0,2030.0,2026-10-03T20:07:02.636796+00:00
DET,Jalen Mills,19187,CB,32.0,PS,,365600.0,0.12,,365600.0,,2026-10-03T20:07:02.636796+00:00
DET,Joe Bachie,47883,LB,28.0,PS,,275250.0,0.09,,275250.0,,2026-10-03T20:07:02.636796+00:00
DET,Ben Stille,77488,DL,29.0,PS,,247500.0,0.08,,247500.0,,2026-10-03T20:07:02.636796+00:00
DET,Devin Cochran,77526,T,28.0,PS,,247500.0,0.08,,247500.0,,2026-10-03T20:07:02.636796+00:00
DET,Nick Whiteside,82678,CB,26.0,PS,,247500.0,0.08,,247500.0,,2026-10-03T20:07:02.636796+00:00
DET,Chris Smith,82926,DL,27.0,PS,,247500.0,0.08,,247500.0,,2026-10-03T20:07:02.636796+00:00
DET,Dontavian Jackson,83653,WR,29.0,PS,,247500.0,0.08,,247500.0,,2026-10-03T20:07:02.636796+00:00
DET,Elijah Klein,90554,C,26.0,PS,,247500.0,0.08,,247500.0,,2026-10-03T20:07:02.636796+00:00
DET,Jabari Small,91411,RB,24.0,PS,,247500.0,0.08,,247500.0,,2026-10-03T20:07:02.636796+00:00
DET,Dominic Lovett,98045,WR,24.0,PS,,247500.0,0.08,,247500.0,,2026-10-03T20:07:02.636796+00:00
DET,Thomas Gordon,100640,TE,26.0,PS,,247500.0,0.08,,247500.0,,2026-10-03T20:07:02.636796+00:00
DET,Luke Altmyer,108059,QB,24.0,PS,,247500.0,0.08,,247500.0,,2026-10-03T20:07:02.636796+00:00
DET,Aamaris Brown,108060,CB,24.0,PS,,247500.0,0.08,,247500.0,,2026-10-03T20:07:02.636796+00:00
DET,Anthony Lucas,108062,DL,22.0,PS,,247500.0,0.08,,247500.0,,2026-10-03T20:07:02.636796+00:00
DET,Lawrence Keys,91401,WR,27.0,PS,,192500.0,0.06,,192500.0,,2026-10-03T20:07:02.636796+00:00
DET,Miles Kitselman,108061,TE,24.0,PS,,192500.0,0.06,,192500.0,,2026-10-03T20:07:02.636796+00:00
GB,Jordan Love,47621,QB,28.0,Active,,36133317.0,12.0,118926342.0,51010880.0,2029.0,2026-10-03T20:07:02.636796+00:00
GB,Aaron Banks,72428,G,29.0,Active,,12003176.0,3.99,37850000.0,18100000.0,2029.0,2026-10-03T20:07:02.636796+00:00
GB,Christian Watson,76910,WR,27.0,Active,,10519297.0,3.49,37778660.0,34750000.0,2031.0,2026-10-03T20:07:02.636796+00:00
GB,Xavier McKinney,47631,S,27.0,Active,,9860235.0,3.27,24650000.0,13350000.0,2028.0,2026-10-03T20:07:02.636796+00:00
GB,Devonte Wyatt,76882,DL,28.0,Active,,8448880.0,2.81,23448880.0,23448880.0,2030.0,2026-10-03T20:07:02.636796+00:00
GB,Javon Hargrave,19043,DL,33.0,Active,,7709962.0,2.56,12254080.0,13004080.0,2028.0,2026-10-03T20:07:02.636796+00:00
GB,Keisean Nixon,29672,CB,29.0,Active,,7166668.0,2.38,6666668.0,5000000.0,2027.0,2026-10-03T20:07:02.636796+00:00
GB,Zaire Franklin,25336,LB,30.0,Active,,7130000.0,2.37,8240000.0,9005000.0,2028.0,2026-10-03T20:07:02.636796+00:00
GB,Tucker Kraft,82370,TE,26.0,Active,,6840077.0,2.27,26816077.0,27783180.0,2031.0,2026-10-03T20:07:02.636796+00:00
GB,Sean Rhyan,76968,C,26.0,Active,,6666666.0,2.21,13250002.0,14000000.0,2029.0,2026-10-03T20:07:02.636796+00:00
GB,Lukas Van Ness,82290,ED,25.0,Active,,5543455.0,1.84,19295455.0,3131984.0,2028.0,2026-10-03T20:07:02.636796+00:00
GB,Isaiah McDuffie,72604,LB,27.0,Active,,4725000.0,1.57,5025000.0,4200000.0,2028.0,2026-10-03T20:07:02.636796+00:00
GB,Matthew Golden,97819,WR,23.0,Active,,4005275.0,1.33,14390702.0,1649759.0,2030.0,2026-10-03T20:07:02.636796+00:00
GB,Jordan Morgan,90354,LT,25.0,Active,,3879679.0,1.29,8393278.0,2095480.0,2029.0,2026-10-03T20:07:02.636796+00:00
GB,Karl Brooks,82483,DL,26.0,Active,,3737887.0,1.24,63887.0,3684880.0,2027.0,2026-10-03T20:07:02.636796+00:00
GB,Carrington Valentine,82536,CB,25.0,Active,,3710056.0,1.23,36056.0,3684880.0,2027.0,2026-10-03T20:07:02.636796+00:00
GB,Benjamin St-Juste,72454,CB,29.0,Active,,3470588.0,1.15,3200000.0,5000000.0,2028.0,2026-10-03T20:07:02.636796+00:00
GB,Tyrod Taylor,7899,QB,37.0,Active,,2860761.0,0.95,2007820.0,2978408.0,2027.0,2026-10-03T20:07:02.636796+00:00
GB,Skyy Moore,76930,WR,26.0,Active,,2500000.0,0.83,2330000.0,2500000.0,2027.0,2026-10-03T20:07:02.636796+00:00
GB,Edgerrin Cooper,90377,LB,25.0,Active,,2356040.0,0.78,3061415.0,1587600.0,2028.0,2026-10-03T20:07:02.636796+00:00
GB,Daniel Whelan,77157,P,27.0,Active,,2350000.0,0.78,1500000.0,1650000.0,2028.0,2026-10-03T20:07:02.636796+00:00
GB,Nick Niemann,72569,LB,29.0,Active,,2111764.0,0.7,2015000.0,2250000.0,2027.0,2026-10-03T20:07:02.636796+00:00
GB,Jonnu Smith,21842,TE,31.0,Active,,2000000.0,0.66,2000000.0,2000000.0,2027.0,2026-10-03T20:07:02.636796+00:00
GB,Josh Whyle,82451,TE,27.0,Active,,1857059.0,0.62,470000.0,2000000.0,2027.0,2026-10-03T20:07:02.636796+00:00
GB,Chris Brooks,82898,RB,26.0,Active,,1845000.0,0.61,750000.0,2170000.0,2028.0,2026-10-03T20:07:02.636796+00:00
GB,Javon Bullard,90390,S,24.0,Active,,1839825.0,0.61,1002749.0,1415528.0,2028.0,2026-10-03T20:07:02.636796+00:00
GB,Anthony Belton,97853,T,25.0,Active,,1832885.0,0.61,4401573.0,1215281.0,2029.0,2026-10-03T20:07:02.636796+00:00
GB,Brandon Cisse,105732,CB,21.0,Active,,1707550.0,0.57,8029312.0,4160701.0,2030.0,2026-10-03T20:07:02.636796+00:00
GB,Kevin Zeitler,9837,G,36.0,Active,,1676666.0,0.56,2966667.0,4050000.0,2027.0,2026-10-03T20:07:02.636796+00:00
GB,Marshawn Lloyd,90420,RB,25.0,Active,,1561954.0,0.52,539092.0,1322678.0,2028.0,2026-10-03T20:07:02.636796+00:00
GB,Ty'Ron Hopper,90423,ED,25.0,Active,,1559432.0,0.52,535616.0,1322064.0,2028.0,2026-10-03T20:07:02.636796+00:00
GB,Matthew Orzech,29726,LS,31.0,Active,,1502500.0,0.5,1877500.0,1315000.0,2029.0,2026-10-03T20:07:02.636796+00:00
GB,Brenton Cox Jr.,82617,ED,26.0,Active,,1484705.0,0.49,275000.0,1695000.0,2027.0,2026-10-03T20:07:02.636796+00:00
GB,Jonathan Ford,77111,DL,28.0,Active,,1391761.0,0.46,125000.0,1500000.0,2027.0,2026-10-03T20:07:02.636796+00:00
GB,Chris McClellan,106290,DL,23.0,Active,,1295027.0,0.43,1625609.0,2510609.0,2030.0,2026-10-03T20:07:02.636796+00:00
GB,Evan Williams,90443,S,25.0,Active,,1286600.0,0.43,412320.0,1085880.0,2028.0,2026-10-03T20:07:02.636796+00:00
GB,Barryn Sorrell,97925,ED,24.0,Active,,1251003.0,0.42,716929.0,1015540.0,2029.0,2026-10-03T20:07:02.636796+00:00
GB,Dani Dennis-Sutton,106275,ED,23.0,Active,,1173394.0,0.39,1139077.0,2024077.0,2030.0,2026-10-03T20:07:02.636796+00:00
GB,Jacob Monk,90496,G,25.0,Active,,1161284.0,0.39,161688.0,1085880.0,2028.0,2026-10-03T20:07:02.636796+00:00
GB,Kitan Oladapo,90502,S,26.0,Active,,1149449.0,0.38,138018.0,1085880.0,2028.0,2026-10-03T20:07:02.636796+00:00
GB,Kaleb Johnson,97882,RB,23.0,Active,,1129639.0,0.38,,1129639.0,2029.0,2026-10-03T20:07:02.636796+00:00
GB,Travis Glover,90536,G,26.0,Active,,1128725.0,0.37,96570.0,1085880.0,2028.0,2026-10-03T20:07:02.636796+00:00
GB,Bo Melton,77106,CB,27.0,Active,,1081387.0,0.36,,1081387.0,2027.0,2026-10-03T20:07:02.636796+00:00
GB,Warren Brinson,97999,DL,24.0,Active,,1072476.0,0.36,180668.0,1015880.0,2029.0,2026-10-03T20:07:02.636796+00:00
GB,Kamal Hadden,90545,CB,25.0,Active,,1015880.0,0.34,10880.0,1015880.0,2027.0,2026-10-03T20:07:02.636796+00:00
GB,Donovan Jennings,90640,G,27.0,Active,,1015880.0,0.34,10880.0,1015880.0,2027.0,2026-10-03T20:07:02.636796+00:00
GB,Jager Burton,107398,G,24.0,Active,,1015833.0,0.34,508833.0,1393833.0,2030.0,2026-10-03T20:07:02.636796+00:00
GB,Trey Smack,107446,K,23.0,Active,,941466.0,0.31,211365.0,1096365.0,2030.0,2026-10-03T20:07:02.636796+00:00
GB,John Williams,98051,T,24.0,Active,,921298.0,0.31,87134.0,895880.0,2029.0,2026-10-03T20:07:02.636796+00:00
GB,Anthony Campbell,98793,DL,26.0,Active,,895880.0,0.3,10880.0,895880.0,2027.0,2026-10-03T20:07:02.636796+00:00
GB,J. Michael Sturdivant,107709,WR,24.0,Active,,894833.0,0.3,219833.0,904833.0,2029.0,2026-10-03T20:07:02.636796+00:00
GB,Mark Redman,98294,TE,24.0,Active,,885000.0,0.29,,885000.0,2028.0,2026-10-03T20:07:02.636796+00:00
GB,Laken Tomlinson,16752,G,34.0,Active,,801108.0,0.27,,1011108.0,2027.0,2026-10-03T20:07:02.636796+00:00
GB,Josh Jacobs,29059,RB,28.0,EXE,,14542647.0,4.83,17050000.0,11500000.0,2028.0,2026-10-03T20:07:02.636796+00:00
GB,Zach Bako-Bewele,77017,RT,27.0,IR,IR: KNEE,11831106.0,3.93,29297952.0,6050000.0,2030.0,2026-10-03T20:07:02.636796+00:00
GB,Jayden Reed,82342,WR,26.0,IR,IR: NECK,6795673.0,2.26,20566476.0,21240077.0,2030.0,2026-10-03T20:07:02.636796+00:00
GB,Savion Williams,97886,WR,25.0,IR,SHORT-TERM IR: ANKLE,1440983.0,0.48,973126.0,1136901.0,2029.0,2026-10-03T20:07:02.636796+00:00
GB,Collin Oliver,97960,ED,24.0,IR,SHORT-TERM IR: ACHILLES,651901.0,0.22,313567.0,550880.0,2029.0,2026-10-03T20:07:02.636796+00:00
GB,Micah Parsons,72392,ED,27.0,PUP,/PUP: KNEE (ACL),19204426.0,6.38,113389720.0,40839720.0,2030.0,2026-10-03T20:07:02.636796+00:00
GB,Luke Musgrave,82334,TE,26.0,PUP,/PUP: NECK,2707704.0,0.9,801922.0,1916662.0,2027.0,2026-10-03T20:07:02.636796+00:00
GB,Jordon Riley,82547,DL,28.0,PUP,/PUP: ACHILLES,600880.0,0.2,10880.0,600880.0,2027.0,2026-10-03T20:07:02.636796+00:00
GB,Arron Mosby,77167,ED,27.0,PS,,411300.0,0.14,,411300.0,,2026-10-03T20:07:02.636796+00:00
GB,Kristian Welch,48267,LB,30.0,PS,,330300.0,0.11,,330300.0,,2026-10-03T20:07:02.636796+00:00
GB,Kahlef Hailassie,82878,S,26.0,PS,,330300.0,0.11,,330300.0,,2026-10-03T20:07:02.636796+00:00
GB,Mekhi Becton,47605,G,27.0,PS,,256900.0,0.09,,256900.0,,2026-10-03T20:07:02.636796+00:00
GB,Josh Gesky,107506,G,24.0,PS,,252333.0,0.08,,252333.0,,2026-10-03T20:07:02.636796+00:00
GB,Dillon Wade,107710,G,24.0,PS,,252333.0,0.08,,252333.0,,2026-10-03T20:07:02.636796+00:00
GB,Pierre Strong,77004,RB,28.0,PS,,247500.0,0.08,,247500.0,,2026-10-03T20:07:02.636796+00:00
GB,Kedon Slovis,91518,QB,25.0,PS,,247500.0,0.08,,247500.0,,2026-10-03T20:07:02.636796+00:00
GB,Dalton Cooper,98117,T,25.0,PS,,247500.0,0.08,,247500.0,,2026-10-03T20:07:02.636796+00:00
GB,Isaiah Neyor,98227,WR,25.0,PS,,247500.0,0.08,,247500.0,,2026-10-03T20:07:02.636796+00:00
GB,Drake Dabney,98590,TE,24.0,PS,,247500.0,0.08,,247500.0,,2026-10-03T20:07:02.636796+00:00
GB,Domani Jackson,107436,CB,23.0,PS,,247500.0,0.08,,247500.0,,2026-10-03T20:07:02.636796+00:00
GB,Nyjalik Kelly,107706,ED,22.0,PS,,247500.0,0.08,,247500.0,,2026-10-03T20:07:02.636796+00:00
GB,Quincy Skinner Jr.,98277,WR,23.0,PS,,233750.0,0.08,,233750.0,,2026-10-03T20:07:02.636796+00:00
GB,Coleman Owen,98504,WR,25.0,PS,,192500.0,0.06,,192500.0,,2026-10-03T20:07:02.636796+00:00
GB,David Blay,108006,DL,23.0,PS,,192500.0,0.06,,192500.0,,2026-10-03T20:07:02.636796+00:00
GB,Lenny Krieg,97614,K,24.0,PS,,,,,,,2026-10-03T20:07:02.636796+00:00
HOU,Danielle Hunter,16812,ED,32.0,Active,,16140000.0,5.36,95000000.0,32500000.0,2028.0,2026-10-03T20:07:02.636796+00:00
HOU,Nico Collins,72471,WR,27.0,Active,,14943609.0,4.96,75368080.0,30004080.0,2028.0,2026-10-03T20:07:02.636796+00:00
HOU,Will Anderson,82280,ED,25.0,Active,,13204132.0,4.38,105722881.0,33151800.0,2031.0,2026-10-03T20:07:02.636796+00:00
HOU,C.J. Stroud,82279,QB,25.0,Active,,11552916.0,3.84,37456916.0,5706690.0,2028.0,2026-10-03T20:07:02.636796+00:00
HOU,Derek Stingley Jr.,76848,CB,25.0,Active,,10797120.0,3.58,61601120.0,22101120.0,2030.0,2026-10-03T20:07:02.636796+00:00
HOU,Dalton Schultz,25238,TE,30.0,Active,,9558520.0,3.17,27905520.0,13109520.0,2028.0,2026-10-03T20:07:02.636796+00:00
HOU,Azeez Al-Shaair,29714,LB,29.0,Active,,8796108.0,2.92,51623520.0,16259520.0,2030.0,2026-10-03T20:07:02.636796+00:00
HOU,Davis Mills,72447,QB,28.0,Active,,8134520.0,2.7,7684520.0,6309520.0,2027.0,2026-10-03T20:07:02.636796+00:00
HOU,Ka'imi Fairbairn,19289,K,32.0,Active,,5797631.0,1.92,16562631.0,7769520.0,2029.0,2026-10-03T20:07:02.636796+00:00
HOU,Jalen Pitre,76913,CB,27.0,Active,,5692945.0,1.89,16509180.0,9509180.0,2029.0,2026-10-03T20:07:02.636796+00:00
HOU,Jadeveon Clowney,14410,ED,33.0,Active,,5264706.0,1.75,4500000.0,5500000.0,2027.0,2026-10-03T20:07:02.636796+00:00
HOU,Trenton Brown,16970,RT,33.0,Active,,4917541.0,1.63,4505780.0,5505780.0,2027.0,2026-10-03T20:07:02.636796+00:00
HOU,Logan Hall,76909,DL,26.0,Active,,4634520.0,1.54,9000000.0,7509520.0,2028.0,2026-10-03T20:07:02.636796+00:00
HOU,Ed Ingram,76935,G,27.0,Active,,4627167.0,1.54,20009520.0,15759520.0,2029.0,2026-10-03T20:07:02.636796+00:00
HOU,Reed Blankenship,77509,S,27.0,Active,,4174487.0,1.39,16507821.0,9007820.0,2029.0,2026-10-03T20:07:02.636796+00:00
HOU,Xavier Hutchinson,82509,WR,26.0,Active,,3724446.0,1.24,50446.0,3683520.0,2027.0,2026-10-03T20:07:02.636796+00:00
HOU,Jake Andrews,82411,C,29.0,Active,,3683520.0,1.22,9520.0,3683520.0,2027.0,2026-10-03T20:07:02.636796+00:00
HOU,Kayshon Boutte,82491,WR,24.0,Active,,3674000.0,1.22,,3674000.0,2027.0,2026-10-03T20:07:02.636796+00:00
HOU,Wyatt Teller,25267,G,32.0,Active,,3579373.0,1.19,8759520.0,8009520.0,2028.0,2026-10-03T20:07:02.636796+00:00
HOU,Tremon Smith,25297,CB,30.0,Active,,3509520.0,1.17,3259520.0,2759520.0,2027.0,2026-10-03T20:07:02.636796+00:00
HOU,Keylan Rutledge,106261,G,23.0,Active,,3508210.0,1.16,19279849.0,11367637.0,2031.0,2026-10-03T20:07:02.636796+00:00
HOU,Sheldon Rankins,18960,DL,32.0,Active,,3400000.0,1.13,12000000.0,9000000.0,2028.0,2026-10-03T20:07:02.636796+00:00
HOU,David Montgomery,29109,RB,29.0,Active,,3306800.0,1.1,10006800.0,8506800.0,2028.0,2026-10-03T20:07:02.636796+00:00
HOU,Tommy Togiai,72516,DL,27.0,Active,,2516284.0,0.84,1920696.0,1734520.0,2027.0,2026-10-03T20:07:02.636796+00:00
HOU,Kamari Lassiter,90374,CB,23.0,Active,,2467762.0,0.82,3411816.0,1623708.0,2028.0,2026-10-03T20:07:02.636796+00:00
HOU,Evan Brown,25809,C,30.0,Active,,2421285.0,0.8,2259520.0,2509520.0,2027.0,2026-10-03T20:07:02.636796+00:00
HOU,Foster Moreau,29185,TE,29.0,Active,,2296257.0,0.76,3009502.0,2759502.0,2028.0,2026-10-03T20:07:02.636796+00:00
HOU,Jake Hansen,77440,LB,28.0,Active,,2283049.0,0.76,2084520.0,1934520.0,2027.0,2026-10-03T20:07:02.636796+00:00
HOU,Aireontae Ersery,97847,LT,24.0,Active,,2103074.0,0.7,5703987.0,1268231.0,2029.0,2026-10-03T20:07:02.636796+00:00
HOU,Dominique Robinson,77051,ED,28.0,Active,,1877941.0,0.62,25000.0,2025000.0,2027.0,2026-10-03T20:07:02.636796+00:00
HOU,Blake Fisher,90391,T,23.0,Active,,1808273.0,0.6,873642.0,1404104.0,2028.0,2026-10-03T20:07:02.636796+00:00
HOU,Calen Bullock,90410,S,23.0,Active,,1606543.0,0.53,548998.0,1336634.0,2028.0,2026-10-03T20:07:02.636796+00:00
HOU,Marlin Klein,107353,TE,24.0,Active,,1491579.0,0.5,6247283.0,3301113.0,2030.0,2026-10-03T20:07:02.636796+00:00
HOU,Jaylin Noel,97878,WR,24.0,Active,,1479260.0,0.49,1016896.0,1143468.0,2029.0,2026-10-03T20:07:02.636796+00:00
HOU,Jaylin Smith,97896,CB,23.0,Active,,1409789.0,0.47,850165.0,1129574.0,2029.0,2026-10-03T20:07:02.636796+00:00
HOU,Cade Stover,90456,TE,26.0,Active,,1269254.0,0.42,378988.0,1084520.0,2028.0,2026-10-03T20:07:02.636796+00:00
HOU,Woody Marks,97917,RB,26.0,Active,,1265462.0,0.42,762346.0,1014520.0,2029.0,2026-10-03T20:07:02.636796+00:00
HOU,Febechi Nwaiwu,107377,G,23.0,Active,,1199747.0,0.4,1248785.0,2133785.0,2030.0,2026-10-03T20:07:02.636796+00:00
HOU,Brevin Jordan,72531,TE,26.0,Active,,1170000.0,0.39,1170000.0,1170000.0,,2026-10-03T20:07:02.636796+00:00
HOU,Wade Woodaz,107382,LB,22.0,Active,,1164096.0,0.39,1106181.0,1991181.0,2030.0,2026-10-03T20:07:02.636796+00:00
HOU,Jaden Crumedy,90534,DL,26.0,Active,,1075000.0,0.36,,1075000.0,,2026-10-03T20:07:02.636796+00:00
HOU,Kamari Ramsey,106318,S,22.0,Active,,1029831.0,0.34,569121.0,1454121.0,2030.0,2026-10-03T20:07:02.636796+00:00
HOU,Austin Brinkman,98439,LS,24.0,Active,,1017853.0,0.34,16187.0,1014520.0,2028.0,2026-10-03T20:07:02.636796+00:00
HOU,Jamal Hill,90522,LB,25.0,Active,,1015278.0,0.34,,1015278.0,2027.0,2026-10-03T20:07:02.636796+00:00
HOU,Jared Wayne,82944,WR,26.0,Active,,1014520.0,0.34,9520.0,1014520.0,2027.0,2026-10-03T20:07:02.636796+00:00
HOU,Kai Kroeger,98594,P,24.0,Active,,1014520.0,0.34,9520.0,1014520.0,2028.0,2026-10-03T20:07:02.636796+00:00
HOU,Nathan Thomas,90567,LT,25.0,Active,,1005000.0,0.33,,1005000.0,2028.0,2026-10-03T20:07:02.636796+00:00
HOU,Aiden Fisher,107469,LB,23.0,Active,,920295.0,0.31,130977.0,1015977.0,2030.0,2026-10-03T20:07:02.636796+00:00
HOU,Collin Wright,107854,CB,23.0,Active,,896734.0,0.3,265901.0,913401.0,2029.0,2026-10-03T20:07:02.636796+00:00
HOU,Sabastian Harsh,107553,ED,25.0,Active,,893401.0,0.3,168401.0,903401.0,2029.0,2026-10-03T20:07:02.636796+00:00
HOU,Chris Braswell,90389,LB,25.0,Active,,836111.0,0.28,,836111.0,2027.0,2026-10-03T20:07:02.636796+00:00
HOU,Dare Ogunbowale,22189,RB,32.0,Active,,836108.0,0.28,,1011108.0,2027.0,2026-10-03T20:07:02.636796+00:00
HOU,Braden Smith,25136,RT,30.0,IR,IR: FOOT,5014153.0,1.66,13506800.0,11506800.0,2028.0,2026-10-03T20:07:02.636796+00:00
HOU,Henry To'oTo'o,82471,LB,25.0,IR,IR: SHOULDER,3494764.0,1.16,12494764.0,7433520.0,2029.0,2026-10-03T20:07:02.636796+00:00
HOU,Jayden Higgins,97833,WR,24.0,IR,IR: KNEE (ACL),2668798.0,0.89,9582922.0,1381376.0,2029.0,2026-10-03T20:07:02.636796+00:00
HOU,Kayden McDonald,105721,DL,21.0,IR,IR: ANKLE,2349719.0,0.78,12908153.0,6733673.0,2030.0,2026-10-03T20:07:02.636796+00:00
HOU,Jake Hummel,77412,LB,27.0,IR,IR: GROIN,2059180.0,0.68,2259180.0,2509180.0,2028.0,2026-10-03T20:07:02.636796+00:00
HOU,Tank Dell,82361,WR,27.0,IR,SHORT-TERM IR: KNEE,1988902.0,0.66,1343902.0,1704520.0,2027.0,2026-10-03T20:07:02.636796+00:00
HOU,Mario Edwards,16759,DL,32.0,IR,IR: KNEE (ACL),1487500.0,0.49,1487500.0,1487500.0,2027.0,2026-10-03T20:07:02.636796+00:00
HOU,Dylan Horton,82413,ED,26.0,IR,IR: ACHILLES,1354779.0,0.45,209779.0,1154520.0,2027.0,2026-10-03T20:07:02.636796+00:00
HOU,Ja'Marcus Ingram,77811,CB,29.0,IR,SHORT-TERM IR: SHOULDER,1154520.0,0.38,1154520.0,1154520.0,2027.0,2026-10-03T20:07:02.636796+00:00
HOU,British Brooks,91407,RB,27.0,IR,IR: HAMSTRING,692854.0,0.23,14520.0,687854.0,2027.0,2026-10-03T20:07:02.636796+00:00
HOU,Graham Mertz,97998,QB,26.0,IR,IR: KNEE (ACL),606641.0,0.2,180883.0,549520.0,2029.0,2026-10-03T20:07:02.636796+00:00
HOU,Ali Gaye,82940,ED,28.0,IR,IR: KNEE,571800.0,0.19,6800.0,571800.0,2027.0,2026-10-03T20:07:02.636796+00:00
HOU,Sam Hagen,107862,T,23.0,IR,IR: UNDISCLOSED,525067.0,0.17,198400.0,538401.0,2029.0,2026-10-03T20:07:02.636796+00:00
HOU,K.C. Ossai,98443,LB,24.0,IR,IR: UNDISCLOSED,517720.0,0.17,2720.0,517720.0,2027.0,2026-10-03T20:07:02.636796+00:00
HOU,Noah Whittington,107855,RB,25.0,IR,IR: UNDISCLOSED,247500.0,0.08,,247500.0,,2026-10-03T20:07:02.636796+00:00
HOU,E.J. Speed,29212,LB,31.0,PUP,/PUP: QUAD,3994814.0,1.33,7509520.0,6009520.0,2028.0,2026-10-03T20:07:02.636796+00:00
HOU,M.J. Stewart,25152,S,31.0,PUP,/PUP: QUAD,2422066.0,0.8,2104420.0,2704420.0,2027.0,2026-10-03T20:07:02.636796+00:00
HOU,George Odum,25536,S,33.0,PS,,411300.0,0.14,,411300.0,,2026-10-03T20:07:02.636796+00:00
HOU,Bryce Hall,47754,CB,29.0,PS,,411300.0,0.14,,411300.0,,2026-10-03T20:07:02.636796+00:00
HOU,Kenneth Murray,47617,LB,28.0,PS,,311950.0,0.1,,311950.0,,2026-10-03T20:07:02.636796+00:00
HOU,Caleb Johnson,72681,LB,28.0,PS,,256900.0,0.09,,256900.0,,2026-10-03T20:07:02.636796+00:00
HOU,Zaire Mitchell-Paden,77383,TE,27.0,PS,,247500.0,0.08,,247500.0,,2026-10-03T20:07:02.636796+00:00
HOU,Jawhar Jordan,90539,RB,27.0,PS,,247500.0,0.08,,247500.0,,2026-10-03T20:07:02.636796+00:00
HOU,Josh Kelly,98249,WR,25.0,PS,,247500.0,0.08,,247500.0,,2026-10-03T20:07:02.636796+00:00
HOU,Alijah Huzzie,98441,CB,25.0,PS,,247500.0,0.08,,247500.0,,2026-10-03T20:07:02.636796+00:00
HOU,Lewis Bond,107439,WR,23.0,PS,,247500.0,0.08,,247500.0,,2026-10-03T20:07:02.636796+00:00
HOU,Gavin Gerhardt,107462,C,,PS,,247500.0,0.08,,247500.0,,2026-10-03T20:07:02.636796+00:00
HOU,Daniel Sobkowicz,107856,WR,24.0,PS,,247500.0,0.08,,247500.0,,2026-10-03T20:07:02.636796+00:00
HOU,James Neal III,107858,T,23.0,PS,,247500.0,0.08,,247500.0,,2026-10-03T20:07:02.636796+00:00
HOU,Aaron Graves,107753,DL,23.0,PS,,192500.0,0.06,,192500.0,,2026-10-03T20:07:02.636796+00:00
HOU,Treyvhon Saunders,107861,WR,22.0,PS,,192500.0,0.06,,192500.0,,2026-10-03T20:07:02.636796+00:00
HOU,Max Pircher,72865,RT,27.0,PS,,,,,,,2026-10-03T20:07:02.636796+00:00
IND,DeForest Buckner,18955,DL,32.0,Active,,26607820.0,8.83,33807820.0,23007820.0,2027.0,2026-10-03T20:07:02.636796+00:00
IND,Quenton Nelson,25101,G,30.0,Active,,24209180.0,8.04,24209180.0,18009180.0,2027.0,2026-10-03T20:07:02.636796+00:00
IND,Charvarius Ward,25525,CB,31.0,Active,,19889047.0,6.6,26315714.0,13492380.0,2028.0,2026-10-03T20:07:02.636796+00:00
IND,Daniel Jones,29041,QB,29.0,Active,,19189520.0,6.37,49499520.0,50009520.0,2028.0,2026-10-03T20:07:02.636796+00:00
IND,Jonathan Taylor,47636,RB,27.0,Active,,16192440.0,5.38,25567440.0,23005440.0,2029.0,2026-10-03T20:07:02.636796+00:00
IND,Camryn Bynum,72509,S,28.0,Active,,15016460.0,4.99,23506460.0,10516460.0,2029.0,2026-10-03T20:07:02.636796+00:00
IND,Grover Stewart,21886,DL,33.0,Active,,14258840.0,4.73,13748840.0,12258840.0,2027.0,2026-10-03T20:07:02.636796+00:00
IND,Anthony Richardson,82281,QB,24.0,Active,,10823083.0,3.59,10823083.0,5392349.0,2027.0,2026-10-03T20:07:02.636796+00:00
IND,Ahmad Gardner,76850,CB,25.0,Active,,9501020.0,3.15,25751020.0,25501020.0,2031.0,2026-10-03T20:07:02.636796+00:00
IND,Bernhard Raimann,76953,LT,29.0,Active,,9270720.0,3.08,39398320.0,13009520.0,2030.0,2026-10-03T20:07:02.636796+00:00
IND,Arden Key,25186,ED,30.0,Active,,6757820.0,2.24,11007820.0,11007820.0,2028.0,2026-10-03T20:07:02.636796+00:00
IND,Tyler Warren,97810,TE,24.0,Active,,4773304.0,1.58,17159143.0,1802277.0,2030.0,2026-10-03T20:07:02.636796+00:00
IND,Laiatu Latu,90344,ED,25.0,Active,,4654582.0,1.55,11342175.0,2352874.0,2029.0,2026-10-03T20:07:02.636796+00:00
IND,Josh Downs,82371,WR,25.0,Active,,4186900.0,1.39,262900.0,3933180.0,2027.0,2026-10-03T20:07:02.636796+00:00
IND,Ashton Dulin,29699,WR,29.0,Active,,3578160.0,1.19,3218160.0,3058160.0,2027.0,2026-10-03T20:07:02.636796+00:00
IND,Rigoberto Sanchez,22201,P,32.0,Active,,3556800.0,1.18,2506800.0,3506800.0,2029.0,2026-10-03T20:07:02.636796+00:00
IND,Akeem Davis-Gaither,47702,LB,29.0,Active,,2734180.0,0.91,2224180.0,2734180.0,2027.0,2026-10-03T20:07:02.636796+00:00
IND,JT Tuimoloau,97844,ED,23.0,Active,,2269172.0,0.75,6953156.0,1301450.0,2029.0,2026-10-03T20:07:02.636796+00:00
IND,Andrew Ogletree,77069,TE,28.0,Active,,2259520.0,0.75,2259520.0,2259520.0,2027.0,2026-10-03T20:07:02.636796+00:00
IND,C.J. Allen,105728,LB,21.0,Active,,1663567.0,0.55,7641804.0,3987991.0,2030.0,2026-10-03T20:07:02.636796+00:00
IND,Luke Rhodes,19602,LS,34.0,Active,,1611800.0,0.54,1746800.0,1391800.0,2028.0,2026-10-03T20:07:02.636796+00:00
IND,Matt Goncalves,90411,G,25.0,Active,,1601985.0,0.53,542806.0,1335342.0,2028.0,2026-10-03T20:07:02.636796+00:00
IND,Mo Alie-Cox,21731,TE,33.0,Active,,1497020.0,0.5,2697020.0,2697020.0,2027.0,2026-10-03T20:07:02.636796+00:00
IND,Justin Walley,97879,CB,24.0,Active,,1474069.0,0.49,1004437.0,1142430.0,2029.0,2026-10-03T20:07:02.636796+00:00
IND,Spencer Shrader,91517,K,27.0,Active,,1384520.0,0.46,184520.0,1209520.0,2027.0,2026-10-03T20:07:02.636796+00:00
IND,Adetomiwa Adebawore,82414,DL,25.0,Active,,1353747.0,0.45,208747.0,1154520.0,2027.0,2026-10-03T20:07:02.636796+00:00
IND,A.J. Haulcy,105741,S,22.0,Active,,1291568.0,0.43,1614995.0,2499995.0,2030.0,2026-10-03T20:07:02.636796+00:00
IND,Tanor Bortolini,90449,C,24.0,Active,,1279488.0,0.42,399456.0,1084520.0,2028.0,2026-10-03T20:07:02.636796+00:00
IND,Laquon Treadwell,18971,WR,31.0,Active,,1272020.0,0.42,1497020.0,1497020.0,2027.0,2026-10-03T20:07:02.636796+00:00
IND,Jonathan Owens,25372,S,31.0,Active,,1272020.0,0.42,1412020.0,1412020.0,2027.0,2026-10-03T20:07:02.636796+00:00
IND,Jerry Tillery,29063,DL,30.0,Active,,1267260.0,0.42,1492260.0,1492260.0,2027.0,2026-10-03T20:07:02.636796+00:00
IND,Jalen Travis,97928,RT,24.0,Active,,1244837.0,0.41,700471.0,1014520.0,2029.0,2026-10-03T20:07:02.636796+00:00
IND,Cam Taylor-Britt,76936,CB,27.0,Active,,1208898.0,0.4,1341120.0,1341120.0,2027.0,2026-10-03T20:07:02.636796+00:00
IND,Jalen Farmer,107358,G,22.0,Active,,1186435.0,0.39,1194463.0,2079463.0,2030.0,2026-10-03T20:07:02.636796+00:00
IND,Jaylon Carlies,90484,LB,25.0,Active,,1168580.0,0.39,177640.0,1084520.0,2028.0,2026-10-03T20:07:02.636796+00:00
IND,Luke Tenuta,77086,T,27.0,Active,,1155000.0,0.38,380000.0,1155000.0,,2026-10-03T20:07:02.636796+00:00
IND,DJ Giddens,97952,RB,23.0,Active,,1120706.0,0.37,328078.0,1014520.0,2029.0,2026-10-03T20:07:02.636796+00:00
IND,Dalton Tucker,91519,C,26.0,Active,,1097854.0,0.36,22854.0,1084520.0,2027.0,2026-10-03T20:07:02.636796+00:00
IND,Bryce Boettcher,107389,LB,24.0,Active,,1086018.0,0.36,792795.0,1677795.0,2030.0,2026-10-03T20:07:02.636796+00:00
IND,Sedrick Van Pran-Granger,90474,C,25.0,Active,,1075000.0,0.36,,1075000.0,2028.0,2026-10-03T20:07:02.636796+00:00
IND,Riley Leonard,97990,QB,24.0,Active,,1073331.0,0.36,185953.0,1014520.0,2029.0,2026-10-03T20:07:02.636796+00:00
IND,Austin Ajiake,82712,ED,26.0,Active,,1014520.0,0.34,9520.0,1014520.0,2027.0,2026-10-03T20:07:02.636796+00:00
IND,George Gumbs Jr.,107400,ED,24.0,Active,,1014209.0,0.34,505559.0,1390559.0,2030.0,2026-10-03T20:07:02.636796+00:00
IND,Caden Curry,106278,ED,23.0,Active,,940392.0,0.31,210291.0,1095291.0,2030.0,2026-10-03T20:07:02.636796+00:00
IND,Hunter Wohler,98033,S,23.0,Active,,927287.0,0.31,107821.0,894520.0,2029.0,2026-10-03T20:07:02.636796+00:00
IND,Seth McGowan,107464,RB,25.0,Active,,922486.0,0.31,138667.0,1023667.0,2030.0,2026-10-03T20:07:02.636796+00:00
IND,Deion Burks,107346,WR,23.0,Active,,918881.0,0.31,124247.0,1009247.0,2030.0,2026-10-03T20:07:02.636796+00:00
IND,Anthony Gould,90475,WR,25.0,Active,,895833.0,0.3,,895833.0,2027.0,2026-10-03T20:07:02.636796+00:00
IND,Tim Smith,97991,DL,24.0,Active,,894520.0,0.3,9520.0,894520.0,2027.0,2026-10-03T20:07:02.636796+00:00
IND,Tahj Chambers,107508,LB,24.0,Active,,892092.0,0.3,23759.0,898759.0,2029.0,2026-10-03T20:07:02.636796+00:00
IND,Kapena Gushiken,107727,S,24.0,Active,,885000.0,0.29,247500.0,885000.0,2029.0,2026-10-03T20:07:02.636796+00:00
IND,Darius Slayton,29219,WR,29.0,Active,,,,,,,2026-10-03T20:07:02.636796+00:00
IND,Alec Pierce,76929,WR,26.0,IR,IR: HEEL,9209520.0,3.06,60009520.0,30009520.0,2030.0,2026-10-03T20:07:02.636796+00:00
IND,Micheal Clemons,76994,DL,29.0,IR,IR: TOE,4474420.0,1.49,5994420.0,6504420.0,2029.0,2026-10-03T20:07:02.636796+00:00
IND,Cameron Mitchell,82446,CB,25.0,IR,IR: UPPER BODY,1229520.0,0.41,84520.0,1229520.0,2027.0,2026-10-03T20:07:02.636796+00:00
IND,Will Mallory,82466,TE,27.0,IR,SHORT-TERM IR: THUMB,1227168.0,0.41,82168.0,1154520.0,2027.0,2026-10-03T20:07:02.636796+00:00
IND,DJ Montgomery,29692,WR,30.0,IR,IR: ABDOMINAL,565000.0,0.19,,565000.0,2027.0,2026-10-03T20:07:02.636796+00:00
IND,Carson Towt,106678,TE,25.0,IR,IR: UNDISCLOSED,526172.0,0.17,127839.0,532839.0,2029.0,2026-10-03T20:07:02.636796+00:00
IND,Nick Westbrook,48310,WR,29.0,PS,,411300.0,0.14,,411300.0,,2026-10-03T20:07:02.636796+00:00
IND,Pharaoh Brown,22334,TE,32.0,PS,,330300.0,0.11,,330300.0,,2026-10-03T20:07:02.636796+00:00
IND,Josh Sills,77576,G,28.0,PS,,247500.0,0.08,,247500.0,,2026-10-03T20:07:02.636796+00:00
IND,Daniel Scott,82462,S,28.0,PS,,247500.0,0.08,,247500.0,,2026-10-03T20:07:02.636796+00:00
IND,Reid Holskey,98355,T,24.0,PS,,247500.0,0.08,,247500.0,,2026-10-03T20:07:02.636796+00:00
IND,Trey Washington,98508,S,24.0,PS,,247500.0,0.08,,247500.0,,2026-10-03T20:07:02.636796+00:00
IND,West Weeks,107554,LB,24.0,PS,,247500.0,0.08,,247500.0,,2026-10-03T20:07:02.636796+00:00
IND,Mitchell Melton,107566,ED,24.0,PS,,247500.0,0.08,,247500.0,,2026-10-03T20:07:02.636796+00:00
IND,Cam Ball,107867,DL,23.0,PS,,247500.0,0.08,,247500.0,,2026-10-03T20:07:02.636796+00:00
IND,Nolan Rucci,107872,T,24.0,PS,,247500.0,0.08,,247500.0,,2026-10-03T20:07:02.636796+00:00
IND,Davon Booth,107978,RB,24.0,PS,,247500.0,0.08,,247500.0,,2026-10-03T20:07:02.636796+00:00
IND,Kenneth Harris,108011,CB,24.0,PS,,247500.0,0.08,,247500.0,,2026-10-03T20:07:02.636796+00:00
IND,Kenny Fletcher,108026,TE,23.0,PS,,247500.0,0.08,,247500.0,,2026-10-03T20:07:02.636796+00:00
IND,Johnathan Edwards,98500,S,25.0,PS,,233750.0,0.08,,233750.0,,2026-10-03T20:07:02.636796+00:00
IND,Eli Pancol,98521,WR,26.0,PS,,206250.0,0.07,,206250.0,,2026-10-03T20:07:02.636796+00:00
IND,Elijah Culp,107664,CB,24.0,PS,,192500.0,0.06,,192500.0,,2026-10-03T20:07:02.636796+00:00
IND,Roy Mbaeteka,82772,T,26.0,PS,,,,,,,2026-10-03T20:07:02.636796+00:00
JAX,Trevor Lawrence,72380,QB,27.0,Active,,24000000.0,7.97,129000000.0,37500000.0,2031.0,2026-10-03T20:07:02.636796+00:00
JAX,Arik Armstead,16741,DL,33.0,Active,,19385294.0,6.44,31350000.0,14500000.0,2027.0,2026-10-03T20:07:02.636796+00:00
JAX,Joshua Hines-Allen,29042,ED,29.0,Active,,18840000.0,6.26,65700000.0,23000000.0,2029.0,2026-10-03T20:07:02.636796+00:00
JAX,Foyesade Oluokun,25301,LB,31.0,Active,,17108500.0,5.68,23766000.0,10000000.0,2028.0,2026-10-03T20:07:02.636796+00:00
JAX,Walker Little,72425,RT,27.0,Active,,14499953.0,4.81,18735108.0,12000000.0,2028.0,2026-10-03T20:07:02.636796+00:00
JAX,DaVon Hamilton,47669,DL,29.0,Active,,12448800.0,4.13,18490200.0,8435000.0,2027.0,2026-10-03T20:07:02.636796+00:00
JAX,Ezra Cleveland,47653,G,28.0,Active,,11420588.0,3.79,12450000.0,7750000.0,2026.0,2026-10-03T20:07:02.636796+00:00
JAX,Travis Hunter,97798,CB,23.0,Active,,10612954.0,3.52,38178347.0,2971295.0,2029.0,2026-10-03T20:07:02.636796+00:00
JAX,Travon Walker,76846,ED,26.0,Active,,6783765.0,2.25,50500000.0,25500000.0,2031.0,2026-10-03T20:07:02.636796+00:00
JAX,Jourdan Lewis,21834,CB,31.0,Active,,6599804.0,2.19,15916667.0,9500000.0,2028.0,2026-10-03T20:07:02.636796+00:00
JAX,Jakobi Meyers,29363,WR,30.0,Active,,6210588.0,2.06,28505000.0,16600000.0,2029.0,2026-10-03T20:07:02.636796+00:00
JAX,Cole Van Lanen,72598,LT,28.0,Active,,5185294.0,1.72,31800000.0,12000000.0,2029.0,2026-10-03T20:07:02.636796+00:00
JAX,Robert Hainsey,72476,C,28.0,Active,,4525921.0,1.5,10166667.0,6750000.0,2028.0,2026-10-03T20:07:02.636796+00:00
JAX,Eric Murray,19060,S,32.0,Active,,4233137.0,1.41,9083333.0,6000000.0,2028.0,2026-10-03T20:07:02.636796+00:00
JAX,Anton Harrison,82305,LT,24.0,Active,,4208029.0,1.4,23280029.0,2558298.0,2028.0,2026-10-03T20:07:02.636796+00:00
JAX,Brian Thomas Jr.,90352,WR,24.0,Active,,4009056.0,1.33,8673595.0,2138606.0,2029.0,2026-10-03T20:07:02.636796+00:00
JAX,Montaric Brown,77099,CB,27.0,Active,,3926471.0,1.3,20700000.0,12750000.0,2029.0,2026-10-03T20:07:02.636796+00:00
JAX,Antonio Johnson,82464,S,25.0,Active,,3760338.0,1.25,86338.0,3684880.0,2027.0,2026-10-03T20:07:02.636796+00:00
JAX,Parker Washington,82489,WR,24.0,Active,,3732946.0,1.24,58946.0,3684880.0,2027.0,2026-10-03T20:07:02.636796+00:00
JAX,Brenton Strange,82353,TE,26.0,Active,,3340518.0,1.11,17472577.0,8325880.0,2030.0,2026-10-03T20:07:02.636796+00:00
JAX,Logan Cooke,25348,P,31.0,Active,,2690000.0,0.89,7300000.0,4550000.0,2030.0,2026-10-03T20:07:02.636796+00:00
JAX,Chris Rodriguez Jr.,82497,RB,26.0,Active,,2245000.0,0.75,6250000.0,5505000.0,2028.0,2026-10-03T20:07:02.636796+00:00
JAX,Dennis Gardeck,25362,ED,32.0,Active,,2100000.0,0.7,3250000.0,3500000.0,2028.0,2026-10-03T20:07:02.636796+00:00
JAX,Quintin Morris,72927,TE,27.0,Active,,1955882.0,0.65,1750000.0,2000000.0,2027.0,2026-10-03T20:07:02.636796+00:00
JAX,Ruke Orhorhoro,90367,DL,25.0,Active,,1707006.0,0.57,2673246.0,1707006.0,2028.0,2026-10-03T20:07:02.636796+00:00
JAX,Ross Matiscik,47939,LS,30.0,Active,,1673873.0,0.56,3545540.0,2140540.0,2029.0,2026-10-03T20:07:02.636796+00:00
JAX,Nate Boerkircher,107365,TE,25.0,Active,,1558452.0,0.52,6743678.0,3561087.0,2030.0,2026-10-03T20:07:02.636796+00:00
JAX,Jarrian Jones,90428,CB,25.0,Active,,1537147.0,0.51,505902.0,1314636.0,2028.0,2026-10-03T20:07:02.636796+00:00
JAX,Caleb Ransaw,97887,CB,24.0,Active,,1438398.0,0.48,966922.0,1136384.0,2029.0,2026-10-03T20:07:02.636796+00:00
JAX,Wyatt Milum,97888,G,25.0,Active,,1437540.0,0.48,964864.0,1136212.0,2029.0,2026-10-03T20:07:02.636796+00:00
JAX,Ventrell Miller,82425,LB,27.0,Active,,1340114.0,0.44,195114.0,1155880.0,2027.0,2026-10-03T20:07:02.636796+00:00
JAX,Bhayshul Tuten,97905,RB,23.0,Active,,1325012.0,0.44,858276.0,1055880.0,2029.0,2026-10-03T20:07:02.636796+00:00
JAX,Albert Regis,107368,DL,23.0,Active,,1278105.0,0.42,1557384.0,2442384.0,2030.0,2026-10-03T20:07:02.636796+00:00
JAX,Emmanuel Pregnon,105742,G,25.0,Active,,1248813.0,0.41,1437531.0,2322531.0,2030.0,2026-10-03T20:07:02.636796+00:00
JAX,Matt Dickerson,25824,DL,31.0,Active,,1225000.0,0.41,1450000.0,1450000.0,2027.0,2026-10-03T20:07:02.636796+00:00
JAX,Jalen Huskey,107374,S,23.0,Active,,1222980.0,0.41,1334199.0,2219199.0,2030.0,2026-10-03T20:07:02.636796+00:00
JAX,Wesley Williams,106274,ED,22.0,Active,,1176287.0,0.39,1147427.0,2032427.0,2030.0,2026-10-03T20:07:02.636796+00:00
JAX,Christian Braswell,82506,CB,27.0,Active,,1155880.0,0.38,10880.0,1155880.0,2027.0,2026-10-03T20:07:02.636796+00:00
JAX,Cam Little,90546,K,23.0,Active,,1120137.0,0.37,79734.0,1085540.0,2028.0,2026-10-03T20:07:02.636796+00:00
JAX,Jahlani Tavai,29079,LB,30.0,Active,,1110294.0,0.37,1300000.0,1350000.0,2027.0,2026-10-03T20:07:02.636796+00:00
JAX,Ameer Abdullah,16778,RB,33.0,Active,,1079080.0,0.36,1304080.0,1304080.0,2027.0,2026-10-03T20:07:02.636796+00:00
JAX,Daniel Faalele,76987,G,27.0,Active,,1075000.0,0.36,1215000.0,1215000.0,2027.0,2026-10-03T20:07:02.636796+00:00
JAX,Rayuan Lane III,98001,S,23.0,Active,,1071424.0,0.36,177512.0,1015880.0,2029.0,2026-10-03T20:07:02.636796+00:00
JAX,Jonah Monheim,98022,C,24.0,Active,,1051957.0,0.35,119111.0,1015880.0,2029.0,2026-10-03T20:07:02.636796+00:00
JAX,LeQuint Allen,98037,RB,22.0,Active,,1045569.0,0.35,99947.0,1015880.0,2029.0,2026-10-03T20:07:02.636796+00:00
JAX,Danny Striggow,98114,ED,24.0,Active,,1022546.0,0.34,24213.0,1015880.0,2028.0,2026-10-03T20:07:02.636796+00:00
JAX,Branson Combs,98512,LB,26.0,Active,,1015880.0,0.34,10880.0,1015880.0,2027.0,2026-10-03T20:07:02.636796+00:00
JAX,Tanner Koziol,107407,TE,22.0,Active,,1010117.0,0.34,482747.0,1367747.0,2030.0,2026-10-03T20:07:02.636796+00:00
JAX,Quinn Ewers,98032,QB,23.0,Active,,1005000.0,0.33,,1005000.0,2029.0,2026-10-03T20:07:02.636796+00:00
JAX,Josh Cameron,106221,WR,23.0,Active,,963425.0,0.32,295979.0,1180979.0,2030.0,2026-10-03T20:07:02.636796+00:00
JAX,C.J. Williams,107438,WR,24.0,Active,,957977.0,0.32,274187.0,1159187.0,2030.0,2026-10-03T20:07:02.636796+00:00
JAX,Jack Kiser,97908,LB,26.0,Active,,949167.0,0.32,,949167.0,2027.0,2026-10-03T20:07:02.636796+00:00
JAX,Bryan Thomas Jr.,107593,ED,22.0,Active,,900907.0,0.3,283407.0,920907.0,2029.0,2026-10-03T20:07:02.636796+00:00
JAX,Patrick Mekari,29722,G,29.0,IR,SHORT-TERM IR: BACK,7385098.0,2.45,17666667.0,11500000.0,2028.0,2026-10-03T20:07:02.636796+00:00
JAX,Zach Durfee,107460,ED,25.0,IR,SHORT-TERM IR: UPPER BODY,846653.0,0.28,157763.0,960545.0,2030.0,2026-10-03T20:07:02.636796+00:00
JAX,B.J. Green,98514,ED,24.0,IR,IR: ELBOW,577546.0,0.19,12547.0,576713.0,2028.0,2026-10-03T20:07:02.636796+00:00
JAX,Sam Mustipher,29643,C,30.0,IR,IR: UNDISCLOSED,565000.0,0.19,,615000.0,2027.0,2026-10-03T20:07:02.636796+00:00
JAX,Parker Hughes,107467,LB,23.0,IR,IR: UNDISCLOSED,553605.0,0.18,136699.0,651699.0,2030.0,2026-10-03T20:07:02.636796+00:00
JAX,Garrett DiGiorgio,107586,G,23.0,IR,IR: UNDISCLOSED,520907.0,0.17,253407.0,520907.0,2029.0,2026-10-03T20:07:02.636796+00:00
JAX,Jared Bartlett,98438,LB,25.0,IR,IR: LEG,515000.0,0.17,,515000.0,2027.0,2026-10-03T20:07:02.636796+00:00
JAX,Nick Mullens,22371,QB,31.0,PS,,330300.0,0.11,,330300.0,,2026-10-03T20:07:02.636796+00:00
JAX,Geron Christian,25173,T,30.0,PS,,330300.0,0.11,,330300.0,,2026-10-03T20:07:02.636796+00:00
JAX,Austin Trammell,72714,WR,28.0,PS,,330300.0,0.11,,330300.0,,2026-10-03T20:07:02.636796+00:00
JAX,Tim Jones,72771,WR,28.0,PS,,330300.0,0.11,,330300.0,,2026-10-03T20:07:02.636796+00:00
JAX,Kaevon Merriweather,83006,S,27.0,PS,,330300.0,0.11,,330300.0,,2026-10-03T20:07:02.636796+00:00
JAX,B.J. Ojulari,82333,ED,24.0,PS,,311950.0,0.1,,311950.0,,2026-10-03T20:07:02.636796+00:00
JAX,Jalen McLeod,97995,LB,24.0,PS,,247500.0,0.08,,247500.0,,2026-10-03T20:07:02.636796+00:00
JAX,Eli Cox,98440,C,26.0,PS,,247500.0,0.08,,247500.0,,2026-10-03T20:07:02.636796+00:00
JAX,Jabbar Muhammad,98520,S,25.0,PS,,247500.0,0.08,,247500.0,,2026-10-03T20:07:02.636796+00:00
JAX,Cam'Ron Silmon-Craig,98523,S,24.0,PS,,247500.0,0.08,,247500.0,,2026-10-03T20:07:02.636796+00:00
JAX,Joey Aguilar,107509,QB,25.0,PS,,247500.0,0.08,,247500.0,,2026-10-03T20:07:02.636796+00:00
JAX,T.J. Bollers,107583,DL,24.0,PS,,247500.0,0.08,,247500.0,,2026-10-03T20:07:02.636796+00:00
JAX,Trebor Peña,107591,WLB,24.0,PS,,247500.0,0.08,,247500.0,,2026-10-03T20:07:02.636796+00:00
JAX,J’Mari Taylor,107592,RB,24.0,PS,,247500.0,0.08,,247500.0,,2026-10-03T20:07:02.636796+00:00
JAX,Michael Wortham,107595,WR,24.0,PS,,247500.0,0.08,,247500.0,,2026-10-03T20:07:02.636796+00:00
JAX,Brenden Bates,91383,TE,27.0,PS,,220000.0,0.07,,220000.0,,2026-10-03T20:07:02.636796+00:00
JAX,Kilian Zierer,82945,T,26.0,PS,,,,,,,2026-10-03T20:07:02.636796+00:00
KC,Chris Jones,18985,DL,32.0,Active,,44850000.0,14.89,64350000.0,35100000.0,2029.0,2026-10-03T20:07:02.636796+00:00
KC,Patrick Mahomes,21751,QB,31.0,Active,,34653888.0,11.51,217675780.0,56750000.0,2034.0,2026-10-03T20:07:02.636796+00:00
KC,Nick Bolton,72438,LB,26.0,Active,,19250000.0,6.39,23500000.0,15000000.0,2028.0,2026-10-03T20:07:02.636796+00:00
KC,Jaylon Moore,72539,RT,29.0,Active,,18685000.0,6.2,18235000.0,15000000.0,2027.0,2026-10-03T20:07:02.636796+00:00
KC,Creed Humphrey,72443,C,27.0,Active,,18100000.0,6.01,25300000.0,14500000.0,2029.0,2026-10-03T20:07:02.636796+00:00
KC,Kristian Fulton,47656,CB,28.0,Active,,13000000.0,4.32,13000000.0,10000000.0,2027.0,2026-10-03T20:07:02.636796+00:00
KC,Trey Smith,72610,G,27.0,Active,,12138613.0,4.03,56985839.0,20000000.0,2029.0,2026-10-03T20:07:02.636796+00:00
KC,Mansoor Delane,105714,CB,23.0,Active,,7627106.0,2.53,41934584.0,27843758.0,2031.0,2026-10-03T20:07:02.636796+00:00
KC,George Karlaftis,76884,ED,25.0,Active,,7402000.0,2.46,38178566.0,11150000.0,2031.0,2026-10-03T20:07:02.636796+00:00
KC,Harrison Butker,21975,K,31.0,Active,,7305000.0,2.43,10105000.0,5905000.0,2029.0,2026-10-03T20:07:02.636796+00:00
KC,Noah Gray,72546,TE,27.0,Active,,6970000.0,2.31,7990000.0,5500000.0,2028.0,2026-10-03T20:07:02.636796+00:00
KC,Kenneth Walker III,76917,RB,26.0,Active,,5683333.0,1.89,28700000.0,14350000.0,2029.0,2026-10-03T20:07:02.636796+00:00
KC,Drue Tranquill,29178,LB,31.0,Active,,5000000.0,1.66,4745000.0,3500000.0,2027.0,2026-10-03T20:07:02.636796+00:00
KC,Travis Kelce,12344,TE,37.0,Active,,4901427.0,1.63,12004762.0,12004760.0,2027.0,2026-10-03T20:07:02.636796+00:00
KC,Chamarri Conner,82423,CB,26.0,Active,,3871362.0,1.29,197362.0,3683520.0,2027.0,2026-10-03T20:07:02.636796+00:00
KC,Xavier Worthy,90358,WR,23.0,Active,,3769821.0,1.25,8157632.0,2057500.0,2029.0,2026-10-03T20:07:02.636796+00:00
KC,Felix Anudike-Uzomah,82309,ED,24.0,Active,,3769734.0,1.25,3769734.0,2371040.0,2027.0,2026-10-03T20:07:02.636796+00:00
KC,Tyquan Thornton,76926,WR,26.0,Active,,3500000.0,1.16,7500000.0,5500000.0,2028.0,2026-10-03T20:07:02.636796+00:00
KC,Alohi Gilman,47782,S,29.0,Active,,3500000.0,1.16,15000000.0,7500000.0,2029.0,2026-10-03T20:07:02.636796+00:00
KC,Josh Simmons,97828,LT,24.0,Active,,3344828.0,1.11,12016630.0,1516582.0,2030.0,2026-10-03T20:07:02.636796+00:00
KC,Peter Woods,105709,DL,21.0,Active,,3271873.0,1.09,17979190.0,10421752.0,2031.0,2026-10-03T20:07:02.636796+00:00
KC,Khyiris Tonga,72634,DL,30.0,Active,,3266666.0,1.08,14000002.0,7000000.0,2029.0,2026-10-03T20:07:02.636796+00:00
KC,Justin Fields,72391,QB,27.0,Active,,3009520.0,1.0,3009520.0,3009520.0,2027.0,2026-10-03T20:07:02.636796+00:00
KC,R Mason Thomas,105737,ED,22.0,Active,,2221181.0,0.74,12200384.0,6218984.0,2030.0,2026-10-03T20:07:02.636796+00:00
KC,Rashee Rice,82347,WR,26.0,Active,,2070738.0,0.69,510027.0,1639791.0,2027.0,2026-10-03T20:07:02.636796+00:00
KC,Kingsley Suamataia,90395,G,23.0,Active,,1760840.0,0.58,829612.0,1388294.0,2028.0,2026-10-03T20:07:02.636796+00:00
KC,James Winchester,12774,LS,37.0,Active,,1709520.0,0.57,1709520.0,1709520.0,2027.0,2026-10-03T20:07:02.636796+00:00
KC,Ashton Gillotte,97865,ED,24.0,Active,,1542389.0,0.51,1218405.0,1156094.0,2029.0,2026-10-03T20:07:02.636796+00:00
KC,Nohl Williams,97884,CB,24.0,Active,,1449410.0,0.48,995256.0,1137498.0,2029.0,2026-10-03T20:07:02.636796+00:00
KC,Jack Cochrane,77563,LB,27.0,Active,,1424520.0,0.47,1424520.0,1424520.0,2027.0,2026-10-03T20:07:02.636796+00:00
KC,Mike Caliendo,77562,G,29.0,Active,,1359520.0,0.45,659520.0,1359520.0,2027.0,2026-10-03T20:07:02.636796+00:00
KC,Jared Wiley,90464,TE,26.0,Active,,1256675.0,0.42,353830.0,1084520.0,2028.0,2026-10-03T20:07:02.636796+00:00
KC,Jalen Royals,97934,WR,23.0,Active,,1231320.0,0.41,659920.0,1014520.0,2029.0,2026-10-03T20:07:02.636796+00:00
KC,Jaden Hicks,90466,S,24.0,Active,,1216697.0,0.4,273874.0,1084520.0,2028.0,2026-10-03T20:07:02.636796+00:00
KC,L'Jarius Sneed,47733,CB,29.0,Active,,1215000.0,0.4,1215000.0,1215000.0,2027.0,2026-10-03T20:07:02.636796+00:00
KC,Jadon Canady,107379,S,23.0,Active,,1195413.0,0.4,1230912.0,2115912.0,2030.0,2026-10-03T20:07:02.636796+00:00
KC,Hunter Nourzad,90492,G,26.0,Active,,1164399.0,0.39,169278.0,1084520.0,2028.0,2026-10-03T20:07:02.636796+00:00
KC,Joshua Ezeudu,76943,LT,27.0,Active,,1145000.0,0.38,1195000.0,1195000.0,2027.0,2026-10-03T20:07:02.636796+00:00
KC,Jeffrey Bassa,97957,LB,24.0,Active,,1117933.0,0.37,319759.0,1014520.0,2029.0,2026-10-03T20:07:02.636796+00:00
KC,Christian Roland-Wallace,91089,S,25.0,Active,,1086187.0,0.36,11187.0,1084520.0,2027.0,2026-10-03T20:07:02.636796+00:00
KC,Matt Araiza,77057,P,26.0,Active,,1084520.0,0.36,9520.0,1084520.0,2027.0,2026-10-03T20:07:02.636796+00:00
KC,Nikko Remigio,82864,WR,27.0,Active,,1084520.0,0.36,9520.0,1084520.0,2027.0,2026-10-03T20:07:02.636796+00:00
KC,Brashard Smith,98029,RB,23.0,Active,,1047889.0,0.35,109627.0,1014520.0,2029.0,2026-10-03T20:07:02.636796+00:00
KC,Ben VanSumeren,82806,FB,26.0,Active,,1015274.0,0.34,,1015274.0,2027.0,2026-10-03T20:07:02.636796+00:00
KC,Emmett Johnson,107404,RB,23.0,Active,,1009989.0,0.34,489216.0,1374216.0,2030.0,2026-10-03T20:07:02.636796+00:00
KC,Cyrus Allen,107417,WR,23.0,Active,,983449.0,0.33,383056.0,1268056.0,2030.0,2026-10-03T20:07:02.636796+00:00
KC,Garrett Nussmeier,106212,QB,24.0,Active,,918702.0,0.31,124068.0,1009068.0,2030.0,2026-10-03T20:07:02.636796+00:00
KC,Jake Briningstool,98116,TE,24.0,Active,,904520.0,0.3,29520.0,894520.0,2028.0,2026-10-03T20:07:02.636796+00:00
KC,Xavier Nwankpa,107739,S,23.0,Active,,895246.0,0.3,271079.0,908580.0,2029.0,2026-10-03T20:07:02.636796+00:00
KC,Kahlil Benson,107780,T,24.0,Active,,888580.0,0.3,3580.0,888580.0,2029.0,2026-10-03T20:07:02.636796+00:00
KC,Jack Pyburn,107542,ED,23.0,Active,,885000.0,0.29,100000.0,885000.0,2029.0,2026-10-03T20:07:02.636796+00:00
KC,Bryson Eason,107621,DL,24.0,Active,,885000.0,0.29,247500.0,885000.0,2029.0,2026-10-03T20:07:02.636796+00:00
KC,Diego Pounds,107758,T,24.0,Active,,885000.0,0.29,15000.0,885000.0,2029.0,2026-10-03T20:07:02.636796+00:00
KC,Cooper McDonald,98377,ED,25.0,IR,IR: KNEE,575353.0,0.19,9520.0,575353.0,2028.0,2026-10-03T20:07:02.636796+00:00
KC,Jeff Caldwell,107734,WR,23.0,IR,IR: KNEE,526913.0,0.17,276080.0,543580.0,2029.0,2026-10-03T20:07:02.636796+00:00
KC,John Michael Gyllenborg,107510,TE,24.0,IR,IR: KNEE,525246.0,0.17,271079.0,538580.0,2029.0,2026-10-03T20:07:02.636796+00:00
KC,Ethan Downs,98345,ED,24.0,IR,IR: KNEE (ACL),524520.0,0.17,9520.0,524520.0,2027.0,2026-10-03T20:07:02.636796+00:00
KC,Jimmy Holiday,98376,WR,25.0,IR,IR: UNDISCLOSED,524520.0,0.17,9520.0,524520.0,2027.0,2026-10-03T20:07:02.636796+00:00
KC,Omarr Norman-Lott,97862,DL,24.0,PUP,/PUP: KNEE (ACL),1645969.0,0.55,3017716.0,1176810.0,2029.0,2026-10-03T20:07:02.636796+00:00
KC,Emmanuel Ogbah,18980,ED,33.0,PS,,411300.0,0.14,,411300.0,,2026-10-03T20:07:02.636796+00:00
KC,Kader Kohou,77486,CB,28.0,PS,,411300.0,0.14,,411300.0,,2026-10-03T20:07:02.636796+00:00
KC,Cam Jones,82858,LB,27.0,PS,,411300.0,0.14,,411300.0,,2026-10-03T20:07:02.636796+00:00
KC,Cole Christiansen,48031,LB,29.0,PS,,247500.0,0.08,,247500.0,,2026-10-03T20:07:02.636796+00:00
KC,Tyreke Smith,77035,LB,26.0,PS,,247500.0,0.08,,247500.0,,2026-10-03T20:07:02.636796+00:00
KC,Marcus Harris,90581,DL,26.0,PS,,247500.0,0.08,,247500.0,,2026-10-03T20:07:02.636796+00:00
KC,Ethan Driskell,91082,RT,26.0,PS,,247500.0,0.08,,247500.0,,2026-10-03T20:07:02.636796+00:00
KC,Nate Carter,98063,RB,24.0,PS,,247500.0,0.08,,247500.0,,2026-10-03T20:07:02.636796+00:00
KC,Andrew Armstrong,98451,WR,26.0,PS,,247500.0,0.08,,247500.0,,2026-10-03T20:07:02.636796+00:00
KC,Omari Evans,107736,WR,23.0,PS,,247500.0,0.08,,247500.0,,2026-10-03T20:07:02.636796+00:00
KC,Pete Nygra,107740,C,24.0,PS,,247500.0,0.08,,247500.0,,2026-10-03T20:07:02.636796+00:00
KC,Jaydn Ott,107741,RB,24.0,PS,,247500.0,0.08,,247500.0,,2026-10-03T20:07:02.636796+00:00
KC,D'Arco Perkins-McAllister,107743,CB,24.0,PS,,247500.0,0.08,,247500.0,,2026-10-03T20:07:02.636796+00:00
KC,DeShon Singleton,107744,S,23.0,PS,,247500.0,0.08,,247500.0,,2026-10-03T20:07:02.636796+00:00
KC,Melvin Smith Jr.,98370,CB,24.0,PS,,233750.0,0.08,,233750.0,,2026-10-03T20:07:02.636796+00:00
KC,Michael Heldman,107630,ED,23.0,PS,,233750.0,0.08,,233750.0,,2026-10-03T20:07:02.636796+00:00
KC,Thomas Odukoya,77354,TE,29.0,PS,,,,,,,2026-10-03T20:07:02.636796+00:00
LV,Maxx Crosby,29154,ED,29.0,Active,,35802130.0,11.89,64112130.0,30792880.0,2030.0,2026-10-03T20:07:02.636796+00:00
LV,Kolton Miller,25110,LT,31.0,Active,,22548160.0,7.49,27508160.0,20178160.0,2029.0,2026-10-03T20:07:02.636796+00:00
LV,Tyler Linderbaum,76879,C,26.0,Active,,14010200.0,4.65,60010200.0,30010200.0,2029.0,2026-10-03T20:07:02.636796+00:00
LV,Malcolm Koonce,72459,ED,28.0,Active,,11020880.0,3.66,10510880.0,11020880.0,2027.0,2026-10-03T20:07:02.636796+00:00
LV,Fernando Mendoza,105702,QB,23.0,Active,,10416953.0,3.46,57274715.0,39000461.0,2031.0,2026-10-03T20:07:02.636796+00:00
LV,Jeremy Chinn,47659,S,28.0,Active,,9565880.0,3.18,9010880.0,7639880.0,2027.0,2026-10-03T20:07:02.636796+00:00
LV,Kwity Paye,72401,ED,28.0,Active,,9433547.0,3.13,25748882.0,16258880.0,2029.0,2026-10-03T20:07:02.636796+00:00
LV,Taron Johnson,25222,CB,30.0,Active,,8671360.0,2.88,8251360.0,8761360.0,2028.0,2026-10-03T20:07:02.636796+00:00
LV,Ashton Jeanty,97802,RB,23.0,Active,,8168339.0,2.71,29379501.0,2481828.0,2030.0,2026-10-03T20:07:02.636796+00:00
LV,Nakobe Dean,76959,LB,26.0,Active,,7975847.0,2.65,20009182.0,12019180.0,2029.0,2026-10-03T20:07:02.636796+00:00
LV,Eric Stokes,72409,CB,27.0,Active,,6689520.0,2.22,20009520.0,11519520.0,2029.0,2026-10-03T20:07:02.636796+00:00
LV,Adam Butler,22300,DL,32.0,Active,,6582513.0,2.19,7425847.0,5514180.0,2028.0,2026-10-03T20:07:02.636796+00:00
LV,Michael Mayer,82327,TE,25.0,Active,,5746770.0,1.91,23624270.0,11680880.0,2030.0,2026-10-03T20:07:02.636796+00:00
LV,A.J. Cole,29820,P,31.0,Active,,5010200.0,1.66,6510200.0,4510200.0,2030.0,2026-10-03T20:07:02.636796+00:00
LV,Brock Bowers,90342,TE,24.0,Active,,4957141.0,1.65,12097552.0,2454180.0,2029.0,2026-10-03T20:07:02.636796+00:00
LV,Isaiah Pola-Mao,77471,S,27.0,Active,,4870540.0,1.62,4030540.0,3620540.0,2027.0,2026-10-03T20:07:02.636796+00:00
LV,Quay Walker,76876,LB,26.0,Active,,4846827.0,1.61,28008161.0,14508160.0,2029.0,2026-10-03T20:07:02.636796+00:00
LV,Jalen Nailor,77068,WR,27.0,Active,,4590160.0,1.52,18008160.0,12018160.0,2029.0,2026-10-03T20:07:02.636796+00:00
LV,Tre Tucker,82392,WR,25.0,Active,,3899259.0,1.29,225259.0,3684880.0,2027.0,2026-10-03T20:07:02.636796+00:00
LV,Aidan O'Connell,82439,QB,28.0,Active,,3812225.0,1.27,138225.0,3684880.0,2027.0,2026-10-03T20:07:02.636796+00:00
LV,Thomas Booker,77027,DL,28.0,Active,,3684880.0,1.22,3684880.0,3684880.0,2027.0,2026-10-03T20:07:02.636796+00:00
LV,Spencer Burford,77011,G,26.0,Active,,3084520.0,1.02,2754520.0,3264520.0,2027.0,2026-10-03T20:07:02.636796+00:00
LV,Jackson Powers-Johnson,90376,G,23.0,Active,,2402088.0,0.8,3201226.0,1602950.0,2028.0,2026-10-03T20:07:02.636796+00:00
LV,Treydan Stukes,106313,S,25.0,Active,,2295018.0,0.76,12602463.0,6511647.0,2030.0,2026-10-03T20:07:02.636796+00:00
LV,Matt Gay,29193,K,32.0,Active,,2097020.0,0.7,1609520.0,1609520.0,2027.0,2026-10-03T20:07:02.636796+00:00
LV,Dareke Young,77110,WR,27.0,Active,,1764880.0,0.59,1710880.0,1812880.0,2027.0,2026-10-03T20:07:02.636796+00:00
LV,Connor Heyward,77085,TE,27.0,Active,,1753380.0,0.58,1940880.0,2110880.0,2028.0,2026-10-03T20:07:02.636796+00:00
LV,Delmar Glaze,90409,RT,24.0,Active,,1610641.0,0.53,553894.0,1339134.0,2028.0,2026-10-03T20:07:02.636796+00:00
LV,Ian Thomas,25202,TE,30.0,Active,,1606800.0,0.53,1494300.0,1621800.0,2027.0,2026-10-03T20:07:02.636796+00:00
LV,Darien Porter,97867,CB,25.0,Active,,1539083.0,0.51,1158566.0,1156521.0,2029.0,2026-10-03T20:07:02.636796+00:00
LV,Caleb Rogers,97897,G,25.0,Active,,1411149.0,0.47,851525.0,1130934.0,2029.0,2026-10-03T20:07:02.636796+00:00
LV,Charles Grant,97898,LT,24.0,Active,,1411149.0,0.47,851525.0,1130934.0,2029.0,2026-10-03T20:07:02.636796+00:00
LV,Kirk Cousins,9915,QB,38.0,Active,,1309180.0,0.43,11309180.0,1309180.0,2027.0,2026-10-03T20:07:02.636796+00:00
LV,Trey Zuhn III,106262,T,24.0,Active,,1245753.0,0.41,1429587.0,2314587.0,2030.0,2026-10-03T20:07:02.636796+00:00
LV,Jermod McCoy,105712,CB,21.0,Active,,1215650.0,0.4,1309175.0,2194175.0,2030.0,2026-10-03T20:07:02.636796+00:00
LV,Tonka Hemingway,97936,DL,25.0,Active,,1182334.0,0.39,510242.0,1015880.0,2029.0,2026-10-03T20:07:02.636796+00:00
LV,Tommy Eichenberg,90481,LB,25.0,Active,,1169968.0,0.39,179396.0,1085540.0,2028.0,2026-10-03T20:07:02.636796+00:00
LV,Mike Washington Jr.,107351,RB,23.0,Active,,1168156.0,0.39,1120273.0,2005273.0,2030.0,2026-10-03T20:07:02.636796+00:00
LV,Segun Olubi,77310,LB,27.0,Active,,1160000.0,0.39,15000.0,1160000.0,2027.0,2026-10-03T20:07:02.636796+00:00
LV,Alex Ward,82701,LS,27.0,Active,,1155880.0,0.38,10880.0,1155880.0,2027.0,2026-10-03T20:07:02.636796+00:00
LV,Tristin McCollum,77438,CB,27.0,Active,,1155540.0,0.38,10540.0,1155540.0,2027.0,2026-10-03T20:07:02.636796+00:00
LV,Darrell Luter Jr.,82459,CB,26.0,Active,,1145000.0,0.38,,1145000.0,2027.0,2026-10-03T20:07:02.636796+00:00
LV,Dylan Laube,90542,RB,27.0,Active,,1124678.0,0.37,88476.0,1085880.0,2028.0,2026-10-03T20:07:02.636796+00:00
LV,Jonah Laulu,90568,DL,26.0,Active,,1085880.0,0.36,10880.0,1085880.0,2028.0,2026-10-03T20:07:02.636796+00:00
LV,JJ Pegues,97981,DL,25.0,Active,,1082325.0,0.36,210895.0,1015540.0,2029.0,2026-10-03T20:07:02.636796+00:00
LV,Foley Fatukasi,25281,DL,31.0,Active,,1075000.0,0.36,1300000.0,1300000.0,2027.0,2026-10-03T20:07:02.636796+00:00
LV,Patrick Johnson,72618,ED,27.0,Active,,1075000.0,0.36,1215000.0,1215000.0,2027.0,2026-10-03T20:07:02.636796+00:00
LV,Cody Lindenberg,98023,LB,24.0,Active,,1051172.0,0.35,116756.0,1015880.0,2029.0,2026-10-03T20:07:02.636796+00:00
LV,Dalton Johnson,107396,S,23.0,Active,,1019414.0,0.34,524231.0,1409231.0,2030.0,2026-10-03T20:07:02.636796+00:00
LV,Bryce Cabeldue,97993,G,25.0,Active,,1005000.0,0.33,,1005000.0,2029.0,2026-10-03T20:07:02.636796+00:00
LV,Hezekiah Masses,107416,CB,22.0,Active,,984344.0,0.33,383951.0,1268951.0,2030.0,2026-10-03T20:07:02.636796+00:00
LV,Malik Benson,107431,WR,24.0,Active,,958908.0,0.32,282207.0,1167207.0,2030.0,2026-10-03T20:07:02.636796+00:00
LV,Cody White,48096,WR,28.0,Active,,890554.0,0.3,,890554.0,2027.0,2026-10-03T20:07:02.636796+00:00
LV,Jack Bech,97857,WR,24.0,IR,IR: ARM,1728453.0,0.57,3713413.0,1194123.0,2029.0,2026-10-03T20:07:02.636796+00:00
LV,Brennan Jackson,90487,ED,26.0,IR,IR: FOOT,1085880.0,0.36,10880.0,1085880.0,2028.0,2026-10-03T20:07:02.636796+00:00
LV,Keyron Crawford,106302,ED,23.0,IR,IR: ACHILLES,976885.0,0.32,1834115.0,2349115.0,2030.0,2026-10-03T20:07:02.636796+00:00
LV,Carter Runyon,100887,TE,25.0,IR,SHORT-TERM IR: UNDISCLOSED,912547.0,0.3,10880.0,912547.0,2027.0,2026-10-03T20:07:02.636796+00:00
LV,Dont'e Thornton Jr.,97909,WR,24.0,IR,IR: UNDISCLOSED,813605.0,0.27,799055.0,550880.0,2029.0,2026-10-03T20:07:02.636796+00:00
LV,Chigozie Anusiem,90594,CB,26.0,IR,IR: KNEE,575880.0,0.19,10880.0,575880.0,2027.0,2026-10-03T20:07:02.636796+00:00
LV,Chris Collier,90943,RB,26.0,IR,IR: UNDISCLOSED,550540.0,0.18,10540.0,550540.0,2027.0,2026-10-03T20:07:02.636796+00:00
LV,Corey Rucker,107699,WR,24.0,IR,IR: UNDISCLOSED,526734.0,0.17,275901.0,543401.0,2029.0,2026-10-03T20:07:02.636796+00:00
LV,Justin Pickett,107517,G,24.0,IR,IR: UNDISCLOSED,526141.0,0.17,174474.0,539475.0,2029.0,2026-10-03T20:07:02.636796+00:00
LV,Chris Myarick,30012,FB,31.0,PS,,411300.0,0.14,,411300.0,,2026-10-03T20:07:02.636796+00:00
LV,Azeez Ojulari,72430,LB,26.0,PS,,411300.0,0.14,,411300.0,,2026-10-03T20:07:02.636796+00:00
LV,Evan Neal,76855,G,26.0,PS,,411300.0,0.14,,411300.0,,2026-10-03T20:07:02.636796+00:00
LV,Deven Thompkins,77766,WR,27.0,PS,,411300.0,0.14,,411300.0,,2026-10-03T20:07:02.636796+00:00
LV,Phillip Dorsett,16753,WR,33.0,PS,,319900.0,0.11,,319900.0,,2026-10-03T20:07:02.636796+00:00
LV,Cameron McGrone,72561,LB,26.0,PS,,247500.0,0.08,,247500.0,,2026-10-03T20:07:02.636796+00:00
LV,Will Putnam,91070,C,26.0,PS,,247500.0,0.08,,247500.0,,2026-10-03T20:07:02.636796+00:00
LV,Greedy Vance Jr.,98131,CB,25.0,PS,,247500.0,0.08,,247500.0,,2026-10-03T20:07:02.636796+00:00
LV,Brandon Cleveland,107457,DL,22.0,PS,,247500.0,0.08,,247500.0,,2026-10-03T20:07:02.636796+00:00
LV,Roman Hemby,107693,RB,24.0,PS,,247500.0,0.08,,247500.0,,2026-10-03T20:07:02.636796+00:00
LV,Devin Lafayette,107694,S,25.0,PS,,247500.0,0.08,,247500.0,,2026-10-03T20:07:02.636796+00:00
LV,Cian Slone,107700,ED,24.0,PS,,247500.0,0.08,,247500.0,,2026-10-03T20:07:02.636796+00:00
LV,Gary Smith III,107701,DL,25.0,PS,,247500.0,0.08,,247500.0,,2026-10-03T20:07:02.636796+00:00
LV,Niklas Henning,107774,G,23.0,PS,,247500.0,0.08,,247500.0,,2026-10-03T20:07:02.636796+00:00
LV,Tyler Scott,82437,WR,25.0,PS,,192500.0,0.06,,192500.0,,2026-10-03T20:07:02.636796+00:00
LV,Owen Wright,82840,RB,27.0,PS,,192500.0,0.06,,192500.0,,2026-10-03T20:07:02.636796+00:00
LV,Kansei Matsuzawa,107696,K,27.0,PS,,,,,,,2026-10-03T20:07:02.636796+00:00
LAC,Justin Herbert,47599,QB,28.0,Active,,46353155.0,15.39,132818830.0,24007480.0,2030.0,2026-10-03T20:07:02.636796+00:00
LAC,Derwin James,25112,S,30.0,Active,,24616695.0,8.17,51116695.0,26510200.0,2030.0,2026-10-03T20:07:02.636796+00:00
LAC,Rashawn Slater,72393,LT,27.0,Active,,23810200.0,7.91,67210200.0,18010200.0,2030.0,2026-10-03T20:07:02.636796+00:00
LAC,Khalil Mack,14414,ED,35.0,Active,,18009860.0,5.98,18009860.0,18009860.0,2027.0,2026-10-03T20:07:02.636796+00:00
LAC,Joe Alt,90334,RT,23.0,Active,,9054094.0,3.01,13213356.0,3819832.0,2029.0,2026-10-03T20:07:02.636796+00:00
LAC,Donte Jackson,25154,CB,31.0,Active,,8509860.0,2.83,8509860.0,6009860.0,2027.0,2026-10-03T20:07:02.636796+00:00
LAC,Elijah Molden,72481,S,27.0,Active,,7926527.0,2.63,9843195.0,6009860.0,2028.0,2026-10-03T20:07:02.636796+00:00
LAC,Dalvin Tomlinson,21796,DL,32.0,Active,,6802040.0,2.26,5992040.0,6502040.0,2027.0,2026-10-03T20:07:02.636796+00:00
LAC,Tuli Tuipulotu,82346,ED,24.0,Active,,6221997.0,2.07,454997.0,5777200.0,2027.0,2026-10-03T20:07:02.636796+00:00
LAC,Teair Tart,48299,DL,29.0,Active,,6028160.0,2.0,15008160.0,10028160.0,2029.0,2026-10-03T20:07:02.636796+00:00
LAC,Cameron Dicker,77409,K,26.0,Active,,5733160.0,1.9,8683160.0,4258160.0,2029.0,2026-10-03T20:07:02.636796+00:00
LAC,Cole Strange,76883,G,28.0,Active,,5260200.0,1.75,7010200.0,7010200.0,2028.0,2026-10-03T20:07:02.636796+00:00
LAC,Quentin Johnston,82298,WR,25.0,Active,,4524471.0,1.5,20992471.0,2694693.0,2028.0,2026-10-03T20:07:02.636796+00:00
LAC,Charlie Kolar,77005,TE,27.0,Active,,4339453.0,1.44,17006120.0,9006120.0,2029.0,2026-10-03T20:07:02.636796+00:00
LAC,Omarion Hampton,97818,RB,23.0,Active,,4049851.0,1.34,14552943.0,1658130.0,2030.0,2026-10-03T20:07:02.636796+00:00
LAC,Daiyan Henley,82377,LB,27.0,Active,,3919391.0,1.3,245391.0,3683860.0,2027.0,2026-10-03T20:07:02.636796+00:00
LAC,Bud Dupree,16746,ED,33.0,Active,,3740000.0,1.24,3500000.0,3505000.0,2027.0,2026-10-03T20:07:02.636796+00:00
LAC,Akheem Mesidor,105745,ED,25.0,Active,,3725072.0,1.24,20462120.0,12228104.0,2031.0,2026-10-03T20:07:02.636796+00:00
LAC,Trevor Penning,76870,G,27.0,Active,,3510200.0,1.17,3510200.0,3510200.0,2027.0,2026-10-03T20:07:02.636796+00:00
LAC,Troy Dye,47727,LB,30.0,Active,,3409860.0,1.13,3409860.0,2659860.0,2027.0,2026-10-03T20:07:02.636796+00:00
LAC,Alec Ingold,29338,FB,30.0,Active,,3283840.0,1.09,3568840.0,3908840.0,2028.0,2026-10-03T20:07:02.636796+00:00
LAC,Keaton Mitchell,82823,RB,24.0,Active,,3133840.0,1.04,5008840.0,5008840.0,2028.0,2026-10-03T20:07:02.636796+00:00
LAC,Del'Shawn Phillips,29398,LB,30.0,Active,,2759860.0,0.92,4009860.0,4009860.0,2028.0,2026-10-03T20:07:02.636796+00:00
LAC,Ladd McConkey,90366,WR,25.0,Active,,2736160.0,0.91,5107204.0,1713854.0,2028.0,2026-10-03T20:07:02.636796+00:00
LAC,Trey Lance,72382,QB,26.0,Active,,2509860.0,0.83,2509860.0,2509860.0,2027.0,2026-10-03T20:07:02.636796+00:00
LAC,JK Scott,25273,P,30.0,Active,,2350000.0,0.78,2350000.0,2350000.0,,2026-10-03T20:07:02.636796+00:00
LAC,Kayode Awosika,72947,G,28.0,Active,,1896200.0,0.63,1525700.0,2010200.0,2027.0,2026-10-03T20:07:02.636796+00:00
LAC,Tre Harris,97854,WR,24.0,Active,,1786949.0,0.59,4167047.0,1205550.0,2029.0,2026-10-03T20:07:02.636796+00:00
LAC,Tony Jefferson,12541,SS,34.0,Active,,1759860.0,0.58,1509860.0,1509860.0,2027.0,2026-10-03T20:07:02.636796+00:00
LAC,Josh Harris,10144,LS,37.0,Active,,1493280.0,0.5,1820780.0,1820780.0,2027.0,2026-10-03T20:07:02.636796+00:00
LAC,Jake Slaughter,106254,C,24.0,Active,,1446712.0,0.48,5620221.0,3114664.0,2030.0,2026-10-03T20:07:02.636796+00:00
LAC,Jamaree Caldwell,97885,DL,26.0,Active,,1445033.0,0.48,933798.0,1137167.0,2029.0,2026-10-03T20:07:02.636796+00:00
LAC,Deane Leonard,77113,CB,27.0,Active,,1412700.0,0.47,2010200.0,2010200.0,2027.0,2026-10-03T20:07:02.636796+00:00
LAC,Derius Davis,82429,WR,26.0,Active,,1333183.0,0.44,188183.0,1155200.0,2027.0,2026-10-03T20:07:02.636796+00:00
LAC,Justin Eboigbe,90437,DL,25.0,Active,,1294953.0,0.43,429706.0,1085200.0,2028.0,2026-10-03T20:07:02.636796+00:00
LAC,Brenen Thompson,106226,WR,23.0,Active,,1203762.0,0.4,1257864.0,2142864.0,2030.0,2026-10-03T20:07:02.636796+00:00
LAC,Travis Burke,106264,T,23.0,Active,,1181696.0,0.39,1169600.0,2054600.0,2030.0,2026-10-03T20:07:02.636796+00:00
LAC,Tarheeb Still,90470,CB,24.0,Active,,1179130.0,0.39,198060.0,1085200.0,2028.0,2026-10-03T20:07:02.636796+00:00
LAC,Cam Hart,90473,CB,26.0,Active,,1176182.0,0.39,192164.0,1085200.0,2028.0,2026-10-03T20:07:02.636796+00:00
LAC,Genesis Smith,106321,S,22.0,Active,,1147650.0,0.38,1033416.0,1918416.0,2030.0,2026-10-03T20:07:02.636796+00:00
LAC,Oronde Gadsden II,97966,TE,23.0,Active,,1108709.0,0.37,290727.0,1015200.0,2029.0,2026-10-03T20:07:02.636796+00:00
LAC,Kendall Williamson,82562,S,26.0,Active,,1085200.0,0.36,10200.0,1085200.0,2027.0,2026-10-03T20:07:02.636796+00:00
LAC,Kimani Vidal,90515,RB,25.0,Active,,1085200.0,0.36,10200.0,1085200.0,2027.0,2026-10-03T20:07:02.636796+00:00
LAC,R.J. Mickens,98015,S,25.0,Active,,1058770.0,0.35,140910.0,1015200.0,2029.0,2026-10-03T20:07:02.636796+00:00
LAC,Nick Barrett,106287,DL,23.0,Active,,1026508.0,0.34,548848.0,1433848.0,2030.0,2026-10-03T20:07:02.636796+00:00
LAC,Marlowe Wax,98199,LB,24.0,Active,,1016200.0,0.34,12200.0,1015200.0,2028.0,2026-10-03T20:07:02.636796+00:00
LAC,Logan Taylor,107437,T,24.0,Active,,958420.0,0.32,276496.0,1161496.0,2030.0,2026-10-03T20:07:02.636796+00:00
LAC,Alex Harkey,106260,T,25.0,Active,,955630.0,0.32,265336.0,1150336.0,2030.0,2026-10-03T20:07:02.636796+00:00
LAC,Nikko Reed,98125,CB,23.0,Active,,949167.0,0.32,,949167.0,2027.0,2026-10-03T20:07:02.636796+00:00
LAC,Marquez Valdes-Scantling,25275,WR,32.0,Active,,895830.0,0.3,,1083330.0,2027.0,2026-10-03T20:07:02.636796+00:00
LAC,Jacob Spomer,107609,C,24.0,Active,,894061.0,0.3,15728.0,900728.0,2029.0,2026-10-03T20:07:02.636796+00:00
LAC,Hayden Rucci,91535,TE,25.0,Active,,893333.0,0.3,,893333.0,2027.0,2026-10-03T20:07:02.636796+00:00
LAC,Rodney Shelley,107607,CB,22.0,Active,,892394.0,0.3,10727.0,895728.0,2029.0,2026-10-03T20:07:02.636796+00:00
LAC,DJ Uiagalelei,98126,QB,25.0,Active,,737500.0,0.24,,737500.0,2027.0,2026-10-03T20:07:02.636796+00:00
LAC,Tyler Biadasz,47741,C,29.0,IR,IR: UNDISCLOSED,4260200.0,1.41,15010200.0,10260200.0,2029.0,2026-10-03T20:07:02.636796+00:00
LAC,Trey Pipkins,29127,G,30.0,IR,IR: KNEE,3784860.0,1.26,4584860.0,5009860.0,2028.0,2026-10-03T20:07:02.636796+00:00
LAC,David Njoku,21770,TE,30.0,IR,IR: LEG,2955780.0,0.98,2155780.0,3005780.0,2027.0,2026-10-03T20:07:02.636796+00:00
LAC,Denzel Perryman,16772,LB,34.0,IR,IR: UNDISCLOSED,2300000.0,0.76,1600000.0,2790000.0,2027.0,2026-10-03T20:07:02.636796+00:00
LAC,Scott Matlock,82504,FB,26.0,IR,SHORT-TERM IR: UNDISCLOSED,1197934.0,0.4,52934.0,1154860.0,2027.0,2026-10-03T20:07:02.636796+00:00
LAC,Branson Taylor,98000,G,24.0,IR,SHORT-TERM IR: SHOULDER,812977.0,0.27,10200.0,812977.0,2027.0,2026-10-03T20:07:02.636796+00:00
LAC,KeAndre Lambert-Smith,97959,WR,24.0,IR,IR: HAMSTRING,678034.0,0.23,316203.0,576033.0,2029.0,2026-10-03T20:07:02.636796+00:00
LAC,Caleb Murphy,82954,ED,27.0,PS,,330300.0,0.11,,330300.0,,2026-10-03T20:07:02.636796+00:00
LAC,Kaiir Elam,76877,CB,25.0,PS,,311950.0,0.1,,311950.0,,2026-10-03T20:07:02.636796+00:00
LAC,Gary Jennings,29168,WR,29.0,PS,,275250.0,0.09,,275250.0,,2026-10-03T20:07:02.636796+00:00
LAC,Myles Adams,48171,DL,28.0,PS,,256900.0,0.09,,256900.0,,2026-10-03T20:07:02.636796+00:00
LAC,Andre Carter II,82721,DL,26.0,PS,,247500.0,0.08,,247500.0,,2026-10-03T20:07:02.636796+00:00
LAC,Junior Colson,90401,LB,24.0,PS,,247500.0,0.08,,247500.0,,2026-10-03T20:07:02.636796+00:00
LAC,Jordan Jefferson,90448,DL,25.0,PS,,247500.0,0.08,,247500.0,,2026-10-03T20:07:02.636796+00:00
LAC,Josh Kaltenberger,98192,C,25.0,PS,,247500.0,0.08,,247500.0,,2026-10-03T20:07:02.636796+00:00
LAC,Patrick Herbert,98253,TE,26.0,PS,,247500.0,0.08,,247500.0,,2026-10-03T20:07:02.636796+00:00
LAC,Amar Johnson,98320,RB,23.0,PS,,247500.0,0.08,,247500.0,,2026-10-03T20:07:02.636796+00:00
LAC,Theo Wease Jr.,98454,WR,25.0,PS,,247500.0,0.08,,247500.0,,2026-10-03T20:07:02.636796+00:00
LAC,Lander Barton,107516,LB,23.0,PS,,247500.0,0.08,,247500.0,,2026-10-03T20:07:02.636796+00:00
LAC,Gregory Desrosiers,107600,RB,25.0,PS,,247500.0,0.08,,247500.0,,2026-10-03T20:07:02.636796+00:00
LAC,Evan Svoboda,107610,TE,23.0,PS,,247500.0,0.08,,247500.0,,2026-10-03T20:07:02.636796+00:00
LAC,Terry Webb,107613,DL,23.0,PS,,247500.0,0.08,,247500.0,,2026-10-03T20:07:02.636796+00:00
LAC,Isas Waxter,98339,CB,25.0,PS,,233750.0,0.08,,233750.0,,2026-10-03T20:07:02.636796+00:00
LAC,Laekin Vakalahi,90988,T,23.0,PS,,,,,,,2026-10-03T20:07:02.636796+00:00
LA,Matthew Stafford,6078,QB,38.0,Active,,48267348.0,16.03,86867348.0,40000680.0,2028.0,2026-10-03T20:07:02.636796+00:00
LA,Davante Adams,14463,WR,34.0,Active,,28004420.0,9.3,32004420.0,24004420.0,2027.0,2026-10-03T20:07:02.636796+00:00
LA,Alaric Jackson,72752,LT,28.0,Active,,25384180.0,8.43,28934180.0,20384180.0,2028.0,2026-10-03T20:07:02.636796+00:00
LA,Kevin Dotson,47730,G,30.0,Active,,17422448.0,5.78,17422448.0,16005780.0,2027.0,2026-10-03T20:07:02.636796+00:00
LA,Kyren Williams,77041,RB,26.0,Active,,11655540.0,3.87,13958040.0,11655540.0,2029.0,2026-10-03T20:07:02.636796+00:00
LA,Poona Ford,25691,DL,31.0,Active,,11443873.0,3.8,12527207.0,9610540.0,2028.0,2026-10-03T20:07:02.636796+00:00
LA,Trent McDuffie,76875,CB,26.0,Active,,10807820.0,3.59,50007820.0,22007820.0,2031.0,2026-10-03T20:07:02.636796+00:00
LA,Coleman Shelton,25548,C,31.0,Active,,9510540.0,3.16,9510540.0,8010540.0,2027.0,2026-10-03T20:07:02.636796+00:00
LA,Colby Parkinson,47728,TE,27.0,Active,,9093874.0,3.02,9093874.0,7010540.0,2027.0,2026-10-03T20:07:02.636796+00:00
LA,Quentin Lake,77088,S,27.0,Active,,8273716.0,2.75,25260540.0,11760540.0,2029.0,2026-10-03T20:07:02.636796+00:00
LA,Kamren Curl,47814,S,27.0,Active,,7427206.0,2.47,18760540.0,11760540.0,2029.0,2026-10-03T20:07:02.636796+00:00
LA,Nathan Landman,77244,LB,28.0,Active,,7234860.0,2.4,12484860.0,7109860.0,2029.0,2026-10-03T20:07:02.636796+00:00
LA,Jaylen Watson,77120,CB,28.0,Active,,6954827.0,2.31,26508162.0,15508160.0,2029.0,2026-10-03T20:07:02.636796+00:00
LA,Byron Young,82369,ED,28.0,Active,,6037583.0,2.0,270583.0,5777540.0,2027.0,2026-10-03T20:07:02.636796+00:00
LA,Puka Nacua,82481,WR,25.0,Active,,5838784.0,1.94,71784.0,5777540.0,2027.0,2026-10-03T20:07:02.636796+00:00
LA,Aaron Donald,14422,DL,35.0,Active,,5826000.0,1.93,23705000.0,23705000.0,2027.0,2026-10-03T20:07:02.636796+00:00
LA,Tyler Higbee,19064,TE,33.0,Active,,5069970.0,1.68,6111146.0,3009860.0,2028.0,2026-10-03T20:07:02.636796+00:00
LA,Ty Simpson,105733,QB,24.0,Active,,4623614.0,1.54,25415378.0,15829790.0,2031.0,2026-10-03T20:07:02.636796+00:00
LA,Steve Avila,82328,G,27.0,Active,,4616851.0,1.53,1144024.0,3684540.0,2027.0,2026-10-03T20:07:02.636796+00:00
LA,Kobie Turner,82381,DL,27.0,Active,,4164468.0,1.38,240468.0,3934200.0,2027.0,2026-10-03T20:07:02.636796+00:00
LA,Emmanuel Forbes,82293,CB,25.0,Active,,2861572.0,0.95,2861572.0,2861572.0,2027.0,2026-10-03T20:07:02.636796+00:00
LA,Braden Fiske,90371,DL,26.0,Active,,2576937.0,0.86,3804598.0,1661006.0,2028.0,2026-10-03T20:07:02.636796+00:00
LA,Terrence Ferguson,97845,TE,23.0,Active,,2218144.0,0.74,6291210.0,1292061.0,2029.0,2026-10-03T20:07:02.636796+00:00
LA,Grant Stuard,72643,LB,28.0,Active,,1860540.0,0.62,1810540.0,2010540.0,2028.0,2026-10-03T20:07:02.636796+00:00
LA,Joe Cardona,16892,LS,34.0,Active,,1659180.0,0.55,1709180.0,1659180.0,2028.0,2026-10-03T20:07:02.636796+00:00
LA,Blake Corum,90415,RB,26.0,Active,,1582475.0,0.53,516454.0,1329518.0,2028.0,2026-10-03T20:07:02.636796+00:00
LA,Kamren Kinchens,90431,S,24.0,Active,,1536807.0,0.51,455562.0,1314296.0,2028.0,2026-10-03T20:07:02.636796+00:00
LA,David Quessenberry,12458,T,36.0,Active,,1497360.0,0.5,1497360.0,1497360.0,2027.0,2026-10-03T20:07:02.636796+00:00
LA,Max Klare,106248,TE,23.0,Active,,1461367.0,0.49,5980561.0,3180802.0,2030.0,2026-10-03T20:07:02.636796+00:00
LA,Josaiah Stewart,97889,ED,23.0,Active,,1436770.0,0.48,913492.0,1135786.0,2029.0,2026-10-03T20:07:02.636796+00:00
LA,Stetson Bennett,82432,QB,29.0,Active,,1330325.0,0.44,185325.0,1155540.0,2027.0,2026-10-03T20:07:02.636796+00:00
LA,Warren McClendon Jr.,82478,RT,25.0,Active,,1216784.0,0.4,71784.0,1155540.0,2027.0,2026-10-03T20:07:02.636796+00:00
LA,Davis Allen,82479,TE,25.0,Active,,1216784.0,0.4,71784.0,1155540.0,2027.0,2026-10-03T20:07:02.636796+00:00
LA,Ethan Evans,82527,P,25.0,Active,,1182541.0,0.39,37541.0,1155540.0,2027.0,2026-10-03T20:07:02.636796+00:00
LA,Desjuan Johnson,82563,ED,27.0,Active,,1174984.0,0.39,29984.0,1155540.0,2027.0,2026-10-03T20:07:02.636796+00:00
LA,Tyler Davis,90530,DL,26.0,Active,,1131178.0,0.38,101816.0,1085540.0,2028.0,2026-10-03T20:07:02.636796+00:00
LA,Ty Hamilton,97949,DL,24.0,Active,,1125187.0,0.37,339481.0,1015540.0,2029.0,2026-10-03T20:07:02.636796+00:00
LA,Jordan Whittington,90547,WR,26.0,Active,,1120137.0,0.37,79734.0,1085540.0,2028.0,2026-10-03T20:07:02.636796+00:00
LA,Beaux Limmer,90551,G,25.0,Active,,1120137.0,0.37,79734.0,1085540.0,2028.0,2026-10-03T20:07:02.636796+00:00
LA,Josh Wallace,90860,CB,26.0,Active,,1105540.0,0.37,30540.0,1085540.0,2027.0,2026-10-03T20:07:02.636796+00:00
LA,Jaylen McCollough,90865,S,26.0,Active,,1090540.0,0.36,15540.0,1085540.0,2027.0,2026-10-03T20:07:02.636796+00:00
LA,Omar Speights,90851,LB,25.0,Active,,1088540.0,0.36,13540.0,1085540.0,2027.0,2026-10-03T20:07:02.636796+00:00
LA,TuTu Atwell,72437,WR,27.0,Active,,1075000.0,0.36,1215000.0,1215000.0,2027.0,2026-10-03T20:07:02.636796+00:00
LA,Bill Murray,47947,G,29.0,Active,,1075000.0,0.36,,1075000.0,2027.0,2026-10-03T20:07:02.636796+00:00
LA,Konata Mumpfield,98043,WR,24.0,Active,,1042674.0,0.35,91942.0,1015540.0,2029.0,2026-10-03T20:07:02.636796+00:00
LA,Shaun Dolac,98064,LB,25.0,Active,,1023873.0,0.34,27207.0,1015540.0,2028.0,2026-10-03T20:07:02.636796+00:00
LA,Harrison Mevis,91437,K,24.0,Active,,1015540.0,0.34,10540.0,1015540.0,,2026-10-03T20:07:02.636796+00:00
LA,Dylan McMahon,90524,C,27.0,Active,,1012140.0,0.34,7140.0,1012140.0,2028.0,2026-10-03T20:07:02.636796+00:00
LA,C.J. Daniels,107433,WR,24.0,Active,,956851.0,0.32,278281.0,1163281.0,2030.0,2026-10-03T20:07:02.636796+00:00
LA,Wesley Bailey,107671,ED,25.0,Active,,900067.0,0.3,38400.0,923401.0,2029.0,2026-10-03T20:07:02.636796+00:00
LA,Maximus Pulley,107729,S,24.0,Active,,737500.0,0.24,,737500.0,2027.0,2026-10-03T20:07:02.636796+00:00
LA,Dean Connors,107674,RB,23.0,Active,,688338.0,0.23,,688338.0,2027.0,2026-10-03T20:07:02.636796+00:00
LA,Myles Garrett,21742,ED,31.0,IR,NTC: IR KNEE,8840680.0,2.94,79290680.0,37000680.0,2031.0,2026-10-03T20:07:02.636796+00:00
LA,Keagen Trost,106250,T,25.0,IR,IR: HAMSTRING,1156175.0,0.38,1403926.0,2206703.0,2030.0,2026-10-03T20:07:02.636796+00:00
LA,Justin Dedich,90861,G,26.0,IR,IR: HAND,1085540.0,0.36,10540.0,1085540.0,2027.0,2026-10-03T20:07:02.636796+00:00
LA,Ronnie Rivers,77233,RB,27.0,IR,IR: CALF,660540.0,0.22,1225540.0,725545.0,2027.0,2026-10-03T20:07:02.636796+00:00
LA,Keir Thomas,77421,ED,28.0,IR,IR: GROIN,575540.0,0.19,10540.0,575540.0,2027.0,2026-10-03T20:07:02.636796+00:00
LA,Matthew Caldwell,107673,QB,23.0,IR,IR: UNDISCLOSED,520401.0,0.17,9401.0,524401.0,2029.0,2026-10-03T20:07:02.636796+00:00
LA,Eddie Walls III,107681,ED,24.0,IR,IR: LEG,518401.0,0.17,3401.0,518401.0,2029.0,2026-10-03T20:07:02.636796+00:00
LA,Alex Bachman,29554,WR,30.0,PS,,330300.0,0.11,,330300.0,,2026-10-03T20:07:02.636796+00:00
LA,Blake Hance,29584,G,30.0,PS,,330300.0,0.11,,330300.0,,2026-10-03T20:07:02.636796+00:00
LA,Larrell Murchison,47770,DL,29.0,PS,,330300.0,0.11,,330300.0,,2026-10-03T20:07:02.636796+00:00
LA,Elias Neal,90854,LB,25.0,PS,,247500.0,0.08,,247500.0,,2026-10-03T20:07:02.636796+00:00
LA,Cam Lampkin,90856,CB,25.0,PS,,247500.0,0.08,,247500.0,,2026-10-03T20:07:02.636796+00:00
LA,Jamie Sheriff,95470,ED,26.0,PS,,247500.0,0.08,,247500.0,,2026-10-03T20:07:02.636796+00:00
LA,Bill Norton,98291,DL,26.0,PS,,247500.0,0.08,,247500.0,,2026-10-03T20:07:02.636796+00:00
LA,Brennan Presley,98293,WR,24.0,PS,,247500.0,0.08,,247500.0,,2026-10-03T20:07:02.636796+00:00
LA,Jordan Waters,98298,RB,26.0,PS,,247500.0,0.08,,247500.0,,2026-10-03T20:07:02.636796+00:00
LA,Dan Villari,107513,TE,24.0,PS,,247500.0,0.08,,247500.0,,2026-10-03T20:07:02.636796+00:00
LA,Austin Blaske,107672,C,25.0,PS,,247500.0,0.08,,247500.0,,2026-10-03T20:07:02.636796+00:00
LA,Nyzier Fourqurean,107675,CB,24.0,PS,,247500.0,0.08,,247500.0,,2026-10-03T20:07:02.636796+00:00
LA,Darryl Peterson III,107680,ED,23.0,PS,,247500.0,0.08,,247500.0,,2026-10-03T20:07:02.636796+00:00
LA,Nick Andersen,108053,S,24.0,PS,,247500.0,0.08,,247500.0,,2026-10-03T20:07:02.636796+00:00
LA,Jaxson Moi,107678,DL,22.0,PS,,233750.0,0.08,,233750.0,,2026-10-03T20:07:02.636796+00:00
LA,Tanner Ingle,82688,S,27.0,PS,,192500.0,0.06,,192500.0,,2026-10-03T20:07:02.636796+00:00
LA,Jack Bouwmeester,107538,P,27.0,PS,,,,,,,2026-10-03T20:07:02.636796+00:00
MIA,Zach Sieler,25339,DL,31.0,Active,,11011200.0,3.66,35752000.0,16746000.0,2030.0,2026-10-03T20:07:02.636796+00:00
MIA,Austin Jackson,47612,RT,27.0,Active,,6666316.0,2.21,20765348.0,7001000.0,2027.0,2026-10-03T20:07:02.636796+00:00
MIA,Jordyn Brooks,48271,LB,29.0,Active,,6174367.0,2.05,34783870.0,13535200.0,2030.0,2026-10-03T20:07:02.636796+00:00
MIA,Malik Willis,76962,QB,27.0,Active,,5682200.0,1.89,45010200.0,23510200.0,2029.0,2026-10-03T20:07:02.636796+00:00
MIA,Kadyn Proctor,105725,G,22.0,Active,,4753587.0,1.58,26124591.0,16345923.0,2031.0,2026-10-03T20:07:02.636796+00:00
MIA,Chop Robinson,90350,ED,23.0,Active,,4094626.0,1.36,8859790.0,2166676.0,2029.0,2026-10-03T20:07:02.636796+00:00
MIA,Chris Johnson,105743,CB,22.0,Active,,3466378.0,1.15,19044943.0,11197087.0,2031.0,2026-10-03T20:07:02.636796+00:00
MIA,Jonah Savaiinaea,97836,G,22.0,Active,,2583490.0,0.86,9274044.0,1364858.0,2029.0,2026-10-03T20:07:02.636796+00:00
MIA,Jacob Rodriguez,106296,LB,24.0,Active,,2114811.0,0.7,11611323.0,5790819.0,2030.0,2026-10-03T20:07:02.636796+00:00
MIA,Patrick Paul,90387,LT,26.0,Active,,1895208.0,0.63,1346312.0,1433536.0,2028.0,2026-10-03T20:07:02.636796+00:00
MIA,Greg Dulcich,76955,TE,26.0,Active,,1576400.0,0.52,3261200.0,3261200.0,2027.0,2026-10-03T20:07:02.636796+00:00
MIA,Caedan Wallace,90400,G,26.0,Active,,1344392.0,0.45,,1344392.0,2028.0,2026-10-03T20:07:02.636796+00:00
MIA,Caleb Douglas,107367,WR,23.0,Active,,1307838.0,0.43,1677927.0,2562927.0,2030.0,2026-10-03T20:07:02.636796+00:00
MIA,Jaylen Wright,90452,RB,23.0,Active,,1275205.0,0.42,390210.0,1085200.0,2028.0,2026-10-03T20:07:02.636796+00:00
MIA,Joshua Uche,47655,ED,28.0,Active,,1272700.0,0.42,1412700.0,1412700.0,2027.0,2026-10-03T20:07:02.636796+00:00
MIA,Willie Gay Jr.,47658,LB,28.0,Active,,1272700.0,0.42,1412700.0,1412700.0,2027.0,2026-10-03T20:07:02.636796+00:00
MIA,Zayne Anderson,72719,S,29.0,Active,,1272700.0,0.42,762700.0,1412700.0,2027.0,2026-10-03T20:07:02.636796+00:00
MIA,Jalen Tolbert,76964,WR,27.0,Active,,1272700.0,0.42,1412700.0,1412700.0,2027.0,2026-10-03T20:07:02.636796+00:00
MIA,Riley Patterson,72701,K,28.0,Active,,1272360.0,0.42,1412360.0,1412360.0,2027.0,2026-10-03T20:07:02.636796+00:00
MIA,Bradley Pinion,16891,P,32.0,Active,,1272360.0,0.42,1497360.0,1497360.0,2027.0,2026-10-03T20:07:02.636796+00:00
MIA,Will Kacmarek,107369,TE,23.0,Active,,1249832.0,0.42,1445903.0,2330903.0,2030.0,2026-10-03T20:07:02.636796+00:00
MIA,Julius Brents,82336,CB,26.0,Active,,1243752.0,0.41,802962.0,1877964.0,2027.0,2026-10-03T20:07:02.636796+00:00
MIA,Chris Bell,105736,WR,22.0,Active,,1235583.0,0.41,1388907.0,2273907.0,2030.0,2026-10-03T20:07:02.636796+00:00
MIA,Robert Beal Jr.,82477,ED,27.0,Active,,1205200.0,0.4,60200.0,1205200.0,2027.0,2026-10-03T20:07:02.636796+00:00
MIA,Tucker Addington,79990,LS,27.0,Active,,1155200.0,0.38,10200.0,1155200.0,2027.0,2026-10-03T20:07:02.636796+00:00
MIA,Malik Washington,90518,WR,25.0,Active,,1135090.0,0.38,109980.0,1085200.0,2028.0,2026-10-03T20:07:02.636796+00:00
MIA,Jordan Phillips,97944,DL,22.0,Active,,1129776.0,0.38,353928.0,1015200.0,2029.0,2026-10-03T20:07:02.636796+00:00
MIA,Jason Marshall Jr.,97951,CB,24.0,Active,,1121523.0,0.37,329169.0,1015200.0,2029.0,2026-10-03T20:07:02.636796+00:00
MIA,Dante Trader Jr.,97956,S,23.0,Active,,1118896.0,0.37,321288.0,1015200.0,2029.0,2026-10-03T20:07:02.636796+00:00
MIA,Ollie Gordon II,97980,RB,22.0,Active,,1083026.0,0.36,214358.0,1014860.0,2029.0,2026-10-03T20:07:02.636796+00:00
MIA,Malik Herring,72745,ED,29.0,Active,,1075000.0,0.36,,1215000.0,2027.0,2026-10-03T20:07:02.636796+00:00
MIA,Ryan Miller,83017,WR,26.0,Active,,1075000.0,0.36,,1075000.0,2027.0,2026-10-03T20:07:02.636796+00:00
MIA,Marcellas Dial,90514,CB,26.0,Active,,1075000.0,0.36,,1075000.0,2028.0,2026-10-03T20:07:02.636796+00:00
MIA,Jarrett Kingston,90549,G,27.0,Active,,1075000.0,0.36,,1075000.0,2027.0,2026-10-03T20:07:02.636796+00:00
MIA,Zeek Biggers,98054,DL,23.0,Active,,1040618.0,0.35,86454.0,1015200.0,2029.0,2026-10-03T20:07:02.636796+00:00
MIA,Andrew Meyer,91531,C,26.0,Active,,1020200.0,0.34,15200.0,1015200.0,2027.0,2026-10-03T20:07:02.636796+00:00
MIA,Jackson Woodard,98340,LB,24.0,Active,,1015200.0,0.34,10200.0,1015200.0,2027.0,2026-10-03T20:07:02.636796+00:00
MIA,Michael Taaffe,107401,S,23.0,Active,,1013428.0,0.34,500287.0,1385287.0,2030.0,2026-10-03T20:07:02.636796+00:00
MIA,Chukwuebuka Godrick,82777,T,26.0,Active,,1005000.0,0.33,,1005000.0,2027.0,2026-10-03T20:07:02.636796+00:00
MIA,Reese Taylor,82866,CB,27.0,Active,,1005000.0,0.33,,1005000.0,2027.0,2026-10-03T20:07:02.636796+00:00
MIA,Julius Wood,91366,S,25.0,Active,,1005000.0,0.33,,1005000.0,2028.0,2026-10-03T20:07:02.636796+00:00
MIA,Brady Cook,98431,QB,25.0,Active,,1005000.0,0.33,,1005000.0,2027.0,2026-10-03T20:07:02.636796+00:00
MIA,Kevin Coleman Jr.,106219,WR,23.0,Active,,984344.0,0.33,383951.0,1268951.0,2030.0,2026-10-03T20:07:02.636796+00:00
MIA,Seydou Traore,107420,TE,24.0,Active,,979868.0,0.33,379472.0,1264472.0,2030.0,2026-10-03T20:07:02.636796+00:00
MIA,D.J. Campbell,107435,G,23.0,Active,,957634.0,0.32,277111.0,1162111.0,2030.0,2026-10-03T20:07:02.636796+00:00
MIA,Andre Jones Jr.,82537,ED,28.0,Active,,955556.0,0.32,,955556.0,2027.0,2026-10-03T20:07:02.636796+00:00
MIA,Jaylin Simpson,90497,S,26.0,Active,,949167.0,0.32,,949167.0,2027.0,2026-10-03T20:07:02.636796+00:00
MIA,D.J. Herman,108050,FB,24.0,Active,,889475.0,0.3,4475.0,889475.0,2029.0,2026-10-03T20:07:02.636796+00:00
MIA,Kyle McCord,97982,QB,24.0,Active,,885000.0,0.29,,885000.0,2027.0,2026-10-03T20:07:02.636796+00:00
MIA,Justin Joly,107397,TE,22.0,Active,,885000.0,0.29,,885000.0,2030.0,2026-10-03T20:07:02.636796+00:00
MIA,Shaka Heyward,83040,LB,26.0,Active,,836111.0,0.28,,836111.0,2027.0,2026-10-03T20:07:02.636796+00:00
MIA,Kenneth Grant,97809,DL,23.0,IR,SHORT-TERM IR: LEG,5000271.0,1.66,17974455.0,1848214.0,2029.0,2026-10-03T20:07:02.636796+00:00
MIA,Devon Achane,82376,RB,25.0,IR,IR: KNEE (ACL),3157687.0,1.05,22241687.0,10003060.0,2031.0,2026-10-03T20:07:02.636796+00:00
MIA,Trey Moore,107385,ED,23.0,IR,SHORT-TERM IR: ANKLE,1067842.0,0.35,1046835.0,1849612.0,2030.0,2026-10-03T20:07:02.636796+00:00
MIA,Ronnie Harrison,25192,S,29.0,IR,IR: HAMSTRING,797978.0,0.26,1410200.0,1410200.0,2027.0,2026-10-03T20:07:02.636796+00:00
MIA,Kyle Louis,106299,S,22.0,IR,IR: KNEE,737288.0,0.24,793511.0,1329065.0,2030.0,2026-10-03T20:07:02.636796+00:00
MIA,Cole Turner,77026,TE,26.0,IR,IR: UNDISCLOSED,575200.0,0.19,10200.0,575200.0,2027.0,2026-10-03T20:07:02.636796+00:00
MIA,Rene Konga,108000,DL,24.0,IR,IR: UNDISCLOSED,529475.0,0.18,281975.0,549475.0,2029.0,2026-10-03T20:07:02.636796+00:00
MIA,Darrell Baker Jr.,77225,CB,28.0,PUP,/PUP: UNDISCLOSED,1272700.0,0.42,1272700.0,1412700.0,2027.0,2026-10-03T20:07:02.636796+00:00
MIA,Storm Duck,91525,CB,26.0,PUP,/PUP: KNEE,1091867.0,0.36,16867.0,1085200.0,2027.0,2026-10-03T20:07:02.636796+00:00
MIA,Jalen Reagor,47615,WR,27.0,PS,,411300.0,0.14,,411300.0,,2026-10-03T20:07:02.636796+00:00
MIA,Mazi Smith,82304,DL,25.0,PS,,330300.0,0.11,,330300.0,,2026-10-03T20:07:02.636796+00:00
MIA,Carlos Washington Jr.,82665,RB,28.0,PS,,247500.0,0.08,,247500.0,,2026-10-03T20:07:02.636796+00:00
MIA,Ethan Bonner,82897,CB,27.0,PS,,247500.0,0.08,,247500.0,,2026-10-03T20:07:02.636796+00:00
MIA,Gottlieb Ayedze,90982,T,26.0,PS,,247500.0,0.08,,247500.0,,2026-10-03T20:07:02.636796+00:00
MIA,Amari Gainer,91065,LB,26.0,PS,,247500.0,0.08,,247500.0,,2026-10-03T20:07:02.636796+00:00
MIA,Jarquez Hunter,97918,RB,24.0,PS,,247500.0,0.08,,247500.0,,2026-10-03T20:07:02.636796+00:00
MIA,Major Burns,98075,S,25.0,PS,,247500.0,0.08,,247500.0,,2026-10-03T20:07:02.636796+00:00
MIA,Tre Watson,98371,TE,24.0,PS,,247500.0,0.08,,247500.0,,2026-10-03T20:07:02.636796+00:00
MIA,Will Sheppard,100537,WR,24.0,PS,,247500.0,0.08,,247500.0,,2026-10-03T20:07:02.636796+00:00
MIA,Max Llewellyn,107465,ED,24.0,PS,,247500.0,0.08,,247500.0,,2026-10-03T20:07:02.636796+00:00
MIA,Rodney McGraw,108002,ED,24.0,PS,,247500.0,0.08,,247500.0,,2026-10-03T20:07:02.636796+00:00
MIA,Liam Anderson,82808,LB,26.0,PS,,206250.0,0.07,,206250.0,,2026-10-03T20:07:02.636796+00:00
MIA,AJ Henning,98139,WR,25.0,PS,,206250.0,0.07,,206250.0,,2026-10-03T20:07:02.636796+00:00
MIA,James Ester,90644,DL,25.0,PS,,192500.0,0.06,,192500.0,,2026-10-03T20:07:02.636796+00:00
MIA,Keith Cooper Jr.,98105,DL,23.0,PS,,192500.0,0.06,,192500.0,,2026-10-03T20:07:02.636796+00:00
MIN,Justin Jefferson,47616,WR,27.0,Active,,21168850.0,7.03,86419800.0,25750000.0,2029.0,2026-10-03T20:07:02.636796+00:00
MIN,Andrew Van Ginkel,29199,ED,31.0,Active,,19250000.0,6.39,27690000.0,16000000.0,2027.0,2026-10-03T20:07:02.636796+00:00
MIN,Will Fries,72632,G,28.0,Active,,17220000.0,5.72,28710000.0,13220000.0,2030.0,2026-10-03T20:07:02.636796+00:00
MIN,T.J. Hockenson,29043,TE,29.0,Active,,15605000.0,5.18,22715000.0,10250000.0,2027.0,2026-10-03T20:07:02.636796+00:00
MIN,Brian O'Neill,25161,RT,31.0,Active,,14743892.0,4.9,47183892.0,32810000.0,2031.0,2026-10-03T20:07:02.636796+00:00
MIN,Christian Darrisaw,72403,LT,27.0,Active,,13279085.0,4.41,52166928.0,15041929.0,2030.0,2026-10-03T20:07:02.636796+00:00
MIN,Aaron Jones,21924,RB,32.0,Active,,10210000.0,3.39,9850000.0,5560000.0,2027.0,2026-10-03T20:07:02.636796+00:00
MIN,Jauan Jennings,47815,WR,29.0,Active,,9534080.0,3.17,6134080.0,8004080.0,2027.0,2026-10-03T20:07:02.636796+00:00
MIN,Blake Cashman,29205,LB,30.0,Active,,9182353.0,3.05,11650000.0,7500000.0,2027.0,2026-10-03T20:07:02.636796+00:00
MIN,Byron Murphy,29068,CB,28.0,Active,,8322000.0,2.76,29860000.0,15970000.0,2028.0,2026-10-03T20:07:02.636796+00:00
MIN,Isaiah Rodgers,47809,CB,28.0,Active,,7869300.0,2.61,8359300.0,6456800.0,2027.0,2026-10-03T20:07:02.636796+00:00
MIN,Josh Metellus,47803,S,28.0,Active,,5955000.0,1.98,11535000.0,4045000.0,2029.0,2026-10-03T20:07:02.636796+00:00
MIN,Blake Brandel,47801,C,29.0,Active,,4466667.0,1.48,4066667.0,3500000.0,2027.0,2026-10-03T20:07:02.636796+00:00
MIN,Dallas Turner,90346,ED,23.0,Active,,4310254.0,1.43,9326983.0,2238552.0,2029.0,2026-10-03T20:07:02.636796+00:00
MIN,Jordan Addison,82300,WR,24.0,Active,,4305591.0,1.43,22305591.0,2631690.0,2028.0,2026-10-03T20:07:02.636796+00:00
MIN,Ryan Van Demark,77448,LT,28.0,Active,,4270000.0,1.42,4270000.0,4270000.0,2027.0,2026-10-03T20:07:02.636796+00:00
MIN,Eric Wilson,22034,LB,32.0,Active,,4083333.0,1.36,12600000.0,8250000.0,2029.0,2026-10-03T20:07:02.636796+00:00
MIN,Donovan Jackson,97820,G,24.0,Active,,3914076.0,1.3,14064153.0,1630975.0,2030.0,2026-10-03T20:07:02.636796+00:00
MIN,Caleb Banks,105716,DL,23.0,Active,,3874535.0,1.29,21287390.0,12828104.0,2031.0,2026-10-03T20:07:02.636796+00:00
MIN,Ivan Pace,82575,LB,26.0,Active,,3528840.0,1.17,8840.0,3528840.0,2027.0,2026-10-03T20:07:02.636796+00:00
MIN,Harrison Smith,9839,S,37.0,Active,,3395882.0,1.13,11779410.0,12250000.0,2027.0,2026-10-03T20:07:02.636796+00:00
MIN,Carson Wentz,18950,QB,34.0,Active,,3050000.0,1.01,2745000.0,3000000.0,2027.0,2026-10-03T20:07:02.636796+00:00
MIN,James Pierre,48189,CB,30.0,Active,,2985000.0,0.99,3815000.0,4325000.0,2028.0,2026-10-03T20:07:02.636796+00:00
MIN,Theo Jackson,77081,S,28.0,Active,,2670000.0,0.89,3330000.0,1500000.0,2028.0,2026-10-03T20:07:02.636796+00:00
MIN,Jake Golday,105748,LB,23.0,Active,,1750636.0,0.58,8399125.0,4332508.0,2030.0,2026-10-03T20:07:02.636796+00:00
MIN,Andrew DePaola,11166,LS,39.0,Active,,1494300.0,0.5,1731800.0,1731800.0,2027.0,2026-10-03T20:07:02.636796+00:00
MIN,Tai Felton,97901,WR,23.0,Active,,1410469.0,0.47,850845.0,1130254.0,2029.0,2026-10-03T20:07:02.636796+00:00
MIN,Jay Ward,82438,S,26.0,Active,,1317566.0,0.44,172566.0,1154180.0,2027.0,2026-10-03T20:07:02.636796+00:00
MIN,Kyler Murray,29036,QB,29.0,Active,,1309520.0,0.43,1309520.0,1309520.0,2027.0,2026-10-03T20:07:02.636796+00:00
MIN,Domonique Orange,106289,DL,22.0,Active,,1274618.0,0.42,1543436.0,2428436.0,2030.0,2026-10-03T20:07:02.636796+00:00
MIN,Caleb Tiernan,105746,T,23.0,Active,,1222085.0,0.41,1333304.0,2218304.0,2030.0,2026-10-03T20:07:02.636796+00:00
MIN,Jakobe Thomas,107373,S,23.0,Active,,1222085.0,0.41,1333304.0,2218304.0,2030.0,2026-10-03T20:07:02.636796+00:00
MIN,Tyrion Ingram-Dawkins,97940,DL,23.0,Active,,1134544.0,0.38,368232.0,1015200.0,2029.0,2026-10-03T20:07:02.636796+00:00
MIN,Will Reichard,90537,K,25.0,Active,,1127175.0,0.37,94830.0,1084520.0,2028.0,2026-10-03T20:07:02.636796+00:00
MIN,Levi Drake Rodriguez,90566,DL,26.0,Active,,1111697.0,0.37,63194.0,1085200.0,2028.0,2026-10-03T20:07:02.636796+00:00
MIN,Bo Richter,90622,ED,26.0,Active,,1085200.0,0.36,10200.0,1085200.0,2027.0,2026-10-03T20:07:02.636796+00:00
MIN,Jalen Redmond,82709,DL,27.0,Active,,1084520.0,0.36,9520.0,1084520.0,2027.0,2026-10-03T20:07:02.636796+00:00
MIN,Trevor Keegan,90506,G,26.0,Active,,1075000.0,0.36,,1075000.0,2028.0,2026-10-03T20:07:02.636796+00:00
MIN,Gavin Bartholomew,98003,TE,23.0,Active,,1069156.0,0.36,172068.0,1015200.0,2029.0,2026-10-03T20:07:02.636796+00:00
MIN,Chaz Chambliss,98203,ED,24.0,Active,,1021866.0,0.34,23533.0,1015200.0,2028.0,2026-10-03T20:07:02.636796+00:00
MIN,Joe Huber,98140,T,24.0,Active,,1018533.0,0.34,16867.0,1015200.0,2028.0,2026-10-03T20:07:02.636796+00:00
MIN,DeeJay Dallas,47739,RB,28.0,Active,,1015278.0,0.34,,1147500.0,,2026-10-03T20:07:02.636796+00:00
MIN,Elijah Williams,98583,DL,24.0,Active,,1015200.0,0.34,10200.0,1015200.0,2028.0,2026-10-03T20:07:02.636796+00:00
MIN,Myles Price,100886,WR,25.0,Active,,1015200.0,0.34,10200.0,1015200.0,2028.0,2026-10-03T20:07:02.636796+00:00
MIN,Max Bredeson,107402,TE,24.0,Active,,1012898.0,0.34,496556.0,1381556.0,2030.0,2026-10-03T20:07:02.636796+00:00
MIN,Charles Demmings,107406,CB,23.0,Active,,1009728.0,0.34,483876.0,1368876.0,2030.0,2026-10-03T20:07:02.636796+00:00
MIN,Demond Claiborne,106216,RB,23.0,Active,,958407.0,0.32,278592.0,1163592.0,2030.0,2026-10-03T20:07:02.636796+00:00
MIN,Zemaiah Vaughn,98212,CB,24.0,Active,,895771.0,0.3,10771.0,895771.0,2027.0,2026-10-03T20:07:02.636796+00:00
MIN,Jacob Thomas,107651,S,22.0,Active,,893345.0,0.3,165012.0,900012.0,2029.0,2026-10-03T20:07:02.636796+00:00
MIN,Brett Thorson,107652,P,34.0,Active,,890000.0,0.3,90000.0,900000.0,2029.0,2026-10-03T20:07:02.636796+00:00
MIN,Kyle Van Noy,14449,ED,35.0,Active,,836108.0,0.28,,1011108.0,2027.0,2026-10-03T20:07:02.636796+00:00
MIN,Max Brosmer,98141,QB,25.0,Active,,781662.0,0.26,,781662.0,2027.0,2026-10-03T20:07:02.636796+00:00
MIN,Jeshaun Jones,90614,WR,27.0,Active,,747700.0,0.25,10200.0,747700.0,2027.0,2026-10-03T20:07:02.636796+00:00
MIN,Josh Oliver,29105,TE,29.0,IR,IR: BICEPS,9934000.0,3.3,15753000.0,7000000.0,2029.0,2026-10-03T20:07:02.636796+00:00
MIN,Jordan Mason,77308,RB,27.0,IR,IR: THUMB,5790000.0,1.92,8030000.0,5000000.0,2027.0,2026-10-03T20:07:02.636796+00:00
MIN,Michael Jurgens,90564,C,26.0,IR,SHORT-TERM IR: UNDISCLOSED,1112385.0,0.37,64570.0,1085200.0,2028.0,2026-10-03T20:07:02.636796+00:00
MIN,Jamal Adams,21747,S,31.0,IR,IR: QUAD,675000.0,0.22,1410000.0,1410000.0,2027.0,2026-10-03T20:07:02.636796+00:00
MIN,Nick Samac,90562,C,25.0,IR,IR: KNEE,650001.0,0.22,,650001.0,2027.0,2026-10-03T20:07:02.636796+00:00
MIN,Tyler Batty,98200,ED,27.0,IR,IR: KNEE (ACL),558533.0,0.19,26867.0,550200.0,2028.0,2026-10-03T20:07:02.636796+00:00
MIN,Ben Yurosek,98255,TE,24.0,IR,IR: UNDISCLOSED,556866.0,0.18,23533.0,550200.0,2028.0,2026-10-03T20:07:02.636796+00:00
MIN,Tyreek Chappell,107642,CB,24.0,IR,IR: UNDISCLOSED,522178.0,0.17,61511.0,526512.0,2029.0,2026-10-03T20:07:02.636796+00:00
MIN,Tavierre Thomas,25376,S,30.0,PS,,411300.0,0.14,,411300.0,,2026-10-03T20:07:02.636796+00:00
MIN,Johnny Hekker,10414,P,36.0,PS,,319900.0,0.11,,319900.0,,2026-10-03T20:07:02.636796+00:00
MIN,Henry Byrd,82964,G,27.0,PS,,247500.0,0.08,,247500.0,,2026-10-03T20:07:02.636796+00:00
MIN,Cam Grandy,91451,TE,26.0,PS,,247500.0,0.08,,247500.0,,2026-10-03T20:07:02.636796+00:00
MIN,Jack Nelson,98019,RT,24.0,PS,,247500.0,0.08,,247500.0,,2026-10-03T20:07:02.636796+00:00
MIN,Jahvaree Ritzie,98474,DL,23.0,PS,,247500.0,0.08,,247500.0,,2026-10-03T20:07:02.636796+00:00
MIN,Dillon Bell,107637,WR,23.0,PS,,247500.0,0.08,,247500.0,,2026-10-03T20:07:02.636796+00:00
MIN,Da’Veawn Armstead,107640,CB,24.0,PS,,247500.0,0.08,,247500.0,,2026-10-03T20:07:02.636796+00:00
MIN,Michael Briscoe,107711,WR,24.0,PS,,247500.0,0.08,,247500.0,,2026-10-03T20:07:02.636796+00:00
MIN,Bangally Kamara,108045,LB,25.0,PS,,247500.0,0.08,,247500.0,,2026-10-03T20:07:02.636796+00:00
MIN,Maceo Beard,110191,S,26.0,PS,,233750.0,0.08,,233750.0,,2026-10-03T20:07:02.636796+00:00
MIN,Keshawn Banks,82616,ED,27.0,PS,,192500.0,0.06,,192500.0,,2026-10-03T20:07:02.636796+00:00
MIN,Natrone Brooks,83090,CB,27.0,PS,,192500.0,0.06,,192500.0,,2026-10-03T20:07:02.636796+00:00
MIN,Audric Estimé,90480,RB,23.0,PS,,192500.0,0.06,,192500.0,,2026-10-03T20:07:02.636796+00:00
MIN,Kenny Dyson,91431,ED,25.0,PS,,192500.0,0.06,,192500.0,,2026-10-03T20:07:02.636796+00:00
MIN,Devin Neal,97985,RB,23.0,PS,,192500.0,0.06,,192500.0,,2026-10-03T20:07:02.636796+00:00
MIN,Josh Priebe,98453,G,25.0,PS,,192500.0,0.06,,192500.0,,2026-10-03T20:07:02.636796+00:00
NE,Milton Williams,72453,DL,27.0,Active,,28506460.0,9.46,39306460.0,23006460.0,2029.0,2026-10-03T20:07:02.636796+00:00
NE,Carlton Davis,25162,CB,29.0,Active,,22002380.0,7.3,24227380.0,14502380.0,2028.0,2026-10-03T20:07:02.636796+00:00
NE,Christian Barmore,72418,DL,27.0,Active,,17106460.0,5.68,23031460.0,13506460.0,2029.0,2026-10-03T20:07:02.636796+00:00
NE,Hunter Henry,18983,TE,32.0,Active,,13609180.0,4.52,17359180.0,12709180.0,2029.0,2026-10-03T20:07:02.636796+00:00
NE,Robert Spillane,27676,LB,31.0,Active,,12329520.0,4.09,14489520.0,9509520.0,2028.0,2026-10-03T20:07:02.636796+00:00
NE,Christian Gonzalez,82294,CB,24.0,Active,,11408178.0,3.79,55927178.0,35812202.0,2032.0,2026-10-03T20:07:02.636796+00:00
NE,Morgan Moses,14476,RT,35.0,Active,,10401020.0,3.45,9451020.0,7501020.0,2028.0,2026-10-03T20:07:02.636796+00:00
NE,Drake Maye,90332,QB,24.0,Active,,10001503.0,3.32,21659610.0,4134728.0,2029.0,2026-10-03T20:07:02.636796+00:00
NE,Will Campbell,97800,LT,22.0,Active,,9932725.0,3.3,35733058.0,2834161.0,2030.0,2026-10-03T20:07:02.636796+00:00
NE,Kevin Byard,19013,S,33.0,Active,,9008160.0,2.99,6328160.0,7008160.0,2027.0,2026-10-03T20:07:02.636796+00:00
NE,Romeo Doubs,77009,WR,26.0,Active,,8609520.0,2.86,35009520.0,20309520.0,2030.0,2026-10-03T20:07:02.636796+00:00
NE,Christian Elliss,72874,LB,27.0,Active,,8564520.0,2.84,8009520.0,7388520.0,2027.0,2026-10-03T20:07:02.636796+00:00
NE,Dre'Mont Jones,29107,ED,29.0,Active,,7555507.0,2.51,23288842.0,14508840.0,2029.0,2026-10-03T20:07:02.636796+00:00
NE,Rhamondre Stevenson,72504,RB,28.0,Active,,7431689.0,2.47,10108160.0,6008160.0,2029.0,2026-10-03T20:07:02.636796+00:00
NE,Marcus Jones,76961,CB,28.0,Active,,6710320.0,2.23,14950320.0,3777820.0,2029.0,2026-10-03T20:07:02.636796+00:00
NE,Alijah Vera-Tucker,72394,G,27.0,Active,,5042513.0,1.67,21009180.0,14009180.0,2029.0,2026-10-03T20:07:02.636796+00:00
NE,Mack Hollins,21860,WR,33.0,Active,,4958160.0,1.65,4208160.0,4308160.0,2027.0,2026-10-03T20:07:02.636796+00:00
NE,Demario Douglas,82514,WR,26.0,Active,,3715493.0,1.23,41493.0,3682160.0,2027.0,2026-10-03T20:07:02.636796+00:00
NE,DaQuan Jones,14523,DL,35.0,Active,,3677778.0,1.22,3177777.0,3357778.0,2027.0,2026-10-03T20:07:02.636796+00:00
NE,Caleb Lomu,105727,T,22.0,Active,,3445104.0,1.14,18927132.0,11111454.0,2031.0,2026-10-03T20:07:02.636796+00:00
NE,Reggie Gilliam,47904,FB,29.0,Active,,2809520.0,0.93,6114520.0,4409520.0,2029.0,2026-10-03T20:07:02.636796+00:00
NE,TreVeyon Henderson,97837,RB,24.0,Active,,2542073.0,0.84,9126712.0,1356031.0,2029.0,2026-10-03T20:07:02.636796+00:00
NE,Gabe Jacas,105739,ED,22.0,Active,,1573994.0,0.52,6952935.0,3640976.0,2030.0,2026-10-03T20:07:02.636796+00:00
NE,Tommy DeVito,82842,QB,28.0,Active,,1559520.0,0.52,1884520.0,2309520.0,2028.0,2026-10-03T20:07:02.636796+00:00
NE,Kyle Williams,97868,WR,24.0,Active,,1533059.0,0.51,1146013.0,1154228.0,2029.0,2026-10-03T20:07:02.636796+00:00
NE,Jared Wilson,97894,C,23.0,Active,,1420300.0,0.47,875392.0,1131676.0,2029.0,2026-10-03T20:07:02.636796+00:00
NE,Ben Brown,77519,C,28.0,Active,,1370000.0,0.45,340000.0,1540000.0,2028.0,2026-10-03T20:07:02.636796+00:00
NE,Craig Woodson,97907,S,25.0,Active,,1281131.0,0.43,809353.0,1014520.0,2029.0,2026-10-03T20:07:02.636796+00:00
NE,Eli Raridon,107372,TE,22.0,Active,,1231692.0,0.41,1372806.0,2257806.0,2030.0,2026-10-03T20:07:02.636796+00:00
NE,Joshua Farmer,97938,DL,23.0,Active,,1171454.0,0.39,499362.0,1005000.0,2029.0,2026-10-03T20:07:02.636796+00:00
NE,Cory Durden,82918,DL,26.0,Active,,1154520.0,0.38,9520.0,1154520.0,2027.0,2026-10-03T20:07:02.636796+00:00
NE,Charles Woods,90855,CB,26.0,Active,,1084520.0,0.36,9520.0,1084520.0,2027.0,2026-10-03T20:07:02.636796+00:00
NE,Leonard Taylor,91007,DL,24.0,Active,,1084520.0,0.36,9520.0,1084520.0,2027.0,2026-10-03T20:07:02.636796+00:00
NE,Andres Borregales,97983,K,24.0,Active,,1078641.0,0.36,201883.0,1014520.0,2029.0,2026-10-03T20:07:02.636796+00:00
NE,Walter Rouse,90511,G,25.0,Active,,1075000.0,0.36,,1075000.0,2028.0,2026-10-03T20:07:02.636796+00:00
NE,Darius Muasau,90517,LB,25.0,Active,,1075000.0,0.36,,1075000.0,2028.0,2026-10-03T20:07:02.636796+00:00
NE,Julian Ashby,98052,LS,24.0,Active,,1039598.0,0.35,76254.0,1014180.0,2029.0,2026-10-03T20:07:02.636796+00:00
NE,Efton Chism III,98467,WR,25.0,Active,,1022853.0,0.34,26187.0,1014520.0,2028.0,2026-10-03T20:07:02.636796+00:00
NE,Elijah Ponder,98473,ED,24.0,Active,,1019520.0,0.34,19520.0,1014520.0,2028.0,2026-10-03T20:07:02.636796+00:00
NE,Cameron Latu,82393,TE,26.0,Active,,1005000.0,0.33,,1005000.0,2027.0,2026-10-03T20:07:02.636796+00:00
NE,Jaylen Reed,97988,S,23.0,Active,,1005000.0,0.33,,1005000.0,2029.0,2026-10-03T20:07:02.636796+00:00
NE,Corey Kiner,98231,RB,24.0,Active,,1005000.0,0.33,,1005000.0,2027.0,2026-10-03T20:07:02.636796+00:00
NE,Karon Prunty,107412,CB,25.0,Active,,996491.0,0.33,432002.0,1317002.0,2030.0,2026-10-03T20:07:02.636796+00:00
NE,Dametrious Crownover,107432,T,25.0,Active,,957688.0,0.32,280012.0,1165012.0,2030.0,2026-10-03T20:07:02.636796+00:00
NE,Mitch Wishnowsky,29158,P,34.0,Active,,955556.0,0.32,,1155552.0,2027.0,2026-10-03T20:07:02.636796+00:00
NE,Namdi Obiazor,107445,LB,24.0,Active,,949372.0,0.32,243526.0,1128526.0,2030.0,2026-10-03T20:07:02.636796+00:00
NE,Behren Morton,107461,QB,24.0,Active,,926961.0,0.31,153882.0,1038882.0,2030.0,2026-10-03T20:07:02.636796+00:00
NE,Channing Canada,108007,CB,24.0,Active,,896320.0,0.3,272153.0,909654.0,2029.0,2026-10-03T20:07:02.636796+00:00
NE,Tanner Arkin,107571,TE,23.0,Active,,895487.0,0.3,167154.0,907154.0,2029.0,2026-10-03T20:07:02.636796+00:00
NE,Erick Hunter,107501,LB,23.0,Active,,885000.0,0.29,,885000.0,2027.0,2026-10-03T20:07:02.636796+00:00
NE,Jose Ramirez,82500,ED,27.0,Active,,837500.0,0.28,,837500.0,2027.0,2026-10-03T20:07:02.636796+00:00
NE,Matt Pryor,25307,RT,32.0,Active,,836108.0,0.28,,1011108.0,2027.0,2026-10-03T20:07:02.636796+00:00
NE,Mike Onwenu,47778,G,29.0,IR,IR: ANKLE,17507820.0,5.81,16657820.0,10007820.0,2027.0,2026-10-03T20:07:02.636796+00:00
NE,A.J. Brown,29087,WR,29.0,IR,IR: ANKLE,7041020.0,2.34,33251020.0,29001020.0,2030.0,2026-10-03T20:07:02.636796+00:00
NE,Greg Van Roten,11215,G,36.0,IR,IR: THIGH,4500000.0,1.49,1980000.0,3000000.0,2027.0,2026-10-03T20:07:02.636796+00:00
NE,Julian Hill,83364,TE,26.0,IR,IR: KNEE,3574520.0,1.19,7644520.0,6509520.0,2029.0,2026-10-03T20:07:02.636796+00:00
NE,Bryce Baringer,82496,P,27.0,IR,IR: LOWER BODY,1199134.0,0.4,54134.0,1154520.0,2027.0,2026-10-03T20:07:02.636796+00:00
NE,Dell Pettus,91543,S,25.0,IR,IR: ANKLE,662521.0,0.22,12520.0,659521.0,2027.0,2026-10-03T20:07:02.636796+00:00
NE,Quintayvious Hutchins,107473,ED,23.0,IR,IR: KNEE,611665.0,0.2,126571.0,703237.0,2030.0,2026-10-03T20:07:02.636796+00:00
NE,Marcus Bryant,98021,T,24.0,IR,SHORT-TERM IR: ANKLE,586602.0,0.19,120766.0,549520.0,2029.0,2026-10-03T20:07:02.636796+00:00
NE,Myles Montgomery,108014,RB,23.0,IR,IR: UNDISCLOSED,527987.0,0.18,277154.0,544654.0,2029.0,2026-10-03T20:07:02.636796+00:00
NE,Jeremiah Webb,98257,WR,25.0,IR,IR: ARM,524520.0,0.17,9520.0,524520.0,2027.0,2026-10-03T20:07:02.636796+00:00
NE,Khalil Jacobs,108012,LB,23.0,IR,IR: UNDISCLOSED,519654.0,0.17,4654.0,519654.0,2029.0,2026-10-03T20:07:02.636796+00:00
NE,Harold Landry,25140,ED,30.0,PUP,/PUP: KNEE,16359520.0,5.43,19234520.0,12509520.0,2028.0,2026-10-03T20:07:02.636796+00:00
NE,Kindle Vildor,47759,CB,29.0,PS,,411300.0,0.14,,411300.0,,2026-10-03T20:07:02.636796+00:00
NE,K.J. Britt,72560,LB,27.0,PS,,411300.0,0.14,,411300.0,,2026-10-03T20:07:02.636796+00:00
NE,Mike Brown,77491,S,27.0,PS,,330300.0,0.11,,330300.0,,2026-10-03T20:07:02.636796+00:00
NE,Xavier Newman-Johnson,77750,G,27.0,PS,,311950.0,0.1,,311950.0,,2026-10-03T20:07:02.636796+00:00
NE,Tanner Conner,77481,WR,28.0,PS,,293600.0,0.1,,293600.0,,2026-10-03T20:07:02.636796+00:00
NE,Jeremiah Pharms,78882,DL,30.0,PS,,247500.0,0.08,,247500.0,,2026-10-03T20:07:02.636796+00:00
NE,Jake Kubas,91567,G,26.0,PS,,247500.0,0.08,,247500.0,,2026-10-03T20:07:02.636796+00:00
NE,Eric Gregory,98084,DL,26.0,PS,,247500.0,0.08,,247500.0,,2026-10-03T20:07:02.636796+00:00
NE,Lan Larison,98145,RB,25.0,PS,,247500.0,0.08,,247500.0,,2026-10-03T20:07:02.636796+00:00
NE,Kyle Dixon,108009,WR,26.0,PS,,247500.0,0.08,,247500.0,,2026-10-03T20:07:02.636796+00:00
NE,Cameron Dorner,108010,WR,22.0,PS,,247500.0,0.08,,247500.0,,2026-10-03T20:07:02.636796+00:00
NE,Chandler Brayboy,98509,WR,25.0,PS,,233750.0,0.08,,233750.0,,2026-10-03T20:07:02.636796+00:00
NE,Elliott Davison,100904,S,25.0,PS,,233750.0,0.08,,233750.0,,2026-10-03T20:07:02.636796+00:00
NE,Xavier Holmes,108052,DL,24.0,PS,,233750.0,0.08,,247500.0,,2026-10-03T20:07:02.636796+00:00
NE,Benton Whitley,77422,DL,27.0,PS,,206250.0,0.07,,206250.0,,2026-10-03T20:07:02.636796+00:00
NE,Da'Metrius Weatherspoon,107916,T,24.0,PS,,192500.0,0.06,,192500.0,,2026-10-03T20:07:02.636796+00:00
NE,Lorenz Metz,82769,T,29.0,PS,,,,,,,2026-10-03T20:07:02.636796+00:00
NO,Alvin Kamara,21809,RB,31.0,Active,,11378741.0,3.78,30436482.0,16155000.0,2027.0,2026-10-03T20:07:02.636796+00:00
NO,Erik McCoy,29084,C,29.0,Active,,10331540.0,3.43,28639540.0,10510540.0,2028.0,2026-10-03T20:07:02.636796+00:00
NO,Chase Young,47595,ED,27.0,Active,,9618500.0,3.19,35254500.0,14838500.0,2028.0,2026-10-03T20:07:02.636796+00:00
NO,Chris Olave,76859,WR,26.0,Active,,9578440.0,3.18,52658440.0,37658440.0,2031.0,2026-10-03T20:07:02.636796+00:00
NO,Carl Granderson,29375,ED,30.0,Active,,9480620.0,3.15,27804120.0,12756120.0,2028.0,2026-10-03T20:07:02.636796+00:00
NO,Cesar Ruiz,47618,G,27.0,Active,,7992450.0,2.65,23694200.0,9510200.0,2028.0,2026-10-03T20:07:02.636796+00:00
NO,Juwan Johnson,47930,TE,30.0,Active,,7622180.0,2.53,22514180.0,9839180.0,2028.0,2026-10-03T20:07:02.636796+00:00
NO,David Edwards,29217,G,29.0,Active,,6310200.0,2.1,40010200.0,21310200.0,2030.0,2026-10-03T20:07:02.636796+00:00
NO,Kaden Elliss,29292,LB,31.0,Active,,5310200.0,1.76,23010200.0,13310200.0,2029.0,2026-10-03T20:07:02.636796+00:00
NO,Justin Reid,25167,S,29.0,Active,,5199180.0,1.73,18459180.0,9259180.0,2028.0,2026-10-03T20:07:02.636796+00:00
NO,Taliese Fuaga,90343,RT,24.0,Active,,4741856.0,1.57,11558831.0,2382646.0,2029.0,2026-10-03T20:07:02.636796+00:00
NO,Nathan Shepherd,25171,DL,33.0,Active,,4349360.0,1.44,11492160.0,4770360.0,2027.0,2026-10-03T20:07:02.636796+00:00
NO,Tyree Wilson,82284,ED,26.0,Active,,4166982.0,1.38,4166982.0,4166982.0,2027.0,2026-10-03T20:07:02.636796+00:00
NO,Pete Werner,72440,LB,27.0,Active,,3947180.0,1.31,12023180.0,6259180.0,2028.0,2026-10-03T20:07:02.636796+00:00
NO,Jordan Howden,82450,S,26.0,Active,,3765882.0,1.25,91882.0,3684200.0,2027.0,2026-10-03T20:07:02.636796+00:00
NO,Davon Godchaux,21920,DL,32.0,Active,,3026140.0,1.0,9063140.0,6507140.0,2027.0,2026-10-03T20:07:02.636796+00:00
NO,Noah Fant,29055,TE,29.0,Active,,3010200.0,1.0,4510200.0,4510200.0,2028.0,2026-10-03T20:07:02.636796+00:00
NO,Cameron Jordan,7739,ED,37.0,Active,,2580000.0,0.86,7500000.0,7500000.0,2027.0,2026-10-03T20:07:02.636796+00:00
NO,Kool-Aid McKinstry,90373,CB,24.0,Active,,2507593.0,0.83,3546222.0,1637664.0,2028.0,2026-10-03T20:07:02.636796+00:00
NO,Tyler Shough,97839,QB,27.0,Active,,2466498.0,0.82,8851106.0,1342004.0,2029.0,2026-10-03T20:07:02.636796+00:00
NO,Christen Miller,105730,DL,22.0,Active,,2148417.0,0.71,11799381.0,5927391.0,2030.0,2026-10-03T20:07:02.636796+00:00
NO,John Ridgeway,77055,DL,27.0,Active,,2050540.0,0.68,2875540.0,2875540.0,2028.0,2026-10-03T20:07:02.636796+00:00
NO,Chris Rumph II,72502,ED,28.0,Active,,2010200.0,0.67,2010200.0,2010200.0,2027.0,2026-10-03T20:07:02.636796+00:00
NO,Ryan Wright,77498,P,26.0,Active,,1880100.0,0.62,7005100.0,3755100.0,2030.0,2026-10-03T20:07:02.636796+00:00
NO,Kendre Miller,82363,RB,24.0,Active,,1809642.0,0.6,288598.0,1531584.0,2027.0,2026-10-03T20:07:02.636796+00:00
NO,Julian Blackmon,47680,S,28.0,Active,,1525200.0,0.51,1525200.0,2545200.0,2027.0,2026-10-03T20:07:02.636796+00:00
NO,Martin Emerson,76944,CB,26.0,Active,,1521120.0,0.51,1521120.0,1521120.0,2027.0,2026-10-03T20:07:02.636796+00:00
NO,Vernon Broughton,97870,DL,25.0,Active,,1518450.0,0.5,1110476.0,1151578.0,2029.0,2026-10-03T20:07:02.636796+00:00
NO,Jonas Sanker,97892,S,24.0,Active,,1429564.0,0.47,896673.0,1134073.0,2029.0,2026-10-03T20:07:02.636796+00:00
NO,Anfernee Jennings,47682,ED,29.0,Active,,1408280.0,0.47,1408280.0,1408280.0,2027.0,2026-10-03T20:07:02.636796+00:00
NO,Oscar Delp,106230,TE,23.0,Active,,1314193.0,0.44,1704958.0,2589958.0,2030.0,2026-10-03T20:07:02.636796+00:00
NO,Danny Stutsman,97913,LB,23.0,Active,,1272291.0,0.42,781473.0,1015200.0,2029.0,2026-10-03T20:07:02.636796+00:00
NO,Zach Wilson,72381,QB,27.0,Active,,1271680.0,0.42,1411680.0,1411680.0,2027.0,2026-10-03T20:07:02.636796+00:00
NO,Daniel Carlson,25268,K,31.0,Active,,1262500.0,0.42,1487500.0,1487500.0,2027.0,2026-10-03T20:07:02.636796+00:00
NO,Quincy Riley,97932,CB,25.0,Active,,1235989.0,0.41,674607.0,1014180.0,2029.0,2026-10-03T20:07:02.636796+00:00
NO,Spencer Rattler,90483,QB,26.0,Active,,1169660.0,0.39,178780.0,1085540.0,2028.0,2026-10-03T20:07:02.636796+00:00
NO,Asim Richards,82473,T,26.0,Active,,1154180.0,0.38,9180.0,1154180.0,2027.0,2026-10-03T20:07:02.636796+00:00
NO,Colby Wooden,82420,DL,26.0,Active,,1145000.0,0.38,,1145000.0,2027.0,2026-10-03T20:07:02.636796+00:00
NO,Jeremiah Wright,107386,G,25.0,Active,,1143457.0,0.38,1017718.0,1902718.0,2030.0,2026-10-03T20:07:02.636796+00:00
NO,Khristian Boyd,90533,DL,26.0,Active,,1129907.0,0.38,99614.0,1085200.0,2028.0,2026-10-03T20:07:02.636796+00:00
NO,Bryce Lance,107359,WR,24.0,Active,,1086376.0,0.36,793153.0,1678153.0,2030.0,2026-10-03T20:07:02.636796+00:00
NO,Isaiah Stalbird,91561,LB,26.0,Active,,1084860.0,0.36,9860.0,1084860.0,2027.0,2026-10-03T20:07:02.636796+00:00
NO,Devaughn Vele,90569,WR,29.0,Active,,1083505.0,0.36,8505.0,1083505.0,2028.0,2026-10-03T20:07:02.636796+00:00
NO,Decamerion Richardson,90444,CB,25.0,Active,,1075000.0,0.36,,1075000.0,2028.0,2026-10-03T20:07:02.636796+00:00
NO,Will Sherman,72581,G,27.0,Active,,1015880.0,0.34,10880.0,1015880.0,2027.0,2026-10-03T20:07:02.636796+00:00
NO,Treyton Welch,91466,TE,25.0,Active,,1005000.0,0.33,,1005000.0,2027.0,2026-10-03T20:07:02.636796+00:00
NO,Barion Brown,107428,WR,23.0,Active,,962084.0,0.32,297596.0,1182596.0,2030.0,2026-10-03T20:07:02.636796+00:00
NO,Jayden Price,90904,CB,26.0,Active,,895880.0,0.3,10880.0,895880.0,2028.0,2026-10-03T20:07:02.636796+00:00
NO,Cal Adomitis,77611,LS,28.0,Active,,895833.0,0.3,,1012500.0,2027.0,2026-10-03T20:07:02.636796+00:00
NO,Michael Reid,98406,CB,24.0,Active,,885000.0,0.29,,885000.0,2028.0,2026-10-03T20:07:02.636796+00:00
NO,Mason Murphy,107902,T,23.0,Active,,885000.0,0.29,247500.0,885000.0,2029.0,2026-10-03T20:07:02.636796+00:00
NO,Kevin Austin,77264,WR,26.0,Active,,836111.0,0.28,,836111.0,2027.0,2026-10-03T20:07:02.636796+00:00
NO,C.J. Donaldson,107626,RB,22.0,Active,,835833.0,0.28,,835833.0,2027.0,2026-10-03T20:07:02.636796+00:00
NO,Kelvin Banks Jr.,97805,LT,22.0,IR,IR: ANKLE,6313096.0,2.1,22699741.0,2111051.0,2030.0,2026-10-03T20:07:02.636796+00:00
NO,Jordyn Tyson,105707,WR,22.0,IR,SHORT-TERM IR: HAMSTRING,5912795.0,1.96,32497013.0,20980607.0,2031.0,2026-10-03T20:07:02.636796+00:00
NO,Travis Etienne,72405,RB,27.0,IR,IR: HAMSTRING,5009520.0,1.66,24009520.0,14009520.0,2030.0,2026-10-03T20:07:02.636796+00:00
NO,Bryan Bresee,82307,DL,25.0,IR,IR: KNEE (ACL),3909522.0,1.3,17840522.0,2429784.0,2028.0,2026-10-03T20:07:02.636796+00:00
NO,Dillon Radunz,72433,G,28.0,IR,IR: KNEE (ACL),2460200.0,0.82,3610200.0,3610200.0,2028.0,2026-10-03T20:07:02.636796+00:00
NO,Zach Wood,19873,LS,33.0,IR,IR: CALF,1609860.0,0.53,1809860.0,1409860.0,2028.0,2026-10-03T20:07:02.636796+00:00
NO,Jaylan Ford,90509,LB,25.0,IR,SHORT-TERM IR: UNDISCLOSED,1148769.0,0.38,137338.0,1085200.0,2028.0,2026-10-03T20:07:02.636796+00:00
NO,Lorenzo Styles Jr.,107413,S,24.0,IR,IR: CALF,625030.0,0.21,425621.0,940621.0,2030.0,2026-10-03T20:07:02.636796+00:00
NO,Ty Chandler,77046,RB,28.0,IR,IR: KNEE,575200.0,0.19,10200.0,625200.0,2027.0,2026-10-03T20:07:02.636796+00:00
NO,David Long,29115,CB,28.0,IR,IR: UNDISCLOSED,565000.0,0.19,,615000.0,2027.0,2026-10-03T20:07:02.636796+00:00
NO,Moliki Matavao,98049,TE,23.0,IR,IR: KNEE,550880.0,0.18,10880.0,550880.0,2027.0,2026-10-03T20:07:02.636796+00:00
NO,Rejzohn Wright,82708,CB,26.0,IR,IR: HIP,550200.0,0.18,10200.0,550200.0,2027.0,2026-10-03T20:07:02.636796+00:00
NO,Brock Rechsteiner,108066,WR,24.0,SUS,,594833.0,0.2,4833.0,594833.0,2029.0,2026-10-03T20:07:02.636796+00:00
NO,Nick Saldiveri,82407,G,26.0,PUP,/PUP: KNEE,1366111.0,0.45,221111.0,1155540.0,2027.0,2026-10-03T20:07:02.636796+00:00
NO,Mason Tipton,91562,WR,26.0,PUP,/PUP: LEG,1089214.0,0.36,14214.0,1085880.0,2027.0,2026-10-03T20:07:02.636796+00:00
NO,Cedric Tillman,82366,WR,26.0,PS,,411300.0,0.14,,411300.0,,2026-10-03T20:07:02.636796+00:00
NO,Zamir White,76999,RB,27.0,PS,,360000.0,0.12,,360000.0,,2026-10-03T20:07:02.636796+00:00
NO,Stone Smartt,77282,TE,28.0,PS,,360000.0,0.12,,360000.0,,2026-10-03T20:07:02.636796+00:00
NO,Trey Palmer,82495,WR,25.0,PS,,360000.0,0.12,,360000.0,,2026-10-03T20:07:02.636796+00:00
NO,Jonah Williams,48015,ED,31.0,PS,,311950.0,0.1,,311950.0,,2026-10-03T20:07:02.636796+00:00
NO,David Ojabo,76921,DL,26.0,PS,,256900.0,0.09,,256900.0,,2026-10-03T20:07:02.636796+00:00
NO,Jalen Moreno-Cropper,83078,WR,25.0,PS,,247500.0,0.08,,247500.0,,2026-10-03T20:07:02.636796+00:00
NO,Jackson Sirmon,91006,LB,26.0,PS,,247500.0,0.08,,247500.0,,2026-10-03T20:07:02.636796+00:00
NO,Fadil Diggs,98055,ED,25.0,PS,,247500.0,0.08,,247500.0,,2026-10-03T20:07:02.636796+00:00
NO,Easton Kilty,98222,C,24.0,PS,,247500.0,0.08,,247500.0,,2026-10-03T20:07:02.636796+00:00
NO,Kyrese Rowan,98572,WR,25.0,PS,,247500.0,0.08,,247500.0,,2026-10-03T20:07:02.636796+00:00
NO,T.J. Hall,107449,CB,22.0,PS,,247500.0,0.08,,247500.0,,2026-10-03T20:07:02.636796+00:00
NO,Alan Herron,107525,T,23.0,PS,,247500.0,0.08,,247500.0,,2026-10-03T20:07:02.636796+00:00
NO,Alex Wollschlaeger,107629,T,25.0,PS,,247500.0,0.08,,247500.0,,2026-10-03T20:07:02.636796+00:00
NO,Jay’Viar Suggs,107634,DL,25.0,PS,,247500.0,0.08,,247500.0,,2026-10-03T20:07:02.636796+00:00
NO,Ulysses Bentley,98499,RB,26.0,PS,,192500.0,0.06,,192500.0,,2026-10-03T20:07:02.636796+00:00
NO,Charlie Smyth,90224,K,25.0,PS,,,,,,,2026-10-03T20:07:02.636796+00:00
NYG,Kayvon Thibodeaux,76852,ED,26.0,Active,,14761880.0,4.9,14761880.0,14761880.0,2027.0,2026-10-03T20:07:02.636796+00:00
NYG,Andrew Thomas,47597,LT,27.0,Active,,13031956.0,4.33,37089000.0,17400000.0,2030.0,2026-10-03T20:07:02.636796+00:00
NYG,Jevon Holland,72416,S,26.0,Active,,12676472.0,4.21,23203875.0,13510540.0,2028.0,2026-10-03T20:07:02.636796+00:00
NYG,Abdul Carter,97799,ED,22.0,Active,,10295807.0,3.42,37037508.0,2907595.0,2030.0,2026-10-03T20:07:02.636796+00:00
NYG,Arvell Reese,105703,LB,21.0,Active,,8701390.0,2.89,47835895.0,32136061.0,2031.0,2026-10-03T20:07:02.636796+00:00
NYG,Greg Newsome,72406,CB,26.0,Active,,8000000.0,2.66,7250000.0,8000000.0,2027.0,2026-10-03T20:07:02.636796+00:00
NYG,Malik Nabers,90335,WR,23.0,Active,,7975270.0,2.65,19643895.0,3459770.0,2029.0,2026-10-03T20:07:02.636796+00:00
NYG,Jon Runyan,47788,G,29.0,Active,,6975540.0,2.32,22010540.0,10225540.0,2029.0,2026-10-03T20:07:02.636796+00:00
NYG,Chauncey Golston,72464,ED,28.0,Active,,6917647.0,2.3,8300000.0,5500000.0,2028.0,2026-10-03T20:07:02.636796+00:00
NYG,Isaiah Likely,77016,TE,26.0,Active,,6087254.0,2.02,20700001.0,14500000.0,2029.0,2026-10-03T20:07:02.636796+00:00
NYG,Jermaine Eluemunor,21901,RT,32.0,Active,,5923529.0,1.97,25650000.0,13950000.0,2029.0,2026-10-03T20:07:02.636796+00:00
NYG,Francis Mauigoa,106272,G,21.0,Active,,5633541.0,1.87,30962727.0,19864665.0,2031.0,2026-10-03T20:07:02.636796+00:00
NYG,Tremaine Edmunds,25111,LB,28.0,Active,,5560784.0,1.85,23900001.0,13000000.0,2029.0,2026-10-03T20:07:02.636796+00:00
NYG,D.J. Reader,19120,DL,32.0,Active,,4502720.0,1.49,5252720.0,6252720.0,2028.0,2026-10-03T20:07:02.636796+00:00
NYG,John Michael Schmitz,82349,C,27.0,Active,,4343328.0,1.44,469328.0,3934540.0,2027.0,2026-10-03T20:07:02.636796+00:00
NYG,Deonte Banks,82302,CB,25.0,Active,,4331596.0,1.44,4331596.0,2612615.0,2027.0,2026-10-03T20:07:02.636796+00:00
NYG,Jameis Winston,16725,QB,32.0,Active,,3527206.0,1.17,13300540.0,4810540.0,2029.0,2026-10-03T20:07:02.636796+00:00
NYG,Micah McFadden,77023,LB,26.0,Active,,3044117.0,1.01,3000000.0,3750000.0,2027.0,2026-10-03T20:07:02.636796+00:00
NYG,Darnell Mooney,47769,WR,29.0,Active,,3008500.0,1.0,3008500.0,3008500.0,2027.0,2026-10-03T20:07:02.636796+00:00
NYG,Shelby Harris,14646,DL,35.0,Active,,3000000.0,1.0,2660000.0,3000000.0,2027.0,2026-10-03T20:07:02.636796+00:00
NYG,Patrick Ricard,22506,FB,32.0,Active,,2809024.0,0.93,3650200.0,4050200.0,2028.0,2026-10-03T20:07:02.636796+00:00
NYG,Jordan Stout,77007,P,28.0,Active,,2655000.0,0.88,6420000.0,4655000.0,2029.0,2026-10-03T20:07:02.636796+00:00
NYG,Ar'Darius Washington,72722,S,27.0,Active,,2617647.0,0.87,2500000.0,3000000.0,2027.0,2026-10-03T20:07:02.636796+00:00
NYG,Devin Singletary,29110,RB,29.0,Active,,2560880.0,0.85,2560880.0,1310880.0,2027.0,2026-10-03T20:07:02.636796+00:00
NYG,Colton Hood,105729,CB,21.0,Active,,2333990.0,0.77,12815195.0,6666461.0,2030.0,2026-10-03T20:07:02.636796+00:00
NYG,Tyler Nubin,90379,S,25.0,Active,,2240214.0,0.74,2651143.0,1548538.0,2028.0,2026-10-03T20:07:02.636796+00:00
NYG,Andru Phillips,90402,CB,25.0,Active,,1645797.0,0.55,650882.0,1350626.0,2028.0,2026-10-03T20:07:02.636796+00:00
NYG,Darius Alexander,97864,DL,26.0,Active,,1545674.0,0.51,1227241.0,1156207.0,2029.0,2026-10-03T20:07:02.636796+00:00
NYG,Malachi Fields,107344,WR,23.0,Active,,1312380.0,0.44,1695021.0,2580021.0,2030.0,2026-10-03T20:07:02.636796+00:00
NYG,Theo Johnson,90439,TE,25.0,Active,,1293739.0,0.43,426598.0,1085880.0,2028.0,2026-10-03T20:07:02.636796+00:00
NYG,Cam Skattebo,97906,RB,24.0,Active,,1284140.0,0.43,815660.0,1015880.0,2029.0,2026-10-03T20:07:02.636796+00:00
NYG,Chris Manhertz,16132,TE,34.0,Active,,1262500.0,0.42,1387500.0,1487500.0,2027.0,2026-10-03T20:07:02.636796+00:00
NYG,Aaron Stinnie,25834,G,32.0,Active,,1262500.0,0.42,1387500.0,1487500.0,2027.0,2026-10-03T20:07:02.636796+00:00
NYG,Elijah Campbell,25671,S,31.0,Active,,1262500.0,0.42,1290000.0,1402500.0,2027.0,2026-10-03T20:07:02.636796+00:00
NYG,Jason Pinnock,72559,CB,27.0,Active,,1262500.0,0.42,1340000.0,1402500.0,2027.0,2026-10-03T20:07:02.636796+00:00
NYG,Tyrone Tracy,90499,RB,27.0,Active,,1157128.0,0.38,153716.0,1085540.0,2028.0,2026-10-03T20:07:02.636796+00:00
NYG,Zaire Barnes,82488,LB,27.0,Active,,1150000.0,0.38,275000.0,1150000.0,2027.0,2026-10-03T20:07:02.636796+00:00
NYG,Marcus Mbow,97955,RT,23.0,Active,,1120476.0,0.37,324668.0,1015880.0,2029.0,2026-10-03T20:07:02.636796+00:00
NYG,Nic Jones,82554,CB,25.0,Active,,1085880.0,0.36,10880.0,1085880.0,2027.0,2026-10-03T20:07:02.636796+00:00
NYG,Najee Harris,72404,RB,28.0,Active,,1075000.0,0.36,1215000.0,1215000.0,2027.0,2026-10-03T20:07:02.636796+00:00
NYG,Thomas Fidone II,98020,TE,24.0,Active,,1053259.0,0.35,123017.0,1015880.0,2029.0,2026-10-03T20:07:02.636796+00:00
NYG,Basil Okoye,82779,DL,25.0,Active,,1009080.0,0.34,4080.0,1009080.0,2027.0,2026-10-03T20:07:02.636796+00:00
NYG,Bobby Jamison-Travis,107426,DL,25.0,Active,,967227.0,0.32,314409.0,1199409.0,2030.0,2026-10-03T20:07:02.636796+00:00
NYG,J.C. Davis,106266,T,23.0,Active,,962063.0,0.32,293753.0,1178753.0,2030.0,2026-10-03T20:07:02.636796+00:00
NYG,Jack Kelly,107429,LB,23.0,Active,,960495.0,0.32,287481.0,1172481.0,2030.0,2026-10-03T20:07:02.636796+00:00
NYG,Dominic Zvada,107530,K,23.0,Active,,898166.0,0.3,145000.0,914833.0,2029.0,2026-10-03T20:07:02.636796+00:00
NYG,Bryan Hudson,91506,C,25.0,Active,,895880.0,0.3,,895880.0,2027.0,2026-10-03T20:07:02.636796+00:00
NYG,Ben Mann,107573,LS,24.0,Active,,893166.0,0.3,10000.0,899833.0,2029.0,2026-10-03T20:07:02.636796+00:00
NYG,Charlie Jones,82435,WR,28.0,Active,,890554.0,0.3,,890554.0,2027.0,2026-10-03T20:07:02.636796+00:00
NYG,Jihad Ward,18993,DL,32.0,Active,,836108.0,0.28,,1011108.0,2027.0,2026-10-03T20:07:02.636796+00:00
NYG,Braxton Berrios,25311,WR,31.0,Active,,836108.0,0.28,,1011108.0,2027.0,2026-10-03T20:07:02.636796+00:00
NYG,J.J. McCarthy,90339,QB,23.0,Active,,836108.0,0.28,4611308.0,836108.0,2029.0,2026-10-03T20:07:02.636796+00:00
NYG,Paulson Adebo,72456,CB,27.0,IR,IR: KNEE,24199390.0,8.03,30134074.0,18000000.0,2028.0,2026-10-03T20:07:02.636796+00:00
NYG,Brian Burns,29051,ED,28.0,IR,IR: KNEE (ACL),21383333.0,7.1,57550000.0,25550000.0,2029.0,2026-10-03T20:07:02.636796+00:00
NYG,Roy Robertson-Harris,19399,DL,33.0,IR,IR: ACHILLES,5758500.0,1.91,5008500.0,4108500.0,2027.0,2026-10-03T20:07:02.636796+00:00
NYG,Jaxson Dart,97821,QB,23.0,IR,IR: KNEE,3869500.0,1.28,13901912.0,1622604.0,2030.0,2026-10-03T20:07:02.636796+00:00
NYG,Calvin Austin,77015,WR,27.0,IR,IR: KNEE (ACL),1500000.0,0.5,1500000.0,1500000.0,2027.0,2026-10-03T20:07:02.636796+00:00
NYG,Gunner Olszewski,30115,WR,30.0,IR,IR: ACHILLES,1262500.0,0.42,1402500.0,1402500.0,2027.0,2026-10-03T20:07:02.636796+00:00
NYG,Korie Black,98047,CB,24.0,IR,SHORT-TERM IR: GROIN,912547.0,0.3,10880.0,912547.0,2027.0,2026-10-03T20:07:02.636796+00:00
NYG,Jarrick Bernard-Converse,82508,CB,26.0,IR,IR: KNEE,600880.0,0.2,10880.0,600880.0,2027.0,2026-10-03T20:07:02.636796+00:00
NYG,Thaddeus Dixon,107527,CB,24.0,IR,IR: ACHILLES,531499.0,0.18,287332.0,554833.0,2029.0,2026-10-03T20:07:02.636796+00:00
NYG,Malik Harrison,47693,LB,28.0,PS,,330300.0,0.11,,330300.0,,2026-10-03T20:07:02.636796+00:00
NYG,Jalin Hyatt,82365,WR,25.0,PS,,330300.0,0.11,,330300.0,,2026-10-03T20:07:02.636796+00:00
NYG,Josh Tupou,22137,DL,32.0,PS,,256900.0,0.09,,256900.0,,2026-10-03T20:07:02.636796+00:00
NYG,Kendrick Green,72468,G,28.0,PS,,256900.0,0.09,,256900.0,,2026-10-03T20:07:02.636796+00:00
NYG,Raheem Layne,77289,S,27.0,PS,,247500.0,0.08,,247500.0,,2026-10-03T20:07:02.636796+00:00
NYG,Chandler Martin,98359,LB,24.0,PS,,247500.0,0.08,,247500.0,,2026-10-03T20:07:02.636796+00:00
NYG,Trace Ford,98461,ED,25.0,PS,,247500.0,0.08,,247500.0,,2026-10-03T20:07:02.636796+00:00
NYG,Geno VanDeMark,107874,C,24.0,PS,,247500.0,0.08,,247500.0,,2026-10-03T20:07:02.636796+00:00
NYG,Grant Finley,109878,RB,23.0,PS,,247500.0,0.08,,247500.0,,2026-10-03T20:07:02.636796+00:00
NYG,Phil Mafah,98040,RB,24.0,PS,,233750.0,0.08,,233750.0,,2026-10-03T20:07:02.636796+00:00
NYG,Jaden Robinson,98248,CB,26.0,PS,,233750.0,0.08,,233750.0,,2026-10-03T20:07:02.636796+00:00
NYG,Dalen Cambre,98458,WR,25.0,PS,,233750.0,0.08,,233750.0,,2026-10-03T20:07:02.636796+00:00
NYG,C.J. Ravenell,91273,DL,26.0,PS,,220000.0,0.07,,220000.0,,2026-10-03T20:07:02.636796+00:00
NYG,Ryan Schernecke,107528,T,23.0,PS,,220000.0,0.07,,220000.0,,2026-10-03T20:07:02.636796+00:00
NYG,Jake Haener,82431,QB,27.0,PS,,192500.0,0.06,,192500.0,,2026-10-03T20:07:02.636796+00:00
NYG,P.J. Mustipher,82975,DL,27.0,PS,,192500.0,0.06,,192500.0,,2026-10-03T20:07:02.636796+00:00
NYG,Jarrod Gray,108370,T,,PS,,,,,,,2026-10-03T20:07:02.636796+00:00
NYJ,Brandon Stephens,72485,CB,29.0,Active,,13978840.0,4.64,19498840.0,12008840.0,2028.0,2026-10-03T20:07:02.636796+00:00
NYJ,Jamien Sherwood,72530,LB,26.0,Active,,11509180.0,3.82,25009180.0,15009180.0,2028.0,2026-10-03T20:07:02.636796+00:00
NYJ,Breece Hall,76912,RB,25.0,Active,,11486800.0,3.81,29006800.0,15506800.0,2029.0,2026-10-03T20:07:02.636796+00:00
NYJ,Garrett Wilson,76858,WR,26.0,Active,,10074819.0,3.34,59074819.0,23324819.0,2031.0,2026-10-03T20:07:02.636796+00:00
NYJ,David Bailey,105706,ED,23.0,Active,,9945692.0,3.3,54679559.0,37113269.0,2031.0,2026-10-03T20:07:02.636796+00:00
NYJ,Harrison Phillips,25195,DL,30.0,Active,,7500000.0,2.49,6990000.0,7500000.0,2027.0,2026-10-03T20:07:02.636796+00:00
NYJ,Minkah Fitzpatrick,25106,S,30.0,Active,,7422645.0,2.46,20510880.0,13510880.0,2030.0,2026-10-03T20:07:02.636796+00:00
NYJ,Armand Membou,97803,RT,22.0,Active,,7263858.0,2.41,26121602.0,2301476.0,2030.0,2026-10-03T20:07:02.636796+00:00
NYJ,Olu Fashanu,90340,LT,24.0,Active,,5604710.0,1.86,13715455.0,2670490.0,2029.0,2026-10-03T20:07:02.636796+00:00
NYJ,Joseph Ossai,72450,ED,26.0,Active,,5462840.0,1.81,22497840.0,12507840.0,2029.0,2026-10-03T20:07:02.636796+00:00
NYJ,Will McDonald,82292,ED,27.0,Active,,5200739.0,1.73,19675739.0,2983162.0,2028.0,2026-10-03T20:07:02.636796+00:00
NYJ,Demario Davis,9887,LB,37.0,Active,,5010880.0,1.66,15010880.0,11010880.0,2028.0,2026-10-03T20:07:02.636796+00:00
NYJ,Kingsley Enagbare,77056,ED,26.0,Active,,5009520.0,1.66,8499520.0,9009520.0,2027.0,2026-10-03T20:07:02.636796+00:00
NYJ,Josh Myers,72442,C,28.0,Active,,4300000.0,1.43,4390000.0,3700000.0,2028.0,2026-10-03T20:07:02.636796+00:00
NYJ,Kenyon Sadiq,105724,TE,21.0,Active,,4067434.0,1.35,22349137.0,13600237.0,2031.0,2026-10-03T20:07:02.636796+00:00
NYJ,Dane Belton,76991,S,26.0,Active,,4010880.0,1.33,3500880.0,4010880.0,2027.0,2026-10-03T20:07:02.636796+00:00
NYJ,Dylan Parham,76966,G,27.0,Active,,3950880.0,1.31,7500880.0,8010880.0,2028.0,2026-10-03T20:07:02.636796+00:00
NYJ,Joe Tippmann,82335,G,25.0,Active,,3803107.0,1.26,22203107.0,9433180.0,2031.0,2026-10-03T20:07:02.636796+00:00
NYJ,Jeremy Ruckert,76977,TE,26.0,Active,,3510880.0,1.17,3750880.0,2260880.0,2028.0,2026-10-03T20:07:02.636796+00:00
NYJ,Nahshon Wright,72480,CB,28.0,Active,,3510540.0,1.17,3510540.0,3510540.0,2027.0,2026-10-03T20:07:02.636796+00:00
NYJ,Geno Smith,12320,QB,36.0,Active,,3309520.0,1.1,3309520.0,3309520.0,2027.0,2026-10-03T20:07:02.636796+00:00
NYJ,Mason Taylor,97841,TE,22.0,Active,,2389559.0,0.79,7707937.0,1326616.0,2029.0,2026-10-03T20:07:02.636796+00:00
NYJ,Jordan Meredith,72819,C,28.0,Active,,2369704.0,0.79,1987351.0,2010880.0,2027.0,2026-10-03T20:07:02.636796+00:00
NYJ,Andre Cisco,72445,S,26.0,Active,,2240880.0,0.74,2000880.0,2510880.0,2027.0,2026-10-03T20:07:02.636796+00:00
NYJ,Max Mitchell,76988,LT,27.0,Active,,2010880.0,0.67,2010880.0,2010880.0,2027.0,2026-10-03T20:07:02.636796+00:00
NYJ,Kene Nwangwu,72503,RB,28.0,Active,,1937351.0,0.64,1760880.0,2010880.0,2027.0,2026-10-03T20:07:02.636796+00:00
NYJ,D'Angelo Ponds,106315,CB,21.0,Active,,1793542.0,0.6,8951370.0,4504132.0,2030.0,2026-10-03T20:07:02.636796+00:00
NYJ,T'Vondre Sweat,90370,DL,25.0,Active,,1672584.0,0.56,2144545.0,1672584.0,2028.0,2026-10-03T20:07:02.636796+00:00
NYJ,Azareye'h Thomas,97872,CB,22.0,Active,,1509436.0,0.5,1087415.0,1150591.0,2029.0,2026-10-03T20:07:02.636796+00:00
NYJ,Thomas Hennessy,22216,LS,32.0,Active,,1485540.0,0.49,1660540.0,1310540.0,2028.0,2026-10-03T20:07:02.636796+00:00
NYJ,Adonai Mitchell,90384,WR,24.0,Active,,1477342.0,0.49,710880.0,1477342.0,2028.0,2026-10-03T20:07:02.636796+00:00
NYJ,Trevin Wallace,90404,LB,23.0,Active,,1346324.0,0.45,84520.0,1346324.0,2028.0,2026-10-03T20:07:02.636796+00:00
NYJ,Chukwuma Okorafor,25191,RT,29.0,Active,,1273380.0,0.42,1498380.0,1498380.0,2027.0,2026-10-03T20:07:02.636796+00:00
NYJ,Andrew Beck,29677,FB,30.0,Active,,1273380.0,0.42,1498380.0,1498380.0,2027.0,2026-10-03T20:07:02.636796+00:00
NYJ,Malachi Moore,97931,S,25.0,Active,,1240415.0,0.41,684485.0,1015880.0,2029.0,2026-10-03T20:07:02.636796+00:00
NYJ,Braelon Allen,90467,RB,22.0,Active,,1218057.0,0.4,275234.0,1085880.0,2028.0,2026-10-03T20:07:02.636796+00:00
NYJ,Darrell Jackson Jr.,107375,DL,23.0,Active,,1207917.0,0.4,1276632.0,2161632.0,2030.0,2026-10-03T20:07:02.636796+00:00
NYJ,Cade Klubnik,106213,QB,23.0,Active,,1194502.0,0.4,1223509.0,2108509.0,2030.0,2026-10-03T20:07:02.636796+00:00
NYJ,Isaiah Davis,90507,RB,24.0,Active,,1149449.0,0.38,138018.0,1085880.0,2028.0,2026-10-03T20:07:02.636796+00:00
NYJ,Qwan'tez Stiggers,90510,CB,24.0,Active,,1149109.0,0.38,137678.0,1085540.0,2028.0,2026-10-03T20:07:02.636796+00:00
NYJ,Francisco Mauigoa,97963,LB,23.0,Active,,1114172.0,0.37,306436.0,1015540.0,2029.0,2026-10-03T20:07:02.636796+00:00
NYJ,Jelani Woods,76949,TE,28.0,Active,,1108049.0,0.37,1084520.0,1184520.0,2027.0,2026-10-03T20:07:02.636796+00:00
NYJ,Braiden McGregor,91002,ED,25.0,Active,,1092547.0,0.36,17547.0,1085880.0,2027.0,2026-10-03T20:07:02.636796+00:00
NYJ,Jarvis Brownlee Jr.,90479,CB,25.0,Active,,1085880.0,0.36,10880.0,1085880.0,2028.0,2026-10-03T20:07:02.636796+00:00
NYJ,Jowon Briggs,90577,DL,25.0,Active,,1085880.0,0.36,10880.0,1085880.0,2027.0,2026-10-03T20:07:02.636796+00:00
NYJ,Isaiah Williams,91513,WR,25.0,Active,,1085880.0,0.36,10880.0,1085880.0,2027.0,2026-10-03T20:07:02.636796+00:00
NYJ,Austin McNamara,91454,P,25.0,Active,,1015880.0,0.34,10880.0,1015880.0,2027.0,2026-10-03T20:07:02.636796+00:00
NYJ,Troy Reeder,29561,LB,32.0,Active,,955556.0,0.32,,1155552.0,2027.0,2026-10-03T20:07:02.636796+00:00
NYJ,Jack Heflin,72669,DL,28.0,Active,,837500.0,0.28,,837500.0,2027.0,2026-10-03T20:07:02.636796+00:00
NYJ,Jason Sanders,25330,K,31.0,Active,,836108.0,0.28,,1011108.0,2027.0,2026-10-03T20:07:02.636796+00:00
NYJ,Jamaal Pritchett,98259,WR,23.0,Active,,737505.0,0.24,,737505.0,2027.0,2026-10-03T20:07:02.636796+00:00
NYJ,Malik McClain,107575,WR,24.0,Active,,737500.0,0.24,,737500.0,2027.0,2026-10-03T20:07:02.636796+00:00
NYJ,Kohl Levao,93542,G,28.0,Active,,688338.0,0.23,,688338.0,2027.0,2026-10-03T20:07:02.636796+00:00
NYJ,David Onyemata,19074,DL,34.0,IR,IR: ABDOMINAL,4507820.0,1.5,9657820.0,10507820.0,2027.0,2026-10-03T20:07:02.636796+00:00
NYJ,Omar Cooper Jr.,106229,WR,23.0,IR,IR: ANKLE,3181959.0,1.06,17479029.0,10058337.0,2031.0,2026-10-03T20:07:02.636796+00:00
NYJ,Tim Patrick,22099,WR,33.0,IR,IR: GROIN,1990734.0,0.66,1755440.0,2005440.0,2027.0,2026-10-03T20:07:02.636796+00:00
NYJ,Marcelino McCrary-Ball,77309,LB,27.0,IR,IR: ANKLE,1155540.0,0.38,10540.0,1155540.0,2027.0,2026-10-03T20:07:02.636796+00:00
NYJ,Arian Smith,97911,WR,25.0,IR,IR: KNEE (ACL),888792.0,0.3,792119.0,628379.0,2029.0,2026-10-03T20:07:02.636796+00:00
NYJ,Anez Cooper,107427,G,22.0,IR,SHORT-TERM IR: SHOULDER,882749.0,0.29,304852.0,1107629.0,2030.0,2026-10-03T20:07:02.636796+00:00
NYJ,V.J. Payne,107456,S,22.0,IR,SHORT-TERM IR: UNDISCLOSED,847333.0,0.28,163188.0,965965.0,2030.0,2026-10-03T20:07:02.636796+00:00
NYJ,Tre Brown,72521,CB,29.0,IR,IR: FINGER,623840.0,0.21,8840.0,623840.0,2027.0,2026-10-03T20:07:02.636796+00:00
NYJ,Chip Trayanum,108022,RB,24.0,IR,IR: NECK,526678.0,0.17,200011.0,540012.0,2029.0,2026-10-03T20:07:02.636796+00:00
NYJ,Tyler Baron,97977,ED,25.0,PUP,/PUP: KNEE,630594.0,0.21,250702.0,550540.0,2029.0,2026-10-03T20:07:02.636796+00:00
NYJ,Samuel Womack,77049,CB,27.0,PS,,411300.0,0.14,,411300.0,,2026-10-03T20:07:02.636796+00:00
NYJ,Sterling Shepard,18989,WR,33.0,PS,,388450.0,0.13,,388450.0,,2026-10-03T20:07:02.636796+00:00
NYJ,Tyler Johnson,47757,WR,28.0,PS,,311950.0,0.1,,311950.0,,2026-10-03T20:07:02.636796+00:00
NYJ,Will Levis,82325,QB,27.0,PS,,293600.0,0.1,,293600.0,,2026-10-03T20:07:02.636796+00:00
NYJ,Isaiahh Loudermilk,72540,ED,29.0,PS,,275250.0,0.09,,275250.0,,2026-10-03T20:07:02.636796+00:00
NYJ,Jimmy Morrissey,72614,C,28.0,PS,,256900.0,0.09,,256900.0,,2026-10-03T20:07:02.636796+00:00
NYJ,Blake Grupe,82610,K,28.0,PS,,256900.0,0.09,,256900.0,,2026-10-03T20:07:02.636796+00:00
NYJ,Nate Lynn,91507,ED,24.0,PS,,247500.0,0.08,,247500.0,,2026-10-03T20:07:02.636796+00:00
NYJ,Brant Banks,98317,G,26.0,PS,,247500.0,0.08,,247500.0,,2026-10-03T20:07:02.636796+00:00
NYJ,Payton Page,98435,DL,24.0,PS,,247500.0,0.08,,247500.0,,2026-10-03T20:07:02.636796+00:00
NYJ,Mory Bamba,108017,CB,26.0,PS,,247500.0,0.08,,247500.0,,2026-10-03T20:07:02.636796+00:00
NYJ,Al-Jay Henderson,110048,RB,,PS,,247500.0,0.08,,247500.0,,2026-10-03T20:07:02.636796+00:00
NYJ,Jaden Keller,108043,LB,23.0,PS,,220000.0,0.07,,220000.0,,2026-10-03T20:07:02.636796+00:00
NYJ,Cody Hardy,107627,TE,23.0,PS,,206250.0,0.07,,206250.0,,2026-10-03T20:07:02.636796+00:00
NYJ,Jordan Clark,98159,CB,25.0,PS,,192500.0,0.06,,192500.0,,2026-10-03T20:07:02.636796+00:00
NYJ,Nick Dawkins,107750,C,24.0,PS,,192500.0,0.06,,192500.0,,2026-10-03T20:07:02.636796+00:00
NYJ,Paschal Ekeji Jr.,106644,ED,24.0,PS,,,,,,,2026-10-03T20:07:02.636796+00:00
PHI,Jalen Hurts,47648,QB,28.0,Active,,31981320.0,10.62,139216120.0,51509520.0,2029.0,2026-10-03T20:07:02.636796+00:00
PHI,Lane Johnson,12284,RT,36.0,Active,,20299000.0,6.74,63189000.0,23000000.0,2028.0,2026-10-03T20:07:02.636796+00:00
PHI,Jordan Mailata,25334,LT,29.0,Active,,15902295.0,5.28,46585761.0,13000000.0,2029.0,2026-10-03T20:07:02.636796+00:00
PHI,DeVonta Smith,72390,WR,28.0,Active,,10726510.0,3.56,54700732.0,14000000.0,2029.0,2026-10-03T20:07:02.636796+00:00
PHI,Dallas Goedert,25148,TE,31.0,Active,,10286520.0,3.42,28504280.0,7964520.0,2027.0,2026-10-03T20:07:02.636796+00:00
PHI,Saquon Barkley,25097,RB,29.0,Active,,9881100.0,3.28,38789100.0,16750100.0,2029.0,2026-10-03T20:07:02.636796+00:00
PHI,Jalen Carter,82286,DL,25.0,Active,,9212821.0,3.06,44068391.0,24398060.0,2032.0,2026-10-03T20:07:02.636796+00:00
PHI,Zack Baun,47668,LB,30.0,Active,,7638000.0,2.54,29914000.0,17000000.0,2028.0,2026-10-03T20:07:02.636796+00:00
PHI,Jonathan Greenard,47685,ED,29.0,Active,,6281740.0,2.09,50003740.0,25243740.0,2030.0,2026-10-03T20:07:02.636796+00:00
PHI,Cam Jurgens,76927,G,27.0,Active,,5521200.0,1.83,36346800.0,12750000.0,2030.0,2026-10-03T20:07:02.636796+00:00
PHI,Jordan Davis,76861,DL,26.0,Active,,5081180.0,1.69,38947180.0,20509180.0,2030.0,2026-10-03T20:07:02.636796+00:00
PHI,Jake Elliott,21895,K,31.0,Active,,4653000.0,1.54,11469000.0,5000000.0,2029.0,2026-10-03T20:07:02.636796+00:00
PHI,Quinyon Mitchell,90351,CB,25.0,Active,,4050479.0,1.34,8765328.0,2151280.0,2029.0,2026-10-03T20:07:02.636796+00:00
PHI,Tyler Steen,82357,G,26.0,Active,,3978715.0,1.32,354715.0,3683180.0,2027.0,2026-10-03T20:07:02.636796+00:00
PHI,Makai Lemon,105711,WR,22.0,Active,,3787107.0,1.26,20813787.0,12483225.0,2031.0,2026-10-03T20:07:02.636796+00:00
PHI,Moro Ojomo,82553,DL,25.0,Active,,3702966.0,1.23,28966.0,3683520.0,2027.0,2026-10-03T20:07:02.636796+00:00
PHI,Tariq Woolen,77030,CB,27.0,Active,,3417180.0,1.13,12009180.0,12009180.0,2027.0,2026-10-03T20:07:02.636796+00:00
PHI,Jihaad Campbell,97827,LB,22.0,Active,,3396356.0,1.13,12203013.0,1526615.0,2030.0,2026-10-03T20:07:02.636796+00:00
PHI,Nolan Smith,82308,ED,25.0,Active,,2833024.0,0.94,5085288.0,2394850.0,2028.0,2026-10-03T20:07:02.636796+00:00
PHI,Cooper DeJean,90372,CB,23.0,Active,,2541417.0,0.84,3681662.0,1648486.0,2028.0,2026-10-03T20:07:02.636796+00:00
PHI,Dontayvion Wicks,82463,WR,25.0,Active,,2324160.0,0.77,9008160.0,7008160.0,2028.0,2026-10-03T20:07:02.636796+00:00
PHI,Marquise Brown,29060,WR,29.0,Active,,2048840.0,0.68,5008840.0,5008840.0,2027.0,2026-10-03T20:07:02.636796+00:00
PHI,Arnold Ebiketie,76914,ED,27.0,Active,,1909180.0,0.63,4309180.0,4309180.0,2027.0,2026-10-03T20:07:02.636796+00:00
PHI,Braden Mann,47787,P,29.0,Active,,1677440.0,0.56,7005440.0,3505440.0,2030.0,2026-10-03T20:07:02.636796+00:00
PHI,Andrew Mukuba,97863,S,24.0,Active,,1636576.0,0.54,2903410.0,1174659.0,2029.0,2026-10-03T20:07:02.636796+00:00
PHI,Kenny Moore,22037,CB,31.0,Active,,1583333.0,0.53,,1011108.0,2027.0,2026-10-03T20:07:02.636796+00:00
PHI,Jalyx Hunt,90426,ED,25.0,Active,,1545802.0,0.51,517896.0,1316614.0,2028.0,2026-10-03T20:07:02.636796+00:00
PHI,Byron Young,82362,DL,26.0,Active,,1532186.0,0.51,9180.0,1532186.0,2027.0,2026-10-03T20:07:02.636796+00:00
PHI,Andy Dalton,7750,QB,39.0,Active,,1508160.0,0.5,1508160.0,1508160.0,2027.0,2026-10-03T20:07:02.636796+00:00
PHI,Tank Bigsby,82380,RB,25.0,Active,,1494919.0,0.5,59520.0,1494919.0,2027.0,2026-10-03T20:07:02.636796+00:00
PHI,Fred Johnson,29327,T,29.0,Active,,1460000.0,0.48,2100000.0,2100000.0,2027.0,2026-10-03T20:07:02.636796+00:00
PHI,Marcus Epps,29239,S,30.0,Active,,1456800.0,0.48,1556800.0,1556800.0,2027.0,2026-10-03T20:07:02.636796+00:00
PHI,Jonathan Jones,19507,CB,33.0,Active,,1448840.0,0.48,2008840.0,2008840.0,2027.0,2026-10-03T20:07:02.636796+00:00
PHI,Michael Carter II,72537,CB,27.0,Active,,1429520.0,0.47,2774520.0,2774520.0,2027.0,2026-10-03T20:07:02.636796+00:00
PHI,Kelee Ringo,82409,CB,24.0,Active,,1359751.0,0.45,214751.0,1154520.0,2027.0,2026-10-03T20:07:02.636796+00:00
PHI,Johnny Mundt,22268,TE,32.0,Active,,1349520.0,0.45,1509520.0,1509520.0,2027.0,2026-10-03T20:07:02.636796+00:00
PHI,Markel Bell,107356,T,22.0,Active,,1341762.0,0.45,1816845.0,2701845.0,2030.0,2026-10-03T20:07:02.636796+00:00
PHI,Ty Robinson,97912,DL,25.0,Active,,1273437.0,0.42,786271.0,1014520.0,2029.0,2026-10-03T20:07:02.636796+00:00
PHI,Will Shipley,90460,RB,24.0,Active,,1263761.0,0.42,368002.0,1084520.0,2028.0,2026-10-03T20:07:02.636796+00:00
PHI,A.J. Epenesa,47649,ED,28.0,Active,,1262500.0,0.42,1402500.0,1402500.0,2027.0,2026-10-03T20:07:02.636796+00:00
PHI,Tanner McKee,82492,QB,26.0,Active,,1201150.0,0.4,56150.0,1154520.0,2027.0,2026-10-03T20:07:02.636796+00:00
PHI,Elijah Moore,72414,WR,26.0,Active,,1175000.0,0.39,1315000.0,1315000.0,2027.0,2026-10-03T20:07:02.636796+00:00
PHI,Jeremiah Trotter Jr.,90488,LB,24.0,Active,,1166637.0,0.39,173754.0,1084520.0,2028.0,2026-10-03T20:07:02.636796+00:00
PHI,Britain Covey,77514,WR,29.0,Active,,1147500.0,0.38,,1147500.0,2027.0,2026-10-03T20:07:02.636796+00:00
PHI,Mac McWilliams,97946,CB,25.0,Active,,1125550.0,0.37,342610.0,1014520.0,2029.0,2026-10-03T20:07:02.636796+00:00
PHI,Smael Mondon Jr.,97962,LB,23.0,Active,,1113385.0,0.37,306115.0,1014520.0,2029.0,2026-10-03T20:07:02.636796+00:00
PHI,Drew Kendall,97969,C,25.0,Active,,1103289.0,0.37,275827.0,1014520.0,2029.0,2026-10-03T20:07:02.636796+00:00
PHI,E.J. Jenkins,82794,TE,28.0,Active,,1034686.0,0.34,49853.0,1054853.0,2028.0,2026-10-03T20:07:02.636796+00:00
PHI,Darius Cooper,98260,WR,25.0,Active,,1019520.0,0.34,19520.0,1014520.0,2028.0,2026-10-03T20:07:02.636796+00:00
PHI,Cole Payton,107418,QB,24.0,Active,,983270.0,0.33,382877.0,1267877.0,2030.0,2026-10-03T20:07:02.636796+00:00
PHI,Micah Morris,107441,G,23.0,Active,,952342.0,0.32,259165.0,1144165.0,2030.0,2026-10-03T20:07:02.636796+00:00
PHI,Rocco Underwood,107533,LS,24.0,Active,,895067.0,0.3,23400.0,908401.0,2029.0,2026-10-03T20:07:02.636796+00:00
PHI,Willie Lampkin,98287,C,24.0,Active,,894520.0,0.3,9520.0,894520.0,2028.0,2026-10-03T20:07:02.636796+00:00
PHI,Landon Dickerson,72417,G,28.0,IR,IR: KNEE,9455000.0,3.14,33013000.0,15500000.0,2029.0,2026-10-03T20:07:02.636796+00:00
PHI,Eli Stowers,106247,TE,23.0,IR,IR: QUAD,1620303.0,0.54,7281153.0,3816009.0,2030.0,2026-10-03T20:07:02.636796+00:00
PHI,Grant Calcaterra,77075,TE,28.0,IR,SHORT-TERM IR: BACK,1412020.0,0.47,2009520.0,2009520.0,2027.0,2026-10-03T20:07:02.636796+00:00
PHI,Jakorian Bennett,82408,CB,26.0,IR,SHORT-TERM IR: KNEE,1154520.0,0.38,9520.0,1154520.0,2027.0,2026-10-03T20:07:02.636796+00:00
PHI,Johnny Wilson,90519,WR,25.0,IR,IR: KNEE,1063772.0,0.35,108024.0,1014520.0,2028.0,2026-10-03T20:07:02.636796+00:00
PHI,Andre’ Sam,90987,S,27.0,IR,IR: FOOT,549520.0,0.18,9520.0,549520.0,2028.0,2026-10-03T20:07:02.636796+00:00
PHI,Chance Campbell,77096,LB,27.0,IR,IR: UNDISCLOSED,247500.0,0.08,,247500.0,,2026-10-03T20:07:02.636796+00:00
PHI,Zach Ertz,12316,TE,36.0,PS,,365600.0,0.12,,365600.0,,2026-10-03T20:07:02.636796+00:00
PHI,Dameon Pierce,76984,RB,26.0,PS,,330300.0,0.11,,330300.0,,2026-10-03T20:07:02.636796+00:00
PHI,Xavier Gipson,82788,WR,25.0,PS,,330300.0,0.11,,330300.0,,2026-10-03T20:07:02.636796+00:00
PHI,Josiah Deguara,47690,TE,29.0,PS,,311950.0,0.1,,311950.0,,2026-10-03T20:07:02.636796+00:00
PHI,Shaun Wade,72544,CB,28.0,PS,,275250.0,0.09,,275250.0,,2026-10-03T20:07:02.636796+00:00
PHI,John Ojukwu,82955,T,27.0,PS,,247500.0,0.08,,247500.0,,2026-10-03T20:07:02.636796+00:00
PHI,Kiran Amegadjie,90407,T,24.0,PS,,247500.0,0.08,,247500.0,,2026-10-03T20:07:02.636796+00:00
PHI,Carson Steele,91090,RB,24.0,PS,,247500.0,0.08,,247500.0,,2026-10-03T20:07:02.636796+00:00
PHI,Jaydon Blue,97950,RB,22.0,PS,,247500.0,0.08,,247500.0,,2026-10-03T20:07:02.636796+00:00
PHI,Jake Majors,98171,G,24.0,PS,,247500.0,0.08,,247500.0,,2026-10-03T20:07:02.636796+00:00
PHI,Cole Wisniewski,107470,S,24.0,PS,,247500.0,0.08,,247500.0,,2026-10-03T20:07:02.636796+00:00
PHI,Keyshawn James-Newby,107477,ED,24.0,PS,,247500.0,0.08,,247500.0,,2026-10-03T20:07:02.636796+00:00
PHI,Mason Reiger,107520,LB,24.0,PS,,247500.0,0.08,,247500.0,,2026-10-03T20:07:02.636796+00:00
PHI,Joshua Weru,107731,DL,23.0,PS,,247500.0,0.08,,247500.0,,2026-10-03T20:07:02.636796+00:00
PHI,Anfernee Orji,82613,ED,26.0,PS,,192500.0,0.06,,192500.0,,2026-10-03T20:07:02.636796+00:00
PHI,Gabe Hall,90985,DL,25.0,PS,,192500.0,0.06,,192500.0,,2026-10-03T20:07:02.636796+00:00
PHI,Uar Bernard,107476,DL,,PS,,,,,,,2026-10-03T20:07:02.636796+00:00
PIT,T.J. Watt,21771,ED,32.0,Active,,42002380.0,13.95,94002380.0,32002380.0,2029.0,2026-10-03T20:07:02.636796+00:00
PIT,Aaron Rodgers,3745,QB,43.0,Active,,22502720.0,7.47,22502720.0,22502720.0,2027.0,2026-10-03T20:07:02.636796+00:00
PIT,Alex Highsmith,47697,ED,29.0,Active,,20111180.0,6.68,25713180.0,14509180.0,2028.0,2026-10-03T20:07:02.636796+00:00
PIT,Jalen Ramsey,18953,CB,32.0,Active,,17229000.0,5.72,34096000.0,19500000.0,2029.0,2026-10-03T20:07:02.636796+00:00
PIT,Patrick Queen,47623,LB,27.0,Active,,17194694.0,5.71,17194694.0,13331360.0,2027.0,2026-10-03T20:07:02.636796+00:00
PIT,Cameron Heyward,7746,DL,37.0,Active,,13677380.0,4.54,21152380.0,16252380.0,2028.0,2026-10-03T20:07:02.636796+00:00
PIT,D.K. Metcalf,29100,WR,29.0,Active,,13228740.0,4.39,49003740.0,25003740.0,2030.0,2026-10-03T20:07:02.636796+00:00
PIT,Michael Pittman Jr.,47629,WR,29.0,Active,,8875847.0,2.95,24009181.0,24009180.0,2030.0,2026-10-03T20:07:02.636796+00:00
PIT,Jaylen Warren,77300,RB,28.0,Active,,7035373.0,2.34,9018707.0,5052040.0,2028.0,2026-10-03T20:07:02.636796+00:00
PIT,Pat Freiermuth,72435,TE,28.0,Active,,6949793.0,2.31,15400000.0,9106460.0,2029.0,2026-10-03T20:07:02.636796+00:00
PIT,Jaquan Brisker,76924,S,27.0,Active,,5508160.0,1.83,5508160.0,5508160.0,2027.0,2026-10-03T20:07:02.636796+00:00
PIT,Jamel Dean,29130,CB,30.0,Active,,5504420.0,1.83,13504420.0,13504420.0,2029.0,2026-10-03T20:07:02.636796+00:00
PIT,Nick Herbig,82436,ED,25.0,Active,,5428450.0,1.8,21169250.0,21001020.0,2031.0,2026-10-03T20:07:02.636796+00:00
PIT,Chris Boswell,14890,K,35.0,Active,,4901020.0,1.63,12101020.0,10501020.0,2031.0,2026-10-03T20:07:02.636796+00:00
PIT,Mason Rudolph,25175,QB,31.0,Active,,4632020.0,1.54,4632020.0,3009520.0,2027.0,2026-10-03T20:07:02.636796+00:00
PIT,Keeanu Benton,82341,DL,25.0,Active,,4301675.0,1.43,14585675.0,14002380.0,2031.0,2026-10-03T20:07:02.636796+00:00
PIT,Troy Fautanu,90349,LT,26.0,Active,,4115510.0,1.37,8905832.0,2173184.0,2029.0,2026-10-03T20:07:02.636796+00:00
PIT,Derrick Harmon,97817,DL,23.0,Active,,4090690.0,1.36,14711456.0,1662762.0,2030.0,2026-10-03T20:07:02.636796+00:00
PIT,Asante Samuel Jr.,72427,CB,27.0,Active,,4009180.0,1.33,4009180.0,4009180.0,2027.0,2026-10-03T20:07:02.636796+00:00
PIT,Brandin Echols,72584,CB,29.0,Active,,3924180.0,1.3,3924180.0,3009180.0,2027.0,2026-10-03T20:07:02.636796+00:00
PIT,Max Iheanachor,106271,RT,23.0,Active,,3766011.0,1.25,20696145.0,12397767.0,2031.0,2026-10-03T20:07:02.636796+00:00
PIT,Rico Dowdle,48282,RB,28.0,Active,,3757480.0,1.25,6257480.0,6257480.0,2028.0,2026-10-03T20:07:02.636796+00:00
PIT,Sebastian Joseph,25296,DL,31.0,Active,,3656800.0,1.21,6006800.0,6006800.0,2028.0,2026-10-03T20:07:02.636796+00:00
PIT,Darnell Washington,82385,TE,25.0,Active,,3482278.0,1.16,11482278.0,11258840.0,2031.0,2026-10-03T20:07:02.636796+00:00
PIT,Ben Skowronek,72633,WR,29.0,Active,,2799180.0,0.93,2799180.0,2259180.0,2027.0,2026-10-03T20:07:02.636796+00:00
PIT,Brock Hoffman,77387,G,27.0,Active,,2509520.0,0.83,759520.0,2509520.0,2027.0,2026-10-03T20:07:02.636796+00:00
PIT,Zach Frazier,90383,C,25.0,Active,,2068393.0,0.69,1963883.0,1491718.0,2028.0,2026-10-03T20:07:02.636796+00:00
PIT,Cole Holcomb,29221,LB,30.0,Active,,1996680.0,0.66,2309180.0,2309180.0,2028.0,2026-10-03T20:07:02.636796+00:00
PIT,Germie Bernard,105740,WR,23.0,Active,,1920830.0,0.64,10548458.0,5017580.0,2030.0,2026-10-03T20:07:02.636796+00:00
PIT,Roman Wilson,90416,WR,25.0,Active,,1577064.0,0.52,509352.0,1327488.0,2028.0,2026-10-03T20:07:02.636796+00:00
PIT,Payton Wilson,90430,LB,26.0,Active,,1534427.0,0.51,453182.0,1311916.0,2028.0,2026-10-03T20:07:02.636796+00:00
PIT,Ryan McCollum,72670,C,28.0,Active,,1341340.0,0.45,83840.0,1341340.0,2027.0,2026-10-03T20:07:02.636796+00:00
PIT,Christian Kuntz,24419,LS,32.0,Active,,1334214.0,0.44,1334214.0,1225880.0,2027.0,2026-10-03T20:07:02.636796+00:00
PIT,Drew Allar,107357,QB,22.0,Active,,1295109.0,0.43,1629696.0,2514696.0,2030.0,2026-10-03T20:07:02.636796+00:00
PIT,Mason McCormick,90451,G,26.0,Active,,1275404.0,0.42,391628.0,1084180.0,2028.0,2026-10-03T20:07:02.636796+00:00
PIT,Daylen Everette,106308,CB,22.0,Active,,1258394.0,0.42,1482299.0,2367299.0,2030.0,2026-10-03T20:07:02.636796+00:00
PIT,Jack Sawyer,97924,ED,24.0,Active,,1253613.0,0.42,724079.0,1015880.0,2029.0,2026-10-03T20:07:02.636796+00:00
PIT,Spencer Anderson,82555,G,26.0,Active,,1173964.0,0.39,28964.0,1154520.0,2027.0,2026-10-03T20:07:02.636796+00:00
PIT,Kaden Wetjen,107381,WR,24.0,Active,,1170488.0,0.39,1130675.0,2015675.0,2030.0,2026-10-03T20:07:02.636796+00:00
PIT,Yahya Black,97965,DL,24.0,Active,,1106419.0,0.37,291337.0,1011460.0,2029.0,2026-10-03T20:07:02.636796+00:00
PIT,Cameron Johnston,22053,P,34.0,Active,,1085540.0,0.36,1310540.0,1310540.0,2027.0,2026-10-03T20:07:02.636796+00:00
PIT,Dylan Cook,77760,TE,28.0,Active,,1084520.0,0.36,9520.0,1084520.0,2027.0,2026-10-03T20:07:02.636796+00:00
PIT,Will Howard,97986,QB,25.0,Active,,1077905.0,0.36,196955.0,1015880.0,2029.0,2026-10-03T20:07:02.636796+00:00
PIT,Robert Tonyan Jr.,22072,TE,32.0,Active,,1076360.0,0.36,1301360.0,1301360.0,2027.0,2026-10-03T20:07:02.636796+00:00
PIT,Rayshawn Jenkins,21855,S,32.0,Active,,1075000.0,0.36,1300000.0,1300000.0,2027.0,2026-10-03T20:07:02.636796+00:00
PIT,Carson Bruener,98027,LB,25.0,Active,,1049435.0,0.35,112905.0,1015200.0,2029.0,2026-10-03T20:07:02.636796+00:00
PIT,Riley Nowakowski,107411,TE,24.0,Active,,999574.0,0.33,447019.0,1332019.0,2030.0,2026-10-03T20:07:02.636796+00:00
PIT,Gabriel Rubio,107443,DL,23.0,Active,,950481.0,0.32,250647.0,1135647.0,2030.0,2026-10-03T20:07:02.636796+00:00
PIT,Robert Spears-Jennings,106316,S,22.0,Active,,929741.0,0.31,167687.0,1052687.0,2030.0,2026-10-03T20:07:02.636796+00:00
PIT,Eli Heidenreich,107458,RB,23.0,Active,,927756.0,0.31,159747.0,1044747.0,2030.0,2026-10-03T20:07:02.636796+00:00
PIT,Kevin Jobity,107535,DL,23.0,Active,,898759.0,0.3,33759.0,918759.0,2029.0,2026-10-03T20:07:02.636796+00:00
PIT,Travis Homer,29252,RB,28.0,Active,,895830.0,0.3,,1083330.0,2027.0,2026-10-03T20:07:02.636796+00:00
PIT,Doneiko Slaughter,98113,S,25.0,Active,,688338.0,0.23,,688338.0,2027.0,2026-10-03T20:07:02.636796+00:00
PIT,Deshon Elliott,25291,S,29.0,IR,SHORT-TERM IR: KNEE,6087820.0,2.02,8087820.0,4087820.0,2028.0,2026-10-03T20:07:02.636796+00:00
PIT,Jack Driscoll,47740,G,29.0,IR,SHORT-TERM IR: UNDISCLOSED,1272020.0,0.42,1412020.0,1412020.0,2027.0,2026-10-03T20:07:02.636796+00:00
PIT,Logan Lee,90512,ED,26.0,IR,IR: UNDISCLOSED,1140898.0,0.38,120916.0,1085880.0,2028.0,2026-10-03T20:07:02.636796+00:00
PIT,Gennings Dunker,105744,T,23.0,IR,IR: KNEE,991731.0,0.33,1355643.0,2005644.0,2030.0,2026-10-03T20:07:02.636796+00:00
PIT,Max Hurleman,98585,S,25.0,IR,IR: UNDISCLOSED,247500.0,0.08,,247500.0,,2026-10-03T20:07:02.636796+00:00
PIT,Donte Kent,98030,CB,25.0,PUP,/PUP: KNEE (ACL),847021.0,0.28,110972.0,813657.0,2029.0,2026-10-03T20:07:02.636796+00:00
PIT,Esezi Otomewo,77042,DL,28.0,PS,,411300.0,0.14,,411300.0,,2026-10-03T20:07:02.636796+00:00
PIT,Isaiah Hodgins,47805,WR,28.0,PS,,293600.0,0.1,,293600.0,,2026-10-03T20:07:02.636796+00:00
PIT,Brandon Smith,72747,WR,28.0,PS,,247500.0,0.08,,247500.0,,2026-10-03T20:07:02.636796+00:00
PIT,Brandon Johnson,77401,WR,28.0,PS,,247500.0,0.08,,247500.0,,2026-10-03T20:07:02.636796+00:00
PIT,Lew Nichols III,82539,RB,25.0,PS,,247500.0,0.08,,247500.0,,2026-10-03T20:07:02.636796+00:00
PIT,Doug Nester,90620,T,26.0,PS,,247500.0,0.08,,247500.0,,2026-10-03T20:07:02.636796+00:00
PIT,Steven Jones,90758,G,26.0,PS,,247500.0,0.08,,247500.0,,2026-10-03T20:07:02.636796+00:00
PIT,Kyler Baugh,91547,DL,25.0,PS,,247500.0,0.08,,247500.0,,2026-10-03T20:07:02.636796+00:00
PIT,Jacoby Windmon,91575,LB,25.0,PS,,247500.0,0.08,,247500.0,,2026-10-03T20:07:02.636796+00:00
PIT,Bradyn Swinson,97947,ED,24.0,PS,,247500.0,0.08,,247500.0,,2026-10-03T20:07:02.636796+00:00
PIT,Sebastian Castro,98163,S,26.0,PS,,247500.0,0.08,,247500.0,,2026-10-03T20:07:02.636796+00:00
PIT,Car'lin Vigers,98185,CB,26.0,PS,,247500.0,0.08,,247500.0,,2026-10-03T20:07:02.636796+00:00
PIT,Lake McRee,107536,TE,24.0,PS,,247500.0,0.08,,247500.0,,2026-10-03T20:07:02.636796+00:00
PIT,Darius Rush,82442,CB,26.0,PS,,220000.0,0.07,,220000.0,,2026-10-03T20:07:02.636796+00:00
PIT,Julius Welschof,90731,ED,29.0,PS,,,,,,,2026-10-03T20:07:02.636796+00:00
SF,Brock Purdy,77139,QB,27.0,Active,,23709530.0,7.87,103500120.0,46996000.0,2031.0,2026-10-03T20:07:02.636796+00:00
SF,Nick Bosa,29037,ED,29.0,Active,,23000169.0,7.64,72892370.0,23189180.0,2029.0,2026-10-03T20:07:02.636796+00:00
SF,Trent Williams,6513,LT,38.0,Active,,22514202.0,7.47,73652147.0,24501360.0,2028.0,2026-10-03T20:07:02.636796+00:00
SF,Fred Warner,25169,LB,30.0,Active,,17865471.0,5.93,67069000.0,23250000.0,2030.0,2026-10-03T20:07:02.636796+00:00
SF,George Kittle,21888,TE,33.0,Active,,14147529.0,4.7,41201000.0,12900000.0,2030.0,2026-10-03T20:07:02.636796+00:00
SF,Christian McCaffrey,21749,RB,30.0,Active,,10861912.0,3.61,33099856.0,12505440.0,2028.0,2026-10-03T20:07:02.636796+00:00
SF,Deommodore Lenoir,72556,CB,27.0,Active,,8870000.0,2.94,25470000.0,16570000.0,2030.0,2026-10-03T20:07:02.636796+00:00
SF,Colton McKivitz,47749,RT,30.0,Active,,5823555.0,1.93,18272220.0,10080000.0,2029.0,2026-10-03T20:07:02.636796+00:00
SF,Osa Odighizuwa,72455,DL,28.0,Active,,5131180.0,1.7,16759180.0,16759180.0,2029.0,2026-10-03T20:07:02.636796+00:00
SF,Deebo Samuel,29071,WR,30.0,Active,,4880000.0,1.62,3760000.0,4100000.0,2027.0,2026-10-03T20:07:02.636796+00:00
SF,Mike Evans,14416,WR,33.0,Active,,4250000.0,1.41,14300000.0,14300000.0,2029.0,2026-10-03T20:07:02.636796+00:00
SF,Ji'Ayir Brown,82379,S,26.0,Active,,3914576.0,1.3,290576.0,3683520.0,2027.0,2026-10-03T20:07:02.636796+00:00
SF,Dre Greenlaw,29196,LB,29.0,Active,,3550000.0,1.18,6000000.0,6000000.0,2027.0,2026-10-03T20:07:02.636796+00:00
SF,Luke Farrell,72529,TE,28.0,Active,,3304000.0,1.1,8016000.0,4560000.0,2028.0,2026-10-03T20:07:02.636796+00:00
SF,Jake Brendel,19421,C,34.0,Active,,3140000.0,1.04,6758000.0,4320000.0,2027.0,2026-10-03T20:07:02.636796+00:00
SF,Mac Jones,72395,QB,28.0,Active,,3130000.0,1.04,5002000.0,3550000.0,2027.0,2026-10-03T20:07:02.636796+00:00
SF,Kyle Juszczyk,12411,FB,35.0,Active,,2896000.0,0.96,4834000.0,3650000.0,2027.0,2026-10-03T20:07:02.636796+00:00
SF,Vederian Lowe,77061,LT,27.0,Active,,2292000.0,0.76,5750000.0,4500000.0,2028.0,2026-10-03T20:07:02.636796+00:00
SF,Luke Gifford,29437,LB,31.0,Active,,1972000.0,0.65,2010000.0,2350000.0,2028.0,2026-10-03T20:07:02.636796+00:00
SF,Eddy Pineiro,25687,K,31.0,Active,,1951000.0,0.65,8000000.0,4000000.0,2030.0,2026-10-03T20:07:02.636796+00:00
SF,Keion White,82338,ED,27.0,Active,,1816375.0,0.6,4080.0,1816375.0,2027.0,2026-10-03T20:07:02.636796+00:00
SF,Renardo Green,90396,CB,26.0,Active,,1751873.0,0.58,782770.0,1385078.0,2028.0,2026-10-03T20:07:02.636796+00:00
SF,Siran Neal,25255,S,32.0,Active,,1750000.0,0.58,2180000.0,1550000.0,2027.0,2026-10-03T20:07:02.636796+00:00
SF,Dominick Puni,90418,G,26.0,Active,,1564215.0,0.52,542446.0,1322752.0,2028.0,2026-10-03T20:07:02.636796+00:00
SF,Ashtyn Davis,47663,S,30.0,Active,,1465000.0,0.49,1445000.0,1465000.0,2027.0,2026-10-03T20:07:02.636796+00:00
SF,Upton Stout,97899,CB,24.0,Active,,1409789.0,0.47,900165.0,1129574.0,2029.0,2026-10-03T20:07:02.636796+00:00
SF,Jarrett Patterson,82505,C,27.0,Active,,1395000.0,0.46,1145000.0,1395000.0,2027.0,2026-10-03T20:07:02.636796+00:00
SF,Romello Height,106304,ED,25.0,Active,,1329090.0,0.44,1765620.0,2650620.0,2030.0,2026-10-03T20:07:02.636796+00:00
SF,Malik Mustapha,90457,S,24.0,Active,,1269254.0,0.42,378988.0,1084520.0,2028.0,2026-10-03T20:07:02.636796+00:00
SF,Kaelon Black,107371,RB,25.0,Active,,1245803.0,0.41,1430861.0,2315861.0,2030.0,2026-10-03T20:07:02.636796+00:00
SF,Jacob Cowing,90468,WR,25.0,Active,,1216697.0,0.4,273874.0,1084520.0,2028.0,2026-10-03T20:07:02.636796+00:00
SF,Gracen Halton,107378,DL,22.0,Active,,1199502.0,0.4,1245120.0,2130120.0,2030.0,2026-10-03T20:07:02.636796+00:00
SF,Jordan Watkins,97939,WR,24.0,Active,,1180974.0,0.39,508882.0,1014520.0,2029.0,2026-10-03T20:07:02.636796+00:00
SF,Carver Willis,106258,G,24.0,Active,,1156794.0,0.38,1074288.0,1959288.0,2030.0,2026-10-03T20:07:02.636796+00:00
SF,Jordan James,97948,RB,22.0,Active,,1124443.0,0.37,339289.0,1014520.0,2029.0,2026-10-03T20:07:02.636796+00:00
SF,Marques Sigle,97961,S,24.0,Active,,1115114.0,0.37,311302.0,1014520.0,2029.0,2026-10-03T20:07:02.636796+00:00
SF,Tatum Bethune,90585,LB,25.0,Active,,1104972.0,0.37,50424.0,1084520.0,2028.0,2026-10-03T20:07:02.636796+00:00
SF,Ephesians Prysock,107390,CB,23.0,Active,,1086376.0,0.36,793153.0,1678153.0,2030.0,2026-10-03T20:07:02.636796+00:00
SF,Jack Jones,76998,CB,29.0,Active,,1084180.0,0.36,1224180.0,1224180.0,2027.0,2026-10-03T20:07:02.636796+00:00
SF,Garret Wallow,72554,LB,27.0,Active,,1081800.0,0.36,1246800.0,1246800.0,2027.0,2026-10-03T20:07:02.636796+00:00
SF,Brayden Willis,82551,TE,27.0,Active,,1081387.0,0.36,,1081387.0,2027.0,2026-10-03T20:07:02.636796+00:00
SF,Jon Weeks,8363,LS,40.0,Active,,1075000.0,0.36,1300000.0,1300000.0,2027.0,2026-10-03T20:07:02.636796+00:00
SF,Khalid Kareem,47742,ED,28.0,Active,,1075000.0,0.36,1215000.0,1215000.0,2027.0,2026-10-03T20:07:02.636796+00:00
SF,Corliss Waitman,48027,P,31.0,Active,,1075000.0,0.36,400000.0,1215000.0,2027.0,2026-10-03T20:07:02.636796+00:00
SF,Connor Colby,98050,G,23.0,Active,,1039936.0,0.35,85768.0,1014520.0,2029.0,2026-10-03T20:07:02.636796+00:00
SF,Jaden Dugger,107399,LB,22.0,Active,,1015133.0,0.34,507644.0,1392644.0,2030.0,2026-10-03T20:07:02.636796+00:00
SF,Enrique Cruz Jr.,107419,T,23.0,Active,,984165.0,0.33,383772.0,1268772.0,2030.0,2026-10-03T20:07:02.636796+00:00
SF,Kurtis Rourke,98028,QB,26.0,Active,,928079.0,0.31,110197.0,894520.0,2029.0,2026-10-03T20:07:02.636796+00:00
SF,James Thompson,107625,DL,24.0,Active,,899296.0,0.3,281796.0,919296.0,2029.0,2026-10-03T20:07:02.636796+00:00
SF,Naquan Jones,72660,DL,28.0,Active,,895830.0,0.3,,1012500.0,20207.0,2026-10-03T20:07:02.636796+00:00
SF,Viliami Fehoko Jr.,82433,ED,27.0,Active,,837495.0,0.28,,837495.0,2027.0,2026-10-03T20:07:02.636796+00:00
SF,Brandin Cooks,14429,WR,33.0,Active,,836108.0,0.28,,1011108.0,2027.0,2026-10-03T20:07:02.636796+00:00
SF,Ricky Pearsall,90362,WR,26.0,IR,IR: KNEE,3427723.0,1.14,7417213.0,1943014.0,2029.0,2026-10-03T20:07:02.636796+00:00
SF,Nate Hobbs,72551,CB,27.0,IR,IR: GROIN,3380000.0,1.12,3160000.0,3500000.0,2027.0,2026-10-03T20:07:02.636796+00:00
SF,Christian Kirk,25146,WR,30.0,IR,SHORT-TERM IR: CALF,2960000.0,0.98,2830000.0,3000000.0,2027.0,2026-10-03T20:07:02.636796+00:00
SF,Demarcus Robinson,19080,WR,32.0,IR,IR: ANKLE,2701867.0,0.9,5370468.0,4000000.0,2027.0,2026-10-03T20:07:02.636796+00:00
SF,Brett Toth,32823,G,30.0,IR,IR: CONCUSSION,2500000.0,0.83,2240000.0,2500000.0,2027.0,2026-10-03T20:07:02.636796+00:00
SF,De'Zhaun Stribling,107345,WR,24.0,IR,IR: ANKLE,2436251.0,0.81,13380857.0,7077653.0,2030.0,2026-10-03T20:07:02.636796+00:00
SF,Alfred Collins,97842,DL,25.0,IR,IR: KNEE,2351654.0,0.78,6466060.0,1317675.0,2029.0,2026-10-03T20:07:02.636796+00:00
SF,Sam Okuayinonu,77621,ED,28.0,IR,IR: FOOT,2280000.0,0.76,1825000.0,2300000.0,2027.0,2026-10-03T20:07:02.636796+00:00
SF,Jake Tonges,77557,TE,27.0,IR,IR: KNEE,2058000.0,0.68,5500000.0,4150000.0,2028.0,2026-10-03T20:07:02.636796+00:00
SF,Nick Martin,97874,LB,24.0,IR,IR: HAMSTRING,1500808.0,0.5,1118610.0,1147778.0,2029.0,2026-10-03T20:07:02.636796+00:00
SF,Austen Pleasants,48150,RT,29.0,IR,SHORT-TERM IR: KNEE,1084520.0,0.36,9520.0,1084520.0,2027.0,2026-10-03T20:07:02.636796+00:00
SF,CJ West,97914,DL,24.0,IR,IR: KNEE,879791.0,0.29,767836.0,627019.0,2029.0,2026-10-03T20:07:02.636796+00:00
SF,Darrick Forrest,72547,S,27.0,IR,IR: UNDISCLOSED,573840.0,0.19,8840.0,623840.0,2027.0,2026-10-03T20:07:02.636796+00:00
SF,Nick Zakelj,77064,G,27.0,IR,IR: UNDISCLOSED,565000.0,0.19,,615000.0,2027.0,2026-10-03T20:07:02.636796+00:00
SF,Andrew Farmer,82597,ED,26.0,IR,IR: BACK,549520.0,0.18,9520.0,549520.0,2027.0,2026-10-03T20:07:02.636796+00:00
SF,Mikail Kamara,107559,ED,25.0,IR,IR: KNEE (ACL),519296.0,0.17,54296.0,519296.0,2029.0,2026-10-03T20:07:02.636796+00:00
SF,Mykel Williams,97807,ED,22.0,PUP,/PUP: KNEE (ACL),5433758.0,1.8,19683601.0,1983309.0,2030.0,2026-10-03T20:07:02.636796+00:00
SF,Isaac Guerendo,90462,RB,26.0,PUP,/PUP: PECTORAL,1260652.0,0.42,361784.0,1084520.0,2028.0,2026-10-03T20:07:02.636796+00:00
SF,Brandon Aiyuk,47619,WR,28.0,NR,,7363790.0,2.44,26662370.0,1215000.0,2029.0,2026-10-03T20:07:02.636796+00:00
SF,Kevin Givens,29617,DL,29.0,PS,,330300.0,0.11,,330300.0,,2026-10-03T20:07:02.636796+00:00
SF,Foster Sarell,72757,T,28.0,PS,,330300.0,0.11,,330300.0,,2026-10-03T20:07:02.636796+00:00
SF,Matt Judon,19100,ED,34.0,PS,,319900.0,0.11,,319900.0,,2026-10-03T20:07:02.636796+00:00
SF,Dante Pettis,25143,WR,31.0,PS,,319900.0,0.11,,319900.0,,2026-10-03T20:07:02.636796+00:00
SF,Jack Stoll,72712,TE,28.0,PS,,311950.0,0.1,,311950.0,,2026-10-03T20:07:02.636796+00:00
SF,Malik Turner,27809,WR,30.0,PS,,256900.0,0.09,,256900.0,,2026-10-03T20:07:02.636796+00:00
SF,Sincere McCormick,77507,RB,26.0,PS,,247500.0,0.08,,247500.0,,2026-10-03T20:07:02.636796+00:00
SF,Jalen Graham,82559,LB,25.0,PS,,247500.0,0.08,,247500.0,,2026-10-03T20:07:02.636796+00:00
SF,Brandon Codrington,91274,CB,26.0,PS,,247500.0,0.08,,247500.0,,2026-10-03T20:07:02.636796+00:00
SF,Drake Nugent,91590,C,25.0,PS,,247500.0,0.08,,247500.0,,2026-10-03T20:07:02.636796+00:00
SF,Sebastian Valdez,98230,DL,24.0,PS,,247500.0,0.08,,247500.0,,2026-10-03T20:07:02.636796+00:00
SF,Jalen Stroman,107539,S,23.0,PS,,247500.0,0.08,,247500.0,,2026-10-03T20:07:02.636796+00:00
SF,Wesley Grimes,107618,WR,22.0,PS,,247500.0,0.08,,247500.0,,2026-10-03T20:07:02.636796+00:00
SF,Will Pauling,107619,WR,23.0,PS,,247500.0,0.08,,247500.0,,2026-10-03T20:07:02.636796+00:00
SF,Khalil Dinkins,107620,TE,24.0,PS,,247500.0,0.08,,247500.0,,2026-10-03T20:07:02.636796+00:00
SF,McKinnley Jackson,90429,DL,25.0,PS,,233750.0,0.08,,233750.0,,2026-10-03T20:07:02.636796+00:00
SF,Isaac Alarcon,48141,OL,28.0,PS,,,,,,,2026-10-03T20:07:02.636796+00:00
SEA,Sam Darnold,25098,QB,29.0,Active,,37900000.0,12.58,53100000.0,27500000.0,2028.0,2026-10-03T20:07:02.636796+00:00
SEA,Leonard Williams,16730,DL,32.0,Active,,22039650.0,7.32,59742150.0,26653400.0,2030.0,2026-10-03T20:07:02.636796+00:00
SEA,Uchenna Nwosu,25147,ED,30.0,Active,,20024454.0,6.65,19514454.0,11516120.0,2027.0,2026-10-03T20:07:02.636796+00:00
SEA,Cooper Kupp,21811,WR,33.0,Active,,17478160.0,5.8,20998160.0,13508160.0,2028.0,2026-10-03T20:07:02.636796+00:00
SEA,Devon Witherspoon,82282,CB,26.0,Active,,15343079.0,5.09,64304079.0,31100142.0,2032.0,2026-10-03T20:07:02.636796+00:00
SEA,Julian Love,29156,S,28.0,Active,,12883467.0,4.28,16800135.0,9006800.0,2028.0,2026-10-03T20:07:02.636796+00:00
SEA,DeMarcus Lawrence,14443,ED,34.0,Active,,11783333.0,3.91,12816667.0,9000000.0,2028.0,2026-10-03T20:07:02.636796+00:00
SEA,Ernest Jones,72484,LB,27.0,Active,,11487753.0,3.81,12571087.0,8754420.0,2028.0,2026-10-03T20:07:02.636796+00:00
SEA,Charles Cross,76857,LT,26.0,Active,,10880000.0,3.61,43060000.0,43060000.0,2031.0,2026-10-03T20:07:02.636796+00:00
SEA,Abraham Lucas,76948,RT,28.0,Active,,10424960.0,3.46,15009960.0,7622460.0,2029.0,2026-10-03T20:07:02.636796+00:00
SEA,Jaxon Smith-Njigba,82297,WR,24.0,Active,,10371329.0,3.44,71002325.0,36500000.0,2032.0,2026-10-03T20:07:02.636796+00:00
SEA,Jarran Reed,18998,DL,34.0,Active,,7385440.0,2.45,8495440.0,6005440.0,2028.0,2026-10-03T20:07:02.636796+00:00
SEA,Jason Myers,16467,K,35.0,Active,,7227720.0,2.4,7227720.0,5352720.0,2027.0,2026-10-03T20:07:02.636796+00:00
SEA,Rashid Shaheed,77155,WR,28.0,Active,,7006800.0,2.33,23006800.0,23006800.0,2029.0,2026-10-03T20:07:02.636796+00:00
SEA,Derick Hall,82329,ED,25.0,Active,,6254858.0,2.08,16184858.0,15277480.0,2030.0,2026-10-03T20:07:02.636796+00:00
SEA,Josh Jobe,77524,CB,28.0,Active,,4812173.0,1.6,9508840.0,9508840.0,2029.0,2026-10-03T20:07:02.636796+00:00
SEA,Byron Murphy,90345,DL,24.0,Active,,4391746.0,1.46,10691205.0,2262542.0,2029.0,2026-10-03T20:07:02.636796+00:00
SEA,Grey Zabel,97814,G,24.0,Active,,4207579.0,1.4,15122533.0,1689132.0,2030.0,2026-10-03T20:07:02.636796+00:00
SEA,Josh Jones,47667,T,29.0,Active,,3964180.0,1.32,3754180.0,4009180.0,2027.0,2026-10-03T20:07:02.636796+00:00
SEA,Michael Dickson,25250,P,30.0,Active,,3803400.0,1.26,6703400.0,2703400.0,2030.0,2026-10-03T20:07:02.636796+00:00
SEA,Drake Thomas,83036,LB,26.0,Active,,3558160.0,1.18,3008160.0,4308160.0,2028.0,2026-10-03T20:07:02.636796+00:00
SEA,Jadarian Price,106217,RB,23.0,Active,,3056602.0,1.01,16788760.0,9556372.0,2031.0,2026-10-03T20:07:02.636796+00:00
SEA,Drew Lock,29078,QB,30.0,Active,,2758160.0,0.92,2758160.0,2258160.0,2027.0,2026-10-03T20:07:02.636796+00:00
SEA,Nick Emmanwori,97834,S,22.0,Active,,2644130.0,0.88,9499420.0,1374810.0,2029.0,2026-10-03T20:07:02.636796+00:00
SEA,Dante Fowler Jr.,16727,ED,32.0,Active,,2503400.0,0.83,1823400.0,2503400.0,2027.0,2026-10-03T20:07:02.636796+00:00
SEA,Brady Russell,82805,TE,28.0,Active,,2264520.0,0.75,2154520.0,2764520.0,2028.0,2026-10-03T20:07:02.636796+00:00
SEA,Eric Saubert,21916,TE,32.0,Active,,2139520.0,0.71,1919520.0,2009520.0,2027.0,2026-10-03T20:07:02.636796+00:00
SEA,Elijah Arroyo,97849,TE,23.0,Active,,2011198.0,0.67,5277730.0,1248768.0,2029.0,2026-10-03T20:07:02.636796+00:00
SEA,Brandon Pili,82907,DL,27.0,Active,,1734180.0,0.58,759180.0,1774180.0,2027.0,2026-10-03T20:07:02.636796+00:00
SEA,Emanuel Wilson,82977,RB,27.0,Active,,1601120.0,0.53,556120.0,1601120.0,2027.0,2026-10-03T20:07:02.636796+00:00
SEA,Christian Haynes,90413,G,26.0,Active,,1592092.0,0.53,529616.0,1332044.0,2028.0,2026-10-03T20:07:02.636796+00:00
SEA,Jalen Milroe,97891,QB,24.0,Active,,1433176.0,0.48,1026026.0,1134251.0,2029.0,2026-10-03T20:07:02.636796+00:00
SEA,Chris Stoll,82980,LS,28.0,Active,,1402480.0,0.47,1207480.0,1652480.0,2028.0,2026-10-03T20:07:02.636796+00:00
SEA,Tyrice Knight,90450,LB,26.0,Active,,1277660.0,0.42,395800.0,1084520.0,2028.0,2026-10-03T20:07:02.636796+00:00
SEA,A.J. Barner,90453,TE,24.0,Active,,1273297.0,0.42,387074.0,1084520.0,2028.0,2026-10-03T20:07:02.636796+00:00
SEA,Chazz Surratt,72458,LB,29.0,Active,,1236800.0,0.41,1321800.0,1406800.0,2027.0,2026-10-03T20:07:02.636796+00:00
SEA,Mike Morris,82455,DL,25.0,Active,,1233339.0,0.41,88339.0,1152820.0,2027.0,2026-10-03T20:07:02.636796+00:00
SEA,Olu Oluwatimi,82458,C,27.0,Active,,1230914.0,0.41,85914.0,1151800.0,2027.0,2026-10-03T20:07:02.636796+00:00
SEA,Julian Neal,106314,CB,23.0,Active,,1222085.0,0.41,1333304.0,2218304.0,2030.0,2026-10-03T20:07:02.636796+00:00
SEA,Nehemiah Pritchett,90469,CB,25.0,Active,,1179288.0,0.39,199056.0,1084520.0,2028.0,2026-10-03T20:07:02.636796+00:00
SEA,Patrick O'Connell,82995,ED,28.0,Active,,1154520.0,0.38,9520.0,1154520.0,2027.0,2026-10-03T20:07:02.636796+00:00
SEA,Ty Okada,82996,S,27.0,Active,,1154520.0,0.38,9520.0,1154520.0,2027.0,2026-10-03T20:07:02.636796+00:00
SEA,Rylie Mills,97943,DL,25.0,Active,,1131395.0,0.38,360145.0,1014520.0,2029.0,2026-10-03T20:07:02.636796+00:00
SEA,Tory Horton,97967,WR,24.0,Active,,1105780.0,0.37,283300.0,1014520.0,2029.0,2026-10-03T20:07:02.636796+00:00
SEA,George Holani,91016,RB,26.0,Active,,1084520.0,0.36,9520.0,1084520.0,2027.0,2026-10-03T20:07:02.636796+00:00
SEA,Jalen Sundell,95442,C,27.0,Active,,1084520.0,0.36,9520.0,1084520.0,2027.0,2026-10-03T20:07:02.636796+00:00
SEA,A.J. Finley,82598,S,25.0,Active,,1075000.0,0.36,,1075000.0,2027.0,2026-10-03T20:07:02.636796+00:00
SEA,Connor O'Toole,98166,ED,24.0,Active,,1024520.0,0.34,29520.0,1014520.0,2028.0,2026-10-03T20:07:02.636796+00:00
SEA,Nick Kallerup,98261,TE,25.0,Active,,1022853.0,0.34,26187.0,1014520.0,2028.0,2026-10-03T20:07:02.636796+00:00
SEA,Beau Stephens,107394,G,24.0,Active,,1020605.0,0.34,527384.0,1412384.0,2030.0,2026-10-03T20:07:02.636796+00:00
SEA,Rodney Thomas,77116,S,28.0,Active,,895830.0,0.3,,1012500.0,2027.0,2026-10-03T20:07:02.636796+00:00
SEA,Montorie Foster,98587,WR,25.0,Active,,894520.0,0.3,9520.0,894520.0,2027.0,2026-10-03T20:07:02.636796+00:00
SEA,Avery Smith,107608,CB,22.0,Active,,890728.0,0.3,253228.0,890728.0,2029.0,2026-10-03T20:07:02.636796+00:00
SEA,Terrion Arnold,90353,CB,23.0,EXE,,1075000.0,0.36,,1075000.0,2027.0,2026-10-03T20:07:02.636796+00:00
SEA,Anthony Bradford,82412,G,27.0,IR,IR: KNEE,3881456.0,1.29,207456.0,3680460.0,2027.0,2026-10-03T20:07:02.636796+00:00
SEA,Jake Bobo,82983,WR,28.0,IR,IR: KNEE,2304412.0,0.77,4550000.0,3250000.0,2028.0,2026-10-03T20:07:02.636796+00:00
SEA,Bud Clark,107343,S,23.0,IR,IR: ANKLE,1437412.0,0.48,5475576.0,3079612.0,2030.0,2026-10-03T20:07:02.636796+00:00
SEA,Irvin Charles,77572,WR,29.0,IR,IR: UNDISCLOSED,1147040.0,0.38,2040.0,1147040.0,2027.0,2026-10-03T20:07:02.636796+00:00
SEA,Robbie Ouzts,97976,TE,24.0,IR,IR: NECK,628214.0,0.21,248322.0,548160.0,2029.0,2026-10-03T20:07:02.636796+00:00
SEA,Mason Richman,98035,T,24.0,IR,IR: KNEE,581001.0,0.19,103963.0,549520.0,2029.0,2026-10-03T20:07:02.636796+00:00
SEA,Zach Charbonnet,82344,RB,25.0,PUP,/PUP: KNEE (ACL),2187843.0,0.73,500196.0,1687647.0,2027.0,2026-10-03T20:07:02.636796+00:00
SEA,Bobby Hart,16952,T,32.0,PS,,411300.0,0.14,,411300.0,,2026-10-03T20:07:02.636796+00:00
SEA,Trevon Diggs,47646,CB,29.0,PS,,411300.0,0.14,,411300.0,,2026-10-03T20:07:02.636796+00:00
SEA,Velus Jones,76947,WR,29.0,PS,,411300.0,0.14,,411300.0,,2026-10-03T20:07:02.636796+00:00
SEA,Ricky White III,98039,WR,24.0,PS,,247500.0,0.08,,247500.0,,2026-10-03T20:07:02.636796+00:00
SEA,Jacardia Wright,98170,RB,26.0,PS,,247500.0,0.08,,247500.0,,2026-10-03T20:07:02.636796+00:00
SEA,Logan Brown,98202,T,25.0,PS,,247500.0,0.08,,247500.0,,2026-10-03T20:07:02.636796+00:00
SEA,Maxen Hook,98326,S,25.0,PS,,247500.0,0.08,,247500.0,,2026-10-03T20:07:02.636796+00:00
SEA,Emmanuel Henderson Jr.,107434,WR,23.0,PS,,247500.0,0.08,,247500.0,,2026-10-03T20:07:02.636796+00:00
SEA,Andre Fuller,107463,CB,24.0,PS,,247500.0,0.08,,247500.0,,2026-10-03T20:07:02.636796+00:00
SEA,Deven Eastern,107468,DL,23.0,PS,,247500.0,0.08,,247500.0,,2026-10-03T20:07:02.636796+00:00
SEA,Michael Dansby,107479,CB,22.0,PS,,247500.0,0.08,,247500.0,,2026-10-03T20:07:02.636796+00:00
SEA,Aidan Hubbard,107713,ED,23.0,PS,,247500.0,0.08,,247500.0,,2026-10-03T20:07:02.636796+00:00
SEA,Evan Beerntsen,107478,G,26.0,PS,,233750.0,0.08,,233750.0,,2026-10-03T20:07:02.636796+00:00
SEA,Malick Meiga,108417,WR,,PS,,206250.0,0.07,,206250.0,,2026-10-03T20:07:02.636796+00:00
SEA,Jimmy Ciarlo,90994,LB,25.0,PS,,192500.0,0.06,,192500.0,,2026-10-03T20:07:02.636796+00:00
SEA,Gary Smith III,107701,DL,25.0,PS,,192500.0,0.06,,192500.0,,2026-10-03T20:07:02.636796+00:00
SEA,Federico Maranges,98167,C,25.0,PS,,,,,,,2026-10-03T20:07:02.636796+00:00
TB,Tristan Wirfs,47607,LT,27.0,Active,,36338102.0,12.06,61598684.0,26009520.0,2030.0,2026-10-03T20:07:02.636796+00:00
TB,Baker Mayfield,25096,QB,31.0,Active,,34017040.0,11.29,129127040.0,37002040.0,2030.0,2026-10-03T20:07:02.636796+00:00
TB,Chris Godwin,21826,WR,30.0,Active,,33684020.0,11.18,49915020.0,22001020.0,2028.0,2026-10-03T20:07:02.636796+00:00
TB,Antoine Winfield Jr.,47640,S,28.0,Active,,27471100.0,9.12,47369100.0,19505100.0,2028.0,2026-10-03T20:07:02.636796+00:00
TB,Vita Vea,25107,DL,31.0,Active,,10834460.0,3.6,52478460.0,24000000.0,2028.0,2026-10-03T20:07:02.636796+00:00
TB,A'Shawn Robinson,18995,DL,31.0,Active,,10009520.0,3.32,9159520.0,10009520.0,2027.0,2026-10-03T20:07:02.636796+00:00
TB,Alex Anzalone,21818,LB,32.0,Active,,9006460.0,2.99,12006460.0,9006460.0,2028.0,2026-10-03T20:07:02.636796+00:00
TB,Ben Bredeson,47738,G,27.0,Active,,8776880.0,2.91,12574880.0,7510880.0,2028.0,2026-10-03T20:07:02.636796+00:00
TB,Luke Goedeke,76933,RT,28.0,Active,,7485490.0,2.49,46945340.0,22010540.0,2030.0,2026-10-03T20:07:02.636796+00:00
TB,Kenneth Gainwell,72534,RB,27.0,Active,,7010200.0,2.33,9840200.0,7010200.0,2028.0,2026-10-03T20:07:02.636796+00:00
TB,Anthony Nelson,29155,ED,29.0,Active,,5376880.0,1.79,7974880.0,4510880.0,2027.0,2026-10-03T20:07:02.636796+00:00
TB,Zyon McCollum,77034,CB,27.0,Active,,5264820.0,1.75,25244020.0,14603520.0,2029.0,2026-10-03T20:07:02.636796+00:00
TB,Al-Quadin Muhammad,21938,ED,31.0,Active,,5251020.0,1.74,3801020.0,4001020.0,2027.0,2026-10-03T20:07:02.636796+00:00
TB,Calijah Kancey,82296,DL,25.0,Active,,4622440.0,1.53,19097440.0,2737263.0,2028.0,2026-10-03T20:07:02.636796+00:00
TB,Rueben Bain Jr.,105705,ED,22.0,Active,,4326846.0,1.44,23767044.0,14631978.0,2031.0,2026-10-03T20:07:02.636796+00:00
TB,Cody Mauch,82340,G,27.0,Active,,4295872.0,1.43,621872.0,3684880.0,2027.0,2026-10-03T20:07:02.636796+00:00
TB,Cade Otton,76983,TE,27.0,Active,,4154213.0,1.38,20010880.0,10010880.0,2029.0,2026-10-03T20:07:02.636796+00:00
TB,Emeka Egbuka,97815,WR,24.0,Active,,4141046.0,1.37,14879477.0,1676913.0,2030.0,2026-10-03T20:07:02.636796+00:00
TB,YaYa Diaby,82374,ED,27.0,Active,,3927231.0,1.3,253231.0,3683520.0,2027.0,2026-10-03T20:07:02.636796+00:00
TB,Graham Barton,90355,C,24.0,Active,,3836550.0,1.27,8299832.0,2081104.0,2029.0,2026-10-03T20:07:02.636796+00:00
TB,Chase McLaughlin,29993,K,30.0,Active,,3810200.0,1.27,3810200.0,3810200.0,2027.0,2026-10-03T20:07:02.636796+00:00
TB,Riley Dixon,19182,P,33.0,Active,,3008160.0,1.0,3008160.0,3008160.0,2027.0,2026-10-03T20:07:02.636796+00:00
TB,Sean Tucker,83097,RB,25.0,Active,,2510880.0,0.83,2510880.0,2510880.0,2027.0,2026-10-03T20:07:02.636796+00:00
TB,Josiah Trotter,106305,LB,21.0,Active,,1989273.0,0.66,10910394.0,5281686.0,2030.0,2026-10-03T20:07:02.636796+00:00
TB,Benjamin Morrison,97852,CB,22.0,Active,,1878145.0,0.62,4709198.0,1224333.0,2029.0,2026-10-03T20:07:02.636796+00:00
TB,Miles Killebrew,19065,S,33.0,Active,,1800880.0,0.6,1800880.0,1800880.0,2027.0,2026-10-03T20:07:02.636796+00:00
TB,Ko Kieft,77095,TE,28.0,Active,,1660880.0,0.55,1660880.0,1660880.0,2027.0,2026-10-03T20:07:02.636796+00:00
TB,Tykee Smith,90421,S,25.0,Active,,1560865.0,0.52,487866.0,1321862.0,2028.0,2026-10-03T20:07:02.636796+00:00
TB,Christian Rozeboom,48017,LB,29.0,Active,,1558160.0,0.52,1558160.0,1558160.0,2027.0,2026-10-03T20:07:02.636796+00:00
TB,Dan Feeney,21813,G,32.0,Active,,1498040.0,0.5,1498040.0,1498040.0,2027.0,2026-10-03T20:07:02.636796+00:00
TB,Jacob Parrish,97883,CB,22.0,Active,,1452393.0,0.48,952414.0,1138095.0,2029.0,2026-10-03T20:07:02.636796+00:00
TB,Justin Skule,29231,T,30.0,Active,,1413040.0,0.47,1325540.0,1413040.0,2027.0,2026-10-03T20:07:02.636796+00:00
TB,Rakeem Nunez-Roches,16943,DL,33.0,Active,,1310880.0,0.44,1310880.0,1310880.0,2027.0,2026-10-03T20:07:02.636796+00:00
TB,Bucky Irving,90458,RB,24.0,Active,,1268768.0,0.42,376656.0,1085880.0,2028.0,2026-10-03T20:07:02.636796+00:00
TB,Ted Hurst,107354,WR,22.0,Active,,1264267.0,0.42,1496662.0,2381662.0,2030.0,2026-10-03T20:07:02.636796+00:00
TB,SirVocea Dennis,82457,LB,26.0,Active,,1234871.0,0.41,89871.0,1155540.0,2027.0,2026-10-03T20:07:02.636796+00:00
TB,Payne Durham,82475,TE,26.0,Active,,1217124.0,0.4,72124.0,1155880.0,2027.0,2026-10-03T20:07:02.636796+00:00
TB,Keionte Scott,106322,CB,25.0,Active,,1183966.0,0.39,1175458.0,2060458.0,2030.0,2026-10-03T20:07:02.636796+00:00
TB,David Walker,97922,ED,26.0,Active,,1136695.0,0.38,733325.0,895880.0,2029.0,2026-10-03T20:07:02.636796+00:00
TB,Elijah Roberts,97958,DL,25.0,Active,,1118328.0,0.37,318224.0,1015880.0,2029.0,2026-10-03T20:07:02.636796+00:00
TB,Kameron Johnson,91602,WR,24.0,Active,,1087514.0,0.36,12514.0,1084180.0,2027.0,2026-10-03T20:07:02.636796+00:00
TB,Evan Deckers,83010,LS,27.0,Active,,1085880.0,0.36,10880.0,1085880.0,2027.0,2026-10-03T20:07:02.636796+00:00
TB,Tez Johnson,98036,WR,24.0,Active,,1045505.0,0.35,102475.0,1014520.0,2029.0,2026-10-03T20:07:02.636796+00:00
TB,Benjamin Chukwuma,98174,T,25.0,Active,,1034213.0,0.34,47547.0,1015880.0,2028.0,2026-10-03T20:07:02.636796+00:00
TB,DeMonte Capehart,106281,DL,24.0,Active,,1017342.0,0.34,508962.0,1393962.0,2030.0,2026-10-03T20:07:02.636796+00:00
TB,Luke Haggard,83012,G,26.0,Active,,1015880.0,0.34,10880.0,1015880.0,2027.0,2026-10-03T20:07:02.636796+00:00
TB,Elijah Simmons,98283,DL,25.0,Active,,1015880.0,0.34,10880.0,1015880.0,2027.0,2026-10-03T20:07:02.636796+00:00
TB,Kevin Knowles,98121,CB,23.0,Active,,1014520.0,0.34,9520.0,1014520.0,2027.0,2026-10-03T20:07:02.636796+00:00
TB,Billy Schrauth,107403,G,22.0,Active,,1014353.0,0.34,497006.0,1382006.0,2030.0,2026-10-03T20:07:02.636796+00:00
TB,Bauer Sharp,107425,TE,23.0,Active,,970947.0,0.32,323382.0,1208382.0,2030.0,2026-10-03T20:07:02.636796+00:00
TB,Jalon Daniels,107541,QB,24.0,Active,,900135.0,0.3,279302.0,916802.0,2029.0,2026-10-03T20:07:02.636796+00:00
TB,Ayden Garnes,108028,CB,23.0,Active,,898468.0,0.3,126801.0,911802.0,2029.0,2026-10-03T20:07:02.636796+00:00
TB,Jalen McMillan,90424,WR,25.0,IR,IR: KNEE,1552621.0,0.52,477442.0,1317980.0,2028.0,2026-10-03T20:07:02.636796+00:00
TB,David Sills,29395,WR,31.0,IR,SHORT-TERM IR: KNEE,1225880.0,0.41,10880.0,1225880.0,2027.0,2026-10-03T20:07:02.636796+00:00
TB,Josh Hayes,82485,S,27.0,IR,SHORT-TERM IR: KNEE,1204933.0,0.4,59933.0,1153840.0,2027.0,2026-10-03T20:07:02.636796+00:00
TB,Mohamed Kamara,90491,ED,27.0,IR,IR: KNEE,574520.0,0.19,9520.0,574520.0,2028.0,2026-10-03T20:07:02.636796+00:00
TB,Easton Stick,29214,QB,31.0,PS,,411300.0,0.14,,411300.0,,2026-10-03T20:07:02.636796+00:00
TB,Sean Bunting,29075,CB,29.0,PS,,330300.0,0.11,,330300.0,,2026-10-03T20:07:02.636796+00:00
TB,Brett Rypien,29343,QB,30.0,PS,,256900.0,0.09,,256900.0,,2026-10-03T20:07:02.636796+00:00
TB,Jayson Jones,98072,DL,25.0,PS,,247500.0,0.08,,247500.0,,2026-10-03T20:07:02.636796+00:00
TB,Ben Scott,98348,C,25.0,PS,,247500.0,0.08,,247500.0,,2026-10-03T20:07:02.636796+00:00
TB,Garrett Greene,98427,WR,25.0,PS,,247500.0,0.08,,247500.0,,2026-10-03T20:07:02.636796+00:00
TB,Josh Williams,98428,RB,26.0,PS,,247500.0,0.08,,247500.0,,2026-10-03T20:07:02.636796+00:00
TB,J.J. Roberts,98430,S,25.0,PS,,247500.0,0.08,,247500.0,,2026-10-03T20:07:02.636796+00:00
TB,C.J. Dippre,98470,TE,24.0,PS,,247500.0,0.08,,247500.0,,2026-10-03T20:07:02.636796+00:00
TB,Eric Rivers,107540,WR,24.0,PS,,247500.0,0.08,,247500.0,,2026-10-03T20:07:02.636796+00:00
TB,Silas Walters,107761,S,24.0,PS,,247500.0,0.08,,247500.0,,2026-10-03T20:07:02.636796+00:00
TB,Caden Fordham,108027,LB,24.0,PS,,247500.0,0.08,,247500.0,,2026-10-03T20:07:02.636796+00:00
TB,Henry Lutovsky,108031,G,23.0,PS,,247500.0,0.08,,247500.0,,2026-10-03T20:07:02.636796+00:00
TB,Yasir Holmes,108039,ED,23.0,PS,,247500.0,0.08,,247500.0,,2026-10-03T20:07:02.636796+00:00
TB,Dean Patterson,108040,WR,24.0,PS,,247500.0,0.08,,247500.0,,2026-10-03T20:07:02.636796+00:00
TB,Javin Wright,108041,LB,26.0,PS,,247500.0,0.08,,247500.0,,2026-10-03T20:07:02.636796+00:00
TB,Paul Rubelt,107578,T,26.0,PS,,,,,,,2026-10-03T20:07:02.636796+00:00
TEN,Dan Moore,72512,LT,28.0,Active,,26354180.0,8.75,39134180.0,20009180.0,2029.0,2026-10-03T20:07:02.636796+00:00
TEN,Jeffery Simmons,29054,DL,29.0,Active,,22062203.0,7.32,70473046.0,33251360.0,2031.0,2026-10-03T20:07:02.636796+00:00
TEN,Calvin Ridley,25121,WR,32.0,Active,,15204760.0,5.05,22494760.0,13004760.0,2028.0,2026-10-03T20:07:02.636796+00:00
TEN,John Franklin-Myers,25236,DL,30.0,Active,,14959360.0,4.97,42001360.0,23001360.0,2029.0,2026-10-03T20:07:02.636796+00:00
TEN,Alontae Taylor,76925,CB,28.0,Active,,14006800.0,4.65,42006800.0,22006800.0,2029.0,2026-10-03T20:07:02.636796+00:00
TEN,Jermaine Johnson,76880,ED,27.0,Active,,13412020.0,4.45,13412020.0,13412020.0,2027.0,2026-10-03T20:07:02.636796+00:00
TEN,Peter Skoronski,82288,G,25.0,Active,,13237507.0,4.39,45837507.0,24010540.0,2032.0,2026-10-03T20:07:02.636796+00:00
TEN,Amani Hooker,29164,S,28.0,Active,,11952040.0,3.97,17722040.0,9112040.0,2029.0,2026-10-03T20:07:02.636796+00:00
TEN,Wan'dale Robinson,76919,WR,25.0,Active,,11280540.0,3.75,38010540.0,20310540.0,2030.0,2026-10-03T20:07:02.636796+00:00
TEN,Cameron Ward,97797,QB,24.0,Active,,11110453.0,3.69,39970228.0,3070523.0,2030.0,2026-10-03T20:07:02.636796+00:00
TEN,Cordale Flott,76957,CB,25.0,Active,,10752513.0,3.57,32009180.0,17509180.0,2029.0,2026-10-03T20:07:02.636796+00:00
TEN,Carnell Tate,105708,WR,21.0,Active,,9302090.0,3.09,51139745.0,34538861.0,2031.0,2026-10-03T20:07:02.636796+00:00
TEN,Tony Pollard,29176,RB,29.0,Active,,9260540.0,3.07,8750540.0,7260540.0,2027.0,2026-10-03T20:07:02.636796+00:00
TEN,Cody Barton,29124,LB,30.0,Active,,8240540.0,2.74,9620540.0,6520540.0,2028.0,2026-10-03T20:07:02.636796+00:00
TEN,JC Latham,90336,RT,23.0,Active,,7113433.0,2.36,17488282.0,3172944.0,2029.0,2026-10-03T20:07:02.636796+00:00
TEN,Daniel Bellinger,76989,TE,26.0,Active,,5147207.0,1.71,14020542.0,9510540.0,2029.0,2026-10-03T20:07:02.636796+00:00
TEN,Mitchell Trubisky,21743,QB,32.0,Active,,4256460.0,1.41,6831460.0,5256460.0,2028.0,2026-10-03T20:07:02.636796+00:00
TEN,Tyjae Spears,82373,RB,25.0,Active,,3932834.0,1.31,258834.0,3684540.0,2027.0,2026-10-03T20:07:02.636796+00:00
TEN,Jake Martin,25287,ED,31.0,Active,,3502720.0,1.16,4502720.0,4502720.0,2028.0,2026-10-03T20:07:02.636796+00:00
TEN,Keldric Faulk,105713,ED,22.0,Active,,3105955.0,1.03,17059393.0,9753247.0,2031.0,2026-10-03T20:07:02.636796+00:00
TEN,Austin Schlottmann,25558,C,31.0,Active,,3009180.0,1.0,2999180.0,3509180.0,2028.0,2026-10-03T20:07:02.636796+00:00
TEN,Jordan Elliott,47683,DL,29.0,Active,,2854180.0,0.95,3249180.0,3759180.0,2028.0,2026-10-03T20:07:02.636796+00:00
TEN,Solomon Thomas,21744,DL,31.0,Active,,2479428.0,0.82,2008840.0,2508840.0,2027.0,2026-10-03T20:07:02.636796+00:00
TEN,Tommy Townsend,48101,P,30.0,Active,,2110540.0,0.7,2440540.0,2610540.0,2028.0,2026-10-03T20:07:02.636796+00:00
TEN,Tony Adams,77571,S,27.0,Active,,2025200.0,0.67,1725200.0,2150200.0,2027.0,2026-10-03T20:07:02.636796+00:00
TEN,Joey Slye,29996,K,30.0,Active,,2009860.0,0.67,1759860.0,2009860.0,2027.0,2026-10-03T20:07:02.636796+00:00
TEN,Oluwafemi Oladejo,97851,ED,23.0,Active,,1922723.0,0.64,4907769.0,1232704.0,2029.0,2026-10-03T20:07:02.636796+00:00
TEN,Jaylon Jones,82525,CB,24.0,Active,,1790000.0,0.59,800000.0,2000000.0,20207.0,2026-10-03T20:07:02.636796+00:00
TEN,Morgan Cox,7042,LS,40.0,Active,,1496000.0,0.5,1496000.0,1496000.0,2027.0,2026-10-03T20:07:02.636796+00:00
TEN,Anthony Hill Jr.,105738,LB,21.0,Active,,1480498.0,0.49,6127900.0,3251419.0,2030.0,2026-10-03T20:07:02.636796+00:00
TEN,Kevin Winston Jr.,97881,S,23.0,Active,,1466220.0,0.49,984172.0,1141676.0,2029.0,2026-10-03T20:07:02.636796+00:00
TEN,Kylen Granson,72511,TE,28.0,Active,,1413040.0,0.47,1350540.0,1413040.0,2027.0,2026-10-03T20:07:02.636796+00:00
TEN,Julius Chestnut,77539,RB,26.0,Active,,1413040.0,0.47,1328040.0,1413040.0,2027.0,2026-10-03T20:07:02.636796+00:00
TEN,Chimere Dike,97904,WR,24.0,Active,,1390778.0,0.46,836254.0,1115540.0,2029.0,2026-10-03T20:07:02.636796+00:00
TEN,Cedric Gray,90438,LB,24.0,Active,,1294163.0,0.43,427786.0,1085540.0,2028.0,2026-10-03T20:07:02.636796+00:00
TEN,Gunnar Helm,97921,TE,24.0,Active,,1258767.0,0.42,740221.0,1015540.0,2029.0,2026-10-03T20:07:02.636796+00:00
TEN,Elic Ayomanor,97937,WR,23.0,Active,,1181994.0,0.39,509902.0,1015540.0,2029.0,2026-10-03T20:07:02.636796+00:00
TEN,Atonio Mafi,82448,G,26.0,Active,,1155880.0,0.38,10880.0,1155880.0,2027.0,2026-10-03T20:07:02.636796+00:00
TEN,James Williams,90576,LB,23.0,Active,,1107573.0,0.37,54946.0,1085200.0,2028.0,2026-10-03T20:07:02.636796+00:00
TEN,David Martin-Robinson,91416,TE,27.0,Active,,1088040.0,0.36,13040.0,1085540.0,2027.0,2026-10-03T20:07:02.636796+00:00
TEN,Marcus Harris,97984,CB,25.0,Active,,1078794.0,0.36,200302.0,1015540.0,2029.0,2026-10-03T20:07:02.636796+00:00
TEN,Terrell Burgess,47699,S,28.0,Active,,1075000.0,0.36,1215000.0,1215000.0,2027.0,2026-10-03T20:07:02.636796+00:00
TEN,James Hudson,72494,LT,27.0,Active,,1075000.0,0.36,1215000.0,1215000.0,2027.0,2026-10-03T20:07:02.636796+00:00
TEN,Truman Jones,82859,ED,26.0,Active,,1015540.0,0.34,10540.0,1015540.0,2027.0,2026-10-03T20:07:02.636796+00:00
TEN,Micah Robinson,98038,S,24.0,Active,,1015540.0,0.34,10540.0,1015540.0,2027.0,2026-10-03T20:07:02.636796+00:00
TEN,Brandon Crenshaw-Dickson,98178,T,25.0,Active,,1015540.0,0.34,10540.0,1015540.0,2027.0,2026-10-03T20:07:02.636796+00:00
TEN,Nazir Stackhouse,98323,DL,24.0,Active,,1014180.0,0.34,9180.0,1014180.0,2028.0,2026-10-03T20:07:02.636796+00:00
TEN,Nicholas Singleton,107408,RB,22.0,Active,,1006994.0,0.33,473477.0,1358477.0,2030.0,2026-10-03T20:07:02.636796+00:00
TEN,Jackie Marshall,107424,DL,23.0,Active,,970972.0,0.32,328315.0,1213315.0,2030.0,2026-10-03T20:07:02.636796+00:00
TEN,Pat Coogan,107430,C,24.0,Active,,959886.0,0.32,283971.0,1168971.0,2030.0,2026-10-03T20:07:02.636796+00:00
TEN,Erick Hallett,82512,S,26.0,Active,,837500.0,0.28,,837500.0,2027.0,2026-10-03T20:07:02.636796+00:00
TEN,Michael Carter,72491,RB,27.0,Active,,836108.0,0.28,,945000.0,2027.0,2026-10-03T20:07:02.636796+00:00
TEN,Garrett Dellinger,98044,G,24.0,Active,,781662.0,0.26,,781662.0,2027.0,2026-10-03T20:07:02.636796+00:00
TEN,Joshua Williams,77012,CB,27.0,IR,SHORT-TERM IR: PECTORAL,3075200.0,1.02,3250200.0,3760200.0,2028.0,2026-10-03T20:07:02.636796+00:00
TEN,Jaylen Harrell,90586,ED,24.0,IR,IR: KNEE (ACL),1105724.0,0.37,50908.0,1085540.0,2028.0,2026-10-03T20:07:02.636796+00:00
TEN,Dorian Mausi,98209,LB,24.0,IR,SHORT-TERM IR: UNDISCLOSED,912207.0,0.3,10540.0,912207.0,2028.0,2026-10-03T20:07:02.636796+00:00
TEN,Jackson Slater,97968,G,23.0,IR,IR: FOOT,718192.0,0.24,280999.0,628039.0,2029.0,2026-10-03T20:07:02.636796+00:00
TEN,Fernando Carmona,107392,G,24.0,IR,IR: ANKLE,693426.0,0.23,565911.0,1113966.0,2030.0,2026-10-03T20:07:02.636796+00:00
TEN,Milo Eifler,72829,LB,28.0,IR,IR: UNDISCLOSED,590000.0,0.2,,590000.0,2028.0,2026-10-03T20:07:02.636796+00:00
TEN,Kendell Brooks,82653,S,26.0,IR,IR: UNDISCLOSED,575540.0,0.19,10540.0,575540.0,2027.0,2026-10-03T20:07:02.636796+00:00
TEN,Tanoh Kpassagnon,21801,ED,32.0,IR,IR: UNDISCLOSED,565000.0,0.19,,665000.0,2027.0,2026-10-03T20:07:02.636796+00:00
TEN,Jaren Kanak,107453,TE,22.0,IR,IR: PECTORAL,561044.0,0.19,168603.0,1053603.0,2030.0,2026-10-03T20:07:02.636796+00:00
TEN,Jalyn Holmes,25203,DL,30.0,PS,,330300.0,0.11,,330300.0,,2026-10-03T20:07:02.636796+00:00
TEN,K.J. Osborn,47772,WR,29.0,PS,,330300.0,0.11,,330300.0,,2026-10-03T20:07:02.636796+00:00
TEN,Timothy Horne,77242,DL,29.0,PS,,330300.0,0.11,,330300.0,,2026-10-03T20:07:02.636796+00:00
TEN,Mohamoud Diabate,82886,ED,25.0,PS,,330300.0,0.11,,330300.0,,2026-10-03T20:07:02.636796+00:00
TEN,Owen Pappoe,82472,LB,26.0,PS,,256900.0,0.09,,256900.0,,2026-10-03T20:07:02.636796+00:00
TEN,Hendon Hooker,82360,QB,28.0,PS,,247500.0,0.08,,247500.0,,2026-10-03T20:07:02.636796+00:00
TEN,Joel Wilson,82615,TE,26.0,PS,,247500.0,0.08,,247500.0,,2026-10-03T20:07:02.636796+00:00
TEN,Kalel Mullings,97989,RB,24.0,PS,,247500.0,0.08,,247500.0,,2026-10-03T20:07:02.636796+00:00
TEN,Xavier Restrepo,98533,WR,24.0,PS,,247500.0,0.08,,247500.0,,2026-10-03T20:07:02.636796+00:00
TEN,Jalen McMurray,107842,CB,23.0,PS,,247500.0,0.08,,247500.0,,2026-10-03T20:07:02.636796+00:00
TEN,Rasheed Miller,107843,T,25.0,PS,,247500.0,0.08,,247500.0,,2026-10-03T20:07:02.636796+00:00
TEN,Tyren Montgomery,107845,WR,25.0,PS,,247500.0,0.08,,247500.0,,2026-10-03T20:07:02.636796+00:00
TEN,Drew Moss,98229,G,23.0,PS,,220000.0,0.07,,220000.0,,2026-10-03T20:07:02.636796+00:00
TEN,Nick Broeker,82534,G,26.0,PS,,192500.0,0.06,,192500.0,,2026-10-03T20:07:02.636796+00:00
TEN,Jakob Robinson,98228,CB,26.0,PS,,192500.0,0.06,,192500.0,,2026-10-03T20:07:02.636796+00:00
TEN,Laki Tasi,98303,DL,23.0,PS,,,,,,,2026-10-03T20:07:02.636796+00:00
WAS,Daron Payne,25108,DL,29.0,Active,,27950000.0,9.28,33100000.0,22410000.0,2027.0,2026-10-03T20:07:02.636796+00:00
WAS,Samuel Cosmi,72431,G,27.0,Active,,20260000.0,6.73,27990000.0,16500000.0,2029.0,2026-10-03T20:07:02.636796+00:00
WAS,Terry McLaurin,29112,WR,31.0,Active,,18000000.0,5.98,43000000.0,14250000.0,2029.0,2026-10-03T20:07:02.636796+00:00
WAS,Javon Kinlaw,47608,DL,29.0,Active,,16200000.0,5.38,25590000.0,12900000.0,2028.0,2026-10-03T20:07:02.636796+00:00
WAS,Dorance Armstrong,25217,ED,29.0,Active,,11577500.0,3.84,17367500.0,8877500.0,2027.0,2026-10-03T20:07:02.636796+00:00
WAS,K’Lavon Chaisson,47614,ED,27.0,Active,,11470000.0,3.81,10490000.0,10970000.0,2027.0,2026-10-03T20:07:02.636796+00:00
WAS,Frankie Luvu,25901,LB,30.0,Active,,11295000.0,3.75,15555000.0,8995000.0,2027.0,2026-10-03T20:07:02.636796+00:00
WAS,Jayden Daniels,90331,QB,26.0,Active,,10304741.0,3.42,22315039.0,4236714.0,2029.0,2026-10-03T20:07:02.636796+00:00
WAS,Odafe Oweh,72411,ED,28.0,Active,,9204420.0,3.06,50794420.0,30004420.0,2030.0,2026-10-03T20:07:02.636796+00:00
WAS,Stefon Diggs,16872,WR,33.0,Active,,8000000.0,2.66,7150000.0,8000000.0,2027.0,2026-10-03T20:07:02.636796+00:00
WAS,Marcus Mariota,16726,QB,33.0,Active,,7340000.0,2.44,6490000.0,7000000.0,2027.0,2026-10-03T20:07:02.636796+00:00
WAS,Sonny Styles,105710,LB,22.0,Active,,6770219.0,2.25,37216067.0,24412451.0,2031.0,2026-10-03T20:07:02.636796+00:00
WAS,John Bates,72508,TE,29.0,Active,,5793333.0,1.92,7826667.0,3500000.0,2028.0,2026-10-03T20:07:02.636796+00:00
WAS,Chig Okonkwo,77020,TE,27.0,Active,,5333333.0,1.77,16840000.0,10000000.0,2029.0,2026-10-03T20:07:02.636796+00:00
WAS,Nick Cross,76972,S,25.0,Active,,5250000.0,1.74,6240000.0,6750000.0,2028.0,2026-10-03T20:07:02.636796+00:00
WAS,Amik Robertson,47734,CB,28.0,Active,,5010000.0,1.66,7500000.0,8010000.0,2028.0,2026-10-03T20:07:02.636796+00:00
WAS,Jartavius Martin,82339,S,26.0,Active,,4323574.0,1.44,649574.0,3684880.0,2027.0,2026-10-03T20:07:02.636796+00:00
WAS,Charles Omenihu,29209,DL,29.0,Active,,4000000.0,1.33,3490000.0,4000000.0,2027.0,2026-10-03T20:07:02.636796+00:00
WAS,Tim Settle,25264,DL,29.0,Active,,3900000.0,1.29,7420000.0,8100000.0,2029.0,2026-10-03T20:07:02.636796+00:00
WAS,Nick Allegretti,29264,C,30.0,Active,,3844666.0,1.28,8494000.0,4000000.0,2028.0,2026-10-03T20:07:02.636796+00:00
WAS,Josh Conerly Jr.,97825,RT,23.0,Active,,3574765.0,1.19,12840866.0,1563657.0,2030.0,2026-10-03T20:07:02.636796+00:00
WAS,Jeremy Reaves,25572,S,30.0,Active,,3402500.0,1.13,5127500.0,3500000.0,2028.0,2026-10-03T20:07:02.636796+00:00
WAS,Andrew Wylie,22571,T,32.0,Active,,3200000.0,1.06,3950000.0,3950000.0,2028.0,2026-10-03T20:07:02.636796+00:00
WAS,Chris Paul,77107,G,28.0,Active,,3000000.0,1.0,2575000.0,3000000.0,2027.0,2026-10-03T20:07:02.636796+00:00
WAS,Percy Butler,76990,S,26.0,Active,,2800000.0,0.93,2400000.0,2150000.0,2027.0,2026-10-03T20:07:02.636796+00:00
WAS,Mike Sainristil,90382,CB,26.0,Active,,2111517.0,0.7,2118858.0,1506092.0,2028.0,2026-10-03T20:07:02.636796+00:00
WAS,Rachaad White,76967,RB,27.0,Active,,2000000.0,0.66,1745000.0,2000000.0,2027.0,2026-10-03T20:07:02.636796+00:00
WAS,Treylon Burks,76869,WR,26.0,Active,,1990000.0,0.66,1670000.0,2350000.0,2027.0,2026-10-03T20:07:02.636796+00:00
WAS,Ben Sinnott,90385,TE,24.0,Active,,1982139.0,0.66,1651842.0,1462966.0,2028.0,2026-10-03T20:07:02.636796+00:00
WAS,Rasul Douglas,21841,CB,32.0,Active,,1975000.0,0.66,1550000.0,1805000.0,2027.0,2026-10-03T20:07:02.636796+00:00
WAS,Dyami Brown,72462,WR,27.0,Active,,1720000.0,0.57,1495000.0,1750000.0,2027.0,2026-10-03T20:07:02.636796+00:00
WAS,Brandon Coleman,90399,T,26.0,Active,,1663123.0,0.55,663870.0,1356628.0,2028.0,2026-10-03T20:07:02.636796+00:00
WAS,Luke McCaffrey,90432,WR,25.0,Active,,1537147.0,0.51,495902.0,1314636.0,2028.0,2026-10-03T20:07:02.636796+00:00
WAS,Tyler Ott,15010,LS,34.0,Active,,1508334.0,0.5,1508334.0,1375000.0,2027.0,2026-10-03T20:07:02.636796+00:00
WAS,Tress Way,12696,P,36.0,Active,,1487500.0,0.49,3037500.0,3037500.0,2027.0,2026-10-03T20:07:02.636796+00:00
WAS,Antonio Williams,106222,WR,22.0,Active,,1324242.0,0.44,1743543.0,2628543.0,2030.0,2026-10-03T20:07:02.636796+00:00
WAS,Jaylin Lane,97929,WR,24.0,Active,,1244343.0,0.41,696269.0,1015880.0,2029.0,2026-10-03T20:07:02.636796+00:00
WAS,Lucas Patrick,19914,G,33.0,Active,,1227778.0,0.41,,1227778.0,2027.0,2026-10-03T20:07:02.636796+00:00
WAS,Shy Tuttle,29626,DL,31.0,Active,,1175000.0,0.39,100000.0,1400000.0,2027.0,2026-10-03T20:07:02.636796+00:00
WAS,Javontae Jean-Baptiste,90556,ED,26.0,Active,,1116177.0,0.37,71474.0,1085880.0,2028.0,2026-10-03T20:07:02.636796+00:00
WAS,Fabian Moreau,21823,CB,32.0,Active,,1112500.0,0.37,1337500.0,1337500.0,2027.0,2026-10-03T20:07:02.636796+00:00
WAS,Tyler Owens,90599,S,25.0,Active,,1092547.0,0.36,17547.0,1085880.0,2027.0,2026-10-03T20:07:02.636796+00:00
WAS,Colson Yankoff,90604,TE,26.0,Active,,1089214.0,0.36,14214.0,1085880.0,2027.0,2026-10-03T20:07:02.636796+00:00
WAS,Kain Medrano,98006,LB,25.0,Active,,1067966.0,0.35,167138.0,1015880.0,2029.0,2026-10-03T20:07:02.636796+00:00
WAS,Jacory Croskey-Merritt,98046,RB,25.0,Active,,1042237.0,0.35,89951.0,1015880.0,2029.0,2026-10-03T20:07:02.636796+00:00
WAS,Joshua Josephs,106277,ED,23.0,Active,,1021411.0,0.34,531145.0,1416145.0,2030.0,2026-10-03T20:07:02.636796+00:00
WAS,Isaac Yiadom,25198,CB,30.0,Active,,1015278.0,0.34,,1227774.0,2027.0,2026-10-03T20:07:02.636796+00:00
WAS,Kaytron Allen,106215,RB,23.0,Active,,965821.0,0.32,308785.0,1193785.0,2030.0,2026-10-03T20:07:02.636796+00:00
WAS,Matt Gulbin,106252,G,24.0,Active,,953227.0,0.32,258409.0,1143409.0,2030.0,2026-10-03T20:07:02.636796+00:00
WAS,Athan Kaliakmanis,107452,QB,23.0,Active,,930818.0,0.31,169310.0,1054310.0,2030.0,2026-10-03T20:07:02.636796+00:00
WAS,Tanoa Togiai,107547,G,25.0,Active,,894833.0,0.3,144833.0,904833.0,2029.0,2026-10-03T20:07:02.636796+00:00
WAS,Drew Stevens,108037,K,23.0,Active,,890666.0,0.3,7333.0,892333.0,2029.0,2026-10-03T20:07:02.636796+00:00
WAS,Austin Ekeler,22247,RB,31.0,Active,,,,,,,2026-10-03T20:07:02.636796+00:00
WAS,Laremy Tunsil,18961,LT,32.0,IR,IR: ARM,11906360.0,3.95,51156360.0,34351360.0,2029.0,2026-10-03T20:07:02.636796+00:00
WAS,Leo Chenal,76979,LB,26.0,IR,IR: NECK,4326666.0,1.44,12540002.0,8750000.0,2029.0,2026-10-03T20:07:02.636796+00:00
WAS,Johnny Newton,90368,DL,24.0,IR,IR: PECTORAL,2672150.0,0.89,4451330.0,1692970.0,2028.0,2026-10-03T20:07:02.636796+00:00
WAS,Trey Amos,97860,CB,24.0,IR,SHORT-TERM IR: ANKLE,1665430.0,0.55,3255965.0,1181790.0,2029.0,2026-10-03T20:07:02.636796+00:00
WAS,Jeremy McNichols,21904,RB,31.0,IR,SHORT-TERM IR: QUAD,1262500.0,0.42,1462500.0,1462500.0,2027.0,2026-10-03T20:07:02.636796+00:00
WAS,Jordan Magee,90472,LB,25.0,IR,IR: HAMSTRING,1178687.0,0.39,196494.0,1085880.0,2028.0,2026-10-03T20:07:02.636796+00:00
WAS,Deatrich Wise,21873,ED,32.0,PUP,/PUP: UNDISCLOSED,1308889.0,0.43,1308889.0,1308889.0,2027.0,2026-10-03T20:07:02.636796+00:00
WAS,Trenton Scott,25422,T,32.0,PS,,411300.0,0.14,,411300.0,,2026-10-03T20:07:02.636796+00:00
WAS,Byron Cowart,29207,DL,30.0,PS,,411300.0,0.14,,411300.0,,2026-10-03T20:07:02.636796+00:00
WAS,Craig Reynolds,30074,RB,30.0,PS,,411300.0,0.14,,411300.0,,2026-10-03T20:07:02.636796+00:00
WAS,Terell Smith,82469,CB,27.0,PS,,330300.0,0.11,,330300.0,,2026-10-03T20:07:02.636796+00:00
WAS,Julian Good-Jones,48053,C,29.0,PS,,247500.0,0.08,,247500.0,,2026-10-03T20:07:02.636796+00:00
WAS,Sam Hartman,90595,QB,27.0,PS,,247500.0,0.08,,247500.0,,2026-10-03T20:07:02.636796+00:00
WAS,Jack Westover,91022,TE,27.0,PS,,247500.0,0.08,,247500.0,,2026-10-03T20:07:02.636796+00:00
WAS,Joshua Simon,98278,TE,26.0,PS,,247500.0,0.08,,247500.0,,2026-10-03T20:07:02.636796+00:00
WAS,Esa Pole,98346,T,25.0,PS,,247500.0,0.08,,247500.0,,2026-10-03T20:07:02.636796+00:00
WAS,Ale Kaho,98350,LB,26.0,PS,,247500.0,0.08,,247500.0,,2026-10-03T20:07:02.636796+00:00
WAS,Robert Henry,107579,RB,24.0,PS,,247500.0,0.08,,247500.0,,2026-10-03T20:07:02.636796+00:00
WAS,Jaden Bradley,108033,WR,23.0,PS,,247500.0,0.08,,247500.0,,2026-10-03T20:07:02.636796+00:00
WAS,Fred Davis,108034,CB,24.0,PS,,247500.0,0.08,,247500.0,,2026-10-03T20:07:02.636796+00:00
WAS,Ricky Barber,98184,DL,25.0,PS,,233750.0,0.08,,233750.0,,2026-10-03T20:07:02.636796+00:00
WAS,Austin Keys,98207,LB,24.0,PS,,233750.0,0.08,,233750.0,,2026-10-03T20:07:02.636796+00:00
WAS,Charles Snowden,72662,ED,28.0,PS,,192500.0,0.06,,192500.0,,2026-10-03T20:07:02.636796+00:00
WAS,Jeffrey M'ba,107685,DL,27.0,PS,,,,,,,2026-10-03T20:07:02.636796+00:00
