player_id,player_display_name,position,recent_team,stats_as_of_season,stats_as_of_week,next_season,next_week,next_opponent,next_gameday,prop_type,stat_name,proxy_line,predicted_prob_over,raw_prob_over,confidence
00-0035286,Cole Holcomb,LB,PIT,2025,19,2026,5,IND,11/10,sacks,sacks,0.0,0.008899878710508347,0.008899878710508347,0.9822002425789833
00-0037003,Chazz Surratt,LB,SEA,2025,12,2026,5,SF,11/10,sacks,sacks,0.0,0.009471100755035877,0.009471100755035877,0.9810577984899282
00-0040613,Shaun Dolac,LB,LA,2025,18,2026,5,BUF,12/10,sacks,sacks,0.0,0.009472760371863842,0.009472760371863842,0.9810544792562723
00-0040624,Elijah Williams,DE,MIN,2025,17,2026,5,NO,11/10,sacks,sacks,0.0,0.01355873141437769,0.01355873141437769,0.9728825371712446
00-0039831,Kamal Hadden,CB,GB,2025,12,2026,5,CHI,11/10,sacks,sacks,0.0,0.014207268133759499,0.014207268133759499,0.971585463732481
00-0040585,Ty Hamilton,DT,LA,2025,21,2026,5,BUF,12/10,sacks,sacks,0.0,0.0148930000141263,0.0148930000141263,0.9702139999717474
00-0040261,Easton Mascarenas-Arnold,LB,CLE,2025,2,2026,5,NYJ,11/10,sacks,sacks,0.0,0.016782162711024284,0.016782162711024284,0.9664356745779514
00-0040668,Shedeur Sanders,QB,CLE,2025,11,2026,5,NYJ,11/10,period_first_touchdown_scored_qb,period_first_touchdown_scored,0.5,0.016870614858113298,0.016870614858113298,0.9662587702837734
00-0034855,Baker Mayfield,QB,TB,2026,3,2026,5,DAL,08/10,period_first_touchdown_scored_qb,period_first_touchdown_scored,0.5,0.017350304667602113,0.017350304667602113,0.9652993906647958
00-0036442,Joe Burrow,QB,CIN,2024,13,2026,5,MIA,11/10,period_first_touchdown_scored_qb,period_first_touchdown_scored,0.5,0.01749608822393405,0.01749608822393405,0.9650078235521319
00-0039163,C.J. Stroud,QB,HOU,2026,1,2026,5,TEN,11/10,period_first_touchdown_scored_qb,period_first_touchdown_scored,0.5,0.018024422602993754,0.018024422602993754,0.9639511547940125
00-0041251,Jalon Daniels,QB,TB,2026,4,2026,5,DAL,08/10,period_first_touchdown_scored_qb,period_first_touchdown_scored,0.5,0.018068605620382414,0.018068605620382414,0.9638627887592351
00-0039376,Spencer Rattler,QB,NO,2025,15,2026,5,MIN,11/10,period_1_rush_rec_tds_qb,period_1_rush_rec_tds,0.5,0.01846569785695293,0.01846569785695293,0.9630686042860941
00-0038416,Tyson Bagent,QB,CHI,2025,2,2026,5,GB,11/10,period_first_touchdown_scored_qb,period_first_touchdown_scored,0.5,0.018603450607313096,0.018603450607313096,0.9627930987853738
00-0038694,Brandon Pili,DT,SEA,2025,21,2026,5,SF,11/10,sacks,sacks,0.0,0.01882670260965824,0.01882670260965824,0.9623465947806835
00-0040066,Jackson Woodard,LB,MIA,2025,16,2026,5,CIN,11/10,sacks,sacks,0.0,0.018827423453330994,0.018827423453330994,0.962345153093338
00-0040668,Shedeur Sanders,QB,CLE,2025,11,2026,5,NYJ,11/10,period_1_rush_rec_tds_qb,period_1_rush_rec_tds,0.5,0.019175689710620624,0.019175689710620624,0.9616486205787588
00-0041117,Athan Kaliakmanis,QB,WAS,2026,4,2026,5,NYG,11/10,period_1_rush_rec_tds_qb,period_1_rush_rec_tds,0.5,0.019684892805082087,0.019684892805082087,0.9606302143898359
00-0034869,Sam Darnold,QB,SEA,2025,4,2026,5,SF,11/10,period_first_touchdown_scored_qb,period_first_touchdown_scored,0.5,0.01972266286424288,0.01972266286424288,0.9605546742715142
00-0039064,Zay Flowers,WR,BAL,2026,4,2026,5,ATL,11/10,period_1_2_receiving_yds,period_1_2_receiving_yds,99.3,0.020017458790165477,0.020017458790165477,0.959965082419669
00-0034855,Baker Mayfield,QB,TB,2026,3,2026,5,DAL,08/10,period_1_rush_rec_tds_qb,period_1_rush_rec_tds,0.5,0.02008602173114349,0.02008602173114349,0.959827956537713
00-0039163,C.J. Stroud,QB,HOU,2026,1,2026,5,TEN,11/10,period_1_rush_rec_tds_qb,period_1_rush_rec_tds,0.5,0.020301617804002657,0.020301617804002657,0.9593967643919947
00-0041326,CJ Donaldson,RB,NO,2026,1,2026,5,MIN,11/10,period_1_rush_rec_tds,period_1_rush_rec_tds,0.5,0.020392795527983894,0.020392795527983894,0.9592144089440322
00-0036264,Jordan Love,QB,GB,2025,19,2026,5,CHI,11/10,period_1_rush_rec_tds_qb,period_1_rush_rec_tds,0.5,0.020488808305385926,0.020488808305385926,0.9590223833892282
00-0040398,Brady Cook,QB,NYJ,2025,15,2026,5,CLE,11/10,period_1_rush_rec_tds_qb,period_1_rush_rec_tds,0.5,0.020587343380082078,0.020587343380082078,0.9588253132398359
00-0037013,Zach Wilson,QB,NYJ,2023,15,2026,5,CLE,11/10,period_1_rush_rec_tds_qb,period_1_rush_rec_tds,0.5,0.020792161375261572,0.020792161375261572,0.9584156772494768
00-0039150,Bryce Young,QB,CAR,2026,4,2026,6,PHI,18/10,period_1_rush_rec_tds_qb,period_1_rush_rec_tds,0.5,0.02090617302544609,0.02090617302544609,0.9581876539491079
00-0033106,Jared Goff,QB,DET,2021,4,2026,5,ARI,11/10,period_first_touchdown_scored_qb,period_first_touchdown_scored,0.5,0.02091412713659394,0.02091412713659394,0.9581717457268121
00-0037013,Zach Wilson,QB,NYJ,2023,15,2026,5,CLE,11/10,period_first_touchdown_scored_qb,period_first_touchdown_scored,0.5,0.02110398598351139,0.02110398598351139,0.9577920280329772
00-0040043,Justin Barron,LB,DAL,2025,17,2026,5,TB,08/10,sacks,sacks,0.0,0.021441716700792313,0.021441716700792313,0.9571165665984154
00-0035289,Gardner Minshew,QB,PHI,2022,13,2026,5,JAX,11/10,period_1_rush_rec_tds_qb,period_1_rush_rec_tds,0.5,0.02146099138289477,0.02146099138289477,0.9570780172342105
00-0036264,Jordan Love,QB,GB,2025,19,2026,5,CHI,11/10,period_first_touchdown_scored_qb,period_first_touchdown_scored,0.5,0.021501409951440724,0.021501409951440724,0.9569971800971185
00-0040894,Malik Benson,WR,LV,2026,1,2026,5,NE,11/10,period_1_rush_rec_tds,period_1_rush_rec_tds,0.5,0.0216389694121627,0.0216389694121627,0.9567220611756746
00-0034869,Sam Darnold,QB,SEA,2025,4,2026,5,SF,11/10,period_1_rush_rec_tds_qb,period_1_rush_rec_tds,0.5,0.02164871685907261,0.02164871685907261,0.9567025662818548
00-0039796,Rasheen Ali,RB,BAL,2024,18,2026,5,ATL,11/10,period_1_rush_rec_tds,period_1_rush_rec_tds,0.5,0.02173550630921572,0.02173550630921572,0.9565289873815686
00-0040646,Jalen Royals,WR,KC,2025,18,2026,6,LAC,18/10,period_1_rush_rec_tds,period_1_rush_rec_tds,0.5,0.021761625292788543,0.021761625292788543,0.956476749414423
00-0026498,Matthew Stafford,QB,DET,2016,14,2026,5,ARI,11/10,period_first_touchdown_scored_qb,period_first_touchdown_scored,0.5,0.021836893731568607,0.021836893731568607,0.9563262125368628
00-0040045,Alijah Clark,DB,DAL,2025,17,2026,5,TB,08/10,sacks,sacks,0.0,0.021883301436901093,0.021883301436901093,0.9562333971261978
00-0031503,Jameis Winston,QB,NO,2022,3,2026,5,MIN,11/10,period_1_rush_rec_tds_qb,period_1_rush_rec_tds,0.5,0.021949119943564393,0.021949119943564393,0.9561017601128712
00-0036442,Joe Burrow,QB,CIN,2024,13,2026,5,MIA,11/10,period_1_rush_rec_tds_qb,period_1_rush_rec_tds,0.5,0.022022967932597847,0.022022967932597847,0.9559540641348043
00-0037077,Sam Howell,QB,WAS,2023,16,2026,5,NYG,11/10,period_1_rush_rec_tds_qb,period_1_rush_rec_tds,0.5,0.022023395696663447,0.022023395696663447,0.9559532086066731
00-0041529,Kevin Coleman Jr.,WR,MIA,2026,4,2026,5,CIN,11/10,period_1_rush_rec_tds,period_1_rush_rec_tds,0.5,0.0220339368177675,0.0220339368177675,0.955932126364465
00-0033873,Patrick Mahomes,QB,KC,2026,4,2026,6,LAC,18/10,period_1_rush_rec_tds_qb,period_1_rush_rec_tds,0.5,0.022230735355776993,0.022230735355776993,0.955538529288446
00-0023459,Aaron Rodgers,QB,GB,2020,1,2026,5,CHI,11/10,period_1_rush_rec_tds_qb,period_1_rush_rec_tds,0.5,0.022318086922201986,0.022318086922201986,0.955363826155596
00-0039376,Spencer Rattler,QB,NO,2025,15,2026,5,MIN,11/10,period_first_touchdown_scored_qb,period_first_touchdown_scored,0.5,0.022365151751822784,0.022365151751822784,0.9552696964963544
00-0034391,Siran Neal,DB,SF,2025,20,2026,5,SEA,11/10,sacks,sacks,0.0,0.022389616817235947,0.022389616817235947,0.9552207663655281
00-0039150,Bryce Young,QB,CAR,2026,4,2026,6,PHI,18/10,period_first_touchdown_scored_qb,period_first_touchdown_scored,0.5,0.02239739552401897,0.02239739552401897,0.955205208951962
00-0032268,Marcus Mariota,QB,WAS,2026,4,2026,5,NYG,11/10,period_first_touchdown_scored_qb,period_first_touchdown_scored,0.5,0.02240975670608127,0.02240975670608127,0.9551804865878375
00-0041117,Athan Kaliakmanis,QB,WAS,2026,4,2026,5,NYG,11/10,period_first_touchdown_scored_qb,period_first_touchdown_scored,0.5,0.022632990425438395,0.022632990425438395,0.9547340191491233
00-0038416,Tyson Bagent,QB,CHI,2025,2,2026,5,GB,11/10,period_1_rush_rec_tds_qb,period_1_rush_rec_tds,0.5,0.022704148573345604,0.022704148573345604,0.9545917028533087
00-0032268,Marcus Mariota,QB,WAS,2026,4,2026,5,NYG,11/10,period_1_rush_rec_tds_qb,period_1_rush_rec_tds,0.5,0.022755656778861367,0.022755656778861367,0.9544886864422772
00-0033873,Patrick Mahomes,QB,KC,2026,4,2026,6,LAC,18/10,period_first_touchdown_scored_qb,period_first_touchdown_scored,0.5,0.02289475679148119,0.02289475679148119,0.9542104864170377
00-0038399,Zaire Barnes,LB,NYG,2025,18,2026,5,WAS,11/10,sacks,sacks,0.1,0.02293095365166664,0.02293095365166664,0.9541380926966667
00-0026498,Matthew Stafford,QB,DET,2016,14,2026,5,ARI,11/10,period_1_rush_rec_tds_qb,period_1_rush_rec_tds,0.5,0.022989349085162175,0.022989349085162175,0.9540213018296757
00-0023459,Aaron Rodgers,QB,GB,2020,1,2026,5,CHI,11/10,period_first_touchdown_scored_qb,period_first_touchdown_scored,0.5,0.02299792703524327,0.02299792703524327,0.9540041459295134
00-0039796,Rasheen Ali,RB,BAL,2024,18,2026,5,ATL,11/10,period_first_touchdown_scored,period_first_touchdown_scored,0.5,0.023125380598924234,0.023125380598924234,0.9537492388021516
00-0037077,Sam Howell,QB,WAS,2023,16,2026,5,NYG,11/10,period_first_touchdown_scored_qb,period_first_touchdown_scored,0.5,0.023270821776172897,0.023270821776172897,0.9534583564476542
00-0041326,CJ Donaldson,RB,NO,2026,1,2026,5,MIN,11/10,period_first_touchdown_scored,period_first_touchdown_scored,0.5,0.023332695931804343,0.023332695931804343,0.9533346081363914
00-0039062,Jonathan Mingo,WR,DAL,2025,14,2026,5,TB,08/10,period_1_rush_rec_tds,period_1_rush_rec_tds,0.5,0.023346876597608462,0.023346876597608462,0.953306246804783
00-0036157,Kristian Welch,LB,BAL,2021,1,2026,5,ATL,11/10,sacks,sacks,0.0,0.02346021868288517,0.02346021868288517,0.9530795626342297
00-0037259,Micah McFadden,LB,NYG,2025,1,2026,5,WAS,11/10,sacks,sacks,0.0,0.02346021868288517,0.02346021868288517,0.9530795626342297
00-0038624,Ameer Speed,CB,HOU,2025,14,2026,5,TEN,11/10,sacks,sacks,0.0,0.023522676900029182,0.023522676900029182,0.9529546461999416
00-0038521,Reese Taylor,DB,DEN,2025,21,2026,5,LAC,11/10,sacks,sacks,0.0,0.02354823797941208,0.02354823797941208,0.9529035240411758
00-0040894,Malik Benson,WR,LV,2026,1,2026,5,NE,11/10,period_first_touchdown_scored,period_first_touchdown_scored,0.5,0.02359350157352313,0.02359350157352313,0.9528129968529537
00-0027973,Andy Dalton,QB,CIN,2016,13,2026,5,MIA,11/10,period_first_touchdown_scored_qb,period_first_touchdown_scored,0.5,0.023642931889415172,0.023642931889415172,0.9527141362211696
00-0040646,Jalen Royals,WR,KC,2025,18,2026,6,LAC,18/10,period_first_touchdown_scored,period_first_touchdown_scored,0.5,0.023688955849851877,0.023688955849851877,0.9526220883002963
00-0040228,Cody Lindenberg,LB,LV,2025,18,2026,5,NE,11/10,sacks,sacks,0.0,0.02371019683778286,0.02371019683778286,0.9525796063244343
00-0041251,Jalon Daniels,QB,TB,2026,4,2026,5,DAL,08/10,period_1_rush_rec_tds_qb,period_1_rush_rec_tds,0.5,0.023739391023167845,0.023739391023167845,0.9525212179536643
00-0033119,Jacoby Brissett,QB,ARI,2026,4,2026,5,DET,11/10,period_first_touchdown_scored_qb,period_first_touchdown_scored,0.5,0.02376203592126977,0.02376203592126977,0.9524759281574604
00-0036425,DeeJay Dallas,RB,ARI,2024,9,2026,5,DET,11/10,period_first_touchdown_scored,period_first_touchdown_scored,0.5,0.023889882386407733,0.023889882386407733,0.9522202352271846
00-0038890,Shaka Heyward,LB,CIN,2025,18,2026,5,MIA,11/10,sacks,sacks,0.0,0.02392294816672802,0.02392294816672802,0.952154103666544
00-0041067,Bryce Lance,WR,NO,2026,4,2026,5,MIN,11/10,period_1_rush_rec_tds,period_1_rush_rec_tds,0.5,0.024006427577576418,0.024006427577576418,0.9519871448448471
00-0040398,Brady Cook,QB,NYJ,2025,15,2026,5,CLE,11/10,period_first_touchdown_scored_qb,period_first_touchdown_scored,0.5,0.024079960542334588,0.024079960542334588,0.9518400789153308
00-0037132,Britain Covey,WR,PHI,2025,18,2026,5,JAX,11/10,period_1_rush_rec_tds,period_1_rush_rec_tds,0.5,0.02409542780087808,0.02409542780087808,0.9518091443982438
00-0038476,Tommy DeVito,QB,NE,2026,3,2026,5,LV,11/10,period_1_rush_rec_tds_qb,period_1_rush_rec_tds,0.5,0.024132639313741207,0.024132639313741207,0.9517347213725176
00-0040056,Jared Ivey,LB,SEA,2025,6,2026,5,SF,11/10,sacks,sacks,0.0,0.024178996682167053,0.024178996682167053,0.9516420066356659
00-0037594,Julius Chestnut,RB,TEN,2025,12,2026,5,HOU,11/10,period_1_rush_rec_tds,period_1_rush_rec_tds,0.5,0.024284613748392553,0.024284613748392553,0.951430772503215
00-0036425,DeeJay Dallas,RB,ARI,2024,9,2026,5,DET,11/10,period_1_rush_rec_tds,period_1_rush_rec_tds,0.5,0.024316451207949383,0.024316451207949383,0.9513670975841012
00-0041550,Brenen Thompson,WR,LAC,2026,2,2026,5,DEN,11/10,period_1_rush_rec_tds,period_1_rush_rec_tds,0.5,0.024329245730526024,0.024329245730526024,0.9513415085389479
00-0041529,Kevin Coleman Jr.,WR,MIA,2026,4,2026,5,CIN,11/10,period_first_touchdown_scored,period_first_touchdown_scored,0.5,0.02444774660954106,0.02444774660954106,0.9511045067809178
00-0039062,Jonathan Mingo,WR,DAL,2025,14,2026,5,TB,08/10,period_first_touchdown_scored,period_first_touchdown_scored,0.5,0.02451403219582311,0.02451403219582311,0.9509719356083538
00-0039923,J.J. McCarthy,QB,MIN,2025,18,2026,5,NO,11/10,period_1_rush_rec_tds_qb,period_1_rush_rec_tds,0.5,0.024559522670928726,0.024559522670928726,0.9508809546581426
00-0028118,Tyrod Taylor,QB,NYJ,2025,14,2026,5,CLE,11/10,period_1_rush_rec_tds_qb,period_1_rush_rec_tds,0.5,0.0245796568972015,0.0245796568972015,0.950840686205597
00-0037085,Tyler Badie,RB,DEN,2025,16,2026,5,LAC,11/10,period_1_rush_rec_tds,period_1_rush_rec_tds,0.5,0.024603354055958638,0.024603354055958638,0.9507932918880827
00-0040449,Karene Reid,LB,DEN,2025,10,2026,5,LAC,11/10,sacks,sacks,0.0,0.02466168813407421,0.02466168813407421,0.9506766237318516
00-0036331,Devin Duvernay,WR,JAX,2024,1,2026,5,PHI,11/10,period_1_rush_rec_tds,period_1_rush_rec_tds,0.5,0.02472128163252706,0.02472128163252706,0.9505574367349459
00-0040867,Makai Lemon,WR,PHI,2026,4,2026,5,JAX,11/10,period_1_rush_rec_tds,period_1_rush_rec_tds,0.5,0.024781189486236435,0.024781189486236435,0.9504376210275272
00-0034639,Mike Ford,DB,ATL,2025,18,2026,5,BAL,11/10,sacks,sacks,0.0,0.02508009597659111,0.02508009597659111,0.9498398080468178
00-0037594,Julius Chestnut,RB,TEN,2025,12,2026,5,HOU,11/10,period_first_touchdown_scored,period_first_touchdown_scored,0.5,0.025355577183766114,0.025355577183766114,0.9492888456324677
00-0037457,Jake Hansen,LB,HOU,2025,16,2026,5,TEN,11/10,sacks,sacks,0.0,0.025355687364935875,0.025355687364935875,0.9492886252701283
00-0036648,Nick Niemann,LB,GB,2025,2,2026,5,CHI,11/10,sacks,sacks,0.0,0.025564100593328476,0.025564100593328476,0.948871798813343
00-0035228,Kyler Murray,QB,MIN,2026,4,2026,5,NO,11/10,period_first_touchdown_scored_qb,period_first_touchdown_scored,0.5,0.02572137662744431,0.02572137662744431,0.9485572467451113
00-0041550,Brenen Thompson,WR,LAC,2026,2,2026,5,DEN,11/10,period_first_touchdown_scored,period_first_touchdown_scored,0.5,0.02576455266310881,0.02576455266310881,0.9484708946737824
00-0035409,Shy Tuttle,DT,WAS,2025,18,2026,5,NYG,11/10,sacks,sacks,0.0,0.02576509490609169,0.02576509490609169,0.9484698101878166
00-0040460,Marlowe Wax,LB,LAC,2025,19,2026,5,DEN,11/10,sacks,sacks,0.0,0.025854848325252533,0.025854848325252533,0.9482903033494949
00-0040886,Nicholas Singleton,RB,TEN,2026,4,2026,5,HOU,11/10,period_1_rush_rec_tds,period_1_rush_rec_tds,0.5,0.025908003545694384,0.025908003545694384,0.9481839929086112
00-0036972,Mac Jones,QB,SF,2026,2,2026,5,SEA,11/10,period_1_rush_rec_tds_qb,period_1_rush_rec_tds,0.5,0.025935875940473085,0.025935875940473085,0.9481282481190538
00-0038476,Tommy DeVito,QB,NE,2026,3,2026,5,LV,11/10,period_first_touchdown_scored_qb,period_first_touchdown_scored,0.5,0.025961112568370567,0.025961112568370567,0.9480777748632588
00-0034272,Marquez Valdes-Scantling,WR,LAC,2026,4,2026,5,DEN,11/10,period_1_rush_rec_tds,period_1_rush_rec_tds,0.5,0.02600076598634395,0.02600076598634395,0.9479984680273121
00-0038128,Malik Willis,QB,MIA,2026,4,2026,5,CIN,11/10,period_first_touchdown_scored_qb,period_first_touchdown_scored,0.5,0.02604564731223394,0.02604564731223394,0.9479087053755321
00-0037085,Tyler Badie,RB,DEN,2025,16,2026,5,LAC,11/10,period_first_touchdown_scored,period_first_touchdown_scored,0.5,0.026185676211385657,0.026185676211385657,0.9476286475772286
00-0040208,Tahj Brooks,RB,CIN,2025,17,2026,5,MIA,11/10,period_first_touchdown_scored,period_first_touchdown_scored,0.5,0.026256544832444016,0.026256544832444016,0.947486910335112
00-0039357,Decamerion Richardson,CB,LV,2025,2,2026,5,NE,11/10,sacks,sacks,0.0,0.02629448100924492,0.02629448100924492,0.9474110379815102
00-0039875,Ray Davis,RB,BUF,2026,4,2026,5,LA,12/10,period_1_rush_rec_tds,period_1_rush_rec_tds,0.5,0.026347046329537993,0.026347046329537993,0.947305907340924
00-0036849,Tutu Atwell,WR,LA,2025,3,2026,5,BUF,12/10,period_1_rush_rec_tds,period_1_rush_rec_tds,0.5,0.026349900268361686,0.026349900268361686,0.9473001994632766
00-0033106,Jared Goff,QB,DET,2021,4,2026,5,ARI,11/10,period_1_rush_rec_tds_qb,period_1_rush_rec_tds,0.5,0.026368206923830177,0.026368206923830177,0.9472635861523396
00-0037741,Jahan Dotson,WR,PHI,2024,9,2026,5,JAX,11/10,period_1_rush_rec_tds,period_1_rush_rec_tds,0.5,0.026379126227768973,0.026379126227768973,0.9472417475444621
00-0033854,Dare Ogunbowale,RB,HOU,2025,8,2026,5,TEN,11/10,period_1_rush_rec_tds,period_1_rush_rec_tds,0.5,0.026393586324341033,0.026393586324341033,0.947212827351318
00-0037132,Britain Covey,WR,PHI,2025,18,2026,5,JAX,11/10,period_first_touchdown_scored,period_first_touchdown_scored,0.5,0.02644243069708591,0.02644243069708591,0.9471151386058282
00-0038090,Skyy Moore,WR,KC,2024,4,2026,6,LAC,18/10,period_1_rush_rec_tds,period_1_rush_rec_tds,0.5,0.026453222750222643,0.026453222750222643,0.9470935544995547
00-0035289,Gardner Minshew,QB,PHI,2022,13,2026,5,JAX,11/10,period_first_touchdown_scored_qb,period_first_touchdown_scored,0.5,0.026515408308766353,0.026515408308766353,0.9469691833824673
00-0040208,Tahj Brooks,RB,CIN,2025,17,2026,5,MIA,11/10,period_1_rush_rec_tds,period_1_rush_rec_tds,0.5,0.026539977297115568,0.026539977297115568,0.9469200454057689
00-0033854,Dare Ogunbowale,RB,HOU,2025,8,2026,5,TEN,11/10,period_first_touchdown_scored,period_first_touchdown_scored,0.5,0.026567531535562197,0.026567531535562197,0.9468649369288756
00-0036331,Devin Duvernay,WR,JAX,2024,1,2026,5,PHI,11/10,period_first_touchdown_scored,period_first_touchdown_scored,0.5,0.026575857542252685,0.026575857542252685,0.9468482849154947
00-0036980,Elijah Moore,WR,DEN,2025,21,2026,5,LAC,11/10,period_1_rush_rec_tds,period_1_rush_rec_tds,0.5,0.02658586298835586,0.02658586298835586,0.9468282740232883
00-0041436,DJ Herman,RB,MIA,2026,2,2026,5,CIN,11/10,period_1_rush_rec_tds,period_1_rush_rec_tds,0.5,0.02659177543671176,0.02659177543671176,0.9468164491265765
00-0039874,Jaylen Wright,RB,MIA,2026,4,2026,5,CIN,11/10,period_1_rush_rec_tds,period_1_rush_rec_tds,0.5,0.026613906501183515,0.026613906501183515,0.946772186997633
00-0041096,Kaytron Allen,RB,WAS,2026,4,2026,5,NYG,11/10,period_1_rush_rec_tds,period_1_rush_rec_tds,0.5,0.02663325628742822,0.02663325628742822,0.9467334874251435
00-0035594,Travis Homer,RB,PIT,2026,4,2026,5,IND,11/10,period_1_rush_rec_tds,period_1_rush_rec_tds,0.5,0.026690234874990452,0.026690234874990452,0.9466195302500191
00-0036862,Ben Skowronek,WR,LA,2023,9,2026,5,BUF,12/10,period_1_rush_rec_tds,period_1_rush_rec_tds,0.5,0.026716680772114167,0.026716680772114167,0.9465666384557717
00-0040634,Jordan Turner,LB,DEN,2025,21,2026,5,LAC,11/10,sacks,sacks,0.0,0.02682582102715969,0.02682582102715969,0.9463483579456806
00-0036849,Tutu Atwell,WR,LA,2025,3,2026,5,BUF,12/10,period_first_touchdown_scored,period_first_touchdown_scored,0.5,0.026865226379285952,0.026865226379285952,0.9462695472414281
00-0041067,Bryce Lance,WR,NO,2026,4,2026,5,MIN,11/10,period_first_touchdown_scored,period_first_touchdown_scored,0.5,0.026866242169281192,0.026866242169281192,0.9462675156614376
00-0040177,Jordan James,RB,SF,2026,2,2026,5,SEA,11/10,period_1_rush_rec_tds,period_1_rush_rec_tds,0.5,0.02689011714044956,0.02689011714044956,0.9462197657191009
00-0037106,Jaylon Jones,DB,CHI,2025,20,2026,5,GB,11/10,sacks,sacks,0.0,0.02692146599292755,0.02692146599292755,0.9461570680141449
00-0036842,Kene Nwangwu,RB,NYJ,2025,18,2026,5,CLE,11/10,period_1_rush_rec_tds,period_1_rush_rec_tds,0.5,0.02695727643607846,0.02695727643607846,0.946085447127843
00-0039875,Ray Davis,RB,BUF,2026,4,2026,5,LA,12/10,period_first_touchdown_scored,period_first_touchdown_scored,0.5,0.026958070484042418,0.026958070484042418,0.9460838590319152
00-0040867,Makai Lemon,WR,PHI,2026,4,2026,5,JAX,11/10,period_first_touchdown_scored,period_first_touchdown_scored,0.5,0.027056830031348622,0.027056830031348622,0.9458863399373028
00-0040556,Corey Kiner,RB,NE,2026,3,2026,5,LV,11/10,period_1_rush_rec_tds,period_1_rush_rec_tds,0.5,0.027085659069883024,0.027085659069883024,0.9458286818602339
00-0035594,Travis Homer,RB,PIT,2026,4,2026,5,IND,11/10,period_first_touchdown_scored,period_first_touchdown_scored,0.5,0.02723191325527255,0.02723191325527255,0.945536173489455
00-0036422,Adam Trautman,TE,NO,2022,15,2026,5,MIN,11/10,period_1_rush_rec_tds,period_1_rush_rec_tds,0.5,0.027239354552066445,0.027239354552066445,0.9455212908958671
00-0041436,DJ Herman,RB,MIA,2026,2,2026,5,CIN,11/10,period_first_touchdown_scored,period_first_touchdown_scored,0.5,0.02725892388053958,0.02725892388053958,0.9454821522389208
00-0033077,Dak Prescott,QB,DAL,2026,4,2026,5,TB,08/10,period_first_touchdown_scored_qb,period_first_touchdown_scored,0.5,0.027263646130674127,0.027263646130674127,0.9454727077386518
00-0033119,Jacoby Brissett,QB,ARI,2026,4,2026,5,DET,11/10,period_1_rush_rec_tds_qb,period_1_rush_rec_tds,0.5,0.02734016081196159,0.02734016081196159,0.9453196783760768
00-0039923,J.J. McCarthy,QB,MIN,2025,18,2026,5,NO,11/10,period_first_touchdown_scored_qb,period_first_touchdown_scored,0.5,0.027347942367807417,0.027347942367807417,0.9453041152643852
00-0038580,Yasir Abdullah,LB,JAX,2025,19,2026,5,PHI,11/10,sacks,sacks,0.0,0.027348903939127922,0.027348903939127922,0.9453021921217442
00-0034248,Elijah Campbell,DB,MIA,2025,14,2026,5,CIN,11/10,sacks,sacks,0.0,0.027352480217814445,0.027352480217814445,0.9452950395643711
00-0036862,Ben Skowronek,WR,LA,2023,9,2026,5,BUF,12/10,period_first_touchdown_scored,period_first_touchdown_scored,0.5,0.027385614001296226,0.027385614001296226,0.9452287719974075
00-0034365,Ian Thomas,TE,CAR,2020,15,2026,6,PHI,18/10,period_1_rush_rec_tds,period_1_rush_rec_tds,0.5,0.02739166715225339,0.02739166715225339,0.9452166656954932
00-0041489,Germie Bernard,WR,PIT,2026,4,2026,5,IND,11/10,period_1_rush_rec_tds,period_1_rush_rec_tds,0.5,0.027396763512914746,0.027396763512914746,0.9452064729741705
00-0041558,Sam Roush,TE,CHI,2026,2,2026,5,GB,11/10,period_1_rush_rec_tds,period_1_rush_rec_tds,0.5,0.027409827772139437,0.027409827772139437,0.9451803444557211
00-0033858,Jonnu Smith,TE,GB,2026,4,2026,5,CHI,11/10,period_1_rush_rec_tds,period_1_rush_rec_tds,0.5,0.027454665240584084,0.027454665240584084,0.9450906695188318
00-0033077,Dak Prescott,QB,DAL,2026,4,2026,5,TB,08/10,period_1_rush_rec_tds_qb,period_1_rush_rec_tds,0.5,0.02746913392182152,0.02746913392182152,0.9450617321563569
00-0039814,Erick All,TE,CIN,2024,7,2026,5,MIA,11/10,period_1_rush_rec_tds,period_1_rush_rec_tds,0.5,0.02749097655949335,0.02749097655949335,0.9450180468810133
00-0036876,Kylen Granson,TE,IND,2024,2,2026,5,PIT,11/10,period_1_rush_rec_tds,period_1_rush_rec_tds,0.5,0.027509132192873893,0.027509132192873893,0.9449817356142522
00-0039814,Erick All,TE,CIN,2024,7,2026,5,MIA,11/10,period_first_touchdown_scored,period_first_touchdown_scored,0.5,0.02752346717926895,0.02752346717926895,0.9449530656414621
00-0037304,Connor Heyward,TE,PIT,2024,5,2026,5,IND,11/10,period_first_touchdown_scored,period_first_touchdown_scored,0.5,0.027524717622336867,0.027524717622336867,0.9449505647553262
00-0031503,Jameis Winston,QB,NO,2022,3,2026,5,MIN,11/10,period_first_touchdown_scored_qb,period_first_touchdown_scored,0.5,0.02755551854104689,0.02755551854104689,0.9448889629179062
00-0040886,Nicholas Singleton,RB,TEN,2026,4,2026,5,HOU,11/10,period_first_touchdown_scored,period_first_touchdown_scored,0.5,0.027600593605353524,0.027600593605353524,0.944798812789293
00-0040662,Ty Robinson,DT,PHI,2025,18,2026,5,JAX,11/10,sacks,sacks,0.0,0.027610717341303825,0.027610717341303825,0.9447785653173923
00-0038685,Chris Brooks,RB,GB,2026,4,2026,5,CHI,11/10,period_1_rush_rec_tds,period_1_rush_rec_tds,0.5,0.02761316435416261,0.02761316435416261,0.9447736712916748
00-0037304,Connor Heyward,TE,PIT,2024,5,2026,5,IND,11/10,period_1_rush_rec_tds,period_1_rush_rec_tds,0.5,0.02763859131918684,0.02763859131918684,0.9447228173616263
00-0036124,Khalil Dorsey,CB,DET,2025,18,2026,5,ARI,11/10,sacks,sacks,0.0,0.027704229578375816,0.027704229578375816,0.9445915408432484
00-0033869,Mitchell Trubisky,QB,PIT,2022,6,2026,5,IND,11/10,period_first_touchdown_scored_qb,period_first_touchdown_scored,0.5,0.027728617840171617,0.027728617840171617,0.9445427643196568
00-0039874,Jaylen Wright,RB,MIA,2026,4,2026,5,CIN,11/10,period_first_touchdown_scored,period_first_touchdown_scored,0.5,0.027780222777468895,0.027780222777468895,0.9444395544450622
00-0037742,Treylon Burks,WR,WAS,2025,13,2026,5,NYG,11/10,period_1_rush_rec_tds,period_1_rush_rec_tds,0.5,0.027818789080326055,0.027818789080326055,0.9443624218393479
00-0041125,Seth McGowan,RB,IND,2026,4,2026,5,PIT,11/10,period_1_rush_rec_tds,period_1_rush_rec_tds,0.5,0.027853035746463296,0.027853035746463296,0.9442939285070734
00-0038128,Malik Willis,QB,MIA,2026,4,2026,5,CIN,11/10,period_1_rush_rec_tds_qb,period_1_rush_rec_tds,0.5,0.02786362572928687,0.02786362572928687,0.9442727485414263
00-0038101,Akayleb Evans,CB,CAR,2025,19,2026,6,PHI,18/10,sacks,sacks,0.0,0.027887750416994095,0.027887750416994095,0.9442244991660118
00-0033589,David Moore,WR,CAR,2026,3,2026,6,PHI,18/10,period_1_rush_rec_tds,period_1_rush_rec_tds,0.5,0.027922032923608286,0.027922032923608286,0.9441559341527834
00-0034801,Josh Woods,LB,ATL,2025,18,2026,5,BAL,11/10,sacks,sacks,0.0,0.02796129882335663,0.02796129882335663,0.9440774023532867
00-0040948,J. Michael Sturdivant,WR,GB,2026,3,2026,5,CHI,11/10,period_1_rush_rec_tds,period_1_rush_rec_tds,0.5,0.027962585633395515,0.027962585633395515,0.944074828733209
00-0035208,Olamide Zaccheaus,WR,ATL,2026,4,2026,5,BAL,11/10,period_1_rush_rec_tds,period_1_rush_rec_tds,0.5,0.027963541695011352,0.027963541695011352,0.9440729166099773
00-0031236,Brandin Cooks,WR,SF,2026,4,2026,5,SEA,11/10,period_1_rush_rec_tds,period_1_rush_rec_tds,0.5,0.02800257992734176,0.02800257992734176,0.9439948401453164
00-0033869,Mitchell Trubisky,QB,PIT,2022,6,2026,5,IND,11/10,period_1_rush_rec_tds_qb,period_1_rush_rec_tds,0.5,0.028039651377512378,0.028039651377512378,0.9439206972449753
00-0034272,Marquez Valdes-Scantling,WR,LAC,2026,4,2026,5,DEN,11/10,period_first_touchdown_scored,period_first_touchdown_scored,0.5,0.02805377796069005,0.02805377796069005,0.9438924440786199
00-0039746,Will Shipley,RB,PHI,2026,4,2026,5,JAX,11/10,period_1_rush_rec_tds,period_1_rush_rec_tds,0.5,0.02807571288939303,0.02807571288939303,0.9438485742212139
00-0036980,Elijah Moore,WR,DEN,2025,21,2026,5,LAC,11/10,period_first_touchdown_scored,period_first_touchdown_scored,0.5,0.02810758320166986,0.02810758320166986,0.9437848335966603
00-0037742,Treylon Burks,WR,WAS,2025,13,2026,5,NYG,11/10,period_first_touchdown_scored,period_first_touchdown_scored,0.5,0.0281134733768429,0.0281134733768429,0.9437730532463142
00-0040153,Sai'vion Jones,DE,DEN,2025,18,2026,5,LAC,11/10,sacks,sacks,0.0,0.02815772220492363,0.02815772220492363,0.9436845555901527
00-0037120,Tyler Goodson,RB,DAL,2026,4,2026,5,TB,08/10,period_1_rush_rec_tds,period_1_rush_rec_tds,0.5,0.028214896379566836,0.028214896379566836,0.9435702072408664
00-0036527,D.J. Turner,WR,LV,2024,13,2026,5,NE,11/10,period_1_rush_rec_tds,period_1_rush_rec_tds,0.5,0.028268351216045425,0.028268351216045425,0.9434632975679091
00-0040948,J. Michael Sturdivant,WR,GB,2026,3,2026,5,CHI,11/10,period_first_touchdown_scored,period_first_touchdown_scored,0.5,0.028308568448798845,0.028308568448798845,0.9433828631024023
00-0038090,Skyy Moore,WR,KC,2024,4,2026,6,LAC,18/10,period_first_touchdown_scored,period_first_touchdown_scored,0.5,0.028330359253552987,0.028330359253552987,0.943339281492894
00-0032950,Carson Wentz,QB,MIN,2026,2,2026,5,NO,11/10,period_first_touchdown_scored_qb,period_first_touchdown_scored,0.5,0.028352680700499726,0.028352680700499726,0.9432946385990005
00-0036876,Kylen Granson,TE,IND,2024,2,2026,5,PIT,11/10,period_first_touchdown_scored,period_first_touchdown_scored,0.5,0.028406162554780852,0.028406162554780852,0.9431876748904383
00-0036556,Brevin Jordan,TE,HOU,2023,6,2026,5,TEN,11/10,period_first_touchdown_scored,period_first_touchdown_scored,0.5,0.028418359430605847,0.028418359430605847,0.9431632811387883
00-0039751,Jordan Whittington,WR,LA,2025,14,2026,5,BUF,12/10,period_1_rush_rec_tds,period_1_rush_rec_tds,0.5,0.028430644952762037,0.028430644952762037,0.9431387100944759
00-0039751,Jordan Whittington,WR,LA,2025,14,2026,5,BUF,12/10,period_first_touchdown_scored,period_first_touchdown_scored,0.5,0.028444193841313754,0.028444193841313754,0.9431116123173725
00-0036672,Grant Stuard,LB,DET,2025,18,2026,5,ARI,11/10,sacks,sacks,0.0,0.028468498960137367,0.028468498960137367,0.9430630020797253
00-0040782,Isaiah Bond,WR,CLE,2026,4,2026,5,NYJ,11/10,period_first_touchdown_scored,period_first_touchdown_scored,0.5,0.028476701965016938,0.028476701965016938,0.9430465960699661
00-0040177,Jordan James,RB,SF,2026,2,2026,5,SEA,11/10,period_first_touchdown_scored,period_first_touchdown_scored,0.5,0.028541275239505347,0.028541275239505347,0.9429174495209893
00-0041558,Sam Roush,TE,CHI,2026,2,2026,5,GB,11/10,period_first_touchdown_scored,period_first_touchdown_scored,0.5,0.028551104284720984,0.028551104284720984,0.9428977914305581
00-0038705,Emari Demercado,RB,DAL,2026,2,2026,5,TB,08/10,period_1_rush_rec_tds,period_1_rush_rec_tds,0.5,0.028579297061280276,0.028579297061280276,0.9428414058774395
00-0038794,Jaleel McLaughlin,RB,CLE,2026,4,2026,5,NYJ,11/10,period_first_touchdown_scored,period_first_touchdown_scored,0.5,0.028590760633254605,0.028590760633254605,0.9428184787334908
00-0036637,Noah Gray,TE,KC,2025,8,2026,6,LAC,18/10,period_1_rush_rec_tds,period_1_rush_rec_tds,0.5,0.02861330837281991,0.02861330837281991,0.9427733832543602
00-0028986,Case Keenum,QB,LA,2016,4,2026,5,BUF,12/10,period_1_rush_rec_tds_qb,period_1_rush_rec_tds,0.5,0.028633821085078708,0.028633821085078708,0.9427323578298425
00-0033881,Evan Engram,TE,DEN,2026,4,2026,5,LAC,11/10,period_1_rush_rec_tds,period_1_rush_rec_tds,0.5,0.028660472928104596,0.028660472928104596,0.9426790541437908
00-0038840,Brycen Tremayne,WR,CAR,2025,4,2026,6,PHI,18/10,period_1_rush_rec_tds,period_1_rush_rec_tds,0.5,0.0288525624994374,0.0288525624994374,0.9422948750011252
00-0036556,Brevin Jordan,TE,HOU,2023,6,2026,5,TEN,11/10,period_1_rush_rec_tds,period_1_rush_rec_tds,0.5,0.028928099144161595,0.028928099144161595,0.9421438017116768
00-0037741,Jahan Dotson,WR,PHI,2024,9,2026,5,JAX,11/10,period_first_touchdown_scored,period_first_touchdown_scored,0.5,0.02902379488402992,0.02902379488402992,0.9419524102319402
00-0035228,Kyler Murray,QB,MIN,2026,4,2026,5,NO,11/10,period_1_rush_rec_tds_qb,period_1_rush_rec_tds,0.5,0.029028354207937167,0.029028354207937167,0.9419432915841257
00-0038685,Chris Brooks,RB,GB,2026,4,2026,5,CHI,11/10,period_first_touchdown_scored,period_first_touchdown_scored,0.5,0.029032411888077713,0.029032411888077713,0.9419351762238446
00-0041525,Chris Bell,WR,MIA,2026,4,2026,5,CIN,11/10,period_1_rush_rec_tds,period_1_rush_rec_tds,0.5,0.029038775711511935,0.029038775711511935,0.9419224485769762
00-0033858,Jonnu Smith,TE,GB,2026,4,2026,5,CHI,11/10,period_first_touchdown_scored,period_first_touchdown_scored,0.5,0.02907657319204598,0.02907657319204598,0.941846853615908
00-0038705,Emari Demercado,RB,DAL,2026,2,2026,5,TB,08/10,period_first_touchdown_scored,period_first_touchdown_scored,0.5,0.02915267328961177,0.02915267328961177,0.9416946534207764
00-0038621,DeMario Douglas,WR,NE,2026,4,2026,5,LV,11/10,period_1_rush_rec_tds,period_1_rush_rec_tds,0.5,0.029164071495036543,0.029164071495036543,0.941671857009927
00-0037005,Tommy Tremble,TE,CAR,2025,7,2026,6,PHI,18/10,period_1_rush_rec_tds,period_1_rush_rec_tds,0.5,0.02917366359431893,0.02917366359431893,0.9416526728113621
00-0037258,Dameon Pierce,RB,KC,2025,18,2026,6,LAC,18/10,period_1_rush_rec_tds,period_1_rush_rec_tds,0.5,0.02918219575477529,0.02918219575477529,0.9416356084904495
00-0036842,Kene Nwangwu,RB,NYJ,2025,18,2026,5,CLE,11/10,period_first_touchdown_scored,period_first_touchdown_scored,0.5,0.02920810274997414,0.02920810274997414,0.9415837945000517
00-0028986,Case Keenum,QB,LA,2016,4,2026,5,BUF,12/10,period_first_touchdown_scored_qb,period_first_touchdown_scored,0.5,0.029237529793213993,0.029237529793213993,0.941524940413572
00-0037823,Christian Harris,LB,HOU,2025,20,2026,5,TEN,11/10,sacks,sacks,0.0,0.029237570241093636,0.029237570241093636,0.9415248595178127
00-0040556,Corey Kiner,RB,NE,2026,3,2026,5,LV,11/10,period_first_touchdown_scored,period_first_touchdown_scored,0.5,0.029281528568045796,0.029281528568045796,0.9414369428639084
00-0034270,Tyler Conklin,TE,LAC,2025,18,2026,5,DEN,11/10,period_1_rush_rec_tds,period_1_rush_rec_tds,0.5,0.029335076713481532,0.029335076713481532,0.941329846573037
00-0041525,Chris Bell,WR,MIA,2026,4,2026,5,CIN,11/10,period_first_touchdown_scored,period_first_touchdown_scored,0.5,0.02933811662109663,0.02933811662109663,0.9413237667578067
00-0040782,Isaiah Bond,WR,CLE,2026,4,2026,5,NYJ,11/10,period_1_rush_rec_tds,period_1_rush_rec_tds,0.5,0.029355603446191748,0.029355603446191748,0.9412887931076165
00-0032104,Ameer Abdullah,RB,JAX,2026,3,2026,5,PHI,11/10,period_1_rush_rec_tds,period_1_rush_rec_tds,0.5,0.029364382193700692,0.029364382193700692,0.9412712356125986
00-0034365,Ian Thomas,TE,CAR,2020,15,2026,6,PHI,18/10,period_first_touchdown_scored,period_first_touchdown_scored,0.5,0.029370501641786416,0.029370501641786416,0.9412589967164272
00-0038728,Jared Wayne,WR,HOU,2026,3,2026,5,TEN,11/10,period_first_touchdown_scored,period_first_touchdown_scored,0.5,0.02938109810209721,0.02938109810209721,0.9412378037958056
00-0031236,Brandin Cooks,WR,SF,2026,4,2026,5,SEA,11/10,period_first_touchdown_scored,period_first_touchdown_scored,0.5,0.0294213694212258,0.0294213694212258,0.9411572611575484
00-0040132,Landon Jackson,DE,BUF,2025,10,2026,5,LA,12/10,sacks,sacks,0.0,0.0294348057359457,0.0294348057359457,0.9411303885281086
00-0041013,Emmett Johnson,RB,KC,2026,4,2026,6,LAC,18/10,period_1_rush_rec_tds,period_1_rush_rec_tds,0.5,0.029455227198810222,0.029455227198810222,0.9410895456023796
00-0038840,Brycen Tremayne,WR,CAR,2025,4,2026,6,PHI,18/10,period_first_touchdown_scored,period_first_touchdown_scored,0.5,0.029461244765835476,0.029461244765835476,0.9410775104683291
00-0041096,Kaytron Allen,RB,WAS,2026,4,2026,5,NYG,11/10,period_first_touchdown_scored,period_first_touchdown_scored,0.5,0.029478843918079124,0.029478843918079124,0.9410423121638417
00-0037231,Kevin Austin Jr.,WR,NO,2026,2,2026,5,MIN,11/10,period_1_rush_rec_tds,period_1_rush_rec_tds,0.5,0.029482272999529484,0.029482272999529484,0.941035454000941
00-0027973,Andy Dalton,QB,CIN,2016,13,2026,5,MIA,11/10,period_1_rush_rec_tds_qb,period_1_rush_rec_tds,0.5,0.02949383598235976,0.02949383598235976,0.9410123280352805
00-0033757,Robert Tonyan,TE,CHI,2023,6,2026,5,GB,11/10,period_first_touchdown_scored,period_first_touchdown_scored,0.5,0.029524003260440145,0.029524003260440145,0.9409519934791197
00-0038728,Jared Wayne,WR,HOU,2026,3,2026,5,TEN,11/10,period_1_rush_rec_tds,period_1_rush_rec_tds,0.5,0.02952626324699894,0.02952626324699894,0.9409474735060022
00-0041013,Emmett Johnson,RB,KC,2026,4,2026,6,LAC,18/10,period_first_touchdown_scored,period_first_touchdown_scored,0.5,0.029562904745347146,0.029562904745347146,0.9408741905093057
00-0033757,Robert Tonyan,TE,CHI,2023,6,2026,5,GB,11/10,period_1_rush_rec_tds,period_1_rush_rec_tds,0.5,0.029582543034647427,0.029582543034647427,0.9408349139307052
00-0039718,Bo Richter,LB,MIN,2025,18,2026,5,NO,11/10,sacks,sacks,0.0,0.029587406665086746,0.029587406665086746,0.9408251866698265
00-0031450,Josh Harris,RB,PIT,2014,18,2026,5,IND,11/10,period_1_rush_rec_tds,period_1_rush_rec_tds,0.5,0.029622780280821298,0.029622780280821298,0.9407544394383573
00-0040179,DJ Giddens,RB,IND,2025,18,2026,5,PIT,11/10,period_1_rush_rec_tds,period_1_rush_rec_tds,0.5,0.029637047224282904,0.029637047224282904,0.9407259055514342
00-0040072,Jeffrey Bassa,LB,KC,2025,18,2026,6,LAC,18/10,sacks,sacks,0.0,0.029658617451786995,0.029658617451786995,0.940682765096426
00-0037091,Bo Melton,WR,GB,2024,19,2026,5,CHI,11/10,period_1_rush_rec_tds,period_1_rush_rec_tds,0.5,0.02973320337649185,0.02973320337649185,0.9405335932470162
00-0041125,Seth McGowan,RB,IND,2026,4,2026,5,PIT,11/10,period_first_touchdown_scored,period_first_touchdown_scored,0.5,0.02974154975370152,0.02974154975370152,0.940516900492597
00-0040471,Nikko Reed,DB,LAC,2025,17,2026,5,DEN,11/10,sacks,sacks,0.0,0.02985122986137867,0.02985122986137867,0.9402975402772427
00-0038046,Charlie Kolar,TE,BAL,2023,1,2026,5,ATL,11/10,period_1_rush_rec_tds,period_1_rush_rec_tds,0.5,0.029914447733504258,0.029914447733504258,0.9401711045329915
00-0036788,Jack Heflin,DT,LA,2025,18,2026,5,BUF,12/10,sacks,sacks,0.0,0.02991540916264057,0.02991540916264057,0.9401691816747189
00-0035208,Olamide Zaccheaus,WR,ATL,2026,4,2026,5,BAL,11/10,period_first_touchdown_scored,period_first_touchdown_scored,0.5,0.029955063591877343,0.029955063591877343,0.9400898728162453
00-0038794,Jaleel McLaughlin,RB,CLE,2026,4,2026,5,NYJ,11/10,period_1_rush_rec_tds,period_1_rush_rec_tds,0.5,0.029976843791769188,0.029976843791769188,0.9400463124164616
00-0037120,Tyler Goodson,RB,DAL,2026,4,2026,5,TB,08/10,period_first_touchdown_scored,period_first_touchdown_scored,0.5,0.029985973515463848,0.029985973515463848,0.9400280529690723
00-0038621,DeMario Douglas,WR,NE,2026,4,2026,5,LV,11/10,period_first_touchdown_scored,period_first_touchdown_scored,0.5,0.02999597291342625,0.02999597291342625,0.9400080541731475
00-0039812,Ty'Ron Hopper,LB,GB,2025,19,2026,5,CHI,11/10,sacks,sacks,0.0,0.03000393696129322,0.03000393696129322,0.9399921260774136
00-0035710,Daniel Jones,QB,IND,2026,4,2026,5,PIT,11/10,period_first_touchdown_scored_qb,period_first_touchdown_scored,0.5,0.030072413875811662,0.030072413875811662,0.9398551722483767
00-0040061,Connor O'Toole,LB,SEA,2025,22,2026,5,SF,11/10,sacks,sacks,0.0,0.030081121250987053,0.030081121250987053,0.9398377574980259
00-0040584,Gunnar Helm,TE,TEN,2026,4,2026,5,HOU,11/10,period_1_rush_rec_tds,period_1_rush_rec_tds,0.5,0.0301111786447096,0.0301111786447096,0.9397776427105808
00-0041489,Germie Bernard,WR,PIT,2026,4,2026,5,IND,11/10,period_first_touchdown_scored,period_first_touchdown_scored,0.5,0.03012233998677781,0.03012233998677781,0.9397553200264444
00-0032950,Carson Wentz,QB,MIN,2026,2,2026,5,NO,11/10,period_1_rush_rec_tds_qb,period_1_rush_rec_tds,0.5,0.03015082374255053,0.03015082374255053,0.939698352514899
00-0036527,D.J. Turner,WR,LV,2024,13,2026,5,NE,11/10,period_first_touchdown_scored,period_first_touchdown_scored,0.5,0.03025903427645312,0.03025903427645312,0.9394819314470938
00-0030565,Geno Smith,QB,NYJ,2026,2,2026,5,CLE,11/10,period_1_rush_rec_tds_qb,period_1_rush_rec_tds,0.5,0.030292308472923402,0.030292308472923402,0.9394153830541532
00-0036422,Adam Trautman,TE,NO,2022,15,2026,5,MIN,11/10,period_first_touchdown_scored,period_first_touchdown_scored,0.5,0.030353763660215215,0.030353763660215215,0.9392924726795696
00-0034573,Charvarius Ward,CB,IND,2025,14,2026,5,PIT,11/10,sacks,sacks,0.0,0.030362442135810852,0.030362442135810852,0.9392751157283783
00-0036646,Simi Fehoko,WR,LAC,2024,8,2026,5,DEN,11/10,period_1_rush_rec_tds,period_1_rush_rec_tds,0.5,0.030371131759218857,0.030371131759218857,0.9392577364815623
00-0034675,Jessie Bates,FS,ATL,2025,18,2026,5,BAL,11/10,sacks,sacks,0.0,0.030377697199583054,0.030377697199583054,0.9392446056008339
00-0039395,Jamal Hill,LB,HOU,2025,20,2026,5,TEN,11/10,sacks,sacks,0.0,0.030381029471755028,0.030381029471755028,0.9392379410564899
00-0037801,KaVontae Turpin,WR,DAL,2026,3,2026,5,TB,08/10,period_first_touchdown_scored,period_first_touchdown_scored,0.5,0.030421882428016637,0.030421882428016637,0.9391562351439667
00-0036265,AJ Dillon,RB,CAR,2026,4,2026,6,PHI,18/10,period_1_rush_rec_tds,period_1_rush_rec_tds,0.5,0.03042393401102403,0.03042393401102403,0.9391521319779519
00-0037755,Jelani Woods,TE,NYJ,2025,17,2026,5,CLE,11/10,period_1_rush_rec_tds,period_1_rush_rec_tds,0.5,0.030513875298738932,0.030513875298738932,0.9389722494025221
00-0037091,Bo Melton,WR,GB,2024,19,2026,5,CHI,11/10,period_first_touchdown_scored,period_first_touchdown_scored,0.5,0.030516493214879863,0.030516493214879863,0.9389670135702403
00-0036626,Dyami Brown,WR,WAS,2026,4,2026,5,NYG,11/10,period_1_rush_rec_tds,period_1_rush_rec_tds,0.5,0.0305217969857652,0.0305217969857652,0.9389564060284696
00-0039356,Ja'Tavion Sanders,TE,CAR,2025,12,2026,6,PHI,18/10,period_1_rush_rec_tds,period_1_rush_rec_tds,0.5,0.030530677740708483,0.030530677740708483,0.938938644518583
00-0036682,Malik Herring,DE,KC,2022,10,2026,6,LAC,18/10,sacks,sacks,0.0,0.03058166243135929,0.03058166243135929,0.9388366751372814
00-0034981,Foster Moreau,TE,NO,2023,9,2026,5,MIN,11/10,period_1_rush_rec_tds,period_1_rush_rec_tds,0.5,0.030613459477362118,0.030613459477362118,0.9387730810452758
00-0033881,Evan Engram,TE,DEN,2026,4,2026,5,LAC,11/10,period_first_touchdown_scored,period_first_touchdown_scored,0.5,0.030657571482293148,0.030657571482293148,0.9386848570354137
00-0031450,Josh Harris,RB,PIT,2014,18,2026,5,IND,11/10,period_first_touchdown_scored,period_first_touchdown_scored,0.5,0.030677707440950806,0.030677707440950806,0.9386445851180983
00-0039681,Tyler Owens,DB,WAS,2025,18,2026,5,NYG,11/10,sacks,sacks,0.0,0.030696449801325798,0.030696449801325798,0.9386071003973484
00-0036637,Noah Gray,TE,KC,2025,8,2026,6,LAC,18/10,period_first_touchdown_scored,period_first_touchdown_scored,0.5,0.03072219957121032,0.03072219957121032,0.9385556008575794
00-0033589,David Moore,WR,CAR,2026,3,2026,6,PHI,18/10,period_first_touchdown_scored,period_first_touchdown_scored,0.5,0.030771883824628022,0.030771883824628022,0.9384562323507439
00-0041052,Kaelon Black,RB,SF,2026,4,2026,5,SEA,11/10,period_1_rush_rec_tds,period_1_rush_rec_tds,0.5,0.030791919529951955,0.030791919529951955,0.9384161609400961
00-0035704,Drew Lock,QB,DEN,2021,17,2026,5,LAC,11/10,period_first_touchdown_scored_qb,period_first_touchdown_scored,0.5,0.03085563123040356,0.03085563123040356,0.9382887375391928
00-0037527,Segun Olubi,LB,IND,2025,18,2026,5,PIT,11/10,sacks,sacks,0.0,0.030883431434631348,0.030883431434631348,0.9382331371307373
00-0038046,Charlie Kolar,TE,BAL,2023,1,2026,5,ATL,11/10,period_first_touchdown_scored,period_first_touchdown_scored,0.5,0.03094612618875349,0.03094612618875349,0.938107747622493
00-0039313,Swayze Bozeman,LB,NYG,2025,13,2026,5,WAS,11/10,sacks,sacks,0.0,0.03096552938222885,0.03096552938222885,0.9380689412355423
00-0037231,Kevin Austin Jr.,WR,NO,2026,2,2026,5,MIN,11/10,period_first_touchdown_scored,period_first_touchdown_scored,0.5,0.030969366529446273,0.030969366529446273,0.9380612669411075
00-0035631,Drew Sample,TE,CIN,2021,9,2026,5,MIA,11/10,period_first_touchdown_scored,period_first_touchdown_scored,0.5,0.030985206576757428,0.030985206576757428,0.9380295868464852
00-0037258,Dameon Pierce,RB,KC,2025,18,2026,6,LAC,18/10,period_first_touchdown_scored,period_first_touchdown_scored,0.5,0.03100711173017912,0.03100711173017912,0.9379857765396418
00-0040179,DJ Giddens,RB,IND,2025,18,2026,5,PIT,11/10,period_first_touchdown_scored,period_first_touchdown_scored,0.5,0.031019813781467745,0.031019813781467745,0.9379603724370645
00-0028000,Daniel Thomas,RB,MIA,2014,17,2026,5,CIN,11/10,period_1_rush_rec_tds,period_1_rush_rec_tds,0.5,0.031039550282743366,0.031039550282743366,0.9379208994345133
00-0028000,Daniel Thomas,RB,MIA,2014,17,2026,5,CIN,11/10,period_first_touchdown_scored,period_first_touchdown_scored,0.5,0.031043975863692515,0.031043975863692515,0.937912048272615
00-0035617,Troy Reeder,LB,LA,2025,21,2026,5,BUF,12/10,sacks,sacks,0.0,0.031097255647182465,0.031097255647182465,0.9378054887056351
00-0037801,KaVontae Turpin,WR,DAL,2026,3,2026,5,TB,08/10,period_1_rush_rec_tds,period_1_rush_rec_tds,0.5,0.031127148520700098,0.031127148520700098,0.9377457029585998
00-0040705,Chimere Dike,WR,TEN,2026,4,2026,5,HOU,11/10,period_1_rush_rec_tds,period_1_rush_rec_tds,0.5,0.031165265658705955,0.031165265658705955,0.937669468682588
00-0037005,Tommy Tremble,TE,CAR,2025,7,2026,6,PHI,18/10,period_first_touchdown_scored,period_first_touchdown_scored,0.5,0.03117536348451192,0.03117536348451192,0.9376492730309761
00-0038791,Thomas Incoom,LB,CAR,2025,19,2026,6,PHI,18/10,sacks,sacks,0.0,0.031211383640766144,0.031211383640766144,0.9375772327184677
00-0035710,Daniel Jones,QB,IND,2026,4,2026,5,PIT,11/10,period_1_rush_rec_tds_qb,period_1_rush_rec_tds,0.5,0.03130783432604189,0.03130783432604189,0.9373843313479162
00-0039451,Isaiah Williams,WR,NYJ,2026,4,2026,5,CLE,11/10,period_1_rush_rec_tds,period_1_rush_rec_tds,0.5,0.031374290893165534,0.031374290893165534,0.937251418213669
00-0032104,Ameer Abdullah,RB,JAX,2026,3,2026,5,PHI,11/10,period_first_touchdown_scored,period_first_touchdown_scored,0.5,0.031405124519147266,0.031405124519147266,0.9371897509617054
00-0039451,Isaiah Williams,WR,NYJ,2026,4,2026,5,CLE,11/10,period_first_touchdown_scored,period_first_touchdown_scored,0.5,0.03143817641890409,0.03143817641890409,0.9371236471621918
00-0039746,Will Shipley,RB,PHI,2026,4,2026,5,JAX,11/10,period_first_touchdown_scored,period_first_touchdown_scored,0.5,0.031490241269280676,0.031490241269280676,0.9370195174614386
00-0037129,Josh Blackwell,CB,CHI,2025,20,2026,5,GB,11/10,sacks,sacks,0.0,0.031500156968832016,0.031500156968832016,0.936999686062336
00-0037320,Deane Leonard,CB,LAC,2025,19,2026,5,DEN,11/10,sacks,sacks,0.0,0.0315125435590744,0.0315125435590744,0.9369749128818512
00-0037843,Daniel Hardy,DE,CHI,2025,20,2026,5,GB,11/10,sacks,sacks,0.0,0.03151926398277283,0.03151926398277283,0.9369614720344543
00-0038986,Nic Jones,CB,NYG,2025,13,2026,5,WAS,11/10,sacks,sacks,0.0,0.03152028098702431,0.03152028098702431,0.9369594380259514
00-0036543,Spencer Brown,RB,CAR,2022,9,2026,6,PHI,18/10,period_1_rush_rec_tds,period_1_rush_rec_tds,0.5,0.03156152740867698,0.03156152740867698,0.9368769451826461
00-0034270,Tyler Conklin,TE,LAC,2025,18,2026,5,DEN,11/10,period_first_touchdown_scored,period_first_touchdown_scored,0.5,0.03156213820931311,0.03156213820931311,0.9368757235813738
00-0030801,Brandon Coleman,WR,NO,2017,15,2026,5,MIN,11/10,period_1_rush_rec_tds,period_1_rush_rec_tds,0.5,0.03157665491406329,0.03157665491406329,0.9368466901718734
00-0039898,Mike Sainristil,CB,WAS,2025,18,2026,5,NYG,11/10,sacks,sacks,0.0,0.0315786637365818,0.0315786637365818,0.9368426725268364
00-0035631,Drew Sample,TE,CIN,2021,9,2026,5,MIA,11/10,period_1_rush_rec_tds,period_1_rush_rec_tds,0.5,0.03165648341330038,0.03165648341330038,0.9366870331733992
00-0035704,Drew Lock,QB,DEN,2021,17,2026,5,LAC,11/10,period_1_rush_rec_tds_qb,period_1_rush_rec_tds,0.5,0.03166391335130778,0.03166391335130778,0.9366721732973844
00-0039384,Tyrone Tracy Jr.,RB,NYG,2026,4,2026,5,WAS,11/10,period_first_touchdown_scored,period_first_touchdown_scored,0.5,0.03167504321707059,0.03167504321707059,0.9366499135658588
00-0038102,Kenny Pickett,QB,PHI,2024,22,2026,5,JAX,11/10,period_1_rush_rec_tds_qb,period_1_rush_rec_tds,0.5,0.03179411274691951,0.03179411274691951,0.936411774506161
00-0040142,Kaleb Johnson,RB,GB,2026,4,2026,5,CHI,11/10,period_1_rush_rec_tds,period_1_rush_rec_tds,0.5,0.03186201016329101,0.03186201016329101,0.936275979673418
00-0029604,Kirk Cousins,QB,MIN,2019,3,2026,5,NO,11/10,period_1_rush_rec_tds_qb,period_1_rush_rec_tds,0.5,0.03192019370666352,0.03192019370666352,0.9361596125866729
00-0037239,Chris Olave,WR,NO,2026,18,2026,5,MIN,11/10,season_rec_tds,season_rec_tds,1.0,0.9680604381853367,0.9680604381853367,0.9361208763706734
00-0036626,Dyami Brown,WR,WAS,2026,4,2026,5,NYG,11/10,period_first_touchdown_scored,period_first_touchdown_scored,0.5,0.0319943413919661,0.0319943413919661,0.9360113172160678
00-0035363,Joe Giles-Harris,LB,CIN,2025,18,2026,5,MIA,11/10,sacks,sacks,0.0,0.03205641359090805,0.03205641359090805,0.9358871728181839
00-0040584,Gunnar Helm,TE,TEN,2026,4,2026,5,HOU,11/10,period_first_touchdown_scored,period_first_touchdown_scored,0.5,0.032062758515353236,0.032062758515353236,0.9358744829692935
00-0039356,Ja'Tavion Sanders,TE,CAR,2025,12,2026,6,PHI,18/10,period_first_touchdown_scored,period_first_touchdown_scored,0.5,0.03207366653715939,0.03207366653715939,0.9358526669256813
00-0039826,Jeremiah Trotter Jr.,LB,PHI,2025,19,2026,5,JAX,11/10,sacks,sacks,0.0,0.032111965119838715,0.032111965119838715,0.9357760697603226
00-0040326,Branson Combs,LB,JAX,2025,19,2026,5,PHI,11/10,sacks,sacks,0.0,0.03213110566139221,0.03213110566139221,0.9357377886772156
00-0038519,Nikko Remigio,WR,KC,2025,2,2026,6,LAC,18/10,period_first_touchdown_scored,period_first_touchdown_scored,0.5,0.03215207187603395,0.03215207187603395,0.9356958562479321
00-0032392,Austin Hooper,TE,NE,2025,7,2026,5,LV,11/10,period_1_rush_rec_tds,period_1_rush_rec_tds,0.5,0.032160124667951324,0.032160124667951324,0.9356797506640974
00-0036265,AJ Dillon,RB,CAR,2026,4,2026,6,PHI,18/10,period_first_touchdown_scored,period_first_touchdown_scored,0.5,0.032233204427675244,0.032233204427675244,0.9355335911446495
00-0036309,Darnell Mooney,WR,NYG,2026,4,2026,5,WAS,11/10,period_1_rush_rec_tds,period_1_rush_rec_tds,0.5,0.03225766440458656,0.03225766440458656,0.9354846711908269
00-0036646,Simi Fehoko,WR,LAC,2024,8,2026,5,DEN,11/10,period_first_touchdown_scored,period_first_touchdown_scored,0.5,0.032302678545825386,0.032302678545825386,0.9353946429083493
00-0032392,Austin Hooper,TE,NE,2025,7,2026,5,LV,11/10,period_first_touchdown_scored,period_first_touchdown_scored,0.5,0.03232640997964344,0.03232640997964344,0.9353471800407132
00-0038519,Nikko Remigio,WR,KC,2025,2,2026,6,LAC,18/10,period_1_rush_rec_tds,period_1_rush_rec_tds,0.5,0.03237577140594769,0.03237577140594769,0.9352484571881046
00-0034613,Tanner Hudson,TE,CIN,2025,9,2026,5,MIA,11/10,period_first_touchdown_scored,period_first_touchdown_scored,0.5,0.03237714811318222,0.03237714811318222,0.9352457037736356
00-0037755,Jelani Woods,TE,NYJ,2025,17,2026,5,CLE,11/10,period_first_touchdown_scored,period_first_touchdown_scored,0.5,0.0323905391292328,0.0323905391292328,0.9352189217415344
00-0040170,Elic Ayomanor,WR,TEN,2026,4,2026,5,HOU,11/10,period_1_rush_rec_tds,period_1_rush_rec_tds,0.5,0.03239163528485755,0.03239163528485755,0.9352167294302849
00-0039021,Roschon Johnson,RB,CHI,2026,4,2026,5,GB,11/10,period_1_rush_rec_tds,period_1_rush_rec_tds,0.5,0.032402999754837174,0.032402999754837174,0.9351940004903256
00-0037809,Chig Okonkwo,TE,WAS,2026,4,2026,5,NYG,11/10,period_1_rush_rec_tds,period_1_rush_rec_tds,0.5,0.03240873986609509,0.03240873986609509,0.9351825202678098
00-0040384,Elijah Simmons,DL,TB,2025,17,2026,5,DAL,08/10,sacks,sacks,0.0,0.032418496906757355,0.032418496906757355,0.9351630061864853
00-0034975,Justice Hill,RB,BAL,2026,4,2026,5,ATL,11/10,period_1_rush_rec_tds,period_1_rush_rec_tds,0.5,0.03249246805137804,0.03249246805137804,0.9350150638972439
00-0028118,Tyrod Taylor,QB,NYJ,2025,14,2026,5,CLE,11/10,period_first_touchdown_scored_qb,period_first_touchdown_scored,0.5,0.032527460539354666,0.032527460539354666,0.9349450789212906
00-0035993,Tyler Huntley,QB,BAL,2026,4,2026,5,ATL,11/10,period_1_rush_rec_tds_qb,period_1_rush_rec_tds,0.5,0.0325388468291466,0.0325388468291466,0.9349223063417068
00-0036309,Darnell Mooney,WR,NYG,2026,4,2026,5,WAS,11/10,period_first_touchdown_scored,period_first_touchdown_scored,0.5,0.03267749878522779,0.03267749878522779,0.9346450024295444
00-0040174,Cam Jackson,DT,CAR,2025,19,2026,6,PHI,18/10,sacks,sacks,0.0,0.03274424374103546,0.03274424374103546,0.9345115125179291
00-0040466,Raheim Sanders,RB,CLE,2026,4,2026,5,NYJ,11/10,period_first_touchdown_scored,period_first_touchdown_scored,0.5,0.032785248475855094,0.032785248475855094,0.9344295030482899
00-0036874,Pat Surtain II,CB,DEN,2025,21,2026,5,LAC,11/10,sacks,sacks,0.0,0.032879993319511414,0.032879993319511414,0.9342400133609772
00-0039355,Luke McCaffrey,WR,WAS,2024,3,2026,5,NYG,11/10,period_1_rush_rec_tds,period_1_rush_rec_tds,0.5,0.032894391907057015,0.032894391907057015,0.934211216185886
00-0037614,John Metchie III,WR,CAR,2026,4,2026,6,PHI,18/10,period_1_rush_rec_tds,period_1_rush_rec_tds,0.5,0.03290606276627362,0.03290606276627362,0.9341878744674528
00-0040736,Mason Taylor,TE,NYJ,2026,1,2026,5,CLE,11/10,period_1_rush_rec_tds,period_1_rush_rec_tds,0.5,0.032924066707598704,0.032924066707598704,0.9341518665848025
00-0040705,Chimere Dike,WR,TEN,2026,4,2026,5,HOU,11/10,period_first_touchdown_scored,period_first_touchdown_scored,0.5,0.03293392752624162,0.03293392752624162,0.9341321449475167
00-0039918,Caleb Williams,QB,CHI,2026,2,2026,5,GB,11/10,period_1_rush_rec_tds_qb,period_1_rush_rec_tds,0.5,0.03295816385894407,0.03295816385894407,0.9340836722821119
00-0037666,Jalen Tolbert,WR,MIA,2026,4,2026,5,CIN,11/10,period_1_rush_rec_tds,period_1_rush_rec_tds,0.5,0.0329651605755956,0.0329651605755956,0.9340696788488088
00-0036290,Cole Kmet,TE,CHI,2026,1,2026,5,GB,11/10,period_first_touchdown_scored,period_first_touchdown_scored,0.5,0.033091535859760816,0.033091535859760816,0.9338169282804784
00-0035993,Tyler Huntley,QB,BAL,2026,4,2026,5,ATL,11/10,period_first_touchdown_scored_qb,period_first_touchdown_scored,0.5,0.033094404003860996,0.033094404003860996,0.933811191992278
00-0038115,Daniel Bellinger,TE,NYG,2023,1,2026,5,WAS,11/10,period_1_rush_rec_tds,period_1_rush_rec_tds,0.5,0.03309967005657619,0.03309967005657619,0.9338006598868476
00-0037291,Jalen Nailor,WR,LV,2026,3,2026,5,NE,11/10,period_1_rush_rec_tds,period_1_rush_rec_tds,0.5,0.0332787260823156,0.0332787260823156,0.9334425478353688
00-0039384,Tyrone Tracy Jr.,RB,NYG,2026,4,2026,5,WAS,11/10,period_1_rush_rec_tds,period_1_rush_rec_tds,0.5,0.03329083588507088,0.03329083588507088,0.9334183282298583
00-0040041,Nazir Stackhouse,DT,GB,2025,19,2026,5,CHI,11/10,sacks,sacks,0.0,0.033302173018455505,0.033302173018455505,0.933395653963089
00-0040466,Raheim Sanders,RB,CLE,2026,4,2026,5,NYJ,11/10,period_1_rush_rec_tds,period_1_rush_rec_tds,0.5,0.03338085290321507,0.03338085290321507,0.9332382941935699
00-0038115,Daniel Bellinger,TE,NYG,2023,1,2026,5,WAS,11/10,period_first_touchdown_scored,period_first_touchdown_scored,0.5,0.033412133310917046,0.033412133310917046,0.933175733378166
00-0034981,Foster Moreau,TE,NO,2023,9,2026,5,MIN,11/10,period_first_touchdown_scored,period_first_touchdown_scored,0.5,0.03343192678120755,0.03343192678120755,0.9331361464375849
00-0037252,Greg Dulcich,TE,MIA,2026,3,2026,5,CIN,11/10,period_1_rush_rec_tds,period_1_rush_rec_tds,0.5,0.03352533974878944,0.03352533974878944,0.9329493205024211
00-0034613,Tanner Hudson,TE,CIN,2025,9,2026,5,MIA,11/10,period_1_rush_rec_tds,period_1_rush_rec_tds,0.5,0.03365375486556717,0.03365375486556717,0.9326924902688657
00-0041052,Kaelon Black,RB,SF,2026,4,2026,5,SEA,11/10,period_first_touchdown_scored,period_first_touchdown_scored,0.5,0.03365512290222893,0.03365512290222893,0.9326897541955421
00-0036972,Mac Jones,QB,SF,2026,2,2026,5,SEA,11/10,period_first_touchdown_scored_qb,period_first_touchdown_scored,0.5,0.03366319270519568,0.03366319270519568,0.9326736145896086
00-0036543,Spencer Brown,RB,CAR,2022,9,2026,6,PHI,18/10,period_first_touchdown_scored,period_first_touchdown_scored,0.5,0.03371974242472275,0.03371974242472275,0.9325605151505545
00-0038824,Ryan Miller,WR,TB,2024,10,2026,5,DAL,08/10,period_first_touchdown_scored,period_first_touchdown_scored,0.5,0.03378887582201307,0.03378887582201307,0.9324222483559739
00-0037545,Rashid Shaheed,WR,SEA,2026,4,2026,5,SF,11/10,period_first_touchdown_scored,period_first_touchdown_scored,0.5,0.03380186612636043,0.03380186612636043,0.9323962677472791
00-0039918,Caleb Williams,QB,CHI,2026,2,2026,5,GB,11/10,period_first_touchdown_scored_qb,period_first_touchdown_scored,0.5,0.03382697619958142,0.03382697619958142,0.9323460476008372
00-0032398,Chris Moore,WR,WAS,2025,11,2026,5,NYG,11/10,period_first_touchdown_scored,period_first_touchdown_scored,0.5,0.03387784464233803,0.03387784464233803,0.932244310715324
00-0037809,Chig Okonkwo,TE,WAS,2026,4,2026,5,NYG,11/10,period_first_touchdown_scored,period_first_touchdown_scored,0.5,0.03396021482698571,0.03396021482698571,0.9320795703460286
00-0039021,Roschon Johnson,RB,CHI,2026,4,2026,5,GB,11/10,period_first_touchdown_scored,period_first_touchdown_scored,0.5,0.033981403756489933,0.033981403756489933,0.9320371924870201
00-0037094,Jonathan Ford,DT,GB,2025,19,2026,5,CHI,11/10,sacks,sacks,0.0,0.03399551287293434,0.03399551287293434,0.9320089742541313
00-0039355,Luke McCaffrey,WR,WAS,2024,3,2026,5,NYG,11/10,period_first_touchdown_scored,period_first_touchdown_scored,0.5,0.0340199591646634,0.0340199591646634,0.9319600816706732
00-0034796,Lamar Jackson,QB,BAL,2026,4,2026,5,ATL,11/10,period_1_rush_rec_tds_qb,period_1_rush_rec_tds,0.5,0.03406997734194378,0.03406997734194378,0.9318600453161124
00-0035689,Dawson Knox,TE,BUF,2026,4,2026,5,LA,12/10,period_1_rush_rec_tds,period_1_rush_rec_tds,0.5,0.03416242004884859,0.03416242004884859,0.9316751599023028
00-0036407,Jerry Jeudy,WR,CLE,2026,4,2026,5,NYJ,11/10,period_first_touchdown_scored,period_first_touchdown_scored,0.5,0.03420787971230514,0.03420787971230514,0.9315842405753897
00-0034796,Lamar Jackson,QB,BAL,2026,4,2026,5,ATL,11/10,period_first_touchdown_scored_qb,period_first_touchdown_scored,0.5,0.03423553169088215,0.03423553169088215,0.9315289366182357
00-0040727,Tre Harris,WR,LAC,2026,4,2026,5,DEN,11/10,period_1_rush_rec_tds,period_1_rush_rec_tds,0.5,0.0342597606870916,0.0342597606870916,0.9314804786258168
00-0030801,Brandon Coleman,WR,NO,2017,15,2026,5,MIN,11/10,period_first_touchdown_scored,period_first_touchdown_scored,0.5,0.03428022205363973,0.03428022205363973,0.9314395558927205
00-0036407,Jerry Jeudy,WR,CLE,2026,4,2026,5,NYJ,11/10,period_1_rush_rec_tds,period_1_rush_rec_tds,0.5,0.03428397098059901,0.03428397098059901,0.931432058038802
00-0037614,John Metchie III,WR,CAR,2026,4,2026,6,PHI,18/10,period_first_touchdown_scored,period_first_touchdown_scored,0.5,0.034299348455758126,0.034299348455758126,0.9314013030884838
00-0040170,Elic Ayomanor,WR,TEN,2026,4,2026,5,HOU,11/10,period_first_touchdown_scored,period_first_touchdown_scored,0.5,0.034329747262931545,0.034329747262931545,0.9313405054741369
00-0040134,Pat Bryant,WR,DEN,2026,4,2026,5,LAC,11/10,period_1_rush_rec_tds,period_1_rush_rec_tds,0.5,0.03433473892473405,0.03433473892473405,0.9313305221505319
00-0040142,Kaleb Johnson,RB,GB,2026,4,2026,5,CHI,11/10,period_first_touchdown_scored,period_first_touchdown_scored,0.5,0.034384768258699655,0.034384768258699655,0.9312304634826007
00-0029604,Kirk Cousins,QB,MIN,2019,3,2026,5,NO,11/10,period_first_touchdown_scored_qb,period_first_touchdown_scored,0.5,0.034398376465271385,0.034398376465271385,0.9312032470694572
00-0037291,Jalen Nailor,WR,LV,2026,3,2026,5,NE,11/10,period_first_touchdown_scored,period_first_touchdown_scored,0.5,0.034428156187944994,0.034428156187944994,0.93114368762411
00-0036971,Trevor Lawrence,QB,JAX,2026,4,2026,5,PHI,11/10,period_first_touchdown_scored_qb,period_first_touchdown_scored,0.5,0.03447477330040887,0.03447477330040887,0.9310504533991822
00-0037252,Greg Dulcich,TE,MIA,2026,3,2026,5,CIN,11/10,period_first_touchdown_scored,period_first_touchdown_scored,0.5,0.034523121313213806,0.034523121313213806,0.9309537573735724
00-0038640,Jalen Brooks,WR,DAL,2023,10,2026,5,TB,08/10,period_first_touchdown_scored,period_first_touchdown_scored,0.5,0.034559876826310794,0.034559876826310794,0.9308802463473784
00-0034975,Justice Hill,RB,BAL,2026,4,2026,5,ATL,11/10,period_first_touchdown_scored,period_first_touchdown_scored,0.5,0.03461204966976664,0.03461204966976664,0.9307759006604668
00-0037666,Jalen Tolbert,WR,MIA,2026,4,2026,5,CIN,11/10,period_first_touchdown_scored,period_first_touchdown_scored,0.5,0.03463043586402885,0.03463043586402885,0.9307391282719423
00-0037208,Jack Cochrane,LB,KC,2025,18,2026,6,LAC,18/10,sacks,sacks,0.0,0.0346558652818203,0.0346558652818203,0.9306882694363594
00-0036290,Cole Kmet,TE,CHI,2026,1,2026,5,GB,11/10,period_1_rush_rec_tds,period_1_rush_rec_tds,0.5,0.03470094335378851,0.03470094335378851,0.930598113292423
00-0040134,Pat Bryant,WR,DEN,2026,4,2026,5,LAC,11/10,period_first_touchdown_scored,period_first_touchdown_scored,0.5,0.03472885501789888,0.03472885501789888,0.9305422899642022
00-0039868,Troy Franklin,WR,DEN,2026,3,2026,5,LAC,11/10,period_1_rush_rec_tds,period_1_rush_rec_tds,0.5,0.03473272679711568,0.03473272679711568,0.9305345464057686
00-0040785,Dohnte Meyers,WR,CIN,2026,4,2026,5,MIA,11/10,period_first_touchdown_scored,period_first_touchdown_scored,0.5,0.034806531033609915,0.034806531033609915,0.9303869379327802
00-0040736,Mason Taylor,TE,NYJ,2026,1,2026,5,CLE,11/10,period_first_touchdown_scored,period_first_touchdown_scored,0.5,0.034821900554101434,0.034821900554101434,0.9303561988917971
00-0040100,Jay Higgins,LB,BAL,2025,3,2026,5,ATL,11/10,sacks,sacks,0.0,0.03487797826528549,0.03487797826528549,0.930244043469429
00-0033526,Samaje Perine,RB,CIN,2026,4,2026,5,MIA,11/10,period_first_touchdown_scored,period_first_touchdown_scored,0.5,0.034889871407363375,0.034889871407363375,0.9302202571852732
00-0032398,Chris Moore,WR,WAS,2025,11,2026,5,NYG,11/10,period_1_rush_rec_tds,period_1_rush_rec_tds,0.5,0.03494106484936912,0.03494106484936912,0.9301178703012618
00-0038551,Kendre Miller,RB,NO,2026,4,2026,5,MIN,11/10,period_1_rush_rec_tds,period_1_rush_rec_tds,0.5,0.03494942442834251,0.03494942442834251,0.930101151143315
00-0039860,Kool-Aid McKinstry,CB,NO,2025,18,2026,5,MIN,11/10,sacks,sacks,0.0,0.0349578820168972,0.0349578820168972,0.9300842359662056
00-0037545,Rashid Shaheed,WR,SEA,2026,4,2026,5,SF,11/10,period_1_rush_rec_tds,period_1_rush_rec_tds,0.5,0.034999763899336,0.034999763899336,0.930000472201328
00-0030565,Geno Smith,QB,NYJ,2026,2,2026,5,CLE,11/10,period_first_touchdown_scored_qb,period_first_touchdown_scored,0.5,0.0350295179015483,0.0350295179015483,0.9299409641969034
00-0037834,Brock Purdy,QB,SF,2026,4,2026,5,SEA,11/10,period_1_rush_rec_tds_qb,period_1_rush_rec_tds,0.5,0.035076402143604586,0.035076402143604586,0.9298471957127908
00-0035689,Dawson Knox,TE,BUF,2026,4,2026,5,LA,12/10,period_first_touchdown_scored,period_first_touchdown_scored,0.5,0.035153408933481636,0.035153408933481636,0.9296931821330368
00-0033903,Josh Jones,S,SEA,2022,13,2026,5,SF,11/10,sacks,sacks,0.0,0.03520369529724121,0.03520369529724121,0.9295926094055176
00-0040078,Brashard Smith,RB,KC,2026,3,2026,6,LAC,18/10,period_1_rush_rec_tds,period_1_rush_rec_tds,0.5,0.035276438793977856,0.035276438793977856,0.9294471224120443
00-0040727,Tre Harris,WR,LAC,2026,4,2026,5,DEN,11/10,period_first_touchdown_scored,period_first_touchdown_scored,0.5,0.03534421098473507,0.03534421098473507,0.9293115780305299
00-0034837,Calvin Ridley,WR,TEN,2026,4,2026,5,HOU,11/10,period_first_touchdown_scored,period_first_touchdown_scored,0.5,0.03541254028583537,0.03541254028583537,0.9291749194283293
00-0038824,Ryan Miller,WR,TB,2024,10,2026,5,DAL,08/10,period_1_rush_rec_tds,period_1_rush_rec_tds,0.5,0.03548999174134598,0.03548999174134598,0.929020016517308
00-0033526,Samaje Perine,RB,CIN,2026,4,2026,5,MIA,11/10,period_1_rush_rec_tds,period_1_rush_rec_tds,0.5,0.035564135031751404,0.035564135031751404,0.9288717299364972
00-0036212,Tua Tagovailoa,QB,MIA,2022,9,2026,5,CIN,11/10,period_1_rush_rec_tds_qb,period_1_rush_rec_tds,0.5,0.0356051123906212,0.0356051123906212,0.9287897752187576
00-0039032,Tyjae Spears,RB,TEN,2026,4,2026,5,HOU,11/10,period_1_rush_rec_tds,period_1_rush_rec_tds,0.5,0.03565333595555605,0.03565333595555605,0.9286933280888879
00-0040878,Mike Washington Jr.,RB,LV,2026,4,2026,5,NE,11/10,period_1_rush_rec_tds,period_1_rush_rec_tds,0.5,0.03568627131188648,0.03568627131188648,0.928627457376227
00-0040138,Jaylin Noel,WR,HOU,2026,4,2026,5,TEN,11/10,period_first_touchdown_scored,period_first_touchdown_scored,0.5,0.035750047703290676,0.035750047703290676,0.9284999045934187
00-0038640,Jalen Brooks,WR,DAL,2023,10,2026,5,TB,08/10,period_1_rush_rec_tds,period_1_rush_rec_tds,0.5,0.03593704427852507,0.03593704427852507,0.9281259114429499
00-0034837,Calvin Ridley,WR,TEN,2026,4,2026,5,HOU,11/10,period_1_rush_rec_tds,period_1_rush_rec_tds,0.5,0.035960512219710694,0.035960512219710694,0.9280789755605786
00-0036212,Tua Tagovailoa,QB,MIA,2022,9,2026,5,CIN,11/10,period_first_touchdown_scored_qb,period_first_touchdown_scored,0.5,0.035972953785662905,0.035972953785662905,0.9280540924286742
00-0038393,Dontayvion Wicks,WR,PHI,2026,4,2026,5,JAX,11/10,period_1_rush_rec_tds,period_1_rush_rec_tds,0.5,0.03601568818361031,0.03601568818361031,0.9279686236327793
00-0036550,Rashod Bateman,WR,BAL,2026,4,2026,5,ATL,11/10,period_1_rush_rec_tds,period_1_rush_rec_tds,0.5,0.03602932585697894,0.03602932585697894,0.9279413482860421
00-0038558,Darnell Washington,TE,PIT,2026,4,2026,5,IND,11/10,period_first_touchdown_scored,period_first_touchdown_scored,0.5,0.03605601743174672,0.03605601743174672,0.9278879651365066
00-0032951,Laquon Treadwell,WR,IND,2026,4,2026,5,PIT,11/10,period_first_touchdown_scored,period_first_touchdown_scored,0.5,0.036093210806841365,0.036093210806841365,0.9278135783863173
00-0039299,George Holani,RB,SEA,2026,4,2026,5,SF,11/10,period_1_rush_rec_tds,period_1_rush_rec_tds,0.5,0.036124533270237166,0.036124533270237166,0.9277509334595256
00-0032951,Laquon Treadwell,WR,IND,2026,4,2026,5,PIT,11/10,period_1_rush_rec_tds,period_1_rush_rec_tds,0.5,0.03618426311922699,0.03618426311922699,0.927631473761546
00-0038976,Marvin Mims Jr.,WR,DEN,2026,4,2026,5,LAC,11/10,period_first_touchdown_scored,period_first_touchdown_scored,0.5,0.03620681749005537,0.03620681749005537,0.9275863650198892
00-0039383,Jaylin Simpson,CB,GB,2025,18,2026,5,CHI,11/10,sacks,sacks,0.0,0.036225493997335434,0.036225493997335434,0.9275490120053291
00-0036550,Rashod Bateman,WR,BAL,2026,4,2026,5,ATL,11/10,period_first_touchdown_scored,period_first_touchdown_scored,0.5,0.03635091344557725,0.03635091344557725,0.9272981731088455
00-0039798,Isaiah Davis,RB,NYJ,2025,17,2026,5,CLE,11/10,period_1_rush_rec_tds,period_1_rush_rec_tds,0.5,0.03655287040692107,0.03655287040692107,0.9268942591861579
00-0040138,Jaylin Noel,WR,HOU,2026,4,2026,5,TEN,11/10,period_1_rush_rec_tds,period_1_rush_rec_tds,0.5,0.03656067470795523,0.03656067470795523,0.9268786505840896
00-0033307,Kendrick Bourne,WR,ARI,2026,3,2026,5,DET,11/10,period_first_touchdown_scored,period_first_touchdown_scored,0.5,0.03670480941789977,0.03670480941789977,0.9265903811642004
00-0033949,Joshua Dobbs,QB,NE,2025,18,2026,5,LV,11/10,period_first_touchdown_scored_qb,period_first_touchdown_scored,0.5,0.03671874438440031,0.03671874438440031,0.9265625112311994
00-0036355,Justin Herbert,QB,LAC,2026,4,2026,5,DEN,11/10,period_1_rush_rec_tds_qb,period_1_rush_rec_tds,0.5,0.036825449312957864,0.036825449312957864,0.9263491013740843
00-0038976,Marvin Mims Jr.,WR,DEN,2026,4,2026,5,LAC,11/10,period_1_rush_rec_tds,period_1_rush_rec_tds,0.5,0.03686742279523738,0.03686742279523738,0.9262651544095253
00-0039066,Michael Mayer,TE,LV,2026,4,2026,5,NE,11/10,period_1_rush_rec_tds,period_1_rush_rec_tds,0.5,0.03710187341989104,0.03710187341989104,0.925796253160218
00-0041042,Malachi Fields,WR,NYG,2026,4,2026,5,WAS,11/10,period_first_touchdown_scored,period_first_touchdown_scored,0.5,0.03710976108231248,0.03710976108231248,0.9257804778353751
00-0041040,Antonio Williams,WR,WAS,2026,4,2026,5,NYG,11/10,period_1_rush_rec_tds,period_1_rush_rec_tds,0.5,0.03727714414185819,0.03727714414185819,0.9254457117162836
00-0040172,Jordan Watkins,WR,SF,2026,3,2026,5,SEA,11/10,period_1_2_receiving_yds,period_1_2_receiving_yds,60.0,0.0372797116171769,0.0372797116171769,0.9254405767656462
00-0040078,Brashard Smith,RB,KC,2026,3,2026,6,LAC,18/10,period_first_touchdown_scored,period_first_touchdown_scored,0.5,0.03731346474645674,0.03731346474645674,0.9253730705070865
00-0040411,Alijah Huzzie,CB,HOU,2025,18,2026,5,TEN,11/10,sacks,sacks,0.0,0.03738096356391907,0.03738096356391907,0.9252380728721619
00-0040785,Dohnte Meyers,WR,CIN,2026,4,2026,5,MIA,11/10,period_1_rush_rec_tds,period_1_rush_rec_tds,0.5,0.037394571283478756,0.037394571283478756,0.9252108574330424
00-0039890,Adonai Mitchell,WR,NYJ,2026,2,2026,5,CLE,11/10,period_1_rush_rec_tds,period_1_rush_rec_tds,0.5,0.03746569056736137,0.03746569056736137,0.9250686188652772
00-0032464,Kalif Raymond,WR,CHI,2026,4,2026,5,GB,11/10,period_first_touchdown_scored,period_first_touchdown_scored,0.5,0.03748418808114352,0.03748418808114352,0.925031623837713
00-0039841,Cooper DeJean,CB,PHI,2025,19,2026,5,JAX,11/10,sacks,sacks,0.0,0.0375458300113678,0.0375458300113678,0.9249083399772644
00-0039795,Nehemiah Pritchett,CB,SEA,2025,22,2026,5,SF,11/10,sacks,sacks,0.0,0.03755884990096092,0.03755884990096092,0.9248823001980782
00-0039299,George Holani,RB,SEA,2026,4,2026,5,SF,11/10,period_first_touchdown_scored,period_first_touchdown_scored,0.5,0.03757663765336764,0.03757663765336764,0.9248467246932647
00-0039066,Michael Mayer,TE,LV,2026,4,2026,5,NE,11/10,period_first_touchdown_scored,period_first_touchdown_scored,0.5,0.03759984093254247,0.03759984093254247,0.924800318134915
00-0038558,Darnell Washington,TE,PIT,2026,4,2026,5,IND,11/10,period_1_rush_rec_tds,period_1_rush_rec_tds,0.5,0.037600108926877825,0.037600108926877825,0.9247997821462444
00-0040878,Mike Washington Jr.,RB,LV,2026,4,2026,5,NE,11/10,period_first_touchdown_scored,period_first_touchdown_scored,0.5,0.037607609580693015,0.037607609580693015,0.9247847808386139
00-0039032,Tyjae Spears,RB,TEN,2026,4,2026,5,HOU,11/10,period_first_touchdown_scored,period_first_touchdown_scored,0.5,0.037620271384226245,0.037620271384226245,0.9247594572315475
00-0033949,Joshua Dobbs,QB,NE,2025,18,2026,5,LV,11/10,period_1_rush_rec_tds_qb,period_1_rush_rec_tds,0.5,0.037744485093054635,0.037744485093054635,0.9245110298138908
00-0039798,Isaiah Davis,RB,NYJ,2025,17,2026,5,CLE,11/10,period_first_touchdown_scored,period_first_touchdown_scored,0.5,0.03781672450204015,0.03781672450204015,0.9243665509959197
00-0038551,Kendre Miller,RB,NO,2026,4,2026,5,MIN,11/10,period_first_touchdown_scored,period_first_touchdown_scored,0.5,0.03788365739641418,0.03788365739641418,0.9242326852071716
00-0040237,Tez Johnson,WR,TB,2026,4,2026,5,DAL,08/10,period_first_touchdown_scored,period_first_touchdown_scored,0.5,0.03810503462852789,0.03810503462852789,0.9237899307429442
00-0039847,Theo Johnson,TE,NYG,2026,4,2026,5,WAS,11/10,period_1_rush_rec_tds,period_1_rush_rec_tds,0.5,0.038152183746557,0.038152183746557,0.923695632506886
00-0039167,Joey Porter Jr.,CB,PIT,2025,19,2026,5,IND,11/10,sacks,sacks,0.0,0.038214340806007385,0.038214340806007385,0.9235713183879852
00-0041042,Malachi Fields,WR,NYG,2026,4,2026,5,WAS,11/10,period_1_rush_rec_tds,period_1_rush_rec_tds,0.5,0.03829974610987592,0.03829974610987592,0.9234005077802482
00-0039868,Troy Franklin,WR,DEN,2026,3,2026,5,LAC,11/10,period_first_touchdown_scored,period_first_touchdown_scored,0.5,0.03833424434118665,0.03833424434118665,0.9233315113176267
00-0040155,Danny Stutsman,LB,NO,2025,18,2026,5,MIN,11/10,sacks,sacks,0.0,0.03833577036857605,0.03833577036857605,0.9233284592628479
00-0039374,Tommy Eichenberg,LB,LV,2025,18,2026,5,NE,11/10,sacks,sacks,0.0,0.03834719955921173,0.03834719955921173,0.9233056008815765
00-0038393,Dontayvion Wicks,WR,PHI,2026,4,2026,5,JAX,11/10,period_first_touchdown_scored,period_first_touchdown_scored,0.5,0.03836252740159564,0.03836252740159564,0.9232749451968087
00-0035644,Noah Fant,TE,NO,2026,3,2026,5,MIN,11/10,period_1_rush_rec_tds,period_1_rush_rec_tds,0.5,0.03836973897597111,0.03836973897597111,0.9232605220480578
00-0033908,Cooper Kupp,WR,SEA,2026,4,2026,5,SF,11/10,period_first_touchdown_scored,period_first_touchdown_scored,0.5,0.038534185936599345,0.038534185936599345,0.9229316281268013
00-0038552,Riley Moss,CB,DEN,2025,21,2026,5,LAC,11/10,sacks,sacks,0.1,0.03855833783745766,0.03855833783745766,0.9228833243250847
00-0033132,Kevin Byard,FS,CHI,2025,20,2026,5,GB,11/10,sacks,sacks,0.0,0.038600608706474304,0.038600608706474304,0.9227987825870514
00-0040237,Tez Johnson,WR,TB,2026,4,2026,5,DAL,08/10,period_1_rush_rec_tds,period_1_rush_rec_tds,0.5,0.03865888743021786,0.03865888743021786,0.9226822251395643
00-0039847,Theo Johnson,TE,NYG,2026,4,2026,5,WAS,11/10,period_first_touchdown_scored,period_first_touchdown_scored,0.5,0.03870544561223797,0.03870544561223797,0.922589108775524
00-0038608,Kayshon Boutte,WR,HOU,2026,4,2026,5,TEN,11/10,period_first_touchdown_scored,period_first_touchdown_scored,0.5,0.03879782833257545,0.03879782833257545,0.9224043433348491
00-0035644,Noah Fant,TE,NO,2026,3,2026,5,MIN,11/10,period_first_touchdown_scored,period_first_touchdown_scored,0.5,0.03889319897370036,0.03889319897370036,0.9222136020525993
00-0035535,Darius Slayton,WR,NYG,2025,18,2026,5,WAS,11/10,period_1_rush_rec_tds,period_1_rush_rec_tds,0.5,0.03906290583309324,0.03906290583309324,0.9218741883338135
00-0033908,Cooper Kupp,WR,SEA,2026,4,2026,5,SF,11/10,period_1_rush_rec_tds,period_1_rush_rec_tds,0.5,0.039135484826826605,0.039135484826826605,0.9217290303463468
00-0035535,Darius Slayton,WR,NYG,2025,18,2026,5,WAS,11/10,period_first_touchdown_scored,period_first_touchdown_scored,0.5,0.03916516919236995,0.03916516919236995,0.9216696616152601
00-0039851,Drake Maye,QB,NE,2026,4,2026,5,LV,11/10,period_1_rush_rec_tds_qb,period_1_rush_rec_tds,0.5,0.03917654811837038,0.03917654811837038,0.9216469037632592
00-0039894,Xavier Worthy,WR,KC,2026,4,2026,6,LAC,18/10,period_first_touchdown_scored,period_first_touchdown_scored,0.5,0.03924045762450834,0.03924045762450834,0.9215190847509833
00-0039890,Adonai Mitchell,WR,NYJ,2026,2,2026,5,CLE,11/10,period_first_touchdown_scored,period_first_touchdown_scored,0.5,0.0392509908154111,0.0392509908154111,0.9214980183691778
00-0041040,Antonio Williams,WR,WAS,2026,4,2026,5,NYG,11/10,period_first_touchdown_scored,period_first_touchdown_scored,0.5,0.039302890233333415,0.039302890233333415,0.9213942195333331
00-0039894,Xavier Worthy,WR,KC,2026,4,2026,6,LAC,18/10,period_1_rush_rec_tds,period_1_rush_rec_tds,0.5,0.039398357929040645,0.039398357929040645,0.9212032841419187
00-0033307,Kendrick Bourne,WR,ARI,2026,3,2026,5,DET,11/10,period_1_rush_rec_tds,period_1_rush_rec_tds,0.5,0.03943630354734482,0.03943630354734482,0.9211273929053103
00-0035236,Byron Murphy,CB,MIN,2025,18,2026,5,NO,11/10,sacks,sacks,0.0,0.03974387049674988,0.03974387049674988,0.9205122590065002
00-0038608,Kayshon Boutte,WR,HOU,2026,4,2026,5,TEN,11/10,period_1_rush_rec_tds,period_1_rush_rec_tds,0.5,0.03974522051802294,0.03974522051802294,0.9205095589639541
00-0040195,Denzel Burke,CB,ARI,2025,18,2026,5,DET,11/10,sacks,sacks,0.0,0.03976229578256607,0.03976229578256607,0.9204754084348679
00-0036237,Larrell Murchison,DT,LA,2025,17,2026,5,BUF,12/10,sacks,sacks,0.1,0.03981129825115204,0.03981129825115204,0.9203774034976959
00-0037157,Bam Knight,RB,ARI,2026,2,2026,5,DET,11/10,period_1_rush_rec_tds,period_1_rush_rec_tds,0.5,0.03985726266719305,0.03985726266719305,0.920285474665614
00-0036281,C.J. Henderson,CB,ATL,2025,18,2026,5,BAL,11/10,sacks,sacks,0.0,0.04024866595864296,0.04024866595864296,0.9195026680827141
00-0032464,Kalif Raymond,WR,CHI,2026,4,2026,5,GB,11/10,period_1_rush_rec_tds,period_1_rush_rec_tds,0.5,0.04026913751452698,0.04026913751452698,0.919461724970946
00-0037157,Bam Knight,RB,ARI,2026,2,2026,5,DET,11/10,period_first_touchdown_scored,period_first_touchdown_scored,0.5,0.04036365663201977,0.04036365663201977,0.9192726867359604
00-0040743,Tyler Shough,QB,NO,2026,4,2026,5,MIN,11/10,period_1_rush_rec_tds_qb,period_1_rush_rec_tds,0.5,0.04043784338331961,0.04043784338331961,0.9191243132333607
00-0039739,Roman Wilson,WR,PIT,2026,4,2026,5,IND,11/10,period_first_touchdown_scored,period_first_touchdown_scored,0.5,0.04044466066357721,0.04044466066357721,0.9191106786728456
00-0041048,Ted Hurst III,WR,TB,2026,4,2026,5,DAL,08/10,period_first_touchdown_scored,period_first_touchdown_scored,0.5,0.04053539204501288,0.04053539204501288,0.9189292159099742
00-0038951,Sean Tucker,RB,TB,2026,4,2026,5,DAL,08/10,period_first_touchdown_scored,period_first_touchdown_scored,0.5,0.04058332537219839,0.04058332537219839,0.9188333492556032
00-0036259,Jauan Jennings,WR,MIN,2026,4,2026,5,NO,11/10,period_1_rush_rec_tds,period_1_rush_rec_tds,0.5,0.04058644268495322,0.04058644268495322,0.9188271146300936
00-0038951,Sean Tucker,RB,TB,2026,4,2026,5,DAL,08/10,period_1_rush_rec_tds,period_1_rush_rec_tds,0.5,0.04060211976269082,0.04060211976269082,0.9187957604746184
00-0035637,Rock Ya-Sin,CB,DET,2025,18,2026,5,ARI,11/10,sacks,sacks,0.0,0.040717631578445435,0.040717631578445435,0.9185647368431091
00-0036695,Naquan Jones,DT,HOU,2025,20,2026,5,TEN,11/10,sacks,sacks,0.0,0.04078681766986847,0.04078681766986847,0.9184263646602631
00-0039793,AJ Barner,TE,SEA,2026,4,2026,5,SF,11/10,period_first_touchdown_scored,period_first_touchdown_scored,0.5,0.04083062837733116,0.04083062837733116,0.9183387432453377
00-0039763,Joe Andreessen,LB,BUF,2025,20,2026,5,LA,12/10,sacks,sacks,0.0,0.04088863730430603,0.04088863730430603,0.9182227253913879
00-0033090,Hunter Henry,TE,NE,2026,4,2026,5,LV,11/10,period_1_rush_rec_tds,period_1_rush_rec_tds,0.5,0.04089322281166205,0.04089322281166205,0.9182135543766758
00-0039793,AJ Barner,TE,SEA,2026,4,2026,5,SF,11/10,period_1_rush_rec_tds,period_1_rush_rec_tds,0.5,0.04093332982277958,0.04093332982277958,0.9181333403544408
00-0038618,Xavier Hutchinson,WR,HOU,2026,4,2026,5,TEN,11/10,period_first_touchdown_scored,period_first_touchdown_scored,0.5,0.041132844166782805,0.041132844166782805,0.9177343116664344
00-0026158,Joe Flacco,QB,BAL,2014,4,2026,5,ATL,11/10,period_first_touchdown_scored_qb,period_first_touchdown_scored,0.5,0.041200224929710545,0.041200224929710545,0.9175995501405789
00-0039794,Braelon Allen,RB,NYJ,2026,4,2026,5,CLE,11/10,period_1_rush_rec_tds,period_1_rush_rec_tds,0.5,0.04127730018297763,0.04127730018297763,0.9174453996340447
00-0033860,Davon Godchaux,DT,NO,2025,18,2026,5,MIN,11/10,sacks,sacks,0.0,0.04128993675112724,0.04128993675112724,0.9174201264977455
00-0036994,Ernest Jones,LB,SEA,2025,22,2026,5,SF,11/10,sacks,sacks,0.0,0.04135286435484886,0.04135286435484886,0.9172942712903023
00-0038563,Tre Tucker,WR,LV,2026,4,2026,5,NE,11/10,period_first_touchdown_scored,period_first_touchdown_scored,0.5,0.041358225260943834,0.041358225260943834,0.9172835494781123
00-0034753,Mark Andrews,TE,BAL,2026,4,2026,5,ATL,11/10,period_1_rush_rec_tds,period_1_rush_rec_tds,0.5,0.04135957603696113,0.04135957603696113,0.9172808479260778
00-0038591,Mike Morris,DE,SEA,2025,22,2026,5,SF,11/10,sacks,sacks,0.0,0.0415128655731678,0.0415128655731678,0.9169742688536644
00-0036971,Trevor Lawrence,QB,JAX,2026,4,2026,5,PHI,11/10,period_1_rush_rec_tds_qb,period_1_rush_rec_tds,0.5,0.04160066006950827,0.04160066006950827,0.9167986798609835
00-0036901,Eric Stokes,CB,LV,2025,18,2026,5,NE,11/10,sacks,sacks,0.0,0.04176429286599159,0.04176429286599159,0.9164714142680168
00-0036970,Kyle Pitts,TE,ATL,2026,4,2026,5,BAL,11/10,period_1_rush_rec_tds,period_1_rush_rec_tds,0.5,0.04180668855509789,0.04180668855509789,0.9163866228898042
00-0040134,Pat Bryant,WR,DEN,2026,18,2026,5,LAC,11/10,season_rush_yards,season_rush_yards,16.0,0.04187631804184985,0.04187631804184985,0.9162473639163002
00-0038563,Tre Tucker,WR,LV,2026,4,2026,5,NE,11/10,period_1_rush_rec_tds,period_1_rush_rec_tds,0.5,0.04196850686335824,0.04196850686335824,0.9160629862732835
00-0039893,Brian Thomas Jr.,WR,JAX,2026,4,2026,5,PHI,11/10,period_first_touchdown_scored,period_first_touchdown_scored,0.5,0.04200050002767388,0.04200050002767388,0.9159989999446523
00-0038618,Xavier Hutchinson,WR,HOU,2026,4,2026,5,TEN,11/10,period_1_rush_rec_tds,period_1_rush_rec_tds,0.5,0.042025337707370714,0.042025337707370714,0.9159493245852586
00-0040089,Kevin Knowles,DB,KC,2025,18,2026,6,LAC,18/10,sacks,sacks,0.0,0.04212218150496483,0.04212218150496483,0.9157556369900703
00-0041547,KC Concepcion,WR,CLE,2026,4,2026,5,NYJ,11/10,period_first_touchdown_scored,period_first_touchdown_scored,0.5,0.042259843487836485,0.042259843487836485,0.915480313024327
00-0038102,Kenny Pickett,QB,PHI,2024,22,2026,5,JAX,11/10,period_first_touchdown_scored_qb,period_first_touchdown_scored,0.5,0.0423648194284684,0.0423648194284684,0.9152703611430633
00-0039901,Keon Coleman,WR,BUF,2026,4,2026,5,LA,12/10,period_1_rush_rec_tds,period_1_rush_rec_tds,0.5,0.042365497335810076,0.042365497335810076,0.9152690053283798
00-0036244,Colby Parkinson,TE,LA,2026,3,2026,5,BUF,12/10,period_1_rush_rec_tds,period_1_rush_rec_tds,0.5,0.04238062429334358,0.04238062429334358,0.9152387514133129
00-0033918,Fabian Moreau,CB,MIN,2025,18,2026,5,NO,11/10,sacks,sacks,0.0,0.04238644987344742,0.04238644987344742,0.9152271002531052
00-0036970,Kyle Pitts,TE,ATL,2026,4,2026,5,BAL,11/10,period_first_touchdown_scored,period_first_touchdown_scored,0.5,0.04238939196913125,0.04238939196913125,0.9152212160617375
00-0038594,Darrell Luter Jr.,CB,SF,2025,20,2026,5,SEA,11/10,sacks,sacks,0.0,0.04239458963274956,0.04239458963274956,0.9152108207345009
00-0026158,Joe Flacco,QB,BAL,2014,4,2026,5,ATL,11/10,period_1_rush_rec_tds_qb,period_1_rush_rec_tds,0.5,0.04240491949967772,0.04240491949967772,0.9151901610006445
00-0039893,Brian Thomas Jr.,WR,JAX,2026,4,2026,5,PHI,11/10,period_1_rush_rec_tds,period_1_rush_rec_tds,0.5,0.04246970109366333,0.04246970109366333,0.9150605978126733
00-0041547,KC Concepcion,WR,CLE,2026,4,2026,5,NYJ,11/10,period_1_rush_rec_tds,period_1_rush_rec_tds,0.5,0.04252228598753484,0.04252228598753484,0.9149554280249304
00-0034780,Isaac Yiadom,CB,NO,2025,18,2026,5,MIN,11/10,sacks,sacks,0.0,0.042559366673231125,0.042559366673231125,0.9148812666535378
00-0038935,Brenton Strange,TE,JAX,2026,4,2026,5,PHI,11/10,period_1_rush_rec_tds,period_1_rush_rec_tds,0.5,0.04269359903870436,0.04269359903870436,0.9146128019225913
00-0033941,Rayshawn Jenkins,DB,CLE,2025,18,2026,5,NYJ,11/10,sacks,sacks,0.0,0.04277532175183296,0.04277532175183296,0.9144493564963341
00-0030279,Keenan Allen,WR,IND,2026,3,2026,5,PIT,11/10,period_first_touchdown_scored,period_first_touchdown_scored,0.5,0.04286827885604496,0.04286827885604496,0.9142634422879101
00-0039901,Keon Coleman,WR,BUF,2026,4,2026,5,LA,12/10,period_first_touchdown_scored,period_first_touchdown_scored,0.5,0.042870091342363505,0.042870091342363505,0.914259817315273
00-0030279,Keenan Allen,WR,IND,2026,3,2026,5,PIT,11/10,period_1_rush_rec_tds,period_1_rush_rec_tds,0.5,0.04290393098409929,0.04290393098409929,0.9141921380318014
00-0036252,Michael Pittman,WR,PIT,2026,4,2026,5,IND,11/10,period_1_rush_rec_tds,period_1_rush_rec_tds,0.5,0.04292091790334356,0.04292091790334356,0.9141581641933129
00-0039732,Bo Nix,QB,DEN,2026,4,2026,5,LAC,11/10,period_1_rush_rec_tds_qb,period_1_rush_rec_tds,0.5,0.04293897610995929,0.04293897610995929,0.9141220477800814
00-0037834,Brock Purdy,QB,SF,2026,4,2026,5,SEA,11/10,period_first_touchdown_scored_qb,period_first_touchdown_scored,0.5,0.04297158415446876,0.04297158415446876,0.9140568316910624
00-0034753,Mark Andrews,TE,BAL,2026,4,2026,5,ATL,11/10,period_first_touchdown_scored,period_first_touchdown_scored,0.5,0.04301146160463805,0.04301146160463805,0.9139770767907239
00-0039074,Davis Allen,TE,LA,2023,14,2026,5,BUF,12/10,period_first_touchdown_scored,period_first_touchdown_scored,0.5,0.04308043306415829,0.04308043306415829,0.9138391338716834
00-0039074,Davis Allen,TE,LA,2023,14,2026,5,BUF,12/10,period_1_rush_rec_tds,period_1_rush_rec_tds,0.5,0.04313939175834725,0.04313939175834725,0.9137212164833055
00-0039739,Roman Wilson,WR,PIT,2026,4,2026,5,IND,11/10,period_1_rush_rec_tds,period_1_rush_rec_tds,0.5,0.04314636523781337,0.04314636523781337,0.9137072695243733
00-0038129,Cade Otton,TE,TB,2026,4,2026,5,DAL,08/10,period_first_touchdown_scored,period_first_touchdown_scored,0.5,0.043301674348856366,0.043301674348856366,0.9133966513022873
00-0040648,Tory Horton,WR,SEA,2026,3,2026,5,SF,11/10,period_first_touchdown_scored,period_first_touchdown_scored,0.5,0.04333352971257977,0.04333352971257977,0.9133329405748405
00-0033555,Mack Hollins,WR,NE,2026,4,2026,5,LV,11/10,period_first_touchdown_scored,period_first_touchdown_scored,0.5,0.043354749401008814,0.043354749401008814,0.9132905011979824
00-0035229,T.J. Hockenson,TE,MIN,2026,4,2026,5,NO,11/10,period_1_rush_rec_tds,period_1_rush_rec_tds,0.5,0.04337335271120162,0.04337335271120162,0.9132532945775967
00-0033090,Hunter Henry,TE,NE,2026,4,2026,5,LV,11/10,period_first_touchdown_scored,period_first_touchdown_scored,0.5,0.04343151126822752,0.04343151126822752,0.9131369774635449
00-0034829,Mike Gesicki,TE,CIN,2026,4,2026,5,MIA,11/10,period_first_touchdown_scored,period_first_touchdown_scored,0.5,0.043432530864612504,0.043432530864612504,0.913134938270775
00-0040189,Oronde Gadsden II,TE,LAC,2026,4,2026,5,DEN,11/10,period_1_rush_rec_tds,period_1_rush_rec_tds,0.5,0.04345470882825173,0.04345470882825173,0.9130905823434965
00-0036259,Jauan Jennings,WR,MIN,2026,4,2026,5,NO,11/10,period_first_touchdown_scored,period_first_touchdown_scored,0.5,0.0435672622238259,0.0435672622238259,0.9128654755523482
00-0040189,Oronde Gadsden II,TE,LAC,2026,4,2026,5,DEN,11/10,period_first_touchdown_scored,period_first_touchdown_scored,0.5,0.043618472613112316,0.043618472613112316,0.9127630547737754
00-0036252,Michael Pittman,WR,PIT,2026,4,2026,5,IND,11/10,period_first_touchdown_scored,period_first_touchdown_scored,0.5,0.04364755742736011,0.04364755742736011,0.9127048851452798
00-0036986,Nahshon Wright,CB,CHI,2025,20,2026,5,GB,11/10,sacks,sacks,0.0,0.04366765171289444,0.04366765171289444,0.9126646965742111
00-0036222,Isaiah Rodgers,CB,MIN,2025,18,2026,5,NO,11/10,sacks,sacks,0.0,0.04372917488217354,0.04372917488217354,0.9125416502356529
00-0041048,Ted Hurst III,WR,TB,2026,4,2026,5,DAL,08/10,period_1_rush_rec_tds,period_1_rush_rec_tds,0.5,0.043764061825959856,0.043764061825959856,0.9124718763480802
00-0033555,Mack Hollins,WR,NE,2026,4,2026,5,LV,11/10,period_1_rush_rec_tds,period_1_rush_rec_tds,0.5,0.043807879018181194,0.043807879018181194,0.9123842419636377
00-0036355,Justin Herbert,QB,LAC,2026,4,2026,5,DEN,11/10,period_first_touchdown_scored_qb,period_first_touchdown_scored,0.5,0.04383561197487268,0.04383561197487268,0.9123287760502546
00-0040199,JJ Pegues,DT,LV,2025,18,2026,5,NE,11/10,sacks,sacks,0.0,0.043955255299806595,0.043955255299806595,0.9120894894003868
00-0040648,Tory Horton,WR,SEA,2026,3,2026,5,SF,11/10,period_1_rush_rec_tds,period_1_rush_rec_tds,0.5,0.0439850455983785,0.0439850455983785,0.912029908803243
00-0038104,Tyquan Thornton,WR,KC,2026,4,2026,6,LAC,18/10,period_first_touchdown_scored,period_first_touchdown_scored,0.5,0.044147833242263214,0.044147833242263214,0.9117043335154735
00-0041523,Caleb Douglas,WR,MIA,2026,2,2026,5,CIN,11/10,period_first_touchdown_scored,period_first_touchdown_scored,0.5,0.044207753522193645,0.044207753522193645,0.9115844929556127
00-0041032,Kenyon Sadiq,TE,NYJ,2026,4,2026,5,CLE,11/10,period_1_rush_rec_tds,period_1_rush_rec_tds,0.5,0.04428712691341132,0.04428712691341132,0.9114257461731774
00-0038935,Brenton Strange,TE,JAX,2026,4,2026,5,PHI,11/10,period_first_touchdown_scored,period_first_touchdown_scored,0.5,0.04443774825890347,0.04443774825890347,0.9111245034821931
00-0038544,Quentin Johnston,WR,LAC,2026,4,2026,5,DEN,11/10,period_1_rush_rec_tds,period_1_rush_rec_tds,0.5,0.04447736430840104,0.04447736430840104,0.9110452713831979
00-0033890,Budda Baker,S,ARI,2025,18,2026,5,DET,11/10,sacks,sacks,0.0,0.0444859080016613,0.0444859080016613,0.9110281839966774
00-0039410,Ryan Flournoy,WR,DAL,2026,4,2026,5,TB,08/10,period_1_rush_rec_tds,period_1_rush_rec_tds,0.5,0.04459486892931996,0.04459486892931996,0.9108102621413601
00-0034641,Chris Jones,DB,TEN,2021,14,2026,5,HOU,11/10,sacks,sacks,0.0,0.04468817636370659,0.04468817636370659,0.9106236472725868
00-0040496,Chaz Chambliss,LB,MIN,2025,18,2026,5,NO,11/10,sacks,sacks,0.1,0.04472856596112251,0.04472856596112251,0.910542868077755
00-0039424,Devaughn Vele,WR,NO,2026,4,2026,5,MIN,11/10,period_1_rush_rec_tds,period_1_rush_rec_tds,0.5,0.0447925606031486,0.0447925606031486,0.9104148787937028
00-0040020,Micah Robinson,CB,TEN,2025,18,2026,5,HOU,11/10,sacks,sacks,0.0,0.044814229011535645,0.044814229011535645,0.9103715419769287
00-0035229,T.J. Hockenson,TE,MIN,2026,4,2026,5,NO,11/10,period_first_touchdown_scored,period_first_touchdown_scored,0.5,0.04482997370789313,0.04482997370789313,0.9103400525842138
00-0035239,Sean Murphy-Bunting,CB,TB,2022,19,2026,5,DAL,08/10,sacks,sacks,0.0,0.044851575046777725,0.044851575046777725,0.9102968499064445
00-0035500,Greg Dortch,WR,ARI,2025,13,2026,5,DET,11/10,period_first_touchdown_scored,period_first_touchdown_scored,0.5,0.04489088949651374,0.04489088949651374,0.9102182210069725
00-0039849,Marvin Harrison Jr.,WR,ARI,2026,4,2026,5,DET,11/10,period_first_touchdown_scored,period_first_touchdown_scored,0.5,0.04490468645655707,0.04490468645655707,0.9101906270868858
00-0040129,Emeka Egbuka,WR,TB,2026,4,2026,5,DAL,08/10,period_first_touchdown_scored,period_first_touchdown_scored,0.5,0.04493181208225682,0.04493181208225682,0.9101363758354863
00-0039851,Drake Maye,QB,NE,2026,4,2026,5,LV,11/10,period_first_touchdown_scored_qb,period_first_touchdown_scored,0.5,0.04496259762549846,0.04496259762549846,0.910074804749003
00-0039811,MarShawn Lloyd,RB,GB,2026,4,2026,5,CHI,11/10,period_1_rush_rec_tds,period_1_rush_rec_tds,0.5,0.04496927804590488,0.04496927804590488,0.9100614439081902
00-0039410,Ryan Flournoy,WR,DAL,2026,4,2026,5,TB,08/10,period_first_touchdown_scored,period_first_touchdown_scored,0.5,0.04497674444680408,0.04497674444680408,0.9100465111063918
00-0041032,Kenyon Sadiq,TE,NYJ,2026,4,2026,5,CLE,11/10,period_first_touchdown_scored,period_first_touchdown_scored,0.5,0.04506521082600969,0.04506521082600969,0.9098695783479807
00-0037012,Trey Lance,QB,LAC,2025,18,2026,5,DEN,11/10,period_1_rush_rec_tds_qb,period_1_rush_rec_tds,0.5,0.045232517583868204,0.045232517583868204,0.9095349648322636
00-0039789,Qwan'tez Stiggers,DB,NYJ,2025,17,2026,5,CLE,11/10,sacks,sacks,0.0,0.04524855688214302,0.04524855688214302,0.909502886235714
00-0038642,D.J. Ivey,CB,CIN,2025,18,2026,5,MIA,11/10,sacks,sacks,0.0,0.045301977545022964,0.045301977545022964,0.9093960449099541
00-0039732,Bo Nix,QB,DEN,2026,4,2026,5,LAC,11/10,period_first_touchdown_scored_qb,period_first_touchdown_scored,0.5,0.04533221622911552,0.04533221622911552,0.9093355675417689
00-0039794,Braelon Allen,RB,NYJ,2026,4,2026,5,CLE,11/10,period_first_touchdown_scored,period_first_touchdown_scored,0.5,0.045333607225594943,0.045333607225594943,0.9093327855488101
00-0037261,Khalil Shakir,WR,BUF,2026,4,2026,5,LA,12/10,period_1_rush_rec_tds,period_1_rush_rec_tds,0.5,0.0454433921244257,0.0454433921244257,0.9091132157511486
00-0039365,Jacob Cowing,WR,SF,2024,7,2026,5,SEA,11/10,period_first_touchdown_scored,period_first_touchdown_scored,0.5,0.045519546072873326,0.045519546072873326,0.9089609078542533
00-0039365,Jacob Cowing,WR,SF,2024,7,2026,5,SEA,11/10,period_1_rush_rec_tds,period_1_rush_rec_tds,0.5,0.04553340458793878,0.04553340458793878,0.9089331908241225
00-0034348,Courtland Sutton,WR,DEN,2026,4,2026,5,LAC,11/10,period_1_rush_rec_tds,period_1_rush_rec_tds,0.5,0.045539227260411354,0.045539227260411354,0.9089215454791773
00-0038454,Keaton Mitchell,RB,LAC,2026,4,2026,5,DEN,11/10,period_1_rush_rec_tds,period_1_rush_rec_tds,0.5,0.045660273194721476,0.045660273194721476,0.908679453610557
00-0034278,Tremon Smith,CB,HOU,2025,20,2026,5,TEN,11/10,sacks,sacks,0.0,0.04578639194369316,0.04578639194369316,0.9084272161126137
00-0038041,Jake Ferguson,TE,DAL,2026,4,2026,5,TB,08/10,period_first_touchdown_scored,period_first_touchdown_scored,0.5,0.04578668720384527,0.04578668720384527,0.9084266255923095
00-0034960,Jakobi Meyers,WR,JAX,2026,4,2026,5,PHI,11/10,period_1_rush_rec_tds,period_1_rush_rec_tds,0.5,0.04584880546411678,0.04584880546411678,0.9083023890717664
00-0036244,Colby Parkinson,TE,LA,2026,3,2026,5,BUF,12/10,period_first_touchdown_scored,period_first_touchdown_scored,0.5,0.04595633456225198,0.04595633456225198,0.908087330875496
00-0039880,Malik Washington,WR,MIA,2026,4,2026,5,CIN,11/10,period_1_rush_rec_tds,period_1_rush_rec_tds,0.5,0.04597310804435963,0.04597310804435963,0.9080537839112808
00-0036893,Najee Harris,RB,NYG,2026,4,2026,5,WAS,11/10,period_1_rush_rec_tds,period_1_rush_rec_tds,0.5,0.046054619873147844,0.046054619873147844,0.9078907602537043
00-0039915,Ladd McConkey,WR,LAC,2026,4,2026,5,DEN,11/10,period_1_rush_rec_tds,period_1_rush_rec_tds,0.5,0.04605517120680209,0.04605517120680209,0.9078896575863958
00-0038129,Cade Otton,TE,TB,2026,4,2026,5,DAL,08/10,period_1_rush_rec_tds,period_1_rush_rec_tds,0.5,0.046102518840370685,0.046102518840370685,0.9077949623192586
00-0040342,Danny Striggow,DE,JAX,2025,19,2026,5,PHI,11/10,sacks,sacks,0.0,0.046144094318151474,0.046144094318151474,0.907711811363697
00-0038041,Jake Ferguson,TE,DAL,2026,4,2026,5,TB,08/10,period_1_rush_rec_tds,period_1_rush_rec_tds,0.5,0.04615367903255728,0.04615367903255728,0.9076926419348854
00-0034960,Jakobi Meyers,WR,JAX,2026,4,2026,5,PHI,11/10,period_first_touchdown_scored,period_first_touchdown_scored,0.5,0.046356554654664775,0.046356554654664775,0.9072868906906705
00-0036894,Pat Freiermuth,TE,PIT,2026,4,2026,5,IND,11/10,period_first_touchdown_scored,period_first_touchdown_scored,0.5,0.046454942610999854,0.046454942610999854,0.9070901147780003
00-0034843,Mike Hughes,CB,ATL,2025,15,2026,5,BAL,11/10,sacks,sacks,0.0,0.046457745134830475,0.046457745134830475,0.907084509730339
00-0037263,Tyler Allgeier,RB,ARI,2026,4,2026,5,DET,11/10,period_first_touchdown_scored,period_first_touchdown_scored,0.5,0.04645867881619894,0.04645867881619894,0.9070826423676022
00-0040668,Shedeur Sanders,QB,CLE,2025,11,2026,5,NYJ,11/10,period_1_2_rush_rec_tds_qb,period_1_2_rush_rec_tds,0.5,0.04647738434147269,0.04647738434147269,0.9070452313170546
00-0037294,Jordan Jackson,DT,DEN,2025,20,2026,5,LAC,11/10,sacks,sacks,0.0,0.04650716483592987,0.04650716483592987,0.9069856703281403
00-0036341,Khalid Kareem,DE,ATL,2025,18,2026,5,BAL,11/10,sacks,sacks,0.0,0.04653140529990196,0.04653140529990196,0.9069371894001961
00-0040277,Jahdae Walker,WR,CHI,2025,18,2026,5,GB,11/10,period_first_touchdown_scored,period_first_touchdown_scored,0.5,0.04653284943878938,0.04653284943878938,0.9069343011224212
00-0039376,Spencer Rattler,QB,NO,2025,15,2026,5,MIN,11/10,period_1_2_rush_rec_tds_qb,period_1_2_rush_rec_tds,0.5,0.04668068390363027,0.04668068390363027,0.9066386321927394
00-0037289,Malcolm Rodriguez,LB,DET,2025,18,2026,5,ARI,11/10,sacks,sacks,0.0,0.0467008575797081,0.0467008575797081,0.9065982848405838
00-0041523,Caleb Douglas,WR,MIA,2026,2,2026,5,CIN,11/10,period_1_rush_rec_tds,period_1_rush_rec_tds,0.5,0.04683272866645296,0.04683272866645296,0.9063345426670941
00-0034869,Sam Darnold,QB,SEA,2025,4,2026,5,SF,11/10,period_1_2_rush_rec_tds_qb,period_1_2_rush_rec_tds,0.5,0.04688037994294976,0.04688037994294976,0.9062392401141005
00-0037263,Tyler Allgeier,RB,ARI,2026,4,2026,5,DET,11/10,period_1_rush_rec_tds,period_1_rush_rec_tds,0.5,0.04693415554926125,0.04693415554926125,0.9061316889014774
00-0036563,Deommodore Lenoir,CB,SF,2025,20,2026,5,SEA,11/10,sacks,sacks,0.0,0.04697789251804352,0.04697789251804352,0.906044214963913
00-0038104,Tyquan Thornton,WR,KC,2026,4,2026,6,LAC,18/10,period_1_rush_rec_tds,period_1_rush_rec_tds,0.5,0.04697907302128921,0.04697907302128921,0.9060418539574215
00-0040743,Tyler Shough,QB,NO,2026,4,2026,5,MIN,11/10,period_first_touchdown_scored_qb,period_first_touchdown_scored,0.5,0.04703708355894128,0.04703708355894128,0.9059258328821175
00-0037261,Khalil Shakir,WR,BUF,2026,4,2026,5,LA,12/10,period_first_touchdown_scored,period_first_touchdown_scored,0.5,0.04706326321911134,0.04706326321911134,0.9058734735617773
00-0030106,Chris Jones,DT,SF,2016,17,2026,5,SEA,11/10,sacks,sacks,0.0,0.04714391753077507,0.04714391753077507,0.9057121649384499
00-0040129,Emeka Egbuka,WR,TB,2026,4,2026,5,DAL,08/10,period_1_rush_rec_tds,period_1_rush_rec_tds,0.5,0.04719559858511093,0.04719559858511093,0.9056088028297782
00-0039424,Devaughn Vele,WR,NO,2026,4,2026,5,MIN,11/10,period_first_touchdown_scored,period_first_touchdown_scored,0.5,0.047227215941409384,0.047227215941409384,0.9055455681171812
00-0039849,Marvin Harrison Jr.,WR,ARI,2026,4,2026,5,DET,11/10,period_1_rush_rec_tds,period_1_rush_rec_tds,0.5,0.04724593002369744,0.04724593002369744,0.9055081399526052
00-0039163,C.J. Stroud,QB,HOU,2026,1,2026,5,TEN,11/10,period_1_2_rush_rec_tds_qb,period_1_2_rush_rec_tds,0.5,0.047257526151335744,0.047257526151335744,0.9054849476973286
00-0036894,Pat Freiermuth,TE,PIT,2026,4,2026,5,IND,11/10,period_1_rush_rec_tds,period_1_rush_rec_tds,0.5,0.0472817477752877,0.0472817477752877,0.9054365044494246
00-0033110,Tyler Higbee,TE,LA,2026,4,2026,5,BUF,12/10,period_first_touchdown_scored,period_first_touchdown_scored,0.5,0.047458197203182714,0.047458197203182714,0.9050836055936345
00-0038544,Quentin Johnston,WR,LAC,2026,4,2026,5,DEN,11/10,period_first_touchdown_scored,period_first_touchdown_scored,0.5,0.04748782572608411,0.04748782572608411,0.9050243485478318
00-0036844,Garret Wallow,LB,SF,2025,20,2026,5,SEA,11/10,sacks,sacks,0.0,0.0474979393184185,0.0474979393184185,0.905004121363163
00-0035537,Ty Johnson,RB,BUF,2026,4,2026,5,LA,12/10,period_1_rush_rec_tds,period_1_rush_rec_tds,0.5,0.047635569701924424,0.047635569701924424,0.9047288605961512
00-0035500,Greg Dortch,WR,ARI,2025,13,2026,5,DET,11/10,period_1_rush_rec_tds,period_1_rush_rec_tds,0.5,0.04764118680207331,0.04764118680207331,0.9047176263958534
00-0038611,Chris Rodriguez Jr.,RB,JAX,2026,4,2026,5,PHI,11/10,period_1_rush_rec_tds,period_1_rush_rec_tds,0.5,0.047654741700358744,0.047654741700358744,0.9046905165992825
00-0040277,Jahdae Walker,WR,CHI,2025,18,2026,5,GB,11/10,period_1_rush_rec_tds,period_1_rush_rec_tds,0.5,0.04766959065298904,0.04766959065298904,0.9046608186940219
00-0037461,Tristin McCollum,DB,LV,2025,18,2026,5,NE,11/10,sacks,sacks,0.0,0.047706861048936844,0.047706861048936844,0.9045862779021263
00-0039770,Charles Woods,CB,NE,2025,22,2026,5,LV,11/10,sacks,sacks,0.0,0.04773049056529999,0.04773049056529999,0.9045390188694
00-0033110,Tyler Higbee,TE,LA,2026,4,2026,5,BUF,12/10,period_1_rush_rec_tds,period_1_rush_rec_tds,0.5,0.047835710471647926,0.047835710471647926,0.9043285790567042
00-0039915,Ladd McConkey,WR,LAC,2026,4,2026,5,DEN,11/10,period_first_touchdown_scored,period_first_touchdown_scored,0.5,0.04786358308410656,0.04786358308410656,0.9042728338317869
00-0033537,Deshaun Watson,QB,CLE,2026,4,2026,5,NYJ,11/10,period_first_touchdown_scored_qb,period_first_touchdown_scored,0.5,0.0478842247030424,0.0478842247030424,0.9042315505939152
00-0038994,Jordan Addison,WR,MIN,2026,4,2026,5,NO,11/10,period_first_touchdown_scored,period_first_touchdown_scored,0.5,0.04789890927168635,0.04789890927168635,0.9042021814566273
00-0041326,CJ Donaldson,RB,NO,2026,1,2026,5,MIN,11/10,period_1_2_rush_rec_tds,period_1_2_rush_rec_tds,0.5,0.047924498843134496,0.047924498843134496,0.904151002313731
00-0039343,Kamari Lassiter,CB,HOU,2025,20,2026,5,TEN,11/10,sacks,sacks,0.0,0.047935593873262405,0.047935593873262405,0.9041288122534752
00-0039811,MarShawn Lloyd,RB,GB,2026,4,2026,5,CHI,11/10,period_first_touchdown_scored,period_first_touchdown_scored,0.5,0.0479539388027479,0.0479539388027479,0.9040921223945042
00-0036974,Tyson Campbell,CB,CLE,2025,18,2026,5,NYJ,11/10,sacks,sacks,0.0,0.04810906946659088,0.04810906946659088,0.9037818610668182
00-0039451,Isaiah Williams,WR,NYJ,2026,18,2026,5,CLE,11/10,season_rush_yards,season_rush_yards,14.0,0.04812208098837417,0.04812208098837417,0.9037558380232517
00-0034383,Dalton Schultz,TE,HOU,2026,4,2026,5,TEN,11/10,period_first_touchdown_scored,period_first_touchdown_scored,0.5,0.04816332507635021,0.04816332507635021,0.9036733498472995
00-0038454,Keaton Mitchell,RB,LAC,2026,4,2026,5,DEN,11/10,period_first_touchdown_scored,period_first_touchdown_scored,0.5,0.04818200266817988,0.04818200266817988,0.9036359946636402
00-0035250,Devin Singletary,RB,NYG,2026,2,2026,5,WAS,11/10,period_first_touchdown_scored,period_first_touchdown_scored,0.5,0.048295056509008984,0.048295056509008984,0.903409886981982
00-0038994,Jordan Addison,WR,MIN,2026,4,2026,5,NO,11/10,period_1_rush_rec_tds,period_1_rush_rec_tds,0.5,0.04836035217252456,0.04836035217252456,0.9032792956549509
00-0036264,Jordan Love,QB,GB,2025,19,2026,5,CHI,11/10,period_1_2_rush_rec_tds_qb,period_1_2_rush_rec_tds,0.5,0.048488455556499846,0.048488455556499846,0.9030230888870003
00-0037012,Trey Lance,QB,LAC,2025,18,2026,5,DEN,11/10,period_first_touchdown_scored_qb,period_first_touchdown_scored,0.5,0.048488821933758725,0.048488821933758725,0.9030223561324826
00-0034829,Mike Gesicki,TE,CIN,2026,4,2026,5,MIA,11/10,period_1_rush_rec_tds,period_1_rush_rec_tds,0.5,0.04851189735785619,0.04851189735785619,0.9029762052842876
00-0031610,Darren Waller,TE,CAR,2026,4,2026,6,PHI,18/10,period_1_rush_rec_tds,period_1_rush_rec_tds,0.5,0.048550745771912075,0.048550745771912075,0.9028985084561758
00-0040667,Matthew Golden,WR,GB,2026,4,2026,5,CHI,11/10,period_first_touchdown_scored,period_first_touchdown_scored,0.5,0.048592220833353184,0.048592220833353184,0.9028155583332936
00-0033921,Chris Godwin Jr.,WR,TB,2026,4,2026,5,DAL,08/10,period_first_touchdown_scored,period_first_touchdown_scored,0.5,0.04865931222319853,0.04865931222319853,0.902681375553603
00-0034383,Dalton Schultz,TE,HOU,2026,4,2026,5,TEN,11/10,period_1_rush_rec_tds,period_1_rush_rec_tds,0.5,0.04866344055816064,0.04866344055816064,0.9026731188836787
00-0039880,Malik Washington,WR,MIA,2026,4,2026,5,CIN,11/10,period_first_touchdown_scored,period_first_touchdown_scored,0.5,0.04872412714872077,0.04872412714872077,0.9025517457025585
00-0036893,Najee Harris,RB,NYG,2026,4,2026,5,WAS,11/10,period_first_touchdown_scored,period_first_touchdown_scored,0.5,0.04872676226935746,0.04872676226935746,0.9025464754612851
00-0037283,John Ridgeway,DT,NO,2025,18,2026,5,MIN,11/10,sacks,sacks,0.0,0.0487445704638958,0.0487445704638958,0.9025108590722084
00-0039888,Quinyon Mitchell,CB,PHI,2025,19,2026,5,JAX,11/10,sacks,sacks,0.0,0.048748958855867386,0.048748958855867386,0.9025020822882652
00-0039391,Kimani Vidal,RB,LAC,2026,4,2026,5,DEN,11/10,period_1_rush_rec_tds,period_1_rush_rec_tds,0.5,0.04881007212079862,0.04881007212079862,0.9023798557584027
00-0034844,Saquon Barkley,RB,PHI,2026,4,2026,5,JAX,11/10,period_1_rush_rec_tds,period_1_rush_rec_tds,0.5,0.04882795106151086,0.04882795106151086,0.9023440978769783
00-0035537,Ty Johnson,RB,BUF,2026,4,2026,5,LA,12/10,period_first_touchdown_scored,period_first_touchdown_scored,0.5,0.048940707959332794,0.048940707959332794,0.9021185840813344
00-0035144,Mack Wilson,LB,ARI,2025,9,2026,5,DET,11/10,sacks,sacks,0.0,0.04896291345357895,0.04896291345357895,0.9020741730928421
00-0031610,Darren Waller,TE,CAR,2026,4,2026,6,PHI,18/10,period_first_touchdown_scored,period_first_touchdown_scored,0.5,0.04899536184567212,0.04899536184567212,0.9020092763086558
00-0040076,Aeneas Peebles,DT,BAL,2025,13,2026,5,ATL,11/10,sacks,sacks,0.0,0.049035049974918365,0.049035049974918365,0.9019299000501633
00-0037268,Zyon McCollum,CB,TB,2025,15,2026,5,DAL,08/10,sacks,sacks,0.0,0.04914563149213791,0.04914563149213791,0.9017087370157242
00-0034827,DJ Moore,WR,BUF,2026,4,2026,5,LA,12/10,period_1_rush_rec_tds,period_1_rush_rec_tds,0.5,0.04916466398596567,0.04916466398596567,0.9016706720280687
00-0035250,Devin Singletary,RB,NYG,2026,2,2026,5,WAS,11/10,period_1_rush_rec_tds,period_1_rush_rec_tds,0.5,0.049178902818605125,0.049178902818605125,0.9016421943627897
00-0039391,Kimani Vidal,RB,LAC,2026,4,2026,5,DEN,11/10,period_first_touchdown_scored,period_first_touchdown_scored,0.5,0.04919633347440264,0.04919633347440264,0.9016073330511947
00-0039919,Rome Odunze,WR,CHI,2026,4,2026,5,GB,11/10,period_first_touchdown_scored,period_first_touchdown_scored,0.5,0.049363797437568364,0.049363797437568364,0.9012724051248633
00-0034348,Courtland Sutton,WR,DEN,2026,4,2026,5,LAC,11/10,period_first_touchdown_scored,period_first_touchdown_scored,0.5,0.0494302021503883,0.0494302021503883,0.9011395956992234
00-0035166,Azeez Al-Shaair,LB,HOU,2025,20,2026,5,TEN,11/10,sacks,sacks,0.0,0.04958343505859375,0.04958343505859375,0.9008331298828125
00-0036442,Joe Burrow,QB,CIN,2024,13,2026,5,MIA,11/10,period_1_2_rush_rec_tds_qb,period_1_2_rush_rec_tds,0.5,0.049780856626847114,0.049780856626847114,0.9004382867463058
00-0039738,Blake Corum,RB,LA,2026,4,2026,5,BUF,12/10,period_1_rush_rec_tds,period_1_rush_rec_tds,0.5,0.049840956357636974,0.049840956357636974,0.9003180872847261
00-0038997,Josh Downs,WR,IND,2026,4,2026,5,PIT,11/10,period_1_rush_rec_tds,period_1_rush_rec_tds,0.5,0.04984451752017888,0.04984451752017888,0.9003109649596422
00-0036987,Brandon Stephens,CB,NYJ,2025,17,2026,5,CLE,11/10,sacks,sacks,0.0,0.05016916245222092,0.05016916245222092,0.8996616750955582
00-0038611,Chris Rodriguez Jr.,RB,JAX,2026,4,2026,5,PHI,11/10,period_first_touchdown_scored,period_first_touchdown_scored,0.5,0.05022089972871661,0.05022089972871661,0.8995582005425667
00-0040641,Darien Porter,CB,LV,2025,18,2026,5,NE,11/10,sacks,sacks,0.0,0.050227440893650055,0.050227440893650055,0.8995451182126999
00-0036716,Amen Ogbongbemiga,LB,CHI,2025,20,2026,5,GB,11/10,sacks,sacks,0.0,0.050284914672374725,0.050284914672374725,0.8994301706552505
00-0037275,DaRon Bland,CB,DAL,2025,15,2026,5,TB,08/10,sacks,sacks,0.0,0.050328951328992844,0.050328951328992844,0.8993420973420143
00-0034361,Justin Reid,S,NO,2025,18,2026,5,MIN,11/10,sacks,sacks,0.0,0.0503876693546772,0.0503876693546772,0.8992246612906456
00-0030506,Travis Kelce,TE,KC,2026,4,2026,6,LAC,18/10,period_first_touchdown_scored,period_first_touchdown_scored,0.5,0.05043523635870448,0.05043523635870448,0.899129527282591
00-0040198,Ollie Gordon II,RB,MIA,2026,4,2026,5,CIN,11/10,period_1_rush_rec_tds,period_1_rush_rec_tds,0.5,0.05046884077758004,0.05046884077758004,0.8990623184448399
00-0035719,Deebo Samuel Sr.,WR,SF,2026,4,2026,5,SEA,11/10,period_1_rush_rec_tds,period_1_rush_rec_tds,0.5,0.0505502751431915,0.0505502751431915,0.898899449713617
00-0039738,Blake Corum,RB,LA,2026,4,2026,5,BUF,12/10,period_first_touchdown_scored,period_first_touchdown_scored,0.5,0.05058387596305692,0.05058387596305692,0.8988322480738862
00-0038710,Blake Whiteheart,TE,CLE,2024,4,2026,5,NYJ,11/10,period_1_rush_rec_tds,period_1_rush_rec_tds,0.5,0.050676792696964706,0.050676792696964706,0.8986464146060706
00-0031898,Alex Singleton,LB,DEN,2025,21,2026,5,LAC,11/10,sacks,sacks,0.1,0.0507119856774807,0.0507119856774807,0.8985760286450386
00-0041117,Athan Kaliakmanis,QB,WAS,2026,4,2026,5,NYG,11/10,period_1_2_rush_rec_tds_qb,period_1_2_rush_rec_tds,0.5,0.050752199807846156,0.050752199807846156,0.8984956003843076
00-0037013,Zach Wilson,QB,NYJ,2023,15,2026,5,CLE,11/10,period_1_2_rush_rec_tds_qb,period_1_2_rush_rec_tds,0.5,0.050826443269548015,0.050826443269548015,0.898347113460904
00-0040171,Joshua Farmer,DT,NE,2025,16,2026,5,LV,11/10,sacks,sacks,0.0,0.050863977521657944,0.050863977521657944,0.8982720449566841
00-0039919,Rome Odunze,WR,CHI,2026,4,2026,5,GB,11/10,period_1_rush_rec_tds,period_1_rush_rec_tds,0.5,0.05091020755895755,0.05091020755895755,0.8981795848820849
00-0036323,Patrick Queen,LB,PIT,2025,19,2026,5,IND,11/10,sacks,sacks,0.1,0.05094268172979355,0.05094268172979355,0.8981146365404129
00-0036501,Michael Carter II,CB,PHI,2025,19,2026,5,JAX,11/10,sacks,sacks,0.0,0.050982341170310974,0.050982341170310974,0.898035317659378
00-0039164,Anthony Richardson,QB,IND,2025,5,2026,5,PIT,11/10,period_first_touchdown_scored_qb,period_first_touchdown_scored,0.5,0.051034420609735405,0.051034420609735405,0.8979311587805292
00-0034844,Saquon Barkley,RB,PHI,2026,4,2026,5,JAX,11/10,period_first_touchdown_scored,period_first_touchdown_scored,0.5,0.051061543801471806,0.051061543801471806,0.8978769123970564
00-0033921,Chris Godwin Jr.,WR,TB,2026,4,2026,5,DAL,08/10,period_1_rush_rec_tds,period_1_rush_rec_tds,0.5,0.05111948263542966,0.05111948263542966,0.8977610347291407
00-0037256,Rachaad White,RB,WAS,2026,3,2026,5,NYG,11/10,period_1_rush_rec_tds,period_1_rush_rec_tds,0.5,0.051147997872690976,0.051147997872690976,0.897704004254618
00-0034874,Roquan Smith,ILB,BAL,2025,18,2026,5,ATL,11/10,sacks,sacks,0.0,0.051148921251297,0.051148921251297,0.897702157497406
00-0036292,Jaylon Johnson,CB,CHI,2025,20,2026,5,GB,11/10,sacks,sacks,0.0,0.0513545498251915,0.0513545498251915,0.897290900349617
00-0037838,Isaiah Likely,TE,NYG,2026,4,2026,5,WAS,11/10,period_first_touchdown_scored,period_first_touchdown_scored,0.5,0.05140902338342121,0.05140902338342121,0.8971819532331575
00-0038997,Josh Downs,WR,IND,2026,4,2026,5,PIT,11/10,period_first_touchdown_scored,period_first_touchdown_scored,0.5,0.05141768030843465,0.05141768030843465,0.8971646393831307
00-0035133,Keisean Nixon,DB,GB,2025,19,2026,5,CHI,11/10,sacks,sacks,0.0,0.05158693343400955,0.05158693343400955,0.8968261331319809
00-0036322,Justin Jefferson,WR,MIN,2026,3,2026,5,NO,11/10,period_first_touchdown_scored,period_first_touchdown_scored,0.5,0.05165125534347479,0.05165125534347479,0.8966974893130504
00-0040894,Malik Benson,WR,LV,2026,1,2026,5,NE,11/10,period_1_2_rush_rec_tds,period_1_2_rush_rec_tds,0.5,0.05170183817858072,0.05170183817858072,0.8965963236428386
00-0033699,Austin Ekeler,RB,WAS,2026,4,2026,5,NYG,11/10,period_1_rush_rec_tds,period_1_rush_rec_tds,0.5,0.05170325559245904,0.05170325559245904,0.8965934888150819
00-0037838,Isaiah Likely,TE,NYG,2026,4,2026,5,WAS,11/10,period_1_rush_rec_tds,period_1_rush_rec_tds,0.5,0.05175792476556035,0.05175792476556035,0.8964841504688793
00-0039371,Kris Abrams-Draine,CB,DEN,2025,21,2026,5,LAC,11/10,sacks,sacks,0.0,0.051938802003860474,0.051938802003860474,0.896122395992279
00-0038416,Tyson Bagent,QB,CHI,2025,2,2026,5,GB,11/10,period_1_2_rush_rec_tds_qb,period_1_2_rush_rec_tds,0.5,0.05196952635472999,0.05196952635472999,0.89606094729054
00-0035719,Deebo Samuel Sr.,WR,SF,2026,4,2026,5,SEA,11/10,period_first_touchdown_scored,period_first_touchdown_scored,0.5,0.052088983852351035,0.052088983852351035,0.8958220322952979
00-0029607,Demario Davis,OLB,NO,2025,18,2026,5,MIN,11/10,sacks,sacks,0.0,0.05209004506468773,0.05209004506468773,0.8958199098706245
00-0038635,Andre Jones Jr.,LB,BUF,2025,19,2026,5,LA,12/10,sacks,sacks,0.0,0.05217794328927994,0.05217794328927994,0.8956441134214401
00-0040583,Woody Marks,RB,HOU,2026,4,2026,5,TEN,11/10,period_first_touchdown_scored,period_first_touchdown_scored,0.5,0.05220662560250387,0.05220662560250387,0.8955867487949922
00-0040646,Jalen Royals,WR,KC,2025,18,2026,6,LAC,18/10,period_1_2_rush_rec_tds,period_1_2_rush_rec_tds,0.5,0.052211577697912764,0.052211577697912764,0.8955768446041745
00-0037816,Romeo Doubs,WR,NE,2026,4,2026,5,LV,11/10,period_first_touchdown_scored,period_first_touchdown_scored,0.5,0.05224335385484611,0.05224335385484611,0.8955132922903077
00-0036375,Amik Robertson,CB,DET,2025,18,2026,5,ARI,11/10,sacks,sacks,0.0,0.05229509249329567,0.05229509249329567,0.8954098150134087
00-0034827,DJ Moore,WR,BUF,2026,4,2026,5,LA,12/10,period_first_touchdown_scored,period_first_touchdown_scored,0.5,0.05233293920979886,0.05233293920979886,0.8953341215804023
00-0039401,Khristian Boyd,DT,NO,2025,18,2026,5,MIN,11/10,sacks,sacks,0.0,0.05233811214566231,0.05233811214566231,0.8953237757086754
00-0041529,Kevin Coleman Jr.,WR,MIA,2026,4,2026,5,CIN,11/10,period_1_2_rush_rec_tds,period_1_2_rush_rec_tds,0.5,0.05236097146269756,0.05236097146269756,0.8952780570746048
00-0040667,Matthew Golden,WR,GB,2026,4,2026,5,CHI,11/10,period_1_rush_rec_tds,period_1_rush_rec_tds,0.5,0.05236679639423757,0.05236679639423757,0.8952664072115248
00-0035289,Gardner Minshew,QB,PHI,2022,13,2026,5,JAX,11/10,period_1_2_rush_rec_tds_qb,period_1_2_rush_rec_tds,0.5,0.05257346956987335,0.05257346956987335,0.8948530608602533
00-0038764,Patrick O'Connell,LB,SEA,2025,22,2026,5,SF,11/10,sacks,sacks,0.1,0.052616339176893234,0.052616339176893234,0.8947673216462135
00-0031588,Stefon Diggs,WR,WAS,2026,4,2026,5,NYG,11/10,period_first_touchdown_scored,period_first_touchdown_scored,0.5,0.052625708402656644,0.052625708402656644,0.8947485831946868
00-0038933,Dalton Kincaid,TE,BUF,2026,4,2026,5,LA,12/10,period_first_touchdown_scored,period_first_touchdown_scored,0.5,0.052696978262670016,0.052696978262670016,0.89460604347466
00-0039796,Rasheen Ali,RB,BAL,2024,18,2026,5,ATL,11/10,period_1_2_rush_rec_tds,period_1_2_rush_rec_tds,0.5,0.05269753256185057,0.05269753256185057,0.8946049348762989
00-0037237,Derek Stingley Jr.,CB,HOU,2025,20,2026,5,TEN,11/10,sacks,sacks,0.0,0.05276179686188698,0.05276179686188698,0.894476406276226
00-0030506,Travis Kelce,TE,KC,2026,4,2026,6,LAC,18/10,period_1_rush_rec_tds,period_1_rush_rec_tds,0.5,0.0528936702640064,0.0528936702640064,0.8942126594719872
00-0036322,Justin Jefferson,WR,MIN,2026,3,2026,5,NO,11/10,period_1_rush_rec_tds,period_1_rush_rec_tds,0.5,0.05290387793264002,0.05290387793264002,0.89419224413472
00-0034855,Baker Mayfield,QB,TB,2026,3,2026,5,DAL,08/10,period_1_2_rush_rec_tds_qb,period_1_2_rush_rec_tds,0.5,0.05302377386022103,0.05302377386022103,0.8939524522795579
00-0023459,Aaron Rodgers,QB,GB,2020,1,2026,5,CHI,11/10,period_1_2_rush_rec_tds_qb,period_1_2_rush_rec_tds,0.5,0.053163759067388516,0.053163759067388516,0.893672481865223
00-0036040,Juwan Johnson,TE,NO,2026,4,2026,5,MIN,11/10,period_first_touchdown_scored,period_first_touchdown_scored,0.5,0.053188222411069706,0.053188222411069706,0.8936235551778606
00-0040744,Jaylahn Tuimoloau,DE,IND,2025,18,2026,5,PIT,11/10,sacks,sacks,0.0,0.053192637860774994,0.053192637860774994,0.89361472427845
00-0040735,Luther Burden III,WR,CHI,2026,4,2026,5,GB,11/10,period_first_touchdown_scored,period_first_touchdown_scored,0.5,0.053238251253793265,0.053238251253793265,0.8935234974924134
00-0034856,Denzel Ward,CB,CLE,2025,18,2026,5,NYJ,11/10,sacks,sacks,0.0,0.053249292075634,0.053249292075634,0.893501415848732
00-0033537,Deshaun Watson,QB,CLE,2026,4,2026,5,NYJ,11/10,period_1_rush_rec_tds_qb,period_1_rush_rec_tds,0.5,0.05326777227281409,0.05326777227281409,0.8934644554543718
00-0040720,Jahdae Barron,CB,DEN,2025,21,2026,5,LAC,11/10,sacks,sacks,0.0,0.053375519812107086,0.053375519812107086,0.8932489603757858
00-0040128,Tyler Warren,TE,IND,2026,4,2026,5,PIT,11/10,period_1_rush_rec_tds,period_1_rush_rec_tds,0.5,0.05344958069169199,0.05344958069169199,0.893100838616616
00-0040398,Brady Cook,QB,NYJ,2025,15,2026,5,CLE,11/10,period_1_2_rush_rec_tds_qb,period_1_2_rush_rec_tds,0.5,0.0536489239333559,0.0536489239333559,0.8927021521332882
00-0038117,Wan'Dale Robinson,WR,TEN,2026,4,2026,5,HOU,11/10,period_first_touchdown_scored,period_first_touchdown_scored,0.5,0.053659492095559556,0.053659492095559556,0.8926810158088809
00-0039289,Leonard Taylor III,DT,NE,2025,22,2026,5,LV,11/10,sacks,sacks,0.0,0.05366046354174614,0.05366046354174614,0.8926790729165077
00-0040166,Quincy Riley,CB,NO,2025,18,2026,5,MIN,11/10,sacks,sacks,0.0,0.053690314292907715,0.053690314292907715,0.8926193714141846
00-0031588,Stefon Diggs,WR,WAS,2026,4,2026,5,NYG,11/10,period_1_rush_rec_tds,period_1_rush_rec_tds,0.5,0.05370045025900402,0.05370045025900402,0.8925990994819919
00-0039772,Josh Wallace,CB,LA,2025,21,2026,5,BUF,12/10,sacks,sacks,0.0,0.053731903433799744,0.053731903433799744,0.8925361931324005
00-0034778,Carlton Davis III,CB,NE,2025,22,2026,5,LV,11/10,sacks,sacks,0.0,0.05381196364760399,0.05381196364760399,0.892376072704792
00-0039150,Bryce Young,QB,CAR,2026,4,2026,6,PHI,18/10,period_1_2_rush_rec_tds_qb,period_1_2_rush_rec_tds,0.5,0.053830273380431407,0.053830273380431407,0.8923394532391372
00-0041438,Carnell Tate,WR,TEN,2026,4,2026,5,HOU,11/10,period_first_touchdown_scored,period_first_touchdown_scored,0.5,0.05386865681942117,0.05386865681942117,0.8922626863611577
00-0038710,Blake Whiteheart,TE,CLE,2024,4,2026,5,NYJ,11/10,period_first_touchdown_scored,period_first_touchdown_scored,0.5,0.05398455606512717,0.05398455606512717,0.8920308878697456
00-0031503,Jameis Winston,QB,NO,2022,3,2026,5,MIN,11/10,period_1_2_rush_rec_tds_qb,period_1_2_rush_rec_tds,0.5,0.05403454869511108,0.05403454869511108,0.8919309026097778
00-0036919,Kenny Gainwell,RB,TB,2026,4,2026,5,DAL,08/10,period_first_touchdown_scored,period_first_touchdown_scored,0.5,0.05417120442881197,0.05417120442881197,0.8916575911423761
00-0036992,Elijah Molden,CB,LAC,2025,19,2026,5,DEN,11/10,sacks,sacks,0.0,0.054255951195955276,0.054255951195955276,0.8914880976080894
00-0040642,Vernon Broughton,DT,NO,2025,2,2026,5,MIN,11/10,sacks,sacks,0.0,0.05431262031197548,0.05431262031197548,0.891374759376049
00-0037256,Rachaad White,RB,WAS,2026,3,2026,5,NYG,11/10,period_first_touchdown_scored,period_first_touchdown_scored,0.5,0.05434726959213669,0.05434726959213669,0.8913054608157266
00-0033906,Alvin Kamara,RB,NO,2026,4,2026,5,MIN,11/10,period_1_rush_rec_tds,period_1_rush_rec_tds,0.5,0.05438551416128462,0.05438551416128462,0.8912289716774308
00-0033699,Austin Ekeler,RB,WAS,2026,4,2026,5,NYG,11/10,period_first_touchdown_scored,period_first_touchdown_scored,0.5,0.05448946664134727,0.05448946664134727,0.8910210667173055
00-0037816,Romeo Doubs,WR,NE,2026,4,2026,5,LV,11/10,period_1_rush_rec_tds,period_1_rush_rec_tds,0.5,0.05450509374969244,0.05450509374969244,0.8909898125006152
00-0038984,Kei'Trel Clark,CB,ARI,2025,16,2026,5,DET,11/10,sacks,sacks,0.0,0.05457482859492302,0.05457482859492302,0.890850342810154
00-0040198,Ollie Gordon II,RB,MIA,2026,4,2026,5,CIN,11/10,period_first_touchdown_scored,period_first_touchdown_scored,0.5,0.054589464660009156,0.054589464660009156,0.8908210706799817
00-0036040,Juwan Johnson,TE,NO,2026,4,2026,5,MIN,11/10,period_1_rush_rec_tds,period_1_rush_rec_tds,0.5,0.05459532538255342,0.05459532538255342,0.8908093492348932
00-0039366,Tarheeb Still,CB,LAC,2025,19,2026,5,DEN,11/10,sacks,sacks,0.0,0.05469397082924843,0.05469397082924843,0.8906120583415031
00-0026498,Matthew Stafford,QB,DET,2016,14,2026,5,ARI,11/10,period_1_2_rush_rec_tds_qb,period_1_2_rush_rec_tds,0.5,0.05474323767621251,0.05474323767621251,0.8905135246475749
00-0040255,Adin Huntington,DE,CLE,2025,18,2026,5,NYJ,11/10,sacks,sacks,0.0,0.05477330833673477,0.05477330833673477,0.8904533833265305
00-0040583,Woody Marks,RB,HOU,2026,4,2026,5,TEN,11/10,period_1_rush_rec_tds,period_1_rush_rec_tds,0.5,0.05479600665294168,0.05479600665294168,0.8904079866941166
00-0034384,D.J. Reed,CB,DET,2025,18,2026,5,ARI,11/10,sacks,sacks,0.0,0.05498937517404556,0.05498937517404556,0.8900212496519089
00-0038039,Jack Jones,CB,MIA,2025,18,2026,5,CIN,11/10,sacks,sacks,0.0,0.05499136820435524,0.05499136820435524,0.8900172635912895
00-0035202,Del'Shawn Phillips,LB,LAC,2025,19,2026,5,DEN,11/10,sacks,sacks,0.1,0.05506965145468712,0.05506965145468712,0.8898606970906258
00-0040128,Tyler Warren,TE,IND,2026,4,2026,5,PIT,11/10,period_first_touchdown_scored,period_first_touchdown_scored,0.5,0.05510947309344282,0.05510947309344282,0.8897810538131143
00-0038933,Dalton Kincaid,TE,BUF,2026,4,2026,5,LA,12/10,period_1_rush_rec_tds,period_1_rush_rec_tds,0.5,0.05514911965496851,0.05514911965496851,0.889701760690063
00-0034356,Donte Jackson,CB,LAC,2025,19,2026,5,DEN,11/10,sacks,sacks,0.0,0.05533873662352562,0.05533873662352562,0.8893225267529488
00-0038117,Wan'Dale Robinson,WR,TEN,2026,4,2026,5,HOU,11/10,period_1_rush_rec_tds,period_1_rush_rec_tds,0.5,0.05541808304294069,0.05541808304294069,0.8891638339141186
00-0039345,Renardo Green,CB,SF,2025,20,2026,5,SEA,11/10,sacks,sacks,0.0,0.05558422952890396,0.05558422952890396,0.8888315409421921
00-0036924,Michael Carter,RB,ARI,2025,18,2026,5,DET,11/10,period_1_rush_rec_tds,period_1_rush_rec_tds,0.5,0.055793163090440814,0.055793163090440814,0.8884136738191184
00-0039178,Austin Ajiake,LB,IND,2025,18,2026,5,PIT,11/10,sacks,sacks,0.0,0.05589251592755318,0.05589251592755318,0.8882149681448936
00-0040133,Azareye'h Thomas,CB,NYJ,2025,14,2026,5,CLE,11/10,sacks,sacks,0.0,0.056028399616479874,0.056028399616479874,0.8879432007670403
00-0036416,Kristian Fulton,CB,KC,2025,18,2026,6,LAC,18/10,sacks,sacks,0.0,0.05603659525513649,0.05603659525513649,0.887926809489727
00-0039491,Jalen Coker,WR,CAR,2026,3,2026,6,PHI,18/10,period_first_touchdown_scored,period_first_touchdown_scored,0.5,0.05605539028749838,0.05605539028749838,0.8878892194250032
00-0036972,Mac Jones,QB,SF,2026,2,2026,5,SEA,11/10,period_1_2_rush_rec_tds_qb,period_1_2_rush_rec_tds,0.5,0.056089386308979854,0.056089386308979854,0.8878212273820403
00-0040645,Cody Simon,LB,ARI,2025,18,2026,5,DET,11/10,sacks,sacks,0.0,0.05612757056951523,0.05612757056951523,0.8877448588609695
00-0039369,Cam Hart,CB,LAC,2025,19,2026,5,DEN,11/10,sacks,sacks,0.0,0.05613015592098236,0.05613015592098236,0.8877396881580353
00-0034857,Josh Allen,QB,BUF,2026,18,2026,5,LA,12/10,season_rush_tds,season_rush_tds,7.0,0.056201363119196567,0.056201363119196567,0.8875972737616069
00-0034673,Tremaine Edmunds,MLB,CHI,2025,20,2026,5,GB,11/10,sacks,sacks,0.1,0.05621019005775452,0.05621019005775452,0.887579619884491
00-0035640,DK Metcalf,WR,PIT,2026,4,2026,5,IND,11/10,period_first_touchdown_scored,period_first_touchdown_scored,0.5,0.056300048924976365,0.056300048924976365,0.8873999021500473
00-0035795,James Pierre,CB,PIT,2025,19,2026,5,IND,11/10,sacks,sacks,0.0,0.05631997063755989,0.05631997063755989,0.8873600587248802
00-0036924,Michael Carter,RB,ARI,2025,18,2026,5,DET,11/10,period_first_touchdown_scored,period_first_touchdown_scored,0.5,0.05632623289853388,0.05632623289853388,0.8873475342029322
00-0040188,Yahya Black,DE,PIT,2025,19,2026,5,IND,11/10,sacks,sacks,0.0,0.05636275187134743,0.05636275187134743,0.8872744962573051
00-0033873,Patrick Mahomes,QB,KC,2026,4,2026,6,LAC,18/10,period_1_2_rush_rec_tds_qb,period_1_2_rush_rec_tds,0.5,0.05650008026293811,0.05650008026293811,0.8869998394741238
00-0036919,Kenny Gainwell,RB,TB,2026,4,2026,5,DAL,08/10,period_1_rush_rec_tds,period_1_rush_rec_tds,0.5,0.05651167675780841,0.05651167675780841,0.8869766464843831
00-0030294,Tony Jefferson,S,LAC,2025,19,2026,5,DEN,11/10,sacks,sacks,0.0,0.05660504847764969,0.05660504847764969,0.8867899030447006
00-0036625,Benjamin St-Juste,CB,LAC,2025,19,2026,5,DEN,11/10,sacks,sacks,0.0,0.056752219796180725,0.056752219796180725,0.8864955604076385
00-0032424,DJ Reader,DT,DET,2025,18,2026,5,ARI,11/10,sacks,sacks,0.0,0.05678630247712135,0.05678630247712135,0.8864273950457573
00-0039417,Myles Harden,CB,CLE,2025,18,2026,5,NYJ,11/10,sacks,sacks,0.0,0.05704578384757042,0.05704578384757042,0.8859084323048592
00-0037079,Riq Woolen,CB,SEA,2025,22,2026,5,SF,11/10,sacks,sacks,0.0,0.05716005340218544,0.05716005340218544,0.8856798931956291
00-0035413,Luke Gifford,LB,SF,2025,20,2026,5,SEA,11/10,sacks,sacks,0.0,0.05716521292924881,0.05716521292924881,0.8856695741415024
00-0039062,Jonathan Mingo,WR,DAL,2025,14,2026,5,TB,08/10,period_1_2_rush_rec_tds,period_1_2_rush_rec_tds,0.5,0.057186658333601405,0.057186658333601405,0.8856266833327971
00-0033106,Jared Goff,QB,DET,2021,4,2026,5,ARI,11/10,period_1_2_rush_rec_tds_qb,period_1_2_rush_rec_tds,0.5,0.05721082246234866,0.05721082246234866,0.8855783550753027
00-0039396,Mekhi Wingo,DT,DET,2025,18,2026,5,ARI,11/10,sacks,sacks,0.0,0.0572533942759037,0.0572533942759037,0.8854932114481926
00-0033906,Alvin Kamara,RB,NO,2026,4,2026,5,MIN,11/10,period_first_touchdown_scored,period_first_touchdown_scored,0.5,0.05728566875346314,0.05728566875346314,0.8854286624930737
00-0031408,Mike Evans,WR,SF,2026,4,2026,5,SEA,11/10,period_1_rush_rec_tds,period_1_rush_rec_tds,0.5,0.05732601104419882,0.05732601104419882,0.8853479779116024
00-0038579,Aidan O'Connell,QB,LV,2023,4,2026,5,NE,11/10,period_first_touchdown_scored_qb,period_first_touchdown_scored,0.5,0.05743739760630727,0.05743739760630727,0.8851252047873854
00-0041438,Carnell Tate,WR,TEN,2026,4,2026,5,HOU,11/10,period_1_rush_rec_tds,period_1_rush_rec_tds,0.5,0.057676552129062565,0.057676552129062565,0.8846468957418748
00-0041067,Bryce Lance,WR,NO,2026,4,2026,5,MIN,11/10,period_1_2_rush_rec_tds,period_1_2_rush_rec_tds,0.5,0.057739625158802495,0.057739625158802495,0.884520749682395
00-0036337,James Lynch,DT,TEN,2025,18,2026,5,HOU,11/10,sacks,sacks,0.0,0.05776166543364525,0.05776166543364525,0.8844766691327095
00-0036298,Akeem Davis-Gaither,LB,ARI,2025,18,2026,5,DET,11/10,sacks,sacks,0.0,0.05784022435545921,0.05784022435545921,0.8843195512890816
00-0039430,James Williams,LB,TEN,2025,18,2026,5,HOU,11/10,sacks,sacks,0.1,0.05784209817647934,0.05784209817647934,0.8843158036470413
00-0036617,Asante Samuel Jr.,CB,PIT,2025,19,2026,5,IND,11/10,sacks,sacks,0.0,0.05797385051846504,0.05797385051846504,0.8840522989630699
00-0026164,Chris Johnson,RB,ARI,2017,5,2026,5,DET,11/10,period_1_rush_rec_tds,period_1_rush_rec_tds,0.5,0.05807058972542893,0.05807058972542893,0.8838588205491421
00-0036139,Rico Dowdle,RB,PIT,2026,2,2026,5,IND,11/10,period_first_touchdown_scored,period_first_touchdown_scored,0.5,0.05807954295034484,0.05807954295034484,0.8838409140993103
00-0026164,Chris Johnson,RB,ARI,2017,5,2026,5,DET,11/10,period_first_touchdown_scored,period_first_touchdown_scored,0.5,0.05811469707957842,0.05811469707957842,0.8837706058408432
00-0040718,Travis Hunter,CB,JAX,2025,7,2026,5,PHI,11/10,sacks,sacks,0.0,0.05812622234225273,0.05812622234225273,0.8837475553154945
00-0028986,Case Keenum,QB,LA,2016,4,2026,5,BUF,12/10,period_1_2_rush_rec_tds_qb,period_1_2_rush_rec_tds,0.5,0.058333416822750755,0.058333416822750755,0.8833331663544985
00-0036389,Jalen Hurts,QB,PHI,2026,4,2026,5,JAX,11/10,period_1_rush_rec_tds_qb,period_1_rush_rec_tds,0.5,0.05834316635835221,0.05834316635835221,0.8833136672832955
00-0034789,Minkah Fitzpatrick,FS,MIA,2025,15,2026,5,CIN,11/10,sacks,sacks,0.1,0.058354053646326065,0.058354053646326065,0.8832918927073479
00-0040735,Luther Burden III,WR,CHI,2026,4,2026,5,GB,11/10,period_1_rush_rec_tds,period_1_rush_rec_tds,0.5,0.058377282486674995,0.058377282486674995,0.88324543502665
00-0041251,Jalon Daniels,QB,TB,2026,4,2026,5,DAL,08/10,period_1_2_rush_rec_tds_qb,period_1_2_rush_rec_tds,0.5,0.05838549730033069,0.05838549730033069,0.8832290053993386
00-0035640,DK Metcalf,WR,PIT,2026,4,2026,5,IND,11/10,period_1_rush_rec_tds,period_1_rush_rec_tds,0.5,0.0584895739098116,0.0584895739098116,0.8830208521803768
00-0035685,David Montgomery,RB,HOU,2026,4,2026,5,TEN,11/10,period_1_rush_rec_tds,period_1_rush_rec_tds,0.5,0.05855524350174155,0.05855524350174155,0.8828895129965169
00-0039491,Jalen Coker,WR,CAR,2026,3,2026,6,PHI,18/10,period_1_rush_rec_tds,period_1_rush_rec_tds,0.5,0.05865143195678404,0.05865143195678404,0.882697136086432
00-0037132,Britain Covey,WR,PHI,2025,18,2026,5,JAX,11/10,period_1_2_rush_rec_tds,period_1_2_rush_rec_tds,0.5,0.05873244293934925,0.05873244293934925,0.8825351141213015
00-0034351,Dallas Goedert,TE,PHI,2026,2,2026,5,JAX,11/10,period_1_rush_rec_tds,period_1_rush_rec_tds,0.5,0.05882023486360417,0.05882023486360417,0.8823595302727917
00-0036613,Jaylen Waddle,WR,DEN,2026,4,2026,5,LAC,11/10,period_first_touchdown_scored,period_first_touchdown_scored,0.5,0.05890420112385986,0.05890420112385986,0.8821915977522803
00-0040178,Jason Marshall Jr.,CB,MIA,2025,18,2026,5,CIN,11/10,sacks,sacks,0.0,0.05902887508273125,0.05902887508273125,0.8819422498345375
00-0040126,Colston Loveland,TE,CHI,2026,4,2026,5,GB,11/10,period_first_touchdown_scored,period_first_touchdown_scored,0.5,0.05906315088395203,0.05906315088395203,0.8818736982320959
00-0038996,Tucker Kraft,TE,GB,2026,4,2026,5,CHI,11/10,period_first_touchdown_scored,period_first_touchdown_scored,0.5,0.05916831679750138,0.05916831679750138,0.8816633664049972
00-0040126,Colston Loveland,TE,CHI,2026,4,2026,5,GB,11/10,period_1_rush_rec_tds,period_1_rush_rec_tds,0.5,0.05927593079349798,0.05927593079349798,0.8814481384130041
00-0036158,J.K. Dobbins,RB,DEN,2026,4,2026,5,LAC,11/10,period_1_rush_rec_tds,period_1_rush_rec_tds,0.5,0.05936555561059333,0.05936555561059333,0.8812688887788134
00-0039164,Anthony Richardson,QB,IND,2025,5,2026,5,PIT,11/10,period_1_rush_rec_tds_qb,period_1_rush_rec_tds,0.5,0.059393490923391114,0.059393490923391114,0.8812130181532177
00-0041550,Brenen Thompson,WR,LAC,2026,2,2026,5,DEN,11/10,period_1_2_rush_rec_tds,period_1_2_rush_rec_tds,0.5,0.05939894121481915,0.05939894121481915,0.8812021175703617
00-0040663,Harold Fannin Jr.,TE,CLE,2026,4,2026,5,NYJ,11/10,period_first_touchdown_scored,period_first_touchdown_scored,0.5,0.0594129735460496,0.0594129735460496,0.8811740529079009
00-0037839,Cobie Durant,CB,LA,2025,21,2026,5,BUF,12/10,sacks,sacks,0.0,0.059437140822410583,0.059437140822410583,0.8811257183551788
00-0037594,Julius Chestnut,RB,TEN,2025,12,2026,5,HOU,11/10,period_1_2_rush_rec_tds,period_1_2_rush_rec_tds,0.5,0.05944015861915533,0.05944015861915533,0.8811196827616894
00-0032268,Marcus Mariota,QB,WAS,2026,4,2026,5,NYG,11/10,period_1_2_rush_rec_tds_qb,period_1_2_rush_rec_tds,0.5,0.05955212966498449,0.05955212966498449,0.8808957406700311
00-0039774,Omar Speights,LB,LA,2025,21,2026,5,BUF,12/10,sacks,sacks,0.0,0.05963944271206856,0.05963944271206856,0.8807211145758629
00-0040242,Jacory Croskey-Merritt,RB,WAS,2026,4,2026,5,NYG,11/10,period_1_rush_rec_tds,period_1_rush_rec_tds,0.5,0.05970711263711372,0.05970711263711372,0.8805857747257726
00-0040867,Makai Lemon,WR,PHI,2026,4,2026,5,JAX,11/10,period_1_2_rush_rec_tds,period_1_2_rush_rec_tds,0.5,0.05979897515513854,0.05979897515513854,0.8804020496897229
00-0036139,Rico Dowdle,RB,PIT,2026,2,2026,5,IND,11/10,period_1_rush_rec_tds,period_1_rush_rec_tds,0.5,0.05984070781960225,0.05984070781960225,0.8803185843607955
00-0040201,Marcus Harris,CB,TEN,2025,16,2026,5,HOU,11/10,sacks,sacks,0.0,0.05986697971820831,0.05986697971820831,0.8802660405635834
00-0037085,Tyler Badie,RB,DEN,2025,16,2026,5,LAC,11/10,period_1_2_rush_rec_tds,period_1_2_rush_rec_tds,0.5,0.0598915679272054,0.0598915679272054,0.8802168641455892
00-0038407,Jaylon Jones,DB,IND,2025,18,2026,5,PIT,11/10,sacks,sacks,0.0,0.05998701974749565,0.05998701974749565,0.8800259605050087
00-0036972,Mac Jones,QB,SF,2026,2,2026,5,SEA,11/10,period_1_passing_tds,period_1_passing_tds,0.0,0.06001445167063311,0.06001445167063311,0.8799710966587337
00-0040673,Jalen Milroe,QB,SEA,2025,5,2026,5,SF,11/10,period_1_passing_tds,period_1_passing_tds,0.0,0.06001445167063311,0.06001445167063311,0.8799710966587337
00-0037137,Josh Jobe,CB,SEA,2025,22,2026,5,SF,11/10,sacks,sacks,0.0,0.060090139508247375,0.060090139508247375,0.8798197209835052
00-0038996,Tucker Kraft,TE,GB,2026,4,2026,5,CHI,11/10,period_1_rush_rec_tds,period_1_rush_rec_tds,0.5,0.06015434710267743,0.06015434710267743,0.8796913057946452
00-0038476,Tommy DeVito,QB,NE,2026,3,2026,5,LV,11/10,period_1_2_rush_rec_tds_qb,period_1_2_rush_rec_tds,0.5,0.060192819226929456,0.060192819226929456,0.8796143615461411
00-0031408,Mike Evans,WR,SF,2026,4,2026,5,SEA,11/10,period_first_touchdown_scored,period_first_touchdown_scored,0.5,0.06028401117159054,0.06028401117159054,0.8794319776568189
00-0034351,Dallas Goedert,TE,PHI,2026,2,2026,5,JAX,11/10,period_first_touchdown_scored,period_first_touchdown_scored,0.5,0.06031392603134763,0.06031392603134763,0.8793721479373048
00-0039232,Nate Wiggins,CB,BAL,2025,18,2026,5,ATL,11/10,sacks,sacks,0.0,0.0605185329914093,0.0605185329914093,0.8789629340171814
00-0036613,Jaylen Waddle,WR,DEN,2026,18,2026,5,LAC,11/10,season_rush_yards,season_rush_yards,14.0,0.06056925670529506,0.06056925670529506,0.8788614865894099
00-0039858,Cedric Gray,LB,TEN,2025,18,2026,5,HOU,11/10,sacks,sacks,0.1,0.060592617839574814,0.060592617839574814,0.8788147643208504
00-0036331,Devin Duvernay,WR,JAX,2024,1,2026,5,PHI,11/10,period_1_2_rush_rec_tds,period_1_2_rush_rec_tds,0.5,0.06062843384601758,0.06062843384601758,0.8787431323079649
00-0036613,Jaylen Waddle,WR,DEN,2026,4,2026,5,LAC,11/10,period_1_rush_rec_tds,period_1_rush_rec_tds,0.5,0.06072797097158956,0.06072797097158956,0.8785440580568209
00-0036425,DeeJay Dallas,RB,ARI,2024,9,2026,5,DET,11/10,period_1_2_rush_rec_tds,period_1_2_rush_rec_tds,0.5,0.060740784884914294,0.060740784884914294,0.8785184302301714
00-0038742,Tyrus Wheat,LB,DET,2025,18,2026,5,ARI,11/10,sacks,sacks,0.1,0.060915540903806686,0.060915540903806686,0.8781689181923866
00-0034815,Fred Warner,MLB,SF,2025,6,2026,5,SEA,11/10,sacks,sacks,0.0,0.06092822179198265,0.06092822179198265,0.8781435564160347
00-0038102,Kenny Pickett,QB,CAR,2026,2,2026,6,PHI,18/10,period_1_passing_tds,period_1_passing_tds,0.0,0.061391743403258724,0.061391743403258724,0.8772165131934826
00-0040010,Barryn Sorrell,DE,GB,2025,19,2026,5,CHI,11/10,sacks,sacks,0.1,0.06143815442919731,0.06143815442919731,0.8771236911416054
00-0036912,DeVonta Smith,WR,PHI,2026,3,2026,5,JAX,11/10,period_first_touchdown_scored,period_first_touchdown_scored,0.5,0.06144290566740792,0.06144290566740792,0.8771141886651842
00-0038570,Ventrell Miller,LB,JAX,2025,19,2026,5,PHI,11/10,sacks,sacks,0.0,0.06145063042640686,0.06145063042640686,0.8770987391471863
00-0033119,Jacoby Brissett,QB,ARI,2026,4,2026,5,DET,11/10,period_1_2_rush_rec_tds_qb,period_1_2_rush_rec_tds,0.5,0.06147470996205717,0.06147470996205717,0.8770505800758857
00-0035240,Jahlani Tavai,LB,NE,2025,22,2026,5,LV,11/10,sacks,sacks,0.0,0.06156044080853462,0.06156044080853462,0.8768791183829308
00-0035685,David Montgomery,RB,HOU,2026,4,2026,5,TEN,11/10,period_first_touchdown_scored,period_first_touchdown_scored,0.5,0.061756438571223586,0.061756438571223586,0.8764871228575528
00-0033077,Dak Prescott,QB,DAL,2026,4,2026,5,TB,08/10,period_1_2_rush_rec_tds_qb,period_1_2_rush_rec_tds,0.5,0.061783790083680276,0.061783790083680276,0.8764324198326394
00-0037746,Brian Robinson,RB,ATL,2026,4,2026,5,BAL,11/10,period_first_touchdown_scored,period_first_touchdown_scored,0.5,0.061876941393352605,0.061876941393352605,0.8762461172132948
00-0037758,Cordale Flott,CB,NYG,2025,16,2026,5,WAS,11/10,sacks,sacks,0.0,0.061899371445178986,0.061899371445178986,0.876201257109642
00-0040886,Nicholas Singleton,RB,TEN,2026,4,2026,5,HOU,11/10,period_1_2_rush_rec_tds,period_1_2_rush_rec_tds,0.5,0.06213794949135237,0.06213794949135237,0.8757241010172953
00-0038653,Cory Durden,DT,NE,2025,22,2026,5,LV,11/10,sacks,sacks,0.0,0.06232091784477234,0.06232091784477234,0.8753581643104553
00-0039140,Kelee Ringo,CB,PHI,2025,19,2026,5,JAX,11/10,sacks,sacks,0.0,0.06239555776119232,0.06239555776119232,0.8752088844776154
00-0036912,DeVonta Smith,WR,PHI,2026,3,2026,5,JAX,11/10,period_1_rush_rec_tds,period_1_rush_rec_tds,0.5,0.0627880900556565,0.0627880900556565,0.874423819888687
00-0040668,Shedeur Sanders,QB,CLE,2026,3,2026,5,NYJ,11/10,period_1_passing_tds,period_1_passing_tds,0.0,0.06279871340792885,0.06279871340792885,0.8744025731841423
00-0039164,Anthony Richardson,QB,IND,2025,5,2026,5,PIT,11/10,period_1_passing_tds,period_1_passing_tds,0.0,0.06279871340792885,0.06279871340792885,0.8744025731841423
00-0027973,Andy Dalton,QB,PHI,2026,3,2026,5,JAX,11/10,period_1_passing_tds,period_1_passing_tds,0.0,0.06279871340792885,0.06279871340792885,0.8744025731841423
00-0034771,Mason Rudolph,QB,PIT,2026,2,2026,5,IND,11/10,period_1_passing_tds,period_1_passing_tds,0.0,0.06279871340792885,0.06279871340792885,0.8744025731841423
00-0034577,Kyle Allen,QB,DET,2025,10,2026,5,ARI,11/10,period_1_passing_tds,period_1_passing_tds,0.0,0.06279871340792885,0.06279871340792885,0.8744025731841423
00-0037746,Brian Robinson,RB,ATL,2026,4,2026,5,BAL,11/10,period_1_rush_rec_tds,period_1_rush_rec_tds,0.5,0.06283837332353431,0.06283837332353431,0.8743232533529314
00-0040175,Jordan Phillips,DT,MIA,2025,18,2026,5,CIN,11/10,sacks,sacks,0.0,0.06309786438941956,0.06309786438941956,0.8738042712211609
00-0038603,Rob Beal Jr.,DE,SF,2025,19,2026,5,SEA,11/10,sacks,sacks,0.0,0.06311161816120148,0.06311161816120148,0.873776763677597
00-0036152,Lamar Jackson,CB,NYJ,2020,17,2026,5,CLE,11/10,sacks,sacks,0.0,0.06315984576940536,0.06315984576940536,0.8736803084611893
00-0035659,Terry McLaurin,WR,WAS,2026,3,2026,5,NYG,11/10,period_first_touchdown_scored,period_first_touchdown_scored,0.5,0.06326166829513782,0.06326166829513782,0.8734766634097244
00-0039481,Storm Duck,CB,MIA,2025,8,2026,5,CIN,11/10,sacks,sacks,0.0,0.06340129673480988,0.06340129673480988,0.8731974065303802
00-0036362,Willie Gay Jr.,LB,MIA,2025,18,2026,5,CIN,11/10,sacks,sacks,0.1,0.06342336535453796,0.06342336535453796,0.8731532692909241
00-0034272,Marquez Valdes-Scantling,WR,LAC,2026,4,2026,5,DEN,11/10,period_1_2_rush_rec_tds,period_1_2_rush_rec_tds,0.5,0.0634701088244102,0.0634701088244102,0.8730597823511796
00-0036389,Jalen Hurts,QB,PHI,2026,4,2026,5,JAX,11/10,period_first_touchdown_scored_qb,period_first_touchdown_scored,0.5,0.06349393525362566,0.06349393525362566,0.8730121294927486
00-0039889,Maason Smith,DT,JAX,2025,15,2026,5,PHI,11/10,sacks,sacks,0.0,0.06354334205389023,0.06354334205389023,0.8729133158922195
00-0033870,Solomon Thomas,DT,DAL,2025,18,2026,5,TB,08/10,sacks,sacks,0.0,0.06355588138103485,0.06355588138103485,0.8728882372379303
00-0041096,Kaytron Allen,RB,WAS,2026,4,2026,5,NYG,11/10,period_1_2_rush_rec_tds,period_1_2_rush_rec_tds,0.5,0.06363494902686523,0.06363494902686523,0.8727301019462695
00-0037240,Jameson Williams,WR,DET,2026,4,2026,5,ARI,11/10,period_first_touchdown_scored,period_first_touchdown_scored,0.5,0.06371983782206761,0.06371983782206761,0.8725603243558648
00-0036260,Javon Kinlaw,DT,WAS,2025,18,2026,5,NYG,11/10,sacks,sacks,0.0,0.06395484507083893,0.06395484507083893,0.8720903098583221
00-0036621,Nick Bolton,LB,KC,2025,18,2026,6,LAC,18/10,sacks,sacks,0.1,0.06408939510583878,0.06408939510583878,0.8718212097883224
00-0040663,Harold Fannin Jr.,TE,CLE,2026,4,2026,5,NYJ,11/10,period_1_rush_rec_tds,period_1_rush_rec_tds,0.5,0.0641245700802621,0.0641245700802621,0.8717508598394759
00-0033288,George Kittle,TE,SF,2026,4,2026,5,SEA,11/10,period_first_touchdown_scored,period_first_touchdown_scored,0.5,0.06417564550682743,0.06417564550682743,0.8716487089863452
00-0037190,Sauce Gardner,CB,IND,2025,17,2026,5,PIT,11/10,sacks,sacks,0.0,0.06422100216150284,0.06422100216150284,0.8715579956769943
00-0038625,Dee Winters,LB,SF,2025,20,2026,5,SEA,11/10,sacks,sacks,0.0,0.06422832608222961,0.06422832608222961,0.8715433478355408
00-0035659,Terry McLaurin,WR,WAS,2026,3,2026,5,NYG,11/10,period_1_rush_rec_tds,period_1_rush_rec_tds,0.5,0.06427281874811851,0.06427281874811851,0.871454362503763
00-0039874,Jaylen Wright,RB,MIA,2026,4,2026,5,CIN,11/10,period_1_2_rush_rec_tds,period_1_2_rush_rec_tds,0.5,0.06430971917930263,0.06430971917930263,0.8713805616413948
00-0037741,Jahan Dotson,WR,PHI,2024,9,2026,5,JAX,11/10,period_1_2_rush_rec_tds,period_1_2_rush_rec_tds,0.5,0.06440983111549081,0.06440983111549081,0.8711803377690184
00-0036158,J.K. Dobbins,RB,DEN,2026,4,2026,5,LAC,11/10,period_first_touchdown_scored,period_first_touchdown_scored,0.5,0.0644123105184794,0.0644123105184794,0.8711753789630412
00-0038549,DJ Turner II,CB,CIN,2025,18,2026,5,MIA,11/10,sacks,sacks,0.0,0.06441272050142288,0.06441272050142288,0.8711745589971542
00-0036990,Divine Deablo,LB,ATL,2025,18,2026,5,BAL,11/10,sacks,sacks,0.1,0.06464903801679611,0.06464903801679611,0.8707019239664078
00-0039875,Ray Davis,RB,BUF,2026,4,2026,5,LA,12/10,period_1_2_rush_rec_tds,period_1_2_rush_rec_tds,0.5,0.06474007144466576,0.06474007144466576,0.8705198571106685
00-0038090,Skyy Moore,WR,KC,2024,4,2026,6,LAC,18/10,period_1_2_rush_rec_tds,period_1_2_rush_rec_tds,0.5,0.0647651415947557,0.0647651415947557,0.8704697168104886
00-0036842,Kene Nwangwu,RB,NYJ,2025,18,2026,5,CLE,11/10,period_1_2_rush_rec_tds,period_1_2_rush_rec_tds,0.5,0.06489553856709857,0.06489553856709857,0.8702089228658029
00-0034657,Matt Dickerson,DT,JAX,2025,19,2026,5,PHI,11/10,sacks,sacks,0.0,0.06492188572883606,0.06492188572883606,0.8701562285423279
00-0037549,Darrell Baker Jr.,CB,TEN,2025,18,2026,5,HOU,11/10,sacks,sacks,0.0,0.06494569033384323,0.06494569033384323,0.8701086193323135
00-0028118,Tyrod Taylor,QB,NYJ,2025,14,2026,5,CLE,11/10,period_1_2_rush_rec_tds_qb,period_1_2_rush_rec_tds,0.5,0.06502806405956815,0.06502806405956815,0.8699438718808636
00-0030565,Geno Smith,QB,NYJ,2026,2,2026,5,CLE,11/10,period_1_2_rush_rec_tds_qb,period_1_2_rush_rec_tds,0.5,0.06506702346970185,0.06506702346970185,0.8698659530605963
00-0039387,Caelen Carson,DB,DAL,2025,18,2026,5,TB,08/10,sacks,sacks,0.0,0.06506948173046112,0.06506948173046112,0.8698610365390778
00-0040177,Jordan James,RB,SF,2026,2,2026,5,SEA,11/10,period_1_2_rush_rec_tds,period_1_2_rush_rec_tds,0.5,0.0651033653543427,0.0651033653543427,0.8697932692913146
00-0033854,Dare Ogunbowale,RB,HOU,2025,8,2026,5,TEN,11/10,period_1_2_rush_rec_tds,period_1_2_rush_rec_tds,0.5,0.06513019139337092,0.06513019139337092,0.8697396172132581
00-0040208,Tahj Brooks,RB,CIN,2025,17,2026,5,MIA,11/10,period_1_2_rush_rec_tds,period_1_2_rush_rec_tds,0.5,0.06518778488708094,0.06518778488708094,0.8696244302258381
00-0033869,Mitchell Trubisky,QB,PIT,2022,6,2026,5,IND,11/10,period_1_2_rush_rec_tds_qb,period_1_2_rush_rec_tds,0.5,0.06519399414450858,0.06519399414450858,0.8696120117109829
00-0037270,Otito Ogbonnia,DT,LAC,2025,19,2026,5,DEN,11/10,sacks,sacks,0.0,0.06519560515880585,0.06519560515880585,0.8696087896823883
00-0040556,Corey Kiner,RB,NE,2026,3,2026,5,LV,11/10,period_1_2_rush_rec_tds,period_1_2_rush_rec_tds,0.5,0.06526326017364203,0.06526326017364203,0.8694734796527159
00-0036980,Elijah Moore,WR,DEN,2025,21,2026,5,LAC,11/10,period_1_2_rush_rec_tds,period_1_2_rush_rec_tds,0.5,0.0653411304722865,0.0653411304722865,0.869317739055427
00-0039337,Malik Nabers,WR,NYG,2026,4,2026,5,WAS,11/10,period_first_touchdown_scored,period_first_touchdown_scored,0.5,0.06547234560397451,0.06547234560397451,0.869055308792051
00-0035636,L.J. Collier,DE,ARI,2025,18,2026,5,DET,11/10,sacks,sacks,0.0,0.0656132847070694,0.0656132847070694,0.8687734305858612
00-0032950,Carson Wentz,QB,MIN,2026,2,2026,5,NO,11/10,period_1_2_rush_rec_tds_qb,period_1_2_rush_rec_tds,0.5,0.06562859732638354,0.06562859732638354,0.8687428053472329
00-0039879,Javon Solomon,LB,BUF,2025,20,2026,5,LA,12/10,sacks,sacks,0.1,0.06566260755062103,0.06566260755062103,0.8686747848987579
00-0041436,DJ Herman,RB,MIA,2026,2,2026,5,CIN,11/10,period_1_2_rush_rec_tds,period_1_2_rush_rec_tds,0.5,0.0657445994285369,0.0657445994285369,0.8685108011429262
00-0039910,Jayden Daniels,QB,WAS,2026,2,2026,5,NYG,11/10,period_1_rush_rec_tds_qb,period_1_rush_rec_tds,0.5,0.06588081469000141,0.06588081469000141,0.8682383706199972
00-0035687,Bobby Okereke,ILB,NYG,2025,18,2026,5,WAS,11/10,sacks,sacks,0.1,0.06590907275676727,0.06590907275676727,0.8681818544864655
00-0036849,Tutu Atwell,WR,LA,2025,3,2026,5,BUF,12/10,period_1_2_rush_rec_tds,period_1_2_rush_rec_tds,0.5,0.06593806532956928,0.06593806532956928,0.8681238693408615
00-0040685,Mason Graham,DT,CLE,2025,18,2026,5,NYJ,11/10,sacks,sacks,0.0,0.06602271646261215,0.06602271646261215,0.8679545670747757
00-0039337,Malik Nabers,WR,NYG,2026,4,2026,5,WAS,11/10,period_1_rush_rec_tds,period_1_rush_rec_tds,0.5,0.06602291168395352,0.06602291168395352,0.867954176632093
00-0035594,Travis Homer,RB,PIT,2026,4,2026,5,IND,11/10,period_1_2_rush_rec_tds,period_1_2_rush_rec_tds,0.5,0.06602957891086708,0.06602957891086708,0.8679408421782658
00-0038660,Trevor Nowaske,LB,DET,2025,18,2026,5,ARI,11/10,sacks,sacks,0.1,0.06602999567985535,0.06602999567985535,0.8679400086402893
00-0039063,Calijah Kancey,DT,TB,2025,18,2026,5,DAL,08/10,sacks,sacks,0.0,0.06611809134483337,0.06611809134483337,0.8677638173103333
00-0039000,Deonte Banks,CB,NYG,2025,18,2026,5,WAS,11/10,sacks,sacks,0.0,0.06617151945829391,0.06617151945829391,0.8676569610834122
00-0037254,Terrel Bernard,LB,BUF,2025,17,2026,5,LA,12/10,sacks,sacks,0.0,0.06618741154670715,0.06618741154670715,0.8676251769065857
00-0036862,Ben Skowronek,WR,LA,2023,9,2026,5,BUF,12/10,period_1_2_rush_rec_tds,period_1_2_rush_rec_tds,0.5,0.06629817593734562,0.06629817593734562,0.8674036481253088
00-0040709,Maxwell Hairston,CB,BUF,2025,18,2026,5,LA,12/10,sacks,sacks,0.0,0.0663137212395668,0.0663137212395668,0.8673725575208664
00-0036422,Adam Trautman,TE,NO,2022,15,2026,5,MIN,11/10,period_1_2_rush_rec_tds,period_1_2_rush_rec_tds,0.5,0.06632169438805251,0.06632169438805251,0.867356611223895
00-0041558,Sam Roush,TE,CHI,2026,2,2026,5,GB,11/10,period_1_2_rush_rec_tds,period_1_2_rush_rec_tds,0.5,0.0663909131696812,0.0663909131696812,0.8672181736606376
00-0039151,Emmanuel Forbes,CB,LA,2025,21,2026,5,BUF,12/10,sacks,sacks,0.0,0.06642788648605347,0.06642788648605347,0.8671442270278931
00-0037109,Jack Sanborn,LB,DAL,2025,7,2026,5,TB,08/10,sacks,sacks,0.0,0.0665636733174324,0.0665636733174324,0.8668726533651352
00-0034365,Ian Thomas,TE,CAR,2020,15,2026,6,PHI,18/10,period_1_2_rush_rec_tds,period_1_2_rush_rec_tds,0.5,0.06661724311260095,0.06661724311260095,0.866765513774798
00-0041489,Germie Bernard,WR,PIT,2026,4,2026,5,IND,11/10,period_1_2_rush_rec_tds,period_1_2_rush_rec_tds,0.5,0.06662979025945681,0.06662979025945681,0.8667404194810864
00-0037013,Zach Wilson,QB,MIA,2025,18,2026,5,CIN,11/10,period_1_passing_tds,period_1_passing_tds,0.0,0.06666495051147274,0.06666495051147274,0.8666700989770545
00-0040172,Jordan Watkins,WR,SF,2026,3,2026,5,SEA,11/10,period_1_receiving_yds,period_1_receiving_yds,26.0,0.06666666666666667,0.06315435764383348,0.8666666666666667
00-0039064,Zay Flowers,WR,BAL,2026,4,2026,5,ATL,11/10,period_1_receiving_yds,period_1_receiving_yds,47.7,0.06666666666666667,0.05695783562144721,0.8666666666666667
00-0035357,Cam Lewis,CB,BUF,2025,20,2026,5,LA,12/10,sacks,sacks,0.0,0.06676483899354935,0.06676483899354935,0.8664703220129013
00-0037077,Sam Howell,QB,WAS,2023,16,2026,5,NYG,11/10,period_1_2_rush_rec_tds_qb,period_1_2_rush_rec_tds,0.5,0.06692377136205505,0.06692377136205505,0.8661524572758899
00-0039746,Will Shipley,RB,PHI,2026,4,2026,5,JAX,11/10,period_1_2_rush_rec_tds,period_1_2_rush_rec_tds,0.5,0.06695706361204229,0.06695706361204229,0.8660858727759154
00-0033858,Jonnu Smith,TE,GB,2026,4,2026,5,CHI,11/10,period_1_2_rush_rec_tds,period_1_2_rush_rec_tds,0.5,0.06703047931474625,0.06703047931474625,0.8659390413705075
00-0034754,Oren Burks,ILB,CIN,2025,18,2026,5,MIA,11/10,sacks,sacks,0.0,0.06707295775413513,0.06707295775413513,0.8658540844917297
00-0041125,Seth McGowan,RB,IND,2026,4,2026,5,PIT,11/10,period_1_2_rush_rec_tds,period_1_2_rush_rec_tds,0.5,0.06710412169282626,0.06710412169282626,0.8657917566143475
00-0039065,Sam LaPorta,TE,DET,2026,4,2026,5,ARI,11/10,period_first_touchdown_scored,period_first_touchdown_scored,0.5,0.0671900027733004,0.0671900027733004,0.8656199944533992
00-0038685,Chris Brooks,RB,GB,2026,4,2026,5,CHI,11/10,period_1_2_rush_rec_tds,period_1_2_rush_rec_tds,0.5,0.06722428808181422,0.06722428808181422,0.8655514238363715
00-0037740,Garrett Wilson,WR,NYJ,2026,4,2026,5,CLE,11/10,period_first_touchdown_scored,period_first_touchdown_scored,0.5,0.06728531699468848,0.06728531699468848,0.865429366010623
00-0040708,Jihaad Campbell,LB,PHI,2025,19,2026,5,JAX,11/10,sacks,sacks,0.0,0.06738072633743286,0.06738072633743286,0.8652385473251343
00-0039071,Tyrique Stevenson,CB,CHI,2025,20,2026,5,GB,11/10,sacks,sacks,0.0,0.06740659475326538,0.06740659475326538,0.8651868104934692
00-0038408,Carrington Valentine,DB,GB,2025,19,2026,5,CHI,11/10,sacks,sacks,0.0,0.06747015565633774,0.06747015565633774,0.8650596886873245
00-0033949,Joshua Dobbs,QB,NE,2025,18,2026,5,LV,11/10,period_1_passing_tds,period_1_passing_tds,0.0,0.06757706916694942,0.06757706916694942,0.8648458616661012
00-0033288,George Kittle,TE,SF,2026,4,2026,5,SEA,11/10,period_1_rush_rec_tds,period_1_rush_rec_tds,0.5,0.06775581281871372,0.06775581281871372,0.8644883743625725
00-0038387,Colby Wooden,DE,GB,2025,19,2026,5,CHI,11/10,sacks,sacks,0.0,0.06781242042779922,0.06781242042779922,0.8643751591444016
00-0035208,Olamide Zaccheaus,WR,ATL,2026,4,2026,5,BAL,11/10,period_1_2_rush_rec_tds,period_1_2_rush_rec_tds,0.5,0.06784307395843506,0.06784307395843506,0.8643138520831299
00-0038557,Dorian Williams,LB,BUF,2025,20,2026,5,LA,12/10,sacks,sacks,0.0,0.0678500160574913,0.0678500160574913,0.8642999678850174
00-0037120,Tyler Goodson,RB,DAL,2026,4,2026,5,TB,08/10,period_1_2_rush_rec_tds,period_1_2_rush_rec_tds,0.5,0.06803367060144189,0.06803367060144189,0.8639326587971162
00-0040747,Benjamin Morrison,CB,TB,2025,18,2026,5,DAL,08/10,sacks,sacks,0.0,0.06805425882339478,0.06805425882339478,0.8638914823532104
00-0039807,Max Melton,CB,ARI,2025,17,2026,5,DET,11/10,sacks,sacks,0.0,0.06816012412309647,0.06816012412309647,0.8636797517538071
00-0033589,David Moore,WR,CAR,2026,3,2026,6,PHI,18/10,period_1_2_rush_rec_tds,period_1_2_rush_rec_tds,0.5,0.06826014069629446,0.06826014069629446,0.863479718607411
00-0038606,Parker Washington,WR,JAX,2026,4,2026,5,PHI,11/10,period_first_touchdown_scored,period_first_touchdown_scored,0.5,0.06832672278507984,0.06832672278507984,0.8633465544298403
00-0027973,Andy Dalton,QB,CIN,2016,13,2026,5,MIA,11/10,period_1_2_rush_rec_tds_qb,period_1_2_rush_rec_tds,0.5,0.06833946989545553,0.06833946989545553,0.8633210602090889
00-0039814,Erick All,TE,CIN,2024,7,2026,5,MIA,11/10,period_1_2_rush_rec_tds,period_1_2_rush_rec_tds,0.5,0.0684214396832247,0.0684214396832247,0.8631571206335507
00-0036876,Kylen Granson,TE,IND,2024,2,2026,5,PIT,11/10,period_1_2_rush_rec_tds,period_1_2_rush_rec_tds,0.5,0.0684244117639313,0.0684244117639313,0.8631511764721373
00-0037304,Connor Heyward,TE,PIT,2024,5,2026,5,IND,11/10,period_1_2_rush_rec_tds,period_1_2_rush_rec_tds,0.5,0.06866207526571061,0.06866207526571061,0.8626758494685788
00-0039107,Stetson Bennett,QB,LA,2026,1,2026,5,BUF,12/10,period_1_passing_tds,period_1_passing_tds,0.0,0.0687343707154206,0.0687343707154206,0.8625312585691588
00-0036527,D.J. Turner,WR,LV,2024,13,2026,5,NE,11/10,period_1_2_rush_rec_tds,period_1_2_rush_rec_tds,0.5,0.06873551020534387,0.06873551020534387,0.8625289795893123
00-0031236,Brandin Cooks,WR,SF,2026,4,2026,5,SEA,11/10,period_1_2_rush_rec_tds,period_1_2_rush_rec_tds,0.5,0.06890345756058129,0.06890345756058129,0.8621930848788374
00-0037742,Treylon Burks,WR,WAS,2025,13,2026,5,NYG,11/10,period_1_2_rush_rec_tds,period_1_2_rush_rec_tds,0.5,0.06910382209682289,0.06910382209682289,0.8617923558063543
00-0037262,Thomas Booker,DT,LV,2025,18,2026,5,NE,11/10,sacks,sacks,0.0,0.06931433826684952,0.06931433826684952,0.861371323466301
00-0038102,Kenny Pickett,QB,PHI,2024,22,2026,5,JAX,11/10,period_1_2_rush_rec_tds_qb,period_1_2_rush_rec_tds,0.5,0.06948514341300134,0.06948514341300134,0.8610297131739973
00-0037313,Montaric Brown,CB,JAX,2025,19,2026,5,PHI,11/10,sacks,sacks,0.0,0.0695049986243248,0.0695049986243248,0.8609900027513504
00-0040242,Jacory Croskey-Merritt,RB,WAS,2026,4,2026,5,NYG,11/10,period_first_touchdown_scored,period_first_touchdown_scored,0.5,0.06953874059504478,0.06953874059504478,0.8609225188099104
00-0039402,Jaden Crumedy,DT,CAR,2025,3,2026,6,PHI,18/10,sacks,sacks,0.0,0.06958705931901932,0.06958705931901932,0.8608258813619614
00-0040948,J. Michael Sturdivant,WR,GB,2026,3,2026,5,CHI,11/10,period_1_2_rush_rec_tds,period_1_2_rush_rec_tds,0.5,0.06962817503553159,0.06962817503553159,0.8607436499289368
00-0038606,Parker Washington,WR,JAX,2026,4,2026,5,PHI,11/10,period_1_rush_rec_tds,period_1_rush_rec_tds,0.5,0.06969728919677033,0.06969728919677033,0.8606054216064594
00-0039622,Isaiah Stalbird,LB,NO,2025,18,2026,5,MIN,11/10,sacks,sacks,0.1,0.06975062191486359,0.06975062191486359,0.8604987561702728
00-0037740,Garrett Wilson,WR,NYJ,2026,4,2026,5,CLE,11/10,period_1_rush_rec_tds,period_1_rush_rec_tds,0.5,0.06982264254048177,0.06982264254048177,0.8603547149190365
00-0033877,Malik Hooker,FS,DAL,2025,18,2026,5,TB,08/10,sacks,sacks,0.0,0.06985511630773544,0.06985511630773544,0.8602897673845291
00-0029604,Kirk Cousins,QB,MIN,2019,3,2026,5,NO,11/10,period_1_2_rush_rec_tds_qb,period_1_2_rush_rec_tds,0.5,0.06991158543478923,0.06991158543478923,0.8601768291304215
00-0036637,Noah Gray,TE,KC,2025,8,2026,6,LAC,18/10,period_1_2_rush_rec_tds,period_1_2_rush_rec_tds,0.5,0.06991179304334048,0.06991179304334048,0.860176413913319
00-0036903,Bobby Brown III,DT,CAR,2025,19,2026,6,PHI,18/10,sacks,sacks,0.0,0.06995435059070587,0.06995435059070587,0.8600912988185883
00-0040730,RJ Harvey,RB,DEN,2026,4,2026,5,LAC,11/10,period_1_rush_rec_tds,period_1_rush_rec_tds,0.5,0.07004891037268358,0.07004891037268358,0.8599021792546329
00-0039910,Jayden Daniels,QB,WAS,2026,2,2026,5,NYG,11/10,period_first_touchdown_scored_qb,period_first_touchdown_scored,0.5,0.07016514286590847,0.07016514286590847,0.8596697142681831
00-0037240,Jameson Williams,WR,DET,2026,4,2026,5,ARI,11/10,period_1_rush_rec_tds,period_1_rush_rec_tds,0.5,0.07017866444835037,0.07017866444835037,0.8596426711032993
00-0038556,DeMarvion Overshown,LB,DAL,2025,16,2026,5,TB,08/10,sacks,sacks,0.0,0.07019836455583572,0.07019836455583572,0.8596032708883286
00-0033881,Evan Engram,TE,DEN,2026,4,2026,5,LAC,11/10,period_1_2_rush_rec_tds,period_1_2_rush_rec_tds,0.5,0.07025159421583035,0.07025159421583035,0.8594968115683392
00-0036266,Jordan Elliott,DT,SF,2025,20,2026,5,SEA,11/10,sacks,sacks,0.0,0.07025238871574402,0.07025238871574402,0.859495222568512
00-0035704,Drew Lock,QB,DEN,2021,17,2026,5,LAC,11/10,period_1_2_rush_rec_tds_qb,period_1_2_rush_rec_tds,0.5,0.07028706121063598,0.07028706121063598,0.859425877578728
00-0035289,Gardner Minshew,QB,KC,2025,16,2026,6,LAC,18/10,period_1_passing_tds,period_1_passing_tds,0.0,0.07035156855041155,0.07035156855041155,0.8592968628991768
00-0033928,Jourdan Lewis,CB,JAX,2025,16,2026,5,PHI,11/10,sacks,sacks,0.0,0.07050348073244095,0.07050348073244095,0.8589930385351181
00-0038705,Emari Demercado,RB,DAL,2026,2,2026,5,TB,08/10,period_1_2_rush_rec_tds,period_1_2_rush_rec_tds,0.5,0.07051953749099325,0.07051953749099325,0.8589609250180135
00-0037258,Dameon Pierce,RB,KC,2025,18,2026,6,LAC,18/10,period_1_2_rush_rec_tds,period_1_2_rush_rec_tds,0.5,0.07052943621462454,0.07052943621462454,0.8589411275707509
00-0040670,Nohl Williams,CB,KC,2025,18,2026,6,LAC,18/10,sacks,sacks,0.1,0.07061666250228882,0.07061666250228882,0.8587666749954224
00-0031450,Josh Harris,RB,PIT,2014,18,2026,5,IND,11/10,period_1_2_rush_rec_tds,period_1_2_rush_rec_tds,0.5,0.0706175029484726,0.0706175029484726,0.8587649941030548
00-0034431,Zaire Franklin,OLB,IND,2025,18,2026,5,PIT,11/10,sacks,sacks,0.1,0.0707472711801529,0.0707472711801529,0.8585054576396942
00-0040179,DJ Giddens,RB,IND,2025,18,2026,5,PIT,11/10,period_1_2_rush_rec_tds,period_1_2_rush_rec_tds,0.5,0.07105105758583001,0.07105105758583001,0.85789788482834
00-0032104,Ameer Abdullah,RB,JAX,2026,3,2026,5,PHI,11/10,period_1_2_rush_rec_tds,period_1_2_rush_rec_tds,0.5,0.07117926307826737,0.07117926307826737,0.8576414738434652
00-0039751,Jordan Whittington,WR,LA,2025,14,2026,5,BUF,12/10,period_1_2_rush_rec_tds,period_1_2_rush_rec_tds,0.5,0.07153288353188209,0.07153288353188209,0.8569342329362358
00-0037005,Tommy Tremble,TE,CAR,2025,7,2026,6,PHI,18/10,period_1_2_rush_rec_tds,period_1_2_rush_rec_tds,0.5,0.07156395932006449,0.07156395932006449,0.856872081359871
00-0039375,Josh Newton,CB,CIN,2025,16,2026,5,MIA,11/10,sacks,sacks,0.0,0.07167977094650269,0.07167977094650269,0.8566404581069946
00-0039923,J.J. McCarthy,QB,MIN,2025,18,2026,5,NO,11/10,period_1_2_rush_rec_tds_qb,period_1_2_rush_rec_tds,0.5,0.07169424396537792,0.07169424396537792,0.8566115120692441
00-0038840,Brycen Tremayne,WR,CAR,2025,4,2026,6,PHI,18/10,period_1_2_rush_rec_tds,period_1_2_rush_rec_tds,0.5,0.07171149150844147,0.07171149150844147,0.8565770169831171
00-0032580,Jonathan Jones,DB,WAS,2025,18,2026,5,NYG,11/10,sacks,sacks,0.1,0.0717201828956604,0.0717201828956604,0.8565596342086792
00-0039007,Garrett Williams,CB,ARI,2025,16,2026,5,DET,11/10,sacks,sacks,0.0,0.07198881357908249,0.07198881357908249,0.856022372841835
00-0034270,Tyler Conklin,TE,LAC,2025,18,2026,5,DEN,11/10,period_1_2_rush_rec_tds,period_1_2_rush_rec_tds,0.5,0.07201422225628501,0.07201422225628501,0.85597155548743
00-0037231,Kevin Austin Jr.,WR,NO,2026,2,2026,5,MIN,11/10,period_1_2_rush_rec_tds,period_1_2_rush_rec_tds,0.5,0.07203760853152583,0.07203760853152583,0.8559247829369483
00-0041525,Chris Bell,WR,MIA,2026,4,2026,5,CIN,11/10,period_1_2_rush_rec_tds,period_1_2_rush_rec_tds,0.5,0.07212989190715575,0.07212989190715575,0.8557402161856885
00-0038621,DeMario Douglas,WR,NE,2026,4,2026,5,LV,11/10,period_1_2_rush_rec_tds,period_1_2_rush_rec_tds,0.5,0.07215597087494781,0.07215597087494781,0.8556880582501044
00-0036556,Brevin Jordan,TE,HOU,2023,6,2026,5,TEN,11/10,period_1_2_rush_rec_tds,period_1_2_rush_rec_tds,0.5,0.07216215082657701,0.07216215082657701,0.855675698346846
00-0037247,George Pickens,WR,DAL,2026,4,2026,5,TB,08/10,period_first_touchdown_scored,period_first_touchdown_scored,0.5,0.07235349447915397,0.07235349447915397,0.8552930110416921
00-0037545,Rashid Shaheed,WR,SEA,2026,18,2026,5,SF,11/10,season_rush_yards,season_rush_yards,37.0,0.0723656422418951,0.0723656422418951,0.8552687155162098
00-0041052,Kaelon Black,RB,SF,2026,4,2026,5,SEA,11/10,period_1_2_rush_rec_tds,period_1_2_rush_rec_tds,0.5,0.07271879001902598,0.07271879001902598,0.854562419961948
00-0038728,Jared Wayne,WR,HOU,2026,3,2026,5,TEN,11/10,period_1_2_rush_rec_tds,period_1_2_rush_rec_tds,0.5,0.07283833868339634,0.07283833868339634,0.8543233226332073
00-0035672,Cody Barton,LB,TEN,2025,18,2026,5,HOU,11/10,sacks,sacks,0.1,0.07291528582572937,0.07291528582572937,0.8541694283485413
00-0036265,AJ Dillon,RB,CAR,2026,4,2026,6,PHI,18/10,period_1_2_rush_rec_tds,period_1_2_rush_rec_tds,0.5,0.07293053938588284,0.07293053938588284,0.8541389212282343
00-0040157,Barrett Carter,LB,CIN,2025,18,2026,5,MIA,11/10,sacks,sacks,0.0,0.07303761690855026,0.07303761690855026,0.8539247661828995
00-0039902,Chris Braswell,LB,TB,2025,18,2026,5,DAL,08/10,sacks,sacks,0.1,0.07315532118082047,0.07315532118082047,0.8536893576383591
00-0041013,Emmett Johnson,RB,KC,2026,4,2026,6,LAC,18/10,period_1_2_rush_rec_tds,period_1_2_rush_rec_tds,0.5,0.07319889218702592,0.07319889218702592,0.8536022156259482
00-0041037,Denzel Boston,WR,CLE,2026,4,2026,5,NYJ,11/10,period_first_touchdown_scored,period_first_touchdown_scored,0.5,0.07321634354104954,0.07321634354104954,0.8535673129179009
00-0040008,Shavon Revel Jr.,CB,DAL,2025,17,2026,5,TB,08/10,sacks,sacks,0.0,0.07325150817632675,0.07325150817632675,0.8534969836473465
00-0038998,Jake Haener,QB,NO,2024,15,2026,5,MIN,11/10,period_1_passing_tds,period_1_passing_tds,0.0,0.07351781412207183,0.07351781412207183,0.8529643717558564
00-0037091,Bo Melton,WR,GB,2024,19,2026,5,CHI,11/10,period_1_2_rush_rec_tds,period_1_2_rush_rec_tds,0.5,0.07358731030887342,0.07358731030887342,0.8528253793822531
00-0034376,Taron Johnson,CB,BUF,2025,20,2026,5,LA,12/10,sacks,sacks,0.0,0.07361766695976257,0.07361766695976257,0.8527646660804749
00-0040584,Gunnar Helm,TE,TEN,2026,4,2026,5,HOU,11/10,period_1_2_rush_rec_tds,period_1_2_rush_rec_tds,0.5,0.07373658618519455,0.07373658618519455,0.852526827629611
00-0040136,Princely Umanmielen,LB,CAR,2025,19,2026,6,PHI,18/10,sacks,sacks,0.1,0.07381116598844528,0.07381116598844528,0.8523776680231094
00-0038046,Charlie Kolar,TE,BAL,2023,1,2026,5,ATL,11/10,period_1_2_rush_rec_tds,period_1_2_rush_rec_tds,0.5,0.07386791760585065,0.07386791760585065,0.8522641647882987
00-0038794,Jaleel McLaughlin,RB,CLE,2026,4,2026,5,NYJ,11/10,period_1_2_rush_rec_tds,period_1_2_rush_rec_tds,0.5,0.07401352564970147,0.07401352564970147,0.851972948700597
00-0040782,Isaiah Bond,WR,CLE,2026,4,2026,5,NYJ,11/10,period_1_2_rush_rec_tds,period_1_2_rush_rec_tds,0.5,0.07402217565861095,0.07402217565861095,0.8519556486827781
00-0033757,Robert Tonyan,TE,CHI,2023,6,2026,5,GB,11/10,period_1_2_rush_rec_tds,period_1_2_rush_rec_tds,0.5,0.07404943005865636,0.07404943005865636,0.8519011398826872
00-0036646,Simi Fehoko,WR,LAC,2024,8,2026,5,DEN,11/10,period_1_2_rush_rec_tds,period_1_2_rush_rec_tds,0.5,0.07407379150009413,0.07407379150009413,0.8518524169998117
00-0036875,Rhamondre Stevenson,RB,NE,2026,4,2026,5,LV,11/10,period_1_rush_rec_tds,period_1_rush_rec_tds,0.5,0.07418959248143697,0.07418959248143697,0.851620815037126
00-0035710,Daniel Jones,QB,IND,2026,4,2026,5,PIT,11/10,period_1_2_rush_rec_tds_qb,period_1_2_rush_rec_tds,0.5,0.07422552995144481,0.07422552995144481,0.8515489400971104
00-0039067,Rashee Rice,WR,KC,2026,3,2026,6,LAC,18/10,period_1_rush_rec_tds,period_1_rush_rec_tds,0.5,0.07448401910090945,0.07448401910090945,0.8510319617981811
00-0038623,Dante Stills,DT,ARI,2025,18,2026,5,DET,11/10,sacks,sacks,0.0,0.07448718696832657,0.07448718696832657,0.8510256260633469
00-0036626,Dyami Brown,WR,WAS,2026,4,2026,5,NYG,11/10,period_1_2_rush_rec_tds,period_1_2_rush_rec_tds,0.5,0.07471233665325375,0.07471233665325375,0.8505753266934926
00-0035683,Dexter Lawrence,DT,NYG,2025,18,2026,5,WAS,11/10,sacks,sacks,0.0,0.07478361576795578,0.07478361576795578,0.8504327684640884
00-0039356,Ja'Tavion Sanders,TE,CAR,2025,12,2026,6,PHI,18/10,period_1_2_rush_rec_tds,period_1_2_rush_rec_tds,0.5,0.07496572141203449,0.07496572141203449,0.850068557175931
00-0034981,Foster Moreau,TE,NO,2023,9,2026,5,MIN,11/10,period_1_2_rush_rec_tds,period_1_2_rush_rec_tds,0.5,0.07496967887918884,0.07496967887918884,0.8500606422416224
00-0037755,Jelani Woods,TE,NYJ,2025,17,2026,5,CLE,11/10,period_1_2_rush_rec_tds,period_1_2_rush_rec_tds,0.5,0.07500366432328186,0.07500366432328186,0.8499926713534363
00-0040730,RJ Harvey,RB,DEN,2026,4,2026,5,LAC,11/10,period_first_touchdown_scored,period_first_touchdown_scored,0.5,0.0750645324252363,0.0750645324252363,0.8498709351495274
00-0039065,Sam LaPorta,TE,DET,2026,4,2026,5,ARI,11/10,period_1_rush_rec_tds,period_1_rush_rec_tds,0.5,0.0751558056098051,0.0751558056098051,0.8496883887803898
00-0038476,Tommy DeVito,QB,NE,2026,3,2026,5,LV,11/10,period_1_passing_tds,period_1_passing_tds,0.0,0.07518948280974423,0.07518948280974423,0.8496210343805115
00-0035891,Cody White,WR,LV,2026,18,2026,5,NE,11/10,season_rec_tds,season_rec_tds,3.0,0.0752165728015827,0.0752165728015827,0.8495668543968347
00-0036543,Spencer Brown,RB,CAR,2022,9,2026,6,PHI,18/10,period_1_2_rush_rec_tds,period_1_2_rush_rec_tds,0.5,0.07526724403555292,0.07526724403555292,0.8494655119288942
00-0040734,TreVeyon Henderson,RB,NE,2026,4,2026,5,LV,11/10,period_1_rush_rec_tds,period_1_rush_rec_tds,0.5,0.07528572338200308,0.07528572338200308,0.8494285532359939
00-0040636,Keyon Martin,CB,BAL,2025,16,2026,5,ATL,11/10,sacks,sacks,0.1,0.0753365010023117,0.0753365010023117,0.8493269979953766
00-0035228,Kyler Murray,QB,MIN,2026,4,2026,5,NO,11/10,period_1_2_rush_rec_tds_qb,period_1_2_rush_rec_tds,0.5,0.07534678999709667,0.07534678999709667,0.8493064200058067
00-0038124,Christian Watson,WR,GB,2026,4,2026,5,CHI,11/10,period_first_touchdown_scored,period_first_touchdown_scored,0.5,0.07548449641946585,0.07548449641946585,0.8490310071610683
00-0039067,Rashee Rice,WR,KC,2026,3,2026,6,LAC,18/10,period_first_touchdown_scored,period_first_touchdown_scored,0.5,0.07559336879111472,0.07559336879111472,0.8488132624177706
00-0026158,Joe Flacco,QB,BAL,2014,4,2026,5,ATL,11/10,period_1_2_rush_rec_tds_qb,period_1_2_rush_rec_tds,0.5,0.07568404937954425,0.07568404937954425,0.8486319012409115
00-0028000,Daniel Thomas,RB,MIA,2014,17,2026,5,CIN,11/10,period_1_2_rush_rec_tds,period_1_2_rush_rec_tds,0.5,0.07573692226198359,0.07573692226198359,0.8485261554760328
00-0040142,Kaleb Johnson,RB,GB,2026,4,2026,5,CHI,11/10,period_1_2_rush_rec_tds,period_1_2_rush_rec_tds,0.5,0.0758628783166108,0.0758628783166108,0.8482742433667784
00-0038128,Malik Willis,QB,MIA,2026,4,2026,5,CIN,11/10,period_1_2_rush_rec_tds_qb,period_1_2_rush_rec_tds,0.5,0.07596005621888378,0.07596005621888378,0.8480798875622324
00-0040124,Tetairoa McMillan,WR,CAR,2026,4,2026,6,PHI,18/10,period_first_touchdown_scored,period_first_touchdown_scored,0.5,0.07603141264125464,0.07603141264125464,0.8479371747174907
00-0031557,Jordan Phillips,DT,BUF,2025,18,2026,5,LA,12/10,sacks,sacks,0.1,0.0760354995727539,0.0760354995727539,0.8479290008544922
00-0036875,Rhamondre Stevenson,RB,NE,2026,4,2026,5,LV,11/10,period_first_touchdown_scored,period_first_touchdown_scored,0.5,0.07614143626609088,0.07614143626609088,0.8477171274678182
00-0040705,Chimere Dike,WR,TEN,2026,4,2026,5,HOU,11/10,period_1_2_rush_rec_tds,period_1_2_rush_rec_tds,0.5,0.07696820272693648,0.07696820272693648,0.846063594546127
00-0033952,Grover Stewart,DT,IND,2025,18,2026,5,PIT,11/10,sacks,sacks,0.0,0.07698556780815125,0.07698556780815125,0.8460288643836975
00-0039749,Tyler Davis,DE,LA,2025,21,2026,5,BUF,12/10,sacks,sacks,0.0,0.0770699679851532,0.0770699679851532,0.8458600640296936
00-0030801,Brandon Coleman,WR,NO,2017,15,2026,5,MIN,11/10,period_1_2_rush_rec_tds,period_1_2_rush_rec_tds,0.5,0.07721454889057287,0.07721454889057287,0.8455709022188542
00-0036212,Tua Tagovailoa,QB,MIA,2022,9,2026,5,CIN,11/10,period_1_2_rush_rec_tds_qb,period_1_2_rush_rec_tds,0.5,0.07722741731656776,0.07722741731656776,0.8455451653668644
00-0037238,Drake London,WR,ATL,2026,18,2026,5,BAL,11/10,season_rec_tds,season_rec_tds,0.0,0.922745114210596,0.922745114210596,0.845490228421192
00-0039064,Zay Flowers,WR,BAL,2026,4,2026,5,ATL,11/10,period_first_touchdown_scored,period_first_touchdown_scored,0.5,0.07730058209041227,0.07730058209041227,0.8453988358191755
00-0033548,Chidobe Awuzie,CB,BAL,2025,18,2026,5,ATL,11/10,sacks,sacks,0.0,0.07739928364753723,0.07739928364753723,0.8452014327049255
00-0037247,George Pickens,WR,DAL,2026,4,2026,5,TB,08/10,period_1_rush_rec_tds,period_1_rush_rec_tds,0.5,0.07742883370368264,0.07742883370368264,0.8451423325926347
00-0037238,Drake London,WR,ATL,2026,4,2026,5,BAL,11/10,period_first_touchdown_scored,period_first_touchdown_scored,0.5,0.07781682154330324,0.07781682154330324,0.8443663569133935
00-0039021,Roschon Johnson,RB,CHI,2026,4,2026,5,GB,11/10,period_1_2_rush_rec_tds,period_1_2_rush_rec_tds,0.5,0.07786921208230535,0.07786921208230535,0.8442615758353893
00-0039451,Isaiah Williams,WR,NYJ,2026,4,2026,5,CLE,11/10,period_1_2_rush_rec_tds,period_1_2_rush_rec_tds,0.5,0.07792224313601226,0.07792224313601226,0.8441555137279755
00-0037051,Elijah Garcia,DE,ATL,2025,18,2026,5,BAL,11/10,sacks,sacks,0.1,0.07819937914609909,0.07819937914609909,0.8436012417078018
00-0037587,Nate Landman,LB,LA,2025,21,2026,5,BUF,12/10,sacks,sacks,0.1,0.0783730149269104,0.0783730149269104,0.8432539701461792
00-0037801,KaVontae Turpin,WR,DAL,2026,3,2026,5,TB,08/10,period_1_2_rush_rec_tds,period_1_2_rush_rec_tds,0.5,0.07840899919525231,0.07840899919525231,0.8431820016094954
00-0036081,Broderick Washington,DT,BAL,2025,3,2026,5,ATL,11/10,sacks,sacks,0.0,0.0785212367773056,0.0785212367773056,0.8429575264453888
00-0035993,Tyler Huntley,QB,BAL,2026,4,2026,5,ATL,11/10,period_1_2_rush_rec_tds_qb,period_1_2_rush_rec_tds,0.5,0.07880259338800921,0.07880259338800921,0.8423948132239816
00-0035631,Drew Sample,TE,CIN,2021,9,2026,5,MIA,11/10,period_1_2_rush_rec_tds,period_1_2_rush_rec_tds,0.5,0.07893447414178954,0.07893447414178954,0.8421310517164209
00-0034975,Justice Hill,RB,BAL,2026,4,2026,5,ATL,11/10,period_1_2_rush_rec_tds,period_1_2_rush_rec_tds,0.5,0.0789371317124899,0.0789371317124899,0.8421257365750202
00-0038807,Ivan Pace Jr.,LB,MIN,2025,18,2026,5,NO,11/10,sacks,sacks,0.1,0.0789971798658371,0.0789971798658371,0.8420056402683258
00-0034413,Foyesade Oluokun,LB,JAX,2025,19,2026,5,PHI,11/10,sacks,sacks,0.1,0.07905285060405731,0.07905285060405731,0.8418942987918854
00-0034465,Jeremy Reaves,DB,WAS,2025,18,2026,5,NYG,11/10,sacks,sacks,0.1,0.07934516668319702,0.07934516668319702,0.841309666633606
00-0040173,Tyrion Ingram-Dawkins,DT,MIN,2025,18,2026,5,NO,11/10,sacks,sacks,0.1,0.0795980766415596,0.0795980766415596,0.8408038467168808
00-0037809,Chig Okonkwo,TE,WAS,2026,4,2026,5,NYG,11/10,period_1_2_rush_rec_tds,period_1_2_rush_rec_tds,0.5,0.07960503903514228,0.07960503903514228,0.8407899219297155
00-0040736,Mason Taylor,TE,NYJ,2026,1,2026,5,CLE,11/10,period_1_2_rush_rec_tds,period_1_2_rush_rec_tds,0.5,0.07982977874006733,0.07982977874006733,0.8403404425198653
00-0040170,Elic Ayomanor,WR,TEN,2026,4,2026,5,HOU,11/10,period_1_2_rush_rec_tds,period_1_2_rush_rec_tds,0.5,0.0798408786317439,0.0798408786317439,0.8403182427365122
00-0040719,Bhayshul Tuten,RB,JAX,2026,4,2026,5,PHI,11/10,period_1_rush_rec_tds,period_1_rush_rec_tds,0.5,0.07988999263928477,0.07988999263928477,0.8402200147214305
00-0036374,L'Jarius Sneed,CB,TEN,2025,7,2026,5,HOU,11/10,sacks,sacks,0.0,0.07998787611722946,0.07998787611722946,0.8400242477655411
00-0034796,Lamar Jackson,QB,BAL,2026,4,2026,5,ATL,11/10,period_1_2_rush_rec_tds_qb,period_1_2_rush_rec_tds,0.5,0.08001468000569485,0.08001468000569485,0.8399706399886103
00-0039353,Jarrian Jones,CB,JAX,2025,19,2026,5,PHI,11/10,sacks,sacks,0.0,0.08013343065977097,0.08013343065977097,0.8397331386804581
00-0037614,John Metchie III,WR,CAR,2026,4,2026,6,PHI,18/10,period_1_2_rush_rec_tds,period_1_2_rush_rec_tds,0.5,0.08021563869333916,0.08021563869333916,0.8395687226133217
00-0038124,Christian Watson,WR,GB,2026,4,2026,5,CHI,11/10,period_1_rush_rec_tds,period_1_rush_rec_tds,0.5,0.08026936929496613,0.08026936929496613,0.8394612614100677
00-0036309,Darnell Mooney,WR,NYG,2026,4,2026,5,WAS,11/10,period_1_2_rush_rec_tds,period_1_2_rush_rec_tds,0.5,0.08030448661568541,0.08030448661568541,0.8393910267686292
00-0037238,Drake London,WR,ATL,2026,4,2026,5,BAL,11/10,period_1_rush_rec_tds,period_1_rush_rec_tds,0.5,0.08057631362426963,0.08057631362426963,0.8388473727514607
00-0038398,Karl Brooks,DT,GB,2025,19,2026,5,CHI,11/10,sacks,sacks,0.0,0.08071798086166382,0.08071798086166382,0.8385640382766724
00-0037666,Jalen Tolbert,WR,MIA,2026,4,2026,5,CIN,11/10,period_1_2_rush_rec_tds,period_1_2_rush_rec_tds,0.5,0.08072860087638721,0.08072860087638721,0.8385427982472256
00-0036996,Greg Newsome II,CB,JAX,2025,19,2026,5,PHI,11/10,sacks,sacks,0.0,0.0809326171875,0.0809326171875,0.838134765625
00-0032392,Austin Hooper,TE,NE,2025,7,2026,5,LV,11/10,period_1_2_rush_rec_tds,period_1_2_rush_rec_tds,0.5,0.0809577351100301,0.0809577351100301,0.8380845297799397
00-0041395,Eli Raridon,TE,NE,2026,4,2026,5,LV,11/10,period_1_receiving_yds,period_1_receiving_yds,14.0,0.08108108108108109,0.11040721194338433,0.8378378378378378
00-0041472,Marlin Klein,TE,HOU,2026,1,2026,5,TEN,11/10,period_1_receiving_yds,period_1_receiving_yds,16.0,0.08108108108108109,0.09153270160620836,0.8378378378378378
00-0036554,Nico Collins,WR,HOU,2026,4,2026,5,TEN,11/10,period_1_receiving_yds,period_1_receiving_yds,45.5,0.08108108108108109,0.0938062616013656,0.8378378378378378
00-0036556,Brevin Jordan,TE,HOU,2026,4,2026,5,TEN,11/10,period_1_receiving_yds,period_1_receiving_yds,13.0,0.08108108108108109,0.1088644755036609,0.8378378378378378
00-0039372,Jarvis Brownlee Jr.,DB,NYJ,2025,12,2026,5,CLE,11/10,sacks,sacks,0.0,0.0810982957482338,0.0810982957482338,0.8378034085035324
00-0039338,Brock Bowers,TE,LV,2026,4,2026,5,NE,11/10,period_first_touchdown_scored,period_first_touchdown_scored,0.5,0.08123780702749378,0.08123780702749378,0.8375243859450124
00-0038514,Truman Jones,DE,TEN,2025,18,2026,5,HOU,11/10,sacks,sacks,0.2,0.08128538727760315,0.08128538727760315,0.8374292254447937
00-0041037,Denzel Boston,WR,CLE,2026,4,2026,5,NYJ,11/10,period_1_rush_rec_tds,period_1_rush_rec_tds,0.5,0.08135145949125339,0.08135145949125339,0.8372970810174932
00-0040124,Tetairoa McMillan,WR,CAR,2026,4,2026,6,PHI,18/10,period_1_rush_rec_tds,period_1_rush_rec_tds,0.5,0.08135859588916454,0.08135859588916454,0.8372828082216709
00-0036945,Justin Fields,QB,NYJ,2025,11,2026,5,CLE,11/10,period_1_rush_rec_tds_qb,period_1_rush_rec_tds,0.5,0.08141042617088867,0.08141042617088867,0.8371791476582227
00-0040466,Raheim Sanders,RB,CLE,2026,4,2026,5,NYJ,11/10,period_1_2_rush_rec_tds,period_1_2_rush_rec_tds,0.5,0.08160392622192868,0.08160392622192868,0.8367921475561426
00-0038519,Nikko Remigio,WR,KC,2025,2,2026,6,LAC,18/10,period_1_2_rush_rec_tds,period_1_2_rush_rec_tds,0.5,0.08167885573805929,0.08167885573805929,0.8366422885238814
00-0039384,Tyrone Tracy Jr.,RB,NYG,2026,4,2026,5,WAS,11/10,period_1_2_rush_rec_tds,period_1_2_rush_rec_tds,0.5,0.08188634921462637,0.08188634921462637,0.8362273015707473
00-0038115,Daniel Bellinger,TE,NYG,2023,1,2026,5,WAS,11/10,period_1_2_rush_rec_tds,period_1_2_rush_rec_tds,0.5,0.08190986802981345,0.08190986802981345,0.836180263940373
00-0039380,Chau Smith-Wade,CB,CAR,2025,19,2026,6,PHI,18/10,sacks,sacks,0.0,0.0819266140460968,0.0819266140460968,0.8361467719078064
00-0039355,Luke McCaffrey,WR,WAS,2024,3,2026,5,NYG,11/10,period_1_2_rush_rec_tds,period_1_2_rush_rec_tds,0.5,0.08193015890450424,0.08193015890450424,0.8361396821909916
00-0037291,Jalen Nailor,WR,LV,2026,3,2026,5,NE,11/10,period_1_2_rush_rec_tds,period_1_2_rush_rec_tds,0.5,0.08200734192288599,0.08200734192288599,0.835985316154228
00-0037753,Cam Taylor-Britt,CB,CIN,2025,11,2026,5,MIA,11/10,sacks,sacks,0.0,0.08201431483030319,0.08201431483030319,0.8359713703393936
00-0036504,Brandin Echols,CB,PIT,2025,19,2026,5,IND,11/10,sacks,sacks,0.1,0.08229408413171768,0.08229408413171768,0.8354118317365646
00-0038551,Kendre Miller,RB,NO,2026,4,2026,5,MIN,11/10,period_1_2_rush_rec_tds,period_1_2_rush_rec_tds,0.5,0.08234068712686644,0.08234068712686644,0.8353186257462671
00-0037596,Jack Gibbens,LB,NE,2025,22,2026,5,LV,11/10,sacks,sacks,0.0,0.082505963742733,0.082505963742733,0.834988072514534
00-0037252,Greg Dulcich,TE,MIA,2026,3,2026,5,CIN,11/10,period_1_2_rush_rec_tds,period_1_2_rush_rec_tds,0.5,0.08271604685747531,0.08271604685747531,0.8345679062850494
00-0040734,TreVeyon Henderson,RB,NE,2026,4,2026,5,LV,11/10,period_first_touchdown_scored,period_first_touchdown_scored,0.5,0.08279442307025428,0.08279442307025428,0.8344111538594914
00-0035261,Tony Pollard,RB,TEN,2026,4,2026,5,HOU,11/10,period_1_rush_rec_tds,period_1_rush_rec_tds,0.5,0.08312825766486918,0.08312825766486918,0.8337434846702616
00-0040752,Oluwafemi Oladejo,DE,TEN,2025,6,2026,5,HOU,11/10,sacks,sacks,0.0,0.08319669961929321,0.08319669961929321,0.8336066007614136
00-0039338,Brock Bowers,TE,LV,2026,4,2026,5,NE,11/10,period_1_rush_rec_tds,period_1_rush_rec_tds,0.5,0.08379267839811684,0.08379267839811684,0.8324146432037663
00-0034613,Tanner Hudson,TE,CIN,2025,9,2026,5,MIA,11/10,period_1_2_rush_rec_tds,period_1_2_rush_rec_tds,0.5,0.08380227344162446,0.08380227344162446,0.8323954531167511
00-0040144,Jamaree Caldwell,DT,LAC,2025,19,2026,5,DEN,11/10,sacks,sacks,0.1,0.08403058350086212,0.08403058350086212,0.8319388329982758
00-0040078,Brashard Smith,RB,KC,2026,3,2026,6,LAC,18/10,period_1_2_rush_rec_tds,period_1_2_rush_rec_tds,0.5,0.08424708707732673,0.08424708707732673,0.8315058258453465
00-0035689,Dawson Knox,TE,BUF,2026,4,2026,5,LA,12/10,period_1_2_rush_rec_tds,period_1_2_rush_rec_tds,0.5,0.08460560616445038,0.08460560616445038,0.8307887876710992
00-0040727,Tre Harris,WR,LAC,2026,4,2026,5,DEN,11/10,period_1_2_rush_rec_tds,period_1_2_rush_rec_tds,0.5,0.08461172969190209,0.08461172969190209,0.8307765406161958
00-0033551,Rasul Douglas,CB,MIA,2025,18,2026,5,CIN,11/10,sacks,sacks,0.1,0.08467625826597214,0.08467625826597214,0.8306474834680557
00-0039868,Troy Franklin,WR,DEN,2026,3,2026,5,LAC,11/10,period_1_2_rush_rec_tds,period_1_2_rush_rec_tds,0.5,0.08490381656386901,0.08490381656386901,0.8301923668722619
00-0038125,Roger McCreary,CB,LA,2025,21,2026,5,BUF,12/10,sacks,sacks,0.1,0.08495395630598068,0.08495395630598068,0.8300920873880386
00-0036407,Jerry Jeudy,WR,CLE,2026,4,2026,5,NYJ,11/10,period_1_2_rush_rec_tds,period_1_2_rush_rec_tds,0.5,0.0850747170479504,0.0850747170479504,0.8298505659040992
00-0040878,Mike Washington Jr.,RB,LV,2026,4,2026,5,NE,11/10,period_1_2_rush_rec_tds,period_1_2_rush_rec_tds,0.5,0.08514076659382754,0.08514076659382754,0.829718466812345
00-0033066,Andrew Billings,DT,CHI,2025,20,2026,5,GB,11/10,sacks,sacks,0.1,0.08570270240306854,0.08570270240306854,0.8285945951938629
00-0040134,Pat Bryant,WR,DEN,2026,4,2026,5,LAC,11/10,period_1_2_rush_rec_tds,period_1_2_rush_rec_tds,0.5,0.08594667257710883,0.08594667257710883,0.8281066548457823
00-0039032,Tyjae Spears,RB,TEN,2026,4,2026,5,HOU,11/10,period_1_2_rush_rec_tds,period_1_2_rush_rec_tds,0.5,0.08598102507516342,0.08598102507516342,0.8280379498496732
00-0036909,Khyiris Tonga,DT,NE,2025,22,2026,5,LV,11/10,sacks,sacks,0.1,0.08606042712926865,0.08606042712926865,0.8278791457414627
00-0039064,Zay Flowers,WR,BAL,2026,4,2026,5,ATL,11/10,period_1_rush_rec_tds,period_1_rush_rec_tds,0.5,0.08616973636607599,0.08616973636607599,0.827660527267848
00-0039299,George Holani,RB,SEA,2026,4,2026,5,SF,11/10,period_1_2_rush_rec_tds,period_1_2_rush_rec_tds,0.5,0.0862676697062396,0.0862676697062396,0.8274646605875208
00-0033526,Samaje Perine,RB,CIN,2026,4,2026,5,MIA,11/10,period_1_2_rush_rec_tds,period_1_2_rush_rec_tds,0.5,0.08641917282106332,0.08641917282106332,0.8271616543578734
00-0036290,Cole Kmet,TE,CHI,2026,1,2026,5,GB,11/10,period_1_2_rush_rec_tds,period_1_2_rush_rec_tds,0.5,0.08668801132738232,0.08668801132738232,0.8266239773452353
00-0035261,Tony Pollard,RB,TEN,2026,4,2026,5,HOU,11/10,period_first_touchdown_scored,period_first_touchdown_scored,0.5,0.08683398774884289,0.08683398774884289,0.8263320245023142
00-0040710,Deone Walker,DT,BUF,2025,20,2026,5,LA,12/10,sacks,sacks,0.1,0.08694413304328918,0.08694413304328918,0.8261117339134216
00-0037545,Rashid Shaheed,WR,SEA,2026,4,2026,5,SF,11/10,period_1_2_rush_rec_tds,period_1_2_rush_rec_tds,0.5,0.08705057432553678,0.08705057432553678,0.8258988513489265
00-0036338,Troy Dye,LB,LAC,2025,19,2026,5,DEN,11/10,sacks,sacks,0.1,0.08718063682317734,0.08718063682317734,0.8256387263536453
00-0036287,Noah Igbinoghene,CB,WAS,2025,18,2026,5,NYG,11/10,sacks,sacks,0.1,0.0871945321559906,0.0871945321559906,0.8256109356880188
00-0037271,D'Marco Jackson,LB,CHI,2025,20,2026,5,GB,11/10,sacks,sacks,0.1,0.08727860450744629,0.08727860450744629,0.8254427909851074
00-0036181,Teair Tart,DT,LAC,2025,19,2026,5,DEN,11/10,sacks,sacks,0.1,0.08728843927383423,0.08728843927383423,0.8254231214523315
00-0038463,Brenton Cox Jr.,DE,GB,2025,19,2026,5,CHI,11/10,sacks,sacks,0.2,0.08732394129037857,0.08732394129037857,0.8253521174192429
00-0036554,Nico Collins,WR,HOU,2026,4,2026,5,TEN,11/10,period_first_touchdown_scored,period_first_touchdown_scored,0.5,0.08733047377688967,0.08733047377688967,0.8253390524462206
00-0032398,Chris Moore,WR,WAS,2025,11,2026,5,NYG,11/10,period_1_2_rush_rec_tds,period_1_2_rush_rec_tds,0.5,0.08751095722731339,0.08751095722731339,0.8249780855453732
00-0040672,Tyleik Williams,DT,DET,2025,18,2026,5,ARI,11/10,sacks,sacks,0.1,0.08762028813362122,0.08762028813362122,0.8247594237327576
00-0036355,Justin Herbert,QB,LAC,2026,4,2026,5,DEN,11/10,period_1_2_rush_rec_tds_qb,period_1_2_rush_rec_tds,0.5,0.08765460121390904,0.08765460121390904,0.8246907975721819
00-0031270,Shelby Harris,DE,CLE,2025,18,2026,5,NYJ,11/10,sacks,sacks,0.1,0.08776379376649857,0.08776379376649857,0.8244724124670029
00-0038393,Dontayvion Wicks,WR,PHI,2026,4,2026,5,JAX,11/10,period_1_2_rush_rec_tds,period_1_2_rush_rec_tds,0.5,0.08780717611476277,0.08780717611476277,0.8243856477704745
00-0038824,Ryan Miller,WR,TB,2024,10,2026,5,DAL,08/10,period_1_2_rush_rec_tds,period_1_2_rush_rec_tds,0.5,0.08794260888165939,0.08794260888165939,0.8241147822366812
00-0040579,Carson Schwesinger,LB,CLE,2025,17,2026,5,NYJ,11/10,sacks,sacks,0.2,0.0880022794008255,0.0880022794008255,0.823995441198349
00-0040724,T.J. Sanders,DT,BUF,2025,20,2026,5,LA,12/10,sacks,sacks,0.1,0.08831923454999924,0.08831923454999924,0.8233615309000015
00-0039815,Tyrice Knight,LB,SEA,2025,22,2026,5,SF,11/10,sacks,sacks,0.1,0.08840053528547287,0.08840053528547287,0.8231989294290543
00-0036550,Rashod Bateman,WR,BAL,2026,4,2026,5,ATL,11/10,period_1_2_rush_rec_tds,period_1_2_rush_rec_tds,0.5,0.08848727406953176,0.08848727406953176,0.8230254518609365
00-0038797,Emanuel Wilson,RB,SEA,2026,4,2026,5,SF,11/10,period_1_rush_rec_tds,period_1_rush_rec_tds,0.5,0.08867655057585272,0.08867655057585272,0.8226468988482946
00-0034782,Harrison Phillips,DT,NYJ,2025,18,2026,5,CLE,11/10,sacks,sacks,0.0,0.08876556158065796,0.08876556158065796,0.8224688768386841
00-0039798,Isaiah Davis,RB,NYJ,2025,17,2026,5,CLE,11/10,period_1_2_rush_rec_tds,period_1_2_rush_rec_tds,0.5,0.08879351253392041,0.08879351253392041,0.8224129749321591
00-0037074,Quay Walker,LB,GB,2025,19,2026,5,CHI,11/10,sacks,sacks,0.2,0.08882210403680801,0.08882210403680801,0.822355791926384
00-0039147,Christian Gonzalez,CB,NE,2025,22,2026,5,LV,11/10,sacks,sacks,0.1,0.08892273157835007,0.08892273157835007,0.8221545368432999
00-0036500,Jamien Sherwood,LB,NYJ,2025,18,2026,5,CLE,11/10,sacks,sacks,0.1,0.08915284276008606,0.08915284276008606,0.8216943144798279
00-0036883,Tommy Togiai,DT,HOU,2025,20,2026,5,TEN,11/10,sacks,sacks,0.1,0.08963914960622787,0.08963914960622787,0.8207217007875443
00-0035993,Tyler Huntley,QB,BAL,2026,4,2026,5,ATL,11/10,period_1_passing_tds,period_1_passing_tds,0.0,0.08980689039812331,0.08980689039812331,0.8203862192037534
00-0040719,Bhayshul Tuten,RB,JAX,2026,4,2026,5,PHI,11/10,period_first_touchdown_scored,period_first_touchdown_scored,0.5,0.09038472945990968,0.09038472945990968,0.8192305410801807
00-0034397,Tim Settle,DT,HOU,2025,13,2026,5,TEN,11/10,sacks,sacks,0.1,0.09052253514528275,0.09052253514528275,0.8189549297094345
00-0036410,Tee Higgins,WR,CIN,2026,18,2026,5,MIA,11/10,season_rec_tds,season_rec_tds,1.0,0.9094753789731285,0.9094753789731285,0.8189507579462569
00-0035674,Jerry Tillery,DT,KC,2025,18,2026,6,LAC,18/10,sacks,sacks,0.1,0.09063030034303665,0.09063030034303665,0.8187393993139267
00-0041040,Antonio Williams,WR,WAS,2026,4,2026,5,NYG,11/10,period_1_2_rush_rec_tds,period_1_2_rush_rec_tds,0.5,0.09063715792523781,0.09063715792523781,0.8187256841495244
00-0032951,Laquon Treadwell,WR,IND,2026,4,2026,5,PIT,11/10,period_1_2_rush_rec_tds,period_1_2_rush_rec_tds,0.5,0.09065885727364476,0.09065885727364476,0.8186822854527105
00-0038116,Arnold Ebiketie,LB,ATL,2025,18,2026,5,BAL,11/10,sacks,sacks,0.1,0.09103956073522568,0.09103956073522568,0.8179208785295486
00-0038976,Marvin Mims Jr.,WR,DEN,2026,4,2026,5,LAC,11/10,period_1_2_rush_rec_tds,period_1_2_rush_rec_tds,0.5,0.09110520209987599,0.09110520209987599,0.817789595800248
00-0039066,Michael Mayer,TE,LV,2026,4,2026,5,NE,11/10,period_1_2_rush_rec_tds,period_1_2_rush_rec_tds,0.5,0.09111132826878494,0.09111132826878494,0.8177773434624301
00-0038640,Jalen Brooks,WR,DAL,2023,10,2026,5,TB,08/10,period_1_2_rush_rec_tds,period_1_2_rush_rec_tds,0.5,0.09115747999404217,0.09115747999404217,0.8176850400119157
00-0039890,Adonai Mitchell,WR,NYJ,2026,2,2026,5,CLE,11/10,period_1_2_rush_rec_tds,period_1_2_rush_rec_tds,0.5,0.09117060776827957,0.09117060776827957,0.8176587844634409
00-0036945,Justin Fields,QB,NYJ,2025,11,2026,5,CLE,11/10,period_first_touchdown_scored_qb,period_first_touchdown_scored,0.5,0.0913265417668186,0.0913265417668186,0.8173469164663628
00-0040138,Jaylin Noel,WR,HOU,2026,4,2026,5,TEN,11/10,period_1_2_rush_rec_tds,period_1_2_rush_rec_tds,0.5,0.09166063693663945,0.09166063693663945,0.8166787261267211
00-0034837,Calvin Ridley,WR,TEN,2026,4,2026,5,HOU,11/10,period_1_2_rush_rec_tds,period_1_2_rush_rec_tds,0.5,0.091684720804585,0.091684720804585,0.81663055839083
00-0036900,Ja'Marr Chase,WR,CIN,2026,4,2026,5,MIA,11/10,period_first_touchdown_scored,period_first_touchdown_scored,0.5,0.09185487294630168,0.09185487294630168,0.8162902541073966
00-0033949,Joshua Dobbs,QB,NE,2025,18,2026,5,LV,11/10,period_1_2_rush_rec_tds_qb,period_1_2_rush_rec_tds,0.5,0.09226242952121223,0.09226242952121223,0.8154751409575756
00-0035644,Noah Fant,TE,NO,2026,3,2026,5,MIN,11/10,period_1_2_rush_rec_tds,period_1_2_rush_rec_tds,0.5,0.0938506586526022,0.0938506586526022,0.8122986826947955
00-0039435,Tatum Bethune,LB,SF,2025,18,2026,5,SEA,11/10,sacks,sacks,0.1,0.09394503384828568,0.09394503384828568,0.8121099323034286
00-0038579,Aidan O'Connell,QB,LV,2023,4,2026,5,NE,11/10,period_1_rush_rec_tds_qb,period_1_rush_rec_tds,0.5,0.09414200291489283,0.09414200291489283,0.8117159941702143
00-0038558,Darnell Washington,TE,PIT,2026,4,2026,5,IND,11/10,period_1_2_rush_rec_tds,period_1_2_rush_rec_tds,0.5,0.09423444920178987,0.09423444920178987,0.8115311015964203
00-0040785,Dohnte Meyers,WR,CIN,2026,4,2026,5,MIA,11/10,period_1_2_rush_rec_tds,period_1_2_rush_rec_tds,0.5,0.09426976022653846,0.09426976022653846,0.8114604795469231
00-0034720,Robert Spillane,LB,NE,2025,22,2026,5,LV,11/10,sacks,sacks,0.1,0.09428197145462036,0.09428197145462036,0.8114360570907593
00-0029606,Harrison Smith,FS,MIN,2025,18,2026,5,NO,11/10,sacks,sacks,0.1,0.09433560073375702,0.09433560073375702,0.811328798532486
00-0039851,Drake Maye,QB,NE,2026,4,2026,5,LV,11/10,period_1_2_rush_rec_tds_qb,period_1_2_rush_rec_tds,0.5,0.09447015052053306,0.09447015052053306,0.8110596989589338
00-0039847,Theo Johnson,TE,NYG,2026,4,2026,5,WAS,11/10,period_1_2_rush_rec_tds,period_1_2_rush_rec_tds,0.5,0.09450406244972674,0.09450406244972674,0.8109918751005465
00-0037012,Trey Lance,QB,LAC,2025,18,2026,5,DEN,11/10,period_1_2_rush_rec_tds_qb,period_1_2_rush_rec_tds,0.5,0.09454096087656133,0.09454096087656133,0.8109180782468773
00-0037665,Sam Williams,DE,DAL,2025,18,2026,5,TB,08/10,sacks,sacks,0.1,0.09454464167356491,0.09454464167356491,0.8109107166528702
00-0037157,Bam Knight,RB,ARI,2026,2,2026,5,DET,11/10,period_1_2_rush_rec_tds,period_1_2_rush_rec_tds,0.5,0.0947628262906453,0.0947628262906453,0.8104743474187094
00-0036922,Patrick Johnson,DE,PHI,2025,13,2026,5,JAX,11/10,sacks,sacks,0.1,0.09497657418251038,0.09497657418251038,0.8100468516349792
00-0035933,Michael Hoecht,LB,BUF,2025,9,2026,5,LA,12/10,sacks,sacks,1.0,0.09513745456933975,0.09513745456933975,0.8097250908613205
00-0040494,Max Brosmer,QB,MIN,2025,18,2026,5,NO,11/10,period_1_passing_tds,period_1_passing_tds,0.0,0.09531007632469844,0.09531007632469844,0.8093798473506031
00-0036972,Mac Jones,QB,SF,2026,2,2026,5,SEA,11/10,rush_rec_tds_qb,rush_rec_tds,0.5,0.09547776387851943,0.09547776387851943,0.8090444722429612
00-0037834,Brock Purdy,QB,SF,2026,4,2026,5,SEA,11/10,period_1_2_rush_rec_tds_qb,period_1_2_rush_rec_tds,0.5,0.09553929324844539,0.09553929324844539,0.8089214135031092
00-0040237,Tez Johnson,WR,TB,2026,4,2026,5,DAL,08/10,period_1_2_rush_rec_tds,period_1_2_rush_rec_tds,0.5,0.09560569693349713,0.09560569693349713,0.8087886061330057
00-0040069,Teddye Buchanan,LB,BAL,2025,15,2026,5,ATL,11/10,sacks,sacks,0.0,0.09574583172798157,0.09574583172798157,0.8085083365440369
00-0041042,Malachi Fields,WR,NYG,2026,4,2026,5,WAS,11/10,period_1_2_rush_rec_tds,period_1_2_rush_rec_tds,0.5,0.0957751174538226,0.0957751174538226,0.8084497650923548
00-0039829,Darius Muasau,LB,NYG,2025,18,2026,5,WAS,11/10,sacks,sacks,0.1,0.09589804708957672,0.09589804708957672,0.8082039058208466
00-0038797,Emanuel Wilson,RB,SEA,2026,4,2026,5,SF,11/10,period_first_touchdown_scored,period_first_touchdown_scored,0.5,0.0959348758217316,0.0959348758217316,0.8081302483565368
00-0039732,Bo Nix,QB,DEN,2026,4,2026,5,LAC,11/10,period_1_2_rush_rec_tds_qb,period_1_2_rush_rec_tds,0.5,0.09595244718366787,0.09595244718366787,0.8080951056326643
00-0036410,Tee Higgins,WR,CIN,2026,4,2026,5,MIA,11/10,period_first_touchdown_scored,period_first_touchdown_scored,0.5,0.09600738617536385,0.09600738617536385,0.8079852276492723
00-0040152,Upton Stout,CB,SF,2025,20,2026,5,SEA,11/10,sacks,sacks,0.1,0.09610608965158463,0.09610608965158463,0.8077878206968307
00-0039384,Tyrone Tracy Jr.,RB,NYG,2026,4,2026,5,WAS,11/10,rushing_yards,rushing_yds,44.8,0.09622630476951599,0.09622630476951599,0.807547390460968
00-0036954,Levi Onwuzurike,DT,DET,2021,18,2026,5,ARI,11/10,sacks,sacks,0.1,0.09626990556716919,0.09626990556716919,0.8074601888656616
00-0038559,Michael Wilson,WR,ARI,2026,4,2026,5,DET,11/10,period_first_touchdown_scored,period_first_touchdown_scored,0.5,0.09637776991533442,0.09637776991533442,0.8072444601693312
00-0040743,Tyler Shough,QB,NO,2026,4,2026,5,MIN,11/10,period_1_2_rush_rec_tds_qb,period_1_2_rush_rec_tds,0.5,0.0965242516451527,0.0965242516451527,0.8069514967096946
00-0039794,Braelon Allen,RB,NYJ,2026,4,2026,5,CLE,11/10,period_1_2_rush_rec_tds,period_1_2_rush_rec_tds,0.5,0.09665818592514587,0.09665818592514587,0.8066836281497083
00-0036262,DaVon Hamilton,DT,JAX,2025,19,2026,5,PHI,11/10,sacks,sacks,0.1,0.09677214920520782,0.09677214920520782,0.8064557015895844
00-0039918,Caleb Williams,QB,CHI,2026,2,2026,5,GB,11/10,period_1_2_rush_rec_tds_qb,period_1_2_rush_rec_tds,0.5,0.09681544004761868,0.09681544004761868,0.8063691199047627
00-0036813,Christian Elliss,LB,NE,2025,22,2026,5,LV,11/10,sacks,sacks,0.1,0.0969054251909256,0.0969054251909256,0.8061891496181488
00-0035535,Darius Slayton,WR,NYG,2025,18,2026,5,WAS,11/10,period_1_2_rush_rec_tds,period_1_2_rush_rec_tds,0.5,0.09695199144841192,0.09695199144841192,0.8060960171031761
00-0040867,Makai Lemon,WR,PHI,2026,18,2026,5,JAX,11/10,season_rush_yards,season_rush_yards,-5.0,0.9030069791219106,0.9030069791219106,0.8060139582438213
00-0038951,Sean Tucker,RB,TB,2026,4,2026,5,DAL,08/10,period_1_2_rush_rec_tds,period_1_2_rush_rec_tds,0.5,0.09710994012613325,0.09710994012613325,0.8057801197477334
00-0037545,Rashid Shaheed,WR,SEA,2026,18,2026,5,SF,11/10,season_rush_tds,season_rush_tds,1.0,0.09713272248312654,0.09713272248312654,0.8057345550337469
00-0035667,Greg Gaines,DT,TB,2025,18,2026,5,DAL,08/10,sacks,sacks,0.1,0.09715025126934052,0.09715025126934052,0.805699497461319
00-0039894,Xavier Worthy,WR,KC,2026,4,2026,6,LAC,18/10,period_1_2_rush_rec_tds,period_1_2_rush_rec_tds,0.5,0.09721359359034329,0.09721359359034329,0.8055728128193134
00-0040640,Ashton Gillotte,DE,KC,2025,18,2026,6,LAC,18/10,sacks,sacks,0.1,0.09754052758216858,0.09754052758216858,0.8049189448356628
00-0033908,Cooper Kupp,WR,SEA,2026,4,2026,5,SF,11/10,period_1_2_rush_rec_tds,period_1_2_rush_rec_tds,0.5,0.09774422933727346,0.09774422933727346,0.8045115413254531
00-0041326,CJ Donaldson,RB,NO,2026,1,2026,5,MIN,11/10,rush_rec_tds,rush_rec_tds,0.5,0.09775514586907275,0.09775514586907275,0.8044897082618545
00-0033869,Mitchell Trubisky,QB,BUF,2025,18,2026,5,LA,12/10,period_1_passing_tds,period_1_passing_tds,0.2,0.09779591128119561,0.09779591128119561,0.8044081774376088
00-0040666,Omarion Hampton,RB,LAC,2026,4,2026,5,DEN,11/10,period_1_rush_rec_tds,period_1_rush_rec_tds,0.5,0.09806225529856302,0.09806225529856302,0.8038754894028739
00-0041027,Jeremiyah Love,RB,ARI,2026,4,2026,5,DET,11/10,period_1_rush_rec_tds,period_1_rush_rec_tds,0.5,0.09810418348953692,0.09810418348953692,0.8037916330209262
00-0036658,Isaiah McDuffie,LB,GB,2025,19,2026,5,CHI,11/10,sacks,sacks,0.1,0.09828177094459534,0.09828177094459534,0.8034364581108093
00-0038940,Tyler Lacy,DE,DET,2025,18,2026,5,ARI,11/10,sacks,sacks,0.1,0.09890726208686829,0.09890726208686829,0.8021854758262634
00-0036259,Jauan Jennings,WR,MIN,2026,4,2026,5,NO,11/10,period_1_2_rush_rec_tds,period_1_2_rush_rec_tds,0.5,0.09918673010991844,0.09918673010991844,0.8016265397801632
00-0034753,Mark Andrews,TE,BAL,2026,4,2026,5,ATL,11/10,period_1_2_rush_rec_tds,period_1_2_rush_rec_tds,0.5,0.09938651811163611,0.09938651811163611,0.8012269637767278
00-0038608,Kayshon Boutte,WR,HOU,2026,4,2026,5,TEN,11/10,period_1_2_rush_rec_tds,period_1_2_rush_rec_tds,0.5,0.09940799638733626,0.09940799638733626,0.8011840072253275
00-0035386,T.J. Edwards,LB,CHI,2025,19,2026,5,GB,11/10,sacks,sacks,0.0,0.09966868162155151,0.09966868162155151,0.800662636756897
00-0033307,Kendrick Bourne,WR,ARI,2026,3,2026,5,DET,11/10,period_1_2_rush_rec_tds,period_1_2_rush_rec_tds,0.5,0.09985763804270448,0.09985763804270448,0.800284723914591
00-0035289,Gardner Minshew,QB,PHI,2022,13,2026,5,JAX,11/10,rush_rec_tds_qb,rush_rec_tds,0.5,0.09991065716667602,0.09991065716667602,0.800178685666648
00-0036971,Trevor Lawrence,QB,JAX,2026,4,2026,5,PHI,11/10,period_1_2_rush_rec_tds_qb,period_1_2_rush_rec_tds,0.5,0.10004572918307428,0.10004572918307428,0.7999085416338514
00-0031381,Davante Adams,WR,LA,2026,4,2026,5,BUF,12/10,period_first_touchdown_scored,period_first_touchdown_scored,0.5,0.1000619227821486,0.1000619227821486,0.7998761544357028
00-0038133,Boye Mafe,DE,SEA,2025,22,2026,5,SF,11/10,sacks,sacks,0.1,0.10009482502937317,0.10009482502937317,0.7998103499412537
00-0031503,Jameis Winston,QB,NO,2022,3,2026,5,MIN,11/10,rush_rec_tds_qb,rush_rec_tds,0.5,0.1001438381950977,0.1001438381950977,0.7997123236098046
00-0039793,AJ Barner,TE,SEA,2026,4,2026,5,SF,11/10,period_1_2_rush_rec_tds,period_1_2_rush_rec_tds,0.5,0.10018590018900186,0.10018590018900186,0.7996281996219963
00-0038982,Chamarri Conner,DB,KC,2025,18,2026,6,LAC,18/10,sacks,sacks,0.1,0.1004333570599556,0.1004333570599556,0.7991332858800888
00-0035699,Jamel Dean,CB,TB,2025,17,2026,5,DAL,08/10,sacks,sacks,0.1,0.10057003051042557,0.10057003051042557,0.7988599389791489
00-0033090,Hunter Henry,TE,NE,2026,4,2026,5,LV,11/10,period_1_2_rush_rec_tds,period_1_2_rush_rec_tds,0.5,0.10057724260309765,0.10057724260309765,0.7988455147938047
00-0040784,Quinshon Judkins,RB,CLE,2026,4,2026,5,NYJ,11/10,period_1_rush_rec_tds,period_1_rush_rec_tds,0.5,0.10077886884141757,0.10077886884141757,0.7984422623171649
00-0038400,Tanner McKee,QB,PHI,2025,18,2026,5,JAX,11/10,period_1_passing_tds,period_1_passing_tds,0.0,0.10080017955575665,0.10080017955575665,0.7983996408884867
00-0033281,Marlon Humphrey,CB,BAL,2025,18,2026,5,ATL,11/10,sacks,sacks,0.1,0.10094521194696426,0.10094521194696426,0.7981095761060715
00-0037239,Chris Olave,WR,NO,2026,4,2026,5,MIN,11/10,period_first_touchdown_scored,period_first_touchdown_scored,0.5,0.1010302348888362,0.1010302348888362,0.7979395302223276
00-0031381,Davante Adams,WR,LA,2026,4,2026,5,BUF,12/10,period_1_rush_rec_tds,period_1_rush_rec_tds,0.5,0.1010900100688944,0.1010900100688944,0.7978199798622112
00-0036554,Nico Collins,WR,HOU,2026,4,2026,5,TEN,11/10,period_1_rush_rec_tds,period_1_rush_rec_tds,0.5,0.10119009714522065,0.10119009714522065,0.7976198057095587
00-0032464,Kalif Raymond,WR,CHI,2026,4,2026,5,GB,11/10,period_1_2_rush_rec_tds,period_1_2_rush_rec_tds,0.5,0.10133335298457552,0.10133335298457552,0.797333294030849
00-0033579,Xavier Woods,FS,TEN,2025,15,2026,5,HOU,11/10,sacks,sacks,0.1,0.1014258861541748,0.1014258861541748,0.7971482276916504
00-0036900,Ja'Marr Chase,WR,CIN,2026,4,2026,5,MIA,11/10,period_1_rush_rec_tds,period_1_rush_rec_tds,0.5,0.10159003422914276,0.10159003422914276,0.7968199315417145
00-0039854,Darius Robinson,DL,ARI,2025,18,2026,5,DET,11/10,sacks,sacks,0.1,0.10175010561943054,0.10175010561943054,0.7964997887611389
00-0039150,Bryce Young,QB,CAR,2026,4,2026,6,PHI,18/10,rush_rec_tds_qb,rush_rec_tds,0.5,0.10205667614734215,0.10205667614734215,0.7958866477053157
00-0039361,Bucky Irving,RB,TB,2026,4,2026,5,DAL,08/10,period_1_rush_rec_tds,period_1_rush_rec_tds,0.5,0.10211511809492264,0.10211511809492264,0.7957697638101547
00-0037239,Chris Olave,WR,NO,2026,4,2026,5,MIN,11/10,period_1_rush_rec_tds,period_1_rush_rec_tds,0.5,0.102179103194887,0.102179103194887,0.795641793610226
00-0033546,Dalvin Tomlinson,DE,ARI,2025,18,2026,5,DET,11/10,sacks,sacks,0.1,0.10240477323532104,0.10240477323532104,0.7951904535293579
00-0038565,Mekhi Blackmon,DB,IND,2025,18,2026,5,PIT,11/10,sacks,sacks,0.1,0.10250677168369293,0.10250677168369293,0.7949864566326141
00-0036264,Jordan Love,QB,GB,2025,19,2026,5,CHI,11/10,rush_rec_tds_qb,rush_rec_tds,0.5,0.10257385313041244,0.10257385313041244,0.7948522937391751
00-0033055,Jalen Ramsey,CB,PIT,2025,19,2026,5,IND,11/10,sacks,sacks,0.2,0.10270840674638748,0.10270840674638748,0.794583186507225
00-0041547,KC Concepcion,WR,CLE,2026,4,2026,5,NYJ,11/10,period_1_2_rush_rec_tds,period_1_2_rush_rec_tds,0.5,0.10278541681080686,0.10278541681080686,0.7944291663783862
00-0037250,Martin Emerson,CB,CLE,2022,18,2026,5,NYJ,11/10,sacks,sacks,0.1,0.10282089561223984,0.10282089561223984,0.7943582087755203
00-0036244,Colby Parkinson,TE,LA,2026,3,2026,5,BUF,12/10,period_1_2_rush_rec_tds,period_1_2_rush_rec_tds,0.5,0.10289045612997384,0.10289045612997384,0.7942190877400523
00-0038618,Xavier Hutchinson,WR,HOU,2026,4,2026,5,TEN,11/10,period_1_2_rush_rec_tds,period_1_2_rush_rec_tds,0.5,0.1031370039017917,0.1031370039017917,0.7937259921964166
00-0036410,Tee Higgins,WR,CIN,2026,4,2026,5,MIA,11/10,period_1_rush_rec_tds,period_1_rush_rec_tds,0.5,0.10317231005647105,0.10317231005647105,0.7936553798870579
00-0041117,Athan Kaliakmanis,QB,WAS,2026,4,2026,5,NYG,11/10,rush_rec_tds_qb,rush_rec_tds,0.5,0.1033206969519018,0.1033206969519018,0.7933586060961964
00-0039811,MarShawn Lloyd,RB,GB,2026,4,2026,5,CHI,11/10,period_1_2_rush_rec_tds,period_1_2_rush_rec_tds,0.5,0.10359377592844927,0.10359377592844927,0.7928124481431015
00-0034869,Sam Darnold,QB,SEA,2025,4,2026,5,SF,11/10,rush_rec_tds_qb,rush_rec_tds,0.5,0.10366178497744218,0.10366178497744218,0.7926764300451157
00-0038563,Tre Tucker,WR,LV,2026,4,2026,5,NE,11/10,period_1_2_rush_rec_tds,period_1_2_rush_rec_tds,0.5,0.1037211379932781,0.1037211379932781,0.7925577240134438
00-0040137,Jordan Burch,LB,ARI,2025,18,2026,5,DET,11/10,sacks,sacks,0.1,0.10378739982843399,0.10378739982843399,0.792425200343132
00-0039901,Keon Coleman,WR,BUF,2026,4,2026,5,LA,12/10,period_1_2_rush_rec_tds,period_1_2_rush_rec_tds,0.5,0.10384241356604422,0.10384241356604422,0.7923151728679115
00-0038559,Michael Wilson,WR,ARI,2026,4,2026,5,DET,11/10,period_1_rush_rec_tds,period_1_rush_rec_tds,0.5,0.10395169517030439,0.10395169517030439,0.7920966096593912
00-0040894,Malik Benson,WR,LV,2026,1,2026,5,NE,11/10,rush_rec_tds,rush_rec_tds,0.5,0.10420479011994851,0.10420479011994851,0.7915904197601029
00-0041027,Jeremiyah Love,RB,ARI,2026,4,2026,5,DET,11/10,period_first_touchdown_scored,period_first_touchdown_scored,0.5,0.10435103174033761,0.10435103174033761,0.7912979365193248
00-0036970,Kyle Pitts,TE,ATL,2026,4,2026,5,BAL,11/10,period_1_2_rush_rec_tds,period_1_2_rush_rec_tds,0.5,0.1044319862361693,0.1044319862361693,0.7911360275276614
00-0030279,Keenan Allen,WR,IND,2026,3,2026,5,PIT,11/10,period_1_2_rush_rec_tds,period_1_2_rush_rec_tds,0.5,0.10457782159128699,0.10457782159128699,0.790844356817426
00-0038935,Brenton Strange,TE,JAX,2026,4,2026,5,PHI,11/10,period_1_2_rush_rec_tds,period_1_2_rush_rec_tds,0.5,0.10481745821918292,0.10481745821918292,0.7903650835616342
00-0039163,C.J. Stroud,QB,HOU,2026,1,2026,5,TEN,11/10,rush_rec_tds_qb,rush_rec_tds,0.5,0.10488976267700054,0.10488976267700054,0.7902204746459989
00-0036555,Chuba Hubbard,RB,CAR,2026,4,2026,6,PHI,18/10,period_1_rush_rec_tds,period_1_rush_rec_tds,0.5,0.10490751202951876,0.10490751202951876,0.7901849759409625
00-0030070,John Jenkins,DT,BAL,2025,18,2026,5,ATL,11/10,sacks,sacks,0.1,0.10494587570428848,0.10494587570428848,0.790108248591423
00-0038120,Breece Hall,RB,NYJ,2026,3,2026,5,CLE,11/10,period_1_rush_rec_tds,period_1_rush_rec_tds,0.5,0.10499626606198957,0.10499626606198957,0.7900074678760208
00-0035229,T.J. Hockenson,TE,MIN,2026,4,2026,5,NO,11/10,period_1_2_rush_rec_tds,period_1_2_rush_rec_tds,0.5,0.10507415259181105,0.10507415259181105,0.7898516948163778
00-0036252,Michael Pittman,WR,PIT,2026,4,2026,5,IND,11/10,period_1_2_rush_rec_tds,period_1_2_rush_rec_tds,0.5,0.105453095618559,0.105453095618559,0.789093808762882
00-0040784,Quinshon Judkins,RB,CLE,2026,4,2026,5,NYJ,11/10,period_first_touchdown_scored,period_first_touchdown_scored,0.5,0.10561390442756874,0.10561390442756874,0.7887721911448625
00-0039376,Spencer Rattler,QB,NO,2025,15,2026,5,MIN,11/10,rush_rec_tds_qb,rush_rec_tds,0.5,0.10562221819398333,0.10562221819398333,0.7887555636120334
00-0037191,Trent McDuffie,CB,KC,2025,14,2026,6,LAC,18/10,sacks,sacks,0.1,0.10567032545804977,0.10567032545804977,0.7886593490839005
00-0039074,Davis Allen,TE,LA,2023,14,2026,5,BUF,12/10,period_1_2_rush_rec_tds,period_1_2_rush_rec_tds,0.5,0.10614395346877827,0.10614395346877827,0.7877120930624435
00-0039893,Brian Thomas Jr.,WR,JAX,2026,4,2026,5,PHI,11/10,period_1_2_rush_rec_tds,period_1_2_rush_rec_tds,0.5,0.10625914819728642,0.10625914819728642,0.7874817036054271
00-0039796,Rasheen Ali,RB,BAL,2024,18,2026,5,ATL,11/10,rush_rec_tds,rush_rec_tds,0.5,0.1066294530298823,0.1066294530298823,0.7867410939402354
00-0039739,Roman Wilson,WR,PIT,2026,4,2026,5,IND,11/10,period_1_2_rush_rec_tds,period_1_2_rush_rec_tds,0.5,0.10674955813871513,0.10674955813871513,0.7865008837225698
00-0023459,Aaron Rodgers,QB,GB,2020,1,2026,5,CHI,11/10,rush_rec_tds_qb,rush_rec_tds,0.5,0.10689230453665594,0.10689230453665594,0.7862153909266881
00-0039361,Bucky Irving,RB,TB,2026,4,2026,5,DAL,08/10,period_first_touchdown_scored,period_first_touchdown_scored,0.5,0.1068943771152635,0.1068943771152635,0.786211245769473
00-0040160,Jack Sawyer,LB,PIT,2025,19,2026,5,IND,11/10,sacks,sacks,0.1,0.10714253783226013,0.10714253783226013,0.7857149243354797
00-0034302,Frankie Luvu,LB,WAS,2025,18,2026,5,NYG,11/10,sacks,sacks,0.2,0.10717275738716125,0.10717275738716125,0.7856544852256775
00-0040668,Shedeur Sanders,QB,CLE,2025,11,2026,5,NYJ,11/10,rush_rec_tds_qb,rush_rec_tds,0.5,0.10725695562091846,0.10725695562091846,0.7854860887581631
00-0036624,Alim McNeill,DT,DET,2025,17,2026,5,ARI,11/10,sacks,sacks,0.1,0.10727851092815399,0.10727851092815399,0.785442978143692
00-0032146,Bud Dupree,OLB,LAC,2025,18,2026,5,DEN,11/10,sacks,sacks,0.1,0.10756427049636841,0.10756427049636841,0.7848714590072632
00-0038574,Isaiah McGuire,DE,CLE,2025,18,2026,5,NYJ,11/10,sacks,sacks,0.1,0.10767605900764465,0.10767605900764465,0.7846478819847107
00-0038454,Keaton Mitchell,RB,LAC,2026,4,2026,5,DEN,11/10,period_1_2_rush_rec_tds,period_1_2_rush_rec_tds,0.5,0.10771991777854911,0.10771991777854911,0.7845601644429018
00-0040189,Oronde Gadsden II,TE,LAC,2026,4,2026,5,DEN,11/10,period_1_2_rush_rec_tds,period_1_2_rush_rec_tds,0.5,0.10775921415456942,0.10775921415456942,0.7844815716908612
00-0036893,Najee Harris,RB,NYG,2026,4,2026,5,WAS,11/10,period_1_2_rush_rec_tds,period_1_2_rush_rec_tds,0.5,0.10780754898899365,0.10780754898899365,0.7843849020220127
00-0039424,Devaughn Vele,WR,NO,2026,4,2026,5,MIN,11/10,period_1_2_rush_rec_tds,period_1_2_rush_rec_tds,0.5,0.10797926347094298,0.10797926347094298,0.784041473058114
00-0039895,Mike Hall Jr.,DT,CLE,2025,18,2026,5,NYJ,11/10,sacks,sacks,0.2,0.10801216959953308,0.10801216959953308,0.7839756608009338
00-0040648,Tory Horton,WR,SEA,2026,3,2026,5,SF,11/10,period_1_2_rush_rec_tds,period_1_2_rush_rec_tds,0.5,0.10815959270299907,0.10815959270299907,0.7836808145940019
00-0039169,Devon Witherspoon,CB,SEA,2025,22,2026,5,SF,11/10,sacks,sacks,0.1,0.10817564278841019,0.10817564278841019,0.7836487144231796
00-0033293,Aaron Jones,RB,MIN,2026,4,2026,5,NO,11/10,period_1_rush_rec_tds,period_1_rush_rec_tds,0.5,0.10818023941042113,0.10818023941042113,0.7836395211791578
00-0041032,Kenyon Sadiq,TE,NYJ,2026,4,2026,5,CLE,11/10,period_1_2_rush_rec_tds,period_1_2_rush_rec_tds,0.5,0.10839301291512818,0.10839301291512818,0.7832139741697437
00-0040398,Brady Cook,QB,NYJ,2025,15,2026,5,CLE,11/10,rush_rec_tds_qb,rush_rec_tds,0.5,0.10840427293255565,0.10840427293255565,0.7831914541348887
00-0036982,Chauncey Golston,DE,NYG,2025,18,2026,5,WAS,11/10,sacks,sacks,0.1,0.10856247693300247,0.10856247693300247,0.7828750461339951
00-0038544,Quentin Johnston,WR,LAC,2026,4,2026,5,DEN,11/10,period_1_2_rush_rec_tds,period_1_2_rush_rec_tds,0.5,0.1085845125406429,0.1085845125406429,0.7828309749187142
00-0040666,Omarion Hampton,RB,LAC,2026,4,2026,5,DEN,11/10,period_first_touchdown_scored,period_first_touchdown_scored,0.5,0.10865265093234665,0.10865265093234665,0.7826946981353067
00-0039410,Ryan Flournoy,WR,DAL,2026,4,2026,5,TB,08/10,period_1_2_rush_rec_tds,period_1_2_rush_rec_tds,0.5,0.10867518608068209,0.10867518608068209,0.7826496278386358
00-0033537,Deshaun Watson,QB,CLE,2026,4,2026,5,NYJ,11/10,period_1_2_rush_rec_tds_qb,period_1_2_rush_rec_tds,0.5,0.10905530484050585,0.10905530484050585,0.7818893903189883
00-0036963,Amon-Ra St. Brown,WR,DET,2026,4,2026,5,ARI,11/10,period_first_touchdown_scored,period_first_touchdown_scored,0.5,0.10909983477529542,0.10909983477529542,0.7818003304494092
00-0038127,Logan Hall,DE,TB,2025,18,2026,5,DAL,08/10,sacks,sacks,0.1,0.10912878066301346,0.10912878066301346,0.7817424386739731
00-0037228,Jaylen Warren,RB,PIT,2026,4,2026,5,IND,11/10,period_1_rush_rec_tds,period_1_rush_rec_tds,0.5,0.10916249109278897,0.10916249109278897,0.7816750178144221
00-0041048,Ted Hurst III,WR,TB,2026,4,2026,5,DAL,08/10,period_1_2_rush_rec_tds,period_1_2_rush_rec_tds,0.5,0.10942672410494618,0.10942672410494618,0.7811465517901076
00-0034348,Courtland Sutton,WR,DEN,2026,4,2026,5,LAC,11/10,period_1_2_rush_rec_tds,period_1_2_rush_rec_tds,0.5,0.10961452443397529,0.10961452443397529,0.7807709511320494
00-0040646,Jalen Royals,WR,KC,2025,18,2026,6,LAC,18/10,rush_rec_tds,rush_rec_tds,0.5,0.1097144652331067,0.1097144652331067,0.7805710695337866
00-0033038,Eric Murray,S,JAX,2025,19,2026,5,PHI,11/10,sacks,sacks,0.1,0.10983094573020935,0.10983094573020935,0.7803381085395813
00-0032052,Dante Fowler Jr.,LB,DAL,2025,18,2026,5,TB,08/10,sacks,sacks,0.2,0.10986974090337753,0.10986974090337753,0.7802605181932449
00-0039880,Malik Washington,WR,MIA,2026,4,2026,5,CIN,11/10,period_1_2_rush_rec_tds,period_1_2_rush_rec_tds,0.5,0.10988956083202737,0.10988956083202737,0.7802208783359452
00-0033555,Mack Hollins,WR,NE,2026,4,2026,5,LV,11/10,period_1_2_rush_rec_tds,period_1_2_rush_rec_tds,0.5,0.11040193409798485,0.11040193409798485,0.7791961318040304
00-0037263,Tyler Allgeier,RB,ARI,2026,4,2026,5,DET,11/10,period_1_2_rush_rec_tds,period_1_2_rush_rec_tds,0.5,0.11087015502973657,0.11087015502973657,0.7782596899405269
00-0036358,CeeDee Lamb,WR,DAL,2026,4,2026,5,TB,08/10,period_first_touchdown_scored,period_first_touchdown_scored,0.5,0.1112625149151387,0.1112625149151387,0.7774749701697226
00-0040236,Kyle Monangai,RB,CHI,2026,4,2026,5,GB,11/10,period_1_rush_rec_tds,period_1_rush_rec_tds,0.5,0.11127167316391079,0.11127167316391079,0.7774566536721784
00-0040206,Riley Leonard,QB,IND,2025,18,2026,5,PIT,11/10,period_1_passing_tds,period_1_passing_tds,0.2,0.11138378207311699,0.11138378207311699,0.777232435853766
00-0037261,Khalil Shakir,WR,BUF,2026,4,2026,5,LA,12/10,period_1_2_rush_rec_tds,period_1_2_rush_rec_tds,0.5,0.1114332439783497,0.1114332439783497,0.7771335120433006
00-0038611,Chris Rodriguez Jr.,RB,JAX,2026,4,2026,5,PHI,11/10,period_1_2_rush_rec_tds,period_1_2_rush_rec_tds,0.5,0.1115944589005764,0.1115944589005764,0.7768110821988472
00-0037077,Sam Howell,QB,SEA,2024,15,2026,5,SF,11/10,period_1_passing_tds,period_1_passing_tds,0.0,0.11167484700238413,0.11167484700238413,0.7766503059952318
00-0034365,Ian Thomas,TE,LV,2026,4,2026,5,NE,11/10,period_1_receiving_yds,period_1_receiving_yds,13.5,0.11170212765957446,0.11769385393653803,0.7765957446808511
00-0040705,Chimere Dike,WR,TEN,2026,4,2026,5,HOU,11/10,period_1_receiving_yds,period_1_receiving_yds,8.3,0.11170212765957446,0.14153759319341583,0.7765957446808511
00-0041436,DJ Herman,RB,MIA,2026,2,2026,5,CIN,11/10,period_1_receiving_yds,period_1_receiving_yds,18.0,0.11170212765957446,0.1252841559604853,0.7765957446808511
00-0036322,Justin Jefferson,WR,MIN,2026,3,2026,5,NO,11/10,period_1_receiving_yds,period_1_receiving_yds,27.3,0.11170212765957446,0.13915208245852465,0.7765957446808511
00-0040138,Jaylin Noel,WR,HOU,2026,4,2026,5,TEN,11/10,period_1_receiving_yds,period_1_receiving_yds,16.0,0.11170212765957446,0.14394847763345686,0.7765957446808511
00-0040242,Jacory Croskey-Merritt,RB,WAS,2026,4,2026,5,NYG,11/10,period_1_receiving_yds,period_1_receiving_yds,11.8,0.11170212765957446,0.13965482145663696,0.7765957446808511
00-0038488,Brady Russell,RB,SEA,2026,3,2026,5,SF,11/10,period_1_receiving_yds,period_1_receiving_yds,10.0,0.11170212765957446,0.1431230500698432,0.7765957446808511
00-0038393,Dontayvion Wicks,WR,PHI,2026,4,2026,5,JAX,11/10,period_1_receiving_yds,period_1_receiving_yds,24.5,0.11170212765957446,0.13255575915430978,0.7765957446808511
00-0038041,Jake Ferguson,TE,DAL,2026,4,2026,5,TB,08/10,period_1_2_rush_rec_tds,period_1_2_rush_rec_tds,0.5,0.1117579801725425,0.1117579801725425,0.776484039654915
00-0028986,Case Keenum,QB,LA,2016,4,2026,5,BUF,12/10,rush_rec_tds_qb,rush_rec_tds,0.5,0.11182602832136684,0.11182602832136684,0.7763479433572663
00-0038120,Breece Hall,RB,NYJ,2026,3,2026,5,CLE,11/10,period_first_touchdown_scored,period_first_touchdown_scored,0.5,0.11192518084836309,0.11192518084836309,0.7761496383032738
00-0038416,Tyson Bagent,QB,CHI,2025,2,2026,5,GB,11/10,rush_rec_tds_qb,rush_rec_tds,0.5,0.1119254888632259,0.1119254888632259,0.7761490222735482
00-0039451,Isaiah Williams,WR,NYJ,2026,18,2026,5,CLE,11/10,season_rush_tds,season_rush_tds,0.0,0.11259527142224657,0.11259527142224657,0.7748094571555069
00-0034844,Saquon Barkley,RB,PHI,2026,4,2026,5,JAX,11/10,period_1_2_rush_rec_tds,period_1_2_rush_rec_tds,0.5,0.1129393328699638,0.1129393328699638,0.7741213342600723
00-0041529,Kevin Coleman Jr.,WR,MIA,2026,4,2026,5,CIN,11/10,rush_rec_tds,rush_rec_tds,0.5,0.11302975742595417,0.11302975742595417,0.7739404851480917
00-0034960,Jakobi Meyers,WR,JAX,2026,4,2026,5,PHI,11/10,period_1_2_rush_rec_tds,period_1_2_rush_rec_tds,0.5,0.11306352094402948,0.11306352094402948,0.773872958111941
00-0030565,Geno Smith,QB,NYJ,2026,2,2026,5,CLE,11/10,rush_rec_tds_qb,rush_rec_tds,0.5,0.11312755752041406,0.11312755752041406,0.7737448849591719
00-0037744,Trey McBride,TE,ARI,2026,4,2026,5,DET,11/10,period_1_rush_rec_tds,period_1_rush_rec_tds,0.5,0.1131433949346693,0.1131433949346693,0.7737132101306614
00-0037744,Trey McBride,TE,ARI,2026,4,2026,5,DET,11/10,period_first_touchdown_scored,period_first_touchdown_scored,0.5,0.11334140383672472,0.11334140383672472,0.7733171923265505
00-0040236,Kyle Monangai,RB,CHI,2026,4,2026,5,GB,11/10,period_first_touchdown_scored,period_first_touchdown_scored,0.5,0.11352120573192553,0.11352120573192553,0.7729575885361489
00-0039915,Ladd McConkey,WR,LAC,2026,4,2026,5,DEN,11/10,period_1_2_rush_rec_tds,period_1_2_rush_rec_tds,0.5,0.11381088125597336,0.11381088125597336,0.7723782374880532
00-0033381,Adam Butler,DT,LV,2025,17,2026,5,NE,11/10,sacks,sacks,0.1,0.11420910805463791,0.11420910805463791,0.7715817838907242
00-0033873,Patrick Mahomes,QB,KC,2026,4,2026,6,LAC,18/10,rush_rec_tds_qb,rush_rec_tds,0.5,0.11421401371568175,0.11421401371568175,0.7715719725686365
00-0035537,Ty Johnson,RB,BUF,2026,4,2026,5,LA,12/10,period_1_2_rush_rec_tds,period_1_2_rush_rec_tds,0.5,0.11424975229286556,0.11424975229286556,0.7715004954142689
00-0039391,Kimani Vidal,RB,LAC,2026,4,2026,5,DEN,11/10,period_1_2_rush_rec_tds,period_1_2_rush_rec_tds,0.5,0.1142738101175325,0.1142738101175325,0.771452379764935
00-0034982,Dre Greenlaw,LB,DEN,2025,21,2026,5,LAC,11/10,sacks,sacks,0.1,0.11435416340827942,0.11435416340827942,0.7712916731834412
00-0039365,Jacob Cowing,WR,SF,2024,7,2026,5,SEA,11/10,period_1_2_rush_rec_tds,period_1_2_rush_rec_tds,0.5,0.11449017849012448,0.11449017849012448,0.771019643019751
00-0037288,Christian Benford,CB,BUF,2025,20,2026,5,LA,12/10,sacks,sacks,0.1,0.11465341597795486,0.11465341597795486,0.7706931680440903
00-0038978,Byron Young,DT,PHI,2025,19,2026,5,JAX,11/10,sacks,sacks,0.1,0.1147034615278244,0.1147034615278244,0.7705930769443512
00-0038129,Cade Otton,TE,TB,2026,4,2026,5,DAL,08/10,period_1_2_rush_rec_tds,period_1_2_rush_rec_tds,0.5,0.11503556200915399,0.11503556200915399,0.769928875981692
00-0037013,Zach Wilson,QB,NYJ,2023,15,2026,5,CLE,11/10,rush_rec_tds_qb,rush_rec_tds,0.5,0.11515550805652777,0.11515550805652777,0.7696889838869445
00-0037228,Jaylen Warren,RB,PIT,2026,4,2026,5,IND,11/10,period_first_touchdown_scored,period_first_touchdown_scored,0.5,0.11537968500957657,0.11537968500957657,0.7692406299808469
00-0036933,Zaven Collins,LB,ARI,2025,18,2026,5,DET,11/10,sacks,sacks,0.1,0.11578212678432465,0.11578212678432465,0.7684357464313507
00-0040129,Emeka Egbuka,WR,TB,2026,4,2026,5,DAL,08/10,period_1_2_rush_rec_tds,period_1_2_rush_rec_tds,0.5,0.11588419456048216,0.11588419456048216,0.7682316108790357
00-0035500,Greg Dortch,WR,ARI,2025,13,2026,5,DET,11/10,period_1_2_rush_rec_tds,period_1_2_rush_rec_tds,0.5,0.11629095129776547,0.11629095129776547,0.7674180974044691
00-0036894,Pat Freiermuth,TE,PIT,2026,4,2026,5,IND,11/10,period_1_2_rush_rec_tds,period_1_2_rush_rec_tds,0.5,0.11629327286032241,0.11629327286032241,0.7674134542793551
00-0036555,Chuba Hubbard,RB,CAR,2026,4,2026,6,PHI,18/10,period_first_touchdown_scored,period_first_touchdown_scored,0.5,0.11630415786127916,0.11630415786127916,0.7673916842774416
00-0039741,Payton Wilson,LB,PIT,2025,19,2026,5,IND,11/10,sacks,sacks,0.1,0.11638107150793076,0.11638107150793076,0.7672378569841385
00-0041067,Bryce Lance,WR,NO,2026,4,2026,5,MIN,11/10,rush_rec_tds,rush_rec_tds,0.5,0.11643700378910761,0.11643700378910761,0.7671259924217848
00-0041251,Jalon Daniels,QB,TB,2026,4,2026,5,DAL,08/10,period_1_passing_tds,period_1_passing_tds,0.0,0.11657603890636899,0.11657603890636899,0.766847922187262
00-0041194,Jack Strand,QB,ATL,2026,2,2026,5,BAL,11/10,period_1_passing_tds,period_1_passing_tds,0.0,0.11657603890636899,0.11657603890636899,0.766847922187262
00-0033110,Tyler Higbee,TE,LA,2026,4,2026,5,BUF,12/10,period_1_2_rush_rec_tds,period_1_2_rush_rec_tds,0.5,0.11661622899228599,0.11661622899228599,0.7667675420154281
00-0040198,Ollie Gordon II,RB,MIA,2026,4,2026,5,CIN,11/10,period_1_2_rush_rec_tds,period_1_2_rush_rec_tds,0.5,0.11663050171711728,0.11663050171711728,0.7667389965657654
00-0035250,Devin Singletary,RB,NYG,2026,2,2026,5,WAS,11/10,period_1_2_rush_rec_tds,period_1_2_rush_rec_tds,0.5,0.11685736076788297,0.11685736076788297,0.766285278464234
00-0037012,Trey Lance,QB,LAC,2025,18,2026,5,DEN,11/10,period_1_passing_tds,period_1_passing_tds,0.0,0.11703671966350776,0.11703671966350776,0.7659265606729845
00-0040277,Jahdae Walker,WR,CHI,2025,18,2026,5,GB,11/10,period_1_2_rush_rec_tds,period_1_2_rush_rec_tds,0.5,0.11723918165328884,0.11723918165328884,0.7655216366934223
00-0039738,Blake Corum,RB,LA,2026,4,2026,5,BUF,12/10,period_1_2_rush_rec_tds,period_1_2_rush_rec_tds,0.5,0.1175526643812481,0.1175526643812481,0.7648946712375038
00-0038102,Kenny Pickett,QB,PHI,2024,22,2026,5,JAX,11/10,rush_rec_tds_qb,rush_rec_tds,0.5,0.117728656104063,0.117728656104063,0.764542687791874
00-0037132,Britain Covey,WR,PHI,2025,18,2026,5,JAX,11/10,rush_rec_tds,rush_rec_tds,0.5,0.11791080224543801,0.11791080224543801,0.7641783955091239
00-0039849,Marvin Harrison Jr.,WR,ARI,2026,4,2026,5,DET,11/10,period_1_2_rush_rec_tds,period_1_2_rush_rec_tds,0.5,0.1182049373245646,0.1182049373245646,0.7635901253508708
00-0038041,Jake Ferguson,TE,DAL,2026,18,2026,5,TB,08/10,season_rec_tds,season_rec_tds,3.0,0.11822766767573274,0.11822766767573274,0.7635446646485345
00-0031610,Darren Waller,TE,CAR,2026,4,2026,6,PHI,18/10,period_1_2_rush_rec_tds,period_1_2_rush_rec_tds,0.5,0.1183465100882604,0.1183465100882604,0.7633069798234792
00-0038104,Tyquan Thornton,WR,KC,2026,4,2026,6,LAC,18/10,period_1_2_rush_rec_tds,period_1_2_rush_rec_tds,0.5,0.11841961801863642,0.11841961801863642,0.7631607639627271
00-0036442,Joe Burrow,QB,CIN,2024,13,2026,5,MIA,11/10,rush_rec_tds_qb,rush_rec_tds,0.5,0.11843641557751632,0.11843641557751632,0.7631271688449673
00-0038994,Jordan Addison,WR,MIN,2026,4,2026,5,NO,11/10,period_1_2_rush_rec_tds,period_1_2_rush_rec_tds,0.5,0.1184643561352494,0.1184643561352494,0.7630712877295012
00-0034827,DJ Moore,WR,BUF,2026,4,2026,5,LA,12/10,period_1_2_rush_rec_tds,period_1_2_rush_rec_tds,0.5,0.11891675607472972,0.11891675607472972,0.7621664878505405
00-0038710,Blake Whiteheart,TE,CLE,2024,4,2026,5,NYJ,11/10,period_1_2_rush_rec_tds,period_1_2_rush_rec_tds,0.5,0.11914426667090383,0.11914426667090383,0.7617114666581923
00-0037256,Rachaad White,RB,WAS,2026,3,2026,5,NYG,11/10,period_1_2_rush_rec_tds,period_1_2_rush_rec_tds,0.5,0.11914936590913801,0.11914936590913801,0.761701268181724
00-0041251,Jalon Daniels,QB,TB,2026,4,2026,5,DAL,08/10,passing_ints,passing_ints,1.5,0.1194038745620896,0.1194038745620896,0.7611922508758208
00-0041523,Caleb Douglas,WR,MIA,2026,2,2026,5,CIN,11/10,period_1_2_rush_rec_tds,period_1_2_rush_rec_tds,0.5,0.1194124118342717,0.1194124118342717,0.7611751763314566
00-0039062,Jonathan Mingo,WR,DAL,2025,14,2026,5,TB,08/10,rush_rec_tds,rush_rec_tds,0.5,0.11955442299017889,0.11955442299017889,0.7608911540196422
00-0038997,Josh Downs,WR,IND,2026,4,2026,5,PIT,11/10,period_1_2_rush_rec_tds,period_1_2_rush_rec_tds,0.5,0.11961747979799442,0.11961747979799442,0.7607650404040112
00-0037594,Julius Chestnut,RB,TEN,2025,12,2026,5,HOU,11/10,rush_rec_tds,rush_rec_tds,0.5,0.11966263789150952,0.11966263789150952,0.7606747242169809
00-0036322,Justin Jefferson,WR,MIN,2026,3,2026,5,NO,11/10,period_1_2_receiving_yds,period_1_2_receiving_yds,54.3,0.11967915503948964,0.11967915503948964,0.7606416899210207
00-0040124,Tetairoa McMillan,WR,CAR,2026,18,2026,6,PHI,18/10,season_rec_tds,season_rec_tds,2.0,0.8801998433254795,0.8801998433254795,0.760399686650959
00-0036867,Chris Rumph II,LB,NO,2025,18,2026,5,MIN,11/10,sacks,sacks,0.1,0.11987059563398361,0.11987059563398361,0.7602588087320328
00-0034383,Dalton Schultz,TE,HOU,2026,4,2026,5,TEN,11/10,period_1_2_rush_rec_tds,period_1_2_rush_rec_tds,0.5,0.11988076676029129,0.11988076676029129,0.7602384664794174
00-0038121,Alontae Taylor,CB,NO,2025,18,2026,5,MIN,11/10,sacks,sacks,0.1,0.12019875645637512,0.12019875645637512,0.7596024870872498
00-0040886,Nicholas Singleton,RB,TEN,2026,4,2026,5,HOU,11/10,rush_rec_tds,rush_rec_tds,0.5,0.12073081109115043,0.12073081109115043,0.7585383778176992
00-0033106,Jared Goff,QB,DET,2021,4,2026,5,ARI,11/10,rush_rec_tds_qb,rush_rec_tds,0.5,0.12073305237310528,0.12073305237310528,0.7585338952537894
00-0036963,Amon-Ra St. Brown,WR,DET,2026,4,2026,5,ARI,11/10,period_1_rush_rec_tds,period_1_rush_rec_tds,0.5,0.12083971256080456,0.12083971256080456,0.7583205748783909
00-0033077,Dak Prescott,QB,DAL,2026,4,2026,5,TB,08/10,rush_rec_tds_qb,rush_rec_tds,0.5,0.12090228316651118,0.12090228316651118,0.7581954336669776
00-0037085,Tyler Badie,RB,DEN,2025,16,2026,5,LAC,11/10,rush_rec_tds,rush_rec_tds,0.5,0.12090254184984583,0.12090254184984583,0.7581949163003083
00-0040867,Makai Lemon,WR,PHI,2026,4,2026,5,JAX,11/10,rush_rec_tds,rush_rec_tds,0.5,0.12094162785245706,0.12094162785245706,0.7581167442950859
00-0041550,Brenen Thompson,WR,LAC,2026,2,2026,5,DEN,11/10,rush_rec_tds,rush_rec_tds,0.5,0.1211730759600183,0.1211730759600183,0.7576538480799634
00-0034829,Mike Gesicki,TE,CIN,2026,4,2026,5,MIA,11/10,period_1_2_rush_rec_tds,period_1_2_rush_rec_tds,0.5,0.12119363137869874,0.12119363137869874,0.7576127372426025
00-0038476,Tommy DeVito,QB,NE,2026,3,2026,5,LV,11/10,rush_rec_tds_qb,rush_rec_tds,0.5,0.12149617099002434,0.12149617099002434,0.7570076580199513
00-0032464,Kalif Raymond,WR,CHI,2026,18,2026,5,GB,11/10,season_rush_tds,season_rush_tds,0.0,0.12153847239773782,0.12153847239773782,0.7569230552045243
00-0034810,Sebastian Joseph-Day,DT,TEN,2025,18,2026,5,HOU,11/10,sacks,sacks,0.1,0.1221495270729065,0.1221495270729065,0.755700945854187
00-0033699,Austin Ekeler,RB,WAS,2026,4,2026,5,NYG,11/10,period_1_2_rush_rec_tds,period_1_2_rush_rec_tds,0.5,0.12218236728236598,0.12218236728236598,0.755635265435268
00-0034790,Derwin James,FS,LAC,2025,19,2026,5,DEN,11/10,sacks,sacks,0.1,0.12291213870048523,0.12291213870048523,0.7541757225990295
00-0036331,Devin Duvernay,WR,JAX,2024,1,2026,5,PHI,11/10,rush_rec_tds,rush_rec_tds,0.5,0.12293017759529228,0.12293017759529228,0.7541396448094154
00-0036568,Roy Lopez,DT,DET,2025,18,2026,5,ARI,11/10,sacks,sacks,0.1,0.12297838181257248,0.12297838181257248,0.754043236374855
00-0040715,Cam Skattebo,RB,NYG,2026,4,2026,5,WAS,11/10,period_1_rush_rec_tds,period_1_rush_rec_tds,0.5,0.1235200911508958,0.1235200911508958,0.7529598176982084
00-0041438,Carnell Tate,WR,TEN,2026,18,2026,5,HOU,11/10,season_rec_tds,season_rec_tds,0.0,0.8764607604787651,0.8764607604787651,0.7529215209575302
00-0035719,Deebo Samuel Sr.,WR,SF,2026,4,2026,5,SEA,11/10,period_1_2_rush_rec_tds,period_1_2_rush_rec_tds,0.5,0.12359619270773553,0.12359619270773553,0.7528076145845289
00-0040183,Elijah Roberts,DE,TB,2025,18,2026,5,DAL,08/10,sacks,sacks,0.1,0.12378019094467163,0.12378019094467163,0.7524396181106567
00-0033906,Alvin Kamara,RB,NO,2026,4,2026,5,MIN,11/10,period_1_2_rush_rec_tds,period_1_2_rush_rec_tds,0.5,0.12433436739249716,0.12433436739249716,0.7513312652150057
00-0033293,Aaron Jones,RB,MIN,2026,4,2026,5,NO,11/10,period_first_touchdown_scored,period_first_touchdown_scored,0.5,0.1243699644160331,0.1243699644160331,0.7512600711679338
00-0041096,Kaytron Allen,RB,WAS,2026,4,2026,5,NYG,11/10,rush_rec_tds,rush_rec_tds,0.5,0.12442036128169905,0.12442036128169905,0.7511592774366019
00-0037838,Isaiah Likely,TE,NYG,2026,4,2026,5,WAS,11/10,period_1_2_rush_rec_tds,period_1_2_rush_rec_tds,0.5,0.12447862634048822,0.12447862634048822,0.7510427473190235
00-0034960,Jakobi Meyers,WR,JAX,2026,18,2026,5,PHI,11/10,season_rush_tds,season_rush_tds,0.0,0.1252056072231981,0.1252056072231981,0.7495887855536039
00-0036389,Jalen Hurts,QB,PHI,2026,4,2026,5,JAX,11/10,period_1_2_rush_rec_tds_qb,period_1_2_rush_rec_tds,0.5,0.12532292889928243,0.12532292889928243,0.7493541422014351
00-0036425,DeeJay Dallas,RB,ARI,2024,9,2026,5,DET,11/10,rush_rec_tds,rush_rec_tds,0.5,0.1254637867669014,0.1254637867669014,0.7490724264661972
00-0026498,Matthew Stafford,QB,DET,2016,14,2026,5,ARI,11/10,rush_rec_tds_qb,rush_rec_tds,0.5,0.12578149763817018,0.12578149763817018,0.7484370047236597
00-0040177,Jordan James,RB,SF,2026,2,2026,5,SEA,11/10,rush_rec_tds,rush_rec_tds,0.5,0.12581961202705247,0.12581961202705247,0.748360775945895
00-0036842,Kene Nwangwu,RB,NYJ,2025,18,2026,5,CLE,11/10,rush_rec_tds,rush_rec_tds,0.5,0.12606222405520506,0.12606222405520506,0.7478755518895899
00-0039919,Rome Odunze,WR,CHI,2026,4,2026,5,GB,11/10,period_1_2_rush_rec_tds,period_1_2_rush_rec_tds,0.5,0.12624783114257782,0.12624783114257782,0.7475043377148444
00-0037034,Dee Alford,CB,ATL,2025,18,2026,5,BAL,11/10,sacks,sacks,0.1,0.12654483318328857,0.12654483318328857,0.7469103336334229
00-0040785,Dohnte Meyers,WR,CIN,2026,18,2026,5,MIA,11/10,season_rush_tds,season_rush_tds,0.0,0.12656753761342285,0.12656753761342285,0.7468649247731542
00-0040583,Woody Marks,RB,HOU,2026,4,2026,5,TEN,11/10,period_1_2_rush_rec_tds,period_1_2_rush_rec_tds,0.5,0.1270268926562556,0.1270268926562556,0.7459462146874888
00-0033921,Chris Godwin Jr.,WR,TB,2026,4,2026,5,DAL,08/10,period_1_2_rush_rec_tds,period_1_2_rush_rec_tds,0.5,0.12711564610872686,0.12711564610872686,0.7457687077825463
00-0040128,Tyler Warren,TE,IND,2026,4,2026,5,PIT,11/10,period_1_2_rush_rec_tds,period_1_2_rush_rec_tds,0.5,0.12718357310118605,0.12718357310118605,0.7456328537976279
00-0037815,Cameron Thomas,DE,CLE,2025,18,2026,5,NYJ,11/10,sacks,sacks,0.1,0.12730833888053894,0.12730833888053894,0.7453833222389221
00-0040556,Corey Kiner,RB,NE,2026,3,2026,5,LV,11/10,rush_rec_tds,rush_rec_tds,0.5,0.12764887177669304,0.12764887177669304,0.7447022564466139
00-0038543,Jaxon Smith-Njigba,WR,SEA,2026,4,2026,5,SF,11/10,period_first_touchdown_scored,period_first_touchdown_scored,0.5,0.12778436165002174,0.12778436165002174,0.7444312766999566
00-0031583,Grady Jarrett,DT,CHI,2025,20,2026,5,GB,11/10,sacks,sacks,0.1,0.12782910466194153,0.12782910466194153,0.7443417906761169
00-0037244,Devin Lloyd,LB,JAX,2025,19,2026,5,PHI,11/10,sacks,sacks,0.1,0.12805870175361633,0.12805870175361633,0.7438825964927673
00-0032950,Carson Wentz,QB,MIN,2026,2,2026,5,NO,11/10,rush_rec_tds_qb,rush_rec_tds,0.5,0.12829577784237267,0.12829577784237267,0.7434084443152547
00-0039746,Will Shipley,RB,PHI,2026,4,2026,5,JAX,11/10,rush_rec_tds,rush_rec_tds,0.5,0.12856224092976373,0.12856224092976373,0.7428755181404725
00-0038134,Kenneth Walker III,RB,KC,2026,18,2026,6,LAC,18/10,season_rush_tds,season_rush_tds,4.0,0.8712270502324851,0.8712270502324851,0.7424541004649703
00-0037741,Jahan Dotson,WR,PHI,2024,9,2026,5,JAX,11/10,rush_rec_tds,rush_rec_tds,0.5,0.12890564297859333,0.12890564297859333,0.7421887140428134
00-0040667,Matthew Golden,WR,GB,2026,4,2026,5,CHI,11/10,period_1_2_rush_rec_tds,period_1_2_rush_rec_tds,0.5,0.1289177570044537,0.1289177570044537,0.7421644859910925
00-0035316,Kaden Elliss,LB,ATL,2025,18,2026,5,BAL,11/10,sacks,sacks,0.2,0.12952211499214172,0.12952211499214172,0.7409557700157166
00-0035208,Olamide Zaccheaus,WR,ATL,2026,18,2026,5,BAL,11/10,season_rush_tds,season_rush_tds,0.0,0.12961248991434832,0.12961248991434832,0.7407750201713034
00-0036358,CeeDee Lamb,WR,DAL,2026,4,2026,5,TB,08/10,period_1_rush_rec_tds,period_1_rush_rec_tds,0.5,0.12977216813357018,0.12977216813357018,0.7404556637328596
00-0039874,Jaylen Wright,RB,MIA,2026,4,2026,5,CIN,11/10,rush_rec_tds,rush_rec_tds,0.5,0.13024226861929766,0.13024226861929766,0.7395154627614047
00-0039421,Levi Drake Rodriguez,DL,MIN,2025,18,2026,5,NO,11/10,sacks,sacks,0.1,0.13045412302017212,0.13045412302017212,0.7390917539596558
00-0034272,Marquez Valdes-Scantling,WR,LAC,2026,4,2026,5,DEN,11/10,rush_rec_tds,rush_rec_tds,0.5,0.13046337378357684,0.13046337378357684,0.7390732524328463
00-0039875,Ray Davis,RB,BUF,2026,4,2026,5,LA,12/10,rush_rec_tds,rush_rec_tds,0.5,0.13048895506861627,0.13048895506861627,0.7390220898627675
00-0036322,Justin Jefferson,WR,MIN,2026,3,2026,5,NO,11/10,period_1_2_rush_rec_tds,period_1_2_rush_rec_tds,0.5,0.13052829172532862,0.13052829172532862,0.7389434165493427
00-0036924,Michael Carter,RB,ARI,2025,18,2026,5,DET,11/10,period_1_2_rush_rec_tds,period_1_2_rush_rec_tds,0.5,0.13062375927315353,0.13062375927315353,0.738752481453693
00-0035704,Drew Lock,QB,DEN,2021,17,2026,5,LAC,11/10,rush_rec_tds_qb,rush_rec_tds,0.5,0.13069652475178128,0.13069652475178128,0.7386069504964374
00-0040673,Jalen Milroe,QB,SEA,2025,5,2026,5,SF,11/10,period_1_2_passing_tds,period_1_2_passing_tds,0.0,0.1308044023106457,0.1308044023106457,0.7383911953787086
00-0036972,Mac Jones,QB,SF,2026,2,2026,5,SEA,11/10,period_1_2_passing_tds,period_1_2_passing_tds,0.0,0.1308044023106457,0.1308044023106457,0.7383911953787086
00-0028118,Tyrod Taylor,QB,NYJ,2025,14,2026,5,CLE,11/10,rush_rec_tds_qb,rush_rec_tds,0.5,0.1308495110731331,0.1308495110731331,0.7383009778537337
00-0040122,Ashton Jeanty,RB,LV,2026,4,2026,5,NE,11/10,period_1_rush_rec_tds,period_1_rush_rec_tds,0.5,0.13087240808644413,0.13087240808644413,0.7382551838271117
00-0040208,Tahj Brooks,RB,CIN,2025,17,2026,5,MIA,11/10,rush_rec_tds,rush_rec_tds,0.5,0.13095634329149364,0.13095634329149364,0.7380873134170127
00-0040785,Dohnte Meyers,WR,CIN,2026,18,2026,5,MIA,11/10,season_rush_yards,season_rush_yards,10.0,0.13110943271555867,0.13110943271555867,0.7377811345688827
00-0036212,Tua Tagovailoa,QB,MIA,2022,9,2026,5,CIN,11/10,rush_rec_tds_qb,rush_rec_tds,0.5,0.13121133062036866,0.13121133062036866,0.7375773387592627
00-0036422,Adam Trautman,TE,NO,2022,15,2026,5,MIN,11/10,rush_rec_tds,rush_rec_tds,0.5,0.13147560801031646,0.13147560801031646,0.7370487839793671
00-0035942,Christian Rozeboom,LB,CAR,2025,19,2026,6,PHI,18/10,sacks,sacks,0.1,0.13162469863891602,0.13162469863891602,0.736750602722168
00-0031588,Stefon Diggs,WR,WAS,2026,4,2026,5,NYG,11/10,period_1_2_rush_rec_tds,period_1_2_rush_rec_tds,0.5,0.13171446402737355,0.13171446402737355,0.736571071945253
00-0030506,Travis Kelce,TE,KC,2026,4,2026,6,LAC,18/10,period_1_2_rush_rec_tds,period_1_2_rush_rec_tds,0.5,0.1317389923014253,0.1317389923014253,0.7365220153971495
00-0038090,Skyy Moore,WR,KC,2024,4,2026,6,LAC,18/10,rush_rec_tds,rush_rec_tds,0.5,0.1317832607532883,0.1317832607532883,0.7364334784934234
00-0040242,Jacory Croskey-Merritt,RB,WAS,2026,4,2026,5,NYG,11/10,period_1_2_rush_rec_tds,period_1_2_rush_rec_tds,0.5,0.13246684913663284,0.13246684913663284,0.7350663017267343
00-0035891,Cody White,WR,LV,2026,18,2026,5,NE,11/10,season_rush_tds,season_rush_tds,0.0,0.1324695570968801,0.1324695570968801,0.7350608858062397
00-0036040,Juwan Johnson,TE,NO,2026,18,2026,5,MIN,11/10,season_rush_tds,season_rush_tds,0.0,0.1324695570968801,0.1324695570968801,0.7350608858062397
00-0041436,DJ Herman,RB,MIA,2026,2,2026,5,CIN,11/10,rush_rec_tds,rush_rec_tds,0.5,0.13259875746774907,0.13259875746774907,0.7348024850645019
00-0036980,Elijah Moore,WR,DEN,2025,21,2026,5,LAC,11/10,rush_rec_tds,rush_rec_tds,0.5,0.13261553489498015,0.13261553489498015,0.7347689302100398
00-0036849,Tutu Atwell,WR,LA,2025,3,2026,5,BUF,12/10,rush_rec_tds,rush_rec_tds,0.5,0.13263883173530122,0.13263883173530122,0.7347223365293976
00-0041125,Seth McGowan,RB,IND,2026,4,2026,5,PIT,11/10,rush_rec_tds,rush_rec_tds,0.5,0.13273512215900982,0.13273512215900982,0.7345297556819803
00-0035264,Jarrett Stidham,QB,DEN,2025,21,2026,5,LAC,11/10,period_1_passing_tds,period_1_passing_tds,0.5,0.1327549456823011,0.1327549456823011,0.7344901086353979
00-0035594,Travis Homer,RB,PIT,2026,4,2026,5,IND,11/10,rush_rec_tds,rush_rec_tds,0.5,0.1328474798042098,0.1328474798042098,0.7343050403915804
00-0033945,Samson Ebukam,DE,IND,2025,18,2026,5,PIT,11/10,sacks,sacks,0.1,0.13289715349674225,0.13289715349674225,0.7342056930065155
00-0026164,Chris Johnson,RB,ARI,2017,5,2026,5,DET,11/10,period_1_2_rush_rec_tds,period_1_2_rush_rec_tds,0.5,0.13297083966465864,0.13297083966465864,0.7340583206706828
00-0034855,Baker Mayfield,QB,TB,2026,3,2026,5,DAL,08/10,rush_rec_tds_qb,rush_rec_tds,0.5,0.13304409698736744,0.13304409698736744,0.7339118060252652
00-0033869,Mitchell Trubisky,QB,PIT,2022,6,2026,5,IND,11/10,rush_rec_tds_qb,rush_rec_tds,0.5,0.13336288168753913,0.13336288168753913,0.7332742366249217
00-0036305,Trevis Gipson,LB,CAR,2025,19,2026,6,PHI,18/10,sacks,sacks,0.1,0.13340143859386444,0.13340143859386444,0.7331971228122711
00-0036275,D'Andre Swift,RB,CHI,2026,4,2026,5,GB,11/10,period_1_rush_rec_tds,period_1_rush_rec_tds,0.5,0.13350093632368415,0.13350093632368415,0.7329981273526317
00-0038685,Chris Brooks,RB,GB,2026,4,2026,5,CHI,11/10,rush_rec_tds,rush_rec_tds,0.5,0.13353323548635485,0.13353323548635485,0.7329335290272903
00-0033854,Dare Ogunbowale,RB,HOU,2025,8,2026,5,TEN,11/10,rush_rec_tds,rush_rec_tds,0.5,0.1335967982884096,0.1335967982884096,0.7328064034231808
00-0040725,Donovan Ezeiruaku,LB,DAL,2025,18,2026,5,TB,08/10,sacks,sacks,0.1,0.13378511369228363,0.13378511369228363,0.7324297726154327
00-0035719,Deebo Samuel Sr.,WR,SF,2026,18,2026,5,SEA,11/10,season_rush_yards,season_rush_yards,74.0,0.13396931548552835,0.13396931548552835,0.7320613690289433
00-0036927,Pete Werner,LB,NO,2025,18,2026,5,MIN,11/10,sacks,sacks,0.1,0.1342531442642212,0.1342531442642212,0.7314937114715576
00-0031236,Brandin Cooks,WR,SF,2026,4,2026,5,SEA,11/10,rush_rec_tds,rush_rec_tds,0.5,0.13433396013157384,0.13433396013157384,0.7313320797368523
00-0038102,Kenny Pickett,QB,CAR,2026,2,2026,6,PHI,18/10,period_1_2_passing_tds,period_1_2_passing_tds,0.0,0.134645653354586,0.134645653354586,0.730708693290828
00-0036158,J.K. Dobbins,RB,DEN,2026,4,2026,5,LAC,11/10,period_1_2_rush_rec_tds,period_1_2_rush_rec_tds,0.5,0.1348995511528147,0.1348995511528147,0.7302008976943706
00-0034365,Ian Thomas,TE,CAR,2020,15,2026,6,PHI,18/10,rush_rec_tds,rush_rec_tds,0.5,0.13518223519255806,0.13518223519255806,0.7296355296148839
00-0037816,Romeo Doubs,WR,NE,2026,4,2026,5,LV,11/10,period_1_2_rush_rec_tds,period_1_2_rush_rec_tds,0.5,0.1352514489301575,0.1352514489301575,0.729497102139685
00-0035685,David Montgomery,RB,HOU,2026,4,2026,5,TEN,11/10,period_1_2_rush_rec_tds,period_1_2_rush_rec_tds,0.5,0.1353746439806904,0.1353746439806904,0.7292507120386191
00-0036040,Juwan Johnson,TE,NO,2026,4,2026,5,MIN,11/10,period_1_2_rush_rec_tds,period_1_2_rush_rec_tds,0.5,0.13541409166752413,0.13541409166752413,0.7291718166649517
00-0035707,Devin White,LB,LV,2025,18,2026,5,NE,11/10,sacks,sacks,0.1,0.13555528223514557,0.13555528223514557,0.7288894355297089
00-0032268,Marcus Mariota,QB,WAS,2026,4,2026,5,NYG,11/10,rush_rec_tds_qb,rush_rec_tds,0.5,0.13566288061928053,0.13566288061928053,0.7286742387614389
00-0036919,Kenny Gainwell,RB,TB,2026,4,2026,5,DAL,08/10,period_1_2_rush_rec_tds,period_1_2_rush_rec_tds,0.5,0.1357090009105681,0.1357090009105681,0.7285819981788638
00-0033393,Kenny Moore II,CB,IND,2025,18,2026,5,PIT,11/10,sacks,sacks,0.1,0.1358744502067566,0.1358744502067566,0.7282510995864868
00-0038117,Wan'Dale Robinson,WR,TEN,2026,4,2026,5,HOU,11/10,period_1_2_rush_rec_tds,period_1_2_rush_rec_tds,0.5,0.13601486463273618,0.13601486463273618,0.7279702707345277
00-0039075,Puka Nacua,WR,LA,2026,4,2026,5,BUF,12/10,period_first_touchdown_scored,period_first_touchdown_scored,0.5,0.13627002338755076,0.13627002338755076,0.7274599532248984
00-0032268,Marcus Mariota,QB,WAS,2026,4,2026,5,NYG,11/10,period_1_passing_tds,period_1_passing_tds,0.3,0.13636423199602957,0.13636423199602957,0.7272715360079409
00-0038597,Chase Brown,RB,CIN,2026,4,2026,5,MIA,11/10,period_1_rush_rec_tds,period_1_rush_rec_tds,0.5,0.13644907120248878,0.13644907120248878,0.7271018575950224
00-0037120,Tyler Goodson,RB,DAL,2026,4,2026,5,TB,08/10,rush_rec_tds,rush_rec_tds,0.5,0.1367171648184432,0.1367171648184432,0.7265656703631136
00-0035525,Devin Bush,LB,CLE,2025,18,2026,5,NYJ,11/10,sacks,sacks,0.1,0.13672363758087158,0.13672363758087158,0.7265527248382568
00-0040756,Shemar Stewart,DE,CIN,2025,18,2026,5,MIA,11/10,sacks,sacks,0.1,0.13674141466617584,0.13674141466617584,0.7265171706676483
00-0031610,Darren Waller,TE,CAR,2026,18,2026,6,PHI,18/10,season_rush_tds,season_rush_tds,0.0,0.13683427213105698,0.13683427213105698,0.726331455737886
00-0040011,Shemar James,LB,DAL,2025,18,2026,5,TB,08/10,sacks,sacks,0.1,0.1368427574634552,0.1368427574634552,0.7263144850730896
00-0036862,Ben Skowronek,WR,LA,2023,9,2026,5,BUF,12/10,rush_rec_tds,rush_rec_tds,0.5,0.13702837079383834,0.13702837079383834,0.7259432584123233
00-0041558,Sam Roush,TE,CHI,2026,2,2026,5,GB,11/10,rush_rec_tds,rush_rec_tds,0.5,0.1373339483329595,0.1373339483329595,0.7253321033340809
00-0040248,Zeek Biggers,DT,MIA,2025,18,2026,5,CIN,11/10,sacks,sacks,0.2,0.1373874992132187,0.1373874992132187,0.7252250015735626
00-0037742,Treylon Burks,WR,WAS,2025,13,2026,5,NYG,11/10,rush_rec_tds,rush_rec_tds,0.5,0.13747332357076458,0.13747332357076458,0.7250533528584708
00-0033858,Jonnu Smith,TE,GB,2026,4,2026,5,CHI,11/10,rush_rec_tds,rush_rec_tds,0.5,0.1375285216799786,0.1375285216799786,0.7249429566400428
00-0031450,Josh Harris,RB,PIT,2014,18,2026,5,IND,11/10,rush_rec_tds,rush_rec_tds,0.5,0.13778377785599188,0.13778377785599188,0.7244324442880162
00-0036275,D'Andre Swift,RB,CHI,2026,4,2026,5,GB,11/10,period_1_rushing_yds,period_1_rushing_yds,34.8,0.1378181762145609,0.1378181762145609,0.7243636475708781
00-0036876,Kylen Granson,TE,IND,2024,2,2026,5,PIT,11/10,rush_rec_tds,rush_rec_tds,0.5,0.1378595970037308,0.1378595970037308,0.7242808059925384
00-0040179,DJ Giddens,RB,IND,2025,18,2026,5,PIT,11/10,rush_rec_tds,rush_rec_tds,0.5,0.13814942943463732,0.13814942943463732,0.7237011411307254
00-0038685,Chris Brooks,RB,GB,2026,4,2026,5,CHI,11/10,period_1_rushing_yds,period_1_rushing_yds,12.2,0.13822453262660264,0.13822453262660264,0.7235509347467948
00-0039793,AJ Barner,TE,SEA,2026,18,2026,5,SF,11/10,season_rush_tds,season_rush_tds,1.0,0.1382482478097828,0.1382482478097828,0.7235035043804344
00-0040948,J. Michael Sturdivant,WR,GB,2026,3,2026,5,CHI,11/10,rush_rec_tds,rush_rec_tds,0.5,0.13855696966474187,0.13855696966474187,0.7228860606705163
00-0034771,Mason Rudolph,QB,PIT,2026,2,2026,5,IND,11/10,period_1_2_passing_tds,period_1_2_passing_tds,0.0,0.13858211028686657,0.13858211028686657,0.7228357794262669
00-0034577,Kyle Allen,QB,DET,2025,10,2026,5,ARI,11/10,period_1_2_passing_tds,period_1_2_passing_tds,0.0,0.13858211028686657,0.13858211028686657,0.7228357794262669
00-0027973,Andy Dalton,QB,PHI,2026,3,2026,5,JAX,11/10,period_1_2_passing_tds,period_1_2_passing_tds,0.0,0.13858211028686657,0.13858211028686657,0.7228357794262669
00-0040668,Shedeur Sanders,QB,CLE,2026,3,2026,5,NYJ,11/10,period_1_2_passing_tds,period_1_2_passing_tds,0.0,0.13858211028686657,0.13858211028686657,0.7228357794262669
00-0039164,Anthony Richardson,QB,IND,2025,5,2026,5,PIT,11/10,period_1_2_passing_tds,period_1_2_passing_tds,0.0,0.13858211028686657,0.13858211028686657,0.7228357794262669
00-0038933,Dalton Kincaid,TE,BUF,2026,4,2026,5,LA,12/10,period_1_2_rush_rec_tds,period_1_2_rush_rec_tds,0.5,0.13859070020328204,0.13859070020328204,0.722818599593436
00-0031408,Mike Evans,WR,SF,2026,4,2026,5,SEA,11/10,period_1_2_rush_rec_tds,period_1_2_rush_rec_tds,0.5,0.13862926809763618,0.13862926809763618,0.7227414638047276
00-0029604,Kirk Cousins,QB,MIN,2019,3,2026,5,NO,11/10,rush_rec_tds_qb,rush_rec_tds,0.5,0.13906292125421574,0.13906292125421574,0.7218741574915686
00-0041052,Kaelon Black,RB,SF,2026,4,2026,5,SEA,11/10,rush_rec_tds,rush_rec_tds,0.5,0.13909610454409624,0.13909610454409624,0.7218077909118075
00-0039910,Jayden Daniels,QB,WAS,2026,2,2026,5,NYG,11/10,period_1_2_rush_rec_tds_qb,period_1_2_rush_rec_tds,0.5,0.13928862307415865,0.13928862307415865,0.7214227538516826
00-0040715,Cam Skattebo,RB,NYG,2026,4,2026,5,WAS,11/10,period_first_touchdown_scored,period_first_touchdown_scored,0.5,0.1394452797990509,0.1394452797990509,0.7211094404018983
00-0032104,Ameer Abdullah,RB,JAX,2026,3,2026,5,PHI,11/10,rush_rec_tds,rush_rec_tds,0.5,0.1395730672879683,0.1395730672879683,0.7208538654240634
00-0033589,David Moore,WR,CAR,2026,3,2026,6,PHI,18/10,rush_rec_tds,rush_rec_tds,0.5,0.139657196850199,0.139657196850199,0.720685606299602
00-0036527,D.J. Turner,WR,LV,2024,13,2026,5,NE,11/10,rush_rec_tds,rush_rec_tds,0.5,0.13987881761045406,0.13987881761045406,0.7202423647790919
00-0037258,Dameon Pierce,RB,KC,2025,18,2026,6,LAC,18/10,rush_rec_tds,rush_rec_tds,0.5,0.1399032999342891,0.1399032999342891,0.7201934001314219
00-0041013,Emmett Johnson,RB,KC,2026,4,2026,6,LAC,18/10,rush_rec_tds,rush_rec_tds,0.5,0.14010979392501613,0.14010979392501613,0.7197804121499678
00-0036309,Darnell Mooney,WR,NYG,2026,18,2026,5,WAS,11/10,season_rush_yards,season_rush_yards,9.0,0.14023425664375047,0.14023425664375047,0.7195314867124991
00-0034796,Lamar Jackson,QB,BAL,2026,4,2026,5,ATL,11/10,period_1_2_passing_yds,period_1_2_passing_yds,170.0,0.14038176678896255,0.14038176678896255,0.719236466422075
00-0038840,Brycen Tremayne,WR,CAR,2025,4,2026,6,PHI,18/10,rush_rec_tds,rush_rec_tds,0.5,0.1403840855856537,0.1403840855856537,0.7192318288286925
00-0036309,Darnell Mooney,WR,NYG,2026,18,2026,5,WAS,11/10,season_rush_tds,season_rush_tds,0.0,0.14039281044063937,0.14039281044063937,0.7192143791187213
00-0036139,Rico Dowdle,RB,PIT,2026,2,2026,5,IND,11/10,period_1_2_rush_rec_tds,period_1_2_rush_rec_tds,0.5,0.1404078228494555,0.1404078228494555,0.719184354301089
00-0036825,Feleipe Franks,TE,ATL,2025,12,2026,5,BAL,11/10,period_1_receiving_yds,period_1_receiving_yds,0.0,0.14066496163682865,0.18136081490417266,0.7186700767263428
00-0038542,Bijan Robinson,RB,ATL,2026,4,2026,5,BAL,11/10,period_1_receiving_yds,period_1_receiving_yds,14.5,0.14066496163682865,0.18245263000372297,0.7186700767263428
00-0036893,Najee Harris,RB,NYG,2026,4,2026,5,WAS,11/10,period_1_receiving_yds,period_1_receiving_yds,0.0,0.14066496163682865,0.18136081490417266,0.7186700767263428
00-0037157,Bam Knight,RB,ARI,2026,2,2026,5,DET,11/10,period_1_receiving_yds,period_1_receiving_yds,0.0,0.14066496163682865,0.18136081490417266,0.7186700767263428
00-0036425,DeeJay Dallas,RB,MIN,2026,4,2026,5,NO,11/10,period_1_receiving_yds,period_1_receiving_yds,2.5,0.14066496163682865,0.18360436905012498,0.7186700767263428
00-0035594,Travis Homer,RB,PIT,2026,4,2026,5,IND,11/10,period_1_receiving_yds,period_1_receiving_yds,0.0,0.14066496163682865,0.18136081490417266,0.7186700767263428
00-0037085,Tyler Badie,RB,DEN,2026,4,2026,5,LAC,11/10,period_1_receiving_yds,period_1_receiving_yds,8.7,0.14066496163682865,0.17025631846368283,0.7186700767263428
00-0033090,Hunter Henry,TE,NE,2026,4,2026,5,LV,11/10,period_1_receiving_yds,period_1_receiving_yds,15.2,0.14066496163682865,0.17353703654793726,0.7186700767263428
00-0034270,Tyler Conklin,TE,LAC,2025,18,2026,5,DEN,11/10,period_1_receiving_yds,period_1_receiving_yds,8.3,0.14066496163682865,0.1602975509171372,0.7186700767263428
00-0032394,Nick Vannett,TE,TEN,2024,18,2026,5,HOU,11/10,period_1_receiving_yds,period_1_receiving_yds,6.1,0.14066496163682865,0.1785730621021598,0.7186700767263428
00-0036862,Ben Skowronek,WR,PIT,2026,4,2026,5,IND,11/10,period_1_receiving_yds,period_1_receiving_yds,7.7,0.14066496163682865,0.1571384599166959,0.7186700767263428
00-0041550,Brenen Thompson,WR,LAC,2026,2,2026,5,DEN,11/10,period_1_receiving_yds,period_1_receiving_yds,13.0,0.14066496163682865,0.1649164625873742,0.7186700767263428
00-0041099,Barion Brown,WR,NO,2026,4,2026,5,MIN,11/10,period_1_receiving_yds,period_1_receiving_yds,0.0,0.14066496163682865,0.18136081490417266,0.7186700767263428
00-0038896,Jacob Saylors,RB,DET,2025,4,2026,5,ARI,11/10,period_1_receiving_yds,period_1_receiving_yds,0.0,0.14066496163682865,0.18136081490417266,0.7186700767263428
00-0038606,Parker Washington,WR,JAX,2026,4,2026,5,PHI,11/10,period_1_receiving_yds,period_1_receiving_yds,25.2,0.14066496163682865,0.17074028298341762,0.7186700767263428
00-0039530,Brevyn Spann-Ford,TE,DAL,2026,4,2026,5,TB,08/10,period_1_receiving_yds,period_1_receiving_yds,4.7,0.14066496163682865,0.18439467466972373,0.7186700767263428
00-0038611,Chris Rodriguez Jr.,RB,JAX,2026,4,2026,5,PHI,11/10,period_1_receiving_yds,period_1_receiving_yds,0.0,0.14066496163682865,0.18136081490417266,0.7186700767263428
00-0038705,Emari Demercado,RB,DAL,2026,2,2026,5,TB,08/10,period_1_receiving_yds,period_1_receiving_yds,0.0,0.14066496163682865,0.18136081490417266,0.7186700767263428
00-0039384,Tyrone Tracy Jr.,RB,NYG,2026,4,2026,5,WAS,11/10,period_1_receiving_yds,period_1_receiving_yds,0.0,0.14066496163682865,0.18136081490417266,0.7186700767263428
00-0039915,Ladd McConkey,WR,LAC,2026,4,2026,5,DEN,11/10,period_1_receiving_yds,period_1_receiving_yds,16.8,0.14066496163682865,0.16114418357298738,0.7186700767263428
00-0040886,Nicholas Singleton,RB,TEN,2026,4,2026,5,HOU,11/10,period_1_receiving_yds,period_1_receiving_yds,0.0,0.14066496163682865,0.18136081490417266,0.7186700767263428
00-0041524,Will Kacmarek,TE,MIA,2026,4,2026,5,CIN,11/10,period_1_receiving_yds,period_1_receiving_yds,5.0,0.14066496163682865,0.18119397782209112,0.7186700767263428
00-0041096,Kaytron Allen,RB,WAS,2026,4,2026,5,NYG,11/10,period_1_receiving_yds,period_1_receiving_yds,0.0,0.14066496163682865,0.18136081490417266,0.7186700767263428
00-0041052,Kaelon Black,RB,SF,2026,4,2026,5,SEA,11/10,period_1_receiving_yds,period_1_receiving_yds,1.2,0.14066496163682865,0.18527170683498118,0.7186700767263428
00-0039686,Colson Yankoff,TE,WAS,2026,4,2026,5,NYG,11/10,period_1_receiving_yds,period_1_receiving_yds,5.3,0.14066496163682865,0.17803678475738527,0.7186700767263428
00-0039792,Devontez Walker,WR,BAL,2026,4,2026,5,ATL,11/10,period_1_receiving_yds,period_1_receiving_yds,6.3,0.14066496163682865,0.18035995310630032,0.7186700767263428
00-0039874,Jaylen Wright,RB,MIA,2026,4,2026,5,CIN,11/10,period_1_receiving_yds,period_1_receiving_yds,0.0,0.14066496163682865,0.18136081490417266,0.7186700767263428
00-0038797,Emanuel Wilson,RB,SEA,2026,4,2026,5,SF,11/10,period_1_receiving_yds,period_1_receiving_yds,6.5,0.14066496163682865,0.1690747119567011,0.7186700767263428
00-0037745,Velus Jones Jr.,RB,SEA,2025,20,2026,5,SF,11/10,period_1_receiving_yds,period_1_receiving_yds,0.0,0.14066496163682865,0.18136081490417266,0.7186700767263428
00-0038547,Luke Schoonmaker,TE,DAL,2026,3,2026,5,TB,08/10,period_1_receiving_yds,period_1_receiving_yds,4.5,0.14066496163682865,0.17419089073658767,0.7186700767263428
00-0038997,Josh Downs,WR,IND,2026,4,2026,5,PIT,11/10,period_1_receiving_yds,period_1_receiving_yds,28.8,0.14066496163682865,0.16683565348660423,0.7186700767263428
00-0038951,Sean Tucker,RB,TB,2026,4,2026,5,DAL,08/10,period_1_receiving_yds,period_1_receiving_yds,0.0,0.14066496163682865,0.18136081490417266,0.7186700767263428
00-0038710,Blake Whiteheart,TE,CLE,2026,2,2026,5,NYJ,11/10,period_1_receiving_yds,period_1_receiving_yds,7.0,0.14066496163682865,0.1684299046664239,0.7186700767263428
00-0040177,Jordan James,RB,SF,2026,2,2026,5,SEA,11/10,period_1_receiving_yds,period_1_receiving_yds,0.0,0.14066496163682865,0.18136081490417266,0.7186700767263428
00-0040078,Brashard Smith,RB,KC,2026,3,2026,6,LAC,18/10,period_1_receiving_yds,period_1_receiving_yds,4.0,0.14066496163682865,0.17886268925152632,0.7186700767263428
00-0041069,Colbie Young,WR,CIN,2026,3,2026,5,MIA,11/10,period_1_receiving_yds,period_1_receiving_yds,4.5,0.14066496163682865,0.17419089073658767,0.7186700767263428
00-0037083,Kingsley Enagbare,LB,GB,2025,19,2026,5,CHI,11/10,sacks,sacks,0.1,0.14067992568016052,0.14067992568016052,0.718640148639679
00-0034351,Dallas Goedert,TE,PHI,2026,2,2026,5,JAX,11/10,period_1_2_rush_rec_tds,period_1_2_rush_rec_tds,0.5,0.1407502533882113,0.1407502533882113,0.7184994932235774
00-0035208,Olamide Zaccheaus,WR,ATL,2026,4,2026,5,BAL,11/10,rush_rec_tds,rush_rec_tds,0.5,0.14098626555592786,0.14098626555592786,0.7180274688881443
00-0036637,Noah Gray,TE,KC,2025,8,2026,6,LAC,18/10,rush_rec_tds,rush_rec_tds,0.5,0.14116728316647015,0.14116728316647015,0.7176654336670597
00-0033914,Alex Anzalone,MLB,DET,2025,17,2026,5,ARI,11/10,sacks,sacks,0.2,0.14127561450004578,0.14127561450004578,0.7174487709999084
00-0036265,AJ Dillon,RB,CAR,2026,4,2026,6,PHI,18/10,rush_rec_tds,rush_rec_tds,0.5,0.14136214870136787,0.14136214870136787,0.7172757025972643
00-0039751,Jordan Whittington,WR,LA,2025,14,2026,5,BUF,12/10,rush_rec_tds,rush_rec_tds,0.5,0.1414319432883003,0.1414319432883003,0.7171361134233993
00-0036275,D'Andre Swift,RB,CHI,2026,4,2026,5,GB,11/10,period_first_touchdown_scored,period_first_touchdown_scored,0.5,0.14161153105403743,0.14161153105403743,0.7167769378919251
00-0037304,Connor Heyward,TE,PIT,2024,5,2026,5,IND,11/10,rush_rec_tds,rush_rec_tds,0.5,0.14189576972291676,0.14189576972291676,0.7162084605541665
00-0037231,Kevin Austin Jr.,WR,NO,2026,2,2026,5,MIN,11/10,rush_rec_tds,rush_rec_tds,0.5,0.1419927592237905,0.1419927592237905,0.716014481552419
00-0033881,Evan Engram,TE,DEN,2026,4,2026,5,LAC,11/10,rush_rec_tds,rush_rec_tds,0.5,0.14208080618145127,0.14208080618145127,0.7158383876370975
00-0038597,Chase Brown,RB,CIN,2026,4,2026,5,MIA,11/10,period_first_touchdown_scored,period_first_touchdown_scored,0.5,0.14214981080233066,0.14214981080233066,0.7157003783953386
00-0026158,Joe Flacco,QB,BAL,2014,4,2026,5,ATL,11/10,rush_rec_tds_qb,rush_rec_tds,0.5,0.1422932618069485,0.1422932618069485,0.715413476386103
00-0038621,DeMario Douglas,WR,NE,2026,4,2026,5,LV,11/10,rush_rec_tds,rush_rec_tds,0.5,0.14238374020945288,0.14238374020945288,0.7152325195810942
00-0039814,Erick All,TE,CIN,2024,7,2026,5,MIA,11/10,rush_rec_tds,rush_rec_tds,0.5,0.14260991449804983,0.14260991449804983,0.7147801710039003
00-0035640,DK Metcalf,WR,PIT,2026,4,2026,5,IND,11/10,period_1_2_rush_rec_tds,period_1_2_rush_rec_tds,0.5,0.14297887023913514,0.14297887023913514,0.7140422595217297
00-0037005,Tommy Tremble,TE,CAR,2025,7,2026,6,PHI,18/10,rush_rec_tds,rush_rec_tds,0.5,0.1434166634471527,0.1434166634471527,0.7131666731056946
00-0041525,Chris Bell,WR,MIA,2026,4,2026,5,CIN,11/10,rush_rec_tds,rush_rec_tds,0.5,0.14341791335961543,0.14341791335961543,0.7131641732807692
00-0038705,Emari Demercado,RB,DAL,2026,2,2026,5,TB,08/10,rush_rec_tds,rush_rec_tds,0.5,0.1436073668645626,0.1436073668645626,0.7127852662708748
00-0036192,A.J. Epenesa,LB,BUF,2025,20,2026,5,LA,12/10,sacks,sacks,0.1,0.14394378662109375,0.14394378662109375,0.7121124267578125
00-0041438,Carnell Tate,WR,TEN,2026,4,2026,5,HOU,11/10,period_1_2_rush_rec_tds,period_1_2_rush_rec_tds,0.5,0.14395532054177226,0.14395532054177226,0.7120893589164554
00-0032950,Carson Wentz,QB,MIN,2026,2,2026,5,NO,11/10,period_1_passing_tds,period_1_passing_tds,0.0,0.1439737651007588,0.1439737651007588,0.7120524697984825
00-0039061,Desjuan Johnson,LB,LA,2025,21,2026,5,BUF,12/10,sacks,sacks,0.2,0.1440877765417099,0.1440877765417099,0.7118244469165802
00-0040735,Luther Burden III,WR,CHI,2026,4,2026,5,GB,11/10,period_1_2_rush_rec_tds,period_1_2_rush_rec_tds,0.5,0.14424463369618876,0.14424463369618876,0.7115107326076224
00-0039491,Jalen Coker,WR,CAR,2026,3,2026,6,PHI,18/10,period_1_2_rush_rec_tds,period_1_2_rush_rec_tds,0.5,0.14426602746759876,0.14426602746759876,0.7114679450648025
00-0040142,Kaleb Johnson,RB,GB,2026,4,2026,5,CHI,11/10,rush_rec_tds,rush_rec_tds,0.5,0.14432850475365785,0.14432850475365785,0.7113429904926842
00-0041489,Germie Bernard,WR,PIT,2026,4,2026,5,IND,11/10,rush_rec_tds,rush_rec_tds,0.5,0.1447807700053223,0.1447807700053223,0.7104384599893554
00-0040126,Colston Loveland,TE,CHI,2026,4,2026,5,GB,11/10,period_1_2_rush_rec_tds,period_1_2_rush_rec_tds,0.5,0.14480733905271365,0.14480733905271365,0.7103853218945727
00-0032387,Jarran Reed,DT,SEA,2025,22,2026,5,SF,11/10,sacks,sacks,0.2,0.14489765465259552,0.14489765465259552,0.710204690694809
00-0033119,Jacoby Brissett,QB,ARI,2026,4,2026,5,DET,11/10,rush_rec_tds_qb,rush_rec_tds,0.5,0.14512401949353973,0.14512401949353973,0.7097519610129206
00-0034270,Tyler Conklin,TE,LAC,2025,18,2026,5,DEN,11/10,rush_rec_tds,rush_rec_tds,0.5,0.1457025733583265,0.1457025733583265,0.708594853283347
00-0039908,Kris Jenkins,DT,CIN,2025,15,2026,5,MIA,11/10,sacks,sacks,0.1,0.1458326131105423,0.1458326131105423,0.7083347737789154
00-0038046,Charlie Kolar,TE,BAL,2023,1,2026,5,ATL,11/10,rush_rec_tds,rush_rec_tds,0.5,0.1459335378057561,0.1459335378057561,0.7081329243884877
00-0034473,Dennis Gardeck,LB,JAX,2025,19,2026,5,PHI,11/10,sacks,sacks,0.1,0.14604341983795166,0.14604341983795166,0.7079131603240967
00-0031588,Stefon Diggs,WR,WAS,2026,18,2026,5,NYG,11/10,season_rush_tds,season_rush_tds,0.0,0.1461247405491609,0.1461247405491609,0.7077505189016782
00-0034981,Foster Moreau,TE,NO,2023,9,2026,5,MIN,11/10,rush_rec_tds,rush_rec_tds,0.5,0.14618646227429066,0.14618646227429066,0.7076270754514187
00-0037746,Brian Robinson,RB,ATL,2026,4,2026,5,BAL,11/10,period_1_2_rush_rec_tds,period_1_2_rush_rec_tds,0.5,0.14635274783420396,0.14635274783420396,0.7072945043315921
00-0037091,Bo Melton,WR,GB,2026,18,2026,5,CHI,11/10,season_rush_tds,season_rush_tds,0.0,0.14655250365497,0.14655250365497,0.7068949926900601
00-0037091,Bo Melton,WR,GB,2024,19,2026,5,CHI,11/10,rush_rec_tds,rush_rec_tds,0.5,0.14661080266037899,0.14661080266037899,0.7067783946792421
00-0039356,Ja'Tavion Sanders,TE,CAR,2025,12,2026,6,PHI,18/10,rush_rec_tds,rush_rec_tds,0.5,0.1466487117481648,0.1466487117481648,0.7067025765036704
00-0039412,Javontae Jean-Baptiste,LB,WAS,2025,4,2026,5,NYG,11/10,sacks,sacks,0.3,0.1468752771615982,0.1468752771615982,0.7062494456768036
00-0039164,Anthony Richardson,QB,IND,2025,5,2026,5,PIT,11/10,period_1_2_rush_rec_tds_qb,period_1_2_rush_rec_tds,0.5,0.14693164779772527,0.14693164779772527,0.7061367044045495
00-0038996,Tucker Kraft,TE,GB,2026,4,2026,5,CHI,11/10,period_1_2_rush_rec_tds,period_1_2_rush_rec_tds,0.5,0.1469909222052903,0.1469909222052903,0.7060181555894194
00-0037248,James Cook,RB,BUF,2026,4,2026,5,LA,12/10,period_first_touchdown_scored,period_first_touchdown_scored,0.5,0.147263360800794,0.147263360800794,0.705473278398412
00-0031360,Kyle Van Noy,MLB,BAL,2025,18,2026,5,ATL,11/10,sacks,sacks,0.1,0.14748813211917877,0.14748813211917877,0.7050237357616425
00-0041523,Caleb Douglas,WR,MIA,2026,2,2026,5,CIN,11/10,period_1_2_receiving_yds,period_1_2_receiving_yds,44.5,0.14758206650928682,0.14758206650928682,0.7048358669814263
00-0036543,Spencer Brown,RB,CAR,2022,9,2026,6,PHI,18/10,rush_rec_tds,rush_rec_tds,0.5,0.14765685351063884,0.14765685351063884,0.7046862929787223
00-0036626,Dyami Brown,WR,WAS,2026,4,2026,5,NYG,11/10,rush_rec_tds,rush_rec_tds,0.5,0.14779227482891075,0.14779227482891075,0.7044154503421785
00-0035254,Anthony Nelson,LB,TB,2025,16,2026,5,DAL,08/10,sacks,sacks,0.2,0.1478242576122284,0.1478242576122284,0.7043514847755432
00-0037248,James Cook,RB,BUF,2026,4,2026,5,LA,12/10,period_1_rush_rec_tds,period_1_rush_rec_tds,0.5,0.1480399067240625,0.1480399067240625,0.7039201865518749
00-0038976,Marvin Mims Jr.,WR,DEN,2026,4,2026,5,LAC,11/10,period_1_receiving_yds,period_1_receiving_yds,10.0,0.1480836236933798,0.19320899177506567,0.7038327526132404
00-0037594,Julius Chestnut,RB,TEN,2025,16,2026,5,HOU,11/10,period_1_receiving_yds,period_1_receiving_yds,0.0,0.1480836236933798,0.1887187978483452,0.7038327526132404
00-0038738,Hunter Luepke,RB,DAL,2026,4,2026,5,TB,08/10,period_1_receiving_yds,period_1_receiving_yds,0.0,0.1480836236933798,0.1935542846432238,0.7038327526132404
00-0037258,Dameon Pierce,RB,KC,2025,18,2026,6,LAC,18/10,period_1_receiving_yds,period_1_receiving_yds,0.0,0.1480836236933798,0.1935542846432238,0.7038327526132404
00-0037093,Dareke Young,WR,LV,2026,4,2026,5,NE,11/10,period_1_receiving_yds,period_1_receiving_yds,4.5,0.1480836236933798,0.19214996286237362,0.7038327526132404
00-0041558,Sam Roush,TE,CHI,2026,4,2026,5,GB,11/10,period_1_receiving_yds,period_1_receiving_yds,5.3,0.1480836236933798,0.19005836296358122,0.7038327526132404
00-0039912,Ben Sinnott,TE,WAS,2026,3,2026,5,NYG,11/10,period_1_receiving_yds,period_1_receiving_yds,3.0,0.1480836236933798,0.18849964288457868,0.7038327526132404
00-0040556,Corey Kiner,RB,NE,2026,3,2026,5,LV,11/10,period_1_receiving_yds,period_1_receiving_yds,0.0,0.1480836236933798,0.1935542846432238,0.7038327526132404
00-0040715,Cam Skattebo,RB,NYG,2026,4,2026,5,WAS,11/10,period_1_receiving_yds,period_1_receiving_yds,8.0,0.1480836236933798,0.193969740419346,0.7038327526132404
00-0041104,Demond Claiborne,RB,MIN,2026,4,2026,5,NO,11/10,period_1_receiving_yds,period_1_receiving_yds,0.0,0.1480836236933798,0.1935542846432238,0.7038327526132404
00-0037801,KaVontae Turpin,WR,DAL,2026,3,2026,5,TB,08/10,period_1_receiving_yds,period_1_receiving_yds,3.0,0.1480836236933798,0.18849964288457868,0.7038327526132404
00-0036646,Simi Fehoko,WR,LAC,2024,8,2026,5,DEN,11/10,rush_rec_tds,rush_rec_tds,0.5,0.14823888222627682,0.14823888222627682,0.7035222355474464
00-0036995,Baron Browning,LB,ARI,2025,18,2026,5,DET,11/10,sacks,sacks,0.1,0.14837151765823364,0.14837151765823364,0.7032569646835327
00-0040574,Elijah Ponder,LB,NE,2025,22,2026,5,LV,11/10,sacks,sacks,0.2,0.14859209954738617,0.14859209954738617,0.7028158009052277
00-0038728,Jared Wayne,WR,HOU,2026,3,2026,5,TEN,11/10,rush_rec_tds,rush_rec_tds,0.5,0.1486882070122149,0.1486882070122149,0.7026235859755702
00-0030801,Brandon Coleman,WR,NO,2017,15,2026,5,MIN,11/10,rush_rec_tds,rush_rec_tds,0.5,0.1487800339419806,0.1487800339419806,0.7024399321160388
00-0036613,Jaylen Waddle,WR,DEN,2026,4,2026,5,LAC,11/10,period_1_2_rush_rec_tds,period_1_2_rush_rec_tds,0.5,0.14909277066678484,0.14909277066678484,0.7018144586664303
00-0036556,Brevin Jordan,TE,HOU,2023,6,2026,5,TEN,11/10,rush_rec_tds,rush_rec_tds,0.5,0.14916440634560862,0.14916440634560862,0.7016711873087828
00-0037082,Dominique Robinson,DE,CHI,2025,20,2026,5,GB,11/10,sacks,sacks,0.2,0.1491728127002716,0.1491728127002716,0.7016543745994568
00-0037755,Jelani Woods,TE,NYJ,2025,17,2026,5,CLE,11/10,rush_rec_tds,rush_rec_tds,0.5,0.1499842441622843,0.1499842441622843,0.7000315116754314
00-0035262,Drue Tranquill,LB,KC,2025,18,2026,6,LAC,18/10,sacks,sacks,0.1,0.1501120626926422,0.1501120626926422,0.6997758746147156
00-0040782,Isaiah Bond,WR,CLE,2026,4,2026,5,NYJ,11/10,rush_rec_tds,rush_rec_tds,0.5,0.1501443618417671,0.1501443618417671,0.6997112763164658
00-0035710,Daniel Jones,QB,IND,2026,4,2026,5,PIT,11/10,rush_rec_tds_qb,rush_rec_tds,0.5,0.1501707641962115,0.1501707641962115,0.699658471607577
00-0033757,Robert Tonyan,TE,CHI,2023,6,2026,5,GB,11/10,rush_rec_tds,rush_rec_tds,0.5,0.15021196998273456,0.15021196998273456,0.6995760600345309
00-0037013,Zach Wilson,QB,MIA,2025,18,2026,5,CIN,11/10,period_1_2_passing_tds,period_1_2_passing_tds,0.0,0.15102454721706984,0.15102454721706984,0.6979509055658604
00-0028000,Daniel Thomas,RB,MIA,2014,17,2026,5,CIN,11/10,rush_rec_tds,rush_rec_tds,0.5,0.15125972346688424,0.15125972346688424,0.6974805530662316
00-0040580,Josaiah Stewart,LB,LA,2025,21,2026,5,BUF,12/10,sacks,sacks,0.2,0.15131056308746338,0.15131056308746338,0.6973788738250732
00-0040584,Gunnar Helm,TE,TEN,2026,4,2026,5,HOU,11/10,rush_rec_tds,rush_rec_tds,0.5,0.1514805712206501,0.1514805712206501,0.6970388575586999
00-0033949,Joshua Dobbs,QB,NE,2025,18,2026,5,LV,11/10,period_1_2_passing_tds,period_1_2_passing_tds,0.0,0.15157625767237376,0.15157625767237376,0.6968474846552525
00-0033288,George Kittle,TE,SF,2026,18,2026,5,SEA,11/10,season_rush_tds,season_rush_tds,0.0,0.15232196776717008,0.15232196776717008,0.6953560644656598
00-0040122,Ashton Jeanty,RB,LV,2026,4,2026,5,NE,11/10,period_first_touchdown_scored,period_first_touchdown_scored,0.5,0.15233018530498155,0.15233018530498155,0.6953396293900369
00-0038128,Malik Willis,QB,MIA,2026,4,2026,5,CIN,11/10,rush_rec_tds_qb,rush_rec_tds,0.5,0.15245031401134765,0.15245031401134765,0.6950993719773046
00-0038543,Jaxon Smith-Njigba,WR,SEA,2026,4,2026,5,SF,11/10,period_1_rush_rec_tds,period_1_rush_rec_tds,0.5,0.15248893023495844,0.15248893023495844,0.6950221395300831
00-0029604,Kirk Cousins,QB,LV,2026,18,2026,5,NE,11/10,season_rush_tds,season_rush_tds,0.0,0.15250609325409764,0.15250609325409764,0.6949878134918047
00-0039886,T'Vondre Sweat,DT,TEN,2025,18,2026,5,HOU,11/10,sacks,sacks,0.2,0.15251322090625763,0.15251322090625763,0.6949735581874847
00-0039923,J.J. McCarthy,QB,MIN,2025,18,2026,5,NO,11/10,rush_rec_tds_qb,rush_rec_tds,0.5,0.15268053894285455,0.15268053894285455,0.6946389221142909
00-0038606,Parker Washington,WR,JAX,2026,18,2026,5,PHI,11/10,season_rush_tds,season_rush_tds,0.0,0.15285465987327776,0.15285465987327776,0.6942906802534445
00-0040237,Tez Johnson,WR,TB,2026,18,2026,5,DAL,08/10,season_rush_tds,season_rush_tds,0.0,0.15298079470179457,0.15298079470179457,0.6940384105964108
00-0038416,Tyson Bagent,QB,CHI,2026,4,2026,5,GB,11/10,period_1_passing_tds,period_1_passing_tds,0.0,0.15318437618326367,0.15318437618326367,0.6936312476334727
00-0033876,Derek Barnett,DE,HOU,2025,20,2026,5,TEN,11/10,sacks,sacks,0.3,0.15327763557434082,0.15327763557434082,0.6934447288513184
00-0036418,Zack Baun,LB,PHI,2025,19,2026,5,JAX,11/10,sacks,sacks,0.2,0.1533924788236618,0.1533924788236618,0.6932150423526764
00-0039075,Puka Nacua,WR,LA,2026,4,2026,5,BUF,12/10,period_1_rush_rec_tds,period_1_rush_rec_tds,0.5,0.15344794607063617,0.15344794607063617,0.6931041078587277
00-0033120,Kenny Clark,NT,DAL,2025,18,2026,5,TB,08/10,sacks,sacks,0.1,0.15353070199489594,0.15353070199489594,0.6929385960102081
00-0039424,Devaughn Vele,WR,NO,2026,18,2026,5,MIN,11/10,season_rush_tds,season_rush_tds,0.0,0.15360477150476293,0.15360477150476293,0.6927904569904741
00-0036912,DeVonta Smith,WR,PHI,2026,3,2026,5,JAX,11/10,period_1_2_rush_rec_tds,period_1_2_rush_rec_tds,0.5,0.15360833957958625,0.15360833957958625,0.6927833208408275
00-0036358,CeeDee Lamb,WR,DAL,2026,18,2026,5,TB,08/10,season_rec_tds,season_rec_tds,4.0,0.8463236482876623,0.8463236482876623,0.6926472965753245
00-0033869,Mitchell Trubisky,QB,BUF,2025,18,2026,5,LA,12/10,period_1_2_passing_tds,period_1_2_passing_tds,0.5,0.15374731925584995,0.15374731925584995,0.6925053614883001
00-0040143,Jacob Parrish,CB,TB,2025,18,2026,5,DAL,08/10,sacks,sacks,0.1,0.154216468334198,0.154216468334198,0.691567063331604
00-0035993,Tyler Huntley,QB,BAL,2026,4,2026,5,ATL,11/10,rush_rec_tds_qb,rush_rec_tds,0.5,0.15429618644203644,0.15429618644203644,0.6914076271159271
00-0039018,Jack Campbell,LB,DET,2025,18,2026,5,ARI,11/10,sacks,sacks,0.3,0.154657781124115,0.154657781124115,0.69068443775177
00-0037801,KaVontae Turpin,WR,DAL,2026,3,2026,5,TB,08/10,rush_rec_tds,rush_rec_tds,0.5,0.15469807945315994,0.15469807945315994,0.6906038410936801
00-0038794,Jaleel McLaughlin,RB,CLE,2026,4,2026,5,NYJ,11/10,rush_rec_tds,rush_rec_tds,0.5,0.15522553705548367,0.15522553705548367,0.6895489258890326
00-0039107,Stetson Bennett,QB,LA,2026,1,2026,5,BUF,12/10,period_1_2_passing_tds,period_1_2_passing_tds,0.0,0.155305442191378,0.155305442191378,0.689389115617244
00-0038542,Bijan Robinson,RB,ATL,2026,18,2026,5,BAL,11/10,season_rush_tds,season_rush_tds,4.0,0.8444658293726115,0.8444658293726115,0.688931658745223
00-0039451,Isaiah Williams,WR,NYJ,2026,4,2026,5,CLE,11/10,rush_rec_tds,rush_rec_tds,0.5,0.15570681938519795,0.15570681938519795,0.6885863612296041
00-0040663,Harold Fannin Jr.,TE,CLE,2026,4,2026,5,NYJ,11/10,period_1_2_rush_rec_tds,period_1_2_rush_rec_tds,0.5,0.155719278789894,0.155719278789894,0.688561442420212
00-0033949,Joshua Dobbs,QB,NE,2025,18,2026,5,LV,11/10,rush_rec_tds_qb,rush_rec_tds,0.5,0.15607594348720008,0.15607594348720008,0.6878481130255998
00-0038542,Bijan Robinson,RB,ATL,2026,4,2026,5,BAL,11/10,period_1_rushing_yds,period_1_rushing_yds,43.5,0.15631917656981414,0.15631917656981414,0.6873616468603717
00-0038579,Aidan O'Connell,QB,LV,2025,18,2026,5,NE,11/10,period_1_passing_tds,period_1_passing_tds,0.0,0.15636072735908974,0.15636072735908974,0.6872785452818205
00-0038519,Nikko Remigio,WR,KC,2025,2,2026,6,LAC,18/10,rush_rec_tds,rush_rec_tds,0.5,0.15662743541215934,0.15662743541215934,0.6867451291756813
00-0039355,Luke McCaffrey,WR,WAS,2024,3,2026,5,NYG,11/10,rush_rec_tds,rush_rec_tds,0.5,0.15666447074648104,0.15666447074648104,0.6866710585070379
00-0033662,Cooper Rush,QB,ATL,2026,2,2026,5,BAL,11/10,period_1_passing_tds,period_1_passing_tds,0.5,0.15671477979066173,0.15671477979066173,0.6865704404186765
00-0027973,Andy Dalton,QB,CIN,2016,13,2026,5,MIA,11/10,rush_rec_tds_qb,rush_rec_tds,0.5,0.1567203963375313,0.1567203963375313,0.6865592073249374
00-0040129,Emeka Egbuka,WR,TB,2026,18,2026,5,DAL,08/10,season_rush_yards,season_rush_yards,-3.0,0.8432615862995891,0.8432615862995891,0.6865231725991783
00-0035659,Terry McLaurin,WR,WAS,2026,3,2026,5,NYG,11/10,period_1_2_rush_rec_tds,period_1_2_rush_rec_tds,0.5,0.15679294377645206,0.15679294377645206,0.6864141124470959
00-0040730,RJ Harvey,RB,DEN,2026,4,2026,5,LAC,11/10,period_1_2_rush_rec_tds,period_1_2_rush_rec_tds,0.5,0.1568331221559275,0.1568331221559275,0.686333755688145
00-0037310,James Houston,LB,DAL,2025,18,2026,5,TB,08/10,sacks,sacks,0.3,0.1572933793067932,0.1572933793067932,0.6854132413864136
00-0028118,Tyrod Taylor,QB,NYJ,2025,14,2026,5,CLE,11/10,period_1_passing_tds,period_1_passing_tds,0.0,0.15745904023281215,0.15745904023281215,0.6850819195343757
00-0040705,Chimere Dike,WR,TEN,2026,4,2026,5,HOU,11/10,rush_rec_tds,rush_rec_tds,0.5,0.15755651141331092,0.15755651141331092,0.6848869771733781
00-0040590,Konata Mumpfield,WR,LA,2026,18,2026,5,BUF,12/10,season_rush_tds,season_rush_tds,0.0,0.1576119875452845,0.1576119875452845,0.684776024909431
00-0038106,Eyioma Uwazurike,DT,DEN,2025,21,2026,5,LAC,11/10,sacks,sacks,0.2,0.15768949687480927,0.15768949687480927,0.6846210062503815
00-0041251,Jalon Daniels,QB,TB,2026,4,2026,5,DAL,08/10,rush_rec_tds_qb,rush_rec_tds,0.5,0.15786347763765085,0.15786347763765085,0.6842730447246983
00-0038551,Kendre Miller,RB,NO,2026,4,2026,5,MIN,11/10,rush_rec_tds,rush_rec_tds,0.5,0.1580169212863707,0.1580169212863707,0.6839661574272586
00-0036355,Justin Herbert,QB,LAC,2026,4,2026,5,DEN,11/10,rush_rec_tds_qb,rush_rec_tds,0.5,0.15811285290635715,0.15811285290635715,0.6837742941872857
00-0032392,Austin Hooper,TE,NE,2025,7,2026,5,LV,11/10,rush_rec_tds,rush_rec_tds,0.5,0.15843519424661096,0.15843519424661096,0.6831296115067781
00-0037809,Chig Okonkwo,TE,WAS,2026,4,2026,5,NYG,11/10,rush_rec_tds,rush_rec_tds,0.5,0.15855798978903296,0.15855798978903296,0.6828840204219341
00-0037077,Sam Howell,QB,WAS,2023,16,2026,5,NYG,11/10,rush_rec_tds_qb,rush_rec_tds,0.5,0.15875740691466397,0.15875740691466397,0.682485186170672
00-0035289,Gardner Minshew,QB,KC,2025,16,2026,6,LAC,18/10,period_1_2_passing_tds,period_1_2_passing_tds,0.0,0.15885959213930673,0.15885959213930673,0.6822808157213865
00-0036480,Dayo Odeyingbo,DE,CHI,2025,9,2026,5,GB,11/10,sacks,sacks,0.1,0.15906205773353577,0.15906205773353577,0.6818758845329285
00-0036997,Javonte Williams,RB,DAL,2026,4,2026,5,TB,08/10,period_1_rush_rec_tds,period_1_rush_rec_tds,0.5,0.15907766497562809,0.15907766497562809,0.6818446700487438
00-0036971,Trevor Lawrence,QB,JAX,2026,4,2026,5,PHI,11/10,period_1_2_passing_tds,period_1_2_passing_tds,1.5,0.15910531209527495,0.15910531209527495,0.6817893758094501
00-0039021,Roschon Johnson,RB,CHI,2026,4,2026,5,GB,11/10,rush_rec_tds,rush_rec_tds,0.5,0.15915283126706312,0.15915283126706312,0.6816943374658737
00-0034975,Justice Hill,RB,BAL,2026,4,2026,5,ATL,11/10,rush_rec_tds,rush_rec_tds,0.5,0.1596941719857505,0.1596941719857505,0.6806116560284989
00-0040134,Pat Bryant,WR,DEN,2026,18,2026,5,LAC,11/10,season_rush_tds,season_rush_tds,0.0,0.15981207930870597,0.15981207930870597,0.680375841382588
00-0035631,Drew Sample,TE,CIN,2021,9,2026,5,MIA,11/10,rush_rec_tds,rush_rec_tds,0.5,0.15981611645238775,0.15981611645238775,0.6803677670952245
00-0038618,Xavier Hutchinson,WR,HOU,2026,18,2026,5,TEN,11/10,season_rush_tds,season_rush_tds,0.0,0.15997019943249013,0.15997019943249013,0.6800596011350197
00-0040736,Mason Taylor,TE,NYJ,2026,1,2026,5,CLE,11/10,rush_rec_tds,rush_rec_tds,0.5,0.1604183488279722,0.1604183488279722,0.6791633023440555
00-0037291,Jalen Nailor,WR,LV,2026,3,2026,5,NE,11/10,rush_rec_tds,rush_rec_tds,0.5,0.16060707381159375,0.16060707381159375,0.6787858523768124
00-0031576,Za'Darius Smith,DE,PHI,2025,6,2026,5,JAX,11/10,sacks,sacks,0.3,0.16065596044063568,0.16065596044063568,0.6786880791187286
00-0038608,Kayshon Boutte,WR,HOU,2026,18,2026,5,TEN,11/10,season_rush_tds,season_rush_tds,0.0,0.16108881737700642,0.16108881737700642,0.6778223652459872
00-0033699,Austin Ekeler,RB,WAS,2026,4,2026,5,NYG,11/10,period_1_rushing_yds,period_1_rushing_yds,12.0,0.16116353696303512,0.16116353696303512,0.6776729260739298
00-0036309,Darnell Mooney,WR,NYG,2026,4,2026,5,WAS,11/10,rush_rec_tds,rush_rec_tds,0.5,0.16135391041570457,0.16135391041570457,0.6772921791685909
00-0041013,Emmett Johnson,RB,KC,2026,2,2026,6,LAC,18/10,receiving_yards_rb,receiving_yds,32.0,0.16170820130592567,0.16170820130592567,0.6765835973881487
00-0039337,Malik Nabers,WR,NYG,2026,4,2026,5,WAS,11/10,period_1_2_rush_rec_tds,period_1_2_rush_rec_tds,0.5,0.1617665115744889,0.1617665115744889,0.6764669768510222
00-0034844,Saquon Barkley,RB,PHI,2026,4,2026,5,JAX,11/10,period_1_2_rushing_yds,period_1_2_rushing_yds,36.2,0.16184836529590416,0.16184836529590416,0.6763032694081916
00-0037666,Jalen Tolbert,WR,MIA,2026,4,2026,5,CIN,11/10,rush_rec_tds,rush_rec_tds,0.5,0.1619274570784155,0.1619274570784155,0.676145085843169
00-0040234,Quinn Ewers,QB,MIA,2025,18,2026,5,CIN,11/10,period_1_passing_tds,period_1_passing_tds,0.2,0.1621136025507111,0.1621136025507111,0.6757727948985778
00-0035228,Kyler Murray,QB,MIN,2026,4,2026,5,NO,11/10,rush_rec_tds_qb,rush_rec_tds,0.5,0.16212340982040666,0.16212340982040666,0.6757531803591867
00-0030506,Travis Kelce,TE,KC,2026,18,2026,6,LAC,18/10,season_rush_tds,season_rush_tds,0.0,0.16231077453128875,0.16231077453128875,0.6753784509374225
00-0038797,Emanuel Wilson,RB,SEA,2026,18,2026,5,SF,11/10,season_rec_tds,season_rec_tds,1.0,0.16246031902145597,0.16246031902145597,0.6750793619570881
00-0037614,John Metchie III,WR,CAR,2026,4,2026,6,PHI,18/10,rush_rec_tds,rush_rec_tds,0.5,0.16251937177784248,0.16251937177784248,0.674961256444315
00-0040078,Brashard Smith,RB,KC,2026,3,2026,6,LAC,18/10,rush_rec_tds,rush_rec_tds,0.5,0.1628417979794133,0.1628417979794133,0.6743164040411733
00-0039917,Michael Penix Jr.,QB,ATL,2026,4,2026,5,BAL,11/10,period_1_passing_tds,period_1_passing_tds,0.0,0.1628751596704392,0.1628751596704392,0.6742496806591216
00-0038621,DeMario Douglas,WR,NE,2026,18,2026,5,LV,11/10,season_rush_tds,season_rush_tds,0.0,0.16288845582875894,0.16288845582875894,0.6742230883424821
00-0037252,Greg Dulcich,TE,MIA,2026,3,2026,5,CIN,11/10,rush_rec_tds,rush_rec_tds,0.5,0.16294695920841173,0.16294695920841173,0.6741060815831765
00-0038504,Trenton Simpson,LB,BAL,2025,18,2026,5,ATL,11/10,sacks,sacks,0.1,0.1636415421962738,0.1636415421962738,0.6727169156074524
00-0034796,Lamar Jackson,QB,BAL,2026,4,2026,5,ATL,11/10,rush_rec_tds_qb,rush_rec_tds,0.5,0.16383546085644216,0.16383546085644216,0.6723290782871156
00-0040170,Elic Ayomanor,WR,TEN,2026,4,2026,5,HOU,11/10,rush_rec_tds,rush_rec_tds,0.5,0.16406164766955492,0.16406164766955492,0.6718767046608902
00-0036555,Chuba Hubbard,RB,CAR,2026,18,2026,6,PHI,18/10,season_rec_tds,season_rec_tds,2.0,0.16431770168970927,0.16431770168970927,0.6713645966205815
00-0033555,Mack Hollins,WR,NE,2026,18,2026,5,LV,11/10,season_rush_tds,season_rush_tds,0.0,0.16473802985036684,0.16473802985036684,0.6705239402992663
00-0040727,Tre Harris,WR,LAC,2026,4,2026,5,DEN,11/10,rush_rec_tds,rush_rec_tds,0.5,0.1650046332090704,0.1650046332090704,0.6699907335818591
00-0034857,Josh Allen,QB,BUF,2026,4,2026,5,LA,12/10,period_1_rush_rec_tds_qb,period_1_rush_rec_tds,0.5,0.16515182591284605,0.16515182591284605,0.6696963481743079
00-0033921,Chris Godwin Jr.,WR,TB,2026,18,2026,5,DAL,08/10,season_rush_tds,season_rush_tds,0.0,0.1654058343713444,0.1654058343713444,0.6691883312573113
00-0033288,George Kittle,TE,SF,2026,4,2026,5,SEA,11/10,period_1_2_rush_rec_tds,period_1_2_rush_rec_tds,0.5,0.16561334077293566,0.16561334077293566,0.6687733184541287
00-0038115,Daniel Bellinger,TE,NYG,2023,1,2026,5,WAS,11/10,rush_rec_tds,rush_rec_tds,0.5,0.16592606067523724,0.16592606067523724,0.6681478786495255
00-0039148,Keion White,DE,SF,2025,20,2026,5,SEA,11/10,sacks,sacks,0.2,0.16615664958953857,0.16615664958953857,0.6676867008209229
00-0035689,Dawson Knox,TE,BUF,2026,4,2026,5,LA,12/10,rush_rec_tds,rush_rec_tds,0.5,0.16632712555025553,0.16632712555025553,0.6673457488994889
00-0040466,Raheim Sanders,RB,CLE,2026,18,2026,5,NYJ,11/10,season_rush_tds,season_rush_tds,0.0,0.16633526916620242,0.16633526916620242,0.6673294616675951
00-0036997,Javonte Williams,RB,DAL,2026,4,2026,5,TB,08/10,period_first_touchdown_scored,period_first_touchdown_scored,0.5,0.166388110700662,0.166388110700662,0.667223778598676
00-0040466,Raheim Sanders,RB,CLE,2026,4,2026,5,NYJ,11/10,rush_rec_tds,rush_rec_tds,0.5,0.16647127037194318,0.16647127037194318,0.6670574592561136
00-0039299,George Holani,RB,SEA,2026,4,2026,5,SF,11/10,rush_rec_tds,rush_rec_tds,0.5,0.1665050805613365,0.1665050805613365,0.666989838877327
00-0037195,Jaylen Watson,CB,KC,2025,16,2026,6,LAC,18/10,sacks,sacks,0.1,0.16655512154102325,0.16655512154102325,0.6668897569179535
00-0036637,Noah Gray,TE,KC,2026,18,2026,6,LAC,18/10,season_rush_tds,season_rush_tds,0.0,0.1669914394658347,0.1669914394658347,0.6660171210683306
00-0039410,Ryan Flournoy,WR,DAL,2026,18,2026,5,TB,08/10,season_rush_tds,season_rush_tds,0.0,0.1671117134704868,0.1671117134704868,0.6657765730590264
00-0035228,Kyler Murray,QB,MIN,2026,4,2026,5,NO,11/10,period_1_passing_tds,period_1_passing_tds,0.0,0.1673391462476423,0.1673391462476423,0.6653217075047154
00-0035276,Blake Cashman,LB,MIN,2025,18,2026,5,NO,11/10,sacks,sacks,0.2,0.16736572980880737,0.16736572980880737,0.6652685403823853
00-0040694,Darius Alexander,DT,NYG,2025,18,2026,5,WAS,11/10,sacks,sacks,0.2,0.16740109026432037,0.16740109026432037,0.6651978194713593
00-0032398,Chris Moore,WR,WAS,2025,11,2026,5,NYG,11/10,rush_rec_tds,rush_rec_tds,0.5,0.167922693947624,0.167922693947624,0.664154612104752
00-0040134,Pat Bryant,WR,DEN,2026,4,2026,5,LAC,11/10,rush_rec_tds,rush_rec_tds,0.5,0.16821849625609553,0.16821849625609553,0.6635630074878089
00-0038922,Drake Thomas,LB,SEA,2025,22,2026,5,SF,11/10,sacks,sacks,0.2,0.16836948692798615,0.16836948692798615,0.6632610261440277
00-0040734,TreVeyon Henderson,RB,NE,2026,4,2026,5,LV,11/10,period_1_2_rush_rec_tds,period_1_2_rush_rec_tds,0.5,0.1685359401362156,0.1685359401362156,0.6629281197275688
00-0037834,Brock Purdy,QB,SF,2026,4,2026,5,SEA,11/10,rush_rec_tds_qb,rush_rec_tds,0.5,0.16856726421527177,0.16856726421527177,0.6628654715694564
00-0034796,Lamar Jackson,QB,BAL,2026,4,2026,5,ATL,11/10,period_1_passing_tds,period_1_passing_tds,0.0,0.16905287673379923,0.16905287673379923,0.6618942465324016
00-0037740,Garrett Wilson,WR,NYJ,2026,4,2026,5,CLE,11/10,period_1_2_rush_rec_tds,period_1_2_rush_rec_tds,0.5,0.1691431768760169,0.1691431768760169,0.6617136462479662
00-0039851,Drake Maye,QB,NE,2026,4,2026,5,LV,11/10,rush_rec_tds_qb,rush_rec_tds,0.5,0.16922476344128545,0.16922476344128545,0.6615504731174291
00-0039384,Tyrone Tracy Jr.,RB,NYG,2026,4,2026,5,WAS,11/10,rush_rec_tds,rush_rec_tds,0.5,0.16938511467039677,0.16938511467039677,0.6612297706592065
00-0036945,Justin Fields,QB,NYJ,2025,11,2026,5,CLE,11/10,period_1_passing_tds,period_1_passing_tds,0.1,0.16941735449857157,0.16941735449857157,0.6611652910028569
00-0037261,Khalil Shakir,WR,BUF,2026,18,2026,5,LA,12/10,season_rush_tds,season_rush_tds,0.0,0.1695398165224696,0.1695398165224696,0.6609203669550607
00-0038606,Parker Washington,WR,JAX,2026,4,2026,5,PHI,11/10,period_1_2_rush_rec_tds,period_1_2_rush_rec_tds,0.5,0.16957715388259703,0.16957715388259703,0.6608456922348059
00-0040878,Mike Washington Jr.,RB,LV,2026,4,2026,5,NE,11/10,rush_rec_tds,rush_rec_tds,0.5,0.1697046274777037,0.1697046274777037,0.6605907450445926
00-0034383,Dalton Schultz,TE,HOU,2026,18,2026,5,TEN,11/10,season_rush_tds,season_rush_tds,0.0,0.17003100772566446,0.17003100772566446,0.659937984548671
00-0034613,Tanner Hudson,TE,CIN,2025,9,2026,5,MIA,11/10,rush_rec_tds,rush_rec_tds,0.5,0.17011183388970072,0.17011183388970072,0.6597763322205985
00-0038393,Dontayvion Wicks,WR,PHI,2026,4,2026,5,JAX,11/10,rush_rec_tds,rush_rec_tds,0.5,0.17019114770564875,0.17019114770564875,0.6596177045887025
00-0038998,Jake Haener,QB,NO,2024,15,2026,5,MIN,11/10,period_1_2_passing_tds,period_1_2_passing_tds,0.0,0.1704096002518254,0.1704096002518254,0.6591807994963492
00-0036875,Rhamondre Stevenson,RB,NE,2026,4,2026,5,LV,11/10,period_1_2_rush_rec_tds,period_1_2_rush_rec_tds,0.5,0.1705031019330868,0.1705031019330868,0.6589937961338264
00-0039809,Jonah Elliss,LB,DEN,2025,21,2026,5,LAC,11/10,sacks,sacks,0.2,0.1705763190984726,0.1705763190984726,0.6588473618030548
00-0034234,Poona Ford,DT,LA,2025,21,2026,5,BUF,12/10,sacks,sacks,0.2,0.17124433815479279,0.17124433815479279,0.6575113236904144
00-0039798,Isaiah Davis,RB,NYJ,2025,17,2026,5,CLE,11/10,rush_rec_tds,rush_rec_tds,0.5,0.1713319560636002,0.1713319560636002,0.6573360878727996
00-0039911,Chop Robinson,LB,MIA,2025,17,2026,5,CIN,11/10,sacks,sacks,0.3,0.17160767316818237,0.17160767316818237,0.6567846536636353
00-0036193,Anfernee Jennings,LB,NE,2025,22,2026,5,LV,11/10,sacks,sacks,0.2,0.1716134250164032,0.1716134250164032,0.6567731499671936
00-0039880,Malik Washington,WR,MIA,2026,18,2026,5,CIN,11/10,season_rush_tds,season_rush_tds,0.0,0.17167072996706595,0.17167072996706595,0.6566585400658681
00-0033119,Jacoby Brissett,QB,ARI,2026,18,2026,5,DET,11/10,season_rush_tds,season_rush_tds,1.0,0.17187238054702683,0.17187238054702683,0.6562552389059464
00-0040168,Que Robinson,LB,DEN,2025,21,2026,5,LAC,11/10,sacks,sacks,0.2,0.1720731109380722,0.1720731109380722,0.6558537781238556
00-0041326,CJ Donaldson,RB,NO,2026,18,2026,5,MIN,11/10,season_rush_tds,season_rush_tds,0.0,0.17253086587638083,0.17253086587638083,0.6549382682472383
00-0036554,Nico Collins,WR,HOU,2026,4,2026,5,TEN,11/10,period_1_2_receiving_yds,period_1_2_receiving_yds,60.5,0.17255603721368754,0.17255603721368754,0.654887925572625
00-0036550,Rashod Bateman,WR,BAL,2026,4,2026,5,ATL,11/10,rush_rec_tds,rush_rec_tds,0.5,0.17256091712791333,0.17256091712791333,0.6548781657441733
00-0041027,Jeremiyah Love,RB,ARI,2026,4,2026,5,DET,11/10,period_1_rushing_yds,period_1_rushing_yds,29.5,0.17281047490589785,0.17281047490589785,0.6543790501882043
00-0039868,Troy Franklin,WR,DEN,2026,3,2026,5,LAC,11/10,rush_rec_tds,rush_rec_tds,0.5,0.17286590416129058,0.17286590416129058,0.6542681916774189
00-0039032,Tyjae Spears,RB,TEN,2026,4,2026,5,HOU,11/10,rush_rec_tds,rush_rec_tds,0.5,0.17299119344389216,0.17299119344389216,0.6540176131122157
00-0040706,Walter Nolen,DT,ARI,2025,16,2026,5,DET,11/10,sacks,sacks,0.3,0.1735198050737381,0.1735198050737381,0.6529603898525238
00-0037545,Rashid Shaheed,WR,SEA,2026,4,2026,5,SF,11/10,rush_rec_tds,rush_rec_tds,0.5,0.17355732869437063,0.17355732869437063,0.6528853426112587
00-0034981,Foster Moreau,TE,HOU,2026,18,2026,5,TEN,11/10,season_rush_tds,season_rush_tds,0.0,0.17359909202072926,0.17359909202072926,0.6528018159585415
00-0038476,Tommy DeVito,QB,NE,2026,3,2026,5,LV,11/10,period_1_2_passing_tds,period_1_2_passing_tds,0.0,0.17364734763796733,0.17364734763796733,0.6527053047240654
00-0033109,Javon Hargrave,NT,MIN,2025,18,2026,5,NO,11/10,sacks,sacks,0.2,0.17373205721378326,0.17373205721378326,0.6525358855724335
00-0039391,Kimani Vidal,RB,LAC,2026,4,2026,5,DEN,11/10,rushing_yards,rushing_yds,45.6,0.17400148510932922,0.17400148510932922,0.6519970297813416
00-0038393,Dontayvion Wicks,WR,PHI,2026,18,2026,5,JAX,11/10,season_rush_tds,season_rush_tds,0.0,0.1740753706782553,0.1740753706782553,0.6518492586434894
00-0037840,Kyren Williams,RB,LA,2026,4,2026,5,BUF,12/10,period_1_rush_rec_tds,period_1_rush_rec_tds,0.5,0.17408982568619066,0.17408982568619066,0.6518203486276186
00-0037840,Kyren Williams,RB,LA,2026,4,2026,5,BUF,12/10,period_first_touchdown_scored,period_first_touchdown_scored,0.5,0.17426567379379518,0.17426567379379518,0.6514686524124096
00-0034869,Sam Darnold,QB,SEA,2026,4,2026,5,SF,11/10,period_1_passing_tds,period_1_passing_tds,0.3,0.17441615091435023,0.17441615091435023,0.6511676981712995
00-0034857,Josh Allen,QB,BUF,2026,4,2026,5,LA,12/10,period_first_touchdown_scored_qb,period_first_touchdown_scored,0.5,0.17444695025754478,0.17444695025754478,0.6511060994849105
00-0038640,Jalen Brooks,WR,DAL,2023,10,2026,5,TB,08/10,rush_rec_tds,rush_rec_tds,0.5,0.17476533340701458,0.17476533340701458,0.6504693331859708
00-0036290,Cole Kmet,TE,CHI,2026,1,2026,5,GB,11/10,rush_rec_tds,rush_rec_tds,0.5,0.1748409983885423,0.1748409983885423,0.6503180032229154
00-0037012,Trey Lance,QB,LAC,2025,18,2026,5,DEN,11/10,rush_rec_tds_qb,rush_rec_tds,0.5,0.17495662123402325,0.17495662123402325,0.6500867575319536
00-0033280,Christian McCaffrey,RB,SF,2026,4,2026,5,SEA,11/10,period_1_rush_rec_tds,period_1_rush_rec_tds,0.5,0.1752458838581142,0.1752458838581142,0.6495082322837715
00-0033297,D.J. Jones,DT,DEN,2025,21,2026,5,LAC,11/10,sacks,sacks,0.2,0.1754736453294754,0.1754736453294754,0.6490527093410492
00-0039074,Davis Allen,TE,LA,2026,18,2026,5,BUF,12/10,season_rush_tds,season_rush_tds,0.0,0.17562360736067448,0.17562360736067448,0.648752785278651
00-0041032,Kenyon Sadiq,TE,NYJ,2026,18,2026,5,CLE,11/10,season_rush_tds,season_rush_tds,1.0,0.17562583355748615,0.17562583355748615,0.6487483328850276
00-0033526,Samaje Perine,RB,CIN,2026,4,2026,5,MIA,11/10,rush_rec_tds,rush_rec_tds,0.5,0.1758793869303086,0.1758793869303086,0.6482412261393828
00-0037240,Jameson Williams,WR,DET,2026,4,2026,5,ARI,11/10,period_1_2_rush_rec_tds,period_1_2_rush_rec_tds,0.5,0.17590605326882372,0.17590605326882372,0.6481878934623526
00-0032951,Laquon Treadwell,WR,IND,2026,4,2026,5,PIT,11/10,rush_rec_tds,rush_rec_tds,0.5,0.17608293733156657,0.17608293733156657,0.6478341253368669
00-0038606,Parker Washington,WR,JAX,2026,4,2026,5,PHI,11/10,period_1_2_receiving_yds,period_1_2_receiving_yds,46.5,0.17611130652600185,0.17611130652600185,0.6477773869479964
00-0040719,Bhayshul Tuten,RB,JAX,2026,4,2026,5,PHI,11/10,period_1_2_rush_rec_tds,period_1_2_rush_rec_tds,0.5,0.17617840497658271,0.17617840497658271,0.6476431900468346
00-0036613,Jaylen Waddle,WR,DEN,2026,18,2026,5,LAC,11/10,season_rush_tds,season_rush_tds,0.0,0.17630678858916315,0.17630678858916315,0.6473864228216737
00-0033908,Cooper Kupp,WR,SEA,2026,18,2026,5,SF,11/10,season_rush_tds,season_rush_tds,0.0,0.17636607427110865,0.17636607427110865,0.6472678514577828
00-0040189,Oronde Gadsden II,TE,LAC,2026,18,2026,5,DEN,11/10,season_rush_tds,season_rush_tds,0.0,0.17652165954730198,0.17652165954730198,0.646956680905396
00-0036407,Jerry Jeudy,WR,CLE,2026,4,2026,5,NYJ,11/10,rush_rec_tds,rush_rec_tds,0.5,0.1765824947485567,0.1765824947485567,0.6468350105028866
00-0039733,Ruke Orhorhoro,DT,ATL,2025,18,2026,5,BAL,11/10,sacks,sacks,0.2,0.17713354527950287,0.17713354527950287,0.6457329094409943
00-0039047,Derick Hall,LB,SEA,2025,22,2026,5,SF,11/10,sacks,sacks,0.2,0.17719624936580658,0.17719624936580658,0.6456075012683868
00-0023459,Aaron Rodgers,QB,PIT,2026,18,2026,5,IND,11/10,season_rush_tds,season_rush_tds,0.0,0.1777890640884295,0.1777890640884295,0.6444218718231409
00-0036425,DeeJay Dallas,RB,MIN,2026,18,2026,5,NO,11/10,season_rush_tds,season_rush_tds,0.0,0.177863222236202,0.177863222236202,0.644273555527596
00-0036204,LaCale London,DE,ATL,2025,18,2026,5,BAL,11/10,sacks,sacks,0.4,0.17807434499263763,0.17807434499263763,0.6438513100147247
00-0038976,Marvin Mims Jr.,WR,DEN,2026,4,2026,5,LAC,11/10,rush_rec_tds,rush_rec_tds,0.5,0.17819569802626092,0.17819569802626092,0.6436086039474782
00-0040138,Jaylin Noel,WR,HOU,2026,4,2026,5,TEN,11/10,rush_rec_tds,rush_rec_tds,0.5,0.17857612073302465,0.17857612073302465,0.6428477585339507
00-0036963,Amon-Ra St. Brown,WR,DET,2026,18,2026,5,ARI,11/10,season_rush_tds,season_rush_tds,0.0,0.17862592019100978,0.17862592019100978,0.6427481596179805
00-0034837,Calvin Ridley,WR,TEN,2026,4,2026,5,HOU,11/10,rush_rec_tds,rush_rec_tds,0.5,0.17866231512372757,0.17866231512372757,0.6426753697525449
00-0040743,Tyler Shough,QB,NO,2026,4,2026,5,MIN,11/10,rush_rec_tds_qb,rush_rec_tds,0.5,0.17872770006259817,0.17872770006259817,0.6425445998748036
00-0039067,Rashee Rice,WR,KC,2026,3,2026,6,LAC,18/10,period_1_2_rush_rec_tds,period_1_2_rush_rec_tds,0.5,0.17879950816303547,0.17879950816303547,0.6424009836739291
00-0036224,Jonathan Greenard,LB,MIN,2025,15,2026,5,NO,11/10,sacks,sacks,0.2,0.17887388169765472,0.17887388169765472,0.6422522366046906
00-0036188,Antonio Williams,RB,BUF,2020,17,2026,5,LA,12/10,period_1_rush_rec_tds,period_1_rush_rec_tds,0.5,0.17901075815037637,0.17901075815037637,0.6419784836992473
00-0037301,Theo Jackson,DB,MIN,2025,18,2026,5,NO,11/10,sacks,sacks,0.1,0.17903020977973938,0.17903020977973938,0.6419395804405212
00-0041040,Antonio Williams,WR,WAS,2026,4,2026,5,NYG,11/10,rush_rec_tds,rush_rec_tds,0.5,0.1793406428849451,0.1793406428849451,0.6413187142301098
00-0036366,Neville Gallimore,DT,IND,2025,18,2026,5,PIT,11/10,sacks,sacks,0.2,0.1796702891588211,0.1796702891588211,0.6406594216823578
00-0039919,Rome Odunze,WR,CHI,2026,4,2026,5,GB,11/10,period_1_2_receiving_yds,period_1_2_receiving_yds,40.2,0.17972427805563596,0.17972427805563596,0.6405514438887281
00-0035689,Dawson Knox,TE,BUF,2026,18,2026,5,LA,12/10,season_rec_tds,season_rec_tds,1.0,0.17978164546694145,0.17978164546694145,0.6404367090661172
00-0038454,Keaton Mitchell,RB,LAC,2026,18,2026,5,DEN,11/10,season_rec_tds,season_rec_tds,1.0,0.1799483219569894,0.1799483219569894,0.6401033560860212
00-0035718,Quinnen Williams,DT,DAL,2025,18,2026,5,TB,08/10,sacks,sacks,0.2,0.17999769747257233,0.17999769747257233,0.6400046050548553
00-0039049,SirVocea Dennis,LB,TB,2025,18,2026,5,DAL,08/10,sacks,sacks,0.2,0.18008871376514435,0.18008871376514435,0.6398225724697113
00-0031588,Stefon Diggs,WR,WAS,2026,18,2026,5,NYG,11/10,season_rec_tds,season_rec_tds,3.0,0.18053340864887285,0.18053340864887285,0.6389331827022543
00-0039066,Michael Mayer,TE,LV,2026,4,2026,5,NE,11/10,rush_rec_tds,rush_rec_tds,0.5,0.18056374584072227,0.18056374584072227,0.6388725083185555
00-0036188,Antonio Williams,RB,BUF,2020,17,2026,5,LA,12/10,period_first_touchdown_scored,period_first_touchdown_scored,0.5,0.18059930561821555,0.18059930561821555,0.6388013887635688
00-0031381,Davante Adams,WR,LA,2026,18,2026,5,BUF,12/10,season_rush_tds,season_rush_tds,0.0,0.18061062079309984,0.18061062079309984,0.6387787584138003
00-0039890,Adonai Mitchell,WR,NYJ,2026,2,2026,5,CLE,11/10,rush_rec_tds,rush_rec_tds,0.5,0.1808681097348914,0.1808681097348914,0.6382637805302172
00-0037253,Marcus Jones,CB,NE,2025,22,2026,5,LV,11/10,sacks,sacks,0.1,0.18107379972934723,0.18107379972934723,0.6378524005413055
00-0038128,Malik Willis,QB,MIA,2026,4,2026,5,CIN,11/10,period_1_passing_tds,period_1_passing_tds,0.0,0.18119041931895513,0.18119041931895513,0.6376191613620897
00-0034753,Mark Andrews,TE,BAL,2026,18,2026,5,ATL,11/10,season_rush_tds,season_rush_tds,0.0,0.18149300950627503,0.18149300950627503,0.63701398098745
00-0038824,Ryan Miller,WR,TB,2024,10,2026,5,DAL,08/10,rush_rec_tds,rush_rec_tds,0.5,0.18157680129611087,0.18157680129611087,0.6368463974077783
00-0035710,Daniel Jones,QB,IND,2026,18,2026,5,PIT,11/10,season_rush_tds,season_rush_tds,1.0,0.18161258608380731,0.18161258608380731,0.6367748278323854
00-0034800,B.J. Hill,DT,CIN,2025,18,2026,5,MIA,11/10,sacks,sacks,0.2,0.181871697306633,0.181871697306633,0.636256605386734
00-0039923,J.J. McCarthy,QB,MIN,2025,18,2026,5,NO,11/10,period_1_passing_tds,period_1_passing_tds,0.4,0.1819207681472721,0.1819207681472721,0.6361584637054558
00-0038129,Cade Otton,TE,TB,2026,18,2026,5,DAL,08/10,season_rush_tds,season_rush_tds,0.0,0.18201760381827842,0.18201760381827842,0.6359647923634432
00-0026158,Joe Flacco,QB,CIN,2025,18,2026,5,MIA,11/10,period_1_passing_tds,period_1_passing_tds,0.1,0.18212533242281195,0.18212533242281195,0.6357493351543761
00-0040187,Mitchell Evans,TE,CAR,2026,18,2026,6,PHI,18/10,season_rush_tds,season_rush_tds,0.0,0.1821604796797328,0.1821604796797328,0.6356790406405344
00-0039732,Bo Nix,QB,DEN,2026,4,2026,5,LAC,11/10,rush_rec_tds_qb,rush_rec_tds,0.5,0.18230965462126472,0.18230965462126472,0.6353806907574706
00-0038115,Daniel Bellinger,TE,TEN,2026,18,2026,5,HOU,11/10,season_rush_tds,season_rush_tds,0.0,0.1824532062270704,0.1824532062270704,0.6350935875458592
00-0039065,Sam LaPorta,TE,DET,2026,4,2026,5,ARI,11/10,period_1_2_rush_rec_tds,period_1_2_rush_rec_tds,0.5,0.18311352786517932,0.18311352786517932,0.6337729442696414
00-0039868,Troy Franklin,WR,DEN,2026,3,2026,5,LAC,11/10,receptions,receptions,3.1,0.18321141600608826,0.18321141600608826,0.6335771679878235
00-0033280,Christian McCaffrey,RB,SF,2026,4,2026,5,SEA,11/10,period_first_touchdown_scored,period_first_touchdown_scored,0.5,0.18321443841548748,0.18321443841548748,0.6335711231690251
00-0038542,Bijan Robinson,RB,ATL,2026,4,2026,5,BAL,11/10,period_1_2_rushing_yds,period_1_2_rushing_yds,68.8,0.18344167989767857,0.18344167989767857,0.6331166402046429
00-0038558,Darnell Washington,TE,PIT,2026,4,2026,5,IND,11/10,rush_rec_tds,rush_rec_tds,0.5,0.1836326088164508,0.1836326088164508,0.6327347823670983
00-0039910,Jayden Daniels,QB,WAS,2026,2,2026,5,NYG,11/10,period_1_passing_tds,period_1_passing_tds,0.0,0.18373814167232652,0.18373814167232652,0.632523716655347
00-0039376,Spencer Rattler,QB,NO,2025,15,2026,5,MIN,11/10,period_1_passing_tds,period_1_passing_tds,0.0,0.18399611883609024,0.18399611883609024,0.6320077623278195
00-0038041,Jake Ferguson,TE,DAL,2026,18,2026,5,TB,08/10,season_rush_tds,season_rush_tds,0.0,0.18399642613833375,0.18399642613833375,0.6320071477233324
00-0032889,A'Shawn Robinson,DT,CAR,2025,19,2026,6,PHI,18/10,sacks,sacks,0.1,0.18408484756946564,0.18408484756946564,0.6318303048610687
00-0035644,Noah Fant,TE,NO,2026,3,2026,5,MIN,11/10,rush_rec_tds,rush_rec_tds,0.5,0.18427068977612446,0.18427068977612446,0.631458620447751
00-0037816,Romeo Doubs,WR,NE,2026,18,2026,5,LV,11/10,season_rush_tds,season_rush_tds,0.0,0.18431658598867012,0.18431658598867012,0.6313668280226598
00-0039835,Justin Eboigbe,DT,LAC,2025,19,2026,5,DEN,11/10,sacks,sacks,0.3,0.18444952368736267,0.18444952368736267,0.6311009526252747
00-0038393,Dontayvion Wicks,WR,PHI,2026,4,2026,5,JAX,11/10,period_1_2_receiving_yds,period_1_2_receiving_yds,38.2,0.1844815928446091,0.1844815928446091,0.6310368143107818
00-0035279,Charles Omenihu,DE,KC,2025,18,2026,6,LAC,18/10,sacks,sacks,0.2,0.18472282588481903,0.18472282588481903,0.6305543482303619
00-0035261,Tony Pollard,RB,TEN,2026,4,2026,5,HOU,11/10,period_1_2_rush_rec_tds,period_1_2_rush_rec_tds,0.5,0.18476623211777876,0.18476623211777876,0.6304675357644425
00-0037838,Isaiah Likely,TE,NYG,2026,18,2026,5,WAS,11/10,season_rush_tds,season_rush_tds,0.0,0.18511976317286677,0.18511976317286677,0.6297604736542665
00-0039875,Ray Davis,RB,BUF,2026,4,2026,5,LA,12/10,period_1_receiving_yds,period_1_receiving_yds,0.0,0.18512898330804248,0.19988088371381785,0.629742033383915
00-0040134,Pat Bryant,WR,DEN,2026,4,2026,5,LAC,11/10,period_1_receiving_yds,period_1_receiving_yds,9.5,0.18512898330804248,0.19576369617406336,0.629742033383915
00-0040208,Tahj Brooks,RB,CIN,2025,17,2026,5,MIA,11/10,period_1_receiving_yds,period_1_receiving_yds,0.0,0.18512898330804248,0.19719343648282353,0.629742033383915
00-0040735,Luther Burden III,WR,CHI,2026,4,2026,5,GB,11/10,period_1_receiving_yds,period_1_receiving_yds,26.2,0.18512898330804248,0.19810471422496484,0.629742033383915
00-0036842,Kene Nwangwu,RB,NYJ,2025,18,2026,5,CLE,11/10,period_1_receiving_yds,period_1_receiving_yds,0.0,0.18512898330804248,0.19988088371381785,0.629742033383915
00-0040179,DJ Giddens,RB,IND,2025,18,2026,5,PIT,11/10,period_1_receiving_yds,period_1_receiving_yds,0.0,0.18512898330804248,0.19533780411811702,0.629742033383915
00-0038543,Jaxon Smith-Njigba,WR,SEA,2026,4,2026,5,SF,11/10,period_1_receiving_yds,period_1_receiving_yds,37.2,0.18512898330804248,0.2008166192843877,0.629742033383915
00-0038519,Nikko Remigio,WR,KC,2025,3,2026,6,LAC,18/10,period_1_receiving_yds,period_1_receiving_yds,0.0,0.18512898330804248,0.19988088371381785,0.629742033383915
00-0038794,Jaleel McLaughlin,RB,CLE,2026,4,2026,5,NYJ,11/10,period_1_receiving_yds,period_1_receiving_yds,0.0,0.18512898330804248,0.19988088371381785,0.629742033383915
00-0039919,Rome Odunze,WR,CHI,2026,4,2026,5,GB,11/10,period_1_receiving_yds,period_1_receiving_yds,17.5,0.18512898330804248,0.19773587618983882,0.629742033383915
00-0036265,AJ Dillon,RB,CAR,2026,4,2026,6,PHI,18/10,period_1_receiving_yds,period_1_receiving_yds,0.0,0.18512898330804248,0.2017383611232659,0.629742033383915
00-0039150,Bryce Young,QB,CAR,2026,18,2026,6,PHI,18/10,season_rush_tds,season_rush_tds,1.0,0.18524157855061232,0.18524157855061232,0.6295168428987754
00-0033288,George Kittle,TE,SF,2026,18,2026,5,SEA,11/10,season_rec_tds,season_rec_tds,4.0,0.1854488721676974,0.1854488721676974,0.6291022556646052
00-0039794,Braelon Allen,RB,NYJ,2026,4,2026,5,CLE,11/10,rush_rec_tds,rush_rec_tds,0.5,0.18547039886053363,0.18547039886053363,0.6290592022789327
00-0027969,Cameron Heyward,DE,PIT,2025,19,2026,5,IND,11/10,sacks,sacks,0.2,0.18554416298866272,0.18554416298866272,0.6289116740226746
00-0040785,Dohnte Meyers,WR,CIN,2026,4,2026,5,MIA,11/10,rush_rec_tds,rush_rec_tds,0.5,0.18611283136743637,0.18611283136743637,0.6277743372651272
00-0033090,Hunter Henry,TE,NE,2026,18,2026,5,LV,11/10,season_rush_tds,season_rush_tds,0.0,0.18611846897598228,0.18611846897598228,0.6277630620480354
00-0031503,Jameis Winston,QB,NYG,2026,4,2026,5,WAS,11/10,period_1_passing_tds,period_1_passing_tds,0.0,0.18618040155318188,0.18618040155318188,0.6276391968936362
00-0033921,Chris Godwin Jr.,WR,TB,2026,18,2026,5,DAL,08/10,season_rush_yards,season_rush_yards,15.0,0.18618763674044977,0.18618763674044977,0.6276247265191004
00-0039491,Jalen Coker,WR,CAR,2026,3,2026,6,PHI,18/10,period_1_2_receiving_yds,period_1_2_receiving_yds,50.3,0.1866167943250243,0.1866167943250243,0.6267664113499514
00-0040676,Cam Ward,QB,TEN,2026,18,2026,5,HOU,11/10,season_rush_tds,season_rush_tds,2.0,0.18667409367731996,0.18667409367731996,0.6266518126453601
00-0035689,Dawson Knox,TE,BUF,2026,18,2026,5,LA,12/10,season_rush_tds,season_rush_tds,0.0,0.18697415790140787,0.18697415790140787,0.6260516841971843
00-0036879,Sam Ehlinger,QB,IND,2022,18,2026,5,PIT,11/10,period_1_passing_tds,period_1_passing_tds,0.2,0.18755904799365658,0.18755904799365658,0.6248819040126868
00-0036971,Trevor Lawrence,QB,JAX,2026,4,2026,5,PHI,11/10,rush_rec_tds_qb,rush_rec_tds,0.5,0.18770628056544048,0.18770628056544048,0.624587438869119
00-0035704,Drew Lock,QB,SEA,2026,2,2026,5,SF,11/10,period_1_passing_tds,period_1_passing_tds,0.5,0.18778313395903168,0.18778313395903168,0.6244337320819366
00-0034320,Kentavius Street,DE,ATL,2025,18,2026,5,BAL,11/10,sacks,sacks,0.3,0.18797841668128967,0.18797841668128967,0.6240431666374207
00-0038553,Daiyan Henley,LB,LAC,2025,19,2026,5,DEN,11/10,sacks,sacks,0.2,0.18850940465927124,0.18850940465927124,0.6229811906814575
00-0038611,Chris Rodriguez Jr.,RB,JAX,2026,18,2026,5,PHI,11/10,season_rush_tds,season_rush_tds,2.0,0.1886090409691943,0.1886090409691943,0.6227819180616114
00-0041042,Malachi Fields,WR,NYG,2026,4,2026,5,WAS,11/10,rush_rec_tds,rush_rec_tds,0.5,0.18887466569011221,0.18887466569011221,0.6222506686197755
00-0037238,Drake London,WR,ATL,2026,4,2026,5,BAL,11/10,period_1_2_receiving_yds,period_1_2_receiving_yds,47.2,0.18893711922015807,0.18893711922015807,0.6221257615596838
00-0039792,Devontez Walker,WR,BAL,2026,4,2026,5,ATL,11/10,period_1_2_receiving_yds,period_1_2_receiving_yds,22.0,0.18917254316145216,0.18917254316145216,0.6216549136770957
00-0037799,Dondrea Tillman,LB,DEN,2025,21,2026,5,LAC,11/10,sacks,sacks,0.2,0.18948239088058472,0.18948239088058472,0.6210352182388306
00-0036898,Davis Mills,QB,HOU,2025,18,2026,5,TEN,11/10,period_1_passing_tds,period_1_passing_tds,0.0,0.18958764865722916,0.18958764865722916,0.6208247026855417
00-0035021,Ashton Dulin,WR,IND,2024,9,2026,5,PIT,11/10,receptions,receptions,1.1,0.18962636590003967,0.18962636590003967,0.6207472681999207
00-0039894,Xavier Worthy,WR,KC,2026,4,2026,6,LAC,18/10,rush_rec_tds,rush_rec_tds,0.5,0.19062925091010346,0.19062925091010346,0.6187414981797931
00-0037157,Bam Knight,RB,ARI,2026,2,2026,5,DET,11/10,rush_rec_tds,rush_rec_tds,0.5,0.1907211876791585,0.1907211876791585,0.6185576246416831
00-0038996,Tucker Kraft,TE,GB,2026,18,2026,5,CHI,11/10,season_rush_tds,season_rush_tds,0.0,0.19092667714430378,0.19092667714430378,0.6181466457113924
00-0035535,Darius Slayton,WR,NYG,2025,18,2026,5,WAS,11/10,rush_rec_tds,rush_rec_tds,0.5,0.19098903090846567,0.19098903090846567,0.6180219381830687
00-0037247,George Pickens,WR,DAL,2026,4,2026,5,TB,08/10,period_1_2_rush_rec_tds,period_1_2_rush_rec_tds,0.5,0.1913685243916463,0.1913685243916463,0.6172629512167074
00-0039847,Theo Johnson,TE,NYG,2026,4,2026,5,WAS,11/10,rush_rec_tds,rush_rec_tds,0.5,0.19141912805366917,0.19141912805366917,0.6171617438926617
00-0036981,Christian Barmore,DT,NE,2025,22,2026,5,LV,11/10,sacks,sacks,0.1,0.19167813658714294,0.19167813658714294,0.6166437268257141
00-0033307,Kendrick Bourne,WR,ARI,2026,3,2026,5,DET,11/10,rush_rec_tds,rush_rec_tds,0.5,0.19209993143791976,0.19209993143791976,0.6158001371241605
00-0035685,David Montgomery,RB,HOU,2026,18,2026,5,TEN,11/10,season_rec_tds,season_rec_tds,1.0,0.19216154470315072,0.19216154470315072,0.6156769105936986
00-0036945,Justin Fields,QB,NYJ,2025,11,2026,5,CLE,11/10,period_1_2_rush_rec_tds_qb,period_1_2_rush_rec_tds,0.5,0.19228572886580994,0.19228572886580994,0.6154285422683801
00-0039752,Cedric Johnson,DE,CIN,2025,18,2026,5,MIA,11/10,sacks,sacks,0.2,0.1925462931394577,0.1925462931394577,0.6149074137210846
00-0036626,Dyami Brown,WR,WAS,2026,18,2026,5,NYG,11/10,season_rush_tds,season_rush_tds,0.0,0.19268998965194403,0.19268998965194403,0.6146200206961119
00-0037005,Tommy Tremble,TE,CAR,2026,18,2026,6,PHI,18/10,season_rush_tds,season_rush_tds,0.0,0.19278833726358727,0.19278833726358727,0.6144233254728255
00-0031381,Davante Adams,WR,LA,2026,18,2026,5,BUF,12/10,season_rec_tds,season_rec_tds,2.0,0.8071253457810144,0.8071253457810144,0.6142506915620287
00-0040878,Mike Washington Jr.,RB,LV,2026,18,2026,5,NE,11/10,season_receiving_yards,season_receiving_yards,-1.0,0.8070082673025936,0.8070082673025936,0.6140165346051871
00-0033908,Cooper Kupp,WR,SEA,2026,4,2026,5,SF,11/10,rush_rec_tds,rush_rec_tds,0.5,0.19301236380931608,0.19301236380931608,0.6139752723813678
00-0031408,Mike Evans,WR,SF,2026,18,2026,5,SEA,11/10,season_rush_tds,season_rush_tds,0.0,0.19320841234072048,0.19320841234072048,0.613583175318559
00-0038124,Christian Watson,WR,GB,2026,4,2026,5,CHI,11/10,period_1_2_rush_rec_tds,period_1_2_rush_rec_tds,0.5,0.19372462314441624,0.19372462314441624,0.6125507537111675
00-0040237,Tez Johnson,WR,TB,2026,4,2026,5,DAL,08/10,rush_rec_tds,rush_rec_tds,0.5,0.19404750568762263,0.19404750568762263,0.6119049886247547
00-0038797,Emanuel Wilson,RB,SEA,2026,4,2026,5,SF,11/10,period_1_2_rush_rec_tds,period_1_2_rush_rec_tds,0.5,0.1941757713244073,0.1941757713244073,0.6116484573511853
00-0034348,Courtland Sutton,WR,DEN,2026,18,2026,5,LAC,11/10,season_rush_tds,season_rush_tds,0.0,0.19423370942575496,0.19423370942575496,0.6115325811484901
00-0033873,Patrick Mahomes,QB,KC,2026,18,2026,6,LAC,18/10,season_rush_tds,season_rush_tds,1.0,0.19475968625292545,0.19475968625292545,0.6104806274941491
00-0040738,Demetrius Knight Jr.,LB,CIN,2025,18,2026,5,MIA,11/10,sacks,sacks,0.2,0.1948668360710144,0.1948668360710144,0.6102663278579712
00-0039918,Caleb Williams,QB,CHI,2026,2,2026,5,GB,11/10,period_1_passing_tds,period_1_passing_tds,0.0,0.19492633192978595,0.19492633192978595,0.6101473361404282
00-0038608,Kayshon Boutte,WR,HOU,2026,4,2026,5,TEN,11/10,rush_rec_tds,rush_rec_tds,0.5,0.19499239592478176,0.19499239592478176,0.6100152081504364
00-0040584,Gunnar Helm,TE,TEN,2026,18,2026,5,HOU,11/10,season_rush_tds,season_rush_tds,0.0,0.19522436256889325,0.19522436256889325,0.6095512748622135
00-0032464,Kalif Raymond,WR,CHI,2026,4,2026,5,GB,11/10,rush_rec_tds,rush_rec_tds,0.5,0.1958405589516775,0.1958405589516775,0.608318882096645
00-0040124,Tetairoa McMillan,WR,CAR,2026,4,2026,6,PHI,18/10,period_1_2_rush_rec_tds,period_1_2_rush_rec_tds,0.5,0.1960533093062521,0.1960533093062521,0.6078933813874958
00-0039013,Nolan Smith,LB,PHI,2025,19,2026,5,JAX,11/10,sacks,sacks,0.2,0.19628101587295532,0.19628101587295532,0.6074379682540894
00-0033090,Hunter Henry,TE,NE,2026,4,2026,5,LV,11/10,rush_rec_tds,rush_rec_tds,0.5,0.19640026087676932,0.19640026087676932,0.6071994782464614
00-0037238,Drake London,WR,ATL,2026,4,2026,5,BAL,11/10,period_1_2_rush_rec_tds,period_1_2_rush_rec_tds,0.5,0.1964954259977631,0.1964954259977631,0.6070091480044738
00-0036212,Tua Tagovailoa,QB,MIA,2025,15,2026,5,CIN,11/10,period_1_passing_tds,period_1_passing_tds,0.2,0.1968331782693912,0.1968331782693912,0.6063336434612177
00-0040170,Elic Ayomanor,WR,TEN,2026,18,2026,5,HOU,11/10,season_rush_tds,season_rush_tds,0.0,0.19693068028326915,0.19693068028326915,0.6061386394334617
00-0038579,Aidan O'Connell,QB,LV,2023,4,2026,5,NE,11/10,period_1_2_rush_rec_tds_qb,period_1_2_rush_rec_tds,0.5,0.19718347859711863,0.19718347859711863,0.6056330428057628
00-0039793,AJ Barner,TE,SEA,2026,4,2026,5,SF,11/10,rush_rec_tds,rush_rec_tds,0.5,0.19727364820373666,0.19727364820373666,0.6054527035925267
00-0039811,MarShawn Lloyd,RB,GB,2026,4,2026,5,CHI,11/10,rush_rec_tds,rush_rec_tds,0.5,0.1972772529108237,0.1972772529108237,0.6054454941783526
00-0039365,Jacob Cowing,WR,SF,2024,7,2026,5,SEA,11/10,rush_rec_tds,rush_rec_tds,0.5,0.19749724796203266,0.19749724796203266,0.6050055040759347
00-0032268,Marcus Mariota,QB,WAS,2026,4,2026,5,NYG,11/10,period_1_2_passing_tds,period_1_2_passing_tds,0.7,0.19763044199622332,0.19763044199622332,0.6047391160075534
00-0039338,Brock Bowers,TE,LV,2026,4,2026,5,NE,11/10,period_1_2_rush_rec_tds,period_1_2_rush_rec_tds,0.5,0.19799600210441895,0.19799600210441895,0.6040079957911622
00-0034753,Mark Andrews,TE,BAL,2026,4,2026,5,ATL,11/10,rush_rec_tds,rush_rec_tds,0.5,0.19808110842706822,0.19808110842706822,0.6038377831458636
00-0040734,TreVeyon Henderson,RB,NE,2026,4,2026,5,LV,11/10,period_1_rushing_yds,period_1_rushing_yds,24.0,0.19828119916887188,0.19828119916887188,0.6034376016622562
00-0033589,David Moore,WR,CAR,2026,3,2026,6,PHI,18/10,receptions,receptions,2.0,0.19832591712474823,0.19832591712474823,0.6033481657505035
00-0036919,Kenny Gainwell,RB,TB,2026,18,2026,5,DAL,08/10,season_rush_tds,season_rush_tds,0.0,0.19856808251834354,0.19856808251834354,0.6028638349633129
00-0036259,Jauan Jennings,WR,MIN,2026,4,2026,5,NO,11/10,rush_rec_tds,rush_rec_tds,0.5,0.1986586530241178,0.1986586530241178,0.6026826939517644
00-0033537,Deshaun Watson,QB,CLE,2026,4,2026,5,NYJ,11/10,rush_rec_tds_qb,rush_rec_tds,0.5,0.19889603230886993,0.19889603230886993,0.6022079353822601
00-0036919,Kenny Gainwell,RB,TB,2026,18,2026,5,DAL,08/10,season_rec_tds,season_rec_tds,1.0,0.19911487424936505,0.19911487424936505,0.60177025150127
00-0032759,Sheldon Rankins,DT,HOU,2025,20,2026,5,TEN,11/10,sacks,sacks,0.2,0.19939102232456207,0.19939102232456207,0.6012179553508759
00-0040142,Kaleb Johnson,RB,GB,2026,4,2026,5,CHI,11/10,period_1_receiving_yds,period_1_receiving_yds,0.0,0.19982355535950597,0.2197857932655996,0.6003528892809881
00-0036259,Jauan Jennings,WR,MIN,2026,4,2026,5,NO,11/10,period_1_receiving_yds,period_1_receiving_yds,2.7,0.19982355535950597,0.2045198883802971,0.6003528892809881
00-0036252,Michael Pittman,WR,PIT,2026,4,2026,5,IND,11/10,period_1_receiving_yds,period_1_receiving_yds,12.7,0.19982355535950597,0.20416563448697234,0.6003528892809881
00-0035602,Alex Bachman,WR,LV,2025,16,2026,5,NE,11/10,period_1_receiving_yds,period_1_receiving_yds,0.0,0.19982355535950597,0.2197857932655996,0.6003528892809881
00-0034272,Marquez Valdes-Scantling,WR,LAC,2026,4,2026,5,DEN,11/10,period_1_receiving_yds,period_1_receiving_yds,0.0,0.19982355535950597,0.2197857932655996,0.6003528892809881
00-0036188,Antonio Williams,RB,BUF,2020,17,2026,5,LA,12/10,period_1_receiving_yds,period_1_receiving_yds,0.0,0.19982355535950597,0.2197857932655996,0.6003528892809881
00-0036630,Tylan Wallace,WR,BAL,2025,12,2026,5,ATL,11/10,period_1_receiving_yds,period_1_receiving_yds,1.7,0.19982355535950597,0.21083905141786632,0.6003528892809881
00-0036555,Chuba Hubbard,RB,CAR,2026,4,2026,6,PHI,18/10,period_1_receiving_yds,period_1_receiving_yds,6.8,0.19982355535950597,0.21628300243319912,0.6003528892809881
00-0036590,Quintin Morris,TE,JAX,2026,2,2026,5,PHI,11/10,period_1_receiving_yds,period_1_receiving_yds,0.0,0.19982355535950597,0.2197857932655996,0.6003528892809881
00-0037746,Brian Robinson,RB,ATL,2026,4,2026,5,BAL,11/10,period_1_receiving_yds,period_1_receiving_yds,0.0,0.19982355535950597,0.21255104673044417,0.6003528892809881
00-0037755,Jelani Woods,TE,NYJ,2026,4,2026,5,CLE,11/10,period_1_receiving_yds,period_1_receiving_yds,0.0,0.19982355535950597,0.2197857932655996,0.6003528892809881
00-0037666,Jalen Tolbert,WR,MIA,2026,4,2026,5,CIN,11/10,period_1_receiving_yds,period_1_receiving_yds,0.0,0.19982355535950597,0.2197857932655996,0.6003528892809881
00-0037317,Nick Muse,TE,MIN,2023,18,2026,5,NO,11/10,period_1_receiving_yds,period_1_receiving_yds,0.0,0.19982355535950597,0.2197857932655996,0.6003528892809881
00-0032104,Ameer Abdullah,RB,JAX,2026,3,2026,5,PHI,11/10,period_1_receiving_yds,period_1_receiving_yds,0.0,0.19982355535950597,0.2197857932655996,0.6003528892809881
00-0037524,Tay Martin,WR,WAS,2025,5,2026,5,NYG,11/10,period_1_receiving_yds,period_1_receiving_yds,0.0,0.19982355535950597,0.2197857932655996,0.6003528892809881
00-0037304,Connor Heyward,TE,PIT,2024,17,2026,5,IND,11/10,period_1_receiving_yds,period_1_receiving_yds,2.4,0.19982355535950597,0.21064684799347128,0.6003528892809881
00-0034613,Tanner Hudson,TE,CIN,2026,4,2026,5,MIA,11/10,period_1_receiving_yds,period_1_receiving_yds,2.0,0.19982355535950597,0.21158131182021747,0.6003528892809881
00-0033757,Robert Tonyan,TE,PIT,2026,3,2026,5,IND,11/10,period_1_receiving_yds,period_1_receiving_yds,0.0,0.19982355535950597,0.2197857932655996,0.6003528892809881
00-0033217,Mo Alie-Cox,TE,IND,2026,3,2026,5,PIT,11/10,period_1_receiving_yds,period_1_receiving_yds,0.0,0.19982355535950597,0.2197857932655996,0.6003528892809881
00-0032764,Derrick Henry,RB,BAL,2026,4,2026,5,ATL,11/10,period_1_receiving_yds,period_1_receiving_yds,4.8,0.19982355535950597,0.2022742164786409,0.6003528892809881
00-0031484,Chris Manhertz,TE,NYG,2026,4,2026,5,WAS,11/10,period_1_receiving_yds,period_1_receiving_yds,0.0,0.19982355535950597,0.2197857932655996,0.6003528892809881
00-0031236,Brandin Cooks,WR,SF,2026,4,2026,5,SEA,11/10,period_1_receiving_yds,period_1_receiving_yds,0.0,0.19982355535950597,0.2197857932655996,0.6003528892809881
00-0031450,Josh Harris,RB,PIT,2014,18,2026,5,IND,11/10,period_1_receiving_yds,period_1_receiving_yds,0.0,0.19982355535950597,0.2063615055784563,0.6003528892809881
00-0037277,Teagan Quitoriano,TE,HOU,2023,5,2026,5,TEN,11/10,period_1_receiving_yds,period_1_receiving_yds,0.0,0.19982355535950597,0.2197857932655996,0.6003528892809881
00-0037231,Kevin Austin Jr.,WR,NO,2026,2,2026,5,MIN,11/10,period_1_receiving_yds,period_1_receiving_yds,0.0,0.19982355535950597,0.2197857932655996,0.6003528892809881
00-0040194,Jackson Hawes,TE,BUF,2026,3,2026,5,LA,12/10,period_1_receiving_yds,period_1_receiving_yds,0.0,0.19982355535950597,0.2197857932655996,0.6003528892809881
00-0039359,Cade Stover,TE,HOU,2026,4,2026,5,TEN,11/10,period_1_receiving_yds,period_1_receiving_yds,0.0,0.19982355535950597,0.2197857932655996,0.6003528892809881
00-0038824,Ryan Miller,WR,MIA,2026,3,2026,5,CIN,11/10,period_1_receiving_yds,period_1_receiving_yds,5.0,0.19982355535950597,0.20617724250734945,0.6003528892809881
00-0038573,Derius Davis,WR,LAC,2026,4,2026,5,DEN,11/10,period_1_receiving_yds,period_1_receiving_yds,0.0,0.19982355535950597,0.2197857932655996,0.6003528892809881
00-0039021,Roschon Johnson,RB,CHI,2026,4,2026,5,GB,11/10,period_1_receiving_yds,period_1_receiving_yds,0.0,0.19982355535950597,0.2197857932655996,0.6003528892809881
00-0039050,Payne Durham,TE,TB,2026,3,2026,5,DAL,08/10,period_1_receiving_yds,period_1_receiving_yds,0.0,0.19982355535950597,0.2197857932655996,0.6003528892809881
00-0038589,Josh Whyle,TE,GB,2025,19,2026,5,CHI,11/10,period_1_receiving_yds,period_1_receiving_yds,0.0,0.19982355535950597,0.2197857932655996,0.6003528892809881
00-0038576,Charlie Jones,WR,CIN,2025,12,2026,5,MIA,11/10,period_1_receiving_yds,period_1_receiving_yds,0.0,0.19982355535950597,0.2197857932655996,0.6003528892809881
00-0038643,Brayden Willis,TE,SF,2025,2,2026,5,SEA,11/10,period_1_receiving_yds,period_1_receiving_yds,0.0,0.19982355535950597,0.2197857932655996,0.6003528892809881
00-0038640,Jalen Brooks,WR,ARI,2026,3,2026,5,DET,11/10,period_1_receiving_yds,period_1_receiving_yds,0.0,0.19982355535950597,0.2197857932655996,0.6003528892809881
00-0038685,Chris Brooks,RB,GB,2026,4,2026,5,CHI,11/10,period_1_receiving_yds,period_1_receiving_yds,1.2,0.19982355535950597,0.21742302192981952,0.6003528892809881
00-0038498,E.J. Jenkins,TE,PHI,2024,18,2026,5,JAX,11/10,period_1_receiving_yds,period_1_receiving_yds,0.0,0.19982355535950597,0.2197857932655996,0.6003528892809881
00-0038115,Daniel Bellinger,TE,TEN,2026,4,2026,5,HOU,11/10,period_1_receiving_yds,period_1_receiving_yds,1.8,0.19982355535950597,0.21140836063799207,0.6003528892809881
00-0038935,Brenton Strange,TE,JAX,2026,4,2026,5,PHI,11/10,period_1_receiving_yds,period_1_receiving_yds,15.0,0.19982355535950597,0.20630812080660146,0.6003528892809881
00-0041125,Seth McGowan,RB,IND,2026,4,2026,5,PIT,11/10,period_1_receiving_yds,period_1_receiving_yds,0.0,0.19982355535950597,0.20870244391972217,0.6003528892809881
00-0041132,Deion Burks,WR,IND,2026,4,2026,5,PIT,11/10,period_1_receiving_yds,period_1_receiving_yds,0.0,0.19982355535950597,0.2197857932655996,0.6003528892809881
00-0040081,Jake Briningstool,TE,KC,2026,3,2026,6,LAC,18/10,period_1_receiving_yds,period_1_receiving_yds,0.0,0.19982355535950597,0.2197857932655996,0.6003528892809881
00-0039796,Rasheen Ali,RB,BAL,2025,18,2026,5,ATL,11/10,period_1_receiving_yds,period_1_receiving_yds,2.1,0.19982355535950597,0.21472426968773609,0.6003528892809881
00-0041044,Zachariah Branch,WR,ATL,2026,4,2026,5,BAL,11/10,period_1_receiving_yds,period_1_receiving_yds,4.0,0.19982355535950597,0.21689806367618458,0.6003528892809881
00-0041041,Oscar Delp,TE,NO,2026,2,2026,5,MIN,11/10,period_1_receiving_yds,period_1_receiving_yds,0.0,0.19982355535950597,0.2197857932655996,0.6003528892809881
00-0041051,Zavion Thomas,WR,CHI,2026,3,2026,5,GB,11/10,period_1_receiving_yds,period_1_receiving_yds,1.0,0.19982355535950597,0.20895929135763983,0.6003528892809881
00-0040878,Mike Washington Jr.,RB,LV,2026,4,2026,5,NE,11/10,period_1_receiving_yds,period_1_receiving_yds,0.0,0.19982355535950597,0.21255104673044417,0.6003528892809881
00-0040782,Isaiah Bond,WR,CLE,2026,4,2026,5,NYJ,11/10,period_1_receiving_yds,period_1_receiving_yds,1.0,0.19982355535950597,0.20895929135763983,0.6003528892809881
00-0040739,Elijah Arroyo,TE,SEA,2026,2,2026,5,SF,11/10,period_1_receiving_yds,period_1_receiving_yds,0.0,0.19982355535950597,0.2197857932655996,0.6003528892809881
00-0040890,Cyrus Allen,WR,KC,2026,4,2026,6,LAC,18/10,period_1_receiving_yds,period_1_receiving_yds,0.0,0.19982355535950597,0.2197857932655996,0.6003528892809881
00-0039816,Anthony Gould,WR,IND,2025,14,2026,5,PIT,11/10,period_1_receiving_yds,period_1_receiving_yds,1.5,0.19982355535950597,0.20369538928846354,0.6003528892809881
00-0040887,Josh Cuevas,TE,BAL,2026,3,2026,5,ATL,11/10,period_1_receiving_yds,period_1_receiving_yds,0.0,0.19982355535950597,0.2197857932655996,0.6003528892809881
00-0039074,Davis Allen,TE,LA,2026,4,2026,5,BUF,12/10,period_1_receiving_yds,period_1_receiving_yds,4.8,0.19982355535950597,0.2022742164786409,0.6003528892809881
00-0039737,Tip Reiman,TE,ARI,2025,5,2026,5,DET,11/10,period_1_receiving_yds,period_1_receiving_yds,2.7,0.19982355535950597,0.21785717587320672,0.6003528892809881
00-0039518,Treyton Welch,TE,NO,2026,4,2026,5,MIN,11/10,period_1_receiving_yds,period_1_receiving_yds,0.0,0.19982355535950597,0.2197857932655996,0.6003528892809881
00-0039407,Dylan Laube,RB,LV,2025,15,2026,5,NE,11/10,period_1_receiving_yds,period_1_receiving_yds,0.0,0.19982355535950597,0.21584279165309966,0.6003528892809881
00-0039824,Jared Wiley,TE,KC,2025,13,2026,6,LAC,18/10,period_1_receiving_yds,period_1_receiving_yds,0.0,0.19982355535950597,0.2197857932655996,0.6003528892809881
00-0039075,Puka Nacua,WR,LA,2026,4,2026,5,BUF,12/10,period_1_receiving_yds,period_1_receiving_yds,36.5,0.19982355535950597,0.2090925189430802,0.6003528892809881
00-0041326,CJ Donaldson,RB,NO,2026,4,2026,5,MIN,11/10,period_1_receiving_yds,period_1_receiving_yds,0.0,0.19982355535950597,0.21584279165309966,0.6003528892809881
00-0040058,Nick Kallerup,TE,SEA,2025,10,2026,5,SF,11/10,period_1_receiving_yds,period_1_receiving_yds,0.0,0.19982355535950597,0.2197857932655996,0.6003528892809881
00-0037120,Tyler Goodson,RB,DAL,2026,4,2026,5,TB,08/10,period_1_receiving_yds,period_1_receiving_yds,0.0,0.19982355535950597,0.2197857932655996,0.6003528892809881
00-0036887,Luke Farrell,TE,SF,2026,3,2026,5,SEA,11/10,period_1_receiving_yds,period_1_receiving_yds,2.5,0.19982355535950597,0.2129014113346559,0.6003528892809881
00-0036429,Charlie Woerner,TE,ATL,2026,4,2026,5,BAL,11/10,period_1_receiving_yds,period_1_receiving_yds,0.0,0.19982355535950597,0.2197857932655996,0.6003528892809881
00-0037091,Bo Melton,WR,GB,2026,4,2026,5,CHI,11/10,period_1_receiving_yds,period_1_receiving_yds,0.0,0.19982355535950597,0.2197857932655996,0.6003528892809881
00-0037005,Tommy Tremble,TE,CAR,2026,4,2026,6,PHI,18/10,period_1_receiving_yds,period_1_receiving_yds,10.0,0.19982355535950597,0.2175101919025775,0.6003528892809881
00-0040894,Malik Benson,WR,LV,2026,3,2026,5,NE,11/10,period_1_receiving_yds,period_1_receiving_yds,2.0,0.19982355535950597,0.21158131182021747,0.6003528892809881
00-0040598,Mark Redman,TE,GB,2026,4,2026,5,CHI,11/10,period_1_receiving_yds,period_1_receiving_yds,4.0,0.19982355535950597,0.21689806367618458,0.6003528892809881
00-0040734,TreVeyon Henderson,RB,NE,2026,4,2026,5,LV,11/10,period_1_receiving_yds,period_1_receiving_yds,0.0,0.19982355535950597,0.2197857932655996,0.6003528892809881
00-0040277,Jahdae Walker,WR,CHI,2026,1,2026,5,GB,11/10,period_1_receiving_yds,period_1_receiving_yds,0.0,0.19982355535950597,0.2197857932655996,0.6003528892809881
00-0040466,Raheim Sanders,RB,CLE,2026,4,2026,5,NYJ,11/10,period_1_receiving_yds,period_1_receiving_yds,7.8,0.19982355535950597,0.2064847234750302,0.6003528892809881
00-0040390,Jackson Meeks,WR,DET,2026,3,2026,5,ARI,11/10,period_1_receiving_yds,period_1_receiving_yds,0.0,0.19982355535950597,0.2197857932655996,0.6003528892809881
00-0040236,Kyle Monangai,RB,CHI,2026,4,2026,5,GB,11/10,period_1_receiving_yds,period_1_receiving_yds,1.0,0.19982355535950597,0.21619893778955085,0.6003528892809881
00-0040215,Gavin Bartholomew,TE,MIN,2026,4,2026,5,NO,11/10,period_1_receiving_yds,period_1_receiving_yds,0.0,0.19982355535950597,0.2197857932655996,0.6003528892809881
00-0039391,Kimani Vidal,RB,LAC,2026,4,2026,5,DEN,11/10,period_1_rushing_yds,period_1_rushing_yds,7.5,0.1999079085872703,0.1999079085872703,0.6001841828254594
00-0038951,Sean Tucker,RB,TB,2026,4,2026,5,DAL,08/10,rush_rec_tds,rush_rec_tds,0.5,0.20025222010991847,0.20025222010991847,0.599495559780163
00-0036358,CeeDee Lamb,WR,DAL,2026,18,2026,5,TB,08/10,season_rush_yards,season_rush_yards,-6.0,0.7994365221433961,0.7994365221433961,0.5988730442867922
00-0038997,Josh Downs,WR,IND,2026,18,2026,5,PIT,11/10,season_rush_tds,season_rush_tds,0.0,0.2006133432763637,0.2006133432763637,0.5987733134472726
00-0026498,Matthew Stafford,QB,LA,2026,18,2026,5,BUF,12/10,season_rush_tds,season_rush_tds,0.0,0.2006568679011756,0.2006568679011756,0.5986862641976488
00-0036442,Joe Burrow,QB,CIN,2026,18,2026,5,MIA,11/10,season_rush_tds,season_rush_tds,1.0,0.20082376223688045,0.20082376223688045,0.598352475526239
00-0035640,DK Metcalf,WR,PIT,2026,18,2026,5,IND,11/10,season_rush_tds,season_rush_tds,0.0,0.2010202636544297,0.2010202636544297,0.5979594726911406
00-0041067,Bryce Lance,WR,NO,2026,18,2026,5,MIN,11/10,season_rush_tds,season_rush_tds,0.0,0.20118454883776293,0.20118454883776293,0.5976309023244741
00-0039901,Keon Coleman,WR,BUF,2026,4,2026,5,LA,12/10,rush_rec_tds,rush_rec_tds,0.5,0.2013416971454136,0.2013416971454136,0.5973166057091728
00-0038935,Brenton Strange,TE,JAX,2026,4,2026,5,PHI,11/10,rush_rec_tds,rush_rec_tds,0.5,0.20134494959144023,0.20134494959144023,0.5973101008171195
00-0027940,Von Miller,OLB,WAS,2025,18,2026,5,NYG,11/10,sacks,sacks,0.5,0.20136430859565735,0.20136430859565735,0.5972713828086853
00-0038563,Tre Tucker,WR,LV,2026,4,2026,5,NE,11/10,rush_rec_tds,rush_rec_tds,0.5,0.2014518378450465,0.2014518378450465,0.597096324309907
00-0036410,Tee Higgins,WR,CIN,2026,18,2026,5,MIA,11/10,season_rush_tds,season_rush_tds,0.0,0.2016392277169969,0.2016392277169969,0.5967215445660061
00-0041037,Denzel Boston,WR,CLE,2026,4,2026,5,NYJ,11/10,period_1_2_rush_rec_tds,period_1_2_rush_rec_tds,0.5,0.20166379539454227,0.20166379539454227,0.5966724092109155
00-0040583,Woody Marks,RB,HOU,2026,18,2026,5,TEN,11/10,season_rush_tds,season_rush_tds,2.0,0.20183835953692633,0.20183835953692633,0.5963232809261474
00-0036428,Justin Strnad,LB,DEN,2025,21,2026,5,LAC,11/10,sacks,sacks,0.2,0.20204031467437744,0.20204031467437744,0.5959193706512451
00-0038558,Darnell Washington,TE,PIT,2026,18,2026,5,IND,11/10,season_rush_tds,season_rush_tds,0.0,0.20210581320629942,0.20210581320629942,0.5957883735874012
00-0026158,Joe Flacco,QB,CIN,2025,18,2026,5,MIA,11/10,passing_yards,passing_yds,209.1,0.20216252027610884,0.20216252027610884,0.5956749594477824
00-0038559,Michael Wilson,WR,ARI,2026,18,2026,5,DET,11/10,season_rush_tds,season_rush_tds,0.0,0.20222457082453082,0.20222457082453082,0.5955508583509384
00-0036331,Devin Duvernay,WR,JAX,2024,2,2026,5,PHI,11/10,receptions,receptions,1.4,0.20226027071475983,0.20226027071475983,0.5954794585704803
00-0038541,Tyree Wilson,DE,LV,2025,18,2026,5,NE,11/10,sacks,sacks,0.2,0.20237894356250763,0.20237894356250763,0.5952421128749847
00-0034760,Nathan Shepherd,DE,NO,2025,17,2026,5,MIN,11/10,sacks,sacks,0.2,0.20247016847133636,0.20247016847133636,0.5950596630573273
00-0036290,Cole Kmet,TE,CHI,2026,18,2026,5,GB,11/10,season_rush_tds,season_rush_tds,0.0,0.2025953418261968,0.2025953418261968,0.5948093163476065
00-0031610,Darren Waller,TE,CAR,2026,18,2026,6,PHI,18/10,season_rec_tds,season_rec_tds,2.0,0.20269609835394417,0.20269609835394417,0.5946078032921116
00-0038400,Tanner McKee,QB,PHI,2025,18,2026,5,JAX,11/10,period_1_2_passing_tds,period_1_2_passing_tds,0.2,0.20289719391708017,0.20289719391708017,0.5942056121658397
00-0032951,Laquon Treadwell,WR,IND,2026,18,2026,5,PIT,11/10,season_rush_tds,season_rush_tds,0.0,0.2029186166504819,0.2029186166504819,0.5941627666990362
00-0038563,Tre Tucker,WR,LV,2026,18,2026,5,NE,11/10,season_rush_tds,season_rush_tds,0.0,0.2029712191018377,0.2029712191018377,0.5940575617963246
00-0034333,Daron Payne,NT,WAS,2025,18,2026,5,NYG,11/10,sacks,sacks,0.2,0.2031664252281189,0.2031664252281189,0.5936671495437622
00-0039893,Brian Thomas Jr.,WR,JAX,2026,4,2026,5,PHI,11/10,rush_rec_tds,rush_rec_tds,0.5,0.2037060243992326,0.2037060243992326,0.5925879512015348
00-0038618,Xavier Hutchinson,WR,HOU,2026,4,2026,5,TEN,11/10,rush_rec_tds,rush_rec_tds,0.5,0.2037726382436896,0.2037726382436896,0.5924547235126207
00-0040124,Tetairoa McMillan,WR,CAR,2026,4,2026,6,PHI,18/10,period_1_2_receiving_yds,period_1_2_receiving_yds,62.8,0.2038864337636121,0.2038864337636121,0.5922271324727758
00-0038454,Keaton Mitchell,RB,LAC,2026,4,2026,5,DEN,11/10,rush_rec_tds,rush_rec_tds,0.5,0.2040639604537918,0.2040639604537918,0.5918720790924163
00-0038120,Breece Hall,RB,NYJ,2026,3,2026,5,CLE,11/10,period_1_receiving_yds,period_1_receiving_yds,8.7,0.20440251572327045,0.22037080505238144,0.5911949685534591
00-0036244,Colby Parkinson,TE,LA,2026,3,2026,5,BUF,12/10,period_1_receiving_yds,period_1_receiving_yds,2.3,0.20440251572327045,0.2215310082063578,0.5911949685534591
00-0040666,Omarion Hampton,RB,LAC,2026,4,2026,5,DEN,11/10,period_1_receiving_yds,period_1_receiving_yds,1.2,0.20440251572327045,0.22138780078720738,0.5911949685534591
00-0039894,Xavier Worthy,WR,KC,2026,4,2026,6,LAC,18/10,period_1_receiving_yds,period_1_receiving_yds,16.5,0.20440251572327045,0.22202025126896927,0.5911949685534591
00-0040189,Oronde Gadsden II,TE,LAC,2026,4,2026,5,DEN,11/10,rush_rec_tds,rush_rec_tds,0.5,0.20470817294680216,0.20470817294680216,0.5905836541063957
00-0036244,Colby Parkinson,TE,LA,2026,3,2026,5,BUF,12/10,rush_rec_tds,rush_rec_tds,0.5,0.20470909423208192,0.20470909423208192,0.5905818115358361
00-0036389,Jalen Hurts,QB,PHI,2026,4,2026,5,JAX,11/10,period_1_passing_tds,period_1_passing_tds,0.0,0.2049139708308658,0.2049139708308658,0.5901720583382684
00-0040122,Ashton Jeanty,RB,LV,2026,18,2026,5,NE,11/10,season_rush_tds,season_rush_tds,0.0,0.7946891261366301,0.7946891261366301,0.5893782522732602
00-0039739,Roman Wilson,WR,PIT,2026,18,2026,5,IND,11/10,season_rush_tds,season_rush_tds,0.0,0.20537011416178028,0.20537011416178028,0.5892597716764394
00-0037834,Brock Purdy,QB,SF,2026,4,2026,5,SEA,11/10,period_1_passing_tds,period_1_passing_tds,0.2,0.2055978487851697,0.2055978487851697,0.5888043024296605
00-0035229,T.J. Hockenson,TE,MIN,2026,4,2026,5,NO,11/10,rush_rec_tds,rush_rec_tds,0.5,0.20560713354122126,0.20560713354122126,0.5887857329175574
00-0034844,Saquon Barkley,RB,PHI,2026,4,2026,5,JAX,11/10,rushing_yards,rushing_yds,72.6,0.20574496686458588,0.20574496686458588,0.5885100662708282
00-0036970,Kyle Pitts,TE,ATL,2026,4,2026,5,BAL,11/10,rush_rec_tds,rush_rec_tds,0.5,0.2057502495417238,0.2057502495417238,0.5884995009165523
00-0040138,Jaylin Noel,WR,HOU,2026,18,2026,5,TEN,11/10,season_rush_tds,season_rush_tds,0.0,0.20594488870571134,0.20594488870571134,0.5881102225885773
00-0039112,Lukas Van Ness,LB,GB,2025,19,2026,5,CHI,11/10,sacks,sacks,0.2,0.206135556101799,0.206135556101799,0.587728887796402
00-0034807,Ogbo Okoronkwo,DE,HOU,2022,18,2026,5,TEN,11/10,sacks,sacks,0.3,0.20617635548114777,0.20617635548114777,0.5876472890377045
00-0036894,Pat Freiermuth,TE,PIT,2026,18,2026,5,IND,11/10,season_rush_tds,season_rush_tds,0.0,0.20629911031212814,0.20629911031212814,0.5874017793757438
00-0039074,Davis Allen,TE,LA,2023,14,2026,5,BUF,12/10,rush_rec_tds,rush_rec_tds,0.5,0.20631375035420108,0.20631375035420108,0.5873724992915978
00-0039424,Devaughn Vele,WR,NO,2026,4,2026,5,MIN,11/10,rush_rec_tds,rush_rec_tds,0.5,0.2063158020129226,0.2063158020129226,0.5873683959741548
00-0036989,Malcolm Koonce,DE,LV,2025,18,2026,5,NE,11/10,sacks,sacks,0.3,0.20668606460094452,0.20668606460094452,0.586627870798111
00-0033881,Evan Engram,TE,DEN,2026,18,2026,5,LAC,11/10,season_rush_tds,season_rush_tds,0.0,0.20695082643153614,0.20695082643153614,0.5860983471369277
00-0033555,Mack Hollins,WR,NE,2026,4,2026,5,LV,11/10,rush_rec_tds,rush_rec_tds,0.5,0.20705758136405236,0.20705758136405236,0.5858848372718952
00-0033523,Jonathan Allen,DT,MIN,2025,18,2026,5,NO,11/10,sacks,sacks,0.2,0.20716476440429688,0.20716476440429688,0.5856704711914062
00-0034981,Foster Moreau,TE,HOU,2026,18,2026,5,TEN,11/10,season_rec_tds,season_rec_tds,1.0,0.20717434699790924,0.20717434699790924,0.5856513060041815
00-0040169,Tonka Hemingway,DT,LV,2025,18,2026,5,NE,11/10,sacks,sacks,0.4,0.20718231797218323,0.20718231797218323,0.5856353640556335
00-0036259,Jauan Jennings,WR,MIN,2026,4,2026,5,NO,11/10,receptions,receptions,3.1,0.2072761505842209,0.2072761505842209,0.5854476988315582
00-0034827,DJ Moore,WR,BUF,2026,18,2026,5,LA,12/10,season_rush_tds,season_rush_tds,0.0,0.20727857078740125,0.20727857078740125,0.5854428584251975
00-0035264,Jarrett Stidham,QB,DEN,2025,21,2026,5,LAC,11/10,period_1_2_passing_tds,period_1_2_passing_tds,0.5,0.20739399606588602,0.20739399606588602,0.5852120078682279
00-0036409,Jordyn Brooks,LB,MIA,2025,18,2026,5,CIN,11/10,sacks,sacks,0.2,0.20755521953105927,0.20755521953105927,0.5848895609378815
00-0036130,Nnamdi Madubuike,DT,BAL,2025,2,2026,5,ATL,11/10,sacks,sacks,1.0,0.20784573256969452,0.20784573256969452,0.584308534860611
00-0040206,Riley Leonard,QB,IND,2025,18,2026,5,PIT,11/10,period_1_2_passing_tds,period_1_2_passing_tds,0.4,0.2078621299179214,0.2078621299179214,0.5842757401641572
00-0038117,Wan'Dale Robinson,WR,TEN,2026,18,2026,5,HOU,11/10,season_rush_tds,season_rush_tds,0.0,0.20812879354681602,0.20812879354681602,0.583742412906368
00-0037240,Jameson Williams,WR,DET,2026,18,2026,5,ARI,11/10,season_rec_tds,season_rec_tds,0.0,0.7918696722859248,0.7918696722859248,0.5837393445718495
00-0040663,Harold Fannin Jr.,TE,CLE,2026,18,2026,5,NYJ,11/10,season_rush_tds,season_rush_tds,0.0,0.20816005473258672,0.20816005473258672,0.5836798905348266
00-0040669,Isaac TeSlaa,WR,DET,2026,18,2026,5,ARI,11/10,season_rush_tds,season_rush_tds,0.0,0.20840339150941734,0.20840339150941734,0.5831932169811653
00-0030279,Keenan Allen,WR,IND,2026,3,2026,5,PIT,11/10,rush_rec_tds,rush_rec_tds,0.5,0.20851883776081198,0.20851883776081198,0.582962324478376
00-0036898,Davis Mills,QB,HOU,2025,18,2026,5,TEN,11/10,passing_yards,passing_yds,81.6,0.7914754471511671,0.7914754471511671,0.5829508943023343
00-0039919,Rome Odunze,WR,CHI,2026,18,2026,5,GB,11/10,season_rec_tds,season_rec_tds,0.0,0.7914714279244088,0.7914714279244088,0.5829428558488177
00-0040668,Shedeur Sanders,QB,CLE,2026,3,2026,5,NYJ,11/10,passing_ints,passing_ints,1.1,0.20881220490988828,0.20881220490988828,0.5823755901802234
00-0036893,Najee Harris,RB,NYG,2026,4,2026,5,WAS,11/10,rush_rec_tds,rush_rec_tds,0.5,0.2088888317976074,0.2088888317976074,0.5822223364047852
00-0036252,Michael Pittman,WR,PIT,2026,4,2026,5,IND,11/10,rush_rec_tds,rush_rec_tds,0.5,0.20945889349806016,0.20945889349806016,0.5810822130038797
00-0039739,Roman Wilson,WR,PIT,2026,4,2026,5,IND,11/10,rush_rec_tds,rush_rec_tds,0.5,0.2094833768791665,0.2094833768791665,0.581033246241667
00-0038542,Bijan Robinson,RB,ATL,2026,4,2026,5,BAL,11/10,receiving_yards_rb,receiving_yds,37.6,0.20993314413650807,0.20993314413650807,0.5801337117269838
00-0041125,Seth McGowan,RB,IND,2026,18,2026,5,PIT,11/10,season_rush_tds,season_rush_tds,0.0,0.210005450553477,0.210005450553477,0.5799890988930461
00-0040156,Billy Bowman Jr.,CB,ATL,2025,11,2026,5,BAL,11/10,sacks,sacks,0.2,0.21010984480381012,0.21010984480381012,0.5797803103923798
00-0041027,Jeremiyah Love,RB,ARI,2026,4,2026,5,DET,11/10,period_1_2_rush_rec_tds,period_1_2_rush_rec_tds,0.5,0.2101545533476555,0.2101545533476555,0.5796908933046889
00-0038124,Christian Watson,WR,GB,2026,18,2026,5,CHI,11/10,season_rush_tds,season_rush_tds,0.0,0.2101664445995208,0.2101664445995208,0.5796671108009583
00-0037384,Ja'Quan McMillian,CB,DEN,2025,21,2026,5,LAC,11/10,sacks,sacks,0.2,0.21029692888259888,0.21029692888259888,0.5794061422348022
00-0041472,Marlin Klein,TE,HOU,2026,1,2026,5,TEN,11/10,period_1_2_receiving_yds,period_1_2_receiving_yds,16.0,0.2105691836675071,0.2105691836675071,0.5788616326649858
00-0038542,Bijan Robinson,RB,ATL,2026,4,2026,5,BAL,11/10,period_first_touchdown_scored,period_first_touchdown_scored,0.5,0.21057236315222322,0.21057236315222322,0.5788552736955536
00-0040138,Jaylin Noel,WR,HOU,2026,4,2026,5,TEN,11/10,period_1_2_receiving_yds,period_1_2_receiving_yds,26.0,0.2107037466928304,0.2107037466928304,0.5785925066143391
00-0039732,Bo Nix,QB,DEN,2026,18,2026,5,LAC,11/10,season_rush_tds,season_rush_tds,1.0,0.21073687982705708,0.21073687982705708,0.5785262403458858
00-0039410,Ryan Flournoy,WR,DAL,2026,4,2026,5,TB,08/10,rush_rec_tds,rush_rec_tds,0.5,0.21087549924132568,0.21087549924132568,0.5782490015173487
00-0036139,Rico Dowdle,RB,PIT,2026,2,2026,5,IND,11/10,rushing_yards,rushing_yds,64.9,0.2110014706850052,0.2110014706850052,0.5779970586299896
00-0038543,Jaxon Smith-Njigba,WR,SEA,2026,4,2026,5,SF,11/10,period_1_2_receiving_yds,period_1_2_receiving_yds,63.0,0.21118033828794963,0.21118033828794963,0.5776393234241007
00-0033537,Deshaun Watson,QB,CLE,2026,4,2026,5,NYJ,11/10,period_1_passing_tds,period_1_passing_tds,0.0,0.2112073372178909,0.2112073372178909,0.5775853255642183
00-0041547,KC Concepcion,WR,CLE,2026,4,2026,5,NYJ,11/10,rush_rec_tds,rush_rec_tds,0.5,0.2114829353248021,0.2114829353248021,0.5770341293503958
00-0038104,Tyquan Thornton,WR,KC,2026,18,2026,6,LAC,18/10,season_rush_tds,season_rush_tds,0.0,0.21184185794491128,0.21184185794491128,0.5763162841101774
00-0037247,George Pickens,WR,DAL,2026,18,2026,5,TB,08/10,season_rush_tds,season_rush_tds,0.0,0.21208049217136593,0.21208049217136593,0.5758390156572681
00-0036964,Derrick Barnes,LB,DET,2025,18,2026,5,ARI,11/10,sacks,sacks,0.2,0.21218782663345337,0.21218782663345337,0.5756243467330933
00-0040666,Omarion Hampton,RB,LAC,2026,4,2026,5,DEN,11/10,period_1_2_rush_rec_tds,period_1_2_rush_rec_tds,0.5,0.21218914689518192,0.21218914689518192,0.5756217062096362
00-0038090,Skyy Moore,WR,GB,2026,18,2026,5,CHI,11/10,season_rush_tds,season_rush_tds,0.0,0.21232563181121805,0.21232563181121805,0.5753487363775639
00-0037744,Trey McBride,TE,ARI,2026,18,2026,5,DET,11/10,season_rush_tds,season_rush_tds,0.0,0.21245064151522292,0.21245064151522292,0.5750987169695542
00-0038544,Quentin Johnston,WR,LAC,2026,4,2026,5,DEN,11/10,rush_rec_tds,rush_rec_tds,0.5,0.212473808084794,0.212473808084794,0.575052383830412
00-0037248,James Cook,RB,BUF,2026,18,2026,5,LA,12/10,season_rush_tds,season_rush_tds,3.0,0.787185319614897,0.787185319614897,0.574370639229794
00-0039064,Zay Flowers,WR,BAL,2026,4,2026,5,ATL,11/10,period_1_2_rush_rec_tds,period_1_2_rush_rec_tds,0.5,0.21287635203942343,0.21287635203942343,0.5742472959211531
00-0041040,Antonio Williams,WR,WAS,2026,18,2026,5,NYG,11/10,season_rush_tds,season_rush_tds,0.0,0.21292906736052808,0.21292906736052808,0.5741418652789438
00-0040730,RJ Harvey,RB,DEN,2026,4,2026,5,LAC,11/10,period_1_rushing_yds,period_1_rushing_yds,8.3,0.21313907581810526,0.21313907581810526,0.5737218483637895
00-0041042,Malachi Fields,WR,NYG,2026,18,2026,5,WAS,11/10,season_rush_tds,season_rush_tds,0.0,0.21319571838684218,0.21319571838684218,0.5736085632263157
00-0041032,Kenyon Sadiq,TE,NYJ,2026,4,2026,5,CLE,11/10,rush_rec_tds,rush_rec_tds,0.5,0.21326704891347106,0.21326704891347106,0.5734659021730579
00-0039347,Trevin Wallace,LB,CAR,2025,15,2026,6,PHI,18/10,sacks,sacks,0.2,0.21333283185958862,0.21333283185958862,0.5733343362808228
00-0033526,Samaje Perine,RB,CIN,2026,18,2026,5,MIA,11/10,season_rush_tds,season_rush_tds,0.0,0.2133806143462331,0.2133806143462331,0.5732387713075338
00-0035229,T.J. Hockenson,TE,MIN,2026,18,2026,5,NO,11/10,season_rush_tds,season_rush_tds,0.0,0.21338321143356204,0.21338321143356204,0.5732335771328759
00-0040676,Cam Ward,QB,TEN,2026,4,2026,5,HOU,11/10,period_1_passing_tds,period_1_passing_tds,0.0,0.21338603029895253,0.21338603029895253,0.5732279394020949
00-0035537,Ty Johnson,RB,BUF,2026,4,2026,5,LA,12/10,rush_rec_tds,rush_rec_tds,0.5,0.21376197935699437,0.21376197935699437,0.5724760412860113
00-0038542,Bijan Robinson,RB,ATL,2026,4,2026,5,BAL,11/10,period_1_rush_rec_tds,period_1_rush_rec_tds,0.5,0.21377460291435318,0.21377460291435318,0.5724507941712936
00-0041048,Ted Hurst III,WR,TB,2026,18,2026,5,DAL,08/10,season_rush_tds,season_rush_tds,0.0,0.21418909354325616,0.21418909354325616,0.5716218129134877
00-0040784,Quinshon Judkins,RB,CLE,2026,4,2026,5,NYJ,11/10,period_1_2_rush_rec_tds,period_1_2_rush_rec_tds,0.5,0.2143677435170002,0.2143677435170002,0.5712645129659997
00-0038611,Chris Rodriguez Jr.,RB,JAX,2026,4,2026,5,PHI,11/10,rush_rec_tds,rush_rec_tds,0.5,0.21447378747393656,0.21447378747393656,0.5710524250521269
00-0039880,Malik Washington,WR,MIA,2026,4,2026,5,CIN,11/10,rush_rec_tds,rush_rec_tds,0.5,0.2144915892578645,0.2144915892578645,0.571016821484271
00-0039065,Sam LaPorta,TE,DET,2026,18,2026,5,ARI,11/10,season_rush_tds,season_rush_tds,0.0,0.21453496427436045,0.21453496427436045,0.570930071451279
00-0039066,Michael Mayer,TE,LV,2026,18,2026,5,NE,11/10,season_rush_tds,season_rush_tds,0.0,0.2146288995531341,0.2146288995531341,0.5707422008937317
00-0036290,Cole Kmet,TE,CHI,2026,18,2026,5,GB,11/10,season_rec_tds,season_rec_tds,1.0,0.21527711287943505,0.21527711287943505,0.5694457742411299
00-0037261,Khalil Shakir,WR,BUF,2026,4,2026,5,LA,12/10,rush_rec_tds,rush_rec_tds,0.5,0.21534309671953467,0.21534309671953467,0.5693138065609307
00-0041525,Chris Bell,WR,MIA,2026,18,2026,5,CIN,11/10,season_rush_tds,season_rush_tds,0.0,0.21534418413477702,0.21534418413477702,0.569311631730446
00-0035993,Tyler Huntley,QB,BAL,2026,4,2026,5,ATL,11/10,period_1_2_passing_tds,period_1_2_passing_tds,0.0,0.21540002283824958,0.21540002283824958,0.5691999543235009
00-0032164,Arik Armstead,DT,JAX,2025,19,2026,5,PHI,11/10,sacks,sacks,0.3,0.2160024642944336,0.2160024642944336,0.5679950714111328
00-0036971,Trevor Lawrence,QB,JAX,2026,4,2026,5,PHI,11/10,period_1_passing_tds,period_1_passing_tds,0.5,0.2162347602954835,0.2162347602954835,0.567530479409033
00-0040648,Tory Horton,WR,SEA,2026,3,2026,5,SF,11/10,rush_rec_tds,rush_rec_tds,0.5,0.21637048505658746,0.21637048505658746,0.5672590298868251
00-0030565,Geno Smith,QB,NYJ,2026,4,2026,5,CLE,11/10,period_1_passing_tds,period_1_passing_tds,0.0,0.21650306822298823,0.21650306822298823,0.5669938635540235
00-0036259,Jauan Jennings,WR,MIN,2026,4,2026,5,NO,11/10,receiving_yards,receiving_yds,36.5,0.2165052741765976,0.2165052741765976,0.5669894516468048
00-0034960,Jakobi Meyers,WR,JAX,2026,4,2026,5,PHI,11/10,rush_rec_tds,rush_rec_tds,0.5,0.2168225680857426,0.2168225680857426,0.5663548638285147
00-0038134,Kenneth Walker III,RB,KC,2026,4,2026,6,LAC,18/10,period_first_touchdown_scored,period_first_touchdown_scored,0.5,0.21706815672632973,0.21706815672632973,0.5658636865473405
00-0041048,Ted Hurst III,WR,TB,2026,4,2026,5,DAL,08/10,rush_rec_tds,rush_rec_tds,0.5,0.21709804638146088,0.21709804638146088,0.5658039072370782
00-0041523,Caleb Douglas,WR,MIA,2026,2,2026,5,CIN,11/10,rush_rec_tds,rush_rec_tds,0.5,0.21710889436082317,0.21710889436082317,0.5657822112783537
00-0039851,Drake Maye,QB,NE,2026,4,2026,5,LV,11/10,period_1_passing_tds,period_1_passing_tds,0.2,0.21719963845675125,0.21719963845675125,0.5656007230864974
00-0038134,Kenneth Walker III,RB,KC,2026,4,2026,6,LAC,18/10,period_1_rush_rec_tds,period_1_rush_rec_tds,0.5,0.2174804673907757,0.2174804673907757,0.5650390652184486
00-0040198,Ollie Gordon II,RB,MIA,2026,4,2026,5,CIN,11/10,rush_rec_tds,rush_rec_tds,0.5,0.21751242583556718,0.21751242583556718,0.5649751483288656
00-0036972,Mac Jones,QB,SF,2026,2,2026,5,SEA,11/10,passing_tds,passing_tds,1.1,0.21763868631344008,0.21763868631344008,0.5647226273731198
00-0038935,Brenton Strange,TE,JAX,2026,18,2026,5,PHI,11/10,season_rush_tds,season_rush_tds,0.0,0.21763984005142079,0.21763984005142079,0.5647203198971584
00-0037263,Tyler Allgeier,RB,ARI,2026,4,2026,5,DET,11/10,period_1_rushing_yds,period_1_rushing_yds,12.2,0.2176402595195145,0.2176402595195145,0.564719480960971
00-0039915,Ladd McConkey,WR,LAC,2026,4,2026,5,DEN,11/10,rush_rec_tds,rush_rec_tds,0.5,0.21795249686060494,0.21795249686060494,0.5640950062787902
00-0037247,George Pickens,WR,DAL,2026,18,2026,5,TB,08/10,season_rec_tds,season_rec_tds,0.0,0.7819221243284734,0.7819221243284734,0.5638442486569468
00-0041117,Athan Kaliakmanis,QB,WAS,2026,4,2026,5,NYG,11/10,period_1_2_passing_yds,period_1_2_passing_yds,33.0,0.781906180570862,0.781906180570862,0.5638123611417241
00-0034348,Courtland Sutton,WR,DEN,2026,4,2026,5,LAC,11/10,rush_rec_tds,rush_rec_tds,0.5,0.21829046525456505,0.21829046525456505,0.5634190694908698
00-0037263,Tyler Allgeier,RB,ARI,2026,4,2026,5,DET,11/10,rush_rec_tds,rush_rec_tds,0.5,0.2183569612626182,0.2183569612626182,0.5632860774747637
00-0033699,Austin Ekeler,RB,WAS,2026,4,2026,5,NYG,11/10,period_1_2_rushing_yds,period_1_2_rushing_yds,22.0,0.21836993864721266,0.21836993864721266,0.5632601227055747
00-0030801,Brandon Coleman,WR,NO,2017,18,2026,5,MIN,11/10,period_1_receiving_yds,period_1_receiving_yds,6.9,0.21850393700787402,0.22728068796721662,0.562992125984252
00-0041013,Emmett Johnson,RB,KC,2026,4,2026,6,LAC,18/10,period_1_receiving_yds,period_1_receiving_yds,0.0,0.21850393700787402,0.22719661029431848,0.562992125984252
00-0040867,Makai Lemon,WR,PHI,2026,4,2026,5,JAX,11/10,period_1_receiving_yds,period_1_receiving_yds,9.8,0.21850393700787402,0.22576925325915917,0.562992125984252
00-0030506,Travis Kelce,TE,KC,2026,4,2026,6,LAC,18/10,period_1_receiving_yds,period_1_receiving_yds,16.5,0.21850393700787402,0.22691443354430685,0.562992125984252
00-0036290,Cole Kmet,TE,CHI,2026,4,2026,5,GB,11/10,period_1_receiving_yds,period_1_receiving_yds,1.8,0.21850393700787402,0.2266707073219832,0.562992125984252
00-0039920,Malachi Corley,WR,CLE,2025,18,2026,5,NYJ,11/10,period_1_receiving_yds,period_1_receiving_yds,1.8,0.21850393700787402,0.22256624349668155,0.562992125984252
00-0036158,J.K. Dobbins,RB,DEN,2026,4,2026,5,LAC,11/10,period_1_receiving_yds,period_1_receiving_yds,0.0,0.21850393700787402,0.22378115773903176,0.562992125984252
00-0039893,Brian Thomas Jr.,WR,JAX,2026,4,2026,5,PHI,11/10,period_1_receiving_yds,period_1_receiving_yds,10.0,0.21850393700787402,0.223042468207486,0.562992125984252
00-0033881,Evan Engram,TE,DEN,2026,4,2026,5,LAC,11/10,period_1_receiving_yds,period_1_receiving_yds,7.0,0.21850393700787402,0.22647313416305628,0.562992125984252
00-0039901,Keon Coleman,WR,BUF,2026,18,2026,5,LA,12/10,season_rush_tds,season_rush_tds,0.0,0.21890905583954415,0.21890905583954415,0.5621818883209118
00-0039915,Ladd McConkey,WR,LAC,2026,18,2026,5,DEN,11/10,season_rush_tds,season_rush_tds,0.0,0.21900276609136346,0.21900276609136346,0.561994467817273
00-0038685,Chris Brooks,RB,GB,2026,18,2026,5,CHI,11/10,season_rush_tds,season_rush_tds,0.0,0.2191924284272902,0.2191924284272902,0.5616151431454196
00-0026158,Joe Flacco,QB,CIN,2025,18,2026,5,MIA,11/10,passing_ints,passing_ints,0.9,0.2192048079680498,0.2192048079680498,0.5615903840639004
00-0036264,Jordan Love,QB,GB,2026,18,2026,5,CHI,11/10,season_rush_tds,season_rush_tds,0.0,0.219313740282385,0.219313740282385,0.5613725194352299
00-0036479,Kwity Paye,DE,IND,2025,18,2026,5,PIT,11/10,sacks,sacks,0.2,0.21965563297271729,0.21965563297271729,0.5606887340545654
00-0033106,Jared Goff,QB,DET,2026,18,2026,5,ARI,11/10,season_rush_tds,season_rush_tds,0.0,0.21965667325870686,0.21965667325870686,0.5606866534825863
00-0038104,Tyquan Thornton,WR,KC,2026,4,2026,6,LAC,18/10,rush_rec_tds,rush_rec_tds,0.5,0.2196693936986006,0.2196693936986006,0.5606612126027988
00-0039391,Kimani Vidal,RB,LAC,2026,4,2026,5,DEN,11/10,rush_rec_tds,rush_rec_tds,0.5,0.21973403713979356,0.21973403713979356,0.5605319257204129
00-0034827,DJ Moore,WR,BUF,2026,4,2026,5,LA,12/10,period_1_2_receiving_yds,period_1_2_receiving_yds,31.5,0.21999007372000018,0.21999007372000018,0.5600198525599996
00-0035208,Olamide Zaccheaus,WR,ATL,2026,18,2026,5,BAL,11/10,season_rec_tds,season_rec_tds,0.0,0.220172341003477,0.220172341003477,0.559655317993046
00-0030565,Geno Smith,QB,NYJ,2026,18,2026,5,CLE,11/10,season_rush_tds,season_rush_tds,0.0,0.22034294319826106,0.22034294319826106,0.5593141136034778
00-0039859,Brandon Dorlus,DE,ATL,2025,17,2026,5,BAL,11/10,sacks,sacks,0.6,0.22046545147895813,0.22046545147895813,0.5590690970420837
00-0039361,Bucky Irving,RB,TB,2026,4,2026,5,DAL,08/10,period_1_2_rush_rec_tds,period_1_2_rush_rec_tds,0.5,0.22056557397844068,0.22056557397844068,0.5588688520431186
00-0040667,Matthew Golden,WR,GB,2026,18,2026,5,CHI,11/10,season_rush_tds,season_rush_tds,0.0,0.22071332153287515,0.22071332153287515,0.5585733569342497
00-0031381,Davante Adams,WR,LA,2026,4,2026,5,BUF,12/10,period_1_2_receiving_yds,period_1_2_receiving_yds,60.8,0.22094005266710057,0.22094005266710057,0.5581198946657988
00-0040667,Matthew Golden,WR,GB,2026,18,2026,5,CHI,11/10,season_receiving_yards,season_receiving_yards,274.0,0.7788352183261317,0.7788352183261317,0.5576704366522633
00-0034796,Lamar Jackson,QB,BAL,2026,4,2026,5,ATL,11/10,period_1_2_passing_tds,period_1_2_passing_tds,1.0,0.2213899130242606,0.2213899130242606,0.5572201739514788
00-0034771,Mason Rudolph,QB,PIT,2026,2,2026,5,IND,11/10,passing_ints,passing_ints,0.8,0.22162961619193172,0.22162961619193172,0.5567407676161366
00-0036970,Kyle Pitts,TE,ATL,2026,18,2026,5,BAL,11/10,season_rush_tds,season_rush_tds,0.0,0.221639036886365,0.221639036886365,0.55672192622727
00-0040735,Luther Burden III,WR,CHI,2026,18,2026,5,GB,11/10,season_rush_tds,season_rush_tds,0.0,0.22164152588772176,0.22164152588772176,0.5567169482245564
00-0036900,Ja'Marr Chase,WR,CIN,2026,18,2026,5,MIA,11/10,season_rush_tds,season_rush_tds,0.0,0.2217524678003903,0.2217524678003903,0.5564950643992195
00-0038124,Christian Watson,WR,GB,2026,4,2026,5,CHI,11/10,period_1_2_receiving_yds,period_1_2_receiving_yds,46.0,0.22192362730059012,0.22192362730059012,0.5561527453988198
00-0031054,DaQuan Jones,DE,BUF,2025,20,2026,5,LA,12/10,sacks,sacks,0.2,0.22207635641098022,0.22207635641098022,0.5558472871780396
00-0035250,Devin Singletary,RB,NYG,2026,2,2026,5,WAS,11/10,rush_rec_tds,rush_rec_tds,0.5,0.222894383029785,0.222894383029785,0.5542112339404299
00-0034960,Jakobi Meyers,WR,JAX,2026,18,2026,5,PHI,11/10,season_rec_tds,season_rec_tds,2.0,0.2230417279153513,0.2230417279153513,0.5539165441692975
00-0034844,Saquon Barkley,RB,PHI,2026,4,2026,5,JAX,11/10,rush_rec_tds,rush_rec_tds,0.5,0.22341658967104966,0.22341658967104966,0.5531668206579007
00-0038041,Jake Ferguson,TE,DAL,2026,4,2026,5,TB,08/10,rush_rec_tds,rush_rec_tds,0.5,0.22349335703695064,0.22349335703695064,0.5530132859260988
00-0036355,Justin Herbert,QB,LAC,2026,4,2026,5,DEN,11/10,period_1_passing_tds,period_1_passing_tds,0.2,0.22352313179305253,0.22352313179305253,0.552953736413895
00-0037238,Drake London,WR,ATL,2026,18,2026,5,BAL,11/10,season_rush_tds,season_rush_tds,0.0,0.22353326313576136,0.22353326313576136,0.5529334737284772
00-0039734,Braden Fiske,DE,LA,2025,21,2026,5,BUF,12/10,sacks,sacks,0.2,0.2235654592514038,0.2235654592514038,0.5528690814971924
00-0033110,Tyler Higbee,TE,LA,2026,4,2026,5,BUF,12/10,rush_rec_tds,rush_rec_tds,0.5,0.22356577880816075,0.22356577880816075,0.5528684423836785
00-0037073,Jordan Davis,DT,PHI,2025,19,2026,5,JAX,11/10,sacks,sacks,0.2,0.22417445480823517,0.22417445480823517,0.5516510903835297
00-0041117,Athan Kaliakmanis,QB,WAS,2026,4,2026,5,NYG,11/10,period_1_passing_yds,period_1_passing_yds,8.0,0.775464361503683,0.775464361503683,0.5509287230073661
00-0036550,Rashod Bateman,WR,BAL,2026,18,2026,5,ATL,11/10,season_rush_tds,season_rush_tds,0.0,0.2246582338139964,0.2246582338139964,0.5506835323720072
00-0036894,Pat Freiermuth,TE,PIT,2026,4,2026,5,IND,11/10,rush_rec_tds,rush_rec_tds,0.5,0.22495021305195195,0.22495021305195195,0.5500995738960961
00-0035719,Deebo Samuel Sr.,WR,SF,2026,18,2026,5,SEA,11/10,season_rec_tds,season_rec_tds,3.0,0.22499812940640346,0.22499812940640346,0.5500037411871931
00-0036555,Chuba Hubbard,RB,CAR,2026,4,2026,6,PHI,18/10,period_1_2_rush_rec_tds,period_1_2_rush_rec_tds,0.5,0.22540432839354194,0.22540432839354194,0.5491913432129161
00-0036335,D.J. Wonnum,DE,CAR,2025,19,2026,6,PHI,18/10,sacks,sacks,0.2,0.22561527788639069,0.22561527788639069,0.5487694442272186
00-0035544,Tom Kennedy,WR,DET,2025,13,2026,5,ARI,11/10,period_1_2_receiving_yds,period_1_2_receiving_yds,29.0,0.22591336397074843,0.22591336397074843,0.5481732720585031
00-0039738,Blake Corum,RB,LA,2026,4,2026,5,BUF,12/10,rush_rec_tds,rush_rec_tds,0.5,0.22593412538891106,0.22593412538891106,0.5481317492221779
00-0040727,Tre Harris,WR,LAC,2026,18,2026,5,DEN,11/10,season_rush_tds,season_rush_tds,0.0,0.22593995396084673,0.22593995396084673,0.5481200920783065
00-0034857,Josh Allen,QB,BUF,2026,4,2026,5,LA,12/10,period_1_passing_tds,period_1_passing_tds,0.2,0.22603793870338776,0.22603793870338776,0.5479241225932245
00-0038559,Michael Wilson,WR,ARI,2026,18,2026,5,DET,11/10,season_rec_tds,season_rec_tds,1.0,0.7737330232431365,0.7737330232431365,0.5474660464862731
00-0041027,Jeremiyah Love,RB,ARI,2026,18,2026,5,DET,11/10,season_receiving_yards,season_receiving_yards,36.0,0.7736937455130274,0.7736937455130274,0.5473874910260548
00-0034837,Calvin Ridley,WR,TEN,2026,4,2026,5,HOU,11/10,receptions,receptions,2.7,0.22632257640361786,0.22632257640361786,0.5473548471927643
00-0036389,Jalen Hurts,QB,PHI,2026,4,2026,5,JAX,11/10,period_1_2_passing_tds,period_1_2_passing_tds,1.2,0.22644828574469356,0.22644828574469356,0.5471034285106129
00-0036972,Mac Jones,QB,SF,2026,2,2026,5,SEA,11/10,passing_yards,passing_yds,175.1,0.22673147052421544,0.22673147052421544,0.5465370589515691
00-0037740,Garrett Wilson,WR,NYJ,2026,18,2026,5,CLE,11/10,season_rush_tds,season_rush_tds,0.0,0.2268557078549877,0.2268557078549877,0.5462885842900246
00-0036389,Jalen Hurts,QB,PHI,2026,4,2026,5,JAX,11/10,rush_rec_tds_qb,rush_rec_tds,0.5,0.22697489575623792,0.22697489575623792,0.5460502084875242
00-0037239,Chris Olave,WR,NO,2026,18,2026,5,MIN,11/10,season_rush_tds,season_rush_tds,0.0,0.22698023285855964,0.22698023285855964,0.5460395342828808
00-0036358,CeeDee Lamb,WR,DAL,2026,18,2026,5,TB,08/10,season_rush_tds,season_rush_tds,0.0,0.22707129284948013,0.22707129284948013,0.5458574143010397
00-0037240,Jameson Williams,WR,DET,2026,18,2026,5,ARI,11/10,season_rush_tds,season_rush_tds,0.0,0.2271063782466689,0.2271063782466689,0.5457872435066622
00-0038129,Cade Otton,TE,TB,2026,4,2026,5,DAL,08/10,rush_rec_tds,rush_rec_tds,0.5,0.22718468534092673,0.22718468534092673,0.5456306293181465
00-0035500,Greg Dortch,WR,ARI,2025,13,2026,5,DET,11/10,rush_rec_tds,rush_rec_tds,0.5,0.22726763683415688,0.22726763683415688,0.5454647263316863
00-0033293,Aaron Jones,RB,MIN,2026,4,2026,5,NO,11/10,period_1_2_rush_rec_tds,period_1_2_rush_rec_tds,0.5,0.2274550697121058,0.2274550697121058,0.5450898605757883
00-0040887,Josh Cuevas,TE,BAL,2026,3,2026,5,ATL,11/10,period_1_2_receiving_yds,period_1_2_receiving_yds,14.0,0.22748635101228115,0.22748635101228115,0.5450272979754377
00-0034350,Uchenna Nwosu,LB,SEA,2025,22,2026,5,SF,11/10,sacks,sacks,0.4,0.22752487659454346,0.22752487659454346,0.5449502468109131
00-0037256,Rachaad White,RB,WAS,2026,3,2026,5,NYG,11/10,rush_rec_tds,rush_rec_tds,0.5,0.22761187429180932,0.22761187429180932,0.5447762514163814
00-0037741,Jahan Dotson,WR,ATL,2026,18,2026,5,BAL,11/10,season_rush_tds,season_rush_tds,0.0,0.22762715987447396,0.22762715987447396,0.5447456802510521
00-0038794,Jaleel McLaughlin,RB,CLE,2026,4,2026,5,NYJ,11/10,period_1_2_rushing_yds,period_1_2_rushing_yds,14.0,0.22763810926138928,0.22763810926138928,0.5447237814772214
00-0033869,Mitchell Trubisky,QB,BUF,2025,18,2026,5,LA,12/10,period_1_passing_yds,period_1_passing_yds,32.8,0.22768201439044589,0.22768201439044589,0.5446359712191082
00-0038120,Breece Hall,RB,NYJ,2026,3,2026,5,CLE,11/10,period_1_2_rush_rec_tds,period_1_2_rush_rec_tds,0.5,0.2277592193357515,0.2277592193357515,0.544481561328497
00-0039361,Bucky Irving,RB,TB,2026,4,2026,5,DAL,08/10,period_1_rushing_yds,period_1_rushing_yds,26.5,0.22840493644103213,0.22840493644103213,0.5431901271179358
00-0041037,Denzel Boston,WR,CLE,2026,18,2026,5,NYJ,11/10,season_rush_tds,season_rush_tds,0.0,0.22874141704384246,0.22874141704384246,0.5425171659123151
00-0033699,Austin Ekeler,RB,WAS,2026,4,2026,5,NYG,11/10,rush_rec_tds,rush_rec_tds,0.5,0.22918226066808,0.22918226066808,0.54163547866384
00-0038134,Kenneth Walker III,RB,KC,2026,18,2026,6,LAC,18/10,season_rec_tds,season_rec_tds,2.0,0.22964979334144026,0.22964979334144026,0.5407004133171195
00-0034381,Josh Sweat,LB,ARI,2025,18,2026,5,DET,11/10,sacks,sacks,0.7,0.2298244833946228,0.2298244833946228,0.5403510332107544
00-0040722,Mike Green,LB,BAL,2025,18,2026,5,ATL,11/10,sacks,sacks,0.2,0.2299572378396988,0.2299572378396988,0.5400855243206024
00-0040494,Max Brosmer,QB,MIN,2025,18,2026,5,NO,11/10,period_1_2_passing_tds,period_1_2_passing_tds,0.0,0.23001327252844447,0.23001327252844447,0.539973454943111
00-0039918,Caleb Williams,QB,CHI,2026,2,2026,5,GB,11/10,rush_rec_tds_qb,rush_rec_tds,0.5,0.23005661774804279,0.23005661774804279,0.5398867645039145
00-0032764,Derrick Henry,RB,BAL,2026,4,2026,5,ATL,11/10,period_1_rush_rec_tds,period_1_rush_rec_tds,0.5,0.23068803323583803,0.23068803323583803,0.5386239335283239
00-0031610,Darren Waller,TE,CAR,2026,4,2026,6,PHI,18/10,rush_rec_tds,rush_rec_tds,0.5,0.2307572994106473,0.2307572994106473,0.5384854011787055
00-0037091,Bo Melton,WR,GB,2026,18,2026,5,CHI,11/10,season_rec_tds,season_rec_tds,0.0,0.23091444012434703,0.23091444012434703,0.5381711197513059
00-0038994,Jordan Addison,WR,MIN,2026,4,2026,5,NO,11/10,rush_rec_tds,rush_rec_tds,0.5,0.23092825889244403,0.23092825889244403,0.5381434822151119
00-0038544,Quentin Johnston,WR,LAC,2026,18,2026,5,DEN,11/10,season_rush_tds,season_rush_tds,0.0,0.2309476160345485,0.2309476160345485,0.538104767930903
00-0031381,Davante Adams,WR,LA,2026,4,2026,5,BUF,12/10,period_1_2_rush_rec_tds,period_1_2_rush_rec_tds,0.5,0.2310661454651789,0.2310661454651789,0.5378677090696422
00-0036188,Antonio Williams,RB,BUF,2020,17,2026,5,LA,12/10,period_1_2_rushing_yds,period_1_2_rushing_yds,0.0,0.7688172571723366,0.7688172571723366,0.5376345143446732
00-0034827,DJ Moore,WR,BUF,2026,4,2026,5,LA,12/10,rush_rec_tds,rush_rec_tds,0.5,0.23130686277678528,0.23130686277678528,0.5373862744464295
00-0039849,Marvin Harrison Jr.,WR,ARI,2026,4,2026,5,DET,11/10,rush_rec_tds,rush_rec_tds,0.5,0.2316899066477011,0.2316899066477011,0.5366201867045979
00-0036220,Derrick Brown,DT,CAR,2025,19,2026,6,PHI,18/10,sacks,sacks,0.3,0.23199133574962616,0.23199133574962616,0.5360173285007477
00-0040138,Jaylin Noel,WR,HOU,2026,18,2026,5,TEN,11/10,season_rush_yards,season_rush_yards,25.0,0.23206334196246206,0.23206334196246206,0.5358733160750759
00-0034796,Lamar Jackson,QB,BAL,2026,4,2026,5,ATL,11/10,period_1_passing_yds,period_1_passing_yds,60.2,0.23224776730786192,0.23224776730786192,0.5355044653842762
00-0038997,Josh Downs,WR,IND,2026,4,2026,5,PIT,11/10,rush_rec_tds,rush_rec_tds,0.5,0.23238319378753988,0.23238319378753988,0.5352336124249202
00-0040727,Tre Harris,WR,LAC,2026,18,2026,5,DEN,11/10,season_rec_tds,season_rec_tds,0.0,0.7673248925332535,0.7673248925332535,0.5346497850665071
00-0040398,Brady Cook,QB,NYJ,2025,18,2026,5,CLE,11/10,period_1_passing_tds,period_1_passing_tds,0.2,0.2327885268222007,0.2327885268222007,0.5344229463555986
00-0038543,Jaxon Smith-Njigba,WR,SEA,2026,18,2026,5,SF,11/10,season_rush_tds,season_rush_tds,0.0,0.23279834922172632,0.23279834922172632,0.5344033015565474
00-0041194,Jack Strand,QB,ATL,2026,2,2026,5,BAL,11/10,passing_ints,passing_ints,1.0,0.23290716978609535,0.23290716978609535,0.5341856604278092
00-0038933,Dalton Kincaid,TE,BUF,2026,18,2026,5,LA,12/10,season_rush_tds,season_rush_tds,0.0,0.23352462829143567,0.23352462829143567,0.5329507434171287
00-0040277,Jahdae Walker,WR,CHI,2025,18,2026,5,GB,11/10,rush_rec_tds,rush_rec_tds,0.5,0.23367788586723925,0.23367788586723925,0.5326442282655215
00-0033906,Alvin Kamara,RB,NO,2026,4,2026,5,MIN,11/10,rush_rec_tds,rush_rec_tds,0.5,0.23387476422186645,0.23387476422186645,0.532250471556267
00-0039364,Sione Vaki,RB,DET,2026,18,2026,5,ARI,11/10,season_rush_tds,season_rush_tds,0.0,0.23448685376519993,0.23448685376519993,0.5310262924696001
00-0032764,Derrick Henry,RB,BAL,2026,4,2026,5,ATL,11/10,period_first_touchdown_scored,period_first_touchdown_scored,0.5,0.23458326434625834,0.23458326434625834,0.5308334713074834
00-0035719,Deebo Samuel Sr.,WR,SF,2026,4,2026,5,SEA,11/10,rush_rec_tds,rush_rec_tds,0.5,0.23458624474197634,0.23458624474197634,0.5308275105160474
00-0033589,David Moore,WR,CAR,2026,3,2026,6,PHI,18/10,receiving_yards,receiving_yds,21.4,0.2350711226463318,0.2350711226463318,0.5298577547073364
00-0037611,Kayvon Thibodeaux,LB,NYG,2025,10,2026,5,WAS,11/10,sacks,sacks,0.2,0.2351459115743637,0.2351459115743637,0.5297081768512726
00-0040129,Emeka Egbuka,WR,TB,2026,4,2026,5,DAL,08/10,rush_rec_tds,rush_rec_tds,0.5,0.2353203002484367,0.2353203002484367,0.5293593995031266
00-0034383,Dalton Schultz,TE,HOU,2026,4,2026,5,TEN,11/10,rush_rec_tds,rush_rec_tds,0.5,0.23539518496643297,0.23539518496643297,0.5292096300671341
00-0039849,Marvin Harrison Jr.,WR,ARI,2026,18,2026,5,DET,11/10,season_rush_tds,season_rush_tds,0.0,0.235446622241374,0.235446622241374,0.529106755517252
00-0039031,Adetomiwa Adebawore,DT,IND,2025,18,2026,5,PIT,11/10,sacks,sacks,0.2,0.2355070263147354,0.2355070263147354,0.5289859473705292
00-0034773,Vita Vea,DT,TB,2025,18,2026,5,DAL,08/10,sacks,sacks,0.3,0.2355995774269104,0.2355995774269104,0.5288008451461792
00-0037228,Jaylen Warren,RB,PIT,2026,4,2026,5,IND,11/10,period_1_2_rush_rec_tds,period_1_2_rush_rec_tds,0.5,0.23562656291363154,0.23562656291363154,0.5287468741727369
00-0033077,Dak Prescott,QB,DAL,2026,18,2026,5,TB,08/10,season_rush_tds,season_rush_tds,0.0,0.2356431983748302,0.2356431983748302,0.5287136032503397
00-0033964,Al-Quadin Muhammad,LB,DET,2025,18,2026,5,ARI,11/10,sacks,sacks,0.6,0.23567838966846466,0.23567838966846466,0.5286432206630707
00-0039337,Malik Nabers,WR,NYG,2026,18,2026,5,WAS,11/10,season_rush_tds,season_rush_tds,0.0,0.23568344255860862,0.23568344255860862,0.5286331148827828
00-0039919,Rome Odunze,WR,CHI,2026,18,2026,5,GB,11/10,season_rush_tds,season_rush_tds,0.0,0.2360507533419225,0.2360507533419225,0.527898493316155
00-0041395,Eli Raridon,TE,NE,2026,4,2026,5,LV,11/10,period_1_2_receiving_yds,period_1_2_receiving_yds,14.7,0.2361167177823159,0.2361167177823159,0.5277665644353682
00-0036556,Brevin Jordan,TE,HOU,2026,4,2026,5,TEN,11/10,period_1_2_receiving_yds,period_1_2_receiving_yds,13.0,0.23629752332690734,0.23629752332690734,0.5274049533461853
00-0037838,Isaiah Likely,TE,NYG,2026,4,2026,5,WAS,11/10,rush_rec_tds,rush_rec_tds,0.5,0.23665255975983066,0.23665255975983066,0.5266948804803386
00-0039299,George Holani,RB,SEA,2026,18,2026,5,SF,11/10,season_rush_tds,season_rush_tds,0.0,0.23675924046248106,0.23675924046248106,0.5264815190750378
00-0040128,Tyler Warren,TE,IND,2026,18,2026,5,PIT,11/10,season_rush_tds,season_rush_tds,0.0,0.23714241187999888,0.23714241187999888,0.5257151762400023
00-0037077,Sam Howell,QB,SEA,2024,15,2026,5,SF,11/10,passing_ints,passing_ints,1.3,0.23727634128394906,0.23727634128394906,0.5254473174321019
00-0034829,Mike Gesicki,TE,CIN,2026,4,2026,5,MIA,11/10,rush_rec_tds,rush_rec_tds,0.5,0.23778244450167516,0.23778244450167516,0.5244351109966496
00-0039893,Brian Thomas Jr.,WR,JAX,2026,4,2026,5,PHI,11/10,period_1_2_receiving_yds,period_1_2_receiving_yds,26.2,0.2378199706022725,0.2378199706022725,0.524360058795455
00-0038994,Jordan Addison,WR,MIN,2026,18,2026,5,NO,11/10,season_rush_tds,season_rush_tds,0.0,0.2378805198719698,0.2378805198719698,0.5242389602560604
00-0036223,Jonathan Taylor,RB,IND,2026,4,2026,5,PIT,11/10,period_1_rush_rec_tds,period_1_rush_rec_tds,0.5,0.23795401400772775,0.23795401400772775,0.5240919719845445
00-0039893,Brian Thomas Jr.,WR,JAX,2026,18,2026,5,PHI,11/10,season_rush_tds,season_rush_tds,0.0,0.2379564124820771,0.2379564124820771,0.5240871750358458
00-0034825,Arden Key,DE,TEN,2025,17,2026,5,HOU,11/10,sacks,sacks,0.3,0.23815159499645233,0.23815159499645233,0.5236968100070953
00-0041436,DJ Herman,RB,MIA,2026,2,2026,5,CIN,11/10,period_1_rushing_yds,period_1_rushing_yds,0.0,0.23857908254553134,0.23857908254553134,0.5228418349089373
00-0036187,Reggie Gilliam,RB,NE,2026,2,2026,5,LV,11/10,period_1_rushing_yds,period_1_rushing_yds,0.0,0.23857908254553134,0.23857908254553134,0.5228418349089373
00-0040078,Brashard Smith,RB,KC,2026,3,2026,6,LAC,18/10,period_1_rushing_yds,period_1_rushing_yds,0.0,0.23857908254553134,0.23857908254553134,0.5228418349089373
00-0040238,LeQuint Allen Jr.,RB,JAX,2026,3,2026,5,PHI,11/10,period_1_rushing_yds,period_1_rushing_yds,0.0,0.23857908254553134,0.23857908254553134,0.5228418349089373
00-0038488,Brady Russell,RB,SEA,2026,3,2026,5,SF,11/10,period_1_rushing_yds,period_1_rushing_yds,0.0,0.23857908254553134,0.23857908254553134,0.5228418349089373
00-0033376,Patrick Ricard,RB,NYG,2026,4,2026,5,WAS,11/10,period_1_rushing_yds,period_1_rushing_yds,0.0,0.23857908254553134,0.23857908254553134,0.5228418349089373
00-0039423,Jonah Laulu,DT,LV,2025,18,2026,5,NE,11/10,sacks,sacks,0.2,0.23870018124580383,0.23870018124580383,0.5225996375083923
00-0039894,Xavier Worthy,WR,KC,2026,18,2026,6,LAC,18/10,season_rush_tds,season_rush_tds,0.0,0.23871320792380707,0.23871320792380707,0.5225735841523859
00-0037085,Tyler Badie,RB,DEN,2026,4,2026,5,LAC,11/10,period_1_2_receiving_yds,period_1_2_receiving_yds,17.7,0.23874018399235034,0.23874018399235034,0.5225196320152994
00-0041547,KC Concepcion,WR,CLE,2026,18,2026,5,NYJ,11/10,season_receiving_yards,season_receiving_yards,144.0,0.760737754433881,0.760737754433881,0.5214755088677621
00-0038134,Kenneth Walker III,RB,KC,2026,4,2026,6,LAC,18/10,period_1_2_rushing_yds,period_1_2_rushing_yds,60.5,0.2393529566530207,0.2393529566530207,0.5212940866939586
00-0036244,Colby Parkinson,TE,LA,2026,3,2026,5,BUF,12/10,receptions,receptions,2.9,0.23940879106521606,0.23940879106521606,0.5211824178695679
00-0037239,Chris Olave,WR,NO,2026,4,2026,5,MIN,11/10,period_1_2_rush_rec_tds,period_1_2_rush_rec_tds,0.5,0.23976067405415158,0.23976067405415158,0.5204786518916968
00-0034837,Calvin Ridley,WR,TEN,2026,4,2026,5,HOU,11/10,receiving_yards,receiving_yds,45.9,0.2399233877658844,0.2399233877658844,0.5201532244682312
00-0041052,Kaelon Black,RB,SF,2026,18,2026,5,SEA,11/10,season_receiving_yards,season_receiving_yards,5.0,0.7597420361352324,0.7597420361352324,0.5194840722704648
00-0041117,Athan Kaliakmanis,QB,WAS,2026,4,2026,5,NYG,11/10,period_1_passing_tds,period_1_passing_tds,0.0,0.24033654804077556,0.24033654804077556,0.5193269039184489
00-0040677,Abdul Carter,LB,NYG,2025,18,2026,5,WAS,11/10,sacks,sacks,0.2,0.24055951833724976,0.24055951833724976,0.5188809633255005
00-0040124,Tetairoa McMillan,WR,CAR,2026,18,2026,6,PHI,18/10,season_rush_tds,season_rush_tds,0.0,0.24073146113178098,0.24073146113178098,0.518537077736438
00-0040126,Colston Loveland,TE,CHI,2026,18,2026,5,GB,11/10,season_rush_tds,season_rush_tds,0.0,0.2409839525597931,0.2409839525597931,0.5180320948804138
00-0040667,Matthew Golden,WR,GB,2026,4,2026,5,CHI,11/10,rush_rec_tds,rush_rec_tds,0.5,0.24109988630091578,0.24109988630091578,0.5178002273981684
00-0040234,Quinn Ewers,QB,MIA,2025,18,2026,5,CIN,11/10,period_1_2_passing_tds,period_1_2_passing_tds,0.8,0.24129243733392564,0.24129243733392564,0.5174151253321487
00-0040236,Kyle Monangai,RB,CHI,2026,4,2026,5,GB,11/10,period_1_2_rush_rec_tds,period_1_2_rush_rec_tds,0.5,0.24130366717538312,0.24130366717538312,0.5173926656492338
00-0036940,Odafe Oweh,LB,LAC,2025,19,2026,5,DEN,11/10,sacks,sacks,0.6,0.24143067002296448,0.24143067002296448,0.517138659954071
00-0036410,Tee Higgins,WR,CIN,2026,4,2026,5,MIA,11/10,period_1_2_rush_rec_tds,period_1_2_rush_rec_tds,0.5,0.24160178680530683,0.24160178680530683,0.5167964263893863
00-0038559,Michael Wilson,WR,ARI,2026,4,2026,5,DET,11/10,period_1_2_rush_rec_tds,period_1_2_rush_rec_tds,0.5,0.24178275425913778,0.24178275425913778,0.5164344914817245
00-0039919,Rome Odunze,WR,CHI,2026,4,2026,5,GB,11/10,rush_rec_tds,rush_rec_tds,0.5,0.24178686253431544,0.24178686253431544,0.5164262749313691
00-0036942,Osa Odighizuwa,DT,DAL,2025,18,2026,5,TB,08/10,sacks,sacks,0.2,0.241789773106575,0.241789773106575,0.51642045378685
00-0036425,DeeJay Dallas,RB,MIN,2026,18,2026,5,NO,11/10,season_rec_tds,season_rec_tds,0.0,0.24179611484148208,0.24179611484148208,0.5164077703170358
00-0039875,Ray Davis,RB,BUF,2026,4,2026,5,LA,12/10,period_1_rushing_yds,period_1_rushing_yds,1.5,0.24191255183622984,0.24191255183622984,0.5161748963275403
00-0036900,Ja'Marr Chase,WR,CIN,2026,4,2026,5,MIA,11/10,period_1_2_rush_rec_tds,period_1_2_rush_rec_tds,0.5,0.24199623754274974,0.24199623754274974,0.5160075249145005
00-0037834,Brock Purdy,QB,SF,2026,18,2026,5,SEA,11/10,season_rush_tds,season_rush_tds,1.0,0.24202169424699613,0.24202169424699613,0.5159566115060077
00-0035230,Ed Oliver,DT,BUF,2025,20,2026,5,LA,12/10,sacks,sacks,0.8,0.24203145503997803,0.24203145503997803,0.515937089920044
00-0039739,Roman Wilson,WR,PIT,2026,4,2026,5,IND,11/10,period_1_2_receiving_yds,period_1_2_receiving_yds,37.5,0.24237304767582482,0.24237304767582482,0.5152539046483504
00-0037132,Britain Covey,WR,PHI,2025,18,2026,5,JAX,11/10,receptions,receptions,2.2,0.24275344610214233,0.24275344610214233,0.5144931077957153
00-0038577,Nick Herbig,LB,PIT,2025,19,2026,5,IND,11/10,sacks,sacks,0.5,0.2429022341966629,0.2429022341966629,0.5141955316066742
00-0039384,Tyrone Tracy Jr.,RB,NYG,2026,4,2026,5,WAS,11/10,period_1_rushing_yds,period_1_rushing_yds,2.0,0.2430309960374304,0.2430309960374304,0.5139380079251392
00-0038542,Bijan Robinson,RB,ATL,2026,18,2026,5,BAL,11/10,season_rush_yards,season_rush_yards,494.0,0.7567174723625648,0.7567174723625648,0.5134349447251296
00-0033526,Samaje Perine,RB,KC,2024,20,2026,6,LAC,18/10,receiving_yards_rb,receiving_yds,19.3,0.2433104004842595,0.2433104004842595,0.513379199031481
00-0040663,Harold Fannin Jr.,TE,CLE,2026,18,2026,5,NYJ,11/10,season_rec_tds,season_rec_tds,3.0,0.24341820151859145,0.24341820151859145,0.5131635969628171
00-0040242,Jacory Croskey-Merritt,RB,WAS,2026,4,2026,5,NYG,11/10,rush_rec_tds,rush_rec_tds,0.5,0.2436232117277586,0.2436232117277586,0.5127535765444828
00-0038546,Myles Murphy,DE,CIN,2025,18,2026,5,MIA,11/10,sacks,sacks,0.3,0.2438298612833023,0.2438298612833023,0.5123402774333954
00-0036554,Nico Collins,WR,HOU,2026,4,2026,5,TEN,11/10,period_1_2_rush_rec_tds,period_1_2_rush_rec_tds,0.5,0.24394809254436114,0.24394809254436114,0.5121038149112778
00-0039915,Ladd McConkey,WR,LAC,2026,4,2026,5,DEN,11/10,period_1_2_receiving_yds,period_1_2_receiving_yds,25.0,0.24416428212019292,0.24416428212019292,0.5116714357596142
00-0037157,Bam Knight,RB,ARI,2026,2,2026,5,DET,11/10,rushing_yards,rushing_yds,22.1,0.24461479485034943,0.24461479485034943,0.5107704102993011
00-0041326,CJ Donaldson,RB,NO,2026,4,2026,5,MIN,11/10,period_1_rushing_yds,period_1_rushing_yds,2.5,0.24481762012666397,0.24481762012666397,0.5103647597466721
00-0034975,Justice Hill,RB,BAL,2026,18,2026,5,ATL,11/10,season_rush_tds,season_rush_tds,0.0,0.24511775385881568,0.24511775385881568,0.5097644922823686
00-0041438,Carnell Tate,WR,TEN,2026,18,2026,5,HOU,11/10,season_rush_tds,season_rush_tds,0.0,0.24514151516640023,0.24514151516640023,0.5097169696671995
00-0040705,Chimere Dike,WR,TEN,2026,4,2026,5,HOU,11/10,receiving_yards,receiving_yds,27.9,0.24517756700515747,0.24517756700515747,0.5096448659896851
00-0036924,Michael Carter,RB,ARI,2025,18,2026,5,DET,11/10,rush_rec_tds,rush_rec_tds,0.5,0.24564120963561745,0.24564120963561745,0.5087175807287652
00-0033935,Trey Hendrickson,LB,CIN,2025,8,2026,5,MIA,11/10,sacks,sacks,0.6,0.2459551990032196,0.2459551990032196,0.5080896019935608
00-0026164,Chris Johnson,RB,ARI,2017,5,2026,5,DET,11/10,rush_rec_tds,rush_rec_tds,0.5,0.24598194340293308,0.24598194340293308,0.5080361131941338
00-0034855,Baker Mayfield,QB,TB,2026,3,2026,5,DAL,08/10,period_1_passing_tds,period_1_passing_tds,0.3,0.24652772956135716,0.24652772956135716,0.5069445408772857
00-0036040,Juwan Johnson,TE,NO,2026,4,2026,5,MIN,11/10,rush_rec_tds,rush_rec_tds,0.5,0.2467203445990649,0.2467203445990649,0.5065593108018702
00-0040583,Woody Marks,RB,HOU,2026,4,2026,5,TEN,11/10,rush_rec_tds,rush_rec_tds,0.5,0.24696342959091344,0.24696342959091344,0.5060731408181731
00-0040867,Makai Lemon,WR,PHI,2026,18,2026,5,JAX,11/10,season_receiving_yards,season_receiving_yards,65.0,0.7529478425022955,0.7529478425022955,0.505895685004591
00-0037746,Brian Robinson,RB,ATL,2026,18,2026,5,BAL,11/10,season_rush_tds,season_rush_tds,4.0,0.24756719266184382,0.24756719266184382,0.5048656146763124
00-0038563,Tre Tucker,WR,LV,2026,4,2026,5,NE,11/10,period_1_2_receiving_yds,period_1_2_receiving_yds,37.2,0.24758305249783052,0.24758305249783052,0.504833895004339
00-0036223,Jonathan Taylor,RB,IND,2026,4,2026,5,PIT,11/10,period_first_touchdown_scored,period_first_touchdown_scored,0.5,0.24762728290402813,0.24762728290402813,0.5047454341919437
00-0039431,Jowon Briggs,DE,NYJ,2025,18,2026,5,CLE,11/10,sacks,sacks,0.2,0.24784843623638153,0.24784843623638153,0.5043031275272369
00-0040238,LeQuint Allen Jr.,RB,JAX,2026,3,2026,5,PHI,11/10,period_1_receiving_yds,period_1_receiving_yds,1.0,0.2479233226837061,0.2295095593968235,0.5041533546325878
00-0036754,Brock Wright,TE,DET,2026,4,2026,5,ARI,11/10,period_1_receiving_yds,period_1_receiving_yds,1.7,0.2479233226837061,0.2290111387545676,0.5041533546325878
00-0037805,Jeremy Ruckert,TE,NYJ,2026,3,2026,5,CLE,11/10,period_1_receiving_yds,period_1_receiving_yds,4.7,0.2479233226837061,0.23748391385968595,0.5041533546325878
00-0036637,Noah Gray,TE,KC,2026,4,2026,6,LAC,18/10,period_1_receiving_yds,period_1_receiving_yds,2.8,0.2479233226837061,0.23526623867244095,0.5041533546325878
00-0036849,Tutu Atwell,WR,LA,2026,4,2026,5,BUF,12/10,period_1_receiving_yds,period_1_receiving_yds,0.0,0.2479233226837061,0.2410769687913944,0.5041533546325878
00-0033246,Johnny Mundt,TE,PHI,2026,3,2026,5,JAX,11/10,period_1_receiving_yds,period_1_receiving_yds,2.0,0.2479233226837061,0.2395319604707983,0.5041533546325878
00-0039738,Blake Corum,RB,LA,2026,4,2026,5,BUF,12/10,period_1_receiving_yds,period_1_receiving_yds,1.8,0.2479233226837061,0.2390736221742656,0.5041533546325878
00-0039355,Luke McCaffrey,WR,WAS,2025,8,2026,5,NYG,11/10,period_1_receiving_yds,period_1_receiving_yds,3.7,0.2479233226837061,0.22997411407890894,0.5041533546325878
00-0033854,Dare Ogunbowale,RB,HOU,2025,18,2026,5,TEN,11/10,period_1_receiving_yds,period_1_receiving_yds,1.2,0.2479233226837061,0.23543181993576895,0.5041533546325878
00-0033576,Eric Saubert,TE,SEA,2026,3,2026,5,SF,11/10,period_1_receiving_yds,period_1_receiving_yds,0.0,0.2479233226837061,0.2410769687913944,0.5041533546325878
00-0039062,Jonathan Mingo,WR,DAL,2026,4,2026,5,TB,08/10,period_1_receiving_yds,period_1_receiving_yds,0.0,0.2479233226837061,0.2410769687913944,0.5041533546325878
00-0033376,Patrick Ricard,RB,NYG,2026,4,2026,5,WAS,11/10,period_1_receiving_yds,period_1_receiving_yds,0.0,0.2479233226837061,0.2410769687913944,0.5041533546325878
00-0038124,Christian Watson,WR,GB,2026,4,2026,5,CHI,11/10,period_1_receiving_yds,period_1_receiving_yds,23.8,0.2479233226837061,0.24088549773563928,0.5041533546325878
00-0039364,Sione Vaki,RB,DET,2026,4,2026,5,ARI,11/10,period_1_receiving_yds,period_1_receiving_yds,0.0,0.2479233226837061,0.23128605276740674,0.5041533546325878
00-0040506,Myles Price,WR,MIN,2026,4,2026,5,NO,11/10,period_1_receiving_yds,period_1_receiving_yds,0.5,0.2479233226837061,0.23524397373683537,0.5041533546325878
00-0035689,Dawson Knox,TE,BUF,2026,4,2026,5,LA,12/10,period_1_receiving_yds,period_1_receiving_yds,1.2,0.2479233226837061,0.22883585619120214,0.5041533546325878
00-0040154,Tai Felton,WR,MIN,2026,4,2026,5,NO,11/10,period_1_receiving_yds,period_1_receiving_yds,0.0,0.2479233226837061,0.2410769687913944,0.5041533546325878
00-0036422,Adam Trautman,TE,DEN,2026,4,2026,5,LAC,11/10,period_1_receiving_yds,period_1_receiving_yds,2.0,0.2479233226837061,0.2395319604707983,0.5041533546325878
00-0041048,Ted Hurst III,WR,TB,2026,4,2026,5,DAL,08/10,period_1_receiving_yds,period_1_receiving_yds,10.0,0.2479233226837061,0.23859458207095263,0.5041533546325878
00-0039868,Troy Franklin,WR,DEN,2026,3,2026,5,LAC,11/10,period_1_receiving_yds,period_1_receiving_yds,0.0,0.2479233226837061,0.23382663587684369,0.5041533546325878
00-0039739,Roman Wilson,WR,PIT,2026,4,2026,5,IND,11/10,period_1_receiving_yds,period_1_receiving_yds,18.0,0.2479233226837061,0.22919832477888386,0.5041533546325878
00-0041503,Nate Boerkircher,TE,JAX,2026,4,2026,5,PHI,11/10,period_1_receiving_yds,period_1_receiving_yds,0.0,0.2479233226837061,0.23382663587684369,0.5041533546325878
00-0039365,Jacob Cowing,WR,SF,2026,4,2026,5,SEA,11/10,period_1_receiving_yds,period_1_receiving_yds,0.0,0.2479233226837061,0.2410769687913944,0.5041533546325878
00-0039751,Jordan Whittington,WR,LA,2026,4,2026,5,BUF,12/10,period_1_receiving_yds,period_1_receiving_yds,0.0,0.2479233226837061,0.2410769687913944,0.5041533546325878
00-0030506,Travis Kelce,TE,KC,2026,4,2026,6,LAC,18/10,rush_rec_tds,rush_rec_tds,0.5,0.24798375277319934,0.24798375277319934,0.5040324944536013
00-0040128,Tyler Warren,TE,IND,2026,4,2026,5,PIT,11/10,rush_rec_tds,rush_rec_tds,0.5,0.24822322085209103,0.24822322085209103,0.5035535582958179
00-0024348,Kyle Williams,DT,BUF,2018,17,2026,5,LA,12/10,sacks,sacks,0.3,0.24828754365444183,0.24828754365444183,0.5034249126911163
00-0038933,Dalton Kincaid,TE,BUF,2026,4,2026,5,LA,12/10,period_1_2_receiving_yds,period_1_2_receiving_yds,29.2,0.2484742840749814,0.2484742840749814,0.5030514318500372
00-0034163,Jacob Martin,DE,WAS,2025,18,2026,5,NYG,11/10,sacks,sacks,0.3,0.248505100607872,0.248505100607872,0.502989798784256
00-0033336,Eric Wilson,LB,MIN,2025,18,2026,5,NO,11/10,sacks,sacks,0.4,0.24893635511398315,0.24893635511398315,0.5021272897720337
00-0033921,Chris Godwin Jr.,WR,TB,2026,4,2026,5,DAL,08/10,rush_rec_tds,rush_rec_tds,0.5,0.24905937075430887,0.24905937075430887,0.5018812584913823
00-0034805,John Franklin-Myers,DE,DEN,2025,21,2026,5,LAC,11/10,sacks,sacks,0.4,0.24910207092761993,0.24910207092761993,0.5017958581447601
00-0040667,Matthew Golden,WR,GB,2026,18,2026,5,CHI,11/10,season_rec_tds,season_rec_tds,2.0,0.7507159824739198,0.7507159824739198,0.5014319649478396
00-0035250,Devin Singletary,RB,NYG,2026,2,2026,5,WAS,11/10,period_1_rushing_yds,period_1_rushing_yds,7.0,0.24942349743992223,0.24942349743992223,0.5011530051201556
00-0032392,Austin Hooper,TE,ATL,2026,4,2026,5,BAL,11/10,period_1_receiving_yds,period_1_receiving_yds,3.0,0.24948875255623723,0.24242051693085298,0.5010224948875255
00-0037263,Tyler Allgeier,RB,ARI,2026,4,2026,5,DET,11/10,period_1_receiving_yds,period_1_receiving_yds,3.8,0.24948875255623723,0.24291875734532942,0.5010224948875255
00-0037291,Jalen Nailor,WR,LV,2026,3,2026,5,NE,11/10,period_1_receiving_yds,period_1_receiving_yds,8.0,0.24948875255623723,0.24221706514358435,0.5010224948875255
00-0039032,Tyjae Spears,RB,TEN,2026,4,2026,5,HOU,11/10,period_1_receiving_yds,period_1_receiving_yds,-0.2,0.24948875255623723,0.2454839258753855,0.5010224948875255
00-0034844,Saquon Barkley,RB,PHI,2026,4,2026,5,JAX,11/10,period_1_receiving_yds,period_1_receiving_yds,0.5,0.24948875255623723,0.2452000478186731,0.5010224948875255
00-0033555,Mack Hollins,WR,NE,2026,4,2026,5,LV,11/10,period_1_receiving_yds,period_1_receiving_yds,12.8,0.24948875255623723,0.24536060185967884,0.5010224948875255
00-0038783,Nate Adkins,TE,DEN,2026,3,2026,5,LAC,11/10,period_1_receiving_yds,period_1_receiving_yds,3.5,0.24948875255623723,0.24387373863714332,0.5010224948875255
00-0034975,Justice Hill,RB,BAL,2026,4,2026,5,ATL,11/10,period_1_receiving_yds,period_1_receiving_yds,0.0,0.24948875255623723,0.24320082751497338,0.5010224948875255
00-0039746,Will Shipley,RB,PHI,2026,4,2026,5,JAX,11/10,period_1_receiving_yds,period_1_receiving_yds,0.0,0.24948875255623723,0.24320082751497338,0.5010224948875255
00-0039648,David Martin-Robinson,TE,TEN,2025,18,2026,5,HOU,11/10,period_1_receiving_yds,period_1_receiving_yds,0.0,0.24948875255623723,0.24320082751497338,0.5010224948875255
00-0040583,Woody Marks,RB,HOU,2026,4,2026,5,TEN,11/10,period_1_receiving_yds,period_1_receiving_yds,3.0,0.24948875255623723,0.24436552967766417,0.5010224948875255
00-0031408,Mike Evans,WR,SF,2026,4,2026,5,SEA,11/10,period_1_2_receiving_yds,period_1_2_receiving_yds,35.2,0.25014737954652455,0.25014737954652455,0.4997052409069509
00-0040124,Tetairoa McMillan,WR,CAR,2026,18,2026,6,PHI,18/10,season_receiving_yards,season_receiving_yards,385.0,0.7496517705665131,0.7496517705665131,0.4993035411330262
00-0038685,Chris Brooks,RB,GB,2026,18,2026,5,CHI,11/10,season_rec_tds,season_rec_tds,0.0,0.2507126027053982,0.2507126027053982,0.4985747945892036
00-0037816,Romeo Doubs,WR,NE,2026,4,2026,5,LV,11/10,rush_rec_tds,rush_rec_tds,0.5,0.25107658798141735,0.25107658798141735,0.4978468240371653
00-0038386,Jalen Carter,DT,PHI,2025,19,2026,5,JAX,11/10,sacks,sacks,0.3,0.25108709931373596,0.25108709931373596,0.4978258013725281
00-0039923,J.J. McCarthy,QB,MIN,2025,18,2026,5,NO,11/10,passing_ints,passing_ints,1.2,0.25129106532004486,0.25129106532004486,0.4974178693599103
00-0035710,Daniel Jones,QB,IND,2026,4,2026,5,PIT,11/10,period_1_passing_tds,period_1_passing_tds,0.2,0.25158849325428134,0.25158849325428134,0.4968230134914373
00-0034285,Zach Sieler,DE,MIA,2025,18,2026,5,CIN,11/10,sacks,sacks,0.3,0.2516380846500397,0.2516380846500397,0.49672383069992065
00-0038933,Dalton Kincaid,TE,BUF,2026,4,2026,5,LA,12/10,rush_rec_tds,rush_rec_tds,0.5,0.25172072359321435,0.25172072359321435,0.4965585528135713
00-0036244,Colby Parkinson,TE,LA,2026,3,2026,5,BUF,12/10,receiving_yards,receiving_yds,32.7,0.2519790828227997,0.2519790828227997,0.49604183435440063
00-0039070,Gervon Dexter Sr.,DT,CHI,2025,20,2026,5,GB,11/10,sacks,sacks,0.3,0.252709299325943,0.252709299325943,0.494581401348114
00-0031588,Stefon Diggs,WR,WAS,2026,4,2026,5,NYG,11/10,rush_rec_tds,rush_rec_tds,0.5,0.2528037699553961,0.2528037699553961,0.4943924600892078
00-0041547,KC Concepcion,WR,CLE,2026,18,2026,5,NYJ,11/10,season_rush_tds,season_rush_tds,0.0,0.2528711345395482,0.2528711345395482,0.49425773092090364
00-0037085,Tyler Badie,RB,DEN,2026,4,2026,5,LAC,11/10,period_1_rushing_yds,period_1_rushing_yds,2.0,0.2529077887346853,0.2529077887346853,0.49418442253062944
00-0038090,Skyy Moore,WR,SF,2025,5,2026,5,SEA,11/10,receptions,receptions,1.2,0.252918541431427,0.252918541431427,0.494162917137146
00-0035680,Quincy Williams,LB,NYJ,2025,18,2026,5,CLE,11/10,sacks,sacks,0.3,0.252962201833725,0.252962201833725,0.49407559633255005
00-0036158,J.K. Dobbins,RB,DEN,2026,4,2026,5,LAC,11/10,rush_rec_tds,rush_rec_tds,0.5,0.2531271080570152,0.2531271080570152,0.49374578388596957
00-0039384,Tyrone Tracy Jr.,RB,NYG,2026,4,2026,5,WAS,11/10,receiving_yards_rb,receiving_yds,15.1,0.2532735097240733,0.2532735097240733,0.4934529805518534
00-0035537,Ty Johnson,RB,BUF,2026,4,2026,5,LA,12/10,period_1_rushing_yds,period_1_rushing_yds,0.0,0.25331068446674615,0.25331068446674615,0.4933786310665077
00-0037663,Jermaine Johnson II,DE,NYJ,2025,18,2026,5,CLE,11/10,sacks,sacks,0.2,0.253338098526001,0.253338098526001,0.49332380294799805
00-0038994,Jordan Addison,WR,MIN,2026,18,2026,5,NO,11/10,season_rush_yards,season_rush_yards,-1.0,0.7465538925595121,0.7465538925595121,0.4931077851190242
00-0033046,Jihad Ward,LB,TEN,2025,18,2026,5,HOU,11/10,sacks,sacks,0.3,0.25356584787368774,0.25356584787368774,0.4928683042526245
00-0036934,Jaelan Phillips,LB,PHI,2025,19,2026,5,JAX,11/10,sacks,sacks,0.3,0.25366660952568054,0.25366660952568054,0.4926667809486389
00-0034365,Ian Thomas,TE,LV,2026,4,2026,5,NE,11/10,period_1_2_receiving_yds,period_1_2_receiving_yds,13.5,0.25433227490082205,0.25433227490082205,0.4913354501983559
00-0038488,Brady Russell,RB,SEA,2026,3,2026,5,SF,11/10,period_1_2_receiving_yds,period_1_2_receiving_yds,13.5,0.25433227490082205,0.25433227490082205,0.4913354501983559
00-0038710,Blake Whiteheart,TE,CLE,2024,4,2026,5,NYJ,11/10,rush_rec_tds,rush_rec_tds,0.5,0.2544215978322646,0.2544215978322646,0.4911568043354708
00-0036322,Justin Jefferson,WR,MIN,2026,3,2026,5,NO,11/10,rush_rec_tds,rush_rec_tds,0.5,0.25452149232957344,0.25452149232957344,0.4909570153408531
00-0033662,Cooper Rush,QB,ATL,2026,2,2026,5,BAL,11/10,period_1_2_passing_tds,period_1_2_passing_tds,0.5,0.25480192630283743,0.25480192630283743,0.49039614739432513
00-0037744,Trey McBride,TE,ARI,2026,4,2026,5,DET,11/10,period_1_2_rush_rec_tds,period_1_2_rush_rec_tds,0.5,0.2548248132933557,0.2548248132933557,0.4903503734132886
00-0035685,David Montgomery,RB,HOU,2026,4,2026,5,TEN,11/10,rush_rec_tds,rush_rec_tds,0.5,0.2548623317981666,0.2548623317981666,0.49027533640366683
00-0039847,Theo Johnson,TE,NYG,2026,4,2026,5,WAS,11/10,receiving_yards,receiving_yds,31.8,0.2551470994949341,0.2551470994949341,0.48970580101013184
00-0038543,Jaxon Smith-Njigba,WR,SEA,2026,18,2026,5,SF,11/10,season_receiving_yards,season_receiving_yards,481.0,0.744796656647525,0.744796656647525,0.48959331329505007
00-0040129,Emeka Egbuka,WR,TB,2026,18,2026,5,DAL,08/10,season_rush_tds,season_rush_tds,0.0,0.25520439274292867,0.25520439274292867,0.48959121451414267
00-0037248,James Cook,RB,BUF,2026,4,2026,5,LA,12/10,period_1_2_rushing_yds,period_1_2_rushing_yds,53.2,0.2554108409612701,0.2554108409612701,0.4891783180774598
00-0039796,Rasheen Ali,RB,BAL,2025,18,2026,5,ATL,11/10,period_1_rushing_yds,period_1_rushing_yds,0.0,0.2555113479817009,0.2555113479817009,0.4889773040365982
00-0034975,Justice Hill,RB,BAL,2026,18,2026,5,ATL,11/10,season_rec_tds,season_rec_tds,0.0,0.25602903933452054,0.25602903933452054,0.4879419213309589
00-0039139,Jahmyr Gibbs,RB,DET,2026,18,2026,5,ARI,11/10,season_rush_yards,season_rush_yards,353.0,0.7438636834790024,0.7438636834790024,0.4877273669580049
00-0038134,Kenneth Walker III,RB,KC,2026,18,2026,6,LAC,18/10,season_rush_yards,season_rush_yards,537.0,0.7436927437265817,0.7436927437265817,0.48738548745316335
00-0039868,Troy Franklin,WR,DEN,2026,3,2026,5,LAC,11/10,receiving_yards,receiving_yds,35.1,0.2563963234424591,0.2563963234424591,0.4872073531150818
00-0040715,Cam Skattebo,RB,NYG,2026,4,2026,5,WAS,11/10,period_1_2_rush_rec_tds,period_1_2_rush_rec_tds,0.5,0.2565731649982887,0.2565731649982887,0.4868536700034226
00-0038611,Chris Rodriguez Jr.,RB,JAX,2026,18,2026,5,PHI,11/10,season_rec_tds,season_rec_tds,0.0,0.2566407197784025,0.2566407197784025,0.48671856044319495
00-0038412,Moro Ojomo,DT,PHI,2025,19,2026,5,JAX,11/10,sacks,sacks,0.3,0.2569482624530792,0.2569482624530792,0.48610347509384155
00-0026190,Calais Campbell,DE,ARI,2025,18,2026,5,DET,11/10,sacks,sacks,0.4,0.2571543753147125,0.2571543753147125,0.48569124937057495
00-0033873,Patrick Mahomes,QB,KC,2026,4,2026,6,LAC,18/10,period_1_passing_tds,period_1_passing_tds,0.5,0.2572379096247479,0.2572379096247479,0.4855241807505042
00-0040730,RJ Harvey,RB,DEN,2026,4,2026,5,LAC,11/10,rushing_yards,rushing_yds,30.8,0.2573530673980713,0.2573530673980713,0.4852938652038574
00-0033526,Samaje Perine,RB,CIN,2026,4,2026,5,MIA,11/10,rushing_yards,rushing_yds,25.2,0.2581782639026642,0.2581782639026642,0.48364347219467163
00-0038738,Hunter Luepke,RB,DAL,2026,4,2026,5,TB,08/10,period_1_rushing_yds,period_1_rushing_yds,0.0,0.25835297928528994,0.25835297928528994,0.4832940414294201
00-0040743,Tyler Shough,QB,NO,2026,18,2026,5,MIN,11/10,season_rush_tds,season_rush_tds,1.0,0.2589571147181086,0.2589571147181086,0.48208577056378277
00-0028000,Daniel Thomas,RB,MIA,2014,17,2026,5,CIN,11/10,period_1_rushing_yds,period_1_rushing_yds,2.4,0.25908918061303665,0.25908918061303665,0.4818216387739267
00-0038547,Luke Schoonmaker,TE,DAL,2026,3,2026,5,TB,08/10,period_1_2_receiving_yds,period_1_2_receiving_yds,10.5,0.25934134262660524,0.25934134262660524,0.4813173147467895
00-0038778,Jalen Redmond,DL,MIN,2025,18,2026,5,NO,11/10,sacks,sacks,0.4,0.25983726978302,0.25983726978302,0.48032546043395996
00-0031364,Jadeveon Clowney,DE,DAL,2025,18,2026,5,TB,08/10,sacks,sacks,0.7,0.2607730031013489,0.2607730031013489,0.47845399379730225
00-0035719,Deebo Samuel Sr.,WR,SF,2026,18,2026,5,SEA,11/10,season_rush_tds,season_rush_tds,0.0,0.2611465173992613,0.2611465173992613,0.4777069652014774
00-0032950,Carson Wentz,QB,MIN,2026,2,2026,5,NO,11/10,period_1_2_passing_tds,period_1_2_passing_tds,0.5,0.2612061464516554,0.2612061464516554,0.4775877070966892
00-0037235,Travon Walker,DE,JAX,2025,19,2026,5,PHI,11/10,sacks,sacks,0.2,0.26147615909576416,0.26147615909576416,0.4770476818084717
00-0038997,Josh Downs,WR,IND,2026,4,2026,5,PIT,11/10,period_1_2_receiving_yds,period_1_2_receiving_yds,41.5,0.2617146022113193,0.2617146022113193,0.4765707955773614
00-0040236,Kyle Monangai,RB,CHI,2026,18,2026,5,GB,11/10,season_rec_tds,season_rec_tds,0.0,0.2619940641151657,0.2619940641151657,0.47601187176966864
00-0039746,Will Shipley,RB,PHI,2026,18,2026,5,JAX,11/10,season_rush_tds,season_rush_tds,0.0,0.2622848455243639,0.2622848455243639,0.47543030895127225
00-0040398,Brady Cook,QB,NYJ,2025,18,2026,5,CLE,11/10,passing_ints,passing_ints,1.4,0.262374168685423,0.262374168685423,0.47525166262915397
00-0039811,MarShawn Lloyd,RB,GB,2026,18,2026,5,CHI,11/10,season_rec_tds,season_rec_tds,1.0,0.26274752726401324,0.26274752726401324,0.4745049454719735
00-0031408,Mike Evans,WR,SF,2026,4,2026,5,SEA,11/10,rush_rec_tds,rush_rec_tds,0.5,0.2631903041406733,0.2631903041406733,0.4736193917186534
00-0039164,Anthony Richardson,QB,IND,2025,5,2026,5,PIT,11/10,passing_ints,passing_ints,0.8,0.26326948129039346,0.26326948129039346,0.4734610374192131
00-0038933,Dalton Kincaid,TE,BUF,2026,18,2026,5,LA,12/10,season_rec_tds,season_rec_tds,1.0,0.7365601716870261,0.7365601716870261,0.4731203433740523
00-0041013,Emmett Johnson,RB,KC,2026,18,2026,6,LAC,18/10,season_rush_tds,season_rush_tds,0.0,0.2635358880985868,0.2635358880985868,0.4729282238028264
00-0041100,Josh Cameron,WR,JAX,2026,4,2026,5,PHI,11/10,period_1_2_receiving_yds,period_1_2_receiving_yds,15.0,0.26353751359848443,0.26353751359848443,0.47292497280303114
00-0040122,Ashton Jeanty,RB,LV,2026,4,2026,5,NE,11/10,period_1_2_rush_rec_tds,period_1_2_rush_rec_tds,0.5,0.2635970225270084,0.2635970225270084,0.4728059549459832
00-0033526,Samaje Perine,RB,CIN,2026,18,2026,5,MIA,11/10,season_rec_tds,season_rec_tds,0.0,0.2639465503121713,0.2639465503121713,0.4721068993756574
00-0041438,Carnell Tate,WR,TEN,2026,4,2026,5,HOU,11/10,rush_rec_tds,rush_rec_tds,0.5,0.26404336340950035,0.26404336340950035,0.4719132731809993
00-0037755,Jelani Woods,TE,NYJ,2026,4,2026,5,CLE,11/10,period_1_2_receiving_yds,period_1_2_receiving_yds,10.0,0.2641216878862884,0.2641216878862884,0.47175662422742315
00-0038542,Bijan Robinson,RB,ATL,2026,4,2026,5,BAL,11/10,period_1_2_receiving_yds,period_1_2_receiving_yds,23.0,0.2642653457555253,0.2642653457555253,0.4714693084889494
00-0037261,Khalil Shakir,WR,BUF,2026,4,2026,5,LA,12/10,period_1_2_receiving_yds,period_1_2_receiving_yds,33.2,0.2643745288286062,0.2643745288286062,0.47125094234278764
00-0038997,Josh Downs,WR,IND,2026,18,2026,5,PIT,11/10,season_rec_tds,season_rec_tds,0.0,0.7353711442587457,0.7353711442587457,0.47074228851749145
00-0039491,Jalen Coker,WR,CAR,2026,3,2026,6,PHI,18/10,rush_rec_tds,rush_rec_tds,0.5,0.26509616426622445,0.26509616426622445,0.4698076714675511
00-0033908,Cooper Kupp,WR,SEA,2026,18,2026,5,SF,11/10,season_rec_tds,season_rec_tds,1.0,0.2651732178002353,0.2651732178002353,0.46965356439952943
00-0036425,DeeJay Dallas,RB,MIN,2026,4,2026,5,NO,11/10,period_1_rushing_yds,period_1_rushing_yds,0.0,0.2651932370886132,0.2651932370886132,0.4696135258227736
00-0038117,Wan'Dale Robinson,WR,TEN,2026,4,2026,5,HOU,11/10,rush_rec_tds,rush_rec_tds,0.5,0.26526573896748973,0.26526573896748973,0.46946852206502054
00-0040128,Tyler Warren,TE,IND,2026,18,2026,5,PIT,11/10,season_receiving_yards,season_receiving_yards,130.0,0.7343060451531161,0.7343060451531161,0.4686120903062323
00-0035352,Tyrel Dodson,LB,MIA,2025,18,2026,5,CIN,11/10,sacks,sacks,0.3,0.2657981514930725,0.2657981514930725,0.468403697013855
00-0032764,Derrick Henry,RB,BAL,2026,18,2026,5,ATL,11/10,season_rec_tds,season_rec_tds,0.0,0.26599658422886846,0.26599658422886846,0.4680068315422631
00-0040705,Chimere Dike,WR,TEN,2026,4,2026,5,HOU,11/10,receptions,receptions,2.9,0.2660771310329437,0.2660771310329437,0.46784573793411255
00-0040735,Luther Burden III,WR,CHI,2026,4,2026,5,GB,11/10,rush_rec_tds,rush_rec_tds,0.5,0.2661440262395467,0.2661440262395467,0.4677119475209066
00-0036971,Trevor Lawrence,QB,JAX,2026,4,2026,5,PHI,11/10,period_1_2_passing_yds,period_1_2_passing_yds,137.8,0.26623976878581807,0.26623976878581807,0.46752046242836387
00-0037746,Brian Robinson,RB,ATL,2026,4,2026,5,BAL,11/10,rush_rec_tds,rush_rec_tds,0.5,0.2664428307663968,0.2664428307663968,0.4671143384672064
00-0036997,Javonte Williams,RB,DAL,2026,18,2026,5,TB,08/10,season_rush_tds,season_rush_tds,5.0,0.26693512430370403,0.26693512430370403,0.46612975139259194
00-0036971,Trevor Lawrence,QB,JAX,2026,18,2026,5,PHI,11/10,season_rush_tds,season_rush_tds,0.0,0.26704155343569996,0.26704155343569996,0.4659168931286001
00-0039338,Brock Bowers,TE,LV,2026,4,2026,5,NE,11/10,period_1_2_receiving_yds,period_1_2_receiving_yds,64.0,0.2674133048282743,0.2674133048282743,0.4651733903434514
00-0026158,Joe Flacco,QB,CIN,2025,18,2026,5,MIA,11/10,passing_tds,passing_tds,1.2,0.2675717709288863,0.2675717709288863,0.4648564581422274
00-0037834,Brock Purdy,QB,SF,2026,4,2026,5,SEA,11/10,period_1_passing_yds,period_1_passing_yds,64.5,0.26779918730962626,0.26779918730962626,0.4644016253807475
00-0041125,Seth McGowan,RB,IND,2026,18,2026,5,PIT,11/10,season_rec_tds,season_rec_tds,0.0,0.26804438391168867,0.26804438391168867,0.46391123217662267
00-0039299,George Holani,RB,SEA,2026,4,2026,5,SF,11/10,period_1_rushing_yds,period_1_rushing_yds,6.5,0.26823235657979005,0.26823235657979005,0.4635352868404199
00-0040075,LaJohntay Wester,WR,BAL,2026,2,2026,5,ATL,11/10,period_1_2_receiving_yds,period_1_2_receiving_yds,14.5,0.2683671469090016,0.2683671469090016,0.4632657061819968
00-0035685,David Montgomery,RB,HOU,2026,18,2026,5,TEN,11/10,season_rush_tds,season_rush_tds,2.0,0.2684297307823118,0.2684297307823118,0.4631405384353764
00-0038794,Jaleel McLaughlin,RB,CLE,2026,4,2026,5,NYJ,11/10,period_1_rushing_yds,period_1_rushing_yds,0.0,0.26863227988493454,0.26863227988493454,0.4627354402301309
00-0036893,Najee Harris,RB,NYG,2026,3,2026,5,WAS,11/10,receiving_yards_rb,receiving_yds,13.4,0.2686361995836973,0.2686361995836973,0.46272760083260545
00-0037075,Devonte Wyatt,DT,GB,2025,13,2026,5,CHI,11/10,sacks,sacks,0.4,0.26871418952941895,0.26871418952941895,0.4625716209411621
00-0034869,Sam Darnold,QB,SEA,2026,4,2026,5,SF,11/10,period_1_2_passing_tds,period_1_2_passing_tds,0.7,0.26897224732367925,0.26897224732367925,0.4620555053526415
00-0041438,Carnell Tate,WR,TEN,2026,18,2026,5,HOU,11/10,season_receiving_yards,season_receiving_yards,268.0,0.7310079290638422,0.7310079290638422,0.4620158581276843
00-0040867,Makai Lemon,WR,PHI,2026,18,2026,5,JAX,11/10,season_rush_tds,season_rush_tds,0.0,0.2690109719440867,0.2690109719440867,0.46197805611182663
00-0036971,Trevor Lawrence,QB,JAX,2026,4,2026,5,PHI,11/10,period_1_passing_yds,period_1_passing_yds,60.0,0.26932094093346914,0.26932094093346914,0.4613581181330617
00-0033881,Evan Engram,TE,DEN,2026,18,2026,5,LAC,11/10,season_rec_tds,season_rec_tds,1.0,0.27017673926434077,0.27017673926434077,0.45964652147131846
00-0036919,Kenny Gainwell,RB,TB,2026,4,2026,5,DAL,08/10,rush_rec_tds,rush_rec_tds,0.5,0.2701957499751286,0.2701957499751286,0.45960850004974285
00-0040129,Emeka Egbuka,WR,TB,2026,18,2026,5,DAL,08/10,season_receiving_yards,season_receiving_yards,154.0,0.7294324896236372,0.7294324896236372,0.4588649792472743
00-0038996,Tucker Kraft,TE,GB,2026,4,2026,5,CHI,11/10,rush_rec_tds,rush_rec_tds,0.5,0.2710674122845621,0.2710674122845621,0.4578651754308758
00-0041438,Carnell Tate,WR,TEN,2026,18,2026,5,HOU,11/10,season_rush_yards,season_rush_yards,0.0,0.7289238292131534,0.7289238292131534,0.4578476584263067
00-0034373,Dorance Armstrong,DE,WAS,2025,7,2026,5,NYG,11/10,sacks,sacks,0.8,0.2711157500743866,0.2711157500743866,0.4577684998512268
00-0035689,Dawson Knox,TE,BUF,2026,4,2026,5,LA,12/10,receiving_yards,receiving_yds,26.3,0.2713046967983246,0.2713046967983246,0.45739060640335083
00-0040583,Woody Marks,RB,HOU,2026,4,2026,5,TEN,11/10,rushing_yards,rushing_yds,47.9,0.27136871218681335,0.27136871218681335,0.4572625756263733
00-0039139,Jahmyr Gibbs,RB,DET,2026,4,2026,5,ARI,11/10,period_first_touchdown_scored,period_first_touchdown_scored,0.5,0.2714633156662265,0.2714633156662265,0.457073368667547
00-0036265,AJ Dillon,RB,CAR,2026,18,2026,6,PHI,18/10,season_rush_tds,season_rush_tds,0.0,0.27150662202991,0.27150662202991,0.45698675594018
00-0038115,Daniel Bellinger,TE,TEN,2026,18,2026,5,HOU,11/10,season_rec_tds,season_rec_tds,0.0,0.2715525501974226,0.2715525501974226,0.45689489960515484
00-0041067,Bryce Lance,WR,NO,2026,18,2026,5,MIN,11/10,season_receiving_yards,season_receiving_yards,57.0,0.7282979096746094,0.7282979096746094,0.4565958193492188
00-0036212,Tua Tagovailoa,QB,MIA,2025,15,2026,5,CIN,11/10,passing_ints,passing_ints,1.1,0.2718352960616447,0.2718352960616447,0.4563294078767106
00-0037594,Julius Chestnut,RB,TEN,2025,16,2026,5,HOU,11/10,period_1_rushing_yds,period_1_rushing_yds,0.9,0.27274129212821324,0.27274129212821324,0.4545174157435735
00-0037311,Ko Kieft,TE,TB,2023,15,2026,5,DAL,08/10,period_1_receiving_yds,period_1_receiving_yds,0.0,0.2731505431971029,0.2484793310688755,0.4536989136057942
00-0039798,Isaiah Davis,RB,NYJ,2025,17,2026,5,CLE,11/10,period_1_receiving_yds,period_1_receiving_yds,0.7,0.2731505431971029,0.25312743526346615,0.4536989136057942
00-0035208,Olamide Zaccheaus,WR,ATL,2026,4,2026,5,BAL,11/10,period_1_receiving_yds,period_1_receiving_yds,0.0,0.2731505431971029,0.2555256806413528,0.4536989136057942
00-0035537,Ty Johnson,RB,BUF,2026,4,2026,5,LA,12/10,period_1_receiving_yds,period_1_receiving_yds,4.5,0.2731505431971029,0.25431728573081547,0.4536989136057942
00-0035535,Darius Slayton,WR,NYG,2025,18,2026,5,WAS,11/10,period_1_receiving_yds,period_1_receiving_yds,11.1,0.2731505431971029,0.25147478274657403,0.4536989136057942
00-0034837,Calvin Ridley,WR,TEN,2026,4,2026,5,HOU,11/10,period_1_receiving_yds,period_1_receiving_yds,0.0,0.2731505431971029,0.2484793310688755,0.4536989136057942
00-0036628,John Bates,TE,WAS,2026,3,2026,5,NYG,11/10,period_1_receiving_yds,period_1_receiving_yds,2.5,0.2731505431971029,0.2559244847620544,0.4536989136057942
00-0039299,George Holani,RB,SEA,2026,4,2026,5,SF,11/10,period_1_receiving_yds,period_1_receiving_yds,1.5,0.2731505431971029,0.2499037085738196,0.4536989136057942
00-0039041,Elijah Higgins,TE,ARI,2026,4,2026,5,DET,11/10,period_1_receiving_yds,period_1_receiving_yds,2.0,0.2731505431971029,0.262094575507156,0.4536989136057942
00-0039794,Braelon Allen,RB,NYJ,2026,4,2026,5,CLE,11/10,period_1_receiving_yds,period_1_receiving_yds,0.0,0.2731505431971029,0.2555256806413528,0.4536989136057942
00-0040187,Mitchell Evans,TE,CAR,2026,4,2026,6,PHI,18/10,period_1_receiving_yds,period_1_receiving_yds,0.0,0.2731505431971029,0.2511473047453742,0.4536989136057942
00-0037248,James Cook,RB,BUF,2026,4,2026,5,LA,12/10,period_1_receiving_yds,period_1_receiving_yds,2.2,0.2731505431971029,0.25231346518285486,0.4536989136057942
00-0036980,Elijah Moore,WR,DEN,2025,21,2026,5,LAC,11/10,period_1_receiving_yds,period_1_receiving_yds,0.0,0.2731505431971029,0.25715390935481625,0.4536989136057942
00-0036331,Devin Duvernay,WR,CHI,2025,17,2026,5,GB,11/10,period_1_receiving_yds,period_1_receiving_yds,0.0,0.2731505431971029,0.2484793310688755,0.4536989136057942
00-0036543,Spencer Brown,RB,CAR,2022,9,2026,6,PHI,18/10,period_1_receiving_yds,period_1_receiving_yds,0.5,0.2731505431971029,0.2575392147861126,0.4536989136057942
00-0040719,Bhayshul Tuten,RB,JAX,2026,4,2026,5,PHI,11/10,period_1_receiving_yds,period_1_receiving_yds,0.5,0.2731505431971029,0.249509294440267,0.4536989136057942
00-0041100,Josh Cameron,WR,JAX,2026,4,2026,5,PHI,11/10,period_1_receiving_yds,period_1_receiving_yds,1.3,0.2731505431971029,0.24742713557352222,0.4536989136057942
00-0040785,Dohnte Meyers,WR,CIN,2026,4,2026,5,MIA,11/10,period_1_receiving_yds,period_1_receiving_yds,9.8,0.2731505431971029,0.2500844772434146,0.4536989136057942
00-0033526,Samaje Perine,RB,CIN,2026,4,2026,5,MIA,11/10,period_1_receiving_yds,period_1_receiving_yds,0.0,0.2731505431971029,0.2592652822820592,0.4536989136057942
00-0033906,Alvin Kamara,RB,NO,2026,4,2026,5,MIN,11/10,period_1_receiving_yds,period_1_receiving_yds,10.3,0.2731505431971029,0.2591671717213848,0.4536989136057942
00-0026164,Chris Johnson,RB,ARI,2017,5,2026,5,DET,11/10,period_1_receiving_yds,period_1_receiving_yds,0.0,0.2731505431971029,0.24748713906717992,0.4536989136057942
00-0028000,Daniel Thomas,RB,MIA,2014,17,2026,5,CIN,11/10,period_1_receiving_yds,period_1_receiving_yds,0.7,0.2731505431971029,0.24626495723347802,0.4536989136057942
00-0035685,David Montgomery,RB,HOU,2026,4,2026,5,TEN,11/10,period_1_receiving_yds,period_1_receiving_yds,0.0,0.2731505431971029,0.24681993129493873,0.4536989136057942
00-0034960,Jakobi Meyers,WR,JAX,2026,4,2026,5,PHI,11/10,period_1_receiving_yds,period_1_receiving_yds,7.8,0.2731505431971029,0.25736762078877307,0.4536989136057942
00-0036250,Tyler Davis,TE,GB,2022,12,2026,5,CHI,11/10,period_1_receiving_yds,period_1_receiving_yds,-0.6,0.2731505431971029,0.24705691631882964,0.4536989136057942
00-0034981,Foster Moreau,TE,HOU,2026,4,2026,5,TEN,11/10,period_1_receiving_yds,period_1_receiving_yds,1.5,0.2731505431971029,0.25799438765078253,0.4536989136057942
00-0038558,Darnell Washington,TE,PIT,2026,4,2026,5,IND,11/10,period_1_receiving_yds,period_1_receiving_yds,6.0,0.2731505431971029,0.2535329121624537,0.4536989136057942
00-0040646,Jalen Royals,WR,KC,2026,4,2026,6,LAC,18/10,period_1_receiving_yds,period_1_receiving_yds,0.0,0.2731505431971029,0.2484793310688755,0.4536989136057942
00-0039793,AJ Barner,TE,SEA,2026,4,2026,5,SF,11/10,period_1_receiving_yds,period_1_receiving_yds,8.0,0.2731505431971029,0.25433377885624375,0.4536989136057942
00-0040198,Ollie Gordon II,RB,MIA,2026,4,2026,5,CIN,11/10,period_1_receiving_yds,period_1_receiving_yds,0.0,0.2731505431971029,0.2484793310688755,0.4536989136057942
00-0041326,CJ Donaldson,RB,NO,2026,18,2026,5,MIN,11/10,season_receiving_yards,season_receiving_yards,3.0,0.7268164815864648,0.7268164815864648,0.45363296317292967
00-0040126,Colston Loveland,TE,CHI,2026,18,2026,5,GB,11/10,season_receiving_yards,season_receiving_yards,91.0,0.7265379391781301,0.7265379391781301,0.4530758783562603
00-0039732,Bo Nix,QB,DEN,2026,4,2026,5,LAC,11/10,period_1_passing_tds,period_1_passing_tds,0.2,0.27352807801494594,0.27352807801494594,0.4529438439701081
00-0039910,Jayden Daniels,QB,WAS,2026,2,2026,5,NYG,11/10,rush_rec_tds_qb,rush_rec_tds,0.5,0.27357578221165996,0.27357578221165996,0.4528484355766801
00-0035289,Gardner Minshew,QB,KC,2025,16,2026,6,LAC,18/10,passing_yards,passing_yds,150.9,0.27386752759723504,0.27386752759723504,0.4522649448055299
00-0034351,Dallas Goedert,TE,PHI,2026,2,2026,5,JAX,11/10,rush_rec_tds,rush_rec_tds,0.5,0.2740789116051355,0.2740789116051355,0.45184217678972904
00-0040126,Colston Loveland,TE,CHI,2026,4,2026,5,GB,11/10,rush_rec_tds,rush_rec_tds,0.5,0.27418722082750135,0.27418722082750135,0.4516255583449973
00-0035640,DK Metcalf,WR,PIT,2026,4,2026,5,IND,11/10,rush_rec_tds,rush_rec_tds,0.5,0.2742182515861906,0.2742182515861906,0.45156349682761876
00-0039356,Ja'Tavion Sanders,TE,CAR,2025,16,2026,6,PHI,18/10,receptions,receptions,2.2,0.27449876070022583,0.27449876070022583,0.45100247859954834
00-0037746,Brian Robinson,RB,ATL,2026,18,2026,5,BAL,11/10,season_rec_tds,season_rec_tds,0.0,0.2745332392372619,0.2745332392372619,0.45093352152547617
00-0036139,Rico Dowdle,RB,PIT,2026,2,2026,5,IND,11/10,rush_rec_tds,rush_rec_tds,0.5,0.2750956985925325,0.2750956985925325,0.44980860281493495
00-0036613,Jaylen Waddle,WR,DEN,2026,4,2026,5,LAC,11/10,rush_rec_tds,rush_rec_tds,0.5,0.27511821467913417,0.27511821467913417,0.44976357064173167
00-0039840,Austin Booker,DE,CHI,2025,20,2026,5,GB,11/10,sacks,sacks,0.5,0.2754945456981659,0.2754945456981659,0.4490109086036682
00-0031040,Khalil Mack,OLB,LAC,2025,19,2026,5,DEN,11/10,sacks,sacks,0.4,0.27578017115592957,0.27578017115592957,0.44843965768814087
00-0039798,Isaiah Davis,RB,NYJ,2025,13,2026,5,CLE,11/10,rushing_yards,rushing_yds,18.1,0.27580878138542175,0.27580878138542175,0.4483824372291565
00-0033949,Joshua Dobbs,QB,NE,2025,18,2026,5,LV,11/10,passing_ints,passing_ints,0.8,0.27582130101203733,0.27582130101203733,0.44835739797592533
00-0039880,Malik Washington,WR,MIA,2026,18,2026,5,CIN,11/10,season_rec_tds,season_rec_tds,0.0,0.7240831796893537,0.7240831796893537,0.4481663593787073
00-0034270,Tyler Conklin,TE,LAC,2025,18,2026,5,DEN,11/10,receptions,receptions,2.4,0.2759428322315216,0.2759428322315216,0.4481143355369568
00-0035402,Carl Granderson,DE,NO,2025,18,2026,5,MIN,11/10,sacks,sacks,0.4,0.2759912312030792,0.2759912312030792,0.44801753759384155
00-0033949,Joshua Dobbs,QB,NE,2025,18,2026,5,LV,11/10,passing_tds,passing_tds,0.8,0.27607860012663105,0.27607860012663105,0.4478427997467379
00-0035261,Tony Pollard,RB,TEN,2026,18,2026,5,HOU,11/10,season_rec_tds,season_rec_tds,0.0,0.27618075556066246,0.27618075556066246,0.4476384888786751
00-0038935,Brenton Strange,TE,JAX,2026,4,2026,5,PHI,11/10,period_1_2_receiving_yds,period_1_2_receiving_yds,27.2,0.2764373992750296,0.2764373992750296,0.44712520144994083
00-0036963,Amon-Ra St. Brown,WR,DET,2026,4,2026,5,ARI,11/10,period_1_2_rush_rec_tds,period_1_2_rush_rec_tds,0.5,0.2765116639177406,0.2765116639177406,0.44697667216451875
00-0040648,Tory Horton,WR,SEA,2026,4,2026,5,SF,11/10,period_1_receiving_yds,period_1_receiving_yds,0.0,0.27671232876712326,0.2637346560801854,0.4465753424657535
00-0032398,Chris Moore,WR,BAL,2026,3,2026,5,ATL,11/10,period_1_receiving_yds,period_1_receiving_yds,0.0,0.27671232876712326,0.2637346560801854,0.4465753424657535
00-0037228,Jaylen Warren,RB,PIT,2026,4,2026,5,IND,11/10,period_1_receiving_yds,period_1_receiving_yds,12.0,0.27671232876712326,0.26367912589863585,0.4465753424657535
00-0033280,Christian McCaffrey,RB,SF,2026,4,2026,5,SEA,11/10,period_1_receiving_yds,period_1_receiving_yds,12.0,0.27671232876712326,0.26641808212693957,0.4465753424657535
00-0032951,Laquon Treadwell,WR,IND,2026,4,2026,5,PIT,11/10,period_1_receiving_yds,period_1_receiving_yds,3.0,0.27671232876712326,0.2694960996280253,0.4465753424657535
00-0039589,Kameron Johnson,WR,TB,2026,4,2026,5,DAL,08/10,period_1_receiving_yds,period_1_receiving_yds,0.0,0.27671232876712326,0.2637346560801854,0.4465753424657535
00-0039337,Malik Nabers,WR,NYG,2026,4,2026,5,WAS,11/10,period_1_receiving_yds,period_1_receiving_yds,15.8,0.27671232876712326,0.26655791840506704,0.4465753424657535
00-0040948,J. Michael Sturdivant,WR,GB,2026,4,2026,5,CHI,11/10,period_1_receiving_yds,period_1_receiving_yds,0.0,0.27671232876712326,0.2637346560801854,0.4465753424657535
00-0036187,Reggie Gilliam,RB,NE,2026,2,2026,5,LV,11/10,period_1_receiving_yds,period_1_receiving_yds,0.0,0.27671232876712326,0.2637346560801854,0.4465753424657535
00-0040363,Keleki Latu,TE,BUF,2025,18,2026,5,LA,12/10,period_1_receiving_yds,period_1_receiving_yds,0.0,0.27671232876712326,0.2637346560801854,0.4465753424657535
00-0036970,Kyle Pitts,TE,ATL,2026,4,2026,5,BAL,11/10,period_1_receiving_yds,period_1_receiving_yds,1.2,0.27671232876712326,0.26554736864034983,0.4465753424657535
00-0038551,Kendre Miller,RB,NO,2026,4,2026,5,MIN,11/10,period_1_receiving_yds,period_1_receiving_yds,0.0,0.27671232876712326,0.2637346560801854,0.4465753424657535
00-0040075,LaJohntay Wester,WR,BAL,2026,2,2026,5,ATL,11/10,period_1_receiving_yds,period_1_receiving_yds,0.0,0.27671232876712326,0.2637346560801854,0.4465753424657535
00-0036646,Simi Fehoko,WR,LAC,2024,9,2026,5,DEN,11/10,period_1_receiving_yds,period_1_receiving_yds,4.0,0.27671232876712326,0.2679603500977709,0.4465753424657535
00-0040876,Elijah Sarratt,WR,BAL,2026,4,2026,5,ATL,11/10,period_1_receiving_yds,period_1_receiving_yds,0.0,0.27671232876712326,0.2637346560801854,0.4465753424657535
00-0039847,Theo Johnson,TE,NYG,2026,4,2026,5,WAS,11/10,period_1_receiving_yds,period_1_receiving_yds,0.0,0.27671232876712326,0.2637346560801854,0.4465753424657535
00-0033699,Austin Ekeler,RB,WAS,2026,4,2026,5,NYG,11/10,period_1_receiving_yds,period_1_receiving_yds,0.0,0.27671232876712326,0.2637346560801854,0.4465753424657535
00-0036463,Chris Blair,WR,ATL,2026,3,2026,5,BAL,11/10,period_1_receiving_yds,period_1_receiving_yds,0.0,0.27671232876712326,0.2637346560801854,0.4465753424657535
00-0037742,Treylon Burks,WR,WAS,2026,4,2026,5,NYG,11/10,period_1_receiving_yds,period_1_receiving_yds,0.0,0.27671232876712326,0.2637346560801854,0.4465753424657535
00-0033589,David Moore,WR,CAR,2026,3,2026,6,PHI,18/10,period_1_receiving_yds,period_1_receiving_yds,0.0,0.27671232876712326,0.2637346560801854,0.4465753424657535
00-0036894,Pat Freiermuth,TE,PIT,2026,4,2026,5,IND,11/10,period_1_2_receiving_yds,period_1_2_receiving_yds,26.8,0.2768199995575919,0.2768199995575919,0.4463600008848162
00-0037077,Sam Howell,QB,SEA,2024,15,2026,5,SF,11/10,period_1_2_passing_tds,period_1_2_passing_tds,0.0,0.2772213476142069,0.2772213476142069,0.44555730477158617
00-0041326,CJ Donaldson,RB,NO,2026,18,2026,5,MIN,11/10,season_rec_tds,season_rec_tds,0.0,0.2772587665767557,0.2772587665767557,0.4454824668464886
00-0036912,DeVonta Smith,WR,PHI,2026,3,2026,5,JAX,11/10,rush_rec_tds,rush_rec_tds,0.5,0.27739411091135535,0.27739411091135535,0.4452117781772893
00-0040715,Cam Skattebo,RB,NYG,2026,4,2026,5,WAS,11/10,period_1_2_receiving_yds,period_1_2_receiving_yds,16.5,0.27762398736967286,0.27762398736967286,0.44475202526065427
00-0039139,Jahmyr Gibbs,RB,DET,2026,4,2026,5,ARI,11/10,rush_rec_tds,rush_rec_tds,0.5,0.7221005572652097,0.7221005572652097,0.44420111453041944
00-0040122,Ashton Jeanty,RB,LV,2026,18,2026,5,NE,11/10,season_receiving_yards,season_receiving_yards,165.0,0.7218796858189441,0.7218796858189441,0.44375937163788826
00-0036264,Jordan Love,QB,GB,2026,18,2026,5,CHI,11/10,season_rush_yards,season_rush_yards,-8.0,0.7218566799934427,0.7218566799934427,0.44371335998688544
00-0039110,Keeanu Benton,DT,PIT,2025,19,2026,5,IND,11/10,sacks,sacks,0.4,0.27815869450569153,0.27815869450569153,0.44368261098861694
00-0036275,D'Andre Swift,RB,CHI,2026,4,2026,5,GB,11/10,period_1_2_rush_rec_tds,period_1_2_rush_rec_tds,0.5,0.27832899061317484,0.27832899061317484,0.4433420187736503
00-0033854,Dare Ogunbowale,RB,HOU,2025,18,2026,5,TEN,11/10,period_1_rushing_yds,period_1_rushing_yds,0.8,0.2786347097214662,0.2786347097214662,0.4427305805570676
00-0037263,Tyler Allgeier,RB,ARI,2026,18,2026,5,DET,11/10,season_rush_tds,season_rush_tds,1.0,0.27869064698889945,0.27869064698889945,0.4426187060222011
00-0036879,Sam Ehlinger,QB,IND,2022,18,2026,5,PIT,11/10,passing_yards,passing_yds,81.9,0.7204748627798846,0.7204748627798846,0.4409497255597692
00-0038611,Chris Rodriguez Jr.,RB,JAX,2026,18,2026,5,PHI,11/10,season_receiving_yards,season_receiving_yards,0.0,0.7202975200844738,0.7202975200844738,0.44059504016894757
00-0039901,Keon Coleman,WR,BUF,2026,4,2026,5,LA,12/10,period_1_2_receiving_yds,period_1_2_receiving_yds,26.5,0.27983248200821137,0.27983248200821137,0.44033503598357726
00-0039364,Sione Vaki,RB,DET,2026,4,2026,5,ARI,11/10,period_1_rushing_yds,period_1_rushing_yds,1.5,0.28030149801800824,0.28030149801800824,0.4393970039639835
00-0036875,Rhamondre Stevenson,RB,NE,2026,4,2026,5,LV,11/10,receiving_yards_rb,receiving_yds,25.4,0.28030859817236176,0.28030859817236176,0.4393828036552765
00-0039847,Theo Johnson,TE,NYG,2026,4,2026,5,WAS,11/10,receptions,receptions,2.6,0.28032106161117554,0.28032106161117554,0.4393578767776489
00-0040705,Chimere Dike,WR,TEN,2026,4,2026,5,HOU,11/10,period_1_2_receiving_yds,period_1_2_receiving_yds,8.3,0.2804591818988131,0.2804591818988131,0.43908163620237384
00-0036223,Jonathan Taylor,RB,IND,2026,18,2026,5,PIT,11/10,season_rush_yards,season_rush_yards,353.0,0.7189321433961885,0.7189321433961885,0.437864286792377
00-0040126,Colston Loveland,TE,CHI,2026,18,2026,5,GB,11/10,season_rush_yards,season_rush_yards,0.0,0.7187643084075905,0.7187643084075905,0.43752861681518107
00-0036919,Kenny Gainwell,RB,TB,2026,4,2026,5,DAL,08/10,period_1_rushing_yds,period_1_rushing_yds,2.2,0.2814755809317784,0.2814755809317784,0.43704883813644324
00-0040124,Tetairoa McMillan,WR,CAR,2026,18,2026,6,PHI,18/10,season_rush_yards,season_rush_yards,0.0,0.7183788617116817,0.7183788617116817,0.4367577234233635
00-0036893,Najee Harris,RB,NYG,2026,4,2026,5,WAS,11/10,rushing_yards,rushing_yds,38.6,0.28174474835395813,0.28174474835395813,0.43651050329208374
00-0033699,Austin Ekeler,RB,WAS,2026,4,2026,5,NYG,11/10,receiving_yards_rb,receiving_yds,25.0,0.2820991141829422,0.2820991141829422,0.4358017716341156
00-0041436,DJ Herman,RB,MIA,2026,2,2026,5,CIN,11/10,period_1_2_receiving_yds,period_1_2_receiving_yds,18.0,0.28257943838330096,0.28257943838330096,0.4348411232333981
00-0039894,Xavier Worthy,WR,KC,2026,4,2026,6,LAC,18/10,period_1_2_receiving_yds,period_1_2_receiving_yds,30.8,0.2829362002997562,0.2829362002997562,0.4341275994004876
00-0040236,Kyle Monangai,RB,CHI,2026,4,2026,5,GB,11/10,period_1_rushing_yds,period_1_rushing_yds,5.0,0.7168940082723306,0.7168940082723306,0.43378801654466126
00-0040876,Elijah Sarratt,WR,BAL,2026,4,2026,5,ATL,11/10,period_1_2_receiving_yds,period_1_2_receiving_yds,13.0,0.2831883981607872,0.2831883981607872,0.43362320367842555
00-0037304,Connor Heyward,TE,PIT,2024,17,2026,5,IND,11/10,receptions,receptions,1.8,0.28343600034713745,0.28343600034713745,0.4331279993057251
00-0036894,Pat Freiermuth,TE,PIT,2026,18,2026,5,IND,11/10,season_rec_tds,season_rec_tds,2.0,0.2836628202562174,0.2836628202562174,0.43267435948756516
00-0038597,Chase Brown,RB,CIN,2026,4,2026,5,MIA,11/10,period_1_2_rush_rec_tds,period_1_2_rush_rec_tds,0.5,0.28414732332030423,0.28414732332030423,0.43170535335939153
00-0041037,Denzel Boston,WR,CLE,2026,18,2026,5,NYJ,11/10,season_rush_yards,season_rush_yards,0.0,0.7158506671329876,0.7158506671329876,0.43170133426597523
00-0039138,Kobie Turner,DE,LA,2025,21,2026,5,BUF,12/10,sacks,sacks,0.4,0.2843383848667145,0.2843383848667145,0.43132323026657104
00-0034844,Saquon Barkley,RB,PHI,2026,18,2026,5,JAX,11/10,season_rec_tds,season_rec_tds,0.0,0.284422971017008,0.284422971017008,0.43115405796598405
00-0037263,Tyler Allgeier,RB,ARI,2026,18,2026,5,DET,11/10,season_rec_tds,season_rec_tds,0.0,0.2846050868082884,0.2846050868082884,0.4307898263834232
00-0028986,Case Keenum,QB,CHI,2026,3,2026,5,GB,11/10,passing_yards,passing_yds,101.6,0.7153733284509153,0.7153733284509153,0.43074665690183056
00-0037801,KaVontae Turpin,WR,DAL,2026,3,2026,5,TB,08/10,receiving_yards,receiving_yds,21.8,0.28467869758605957,0.28467869758605957,0.43064260482788086
00-0039740,Jalyx Hunt,LB,PHI,2025,19,2026,5,JAX,11/10,sacks,sacks,0.4,0.2847670912742615,0.2847670912742615,0.43046581745147705
00-0038551,Kendre Miller,RB,NO,2023,6,2026,5,MIN,11/10,receiving_yards_rb,receiving_yds,17.8,0.2850358594581561,0.2850358594581561,0.42992828108368775
00-0040170,Elic Ayomanor,WR,TEN,2026,4,2026,5,HOU,11/10,receptions,receptions,2.1,0.28509190678596497,0.28509190678596497,0.42981618642807007
00-0033077,Dak Prescott,QB,DAL,2026,18,2026,5,TB,08/10,season_rush_yards,season_rush_yards,66.0,0.2851654043740476,0.2851654043740476,0.42966919125190484
00-0032104,Ameer Abdullah,RB,JAX,2026,2,2026,5,PHI,11/10,rushing_yards,rushing_yds,16.0,0.2852347493171692,0.2852347493171692,0.4295305013656616
00-0037013,Zach Wilson,QB,MIA,2025,18,2026,5,CIN,11/10,passing_yards,passing_yds,143.9,0.28526624486919805,0.28526624486919805,0.4294675102616039
00-0033949,Joshua Dobbs,QB,NE,2025,18,2026,5,LV,11/10,passing_yards,passing_yds,146.3,0.28540651904893277,0.28540651904893277,0.42918696190213446
00-0039798,Isaiah Davis,RB,NYJ,2025,12,2026,5,CLE,11/10,receiving_yards_rb,receiving_yds,11.4,0.2856675434698324,0.2856675434698324,0.42866491306033516
00-0039917,Michael Penix Jr.,QB,ATL,2026,4,2026,5,BAL,11/10,period_1_2_passing_yds,period_1_2_passing_yds,119.5,0.28594353295620933,0.28594353295620933,0.42811293408758133
00-0035659,Terry McLaurin,WR,WAS,2026,3,2026,5,NYG,11/10,rush_rec_tds,rush_rec_tds,0.5,0.2860341890525217,0.2860341890525217,0.4279316218949566
00-0036212,Tua Tagovailoa,QB,MIA,2025,15,2026,5,CIN,11/10,period_1_2_passing_tds,period_1_2_passing_tds,0.8,0.28635994377609014,0.28635994377609014,0.4272801124478197
00-0037755,Jelani Woods,TE,NYJ,2026,4,2026,5,CLE,11/10,receiving_yards,receiving_yds,21.7,0.286414235830307,0.286414235830307,0.427171528339386
00-0033873,Patrick Mahomes,QB,KC,2026,4,2026,6,LAC,18/10,period_1_2_passing_tds,period_1_2_passing_tds,1.2,0.286559733382399,0.286559733382399,0.42688053323520203
00-0036158,J.K. Dobbins,RB,DEN,2026,18,2026,5,LAC,11/10,season_rec_tds,season_rec_tds,0.0,0.28661597660616,0.28661597660616,0.42676804678768
00-0037228,Jaylen Warren,RB,PIT,2026,18,2026,5,IND,11/10,season_rush_tds,season_rush_tds,0.0,0.7131929601826634,0.7131929601826634,0.42638592036532685
00-0036916,Milton Williams,DT,NE,2025,22,2026,5,LV,11/10,sacks,sacks,0.4,0.2869005501270294,0.2869005501270294,0.42619889974594116
00-0037012,Trey Lance,QB,LAC,2025,18,2026,5,DEN,11/10,period_1_2_passing_tds,period_1_2_passing_tds,0.0,0.28711116837729017,0.28711116837729017,0.42577766324541966
00-0038685,Chris Brooks,RB,GB,2026,4,2026,5,CHI,11/10,period_1_2_rushing_yds,period_1_2_rushing_yds,13.5,0.2872159192290986,0.2872159192290986,0.42556816154180277
00-0036972,Mac Jones,QB,SF,2026,2,2026,5,SEA,11/10,period_1_passing_yds,period_1_passing_yds,0.0,0.2874912282699787,0.2874912282699787,0.4250175434600426
00-0040673,Jalen Milroe,QB,SEA,2025,5,2026,5,SF,11/10,period_1_passing_yds,period_1_passing_yds,0.0,0.2874912282699787,0.2874912282699787,0.4250175434600426
00-0036997,Javonte Williams,RB,DAL,2026,18,2026,5,TB,08/10,season_rec_tds,season_rec_tds,1.0,0.2875030293908565,0.2875030293908565,0.42499394121828704
00-0040466,Raheim Sanders,RB,CLE,2026,4,2026,5,NYJ,11/10,period_1_rushing_yds,period_1_rushing_yds,0.0,0.28754489918696063,0.28754489918696063,0.42491020162607873
00-0041104,Demond Claiborne,RB,MIN,2026,4,2026,5,NO,11/10,period_1_rushing_yds,period_1_rushing_yds,0.7,0.2879915238496632,0.2879915238496632,0.4240169523006736
00-0039894,Xavier Worthy,WR,KC,2026,18,2026,6,LAC,18/10,season_receiving_yards,season_receiving_yards,133.0,0.7118254209722518,0.7118254209722518,0.42365084194450353
00-0037615,Nakobe Dean,LB,PHI,2025,19,2026,5,JAX,11/10,sacks,sacks,0.4,0.2882310748100281,0.2882310748100281,0.42353785037994385
00-0038611,Chris Rodriguez Jr.,RB,JAX,2026,4,2026,5,PHI,11/10,period_1_rushing_yds,period_1_rushing_yds,8.2,0.2883924313534579,0.2883924313534579,0.42321513729308424
00-0040398,Brady Cook,QB,NYJ,2025,18,2026,5,CLE,11/10,period_1_2_passing_yds,period_1_2_passing_yds,45.2,0.7114718948018713,0.7114718948018713,0.4229437896037427
00-0040743,Tyler Shough,QB,NO,2026,4,2026,5,MIN,11/10,period_1_2_passing_yds,period_1_2_passing_yds,104.2,0.7112682471269741,0.7112682471269741,0.42253649425394824
00-0036265,AJ Dillon,RB,CAR,2026,18,2026,6,PHI,18/10,season_rec_tds,season_rec_tds,0.0,0.2887399095220169,0.2887399095220169,0.4225201809559662
00-0037840,Kyren Williams,RB,LA,2026,4,2026,5,BUF,12/10,period_1_rushing_yds,period_1_rushing_yds,21.0,0.28887233715468363,0.28887233715468363,0.42225532569063273
00-0040782,Isaiah Bond,WR,CLE,2026,4,2026,5,NYJ,11/10,receiving_yards,receiving_yds,21.6,0.2888745367527008,0.2888745367527008,0.4222509264945984
00-0034857,Josh Allen,QB,BUF,2026,4,2026,5,LA,12/10,period_1_2_passing_yds,period_1_2_passing_yds,148.2,0.2889636238849313,0.2889636238849313,0.4220727522301374
00-0028000,Daniel Thomas,RB,MIA,2014,9,2026,5,CIN,11/10,receiving_yards_rb,receiving_yds,19.4,0.28928121048820926,0.28928121048820926,0.4214375790235815
00-0039894,Xavier Worthy,WR,KC,2026,18,2026,6,LAC,18/10,season_rush_yards,season_rush_yards,0.0,0.7104738152882626,0.7104738152882626,0.4209476305765252
00-0039738,Blake Corum,RB,LA,2026,18,2026,5,BUF,12/10,season_receiving_yards,season_receiving_yards,20.0,0.710462637170096,0.710462637170096,0.4209252743401919
00-0034975,Justice Hill,RB,BAL,2025,8,2026,5,ATL,11/10,rushing_yards,rushing_yds,17.2,0.2899149954319,0.2899149954319,0.42017000913619995
00-0027962,Cameron Jordan,LB,NO,2025,18,2026,5,MIN,11/10,sacks,sacks,0.6,0.290234237909317,0.290234237909317,0.41953152418136597
00-0030801,Brandon Coleman,WR,NO,2017,18,2026,5,MIN,11/10,period_1_2_receiving_yds,period_1_2_receiving_yds,16.8,0.29026190756930853,0.29026190756930853,0.41947618486138294
00-0039868,Troy Franklin,WR,DEN,2026,3,2026,5,LAC,11/10,period_1_2_receiving_yds,period_1_2_receiving_yds,9.0,0.29034576033438475,0.29034576033438475,0.4193084793312305
00-0039893,Brian Thomas Jr.,WR,JAX,2026,18,2026,5,PHI,11/10,season_rush_yards,season_rush_yards,0.0,0.709596660511355,0.709596660511355,0.4191933210227099
00-0037277,Teagan Quitoriano,TE,HOU,2023,5,2026,5,TEN,11/10,period_1_2_receiving_yds,period_1_2_receiving_yds,7.3,0.29055277374038285,0.29055277374038285,0.4188944525192343
00-0039066,Michael Mayer,TE,LV,2026,4,2026,5,NE,11/10,period_1_2_receiving_yds,period_1_2_receiving_yds,31.8,0.2907577955850056,0.2907577955850056,0.41848440882998883
00-0041194,Jack Strand,QB,ATL,2026,2,2026,5,BAL,11/10,period_1_2_passing_tds,period_1_2_passing_tds,0.0,0.2908248091544203,0.2908248091544203,0.41835038169115935
00-0041251,Jalon Daniels,QB,TB,2026,4,2026,5,DAL,08/10,period_1_2_passing_tds,period_1_2_passing_tds,0.0,0.2908248091544203,0.2908248091544203,0.41835038169115935
00-0038128,Malik Willis,QB,MIA,2026,18,2026,5,CIN,11/10,season_rush_tds,season_rush_tds,1.0,0.29088895548232896,0.29088895548232896,0.4182220890353421
00-0035763,Malcolm Roach,DT,DEN,2025,21,2026,5,LAC,11/10,sacks,sacks,0.4,0.2909020185470581,0.2909020185470581,0.4181959629058838
00-0039164,Anthony Richardson,QB,IND,2025,5,2026,5,PIT,11/10,rush_rec_tds_qb,rush_rec_tds,0.5,0.2910572550747618,0.2910572550747618,0.41788548985047635
00-0039139,Jahmyr Gibbs,RB,DET,2026,4,2026,5,ARI,11/10,period_1_rush_rec_tds,period_1_rush_rec_tds,0.5,0.2910636248015297,0.2910636248015297,0.4178727503969406
00-0038559,Michael Wilson,WR,ARI,2026,18,2026,5,DET,11/10,season_receiving_yards,season_receiving_yards,258.0,0.708912782785782,0.708912782785782,0.4178255655715639
00-0037077,Sam Howell,QB,SEA,2024,15,2026,5,SF,11/10,passing_yards,passing_yds,216.8,0.29138036036652676,0.29138036036652676,0.4172392792669465
00-0041547,KC Concepcion,WR,CLE,2026,18,2026,5,NYJ,11/10,season_rec_tds,season_rec_tds,0.0,0.7086153960413859,0.7086153960413859,0.4172307920827718
00-0037239,Chris Olave,WR,NO,2026,18,2026,5,MIN,11/10,season_receiving_yards,season_receiving_yards,491.0,0.708605729532471,0.708605729532471,0.41721145906494206
00-0034577,Kyle Allen,QB,DET,2025,10,2026,5,ARI,11/10,passing_ints,passing_ints,0.3,0.29150579585210357,0.29150579585210357,0.41698840829579287
00-0041032,Kenyon Sadiq,TE,NYJ,2026,18,2026,5,CLE,11/10,season_receiving_yards,season_receiving_yards,143.0,0.708456238353933,0.708456238353933,0.416912476707866
00-0036040,Juwan Johnson,TE,NO,2026,18,2026,5,MIN,11/10,season_rec_tds,season_rec_tds,3.0,0.2916384393557028,0.2916384393557028,0.41672312128859434
00-0033280,Christian McCaffrey,RB,SF,2026,4,2026,5,SEA,11/10,receiving_yards_rb,receiving_yds,39.7,0.29168840496583576,0.29168840496583576,0.4166231900683285
00-0040134,Pat Bryant,WR,DEN,2026,4,2026,5,LAC,11/10,receptions,receptions,2.6,0.2919100522994995,0.2919100522994995,0.416179895401001
00-0032762,Chris Jones,DE,KC,2025,18,2026,6,LAC,18/10,sacks,sacks,0.4,0.29226958751678467,0.29226958751678467,0.41546082496643066
00-0040727,Tre Harris,WR,LAC,2026,18,2026,5,DEN,11/10,season_rush_yards,season_rush_yards,0.0,0.7073949510099624,0.7073949510099624,0.4147899020199248
00-0039032,Tyjae Spears,RB,TEN,2026,18,2026,5,HOU,11/10,season_rush_tds,season_rush_tds,0.0,0.2927449495335782,0.2927449495335782,0.4145101009328436
00-0037007,Patrick Jones II,LB,CAR,2025,6,2026,6,PHI,18/10,sacks,sacks,0.2,0.292763888835907,0.292763888835907,0.41447222232818604
00-0036945,Justin Fields,QB,NYJ,2025,11,2026,5,CLE,11/10,rush_rec_tds_qb,rush_rec_tds,0.5,0.2928588170304009,0.2928588170304009,0.4142823659391982
00-0039919,Rome Odunze,WR,CHI,2026,18,2026,5,GB,11/10,season_rush_yards,season_rush_yards,0.0,0.7069631173564628,0.7069631173564628,0.41392623471292556
00-0034869,Sam Darnold,QB,SEA,2026,4,2026,5,SF,11/10,period_1_passing_yds,period_1_passing_yds,50.7,0.29317512997686807,0.29317512997686807,0.41364974004626387
00-0040730,RJ Harvey,RB,DEN,2026,4,2026,5,LAC,11/10,rush_rec_tds,rush_rec_tds,0.5,0.29346041260173616,0.29346041260173616,0.41307917479652767
00-0041525,Chris Bell,WR,MIA,2026,18,2026,5,CIN,11/10,season_rush_yards,season_rush_yards,0.0,0.7064410463688737,0.7064410463688737,0.41288209273774745
00-0039337,Malik Nabers,WR,NYG,2026,18,2026,5,WAS,11/10,season_rush_yards,season_rush_yards,0.0,0.7063651806991207,0.7063651806991207,0.4127303613982414
00-0036389,Jalen Hurts,QB,PHI,2026,18,2026,5,JAX,11/10,season_rush_tds,season_rush_tds,1.0,0.29384516798752175,0.29384516798752175,0.4123096640249565
00-0035289,Gardner Minshew,QB,KC,2025,16,2026,6,LAC,18/10,passing_ints,passing_ints,0.7,0.29397222225090486,0.29397222225090486,0.4120555554981903
00-0040735,Luther Burden III,WR,CHI,2026,18,2026,5,GB,11/10,season_receiving_yards,season_receiving_yards,219.0,0.7059614037243317,0.7059614037243317,0.4119228074486634
00-0039849,Marvin Harrison Jr.,WR,ARI,2026,18,2026,5,DET,11/10,season_rush_yards,season_rush_yards,0.0,0.7059600537420017,0.7059600537420017,0.4119201074840033
00-0036309,Darnell Mooney,WR,NYG,2026,4,2026,5,WAS,11/10,period_1_2_receiving_yds,period_1_2_receiving_yds,14.5,0.2941226147536908,0.2941226147536908,0.41175477049261844
00-0039738,Blake Corum,RB,LA,2026,4,2026,5,BUF,12/10,period_1_rushing_yds,period_1_rushing_yds,10.5,0.2943724811116813,0.2943724811116813,0.4112550377766374
00-0038102,Kenny Pickett,QB,CAR,2026,2,2026,6,PHI,18/10,period_1_passing_yds,period_1_passing_yds,0.0,0.2950166356408374,0.2950166356408374,0.4099667287183252
00-0041048,Ted Hurst III,WR,TB,2026,18,2026,5,DAL,08/10,season_rush_yards,season_rush_yards,0.0,0.7044549693550919,0.7044549693550919,0.4089099387101838
00-0035264,Jarrett Stidham,QB,DEN,2025,21,2026,5,LAC,11/10,period_1_passing_yds,period_1_passing_yds,33.5,0.2956390462297141,0.2956390462297141,0.4087219075405718
00-0040735,Luther Burden III,WR,CHI,2026,4,2026,5,GB,11/10,period_1_2_receiving_yds,period_1_2_receiving_yds,38.5,0.29567570636059387,0.29567570636059387,0.40864858727881226
00-0039163,C.J. Stroud,QB,HOU,2026,4,2026,5,TEN,11/10,period_1_passing_tds,period_1_passing_tds,0.2,0.2956869239159654,0.2956869239159654,0.4086261521680692
00-0036912,DeVonta Smith,WR,PHI,2026,3,2026,5,JAX,11/10,period_1_2_receiving_yds,period_1_2_receiving_yds,46.3,0.29585978442050714,0.29585978442050714,0.4082804311589857
00-0036628,John Bates,TE,WAS,2024,1,2026,5,NYG,11/10,receptions,receptions,1.4,0.295907586812973,0.295907586812973,0.40818482637405396
00-0038117,Wan'Dale Robinson,WR,TEN,2026,18,2026,5,HOU,11/10,season_rec_tds,season_rec_tds,2.0,0.29601680490746135,0.29601680490746135,0.4079663901850773
00-0041027,Jeremiyah Love,RB,ARI,2026,18,2026,5,DET,11/10,season_rec_tds,season_rec_tds,1.0,0.296083944153041,0.296083944153041,0.407832111693918
00-0040236,Kyle Monangai,RB,CHI,2026,4,2026,5,GB,11/10,period_1_2_receiving_yds,period_1_2_receiving_yds,7.0,0.29631254588188294,0.29631254588188294,0.4073749082362341
00-0035594,Travis Homer,RB,PIT,2026,4,2026,5,IND,11/10,period_1_rushing_yds,period_1_rushing_yds,-0.3,0.29642983794830974,0.29642983794830974,0.4071403241033805
00-0039337,Malik Nabers,WR,NYG,2026,4,2026,5,WAS,11/10,period_1_2_receiving_yds,period_1_2_receiving_yds,32.8,0.2965071005891227,0.2965071005891227,0.40698579882175456
00-0033131,Maliek Collins,DT,CLE,2025,13,2026,5,NYJ,11/10,sacks,sacks,0.5,0.2973329424858093,0.2973329424858093,0.40533411502838135
00-0036139,Rico Dowdle,RB,PIT,2026,2,2026,5,IND,11/10,period_1_rushing_yds,period_1_rushing_yds,9.5,0.2974858920332326,0.2974858920332326,0.4050282159335348
00-0041042,Malachi Fields,WR,NYG,2026,18,2026,5,WAS,11/10,season_rush_yards,season_rush_yards,0.0,0.702340477389724,0.702340477389724,0.4046809547794481
00-0039798,Isaiah Davis,RB,NYJ,2025,17,2026,5,CLE,11/10,period_1_rushing_yds,period_1_rushing_yds,3.7,0.2978147779751276,0.2978147779751276,0.40437044404974476
00-0037834,Brock Purdy,QB,SF,2026,4,2026,5,SEA,11/10,passing_tds,passing_tds,2.2,0.29812254753720113,0.29812254753720113,0.40375490492559774
00-0040236,Kyle Monangai,RB,CHI,2026,4,2026,5,GB,11/10,period_1_2_rushing_yds,period_1_2_rushing_yds,15.5,0.7018754560102991,0.7018754560102991,0.4037509120205982
00-0041040,Antonio Williams,WR,WAS,2026,18,2026,5,NYG,11/10,season_rush_yards,season_rush_yards,0.0,0.701681626818401,0.701681626818401,0.4033632536368019
00-0039299,George Holani,RB,SEA,2026,18,2026,5,SF,11/10,season_rec_tds,season_rec_tds,0.0,0.29859497647258465,0.29859497647258465,0.4028100470548307
00-0038416,Tyson Bagent,QB,CHI,2026,4,2026,5,GB,11/10,period_1_passing_yds,period_1_passing_yds,46.5,0.2986438913934637,0.2986438913934637,0.4027122172130726
00-0028986,Case Keenum,QB,CHI,2026,3,2026,5,GB,11/10,period_1_passing_tds,period_1_passing_tds,1.0,0.29879302006284575,0.29879302006284575,0.4024139598743085
00-0040242,Jacory Croskey-Merritt,RB,WAS,2026,18,2026,5,NYG,11/10,season_rec_tds,season_rec_tds,0.0,0.29891423991823396,0.29891423991823396,0.4021715201635321
00-0033077,Dak Prescott,QB,DAL,2026,4,2026,5,TB,08/10,period_1_passing_tds,period_1_passing_tds,0.2,0.298986047036194,0.298986047036194,0.40202790592761195
00-0033526,Samaje Perine,RB,CIN,2026,4,2026,5,MIA,11/10,period_1_rushing_yds,period_1_rushing_yds,1.8,0.2990448370075689,0.2990448370075689,0.4019103259848622
00-0034771,Mason Rudolph,QB,PIT,2026,2,2026,5,IND,11/10,passing_tds,passing_tds,0.8,0.2990996572295066,0.2990996572295066,0.4018006855409868
00-0033119,Jacoby Brissett,QB,ARI,2026,4,2026,5,DET,11/10,period_1_passing_tds,period_1_passing_tds,0.2,0.29925956084340294,0.29925956084340294,0.4014808783131941
00-0036919,Kenny Gainwell,RB,TB,2026,4,2026,5,DAL,08/10,rushing_yards,rushing_yds,24.6,0.29928871989250183,0.29928871989250183,0.40142256021499634
00-0038544,Quentin Johnston,WR,LAC,2026,18,2026,5,DEN,11/10,season_receiving_yards,season_receiving_yards,108.0,0.7004561538897702,0.7004561538897702,0.40091230777954046
00-0034967,Rashan Gary,LB,GB,2025,19,2026,5,CHI,11/10,sacks,sacks,0.4,0.29977720975875854,0.29977720975875854,0.4004455804824829
00-0037248,James Cook,RB,BUF,2026,18,2026,5,LA,12/10,season_receiving_yards,season_receiving_yards,24.0,0.7002049900075726,0.7002049900075726,0.4004099800151453
00-0036358,CeeDee Lamb,WR,DAL,2026,4,2026,5,TB,08/10,period_1_2_rush_rec_tds,period_1_2_rush_rec_tds,0.5,0.30000113552723484,0.30000113552723484,0.3999977289455303
00-0035689,Dawson Knox,TE,BUF,2026,4,2026,5,LA,12/10,receptions,receptions,2.5,0.30002543330192566,0.30002543330192566,0.3999491333961487
00-0039356,Ja'Tavion Sanders,TE,CAR,2025,16,2026,6,PHI,18/10,period_1_receiving_yds,period_1_receiving_yds,1.4,0.300411522633745,0.2792158503782532,0.39917695473251
00-0038840,Brycen Tremayne,WR,CAR,2026,4,2026,6,PHI,18/10,period_1_receiving_yds,period_1_receiving_yds,8.0,0.300411522633745,0.28083313597647785,0.39917695473251
00-0039066,Michael Mayer,TE,LV,2026,4,2026,5,NE,11/10,period_1_receiving_yds,period_1_receiving_yds,13.5,0.300411522633745,0.2767248588531115,0.39917695473251
00-0040131,Kyle Williams,WR,NE,2026,4,2026,5,LV,11/10,period_1_receiving_yds,period_1_receiving_yds,0.0,0.300411522633745,0.2795785836516869,0.39917695473251
00-0038608,Kayshon Boutte,WR,HOU,2026,4,2026,5,TEN,11/10,period_1_receiving_yds,period_1_receiving_yds,3.8,0.300411522633745,0.28162239446677395,0.39917695473251
00-0038104,Tyquan Thornton,WR,KC,2026,4,2026,6,LAC,18/10,period_1_receiving_yds,period_1_receiving_yds,7.0,0.300411522633745,0.2711618413502068,0.39917695473251
00-0040237,Tez Johnson,WR,TB,2026,4,2026,5,DAL,08/10,period_1_receiving_yds,period_1_receiving_yds,0.0,0.300411522633745,0.2813770089068011,0.39917695473251
00-0040563,Efton Chism III,WR,NE,2026,4,2026,5,LV,11/10,period_1_receiving_yds,period_1_receiving_yds,0.0,0.300411522633745,0.2795785836516869,0.39917695473251
00-0041027,Jeremiyah Love,RB,ARI,2026,4,2026,5,DET,11/10,period_1_receiving_yds,period_1_receiving_yds,3.0,0.300411522633745,0.2813743739144948,0.39917695473251
00-0036139,Rico Dowdle,RB,PIT,2026,2,2026,5,IND,11/10,period_1_receiving_yds,period_1_receiving_yds,4.5,0.300411522633745,0.277764604006346,0.39917695473251
00-0041042,Malachi Fields,WR,NYG,2026,4,2026,5,WAS,11/10,period_1_receiving_yds,period_1_receiving_yds,5.8,0.300411522633745,0.2731888766415308,0.39917695473251
00-0033858,Jonnu Smith,TE,GB,2026,4,2026,5,CHI,11/10,period_1_receiving_yds,period_1_receiving_yds,0.0,0.300411522633745,0.2795785836516869,0.39917695473251
00-0036876,Kylen Granson,TE,PHI,2025,18,2026,5,JAX,11/10,period_1_receiving_yds,period_1_receiving_yds,0.0,0.300411522633745,0.2813770089068011,0.39917695473251
00-0035719,Deebo Samuel Sr.,WR,SF,2026,4,2026,5,SEA,11/10,period_1_receiving_yds,period_1_receiving_yds,6.0,0.300411522633745,0.2812659902632417,0.39917695473251
00-0036275,D'Andre Swift,RB,CHI,2026,4,2026,5,GB,11/10,period_1_receiving_yds,period_1_receiving_yds,2.8,0.300411522633745,0.2726451544090774,0.39917695473251
00-0037256,Rachaad White,RB,WAS,2026,3,2026,5,NYG,11/10,period_1_receiving_yds,period_1_receiving_yds,2.7,0.300411522633745,0.2773116491868939,0.39917695473251
00-0037261,Khalil Shakir,WR,BUF,2026,4,2026,5,LA,12/10,period_1_receiving_yds,period_1_receiving_yds,12.8,0.300411522633745,0.27796515991822135,0.39917695473251
00-0041503,Nate Boerkircher,TE,JAX,2026,4,2026,5,PHI,11/10,period_1_2_receiving_yds,period_1_2_receiving_yds,8.0,0.3006467706937276,0.3006467706937276,0.39870645861254483
00-0041027,Jeremiyah Love,RB,ARI,2026,4,2026,5,DET,11/10,period_1_2_rushing_yds,period_1_2_rushing_yds,39.5,0.30070053678055214,0.30070053678055214,0.3985989264388957
00-0037240,Jameson Williams,WR,DET,2026,4,2026,5,ARI,11/10,period_1_2_receiving_yds,period_1_2_receiving_yds,31.5,0.3008517052714679,0.3008517052714679,0.39829658945706425
00-0038896,Jacob Saylors,RB,DET,2025,4,2026,5,ARI,11/10,period_1_rushing_yds,period_1_rushing_yds,0.0,0.3009796581280384,0.3009796581280384,0.3980406837439232
00-0037157,Bam Knight,RB,ARI,2026,2,2026,5,DET,11/10,period_1_rushing_yds,period_1_rushing_yds,0.0,0.3009796581280384,0.3009796581280384,0.3980406837439232
00-0039910,Jayden Daniels,QB,WAS,2026,2,2026,5,NYG,11/10,passing_tds,passing_tds,1.6,0.30104159339341974,0.30104159339341974,0.3979168132131605
00-0033288,George Kittle,TE,SF,2026,4,2026,5,SEA,11/10,rush_rec_tds,rush_rec_tds,0.5,0.30130500818757344,0.30130500818757344,0.3973899836248531
00-0037120,Tyler Goodson,RB,DAL,2026,4,2026,5,TB,08/10,period_1_2_rushing_yds,period_1_2_rushing_yds,16.0,0.30134037638555844,0.30134037638555844,0.3973192472288831
00-0038794,Jaleel McLaughlin,RB,CLE,2026,4,2026,5,NYJ,11/10,rushing_yards,rushing_yds,23.6,0.3016522526741028,0.3016522526741028,0.39669549465179443
00-0039032,Tyjae Spears,RB,TEN,2026,4,2026,5,HOU,11/10,receiving_yards_rb,receiving_yds,19.0,0.301666043557331,0.301666043557331,0.396667912885338
00-0040122,Ashton Jeanty,RB,LV,2026,18,2026,5,NE,11/10,season_rush_yards,season_rush_yards,264.0,0.6982649530877183,0.6982649530877183,0.3965299061754366
00-0039917,Michael Penix Jr.,QB,ATL,2026,4,2026,5,BAL,11/10,period_1_2_passing_tds,period_1_2_passing_tds,0.5,0.30175915388905294,0.30175915388905294,0.3964816922218941
00-0040734,TreVeyon Henderson,RB,NE,2026,4,2026,5,LV,11/10,period_1_2_rushing_yds,period_1_2_rushing_yds,35.3,0.3018087175239914,0.3018087175239914,0.3963825649520172
00-0041125,Seth McGowan,RB,IND,2026,18,2026,5,PIT,11/10,season_receiving_yards,season_receiving_yards,7.0,0.6981477660031158,0.6981477660031158,0.3962955320062316
00-0038933,Dalton Kincaid,TE,BUF,2026,18,2026,5,LA,12/10,season_rush_yards,season_rush_yards,0.0,0.698127341256127,0.698127341256127,0.39625468251225393
00-0038090,Skyy Moore,WR,GB,2026,18,2026,5,CHI,11/10,season_receiving_yards,season_receiving_yards,35.0,0.6980892060801162,0.6980892060801162,0.3961784121602323
00-0036963,Amon-Ra St. Brown,WR,DET,2026,18,2026,5,ARI,11/10,season_rec_tds,season_rec_tds,5.0,0.3020885818126542,0.3020885818126542,0.3958228363746916
00-0033280,Christian McCaffrey,RB,SF,2026,18,2026,5,SEA,11/10,season_rush_tds,season_rush_tds,4.0,0.30225811510135003,0.30225811510135003,0.39548376979729993
00-0037756,Travis Jones,DT,BAL,2025,18,2026,5,ATL,11/10,sacks,sacks,0.3,0.302278071641922,0.302278071641922,0.395443856716156
00-0038606,Parker Washington,WR,JAX,2026,4,2026,5,PHI,11/10,rush_rec_tds,rush_rec_tds,0.5,0.3023368709569788,0.3023368709569788,0.3953262580860424
00-0034857,Josh Allen,QB,BUF,2026,4,2026,5,LA,12/10,period_1_2_passing_tds,period_1_2_passing_tds,1.0,0.30247864488022214,0.30247864488022214,0.3950427102395557
00-0039164,Anthony Richardson,QB,IND,2025,5,2026,5,PIT,11/10,period_1_passing_yds,period_1_passing_yds,0.0,0.3026560943068822,0.3026560943068822,0.39468781138623565
00-0034577,Kyle Allen,QB,DET,2025,10,2026,5,ARI,11/10,period_1_passing_yds,period_1_passing_yds,0.0,0.3026560943068822,0.3026560943068822,0.39468781138623565
00-0040668,Shedeur Sanders,QB,CLE,2026,3,2026,5,NYJ,11/10,period_1_passing_yds,period_1_passing_yds,0.0,0.3026560943068822,0.3026560943068822,0.39468781138623565
00-0027973,Andy Dalton,QB,PHI,2026,3,2026,5,JAX,11/10,period_1_passing_yds,period_1_passing_yds,0.0,0.3026560943068822,0.3026560943068822,0.39468781138623565
00-0034771,Mason Rudolph,QB,PIT,2026,2,2026,5,IND,11/10,period_1_passing_yds,period_1_passing_yds,0.0,0.3026560943068822,0.3026560943068822,0.39468781138623565
00-0038543,Jaxon Smith-Njigba,WR,SEA,2026,18,2026,5,SF,11/10,season_rush_yards,season_rush_yards,0.0,0.6972049426838273,0.6972049426838273,0.39440988536765453
00-0031503,Jameis Winston,QB,NYG,2026,4,2026,5,WAS,11/10,passing_ints,passing_ints,1.1,0.3031158493150365,0.3031158493150365,0.393768301369927
00-0041040,Antonio Williams,WR,WAS,2026,18,2026,5,NYG,11/10,season_receiving_yards,season_receiving_yards,124.0,0.6968533802853538,0.6968533802853538,0.39370676057070764
00-0037012,Trey Lance,QB,LAC,2025,18,2026,5,DEN,11/10,passing_yards,passing_yds,80.6,0.6967779124268847,0.6967779124268847,0.3935558248537694
00-0039407,Dylan Laube,RB,LV,2025,15,2026,5,NE,11/10,period_1_rushing_yds,period_1_rushing_yds,0.0,0.30350245902272777,0.30350245902272777,0.39299508195454447
00-0041251,Jalon Daniels,QB,TB,2026,4,2026,5,DAL,08/10,rushing_yards_qb,rushing_yds,32.0,0.30373589300999543,0.30373589300999543,0.39252821398000914
00-0035535,Darius Slayton,WR,NYG,2025,18,2026,5,WAS,11/10,period_1_2_receiving_yds,period_1_2_receiving_yds,23.7,0.30382131808870966,0.30382131808870966,0.3923573638225807
00-0036862,Ben Skowronek,WR,PIT,2026,4,2026,5,IND,11/10,period_1_2_receiving_yds,period_1_2_receiving_yds,7.7,0.30412644854242876,0.30412644854242876,0.3917471029151425
00-0033699,Austin Ekeler,RB,WAS,2026,4,2026,5,NYG,11/10,rushing_yards,rushing_yds,30.0,0.30417001247406006,0.30417001247406006,0.3916599750518799
00-0034270,Tyler Conklin,TE,LAC,2025,18,2026,5,DEN,11/10,period_1_2_receiving_yds,period_1_2_receiving_yds,8.3,0.3044256439475061,0.3044256439475061,0.3911487121049878
00-0039355,Luke McCaffrey,WR,WAS,2025,8,2026,5,NYG,11/10,period_1_2_receiving_yds,period_1_2_receiving_yds,11.6,0.3047173766924261,0.3047173766924261,0.3905652466151478
00-0033854,Dare Ogunbowale,RB,HOU,2024,8,2026,5,TEN,11/10,receiving_yards_rb,receiving_yds,11.9,0.304778791785064,0.304778791785064,0.390442416429872
00-0040494,Max Brosmer,QB,MIN,2025,18,2026,5,NO,11/10,passing_ints,passing_ints,0.6,0.305144465478403,0.305144465478403,0.38971106904319397
00-0040666,Omarion Hampton,RB,LAC,2026,18,2026,5,DEN,11/10,season_rush_yards,season_rush_yards,238.0,0.6947286106448352,0.6947286106448352,0.3894572212896703
00-0035289,Gardner Minshew,QB,KC,2025,16,2026,6,LAC,18/10,passing_tds,passing_tds,0.6,0.3057739114192436,0.3057739114192436,0.3884521771615128
00-0039364,Sione Vaki,RB,DET,2026,4,2026,5,ARI,11/10,period_1_2_receiving_yds,period_1_2_receiving_yds,7.5,0.3058109592768688,0.3058109592768688,0.3883780814462624
00-0036980,Elijah Moore,WR,DEN,2025,21,2026,5,LAC,11/10,receiving_yards,receiving_yds,19.9,0.30585289001464844,0.30585289001464844,0.3882942199707031
00-0041067,Bryce Lance,WR,NO,2026,18,2026,5,MIN,11/10,season_rush_yards,season_rush_yards,0.0,0.6941254111615872,0.6941254111615872,0.3882508223231744
00-0035228,Kyler Murray,QB,MIN,2026,4,2026,5,NO,11/10,rushing_yards_qb,rushing_yds,27.3,0.3059977683470078,0.3059977683470078,0.38800446330598437
00-0040719,Bhayshul Tuten,RB,JAX,2026,4,2026,5,PHI,11/10,rush_rec_tds,rush_rec_tds,0.5,0.3060353404614861,0.3060353404614861,0.38792931907702777
00-0036637,Noah Gray,TE,KC,2026,18,2026,6,LAC,18/10,season_rec_tds,season_rec_tds,0.0,0.30632952509806094,0.30632952509806094,0.3873409498038781
00-0032764,Derrick Henry,RB,BAL,2026,4,2026,5,ATL,11/10,period_1_2_receiving_yds,period_1_2_receiving_yds,9.5,0.3064650905189832,0.3064650905189832,0.38706981896203363
00-0040663,Harold Fannin Jr.,TE,CLE,2026,4,2026,5,NYJ,11/10,rush_rec_tds,rush_rec_tds,0.5,0.3069996359929754,0.3069996359929754,0.38600072801404917
00-0032764,Derrick Henry,RB,BAL,2026,18,2026,5,ATL,11/10,season_rush_yards,season_rush_yards,374.0,0.6928833287032231,0.6928833287032231,0.3857666574064462
00-0027973,Andy Dalton,QB,PHI,2026,3,2026,5,JAX,11/10,passing_tds,passing_tds,0.7,0.30714148640589284,0.30714148640589284,0.3857170271882143
00-0039794,Braelon Allen,RB,NYJ,2026,18,2026,5,CLE,11/10,season_receiving_yards,season_receiving_yards,19.0,0.6928144405874612,0.6928144405874612,0.38562888117492244
00-0040666,Omarion Hampton,RB,LAC,2026,4,2026,5,DEN,11/10,receiving_yards_rb,receiving_yds,15.8,0.30729853468886303,0.30729853468886303,0.38540293062227393
00-0036945,Justin Fields,QB,NYJ,2025,11,2026,5,CLE,11/10,passing_yards,passing_yds,95.9,0.692422079237439,0.692422079237439,0.3848441584748781
00-0039163,C.J. Stroud,QB,HOU,2026,18,2026,5,TEN,11/10,season_rush_tds,season_rush_tds,0.0,0.30758488128308803,0.30758488128308803,0.38483023743382394
00-0034270,Tyler Conklin,TE,LAC,2025,18,2026,5,DEN,11/10,receiving_yards,receiving_yds,22.4,0.3077051639556885,0.3077051639556885,0.38458967208862305
00-0036971,Trevor Lawrence,QB,JAX,2026,4,2026,5,PHI,11/10,passing_tds,passing_tds,2.0,0.30772217774206995,0.30772217774206995,0.3845556445158601
00-0037801,KaVontae Turpin,WR,DAL,2026,3,2026,5,TB,08/10,period_1_2_receiving_yds,period_1_2_receiving_yds,5.7,0.307842791763264,0.307842791763264,0.384314416473472
00-0037248,James Cook,RB,BUF,2026,4,2026,5,LA,12/10,period_1_2_rush_rec_tds,period_1_2_rush_rec_tds,0.5,0.307958372881359,0.307958372881359,0.38408325423728196
00-0040583,Woody Marks,RB,HOU,2026,18,2026,5,TEN,11/10,season_receiving_yards,season_receiving_yards,31.0,0.6920302243211883,0.6920302243211883,0.38406044864237665
00-0040663,Harold Fannin Jr.,TE,CLE,2026,18,2026,5,NYJ,11/10,season_receiving_yards,season_receiving_yards,153.0,0.6920127497482285,0.6920127497482285,0.3840254994964569
00-0032378,DeForest Buckner,DT,IND,2025,16,2026,5,PIT,11/10,sacks,sacks,0.4,0.3080776035785675,0.3080776035785675,0.383844792842865
00-0039164,Anthony Richardson,QB,IND,2025,5,2026,5,PIT,11/10,rushing_yards_qb,rushing_yds,37.1,0.3082679572008524,0.3082679572008524,0.38346408559829515
00-0039915,Ladd McConkey,WR,LAC,2026,18,2026,5,DEN,11/10,season_rush_yards,season_rush_yards,0.0,0.6911418524789403,0.6911418524789403,0.38228370495788067
00-0032464,Kalif Raymond,WR,CHI,2026,4,2026,5,GB,11/10,period_1_2_receiving_yds,period_1_2_receiving_yds,26.5,0.3088958331057892,0.3088958331057892,0.38220833378842156
00-0039901,Keon Coleman,WR,BUF,2026,18,2026,5,LA,12/10,season_rush_yards,season_rush_yards,0.0,0.6909203620031248,0.6909203620031248,0.3818407240062496
00-0033280,Christian McCaffrey,RB,SF,2026,4,2026,5,SEA,11/10,rushing_yards,rushing_yds,64.9,0.30917537212371826,0.30917537212371826,0.3816492557525635
00-0039849,Marvin Harrison Jr.,WR,ARI,2026,18,2026,5,DET,11/10,season_receiving_yards,season_receiving_yards,85.0,0.6908203878379422,0.6908203878379422,0.3816407756758844
00-0036555,Chuba Hubbard,RB,CAR,2026,4,2026,6,PHI,18/10,period_1_2_receiving_yds,period_1_2_receiving_yds,14.2,0.3093237885975046,0.3093237885975046,0.3813524228049908
00-0039530,Brevyn Spann-Ford,TE,DAL,2025,2,2026,5,TB,08/10,receptions,receptions,1.2,0.30957895517349243,0.30957895517349243,0.38084208965301514
00-0039337,Malik Nabers,WR,NYG,2026,4,2026,5,WAS,11/10,rush_rec_tds,rush_rec_tds,0.5,0.3095865535028104,0.3095865535028104,0.3808268929943792
00-0036900,Ja'Marr Chase,WR,CIN,2026,4,2026,5,MIA,11/10,receptions,receptions,7.5,0.309614896774292,0.309614896774292,0.380770206451416
00-0039796,Rasheen Ali,RB,BAL,2025,18,2026,5,ATL,11/10,period_1_2_receiving_yds,period_1_2_receiving_yds,7.4,0.3097248697153236,0.3097248697153236,0.3805502605693528
00-0041037,Denzel Boston,WR,CLE,2026,18,2026,5,NYJ,11/10,season_rec_tds,season_rec_tds,2.0,0.6901625847208058,0.6901625847208058,0.38032516944161165
00-0029604,Kirk Cousins,QB,LV,2026,4,2026,5,NE,11/10,period_1_passing_tds,period_1_passing_tds,0.5,0.3099870548109044,0.3099870548109044,0.38002589037819123
00-0039163,C.J. Stroud,QB,HOU,2026,18,2026,5,TEN,11/10,season_rush_yards,season_rush_yards,66.0,0.31014246684235053,0.31014246684235053,0.37971506631529894
00-0040743,Tyler Shough,QB,NO,2026,4,2026,5,MIN,11/10,period_1_passing_yds,period_1_passing_yds,46.8,0.6896878432087367,0.6896878432087367,0.3793756864174733
00-0035537,Ty Johnson,RB,BUF,2026,4,2026,5,LA,12/10,receiving_yards_rb,receiving_yds,19.6,0.31033363181522594,0.31033363181522594,0.3793327363695481
00-0036265,AJ Dillon,RB,GB,2023,16,2026,5,CHI,11/10,receiving_yards_rb,receiving_yds,13.9,0.31044923938004976,0.31044923938004976,0.3791015212399005
00-0040669,Isaac TeSlaa,WR,DET,2026,18,2026,5,ARI,11/10,season_rush_yards,season_rush_yards,0.0,0.6894610288062784,0.6894610288062784,0.3789220576125567
00-0040666,Omarion Hampton,RB,LAC,2026,18,2026,5,DEN,11/10,season_receiving_yards,season_receiving_yards,29.0,0.689363469168644,0.689363469168644,0.378726938337288
00-0040734,TreVeyon Henderson,RB,NE,2026,4,2026,5,LV,11/10,rush_rec_tds,rush_rec_tds,0.5,0.31075516815659443,0.31075516815659443,0.37848966368681114
00-0041048,Ted Hurst III,WR,TB,2026,4,2026,5,DAL,08/10,period_1_2_receiving_yds,period_1_2_receiving_yds,21.5,0.31083658819216864,0.31083658819216864,0.3783268236156627
00-0035594,Travis Homer,RB,CHI,2024,1,2026,5,GB,11/10,receiving_yards_rb,receiving_yds,13.5,0.3109642097784888,0.3109642097784888,0.37807158044302236
00-0039309,Byron Murphy II,DT,SEA,2025,22,2026,5,SF,11/10,sacks,sacks,0.4,0.31097450852394104,0.31097450852394104,0.3780509829521179
00-0040735,Luther Burden III,WR,CHI,2026,18,2026,5,GB,11/10,season_rec_tds,season_rec_tds,1.0,0.6889579016478727,0.6889579016478727,0.3779158032957455
00-0036556,Brevin Jordan,TE,HOU,2026,4,2026,5,TEN,11/10,receiving_yards,receiving_yds,22.2,0.3110620975494385,0.3110620975494385,0.37787580490112305
00-0040170,Elic Ayomanor,WR,TEN,2026,4,2026,5,HOU,11/10,receiving_yards,receiving_yds,29.8,0.31107696890830994,0.31107696890830994,0.3778460621833801
00-0033555,Mack Hollins,WR,NE,2026,4,2026,5,LV,11/10,period_1_2_receiving_yds,period_1_2_receiving_yds,25.8,0.3111435383136425,0.3111435383136425,0.377712923372715
00-0040663,Harold Fannin Jr.,TE,CLE,2026,18,2026,5,NYJ,11/10,season_rush_yards,season_rush_yards,0.0,0.688777280882327,0.688777280882327,0.3775545617646541
00-0037744,Trey McBride,TE,ARI,2026,18,2026,5,DET,11/10,season_receiving_yards,season_receiving_yards,242.0,0.6885701702670974,0.6885701702670974,0.3771403405341949
00-0034796,Lamar Jackson,QB,BAL,2026,18,2026,5,ATL,11/10,season_rush_yards,season_rush_yards,144.0,0.3114736912228592,0.3114736912228592,0.37705261755428165
00-0033106,Jared Goff,QB,DET,2026,4,2026,5,ARI,11/10,period_1_passing_tds,period_1_passing_tds,0.0,0.31149685291765755,0.31149685291765755,0.3770062941646849
00-0038120,Breece Hall,RB,NYJ,2026,3,2026,5,CLE,11/10,receiving_yards_rb,receiving_yds,23.4,0.3116349640692367,0.3116349640692367,0.3767300718615266
00-0039032,Tyjae Spears,RB,TEN,2026,4,2026,5,HOU,11/10,period_1_rushing_yds,period_1_rushing_yds,2.8,0.31167113020092546,0.31167113020092546,0.3766577395981491
00-0036550,Rashod Bateman,WR,BAL,2026,4,2026,5,ATL,11/10,period_1_2_receiving_yds,period_1_2_receiving_yds,21.0,0.31174378519079443,0.31174378519079443,0.37651242961841114
00-0040242,Jacory Croskey-Merritt,RB,WAS,2026,4,2026,5,NYG,11/10,period_1_2_receiving_yds,period_1_2_receiving_yds,10.0,0.3118454954854466,0.3118454954854466,0.3763090090291068
00-0038400,Tanner McKee,QB,PHI,2025,18,2026,5,JAX,11/10,passing_tds,passing_tds,0.8,0.31204073881210037,0.31204073881210037,0.37591852237579926
00-0039407,Dylan Laube,RB,LV,2025,15,2026,5,NE,11/10,period_1_2_receiving_yds,period_1_2_receiving_yds,4.2,0.3126267980713683,0.3126267980713683,0.37474640385726343
00-0038416,Tyson Bagent,QB,CHI,2026,4,2026,5,GB,11/10,passing_ints,passing_ints,0.5,0.31272844267698696,0.31272844267698696,0.3745431146460261
00-0033873,Patrick Mahomes,QB,KC,2026,4,2026,6,LAC,18/10,rushing_yards_qb,rushing_yds,21.2,0.3128566541718459,0.3128566541718459,0.37428669165630823
00-0037740,Garrett Wilson,WR,NYJ,2026,4,2026,5,CLE,11/10,rush_rec_tds,rush_rec_tds,0.5,0.31311987213324016,0.31311987213324016,0.3737602557335197
00-0039924,Dallas Turner,LB,MIN,2025,18,2026,5,NO,11/10,sacks,sacks,0.5,0.31323444843292236,0.31323444843292236,0.3735311031341553
00-0039875,Ray Davis,RB,BUF,2026,4,2026,5,LA,12/10,rushing_yards,rushing_yds,17.6,0.31341487169265747,0.31341487169265747,0.37317025661468506
00-0035537,Ty Johnson,RB,BUF,2026,4,2026,5,LA,12/10,period_1_2_receiving_yds,period_1_2_receiving_yds,15.0,0.3136198090649337,0.3136198090649337,0.3727603818701326
00-0039337,Malik Nabers,WR,NYG,2026,18,2026,5,WAS,11/10,season_receiving_yards,season_receiving_yards,208.0,0.6862997498551124,0.6862997498551124,0.3725994997102249
00-0040715,Cam Skattebo,RB,NYG,2026,4,2026,5,WAS,11/10,receiving_yards_rb,receiving_yds,22.8,0.3138644624019662,0.3138644624019662,0.3722710751960676
00-0039356,Ja'Tavion Sanders,TE,CAR,2025,16,2026,6,PHI,18/10,receiving_yards,receiving_yds,17.4,0.31395459175109863,0.31395459175109863,0.37209081649780273
00-0039364,Sione Vaki,RB,DET,2026,18,2026,5,ARI,11/10,season_rec_tds,season_rec_tds,0.0,0.31395572368695146,0.31395572368695146,0.3720885526260971
00-0036358,CeeDee Lamb,WR,DAL,2026,18,2026,5,TB,08/10,season_receiving_yards,season_receiving_yards,498.0,0.6860158350293908,0.6860158350293908,0.37203167005878157
00-0031933,Leonard Williams,DE,SEA,2025,22,2026,5,SF,11/10,sacks,sacks,0.4,0.3142516314983368,0.3142516314983368,0.3714967370033264
00-0038115,Daniel Bellinger,TE,TEN,2026,3,2026,5,HOU,11/10,receiving_yards,receiving_yds,19.9,0.31428658962249756,0.31428658962249756,0.3714268207550049
00-0037256,Rachaad White,RB,WAS,2026,3,2026,5,NYG,11/10,period_1_2_rushing_yds,period_1_2_rushing_yds,21.7,0.3149125710577452,0.3149125710577452,0.37017485788450954
00-0041013,Emmett Johnson,RB,KC,2026,18,2026,6,LAC,18/10,season_rec_tds,season_rec_tds,0.0,0.3149698334936675,0.3149698334936675,0.37006033301266505
00-0033906,Alvin Kamara,RB,NO,2026,4,2026,5,MIN,11/10,rushing_yards,rushing_yds,37.6,0.31498780846595764,0.31498780846595764,0.3700243830680847
00-0031503,Jameis Winston,QB,NYG,2026,4,2026,5,WAS,11/10,period_1_2_passing_tds,period_1_2_passing_tds,0.7,0.31502393502198056,0.31502393502198056,0.3699521299560389
00-0039139,Jahmyr Gibbs,RB,DET,2026,18,2026,5,ARI,11/10,season_receiving_yards,season_receiving_yards,187.0,0.6848658762066249,0.6848658762066249,0.36973175241324974
00-0036875,Rhamondre Stevenson,RB,NE,2026,4,2026,5,LV,11/10,rush_rec_tds,rush_rec_tds,0.5,0.31531494787468367,0.31531494787468367,0.36937010425063266
00-0038935,Brenton Strange,TE,JAX,2026,18,2026,5,PHI,11/10,season_rush_yards,season_rush_yards,0.0,0.6845153826298119,0.6845153826298119,0.36903076525962386
00-0041096,Kaytron Allen,RB,WAS,2026,4,2026,5,NYG,11/10,period_1_2_receiving_yds,period_1_2_receiving_yds,0.0,0.3155685899079931,0.3155685899079931,0.36886282018401384
00-0041099,Barion Brown,WR,NO,2026,4,2026,5,MIN,11/10,period_1_2_receiving_yds,period_1_2_receiving_yds,0.0,0.3155685899079931,0.3155685899079931,0.36886282018401384
00-0040886,Nicholas Singleton,RB,TEN,2026,4,2026,5,HOU,11/10,period_1_2_receiving_yds,period_1_2_receiving_yds,0.0,0.3155685899079931,0.3155685899079931,0.36886282018401384
00-0040177,Jordan James,RB,SF,2026,2,2026,5,SEA,11/10,period_1_2_receiving_yds,period_1_2_receiving_yds,0.0,0.3155685899079931,0.3155685899079931,0.36886282018401384
00-0039874,Jaylen Wright,RB,MIA,2026,4,2026,5,CIN,11/10,period_1_2_receiving_yds,period_1_2_receiving_yds,0.0,0.3155685899079931,0.3155685899079931,0.36886282018401384
00-0039384,Tyrone Tracy Jr.,RB,NYG,2026,4,2026,5,WAS,11/10,period_1_2_receiving_yds,period_1_2_receiving_yds,0.0,0.3155685899079931,0.3155685899079931,0.36886282018401384
00-0035594,Travis Homer,RB,PIT,2026,4,2026,5,IND,11/10,period_1_2_receiving_yds,period_1_2_receiving_yds,0.0,0.3155685899079931,0.3155685899079931,0.36886282018401384
00-0038951,Sean Tucker,RB,TB,2026,4,2026,5,DAL,08/10,period_1_2_receiving_yds,period_1_2_receiving_yds,0.0,0.3155685899079931,0.3155685899079931,0.36886282018401384
00-0038896,Jacob Saylors,RB,DET,2025,4,2026,5,ARI,11/10,period_1_2_receiving_yds,period_1_2_receiving_yds,0.0,0.3155685899079931,0.3155685899079931,0.36886282018401384
00-0038611,Chris Rodriguez Jr.,RB,JAX,2026,4,2026,5,PHI,11/10,period_1_2_receiving_yds,period_1_2_receiving_yds,0.0,0.3155685899079931,0.3155685899079931,0.36886282018401384
00-0038705,Emari Demercado,RB,DAL,2026,2,2026,5,TB,08/10,period_1_2_receiving_yds,period_1_2_receiving_yds,0.0,0.3155685899079931,0.3155685899079931,0.36886282018401384
00-0036893,Najee Harris,RB,NYG,2026,4,2026,5,WAS,11/10,period_1_2_receiving_yds,period_1_2_receiving_yds,0.0,0.3155685899079931,0.3155685899079931,0.36886282018401384
00-0036825,Feleipe Franks,TE,ATL,2025,12,2026,5,BAL,11/10,period_1_2_receiving_yds,period_1_2_receiving_yds,0.0,0.3155685899079931,0.3155685899079931,0.36886282018401384
00-0037745,Velus Jones Jr.,RB,SEA,2025,20,2026,5,SF,11/10,period_1_2_receiving_yds,period_1_2_receiving_yds,0.0,0.3155685899079931,0.3155685899079931,0.36886282018401384
00-0037157,Bam Knight,RB,ARI,2026,2,2026,5,DET,11/10,period_1_2_receiving_yds,period_1_2_receiving_yds,0.0,0.3155685899079931,0.3155685899079931,0.36886282018401384
00-0040208,Tahj Brooks,RB,CIN,2025,17,2026,5,MIA,11/10,period_1_rushing_yds,period_1_rushing_yds,0.8,0.31561713846994466,0.31561713846994466,0.3687657230601107
00-0037741,Jahan Dotson,WR,ATL,2026,18,2026,5,BAL,11/10,season_rush_yards,season_rush_yards,0.0,0.6842927216438832,0.6842927216438832,0.36858544328776643
00-0036543,Spencer Brown,RB,CAR,2022,9,2026,6,PHI,18/10,period_1_rushing_yds,period_1_rushing_yds,3.5,0.3157215700372202,0.3157215700372202,0.36855685992555964
00-0038994,Jordan Addison,WR,MIN,2026,18,2026,5,NO,11/10,season_receiving_yards,season_receiving_yards,163.0,0.6841461245815726,0.6841461245815726,0.3682922491631453
00-0039074,Davis Allen,TE,LA,2026,18,2026,5,BUF,12/10,season_rec_tds,season_rec_tds,0.0,0.3159979853013887,0.3159979853013887,0.36800402939722265
00-0039074,Davis Allen,TE,LA,2026,4,2026,5,BUF,12/10,receiving_yards,receiving_yds,13.9,0.3160432279109955,0.3160432279109955,0.36791354417800903
00-0035704,Drew Lock,QB,SEA,2026,2,2026,5,SF,11/10,period_1_2_passing_tds,period_1_2_passing_tds,0.5,0.3160477704271009,0.3160477704271009,0.36790445914579817
00-0031411,DeMarcus Lawrence,LB,SEA,2025,22,2026,5,SF,11/10,sacks,sacks,0.4,0.31608107686042786,0.31608107686042786,0.3678378462791443
00-0034869,Sam Darnold,QB,SEA,2026,4,2026,5,SF,11/10,passing_ints,passing_ints,0.8,0.31609256126324525,0.31609256126324525,0.3678148774735095
00-0036919,Kenny Gainwell,RB,TB,2026,4,2026,5,DAL,08/10,receiving_yards_rb,receiving_yds,29.8,0.3162994000492462,0.3162994000492462,0.36740119990150755
00-0041436,DJ Herman,RB,MIA,2026,2,2026,5,CIN,11/10,receiving_yards_rb,receiving_yds,18.0,0.3164211492175488,0.3164211492175488,0.36715770156490235
00-0040170,Elic Ayomanor,WR,TEN,2026,4,2026,5,HOU,11/10,period_1_2_receiving_yds,period_1_2_receiving_yds,12.5,0.3164676632809494,0.3164676632809494,0.36706467343810123
00-0039746,Will Shipley,RB,PHI,2026,18,2026,5,JAX,11/10,season_rec_tds,season_rec_tds,0.0,0.3164839034751032,0.3164839034751032,0.3670321930497936
00-0037240,Jameson Williams,WR,DET,2026,18,2026,5,ARI,11/10,season_rush_yards,season_rush_yards,0.0,0.6834930752210908,0.6834930752210908,0.36698615044218164
00-0038980,Zach Harrison,DE,ATL,2025,10,2026,5,BAL,11/10,sacks,sacks,0.6,0.31656479835510254,0.31656479835510254,0.3668704032897949
00-0037239,Chris Olave,WR,NO,2026,18,2026,5,MIN,11/10,season_rush_yards,season_rush_yards,0.0,0.6832901034663693,0.6832901034663693,0.36658020693273863
00-0037240,Jameson Williams,WR,DET,2026,4,2026,5,ARI,11/10,rush_rec_tds,rush_rec_tds,0.5,0.316730573917495,0.316730573917495,0.36653885216501003
00-0036265,AJ Dillon,RB,CAR,2026,18,2026,6,PHI,18/10,season_receiving_yards,season_receiving_yards,3.0,0.6832410319726937,0.6832410319726937,0.3664820639453874
00-0036997,Javonte Williams,RB,DAL,2026,4,2026,5,TB,08/10,period_1_2_rush_rec_tds,period_1_2_rush_rec_tds,0.5,0.31687511267048535,0.31687511267048535,0.3662497746590293
00-0037740,Garrett Wilson,WR,NYJ,2026,18,2026,5,CLE,11/10,season_rush_yards,season_rush_yards,0.0,0.6830859143364326,0.6830859143364326,0.36617182867286524
00-0039874,Jaylen Wright,RB,MIA,2026,4,2026,5,CIN,11/10,period_1_rushing_yds,period_1_rushing_yds,0.3,0.31692640393293,0.31692640393293,0.36614719213414004
00-0038134,Kenneth Walker III,RB,KC,2026,18,2026,6,LAC,18/10,season_receiving_yards,season_receiving_yards,84.0,0.682547701374958,0.682547701374958,0.36509540274991603
00-0035250,Devin Singletary,RB,NYG,2026,2,2026,5,WAS,11/10,rushing_yards,rushing_yds,27.4,0.31764349341392517,0.31764349341392517,0.36471301317214966
00-0041525,Chris Bell,WR,MIA,2026,18,2026,5,CIN,11/10,season_receiving_yards,season_receiving_yards,92.0,0.6821169303266928,0.6821169303266928,0.3642338606533857
00-0038705,Emari Demercado,RB,DAL,2026,2,2026,5,TB,08/10,period_1_rushing_yds,period_1_rushing_yds,0.0,0.3179600403768742,0.3179600403768742,0.3640799192462516
00-0036290,Cole Kmet,TE,CHI,2026,4,2026,5,GB,11/10,period_1_2_receiving_yds,period_1_2_receiving_yds,7.2,0.3180579111294315,0.3180579111294315,0.363884177741137
00-0040170,Elic Ayomanor,WR,TEN,2026,18,2026,5,HOU,11/10,season_rush_yards,season_rush_yards,0.0,0.6819406630871373,0.6819406630871373,0.3638813261742746
00-0037013,Zach Wilson,QB,MIA,2025,18,2026,5,CIN,11/10,period_1_passing_yds,period_1_passing_yds,0.0,0.3180860136028727,0.3180860136028727,0.3638279727942546
00-0040669,Isaac TeSlaa,WR,DET,2026,18,2026,5,ARI,11/10,season_rec_tds,season_rec_tds,0.0,0.6818839921975577,0.6818839921975577,0.3637679843951154
00-0034832,Bradley Chubb,OLB,MIA,2025,18,2026,5,CIN,11/10,sacks,sacks,0.5,0.31814152002334595,0.31814152002334595,0.3637169599533081
00-0037834,Brock Purdy,QB,SF,2026,4,2026,5,SEA,11/10,period_1_2_passing_tds,period_1_2_passing_tds,0.8,0.31824981761752147,0.31824981761752147,0.36350036476495706
00-0032268,Marcus Mariota,QB,WAS,2026,4,2026,5,NYG,11/10,rushing_yards_qb,rushing_yds,25.2,0.31867601040245286,0.31867601040245286,0.3626479791950943
00-0039893,Brian Thomas Jr.,WR,JAX,2026,18,2026,5,PHI,11/10,season_receiving_yards,season_receiving_yards,105.0,0.6812076358224222,0.6812076358224222,0.36241527164484433
00-0036970,Kyle Pitts,TE,ATL,2026,4,2026,5,BAL,11/10,receiving_yards,receiving_yds,48.2,0.31880709528923035,0.31880709528923035,0.3623858094215393
00-0034383,Dalton Schultz,TE,HOU,2026,18,2026,5,TEN,11/10,season_rec_tds,season_rec_tds,0.0,0.6810643443720471,0.6810643443720471,0.3621286887440942
00-0040878,Mike Washington Jr.,RB,LV,2026,18,2026,5,NE,11/10,season_rush_tds,season_rush_tds,1.0,0.3189735790730023,0.3189735790730023,0.36205284185399544
00-0039746,Will Shipley,RB,PHI,2026,4,2026,5,JAX,11/10,period_1_rushing_yds,period_1_rushing_yds,2.8,0.3190249890106677,0.3190249890106677,0.36195002197866455
00-0035272,Andrew Van Ginkel,OLB,MIN,2025,18,2026,5,NO,11/10,sacks,sacks,0.6,0.31912463903427124,0.31912463903427124,0.3617507219314575
00-0036862,Ben Skowronek,WR,PIT,2024,13,2026,5,IND,11/10,receptions,receptions,1.4,0.3191961944103241,0.3191961944103241,0.3616076111793518
00-0038547,Luke Schoonmaker,TE,DAL,2025,14,2026,5,TB,08/10,receptions,receptions,1.4,0.31932657957077026,0.31932657957077026,0.3613468408584595
00-0026158,Joe Flacco,QB,CIN,2025,18,2026,5,MIA,11/10,period_1_2_passing_yds,period_1_2_passing_yds,80.8,0.3194690756806554,0.3194690756806554,0.3610618486386892
00-0039794,Braelon Allen,RB,NYJ,2026,18,2026,5,CLE,11/10,season_rec_tds,season_rec_tds,0.0,0.3195832858310457,0.3195832858310457,0.36083342833790855
00-0039065,Sam LaPorta,TE,DET,2026,18,2026,5,ARI,11/10,season_receiving_yards,season_receiving_yards,228.0,0.6803908278515226,0.6803908278515226,0.3607816557030452
00-0036264,Jordan Love,QB,GB,2026,4,2026,5,CHI,11/10,period_1_passing_tds,period_1_passing_tds,0.5,0.3196219762851182,0.3196219762851182,0.36075604742976364
00-0039739,Roman Wilson,WR,PIT,2026,18,2026,5,IND,11/10,season_rush_yards,season_rush_yards,0.0,0.6802843549401623,0.6802843549401623,0.3605687098803245
00-0038710,Blake Whiteheart,TE,CLE,2026,2,2026,5,NYJ,11/10,period_1_2_receiving_yds,period_1_2_receiving_yds,7.0,0.3199514167811873,0.3199514167811873,0.36009716643762535
00-0040154,Tai Felton,WR,MIN,2026,4,2026,5,NO,11/10,period_1_2_receiving_yds,period_1_2_receiving_yds,7.0,0.3199514167811873,0.3199514167811873,0.36009716643762535
00-0039391,Kimani Vidal,RB,LAC,2026,4,2026,5,DEN,11/10,period_1_2_rushing_yds,period_1_2_rushing_yds,11.0,0.3200177296757096,0.3200177296757096,0.35996454064858086
00-0037840,Kyren Williams,RB,LA,2026,4,2026,5,BUF,12/10,period_1_2_rushing_yds,period_1_2_rushing_yds,37.2,0.3200778328609106,0.3200778328609106,0.35984433427817875
00-0037192,George Karlaftis,DE,KC,2025,17,2026,6,LAC,18/10,sacks,sacks,0.4,0.32013875246047974,0.32013875246047974,0.3597224950790405
00-0040466,Raheim Sanders,RB,CLE,2026,4,2026,5,NYJ,11/10,period_1_2_receiving_yds,period_1_2_receiving_yds,12.8,0.3202541723666535,0.3202541723666535,0.359491655266693
00-0040081,Jake Briningstool,TE,KC,2026,3,2026,6,LAC,18/10,period_1_2_receiving_yds,period_1_2_receiving_yds,4.5,0.320279471592197,0.320279471592197,0.359441056815606
00-0041069,Colbie Young,WR,CIN,2026,3,2026,5,MIA,11/10,period_1_2_receiving_yds,period_1_2_receiving_yds,4.5,0.320279471592197,0.320279471592197,0.359441056815606
00-0035289,Gardner Minshew,QB,KC,2025,16,2026,6,LAC,18/10,period_1_passing_yds,period_1_passing_yds,3.8,0.3203368458261444,0.3203368458261444,0.3593263083477112
00-0039875,Ray Davis,RB,BUF,2026,4,2026,5,LA,12/10,period_1_2_receiving_yds,period_1_2_receiving_yds,2.0,0.32060807352368315,0.32060807352368315,0.3587838529526337
00-0040134,Pat Bryant,WR,DEN,2026,4,2026,5,LAC,11/10,receiving_yards,receiving_yds,32.9,0.320631742477417,0.320631742477417,0.358736515045166
00-0035647,Montez Sweat,DE,CHI,2025,20,2026,5,GB,11/10,sacks,sacks,0.6,0.32064488530158997,0.32064488530158997,0.35871022939682007
00-0039066,Michael Mayer,TE,LV,2026,18,2026,5,NE,11/10,season_rush_yards,season_rush_yards,0.0,0.6791145516069116,0.6791145516069116,0.3582291032138232
00-0038579,Aidan O'Connell,QB,LV,2025,18,2026,5,NE,11/10,period_1_2_passing_yds,period_1_2_passing_yds,17.0,0.6790803835235607,0.6790803835235607,0.3581607670471214
00-0037120,Tyler Goodson,RB,IND,2025,8,2026,5,PIT,11/10,rushing_yards,rushing_yds,15.5,0.32101696729660034,0.32101696729660034,0.3579660654067993
00-0039065,Sam LaPorta,TE,DET,2026,18,2026,5,ARI,11/10,season_rush_yards,season_rush_yards,0.0,0.6788908657782662,0.6788908657782662,0.35778173155653237
00-0038797,Emanuel Wilson,RB,SEA,2026,4,2026,5,SF,11/10,period_1_2_receiving_yds,period_1_2_receiving_yds,6.5,0.32116164512456946,0.32116164512456946,0.3576767097508611
00-0041125,Seth McGowan,RB,IND,2026,4,2026,5,PIT,11/10,rushing_yards,rushing_yds,11.2,0.6787180304527283,0.6787180304527283,0.35743606090545654
00-0035717,Nick Bosa,DE,SF,2025,3,2026,5,SEA,11/10,sacks,sacks,0.7,0.3213799297809601,0.3213799297809601,0.35724014043807983
00-0040584,Gunnar Helm,TE,TEN,2026,18,2026,5,HOU,11/10,season_rush_yards,season_rush_yards,0.0,0.6785980287324829,0.6785980287324829,0.35719605746496574
00-0037801,KaVontae Turpin,WR,DAL,2026,3,2026,5,TB,08/10,receptions,receptions,1.4,0.3214840292930603,0.3214840292930603,0.3570319414138794
00-0032394,Nick Vannett,TE,TEN,2024,18,2026,5,HOU,11/10,period_1_2_receiving_yds,period_1_2_receiving_yds,7.0,0.321603855963711,0.321603855963711,0.356792288072578
00-0036188,Antonio Williams,RB,BUF,2020,17,2026,5,LA,12/10,period_1_rushing_yds,period_1_rushing_yds,0.0,0.6783818608315723,0.6783818608315723,0.3567637216631445
00-0036630,Tylan Wallace,WR,BAL,2025,12,2026,5,ATL,11/10,period_1_2_receiving_yds,period_1_2_receiving_yds,5.2,0.3217731297285021,0.3217731297285021,0.35645374054299583
00-0040189,Oronde Gadsden II,TE,LAC,2026,18,2026,5,DEN,11/10,season_rec_tds,season_rec_tds,1.0,0.322117199810606,0.322117199810606,0.355765600378788
00-0038589,Josh Whyle,TE,GB,2025,19,2026,5,CHI,11/10,period_1_2_receiving_yds,period_1_2_receiving_yds,4.1,0.3223142776715152,0.3223142776715152,0.35537144465696957
00-0033908,Cooper Kupp,WR,SEA,2026,4,2026,5,SF,11/10,period_1_2_receiving_yds,period_1_2_receiving_yds,14.8,0.32233196649187,0.32233196649187,0.35533606701625997
00-0038454,Keaton Mitchell,RB,LAC,2026,18,2026,5,DEN,11/10,season_rush_tds,season_rush_tds,0.0,0.3223371544648637,0.3223371544648637,0.35532569107027256
00-0039451,Isaiah Williams,WR,NYJ,2026,18,2026,5,CLE,11/10,season_rec_tds,season_rec_tds,1.0,0.3223413709725466,0.3223413709725466,0.35531725805490677
00-0033869,Mitchell Trubisky,QB,BUF,2024,19,2026,5,LA,12/10,passing_ints,passing_ints,0.5,0.3226912014298298,0.3226912014298298,0.35461759714034036
00-0038705,Emari Demercado,RB,DAL,2026,2,2026,5,TB,08/10,rushing_yards,rushing_yds,22.1,0.322691410779953,0.322691410779953,0.354617178440094
00-0036970,Kyle Pitts,TE,ATL,2026,4,2026,5,BAL,11/10,receptions,receptions,4.4,0.32298848032951355,0.32298848032951355,0.3540230393409729
00-0038128,Malik Willis,QB,MIA,2026,4,2026,5,CIN,11/10,passing_yards,passing_yds,109.9,0.6768990301652364,0.6768990301652364,0.3537980603304729
00-0039811,MarShawn Lloyd,RB,GB,2026,18,2026,5,CHI,11/10,season_receiving_yards,season_receiving_yards,49.0,0.6766670241327019,0.6766670241327019,0.3533340482654037
00-0040735,Luther Burden III,WR,CHI,2026,18,2026,5,GB,11/10,season_rush_yards,season_rush_yards,20.0,0.3235310474816334,0.3235310474816334,0.35293790503673317
00-0032104,Ameer Abdullah,RB,JAX,2026,1,2026,5,PHI,11/10,receiving_yards_rb,receiving_yds,14.8,0.32368516360999855,0.32368516360999855,0.3526296727800029
00-0032464,Kalif Raymond,WR,CHI,2026,18,2026,5,GB,11/10,season_receiving_yards,season_receiving_yards,220.0,0.3237340994014466,0.3237340994014466,0.3525318011971068
00-0037013,Zach Wilson,QB,MIA,2025,18,2026,5,CIN,11/10,passing_tds,passing_tds,0.5,0.3237391801489667,0.3237391801489667,0.3525216397020666
00-0041048,Ted Hurst III,WR,TB,2026,18,2026,5,DAL,08/10,season_receiving_yards,season_receiving_yards,128.0,0.6761723960953554,0.6761723960953554,0.3523447921907108
00-0036902,Joseph Ossai,DE,CIN,2025,15,2026,5,MIA,11/10,sacks,sacks,0.4,0.3239675462245941,0.3239675462245941,0.35206490755081177
00-0027973,Andy Dalton,QB,PHI,2026,3,2026,5,JAX,11/10,passing_ints,passing_ints,0.6,0.32401257005810374,0.32401257005810374,0.3519748598837925
00-0038120,Breece Hall,RB,NYJ,2026,3,2026,5,CLE,11/10,period_1_2_receiving_yds,period_1_2_receiving_yds,15.7,0.3241502532069754,0.3241502532069754,0.35169949358604924
00-0039032,Tyjae Spears,RB,TEN,2026,4,2026,5,HOU,11/10,period_1_2_receiving_yds,period_1_2_receiving_yds,7.0,0.324518199602351,0.324518199602351,0.350963600795298
00-0041052,Kaelon Black,RB,SF,2026,4,2026,5,SEA,11/10,period_1_2_receiving_yds,period_1_2_receiving_yds,1.2,0.32458179645434315,0.32458179645434315,0.3508364070913137
00-0039918,Caleb Williams,QB,CHI,2026,2,2026,5,GB,11/10,period_1_2_passing_yds,period_1_2_passing_yds,128.0,0.32471443658428845,0.32471443658428845,0.3505711268314231
00-0037258,Dameon Pierce,RB,KC,2025,18,2026,6,LAC,18/10,period_1_rushing_yds,period_1_rushing_yds,3.3,0.3248918975568445,0.3248918975568445,0.350216204886311
00-0037248,James Cook,RB,BUF,2026,18,2026,5,LA,12/10,season_rush_yards,season_rush_yards,421.0,0.6748970769492861,0.6748970769492861,0.34979415389857227
00-0037258,Dameon Pierce,RB,HOU,2023,13,2026,5,TEN,11/10,receiving_yards_rb,receiving_yds,10.7,0.32516887736323263,0.32516887736323263,0.34966224527353473
00-0036425,DeeJay Dallas,RB,MIN,2026,4,2026,5,NO,11/10,period_1_2_receiving_yds,period_1_2_receiving_yds,2.8,0.32527704591342954,0.32527704591342954,0.3494459081731409
00-0023459,Aaron Rodgers,QB,PIT,2026,4,2026,5,IND,11/10,period_1_passing_tds,period_1_passing_tds,0.8,0.3253223083042615,0.3253223083042615,0.349355383391477
00-0037834,Brock Purdy,QB,SF,2026,4,2026,5,SEA,11/10,period_1_2_passing_yds,period_1_2_passing_yds,126.8,0.325452673369841,0.325452673369841,0.34909465326031797
00-0033217,Mo Alie-Cox,TE,IND,2024,18,2026,5,PIT,11/10,receptions,receptions,1.1,0.3254559338092804,0.3254559338092804,0.3490881323814392
00-0039376,Spencer Rattler,QB,NO,2025,15,2026,5,MIN,11/10,rushing_yards_qb,rushing_yds,19.6,0.32552168483509325,0.32552168483509325,0.3489566303298135
00-0038996,Tucker Kraft,TE,GB,2026,4,2026,5,CHI,11/10,period_1_2_receiving_yds,period_1_2_receiving_yds,27.8,0.3255395910388305,0.3255395910388305,0.348920817922339
00-0040215,Gavin Bartholomew,TE,MIN,2026,4,2026,5,NO,11/10,period_1_2_receiving_yds,period_1_2_receiving_yds,4.0,0.3256901542565197,0.3256901542565197,0.3486196914869606
00-0040078,Brashard Smith,RB,KC,2026,3,2026,6,LAC,18/10,period_1_2_receiving_yds,period_1_2_receiving_yds,4.0,0.3256901542565197,0.3256901542565197,0.3486196914869606
00-0039067,Rashee Rice,WR,KC,2026,3,2026,6,LAC,18/10,rush_rec_tds,rush_rec_tds,0.5,0.325873003362231,0.325873003362231,0.34825399327553797
00-0036550,Rashod Bateman,WR,BAL,2026,18,2026,5,ATL,11/10,season_rush_yards,season_rush_yards,0.0,0.6740197093004903,0.6740197093004903,0.34803941860098053
00-0041104,Demond Claiborne,RB,MIN,2026,4,2026,5,NO,11/10,period_1_2_receiving_yds,period_1_2_receiving_yds,0.7,0.32613227328953476,0.32613227328953476,0.3477354534209305
00-0036286,K'Lavon Chaisson,LB,NE,2025,22,2026,5,LV,11/10,sacks,sacks,0.5,0.32615020871162415,0.32615020871162415,0.3476995825767517
00-0037248,James Cook,RB,BUF,2026,4,2026,5,LA,12/10,receiving_yards_rb,receiving_yds,15.9,0.3261536537410048,0.3261536537410048,0.3476926925179904
00-0037594,Julius Chestnut,RB,TEN,2025,16,2026,5,HOU,11/10,period_1_2_receiving_yds,period_1_2_receiving_yds,0.0,0.3263544652145822,0.3263544652145822,0.34729106957083555
00-0039794,Braelon Allen,RB,NYJ,2026,18,2026,5,CLE,11/10,season_rush_tds,season_rush_tds,1.0,0.32641244650536677,0.32641244650536677,0.34717510698926646
00-0040236,Kyle Monangai,RB,CHI,2026,4,2026,5,GB,11/10,receiving_yards_rb,receiving_yds,12.5,0.3264781553605593,0.3264781553605593,0.3470436892788814
00-0041013,Emmett Johnson,RB,KC,2026,4,2026,6,LAC,18/10,period_1_rushing_yds,period_1_rushing_yds,0.8,0.3266524774673551,0.3266524774673551,0.3466950450652898
00-0041529,Kevin Coleman Jr.,WR,MIA,2026,4,2026,5,CIN,11/10,receptions,receptions,0.7,0.6731517910957336,0.6731517910957336,0.3463035821914673
00-0039890,Adonai Mitchell,WR,NYJ,2026,2,2026,5,CLE,11/10,period_1_2_receiving_yds,period_1_2_receiving_yds,36.0,0.3268496277046397,0.3268496277046397,0.3463007445907206
00-0033949,Joshua Dobbs,QB,NE,2025,18,2026,5,LV,11/10,rushing_yards_qb,rushing_yds,21.7,0.3271568354013977,0.3271568354013977,0.34568632919720454
00-0036252,Michael Pittman,WR,PIT,2026,4,2026,5,IND,11/10,receptions,receptions,4.1,0.32716405391693115,0.32716405391693115,0.3456718921661377
00-0040584,Gunnar Helm,TE,TEN,2026,18,2026,5,HOU,11/10,season_receiving_yards,season_receiving_yards,60.0,0.6726915189710208,0.6726915189710208,0.3453830379420415
00-0037261,Khalil Shakir,WR,BUF,2026,4,2026,5,LA,12/10,receptions,receptions,5.1,0.3273894190788269,0.3273894190788269,0.3452211618423462
00-0039910,Jayden Daniels,QB,WAS,2026,2,2026,5,NYG,11/10,rushing_yards_qb,rushing_yds,50.9,0.32763624995404633,0.32763624995404633,0.34472750009190734
00-0038563,Tre Tucker,WR,LV,2026,18,2026,5,NE,11/10,season_rec_tds,season_rec_tds,1.0,0.6723541113744534,0.6723541113744534,0.3447082227489069
00-0038589,Josh Whyle,TE,GB,2025,18,2026,5,CHI,11/10,receptions,receptions,1.6,0.32775864005088806,0.32775864005088806,0.3444827198982239
00-0033886,T.J. Watt,OLB,PIT,2025,19,2026,5,IND,11/10,sacks,sacks,0.5,0.32793423533439636,0.32793423533439636,0.3441315293312073
00-0035261,Tony Pollard,RB,TEN,2026,4,2026,5,HOU,11/10,rush_rec_tds,rush_rec_tds,0.5,0.3281650476710159,0.3281650476710159,0.3436699046579682
00-0033881,Evan Engram,TE,DEN,2026,4,2026,5,LAC,11/10,receiving_yards,receiving_yds,23.4,0.3286497890949249,0.3286497890949249,0.34270042181015015
00-0038563,Tre Tucker,WR,LV,2026,18,2026,5,NE,11/10,season_rush_yards,season_rush_yards,0.0,0.6711135592876025,0.6711135592876025,0.34222711857520505
00-0040666,Omarion Hampton,RB,LAC,2026,4,2026,5,DEN,11/10,period_1_2_receiving_yds,period_1_2_receiving_yds,5.8,0.3289946706114661,0.3289946706114661,0.3420106587770678
00-0037744,Trey McBride,TE,ARI,2026,18,2026,5,DET,11/10,season_rush_yards,season_rush_yards,0.0,0.6709032295728377,0.6709032295728377,0.3418064591456753
00-0039686,Colson Yankoff,TE,WAS,2026,4,2026,5,NYG,11/10,period_1_2_receiving_yds,period_1_2_receiving_yds,5.3,0.3291014446495353,0.3291014446495353,0.34179711070092944
00-0038090,Skyy Moore,WR,GB,2026,18,2026,5,CHI,11/10,season_rush_yards,season_rush_yards,0.0,0.670699012023549,0.670699012023549,0.34139802404709796
00-0038797,Emanuel Wilson,RB,SEA,2026,4,2026,5,SF,11/10,rush_rec_tds,rush_rec_tds,0.5,0.3293264090458643,0.3293264090458643,0.3413471819082714
00-0037247,George Pickens,WR,DAL,2026,18,2026,5,TB,08/10,season_rush_yards,season_rush_yards,0.0,0.6702870854174763,0.6702870854174763,0.34057417083495256
00-0033949,Joshua Dobbs,QB,NE,2025,18,2026,5,LV,11/10,period_1_passing_yds,period_1_passing_yds,0.0,0.3297320360036726,0.3297320360036726,0.34053592799265475
00-0039137,Byron Young,LB,LA,2025,21,2026,5,BUF,12/10,sacks,sacks,0.6,0.3297458589076996,0.3297458589076996,0.34050828218460083
00-0036963,Amon-Ra St. Brown,WR,DET,2026,18,2026,5,ARI,11/10,season_receiving_yards,season_receiving_yards,303.0,0.6700995750943275,0.6700995750943275,0.340199150188655
00-0038559,Michael Wilson,WR,ARI,2026,18,2026,5,DET,11/10,season_rush_yards,season_rush_yards,0.0,0.6699021628194188,0.6699021628194188,0.33980432563883767
00-0038104,Tyquan Thornton,WR,KC,2026,18,2026,6,LAC,18/10,season_rush_yards,season_rush_yards,0.0,0.669870528262468,0.669870528262468,0.3397410565249359
00-0038558,Darnell Washington,TE,PIT,2026,18,2026,5,IND,11/10,season_rush_yards,season_rush_yards,0.0,0.6696961853662414,0.6696961853662414,0.33939237073248285
00-0039739,Roman Wilson,WR,PIT,2026,18,2026,5,IND,11/10,season_receiving_yards,season_receiving_yards,188.0,0.6696807010335365,0.6696807010335365,0.339361402067073
00-0036914,Greg Rousseau,LB,BUF,2025,20,2026,5,LA,12/10,sacks,sacks,0.4,0.3303431570529938,0.3303431570529938,0.33931368589401245
00-0036900,Ja'Marr Chase,WR,CIN,2026,18,2026,5,MIA,11/10,season_rush_yards,season_rush_yards,0.0,0.6695810428226892,0.6695810428226892,0.3391620856453783
00-0040648,Tory Horton,WR,SEA,2026,4,2026,5,SF,11/10,period_1_2_receiving_yds,period_1_2_receiving_yds,8.5,0.33048067764614686,0.33048067764614686,0.3390386447077063
00-0040878,Mike Washington Jr.,RB,LV,2026,18,2026,5,NE,11/10,season_rec_tds,season_rec_tds,0.0,0.3305117053644719,0.3305117053644719,0.33897658927105623
00-0036970,Kyle Pitts,TE,ATL,2026,18,2026,5,BAL,11/10,season_rush_yards,season_rush_yards,0.0,0.6693659252822419,0.6693659252822419,0.33873185056448385
00-0028000,Daniel Thomas,RB,MIA,2014,17,2026,5,CIN,11/10,period_1_2_rushing_yds,period_1_2_rushing_yds,7.6,0.33065404543896043,0.33065404543896043,0.33869190912207914
00-0033293,Aaron Jones,RB,MIN,2026,18,2026,5,NO,11/10,season_rec_tds,season_rec_tds,0.0,0.3307507179455434,0.3307507179455434,0.3384985641089132
00-0037247,George Pickens,WR,DAL,2026,4,2026,5,TB,08/10,rush_rec_tds,rush_rec_tds,0.5,0.33084055429126963,0.33084055429126963,0.33831889141746074
00-0033662,Cooper Rush,QB,ATL,2026,2,2026,5,BAL,11/10,passing_ints,passing_ints,0.8,0.330992795942934,0.330992795942934,0.33801440811413197
00-0039340,Laiatu Latu,DE,IND,2025,18,2026,5,PIT,11/10,sacks,sacks,0.5,0.3310058116912842,0.3310058116912842,0.33798837661743164
00-0039893,Brian Thomas Jr.,WR,JAX,2026,4,2026,5,PHI,11/10,receptions,receptions,3.2,0.3311331570148468,0.3311331570148468,0.3377336859703064
00-0036590,Quintin Morris,TE,JAX,2026,2,2026,5,PHI,11/10,period_1_2_receiving_yds,period_1_2_receiving_yds,3.5,0.33114776881643043,0.33114776881643043,0.33770446236713914
00-0041525,Chris Bell,WR,MIA,2026,4,2026,5,CIN,11/10,period_1_receiving_yds,period_1_receiving_yds,1.8,0.33125519534497094,0.3081198008841155,0.3374896093100581
00-0041067,Bryce Lance,WR,NO,2026,4,2026,5,MIN,11/10,period_1_receiving_yds,period_1_receiving_yds,1.8,0.33125519534497094,0.30735849047452485,0.3374896093100581
00-0036309,Darnell Mooney,WR,NYG,2026,4,2026,5,WAS,11/10,period_1_receiving_yds,period_1_receiving_yds,0.0,0.33125519534497094,0.29009309235920894,0.3374896093100581
00-0037816,Romeo Doubs,WR,NE,2026,4,2026,5,LV,11/10,period_1_receiving_yds,period_1_receiving_yds,8.2,0.33125519534497094,0.3131505513326096,0.3374896093100581
00-0036407,Jerry Jeudy,WR,CLE,2026,4,2026,5,NYJ,11/10,period_1_receiving_yds,period_1_receiving_yds,0.0,0.33125519534497094,0.2959920566179972,0.3374896093100581
00-0036527,D.J. Turner,WR,LV,2024,13,2026,5,NE,11/10,period_1_receiving_yds,period_1_receiving_yds,1.1,0.33125519534497094,0.2893407571131722,0.3374896093100581
00-0037809,Chig Okonkwo,TE,WAS,2026,4,2026,5,NYG,11/10,period_1_receiving_yds,period_1_receiving_yds,2.5,0.33125519534497094,0.30428525717914956,0.3374896093100581
00-0033908,Cooper Kupp,WR,SEA,2026,4,2026,5,SF,11/10,period_1_receiving_yds,period_1_receiving_yds,0.0,0.33125519534497094,0.3129508337390937,0.3374896093100581
00-0033307,Kendrick Bourne,WR,ARI,2026,3,2026,5,DET,11/10,period_1_receiving_yds,period_1_receiving_yds,7.0,0.33125519534497094,0.30238055131073677,0.3374896093100581
00-0039849,Marvin Harrison Jr.,WR,ARI,2026,4,2026,5,DET,11/10,period_1_receiving_yds,period_1_receiving_yds,3.0,0.33125519534497094,0.28663919918116565,0.3374896093100581
00-0039391,Kimani Vidal,RB,LAC,2026,4,2026,5,DEN,11/10,period_1_receiving_yds,period_1_receiving_yds,0.0,0.33125519534497094,0.3129508337390937,0.3374896093100581
00-0039361,Bucky Irving,RB,TB,2026,4,2026,5,DAL,08/10,period_1_receiving_yds,period_1_receiving_yds,2.8,0.33125519534497094,0.2971173619971222,0.3374896093100581
00-0039811,MarShawn Lloyd,RB,GB,2026,4,2026,5,CHI,11/10,period_1_receiving_yds,period_1_receiving_yds,1.8,0.33125519534497094,0.2854691209992933,0.3374896093100581
00-0035250,Devin Singletary,RB,NYG,2026,2,2026,5,WAS,11/10,period_1_receiving_yds,period_1_receiving_yds,0.0,0.33125519534497094,0.2877155192696845,0.3374896093100581
00-0035631,Drew Sample,TE,CIN,2026,3,2026,5,MIA,11/10,period_1_receiving_yds,period_1_receiving_yds,0.0,0.33125519534497094,0.2877155192696845,0.3374896093100581
00-0035261,Tony Pollard,RB,TEN,2026,4,2026,5,HOU,11/10,period_1_receiving_yds,period_1_receiving_yds,0.0,0.33125519534497094,0.30384113750227276,0.3374896093100581
00-0039814,Erick All,TE,CIN,2026,2,2026,5,MIA,11/10,period_1_receiving_yds,period_1_receiving_yds,0.0,0.33125519534497094,0.3129508337390937,0.3374896093100581
00-0039880,Malik Washington,WR,MIA,2026,4,2026,5,CIN,11/10,period_1_receiving_yds,period_1_receiving_yds,14.8,0.33125519534497094,0.312466042853127,0.3374896093100581
00-0036997,Javonte Williams,RB,DAL,2026,4,2026,5,TB,08/10,period_1_receiving_yds,period_1_receiving_yds,5.0,0.33125519534497094,0.30531428232708907,0.3374896093100581
00-0038933,Dalton Kincaid,TE,BUF,2026,4,2026,5,LA,12/10,period_1_receiving_yds,period_1_receiving_yds,6.2,0.33125519534497094,0.31147584012761353,0.3374896093100581
00-0040736,Mason Taylor,TE,NYJ,2026,1,2026,5,CLE,11/10,period_1_receiving_yds,period_1_receiving_yds,0.0,0.33125519534497094,0.3129508337390937,0.3374896093100581
00-0040170,Elic Ayomanor,WR,TEN,2026,4,2026,5,HOU,11/10,period_1_receiving_yds,period_1_receiving_yds,0.0,0.33125519534497094,0.2853497977743558,0.3374896093100581
00-0038090,Skyy Moore,WR,GB,2026,4,2026,5,CHI,11/10,period_1_receiving_yds,period_1_receiving_yds,2.0,0.33125519534497094,0.3096595241983324,0.3374896093100581
00-0038996,Tucker Kraft,TE,GB,2026,4,2026,5,CHI,11/10,period_1_receiving_yds,period_1_receiving_yds,13.2,0.33125519534497094,0.2869693999441252,0.3374896093100581
00-0038454,Keaton Mitchell,RB,LAC,2026,4,2026,5,DEN,11/10,period_1_receiving_yds,period_1_receiving_yds,0.8,0.33125519534497094,0.28978156222799223,0.3374896093100581
00-0038129,Cade Otton,TE,TB,2026,4,2026,5,DAL,08/10,period_1_receiving_yds,period_1_receiving_yds,12.2,0.33125519534497094,0.28981661727834207,0.3374896093100581
00-0040737,Terrance Ferguson,TE,LA,2026,3,2026,5,BUF,12/10,period_1_receiving_yds,period_1_receiving_yds,4.7,0.33125519534497094,0.300241292532309,0.3374896093100581
00-0035891,Cody White,WR,LV,2026,4,2026,5,NE,11/10,period_1_receiving_yds,period_1_receiving_yds,0.0,0.33125519534497094,0.30875988785572167,0.3374896093100581
00-0038046,Charlie Kolar,TE,LAC,2026,2,2026,5,DEN,11/10,period_1_receiving_yds,period_1_receiving_yds,0.0,0.33125519534497094,0.3129508337390937,0.3374896093100581
00-0040584,Gunnar Helm,TE,TEN,2026,4,2026,5,HOU,11/10,period_1_receiving_yds,period_1_receiving_yds,0.2,0.33125519534497094,0.31361490392984365,0.3374896093100581
00-0034351,Dallas Goedert,TE,PHI,2026,2,2026,5,JAX,11/10,period_1_receiving_yds,period_1_receiving_yds,2.0,0.33125519534497094,0.31113417479254907,0.3374896093100581
00-0036550,Rashod Bateman,WR,BAL,2026,4,2026,5,ATL,11/10,period_1_receiving_yds,period_1_receiving_yds,4.8,0.33125519534497094,0.30041818274700693,0.3374896093100581
00-0033090,Hunter Henry,TE,NE,2026,4,2026,5,LV,11/10,period_1_2_receiving_yds,period_1_2_receiving_yds,18.0,0.3312998358463155,0.3312998358463155,0.337400328307369
00-0040734,TreVeyon Henderson,RB,NE,2026,4,2026,5,LV,11/10,receiving_yards_rb,receiving_yds,10.1,0.3313112188445681,0.3313112188445681,0.3373775623108638
00-0039361,Bucky Irving,RB,TB,2026,4,2026,5,DAL,08/10,receiving_yards_rb,receiving_yds,21.2,0.33131504432170006,0.33131504432170006,0.3373699113565999
00-0041027,Jeremiyah Love,RB,ARI,2026,18,2026,5,DET,11/10,season_rush_yards,season_rush_yards,223.0,0.6686024756693569,0.6686024756693569,0.33720495133871387
00-0036158,J.K. Dobbins,RB,DEN,2026,4,2026,5,LAC,11/10,rushing_yards,rushing_yds,63.9,0.3313988745212555,0.3313988745212555,0.337202250957489
00-0039068,Yaya Diaby,LB,TB,2025,18,2026,5,DAL,08/10,sacks,sacks,0.4,0.33161816000938416,0.33161816000938416,0.3367636799812317
00-0035248,Zach Allen,DE,DEN,2025,21,2026,5,LAC,11/10,sacks,sacks,0.4,0.33165743947029114,0.33165743947029114,0.3366851210594177
00-0037805,Jeremy Ruckert,TE,NYJ,2026,3,2026,5,CLE,11/10,period_1_2_receiving_yds,period_1_2_receiving_yds,11.7,0.3318634434211157,0.3318634434211157,0.33627311315776864
00-0036265,AJ Dillon,RB,CAR,2026,4,2026,6,PHI,18/10,period_1_2_receiving_yds,period_1_2_receiving_yds,1.2,0.3318923672069241,0.3318923672069241,0.3362152655861518
00-0040719,Bhayshul Tuten,RB,JAX,2026,18,2026,5,PHI,11/10,season_rec_tds,season_rec_tds,0.0,0.3319826894853765,0.3319826894853765,0.33603462102924697
00-0041052,Kaelon Black,RB,SF,2026,18,2026,5,SEA,11/10,season_rec_tds,season_rec_tds,0.0,0.33202621235830376,0.33202621235830376,0.3359475752833925
00-0040667,Matthew Golden,WR,GB,2026,4,2026,5,CHI,11/10,period_1_2_receiving_yds,period_1_2_receiving_yds,15.0,0.6677199498968883,0.6677199498968883,0.33543989979377664
00-0038579,Aidan O'Connell,QB,LV,2025,18,2026,5,NE,11/10,period_1_passing_yds,period_1_passing_yds,0.0,0.6677135967222259,0.6677135967222259,0.3354271934444517
00-0038104,Tyquan Thornton,WR,KC,2026,4,2026,6,LAC,18/10,period_1_2_receiving_yds,period_1_2_receiving_yds,19.0,0.3325259361786364,0.3325259361786364,0.3349481276427272
00-0036223,Jonathan Taylor,RB,IND,2026,4,2026,5,PIT,11/10,period_1_rushing_yds,period_1_rushing_yds,17.8,0.6674179313220628,0.6674179313220628,0.3348358626441257
00-0041524,Will Kacmarek,TE,MIA,2026,4,2026,5,CIN,11/10,period_1_2_receiving_yds,period_1_2_receiving_yds,5.0,0.33275399982322545,0.33275399982322545,0.3344920003535491
00-0040134,Pat Bryant,WR,DEN,2026,4,2026,5,LAC,11/10,period_1_2_receiving_yds,period_1_2_receiving_yds,12.0,0.3328247103446843,0.3328247103446843,0.3343505793106314
00-0039032,Tyjae Spears,RB,TEN,2026,18,2026,5,HOU,11/10,season_rec_tds,season_rec_tds,0.0,0.3328335157265056,0.3328335157265056,0.3343329685469888
00-0038997,Josh Downs,WR,IND,2026,18,2026,5,PIT,11/10,season_rush_yards,season_rush_yards,0.0,0.6666930005908405,0.6666930005908405,0.33338600118168094
00-0038951,Sean Tucker,RB,TB,2026,4,2026,5,DAL,08/10,period_1_2_rushing_yds,period_1_2_rushing_yds,10.0,0.33331752641036066,0.33331752641036066,0.33336494717927867
00-0040556,Corey Kiner,RB,NE,2026,3,2026,5,LV,11/10,period_1_2_receiving_yds,period_1_2_receiving_yds,0.0,0.3334243413818003,0.3334243413818003,0.33315131723639935
00-0038738,Hunter Luepke,RB,DAL,2026,4,2026,5,TB,08/10,period_1_2_receiving_yds,period_1_2_receiving_yds,0.0,0.3334243413818003,0.3334243413818003,0.33315131723639935
00-0037258,Dameon Pierce,RB,KC,2025,18,2026,6,LAC,18/10,period_1_2_receiving_yds,period_1_2_receiving_yds,0.0,0.3334243413818003,0.3334243413818003,0.33315131723639935
00-0039067,Rashee Rice,WR,KC,2026,3,2026,6,LAC,18/10,period_1_2_receiving_yds,period_1_2_receiving_yds,26.3,0.33352986828457076,0.33352986828457076,0.3329402634308585
00-0033293,Aaron Jones,RB,MIN,2026,18,2026,5,NO,11/10,season_rush_tds,season_rush_tds,1.0,0.6664296593528909,0.6664296593528909,0.3328593187057818
00-0038124,Christian Watson,WR,GB,2026,18,2026,5,CHI,11/10,season_rush_yards,season_rush_yards,0.0,0.6663753165345518,0.6663753165345518,0.3327506330691037
00-0033881,Evan Engram,TE,DEN,2026,4,2026,5,LAC,11/10,receptions,receptions,2.3,0.33379432559013367,0.33379432559013367,0.33241134881973267
00-0039065,Sam LaPorta,TE,DET,2026,4,2026,5,ARI,11/10,rush_rec_tds,rush_rec_tds,0.5,0.3338694079983033,0.3338694079983033,0.33226118400339344
00-0036355,Justin Herbert,QB,LAC,2026,4,2026,5,DEN,11/10,rushing_yards_qb,rushing_yds,30.6,0.3339170010961014,0.3339170010961014,0.3321659978077972
00-0034365,Ian Thomas,TE,CAR,2023,12,2026,6,PHI,18/10,receptions,receptions,1.4,0.33409667015075684,0.33409667015075684,0.33180665969848633
00-0040187,Mitchell Evans,TE,CAR,2026,18,2026,6,PHI,18/10,season_rush_yards,season_rush_yards,0.0,0.665878877168945,0.665878877168945,0.33175775433789
00-0038998,Jake Haener,QB,NO,2024,15,2026,5,MIN,11/10,period_1_passing_yds,period_1_passing_yds,3.6,0.33412729476060543,0.33412729476060543,0.33174541047878914
00-0033119,Jacoby Brissett,QB,ARI,2026,4,2026,5,DET,11/10,passing_yards,passing_yds,261.5,0.33417099584731375,0.33417099584731375,0.3316580083053725
00-0039107,Stetson Bennett,QB,LA,2026,1,2026,5,BUF,12/10,period_1_passing_yds,period_1_passing_yds,0.0,0.33429896080027327,0.33429896080027327,0.33140207839945346
00-0036442,Joe Burrow,QB,CIN,2026,4,2026,5,MIA,11/10,period_1_passing_tds,period_1_passing_tds,0.5,0.3343748099597448,0.3343748099597448,0.33125038008051044
00-0040739,Elijah Arroyo,TE,SEA,2025,14,2026,5,SF,11/10,receptions,receptions,1.2,0.3344033360481262,0.3344033360481262,0.33119332790374756
00-0039738,Blake Corum,RB,LA,2026,18,2026,5,BUF,12/10,season_rec_tds,season_rec_tds,0.0,0.33443833062498673,0.33443833062498673,0.33112333875002653
00-0038124,Christian Watson,WR,GB,2026,18,2026,5,CHI,11/10,season_receiving_yards,season_receiving_yards,331.0,0.6654898972363121,0.6654898972363121,0.33097979447262427
00-0030506,Travis Kelce,TE,KC,2026,18,2026,6,LAC,18/10,season_receiving_yards,season_receiving_yards,246.0,0.3346791044743729,0.3346791044743729,0.33064179105125424
00-0039923,J.J. McCarthy,QB,MIN,2025,18,2026,5,NO,11/10,period_1_2_passing_tds,period_1_2_passing_tds,0.4,0.3346805025323358,0.3346805025323358,0.33063899493532845
00-0035021,Ashton Dulin,WR,IND,2024,9,2026,5,PIT,11/10,receiving_yards,receiving_yds,18.6,0.33471232652664185,0.33471232652664185,0.3305753469467163
00-0039738,Blake Corum,RB,LA,2026,4,2026,5,BUF,12/10,period_1_2_rushing_yds,period_1_2_rushing_yds,20.8,0.3348153216228875,0.3348153216228875,0.33036935675422496
00-0041037,Denzel Boston,WR,CLE,2026,18,2026,5,NYJ,11/10,season_receiving_yards,season_receiving_yards,284.0,0.6650137947075437,0.6650137947075437,0.3300275894150875
00-0036139,Rico Dowdle,RB,PIT,2026,2,2026,5,IND,11/10,receiving_yards_rb,receiving_yds,19.4,0.33501527375393464,0.33501527375393464,0.3299694524921307
00-0040784,Quinshon Judkins,RB,CLE,2026,18,2026,5,NYJ,11/10,season_receiving_yards,season_receiving_yards,96.0,0.6649187096913406,0.6649187096913406,0.3298374193826812
00-0040590,Konata Mumpfield,WR,LA,2026,18,2026,5,BUF,12/10,season_rec_tds,season_rec_tds,1.0,0.33524834392702346,0.33524834392702346,0.3295033121459531
00-0038046,Charlie Kolar,TE,LAC,2026,2,2026,5,DEN,11/10,period_1_2_receiving_yds,period_1_2_receiving_yds,13.0,0.3353079898920434,0.3353079898920434,0.3293840202159132
00-0041550,Brenen Thompson,WR,LAC,2026,2,2026,5,DEN,11/10,period_1_2_receiving_yds,period_1_2_receiving_yds,13.0,0.3353079898920434,0.3353079898920434,0.3293840202159132
00-0034844,Saquon Barkley,RB,PHI,2026,4,2026,5,JAX,11/10,period_1_rushing_yds,period_1_rushing_yds,8.2,0.3353227318065731,0.3353227318065731,0.32935453638685375
00-0038951,Sean Tucker,RB,TB,2026,4,2026,5,DAL,08/10,period_1_rushing_yds,period_1_rushing_yds,0.0,0.33543944363526634,0.33543944363526634,0.3291211127294673
00-0039746,Will Shipley,RB,PHI,2026,18,2026,5,JAX,11/10,season_receiving_yards,season_receiving_yards,24.0,0.6641651512759256,0.6641651512759256,0.32833030255185114
00-0034981,Foster Moreau,TE,HOU,2026,4,2026,5,TEN,11/10,period_1_2_receiving_yds,period_1_2_receiving_yds,9.5,0.33584571351153714,0.33584571351153714,0.3283085729769257
00-0032398,Chris Moore,WR,BAL,2026,3,2026,5,ATL,11/10,receiving_yards,receiving_yds,25.1,0.3359602093696594,0.3359602093696594,0.32807958126068115
00-0040179,DJ Giddens,RB,IND,2025,18,2026,5,PIT,11/10,period_1_2_receiving_yds,period_1_2_receiving_yds,0.0,0.3359959176662281,0.3359959176662281,0.3280081646675438
00-0041125,Seth McGowan,RB,IND,2026,4,2026,5,PIT,11/10,period_1_2_receiving_yds,period_1_2_receiving_yds,1.8,0.33623115383479196,0.33623115383479196,0.3275376923304161
00-0039530,Brevyn Spann-Ford,TE,DAL,2026,4,2026,5,TB,08/10,period_1_2_receiving_yds,period_1_2_receiving_yds,4.7,0.33642678916246666,0.33642678916246666,0.3271464216750667
00-0039337,Malik Nabers,WR,NYG,2026,18,2026,5,WAS,11/10,season_rec_tds,season_rec_tds,1.0,0.6635355021987794,0.6635355021987794,0.3270710043975589
00-0038115,Daniel Bellinger,TE,TEN,2026,4,2026,5,HOU,11/10,period_1_2_receiving_yds,period_1_2_receiving_yds,4.2,0.3366509710516538,0.3366509710516538,0.3266980578966924
00-0039816,Anthony Gould,WR,IND,2025,14,2026,5,PIT,11/10,period_1_2_receiving_yds,period_1_2_receiving_yds,3.0,0.33665123148088505,0.33665123148088505,0.3266975370382299
00-0039912,Ben Sinnott,TE,WAS,2026,3,2026,5,NYG,11/10,period_1_2_receiving_yds,period_1_2_receiving_yds,3.0,0.33665123148088505,0.33665123148088505,0.3266975370382299
00-0034975,Justice Hill,RB,BAL,2026,4,2026,5,ATL,11/10,period_1_rushing_yds,period_1_rushing_yds,0.0,0.336698856534748,0.336698856534748,0.32660228693050397
00-0037740,Garrett Wilson,WR,NYJ,2026,18,2026,5,CLE,11/10,season_receiving_yards,season_receiving_yards,270.0,0.6630959334806622,0.6630959334806622,0.3261918669613244
00-0040466,Raheim Sanders,RB,CLE,2026,18,2026,5,NYJ,11/10,season_rush_yards,season_rush_yards,31.0,0.33711114995671176,0.33711114995671176,0.32577770008657647
00-0028986,Case Keenum,QB,CHI,2026,3,2026,5,GB,11/10,period_1_passing_yds,period_1_passing_yds,69.0,0.33755168169201843,0.33755168169201843,0.32489663661596313
00-0040398,Brady Cook,QB,NYJ,2025,18,2026,5,CLE,11/10,period_1_passing_yds,period_1_passing_yds,19.4,0.6623457090055108,0.6623457090055108,0.32469141801102164
00-0036331,Devin Duvernay,WR,JAX,2024,2,2026,5,PHI,11/10,receiving_yards,receiving_yds,11.6,0.3378503918647766,0.3378503918647766,0.3242992162704468
00-0037013,Zach Wilson,QB,MIA,2025,18,2026,5,CIN,11/10,passing_ints,passing_ints,0.4,0.33835030004684846,0.33835030004684846,0.3232993999063031
00-0039384,Tyrone Tracy Jr.,RB,NYG,2026,4,2026,5,WAS,11/10,period_1_2_rushing_yds,period_1_2_rushing_yds,5.7,0.3384560013386264,0.3384560013386264,0.3230879973227472
00-0036442,Joe Burrow,QB,CIN,2026,4,2026,5,MIA,11/10,period_1_passing_yds,period_1_passing_yds,42.2,0.6615401878294948,0.6615401878294948,0.3230803756589895
00-0040208,Tahj Brooks,RB,CIN,2025,17,2026,5,MIA,11/10,period_1_2_receiving_yds,period_1_2_receiving_yds,0.0,0.33872063081793113,0.33872063081793113,0.32255873836413773
00-0038117,Wan'Dale Robinson,WR,TEN,2026,18,2026,5,HOU,11/10,season_receiving_yards,season_receiving_yards,123.0,0.6611964966150559,0.6611964966150559,0.3223929932301117
00-0039793,AJ Barner,TE,SEA,2026,4,2026,5,SF,11/10,period_1_2_receiving_yds,period_1_2_receiving_yds,17.8,0.33881919538564503,0.33881919538564503,0.32236160922870993
00-0040583,Woody Marks,RB,HOU,2026,18,2026,5,TEN,11/10,season_rec_tds,season_rec_tds,0.0,0.3389266545392715,0.3389266545392715,0.322146690921457
00-0037091,Bo Melton,WR,GB,2026,4,2026,5,CHI,11/10,period_1_2_receiving_yds,period_1_2_receiving_yds,2.5,0.3390260479355684,0.3390260479355684,0.3219479041288632
00-0029604,Kirk Cousins,QB,LV,2026,4,2026,5,NE,11/10,period_1_2_passing_tds,period_1_2_passing_tds,1.2,0.3393239787616254,0.3393239787616254,0.3213520424767492
00-0036265,AJ Dillon,RB,CAR,2026,4,2026,6,PHI,18/10,rushing_yards,rushing_yds,21.2,0.33957672119140625,0.33957672119140625,0.3208465576171875
00-0036900,Ja'Marr Chase,WR,CIN,2026,4,2026,5,MIA,11/10,period_1_2_receiving_yds,period_1_2_receiving_yds,34.5,0.33975414670728926,0.33975414670728926,0.3204917065854215
00-0037013,Zach Wilson,QB,NYJ,2023,15,2026,5,CLE,11/10,rushing_yards_qb,rushing_yds,16.8,0.33984645031321875,0.33984645031321875,0.3203070993735625
00-0040466,Raheim Sanders,RB,CLE,2026,4,2026,5,NYJ,11/10,rushing_yards,rushing_yds,15.4,0.3400943875312805,0.3400943875312805,0.31981122493743896
00-0034613,Tanner Hudson,TE,CIN,2026,4,2026,5,MIA,11/10,period_1_2_receiving_yds,period_1_2_receiving_yds,4.3,0.3401194759641868,0.3401194759641868,0.3197610480716264
00-0036997,Javonte Williams,RB,DAL,2026,18,2026,5,TB,08/10,season_rush_yards,season_rush_yards,231.0,0.659611189347079,0.659611189347079,0.3192223786941579
00-0038797,Emanuel Wilson,RB,SEA,2026,4,2026,5,SF,11/10,period_1_rushing_yds,period_1_rushing_yds,6.8,0.65960411818142,0.65960411818142,0.3192082363628399
00-0040715,Cam Skattebo,RB,NYG,2026,4,2026,5,WAS,11/10,period_1_2_rushing_yds,period_1_2_rushing_yds,20.5,0.6594843635814922,0.6594843635814922,0.3189687271629844
00-0034855,Baker Mayfield,QB,TB,2026,3,2026,5,DAL,08/10,rushing_yards_qb,rushing_yds,19.9,0.34057679524842455,0.34057679524842455,0.3188464095031509
00-0033106,Jared Goff,QB,DET,2026,4,2026,5,ARI,11/10,period_1_passing_yds,period_1_passing_yds,41.2,0.6591443496380996,0.6591443496380996,0.3182886992761993
00-0036970,Kyle Pitts,TE,ATL,2026,4,2026,5,BAL,11/10,period_1_2_receiving_yds,period_1_2_receiving_yds,9.8,0.3410273751780496,0.3410273751780496,0.3179452496439008
00-0037834,Brock Purdy,QB,SF,2026,18,2026,5,SEA,11/10,season_rush_yards,season_rush_yards,122.0,0.3410746536467775,0.3410746536467775,0.31785069270644495
00-0041042,Malachi Fields,WR,NYG,2026,18,2026,5,WAS,11/10,season_receiving_yards,season_receiving_yards,126.0,0.6588954683898508,0.6588954683898508,0.3177909367797016
00-0033662,Cooper Rush,QB,ATL,2026,2,2026,5,BAL,11/10,period_1_passing_yds,period_1_passing_yds,36.0,0.3412707858078364,0.3412707858078364,0.31745842838432725
00-0040784,Quinshon Judkins,RB,CLE,2026,18,2026,5,NYJ,11/10,season_rush_yards,season_rush_yards,177.0,0.6587198633507554,0.6587198633507554,0.31743972670151077
00-0035250,Devin Singletary,RB,NYG,2024,17,2026,5,WAS,11/10,receiving_yards_rb,receiving_yds,11.0,0.3415846334342575,0.3415846334342575,0.316830733131485
00-0034844,Saquon Barkley,RB,PHI,2026,18,2026,5,JAX,11/10,season_receiving_yards,season_receiving_yards,8.0,0.6583586616572507,0.6583586616572507,0.3167173233145013
00-0036252,Michael Pittman,WR,PIT,2026,4,2026,5,IND,11/10,period_1_2_receiving_yds,period_1_2_receiving_yds,17.3,0.34202502360912995,0.34202502360912995,0.3159499527817401
00-0035719,Deebo Samuel Sr.,WR,SF,2026,4,2026,5,SEA,11/10,receptions,receptions,4.0,0.3422010540962219,0.3422010540962219,0.31559789180755615
00-0036425,DeeJay Dallas,RB,SEA,2021,18,2026,5,SF,11/10,receiving_yards_rb,receiving_yds,12.1,0.34228195402269995,0.34228195402269995,0.3154360919546001
00-0037838,Isaiah Likely,TE,NYG,2026,18,2026,5,WAS,11/10,season_receiving_yards,season_receiving_yards,190.0,0.6576123384123328,0.6576123384123328,0.3152246768246656
00-0026164,Chris Johnson,RB,NYJ,2014,17,2026,5,CLE,11/10,receiving_yards_rb,receiving_yds,9.4,0.3425279300674816,0.3425279300674816,0.3149441398650368
00-0036842,Kene Nwangwu,RB,NYJ,2025,18,2026,5,CLE,11/10,period_1_2_receiving_yds,period_1_2_receiving_yds,0.0,0.34253918189907673,0.34253918189907673,0.31492163620184654
00-0038519,Nikko Remigio,WR,KC,2025,3,2026,6,LAC,18/10,period_1_2_receiving_yds,period_1_2_receiving_yds,0.0,0.34253918189907673,0.34253918189907673,0.31492163620184654
00-0038794,Jaleel McLaughlin,RB,CLE,2026,4,2026,5,NYJ,11/10,period_1_2_receiving_yds,period_1_2_receiving_yds,0.0,0.34253918189907673,0.34253918189907673,0.31492163620184654
00-0035264,Jarrett Stidham,QB,DEN,2025,21,2026,5,LAC,11/10,passing_ints,passing_ints,0.5,0.3426312490802557,0.3426312490802557,0.31473750183948856
00-0037077,Sam Howell,QB,WAS,2023,16,2026,5,NYG,11/10,rushing_yards_qb,rushing_yds,18.8,0.3427051951986813,0.3427051951986813,0.3145896096026374
00-0028000,Daniel Thomas,RB,MIA,2014,17,2026,5,CIN,11/10,rushing_yards,rushing_yds,14.0,0.342856764793396,0.342856764793396,0.314286470413208
00-0036555,Chuba Hubbard,RB,CAR,2026,4,2026,6,PHI,18/10,rushing_yards,rushing_yds,40.4,0.6569951772689819,0.6569951772689819,0.31399035453796387
00-0033869,Mitchell Trubisky,QB,BUF,2025,18,2026,5,LA,12/10,period_1_2_passing_yds,period_1_2_passing_yds,50.2,0.3431535415578938,0.3431535415578938,0.3136929168842124
00-0035678,Dre'Mont Jones,LB,BAL,2025,18,2026,5,ATL,11/10,sacks,sacks,0.4,0.3432313799858093,0.3432313799858093,0.31353724002838135
00-0038124,Christian Watson,WR,GB,2026,4,2026,5,CHI,11/10,rush_rec_tds,rush_rec_tds,0.5,0.3432336737124909,0.3432336737124909,0.31353265257501817
00-0036893,Najee Harris,RB,NYG,2026,4,2026,5,WAS,11/10,period_1_2_rushing_yds,period_1_2_rushing_yds,20.3,0.34325654410406464,0.34325654410406464,0.3134869117918707
00-0040124,Tetairoa McMillan,WR,CAR,2026,4,2026,6,PHI,18/10,rush_rec_tds,rush_rec_tds,0.5,0.34356611778893204,0.34356611778893204,0.31286776442213593
00-0037740,Garrett Wilson,WR,NYJ,2026,18,2026,5,CLE,11/10,season_rec_tds,season_rec_tds,2.0,0.656322444967678,0.656322444967678,0.312644889935356
00-0038951,Sean Tucker,RB,TB,2026,4,2026,5,DAL,08/10,rushing_yards,rushing_yds,21.6,0.3438816964626312,0.3438816964626312,0.31223660707473755
00-0036429,Charlie Woerner,TE,SF,2020,13,2026,5,SEA,11/10,receptions,receptions,2.0,0.3443232476711273,0.3443232476711273,0.31135350465774536
00-0034960,Jakobi Meyers,WR,JAX,2026,18,2026,5,PHI,11/10,season_receiving_yards,season_receiving_yards,165.0,0.3443602685078255,0.3443602685078255,0.31127946298434905
00-0028000,Daniel Thomas,RB,MIA,2014,17,2026,5,CIN,11/10,period_1_2_receiving_yds,period_1_2_receiving_yds,6.0,0.34436408249612155,0.34436408249612155,0.3112718350077569
00-0038129,Cade Otton,TE,TB,2026,4,2026,5,DAL,08/10,period_1_2_receiving_yds,period_1_2_receiving_yds,26.2,0.3443781473213894,0.3443781473213894,0.31124370535722123
00-0040743,Tyler Shough,QB,NO,2026,4,2026,5,MIN,11/10,period_1_2_passing_tds,period_1_2_passing_tds,0.5,0.6555467527003404,0.6555467527003404,0.3110935054006807
00-0038542,Bijan Robinson,RB,ATL,2026,18,2026,5,BAL,11/10,season_receiving_yards,season_receiving_yards,120.0,0.6554904154315829,0.6554904154315829,0.31098083086316586
00-0035228,Kyler Murray,QB,MIN,2026,4,2026,5,NO,11/10,passing_ints,passing_ints,0.8,0.3446887459138135,0.3446887459138135,0.310622508172373
00-0038544,Quentin Johnston,WR,LAC,2026,4,2026,5,DEN,11/10,receptions,receptions,3.3,0.34486493468284607,0.34486493468284607,0.31027013063430786
00-0039852,Jared Verse,DE,LA,2025,21,2026,5,BUF,12/10,sacks,sacks,0.4,0.34515929222106934,0.34515929222106934,0.30968141555786133
00-0036637,Noah Gray,TE,KC,2026,4,2026,6,LAC,18/10,period_1_2_receiving_yds,period_1_2_receiving_yds,7.8,0.34525202875377575,0.34525202875377575,0.3094959424924485
00-0039075,Puka Nacua,WR,LA,2026,4,2026,5,BUF,12/10,period_1_2_rush_rec_tds,period_1_2_rush_rec_tds,0.5,0.3454162571149228,0.3454162571149228,0.3091674857701544
00-0040187,Mitchell Evans,TE,CAR,2026,18,2026,6,PHI,18/10,season_rec_tds,season_rec_tds,0.0,0.3454589544835167,0.3454589544835167,0.3090820910329666
00-0036963,Amon-Ra St. Brown,WR,DET,2026,4,2026,5,ARI,11/10,receptions,receptions,7.1,0.34549808502197266,0.34549808502197266,0.3090038299560547
00-0039910,Jayden Daniels,QB,WAS,2026,2,2026,5,NYG,11/10,period_1_2_passing_tds,period_1_2_passing_tds,0.5,0.34567702194011873,0.34567702194011873,0.30864595611976253
00-0038476,Tommy DeVito,QB,NE,2026,3,2026,5,LV,11/10,passing_tds,passing_tds,0.7,0.34574935118767613,0.34574935118767613,0.30850129762464773
00-0034975,Justice Hill,RB,BAL,2026,4,2026,5,ATL,11/10,receiving_yards_rb,receiving_yds,14.6,0.3459704353845443,0.3459704353845443,0.3080591292309114
00-0038543,Jaxon Smith-Njigba,WR,SEA,2026,4,2026,5,SF,11/10,period_1_2_rush_rec_tds,period_1_2_rush_rec_tds,0.5,0.34606969951306454,0.34606969951306454,0.3078606009738709
00-0035021,Ashton Dulin,WR,IND,2026,4,2026,5,PIT,11/10,period_1_2_receiving_yds,period_1_2_receiving_yds,14.5,0.34608650931555046,0.34608650931555046,0.3078269813688991
00-0035640,DK Metcalf,WR,PIT,2026,18,2026,5,IND,11/10,season_rec_tds,season_rec_tds,1.0,0.6538273676546547,0.6538273676546547,0.3076547353093093
00-0033246,Johnny Mundt,TE,JAX,2025,3,2026,5,PHI,11/10,receiving_yards,receiving_yds,11.1,0.34623366594314575,0.34623366594314575,0.3075326681137085
00-0040189,Oronde Gadsden II,TE,LAC,2026,18,2026,5,DEN,11/10,season_receiving_yards,season_receiving_yards,86.0,0.6537465421864037,0.6537465421864037,0.3074930843728074
00-0036972,Mac Jones,QB,SF,2026,2,2026,5,SEA,11/10,passing_ints,passing_ints,0.4,0.34630402081695444,0.34630402081695444,0.3073919583660911
00-0037263,Tyler Allgeier,RB,ARI,2026,4,2026,5,DET,11/10,rushing_yards,rushing_yds,27.4,0.3463197648525238,0.3463197648525238,0.3073604702949524
00-0036555,Chuba Hubbard,RB,CAR,2026,4,2026,6,PHI,18/10,period_1_2_rushing_yds,period_1_2_rushing_yds,20.2,0.6536732658862127,0.6536732658862127,0.3073465317724253
00-0039139,Jahmyr Gibbs,RB,DET,2026,4,2026,5,ARI,11/10,period_1_2_rushing_yds,period_1_2_rushing_yds,44.5,0.3463712358505427,0.3463712358505427,0.3072575282989146
00-0037238,Drake London,WR,ATL,2026,4,2026,5,BAL,11/10,rush_rec_tds,rush_rec_tds,0.5,0.34640913996847855,0.34640913996847855,0.3071817200630429
00-0039912,Ben Sinnott,TE,WAS,2024,7,2026,5,NYG,11/10,receptions,receptions,2.0,0.34649917483329773,0.34649917483329773,0.30700165033340454
00-0037744,Trey McBride,TE,ARI,2026,4,2026,5,DET,11/10,receptions,receptions,8.1,0.34661442041397095,0.34661442041397095,0.3067711591720581
00-0037755,Jelani Woods,TE,NYJ,2026,4,2026,5,CLE,11/10,receptions,receptions,1.8,0.3466174602508545,0.3466174602508545,0.306765079498291
00-0038543,Jaxon Smith-Njigba,WR,SEA,2026,18,2026,5,SF,11/10,season_rec_tds,season_rec_tds,6.0,0.6532496130638685,0.6532496130638685,0.30649922612773706
00-0035228,Kyler Murray,QB,MIN,2026,4,2026,5,NO,11/10,period_1_2_passing_tds,period_1_2_passing_tds,0.3,0.3467566984680077,0.3467566984680077,0.30648660306398456
00-0039361,Bucky Irving,RB,TB,2026,18,2026,5,DAL,08/10,season_receiving_yards,season_receiving_yards,61.0,0.6530790343549633,0.6530790343549633,0.30615806870992657
00-0037746,Brian Robinson,RB,ATL,2026,4,2026,5,BAL,11/10,period_1_2_receiving_yds,period_1_2_receiving_yds,1.2,0.3469220886991103,0.3469220886991103,0.3061558226017794
00-0035685,David Montgomery,RB,HOU,2026,4,2026,5,TEN,11/10,period_1_2_receiving_yds,period_1_2_receiving_yds,5.2,0.3471241969833696,0.3471241969833696,0.3057516060332608
00-0036358,CeeDee Lamb,WR,DAL,2026,4,2026,5,TB,08/10,receiving_yards,receiving_yds,91.6,0.3471757173538208,0.3471757173538208,0.3056485652923584
00-0041558,Sam Roush,TE,CHI,2026,4,2026,5,GB,11/10,period_1_2_receiving_yds,period_1_2_receiving_yds,5.3,0.3473353807604297,0.3473353807604297,0.3053292384791406
00-0035704,Drew Lock,QB,SEA,2026,2,2026,5,SF,11/10,period_1_2_passing_yds,period_1_2_passing_yds,107.0,0.3473444473758217,0.3473444473758217,0.3053111052483566
00-0032104,Ameer Abdullah,RB,JAX,2026,3,2026,5,PHI,11/10,period_1_rushing_yds,period_1_rushing_yds,0.0,0.3473523191902937,0.3473523191902937,0.3052953616194126
00-0039150,Bryce Young,QB,CAR,2026,4,2026,6,PHI,18/10,period_1_passing_tds,period_1_passing_tds,0.5,0.34737072498990423,0.34737072498990423,0.30525855002019153
00-0037093,Dareke Young,WR,LV,2026,4,2026,5,NE,11/10,period_1_2_receiving_yds,period_1_2_receiving_yds,4.5,0.3474492383190396,0.3474492383190396,0.30510152336192076
00-0040238,LeQuint Allen Jr.,RB,JAX,2026,3,2026,5,PHI,11/10,period_1_2_receiving_yds,period_1_2_receiving_yds,4.5,0.3474492383190396,0.3474492383190396,0.30510152336192076
00-0034869,Sam Darnold,QB,SEA,2026,4,2026,5,SF,11/10,period_1_2_passing_yds,period_1_2_passing_yds,102.7,0.34751367977082614,0.34751367977082614,0.3049726404583477
00-0035685,David Montgomery,RB,HOU,2026,4,2026,5,TEN,11/10,period_1_2_rushing_yds,period_1_2_rushing_yds,25.0,0.34762191444575335,0.34762191444575335,0.3047561711084933
00-0038996,Tucker Kraft,TE,GB,2026,18,2026,5,CHI,11/10,season_receiving_yards,season_receiving_yards,148.0,0.6523745020027429,0.6523745020027429,0.3047490040054859
00-0036250,Tyler Davis,TE,GB,2022,12,2026,5,CHI,11/10,period_1_2_receiving_yds,period_1_2_receiving_yds,4.6,0.3477393615528792,0.3477393615528792,0.3045212768942416
00-0040734,TreVeyon Henderson,RB,NE,2026,4,2026,5,LV,11/10,period_1_2_receiving_yds,period_1_2_receiving_yds,2.0,0.3477911326082454,0.3477911326082454,0.3044177347835092
00-0040129,Emeka Egbuka,WR,TB,2026,4,2026,5,DAL,08/10,period_1_2_receiving_yds,period_1_2_receiving_yds,25.2,0.34791058532867053,0.34791058532867053,0.30417882934265894
00-0033280,Christian McCaffrey,RB,SF,2026,4,2026,5,SEA,11/10,period_1_2_rush_rec_tds,period_1_2_rush_rec_tds,0.5,0.3480638223071308,0.3480638223071308,0.3038723553857384
00-0036849,Tutu Atwell,WR,LA,2026,4,2026,5,BUF,12/10,receiving_yards,receiving_yds,23.5,0.3480769395828247,0.3480769395828247,0.3038461208343506
00-0039923,J.J. McCarthy,QB,MIN,2025,18,2026,5,NO,11/10,period_1_passing_yds,period_1_passing_yds,43.9,0.3481583231278011,0.3481583231278011,0.3036833537443978
00-0036188,Antonio Williams,RB,BUF,2020,17,2026,5,LA,12/10,rushing_yards,rushing_yds,63.0,0.3481597602367401,0.3481597602367401,0.3036804795265198
00-0039108,Will Anderson Jr.,DE,HOU,2025,20,2026,5,TEN,11/10,sacks,sacks,0.8,0.3482609987258911,0.3482609987258911,0.3034780025482178
00-0039915,Ladd McConkey,WR,LAC,2026,4,2026,5,DEN,11/10,receiving_yards,receiving_yds,49.4,0.3483058214187622,0.3483058214187622,0.3033883571624756
00-0035594,Travis Homer,RB,SEA,2021,5,2026,5,SF,11/10,rushing_yards,rushing_yds,11.6,0.34851211309432983,0.34851211309432983,0.30297577381134033
00-0039065,Sam LaPorta,TE,DET,2026,4,2026,5,ARI,11/10,receptions,receptions,5.1,0.34869179129600525,0.34869179129600525,0.3026164174079895
00-0041042,Malachi Fields,WR,NYG,2026,4,2026,5,WAS,11/10,period_1_2_receiving_yds,period_1_2_receiving_yds,15.0,0.3487151342805655,0.3487151342805655,0.302569731438869
00-0036212,Tua Tagovailoa,QB,MIA,2025,15,2026,5,CIN,11/10,passing_tds,passing_tds,1.4,0.34885025694835214,0.34885025694835214,0.3022994861032957
00-0039139,Jahmyr Gibbs,RB,DET,2026,4,2026,5,ARI,11/10,period_1_rushing_yds,period_1_rushing_yds,24.0,0.3488698053481851,0.3488698053481851,0.30226038930362975
00-0040878,Mike Washington Jr.,RB,LV,2026,4,2026,5,NE,11/10,period_1_2_rushing_yds,period_1_2_rushing_yds,14.8,0.348898388990523,0.348898388990523,0.302203222018954
00-0031450,Josh Harris,RB,PIT,2014,18,2026,5,IND,11/10,rushing_yards,rushing_yds,13.7,0.6509628891944885,0.6509628891944885,0.30192577838897705
00-0039851,Drake Maye,QB,NE,2026,4,2026,5,LV,11/10,passing_ints,passing_ints,0.9,0.34909241456627704,0.34909241456627704,0.3018151708674459
00-0036628,John Bates,TE,WAS,2024,1,2026,5,NYG,11/10,receiving_yards,receiving_yds,10.9,0.3491836190223694,0.3491836190223694,0.30163276195526123
00-0035704,Drew Lock,QB,SEA,2026,2,2026,5,SF,11/10,period_1_passing_yds,period_1_passing_yds,45.0,0.3492415107317188,0.3492415107317188,0.30151697853656245
00-0039738,Blake Corum,RB,LA,2026,4,2026,5,BUF,12/10,rushing_yards,rushing_yds,48.5,0.3493468463420868,0.3493468463420868,0.3013063073158264
00-0037840,Kyren Williams,RB,LA,2026,4,2026,5,BUF,12/10,period_1_2_rush_rec_tds,period_1_2_rush_rec_tds,0.5,0.349377218650895,0.349377218650895,0.30124556269821
00-0037249,Nik Bonitto,LB,DEN,2025,21,2026,5,LAC,11/10,sacks,sacks,0.8,0.34939074516296387,0.34939074516296387,0.30121850967407227
00-0039794,Braelon Allen,RB,NYJ,2024,7,2026,5,CLE,11/10,receiving_yards_rb,receiving_yds,10.6,0.34982016921245235,0.34982016921245235,0.3003596615750953
00-0037834,Brock Purdy,QB,SF,2026,4,2026,5,SEA,11/10,passing_ints,passing_ints,1.0,0.3498762421466159,0.3498762421466159,0.3002475157067682
00-0033077,Dak Prescott,QB,DAL,2026,4,2026,5,TB,08/10,period_1_2_passing_yds,period_1_2_passing_yds,96.8,0.649941394589895,0.649941394589895,0.29988278917978994
00-0026498,Matthew Stafford,QB,LA,2026,4,2026,5,BUF,12/10,period_1_passing_tds,period_1_passing_tds,0.5,0.35012018444571474,0.35012018444571474,0.2997596311085705
00-0037132,Britain Covey,WR,PHI,2025,18,2026,5,JAX,11/10,receiving_yards,receiving_yds,16.0,0.3501419723033905,0.3501419723033905,0.299716055393219
00-0039364,Sione Vaki,RB,DET,2026,4,2026,5,ARI,11/10,period_1_2_rushing_yds,period_1_2_rushing_yds,7.2,0.3502560959159699,0.3502560959159699,0.2994878081680602
00-0036355,Justin Herbert,QB,LAC,2026,4,2026,5,DEN,11/10,passing_ints,passing_ints,0.9,0.35054940542459667,0.35054940542459667,0.29890118915080666
00-0031388,Aaron Donald,DE,LA,2022,12,2026,5,BUF,12/10,sacks,sacks,0.5,0.35057953000068665,0.35057953000068665,0.2988409399986267
00-0040122,Ashton Jeanty,RB,LV,2026,4,2026,5,NE,11/10,period_1_2_rushing_yds,period_1_2_rushing_yds,25.2,0.6492801243454112,0.6492801243454112,0.2985602486908223
00-0028986,Case Keenum,QB,CHI,2026,3,2026,5,GB,11/10,period_1_2_passing_yds,period_1_2_passing_yds,149.0,0.35080350982288827,0.35080350982288827,0.29839298035422346
00-0041044,Zachariah Branch,WR,ATL,2026,4,2026,5,BAL,11/10,period_1_2_receiving_yds,period_1_2_receiving_yds,6.7,0.350855814902044,0.350855814902044,0.29828837019591203
00-0036924,Michael Carter,RB,ARI,2025,18,2026,5,DET,11/10,period_1_rushing_yds,period_1_rushing_yds,9.0,0.35103255717193405,0.35103255717193405,0.2979348856561319
00-0036613,Jaylen Waddle,WR,DEN,2026,18,2026,5,LAC,11/10,season_receiving_yards,season_receiving_yards,185.0,0.6488387564902537,0.6488387564902537,0.2976775129805074
00-0036158,J.K. Dobbins,RB,DEN,2026,4,2026,5,LAC,11/10,period_1_2_receiving_yds,period_1_2_receiving_yds,2.2,0.351338905151854,0.351338905151854,0.297322189696292
00-0031450,Josh Harris,RB,PIT,2014,18,2026,5,IND,11/10,period_1_2_receiving_yds,period_1_2_receiving_yds,0.0,0.35177185994458154,0.35177185994458154,0.2964562801108369
00-0039067,Rashee Rice,WR,KC,2026,3,2026,6,LAC,18/10,receptions,receptions,6.5,0.35203057527542114,0.35203057527542114,0.2959388494491577
00-0039021,Roschon Johnson,RB,CHI,2024,18,2026,5,GB,11/10,receiving_yards_rb,receiving_yds,11.4,0.3521292978704548,0.3521292978704548,0.29574140425909035
00-0040206,Riley Leonard,QB,IND,2025,18,2026,5,PIT,11/10,passing_ints,passing_ints,0.6,0.3523997234164438,0.3523997234164438,0.29520055316711236
00-0040122,Ashton Jeanty,RB,LV,2026,4,2026,5,NE,11/10,period_1_rushing_yds,period_1_rushing_yds,12.5,0.6471665688344256,0.6471665688344256,0.29433313766885116
00-0038416,Tyson Bagent,QB,CHI,2025,2,2026,5,GB,11/10,rushing_yards_qb,rushing_yds,10.9,0.3529549237561487,0.3529549237561487,0.29409015248770265
00-0040668,Shedeur Sanders,QB,CLE,2025,11,2026,5,NYJ,11/10,rushing_yards_qb,rushing_yds,16.0,0.353044721407221,0.353044721407221,0.29391055718555803
00-0039142,Will McDonald IV,DE,NYJ,2025,16,2026,5,CLE,11/10,sacks,sacks,0.5,0.35313838720321655,0.35313838720321655,0.2937232255935669
00-0040237,Tez Johnson,WR,TB,2026,18,2026,5,DAL,08/10,season_rec_tds,season_rec_tds,0.0,0.35323847614842635,0.35323847614842635,0.2935230477031473
00-0041525,Chris Bell,WR,MIA,2026,4,2026,5,CIN,11/10,period_1_2_receiving_yds,period_1_2_receiving_yds,13.8,0.353270103239168,0.353270103239168,0.29345979352166396
00-0040886,Nicholas Singleton,RB,TEN,2026,4,2026,5,HOU,11/10,period_1_rushing_yds,period_1_rushing_yds,0.0,0.35338243265425207,0.35338243265425207,0.29323513469149587
00-0036275,D'Andre Swift,RB,CHI,2026,4,2026,5,GB,11/10,period_1_2_rushing_yds,period_1_2_rushing_yds,41.0,0.3533975877530666,0.3533975877530666,0.29320482449386676
00-0036924,Michael Carter,RB,ARI,2025,18,2026,5,DET,11/10,receiving_yards_rb,receiving_yds,20.2,0.35341311072684894,0.35341311072684894,0.2931737785463021
00-0036389,Jalen Hurts,QB,PHI,2026,4,2026,5,JAX,11/10,passing_tds,passing_tds,1.6,0.35345401978894214,0.35345401978894214,0.2930919604221157
00-0040170,Elic Ayomanor,WR,TEN,2026,18,2026,5,HOU,11/10,season_rec_tds,season_rec_tds,1.0,0.3535154050175111,0.3535154050175111,0.2929691899649778
00-0037263,Tyler Allgeier,RB,ARI,2026,4,2026,5,DET,11/10,period_1_2_rushing_yds,period_1_2_rushing_yds,16.2,0.35382244824976355,0.35382244824976355,0.2923551035004729
00-0039893,Brian Thomas Jr.,WR,JAX,2026,4,2026,5,PHI,11/10,receiving_yards,receiving_yds,44.9,0.3539964258670807,0.3539964258670807,0.2920071482658386
00-0039032,Tyjae Spears,RB,TEN,2026,4,2026,5,HOU,11/10,rushing_yards,rushing_yds,20.9,0.3540373742580414,0.3540373742580414,0.29192525148391724
00-0038476,Tommy DeVito,QB,NE,2026,3,2026,5,LV,11/10,rushing_yards_qb,rushing_yds,19.1,0.35404752340962703,0.35404752340962703,0.29190495318074594
00-0040715,Cam Skattebo,RB,NYG,2026,18,2026,5,WAS,11/10,season_rush_yards,season_rush_yards,235.0,0.6457930210172607,0.6457930210172607,0.2915860420345213
00-0041037,Denzel Boston,WR,CLE,2026,4,2026,5,NYJ,11/10,rush_rec_tds,rush_rec_tds,0.5,0.35425800250181594,0.35425800250181594,0.2914839949963681
00-0036900,Ja'Marr Chase,WR,CIN,2026,18,2026,5,MIA,11/10,season_receiving_yards,season_receiving_yards,212.0,0.6455729541839307,0.6455729541839307,0.29114590836786136
00-0032764,Derrick Henry,RB,BAL,2026,4,2026,5,ATL,11/10,rushing_yards,rushing_yds,103.2,0.3544739782810211,0.3544739782810211,0.29105204343795776
00-0037809,Chig Okonkwo,TE,WAS,2026,4,2026,5,NYG,11/10,receptions,receptions,3.0,0.35448023676872253,0.35448023676872253,0.29103952646255493
00-0039811,MarShawn Lloyd,RB,GB,2026,18,2026,5,CHI,11/10,season_rush_tds,season_rush_tds,0.0,0.35455371946717434,0.35455371946717434,0.2908925610656513
00-0040727,Tre Harris,WR,LAC,2026,18,2026,5,DEN,11/10,season_receiving_yards,season_receiving_yards,209.0,0.6449794478119857,0.6449794478119857,0.28995889562397137
00-0030506,Travis Kelce,TE,KC,2026,4,2026,6,LAC,18/10,period_1_2_receiving_yds,period_1_2_receiving_yds,24.5,0.35536441744410235,0.35536441744410235,0.2892711651117953
00-0039376,Spencer Rattler,QB,NO,2025,15,2026,5,MIN,11/10,period_1_2_passing_yds,period_1_2_passing_yds,101.4,0.35540266336091014,0.35540266336091014,0.2891946732781797
00-0035229,T.J. Hockenson,TE,MIN,2026,18,2026,5,NO,11/10,season_rush_yards,season_rush_yards,0.0,0.6445637044580345,0.6445637044580345,0.2891274089160689
00-0041125,Seth McGowan,RB,IND,2026,4,2026,5,PIT,11/10,period_1_rushing_yds,period_1_rushing_yds,0.0,0.35547577366095345,0.35547577366095345,0.2890484526780931
00-0037838,Isaiah Likely,TE,NYG,2026,18,2026,5,WAS,11/10,season_rush_yards,season_rush_yards,0.0,0.6444471127628684,0.6444471127628684,0.28889422552573674
00-0039075,Puka Nacua,WR,LA,2026,4,2026,5,BUF,12/10,receiving_yards,receiving_yds,103.6,0.35558396577835083,0.35558396577835083,0.28883206844329834
00-0035704,Drew Lock,QB,SEA,2026,2,2026,5,SF,11/10,passing_ints,passing_ints,0.5,0.35566084132744813,0.35566084132744813,0.28867831734510374
00-0040494,Max Brosmer,QB,MIN,2025,18,2026,5,NO,11/10,passing_yards,passing_yds,46.9,0.6440144337846523,0.6440144337846523,0.28802886756930457
00-0040466,Raheim Sanders,RB,CLE,2026,18,2026,5,NYJ,11/10,season_rec_tds,season_rec_tds,0.0,0.35609175917198016,0.35609175917198016,0.2878164816560397
00-0039410,Ryan Flournoy,WR,DAL,2026,18,2026,5,TB,08/10,season_receiving_yards,season_receiving_yards,104.0,0.6437101368679127,0.6437101368679127,0.28742027373582535
00-0032950,Carson Wentz,QB,MIN,2026,2,2026,5,NO,11/10,passing_ints,passing_ints,0.8,0.35653529300259396,0.35653529300259396,0.2869294139948121
00-0040363,Keleki Latu,TE,BUF,2025,18,2026,5,LA,12/10,receptions,receptions,2.0,0.35670632123947144,0.35670632123947144,0.28658735752105713
00-0034855,Baker Mayfield,QB,TB,2026,3,2026,5,DAL,08/10,passing_ints,passing_ints,0.8,0.3567552349190561,0.3567552349190561,0.28648953016188783
00-0037248,James Cook,RB,BUF,2026,18,2026,5,LA,12/10,season_rec_tds,season_rec_tds,0.0,0.3567833337322638,0.3567833337322638,0.28643333253547243
00-0033526,Samaje Perine,RB,CIN,2026,4,2026,5,MIA,11/10,period_1_2_receiving_yds,period_1_2_receiving_yds,5.2,0.3568289614942815,0.3568289614942815,0.286342077011437
00-0037304,Connor Heyward,TE,PIT,2024,17,2026,5,IND,11/10,period_1_2_receiving_yds,period_1_2_receiving_yds,3.2,0.35684011943198507,0.35684011943198507,0.28631976113602986
00-0038997,Josh Downs,WR,IND,2026,18,2026,5,PIT,11/10,season_receiving_yards,season_receiving_yards,202.0,0.6430135565377567,0.6430135565377567,0.28602711307551343
00-0037816,Romeo Doubs,WR,NE,2026,18,2026,5,LV,11/10,season_rush_yards,season_rush_yards,0.0,0.6429623683382686,0.6429623683382686,0.2859247366765372
00-0039920,Malachi Corley,WR,CLE,2025,18,2026,5,NYJ,11/10,period_1_2_receiving_yds,period_1_2_receiving_yds,4.1,0.35714385996797465,0.35714385996797465,0.2857122800640507
00-0032951,Laquon Treadwell,WR,IND,2026,18,2026,5,PIT,11/10,season_receiving_yards,season_receiving_yards,123.0,0.3571927132310984,0.3571927132310984,0.2856145735378032
00-0041096,Kaytron Allen,RB,WAS,2026,4,2026,5,NYG,11/10,period_1_rushing_yds,period_1_rushing_yds,0.7,0.35726603055015566,0.35726603055015566,0.2854679388996887
00-0039074,Davis Allen,TE,LA,2026,18,2026,5,BUF,12/10,season_rush_yards,season_rush_yards,0.0,0.64273115189062,0.64273115189062,0.28546230378124005
00-0036290,Cole Kmet,TE,CHI,2026,18,2026,5,GB,11/10,season_rush_yards,season_rush_yards,0.0,0.6426609505577723,0.6426609505577723,0.28532190111554456
00-0036309,Darnell Mooney,WR,NYG,2026,4,2026,5,WAS,11/10,receiving_yards,receiving_yds,28.7,0.3576600253582001,0.3576600253582001,0.28467994928359985
00-0038041,Jake Ferguson,TE,DAL,2026,18,2026,5,TB,08/10,season_rush_yards,season_rush_yards,0.0,0.6423108758017922,0.6423108758017922,0.2846217516035845
00-0028986,Case Keenum,QB,CHI,2026,3,2026,5,GB,11/10,period_1_2_passing_tds,period_1_2_passing_tds,1.0,0.3577222915726918,0.3577222915726918,0.2845554168546164
00-0039410,Ryan Flournoy,WR,DAL,2026,18,2026,5,TB,08/10,season_rush_yards,season_rush_yards,0.0,0.642044543928521,0.642044543928521,0.2840890878570419
00-0039164,Anthony Richardson,QB,IND,2025,5,2026,5,PIT,11/10,passing_tds,passing_tds,0.6,0.35795814531725695,0.35795814531725695,0.2840837093654861
00-0036355,Justin Herbert,QB,LAC,2026,18,2026,5,DEN,11/10,season_rush_tds,season_rush_tds,0.0,0.3581570674617908,0.3581570674617908,0.28368586507641835
00-0037005,Tommy Tremble,TE,CAR,2026,18,2026,6,PHI,18/10,season_rush_yards,season_rush_yards,0.0,0.6418343074660036,0.6418343074660036,0.2836686149320071
00-0037093,Dareke Young,WR,SEA,2022,18,2026,5,SF,11/10,receptions,receptions,2.0,0.3582898676395416,0.3582898676395416,0.28342026472091675
00-0036223,Jonathan Taylor,RB,IND,2026,4,2026,5,PIT,11/10,rush_rec_tds,rush_rec_tds,0.5,0.6416868468937325,0.6416868468937325,0.2833736937874649
00-0036626,Dyami Brown,WR,WAS,2026,18,2026,5,NYG,11/10,season_rush_yards,season_rush_yards,0.0,0.6416097445165536,0.6416097445165536,0.28321948903310723
00-0035594,Travis Homer,RB,PIT,2026,4,2026,5,IND,11/10,period_1_2_rushing_yds,period_1_2_rushing_yds,5.0,0.35845952589704844,0.35845952589704844,0.2830809482059031
00-0038115,Daniel Bellinger,TE,TEN,2026,3,2026,5,HOU,11/10,receptions,receptions,1.5,0.35845962166786194,0.35845962166786194,0.2830807566642761
00-0040867,Makai Lemon,WR,PHI,2026,4,2026,5,JAX,11/10,receptions,receptions,2.5,0.3584806025028229,0.3584806025028229,0.28303879499435425
00-0041013,Emmett Johnson,RB,KC,2026,4,2026,6,LAC,18/10,period_1_2_receiving_yds,period_1_2_receiving_yds,2.0,0.35854517037444444,0.35854517037444444,0.2829096592511111
00-0034837,Calvin Ridley,WR,TEN,2026,4,2026,5,HOU,11/10,period_1_2_receiving_yds,period_1_2_receiving_yds,4.3,0.3586378434403258,0.3586378434403258,0.2827243131193484
00-0036264,Jordan Love,QB,GB,2026,4,2026,5,CHI,11/10,period_1_2_passing_tds,period_1_2_passing_tds,1.2,0.3586544213310225,0.3586544213310225,0.282691157337955
00-0040466,Raheim Sanders,RB,CLE,2026,4,2026,5,NYJ,11/10,period_1_2_rushing_yds,period_1_2_rushing_yds,5.0,0.3587152122176135,0.3587152122176135,0.282569575564773
00-0036259,Jauan Jennings,WR,MIN,2026,4,2026,5,NO,11/10,period_1_2_receiving_yds,period_1_2_receiving_yds,2.7,0.3588689523918849,0.3588689523918849,0.28226209521623025
00-0039163,C.J. Stroud,QB,HOU,2026,1,2026,5,TEN,11/10,rushing_yards_qb,rushing_yds,12.7,0.3589254878007497,0.3589254878007497,0.28214902439850065
00-0041529,Kevin Coleman Jr.,WR,MIA,2026,4,2026,5,CIN,11/10,period_1_receiving_yds,period_1_receiving_yds,1.0,0.358974358974359,0.316356487007959,0.28205128205128205
00-0040782,Isaiah Bond,WR,CLE,2026,4,2026,5,NYJ,11/10,period_1_2_receiving_yds,period_1_2_receiving_yds,1.0,0.35910026226384983,0.35910026226384983,0.28179947547230033
00-0035602,Alex Bachman,WR,LV,2025,16,2026,5,NE,11/10,period_1_2_receiving_yds,period_1_2_receiving_yds,1.0,0.35910026226384983,0.35910026226384983,0.28179947547230033
00-0041051,Zavion Thomas,WR,CHI,2026,3,2026,5,GB,11/10,period_1_2_receiving_yds,period_1_2_receiving_yds,1.0,0.35910026226384983,0.35910026226384983,0.28179947547230033
00-0036410,Tee Higgins,WR,CIN,2026,18,2026,5,MIA,11/10,season_rush_yards,season_rush_yards,0.0,0.6403770101356003,0.6403770101356003,0.28075402027120067
00-0035685,David Montgomery,RB,DET,2025,14,2026,5,ARI,11/10,receiving_yards_rb,receiving_yds,14.2,0.35966449628034103,0.35966449628034103,0.28067100743931794
00-0039150,Bryce Young,QB,CAR,2026,4,2026,6,PHI,18/10,rushing_yards_qb,rushing_yds,12.8,0.35977011599688224,0.35977011599688224,0.2804597680062355
00-0039338,Brock Bowers,TE,LV,2026,4,2026,5,NE,11/10,rush_rec_tds,rush_rec_tds,0.5,0.3597832139543398,0.3597832139543398,0.28043357209132036
00-0037545,Rashid Shaheed,WR,SEA,2026,18,2026,5,SF,11/10,season_rec_tds,season_rec_tds,0.0,0.35990728370423947,0.35990728370423947,0.28018543259152107
00-0037809,Chig Okonkwo,TE,WAS,2026,4,2026,5,NYG,11/10,receiving_yards,receiving_yds,28.8,0.36001861095428467,0.36001861095428467,0.27996277809143066
00-0036275,D'Andre Swift,RB,CHI,2026,18,2026,5,GB,11/10,season_rush_yards,season_rush_yards,311.0,0.6397198537554131,0.6397198537554131,0.27943970751082614
00-0038933,Dalton Kincaid,TE,BUF,2026,4,2026,5,LA,12/10,receiving_yards,receiving_yds,54.2,0.36043211817741394,0.36043211817741394,0.2791357636451721
00-0040878,Mike Washington Jr.,RB,LV,2026,4,2026,5,NE,11/10,period_1_2_receiving_yds,period_1_2_receiving_yds,0.0,0.36052469311629326,0.36052469311629326,0.2789506137674135
00-0039811,MarShawn Lloyd,RB,GB,2026,4,2026,5,CHI,11/10,period_1_rushing_yds,period_1_rushing_yds,4.8,0.36057458570148265,0.36057458570148265,0.2788508285970347
00-0039337,Malik Nabers,WR,NYG,2026,4,2026,5,WAS,11/10,receptions,receptions,5.6,0.3606685996055603,0.3606685996055603,0.2786628007888794
00-0038393,Dontayvion Wicks,WR,PHI,2026,18,2026,5,JAX,11/10,season_rush_yards,season_rush_yards,0.0,0.6391949588677017,0.6391949588677017,0.27838991773540345
00-0039064,Zay Flowers,WR,BAL,2026,4,2026,5,ATL,11/10,rush_rec_tds,rush_rec_tds,0.5,0.36082819071203287,0.36082819071203287,0.27834361857593426
00-0037157,Bam Knight,RB,ARI,2026,2,2026,5,DET,11/10,receiving_yards_rb,receiving_yds,12.5,0.3608362534630214,0.3608362534630214,0.2783274930739572
00-0036442,Joe Burrow,QB,CIN,2024,13,2026,5,MIA,11/10,rushing_yards_qb,rushing_yds,14.6,0.3610413227976348,0.3610413227976348,0.2779173544047304
00-0040142,Kaleb Johnson,RB,GB,2026,4,2026,5,CHI,11/10,period_1_rushing_yds,period_1_rushing_yds,5.0,0.3612920211734885,0.3612920211734885,0.27741595765302296
00-0038128,Malik Willis,QB,MIA,2026,4,2026,5,CIN,11/10,rushing_yards_qb,rushing_yds,24.6,0.3613336924460461,0.3613336924460461,0.27733261510790785
00-0034960,Jakobi Meyers,WR,JAX,2026,4,2026,5,PHI,11/10,receptions,receptions,4.0,0.3614084720611572,0.3614084720611572,0.27718305587768555
00-0038115,Daniel Bellinger,TE,TEN,2026,18,2026,5,HOU,11/10,season_rush_yards,season_rush_yards,0.0,0.6384545017143138,0.6384545017143138,0.2769090034286277
00-0032394,Nick Vannett,TE,TEN,2024,9,2026,5,HOU,11/10,receiving_yards,receiving_yds,14.9,0.3616972863674164,0.3616972863674164,0.27660542726516724
00-0031408,Mike Evans,WR,SF,2026,4,2026,5,SEA,11/10,period_1_receiving_yds,period_1_receiving_yds,8.5,0.36194746957078794,0.34466345536357473,0.2761050608584241
00-0036626,Dyami Brown,WR,WAS,2026,4,2026,5,NYG,11/10,period_1_receiving_yds,period_1_receiving_yds,0.2,0.36194746957078794,0.3288718739089996,0.2761050608584241
00-0040189,Oronde Gadsden II,TE,LAC,2026,4,2026,5,DEN,11/10,period_1_receiving_yds,period_1_receiving_yds,2.0,0.36194746957078794,0.33333456494130814,0.2761050608584241
00-0039451,Isaiah Williams,WR,NYJ,2026,4,2026,5,CLE,11/10,period_1_receiving_yds,period_1_receiving_yds,0.0,0.36194746957078794,0.32299029136680735,0.2761050608584241
00-0040126,Colston Loveland,TE,CHI,2026,4,2026,5,GB,11/10,period_1_receiving_yds,period_1_receiving_yds,5.2,0.36194746957078794,0.33120179342979095,0.2761050608584241
00-0038621,DeMario Douglas,WR,NE,2026,4,2026,5,LV,11/10,period_1_receiving_yds,period_1_receiving_yds,2.2,0.36194746957078794,0.3333496042291753,0.2761050608584241
00-0035021,Ashton Dulin,WR,IND,2026,4,2026,5,PIT,11/10,period_1_receiving_yds,period_1_receiving_yds,0.0,0.36194746957078794,0.3393454873182189,0.2761050608584241
00-0036223,Jonathan Taylor,RB,IND,2026,4,2026,5,PIT,11/10,period_1_receiving_yds,period_1_receiving_yds,1.0,0.36194746957078794,0.33698060777612227,0.2761050608584241
00-0034383,Dalton Schultz,TE,HOU,2026,4,2026,5,TEN,11/10,period_1_receiving_yds,period_1_receiving_yds,12.2,0.36194746957078794,0.3328947485371537,0.2761050608584241
00-0034827,DJ Moore,WR,BUF,2026,4,2026,5,LA,12/10,period_1_receiving_yds,period_1_receiving_yds,4.8,0.36194746957078794,0.3367039964824775,0.2761050608584241
00-0035500,Greg Dortch,WR,ARI,2025,13,2026,5,DET,11/10,period_1_receiving_yds,period_1_receiving_yds,0.9,0.36194746957078794,0.3312359017584761,0.2761050608584241
00-0032464,Kalif Raymond,WR,CHI,2026,4,2026,5,GB,11/10,period_1_receiving_yds,period_1_receiving_yds,7.2,0.36194746957078794,0.3377382284870532,0.2761050608584241
00-0039901,Keon Coleman,WR,BUF,2026,4,2026,5,LA,12/10,period_1_receiving_yds,period_1_receiving_yds,5.2,0.36194746957078794,0.3166597742435911,0.2761050608584241
00-0037545,Rashid Shaheed,WR,SEA,2026,4,2026,5,SF,11/10,period_1_receiving_yds,period_1_receiving_yds,2.2,0.36194746957078794,0.32470585798746315,0.2761050608584241
00-0037252,Greg Dulcich,TE,MIA,2026,3,2026,5,CIN,11/10,period_1_receiving_yds,period_1_receiving_yds,2.3,0.36194746957078794,0.33267550706341553,0.2761050608584241
00-0036894,Pat Freiermuth,TE,PIT,2026,4,2026,5,IND,11/10,period_1_receiving_yds,period_1_receiving_yds,4.5,0.36194746957078794,0.3399616489515296,0.2761050608584241
00-0037240,Jameson Williams,WR,DET,2026,4,2026,5,ARI,11/10,period_1_receiving_yds,period_1_receiving_yds,8.8,0.36194746957078794,0.3469741303577677,0.2761050608584241
00-0037741,Jahan Dotson,WR,ATL,2026,4,2026,5,BAL,11/10,period_1_receiving_yds,period_1_receiving_yds,0.0,0.36194746957078794,0.32728290822707,0.2761050608584241
00-0036924,Michael Carter,RB,ARI,2025,18,2026,5,DET,11/10,period_1_receiving_yds,period_1_receiving_yds,0.8,0.36194746957078794,0.31914969691659834,0.2761050608584241
00-0036919,Kenny Gainwell,RB,TB,2026,4,2026,5,DAL,08/10,period_1_receiving_yds,period_1_receiving_yds,0.0,0.36194746957078794,0.32299029136680735,0.2761050608584241
00-0041032,Kenyon Sadiq,TE,NYJ,2026,4,2026,5,CLE,11/10,period_1_receiving_yds,period_1_receiving_yds,4.2,0.36194746957078794,0.3393939225386349,0.2761050608584241
00-0040590,Konata Mumpfield,WR,LA,2026,18,2026,5,BUF,12/10,season_rush_yards,season_rush_yards,0.0,0.638042046489998,0.638042046489998,0.2760840929799959
00-0034796,Lamar Jackson,QB,BAL,2026,18,2026,5,ATL,11/10,season_rush_tds,season_rush_tds,1.0,0.36200075948571914,0.36200075948571914,0.2759984810285617
00-0040669,Isaac TeSlaa,WR,DET,2026,4,2026,5,ARI,11/10,receptions,receptions,1.4,0.6379901766777039,0.6379901766777039,0.2759803533554077
00-0034844,Saquon Barkley,RB,PHI,2026,4,2026,5,JAX,11/10,receiving_yards_rb,receiving_yds,11.1,0.3620882324074589,0.3620882324074589,0.2758235351850822
00-0036971,Trevor Lawrence,QB,JAX,2026,4,2026,5,PHI,11/10,rushing_yards_qb,rushing_yds,20.6,0.36232504437876856,0.36232504437876856,0.2753499112424629
00-0039376,Spencer Rattler,QB,NO,2025,15,2026,5,MIN,11/10,period_1_passing_yds,period_1_passing_yds,40.1,0.3624814453714486,0.3624814453714486,0.2750371092571028
00-0037239,Chris Olave,WR,NO,2026,4,2026,5,MIN,11/10,receiving_yards,receiving_yds,91.8,0.36249783635139465,0.36249783635139465,0.2750043272972107
00-0038738,Hunter Luepke,RB,DAL,2026,4,2026,5,TB,08/10,period_1_2_rushing_yds,period_1_2_rushing_yds,2.3,0.3625762673794288,0.3625762673794288,0.27484746524114245
00-0034771,Mason Rudolph,QB,PIT,2026,2,2026,5,IND,11/10,passing_yards,passing_yds,129.4,0.36275626642359027,0.36275626642359027,0.27448746715281946
00-0036188,Antonio Williams,RB,BUF,2020,17,2026,5,LA,12/10,period_1_2_rush_rec_tds,period_1_2_rush_rec_tds,0.5,0.36294081560796565,0.36294081560796565,0.2741183687840687
00-0035704,Drew Lock,QB,DEN,2021,12,2026,5,LAC,11/10,rushing_yards_qb,rushing_yds,11.8,0.3629419411295291,0.3629419411295291,0.2741161177409418
00-0036290,Cole Kmet,TE,CHI,2026,4,2026,5,GB,11/10,receiving_yards,receiving_yds,18.4,0.362946480512619,0.362946480512619,0.27410703897476196
00-0038129,Cade Otton,TE,TB,2026,18,2026,5,DAL,08/10,season_rush_yards,season_rush_yards,0.0,0.6370298344094657,0.6370298344094657,0.2740596688189314
00-0040142,Kaleb Johnson,RB,GB,2026,4,2026,5,CHI,11/10,rushing_yards,rushing_yds,11.5,0.6370102167129517,0.6370102167129517,0.2740204334259033
00-0039918,Caleb Williams,QB,CHI,2026,2,2026,5,GB,11/10,period_1_passing_yds,period_1_passing_yds,51.0,0.36300784470364617,0.36300784470364617,0.27398431059270767
00-0035689,Dawson Knox,TE,BUF,2026,4,2026,5,LA,12/10,period_1_2_receiving_yds,period_1_2_receiving_yds,3.5,0.3630118283751023,0.3630118283751023,0.27397634324979536
00-0034351,Dallas Goedert,TE,PHI,2026,2,2026,5,JAX,11/10,period_1_2_receiving_yds,period_1_2_receiving_yds,13.0,0.36307318475946965,0.36307318475946965,0.2738536304810607
00-0039150,Bryce Young,QB,CAR,2026,4,2026,6,PHI,18/10,period_1_2_passing_yds,period_1_2_passing_yds,173.2,0.36310331324145567,0.36310331324145567,0.27379337351708866
00-0028118,Tyrod Taylor,QB,NYJ,2025,14,2026,5,CLE,11/10,period_1_2_passing_yds,period_1_2_passing_yds,33.5,0.6368581175896125,0.6368581175896125,0.27371623517922505
00-0036972,Mac Jones,QB,SF,2026,2,2026,5,SEA,11/10,period_1_2_passing_yds,period_1_2_passing_yds,0.0,0.3631826003028468,0.3631826003028468,0.27363479939430635
00-0040673,Jalen Milroe,QB,SEA,2025,5,2026,5,SF,11/10,period_1_2_passing_yds,period_1_2_passing_yds,0.0,0.3631826003028468,0.3631826003028468,0.27363479939430635
00-0041194,Jack Strand,QB,ATL,2026,2,2026,5,BAL,11/10,passing_tds,passing_tds,0.0,0.3632404684115502,0.3632404684115502,0.27351906317689956
00-0038994,Jordan Addison,WR,MIN,2026,4,2026,5,NO,11/10,period_1_2_receiving_yds,period_1_2_receiving_yds,25.5,0.36340372277973537,0.36340372277973537,0.27319255444052926
00-0037524,Tay Martin,WR,TEN,2024,18,2026,5,HOU,11/10,receiving_yards,receiving_yds,49.0,0.3634167015552521,0.3634167015552521,0.27316659688949585
00-0036410,Tee Higgins,WR,CIN,2026,4,2026,5,MIA,11/10,receiving_yards,receiving_yds,71.4,0.36344054341316223,0.36344054341316223,0.27311891317367554
00-0040886,Nicholas Singleton,RB,TEN,2026,4,2026,5,HOU,11/10,rushing_yards,rushing_yds,6.0,0.6365199089050293,0.6365199089050293,0.2730398178100586
00-0040128,Tyler Warren,TE,IND,2026,18,2026,5,PIT,11/10,season_rec_tds,season_rec_tds,2.0,0.3636020939946608,0.3636020939946608,0.2727958120106784
00-0039874,Jaylen Wright,RB,MIA,2026,4,2026,5,CIN,11/10,period_1_2_rushing_yds,period_1_2_rushing_yds,7.0,0.36364255945897606,0.36364255945897606,0.2727148810820479
00-0036900,Ja'Marr Chase,WR,CIN,2026,18,2026,5,MIA,11/10,season_rec_tds,season_rec_tds,3.0,0.36409420622795685,0.36409420622795685,0.2718115875440863
00-0036290,Cole Kmet,TE,CHI,2026,4,2026,5,GB,11/10,receptions,receptions,1.8,0.3642224371433258,0.3642224371433258,0.2715551257133484
00-0041032,Kenyon Sadiq,TE,NYJ,2026,4,2026,5,CLE,11/10,receptions,receptions,3.0,0.36427754163742065,0.36427754163742065,0.2714449167251587
00-0039875,Ray Davis,RB,BUF,2026,4,2026,5,LA,12/10,period_1_2_rushing_yds,period_1_2_rushing_yds,3.0,0.3643086082650091,0.3643086082650091,0.2713827834699818
00-0039849,Marvin Harrison Jr.,WR,ARI,2026,4,2026,5,DET,11/10,receiving_yards,receiving_yds,43.3,0.36436179280281067,0.36436179280281067,0.27127641439437866
00-0034975,Justice Hill,RB,BAL,2026,4,2026,5,ATL,11/10,period_1_2_rushing_yds,period_1_2_rushing_yds,7.8,0.36458473833805266,0.36458473833805266,0.2708305233238947
00-0034272,Marquez Valdes-Scantling,WR,LAC,2026,4,2026,5,DEN,11/10,receiving_yards,receiving_yds,18.4,0.364689439535141,0.364689439535141,0.270621120929718
00-0039074,Davis Allen,TE,LA,2026,4,2026,5,BUF,12/10,period_1_2_receiving_yds,period_1_2_receiving_yds,4.8,0.36475632872481023,0.36475632872481023,0.27048734255037954
00-0036550,Rashod Bateman,WR,BAL,2026,4,2026,5,ATL,11/10,receptions,receptions,1.8,0.6349549293518066,0.6349549293518066,0.2699098587036133
00-0035642,Josh Hines-Allen,DE,JAX,2025,19,2026,5,PHI,11/10,sacks,sacks,0.5,0.365059494972229,0.365059494972229,0.269881010055542
00-0039066,Michael Mayer,TE,LV,2026,18,2026,5,NE,11/10,season_receiving_yards,season_receiving_yards,169.0,0.6348579459223491,0.6348579459223491,0.26971589184469824
00-0026164,Chris Johnson,RB,ARI,2017,5,2026,5,DET,11/10,rushing_yards,rushing_yds,50.2,0.3651748299598694,0.3651748299598694,0.26965034008026123
00-0041027,Jeremiyah Love,RB,ARI,2026,18,2026,5,DET,11/10,season_rush_tds,season_rush_tds,1.0,0.6346922743547931,0.6346922743547931,0.2693845487095863
00-0039923,J.J. McCarthy,QB,MIN,2025,18,2026,5,NO,11/10,rushing_yards_qb,rushing_yds,18.1,0.3653154349479179,0.3653154349479179,0.2693691301041642
00-0036407,Jerry Jeudy,WR,CLE,2026,4,2026,5,NYJ,11/10,period_1_2_receiving_yds,period_1_2_receiving_yds,8.7,0.36556354834352356,0.36556354834352356,0.2688729033129529
00-0040867,Makai Lemon,WR,PHI,2026,4,2026,5,JAX,11/10,period_1_2_receiving_yds,period_1_2_receiving_yds,14.5,0.3658630583241487,0.3658630583241487,0.26827388335170255
00-0035640,DK Metcalf,WR,PIT,2026,18,2026,5,IND,11/10,season_rush_yards,season_rush_yards,0.0,0.6340081006244974,0.6340081006244974,0.26801620124899483
00-0036842,Kene Nwangwu,RB,NYJ,2025,18,2026,5,CLE,11/10,period_1_rushing_yds,period_1_rushing_yds,4.5,0.3660126242653312,0.3660126242653312,0.2679747514693376
00-0026158,Joe Flacco,QB,CIN,2025,18,2026,5,MIA,11/10,period_1_2_passing_tds,period_1_2_passing_tds,0.5,0.3661228327883308,0.3661228327883308,0.2677543344233384
00-0036275,D'Andre Swift,RB,CHI,2026,4,2026,5,GB,11/10,period_1_2_receiving_yds,period_1_2_receiving_yds,10.2,0.3662284936213407,0.3662284936213407,0.2675430127573186
00-0040743,Tyler Shough,QB,NO,2026,4,2026,5,MIN,11/10,period_1_passing_tds,period_1_passing_tds,0.2,0.3663098740066222,0.3663098740066222,0.26738025198675563
00-0035289,Gardner Minshew,QB,PHI,2022,13,2026,5,JAX,11/10,rushing_yards_qb,rushing_yds,13.5,0.3663792424700154,0.3663792424700154,0.2672415150599692
00-0040894,Malik Benson,WR,LV,2026,3,2026,5,NE,11/10,period_1_2_receiving_yds,period_1_2_receiving_yds,2.0,0.366495232690114,0.366495232690114,0.26700953461977195
00-0033854,Dare Ogunbowale,RB,HOU,2025,18,2026,5,TEN,11/10,period_1_2_receiving_yds,period_1_2_receiving_yds,4.1,0.36659465184205886,0.36659465184205886,0.2668106963158823
00-0040719,Bhayshul Tuten,RB,JAX,2026,18,2026,5,PHI,11/10,season_rush_yards,season_rush_yards,277.0,0.6332395977460109,0.6332395977460109,0.2664791954920218
00-0036963,Amon-Ra St. Brown,WR,DET,2026,4,2026,5,ARI,11/10,period_1_2_receiving_yds,period_1_2_receiving_yds,29.0,0.6332000524086793,0.6332000524086793,0.26640010481735854
00-0034796,Lamar Jackson,QB,BAL,2026,4,2026,5,ATL,11/10,passing_tds,passing_tds,1.6,0.36685584710355407,0.36685584710355407,0.26628830579289187
00-0036223,Jonathan Taylor,RB,IND,2026,4,2026,5,PIT,11/10,receiving_yards_rb,receiving_yds,19.6,0.3670614354643595,0.3670614354643595,0.265877129071281
00-0037005,Tommy Tremble,TE,CAR,2026,4,2026,6,PHI,18/10,period_1_2_receiving_yds,period_1_2_receiving_yds,13.2,0.3671668488817956,0.3671668488817956,0.26566630223640875
00-0039732,Bo Nix,QB,DEN,2026,18,2026,5,LAC,11/10,season_rush_yards,season_rush_yards,25.0,0.6327762419472558,0.6327762419472558,0.2655524838945116
00-0038685,Chris Brooks,RB,GB,2026,18,2026,5,CHI,11/10,season_rush_yards,season_rush_yards,70.0,0.3672558933302492,0.3672558933302492,0.26548821333950157
00-0038618,Xavier Hutchinson,WR,HOU,2026,18,2026,5,TEN,11/10,season_rec_tds,season_rec_tds,0.0,0.6326786476317625,0.6326786476317625,0.26535729526352503
00-0038134,Kenneth Walker III,RB,KC,2026,4,2026,6,LAC,18/10,receiving_yards_rb,receiving_yds,24.4,0.36741755325812797,0.36741755325812797,0.26516489348374406
00-0038559,Michael Wilson,WR,ARI,2026,4,2026,5,DET,11/10,receiving_yards,receiving_yds,75.8,0.36744797229766846,0.36744797229766846,0.2651040554046631
00-0040234,Quinn Ewers,QB,MIA,2025,18,2026,5,CIN,11/10,period_1_passing_yds,period_1_passing_yds,41.5,0.36751696395970357,0.36751696395970357,0.26496607208059286
00-0038476,Tommy DeVito,QB,NE,2026,3,2026,5,LV,11/10,period_1_passing_yds,period_1_passing_yds,0.0,0.3675174561325528,0.3675174561325528,0.26496508773489436
00-0041013,Emmett Johnson,RB,KC,2026,18,2026,6,LAC,18/10,season_receiving_yards,season_receiving_yards,74.0,0.367647591466232,0.367647591466232,0.264704817067536
00-0034829,Mike Gesicki,TE,CIN,2026,4,2026,5,MIA,11/10,period_1_2_receiving_yds,period_1_2_receiving_yds,20.0,0.36776787818780093,0.36776787818780093,0.26446424362439813
00-0039751,Jordan Whittington,WR,LA,2025,20,2026,5,BUF,12/10,receiving_yards,receiving_yds,19.0,0.367931067943573,0.367931067943573,0.264137864112854
00-0036945,Justin Fields,QB,NYJ,2025,11,2026,5,CLE,11/10,period_1_2_passing_tds,period_1_2_passing_tds,0.2,0.3679438579140306,0.3679438579140306,0.26411228417193877
00-0039376,Spencer Rattler,QB,NO,2025,15,2026,5,MIN,11/10,passing_tds,passing_tds,0.8,0.3679701348068102,0.3679701348068102,0.26405973038637964
00-0037240,Jameson Williams,WR,DET,2026,4,2026,5,ARI,11/10,receiving_yards,receiving_yds,70.2,0.36826491355895996,0.36826491355895996,0.2634701728820801
00-0023459,Aaron Rodgers,QB,PIT,2026,18,2026,5,IND,11/10,season_rush_yards,season_rush_yards,12.0,0.36842109772966436,0.36842109772966436,0.2631578045406713
00-0034975,Justice Hill,RB,BAL,2026,4,2026,5,ATL,11/10,period_1_2_receiving_yds,period_1_2_receiving_yds,3.0,0.36853380835640104,0.36853380835640104,0.2629323832871979
00-0037741,Jahan Dotson,WR,ATL,2026,18,2026,5,BAL,11/10,season_rec_tds,season_rec_tds,1.0,0.3685679111372591,0.3685679111372591,0.26286417772548176
00-0041042,Malachi Fields,WR,NYG,2026,4,2026,5,WAS,11/10,receiving_yards,receiving_yds,31.5,0.3685782253742218,0.3685782253742218,0.2628435492515564
00-0028118,Tyrod Taylor,QB,NYJ,2025,14,2026,5,CLE,11/10,period_1_2_passing_tds,period_1_2_passing_tds,0.2,0.36871483743936606,0.36871483743936606,0.2625703251212679
00-0039918,Caleb Williams,QB,CHI,2026,2,2026,5,GB,11/10,period_1_2_passing_tds,period_1_2_passing_tds,0.5,0.3687320301417867,0.3687320301417867,0.26253593971642664
00-0036900,Ja'Marr Chase,WR,CIN,2026,4,2026,5,MIA,11/10,receiving_yards,receiving_yds,85.0,0.3689732849597931,0.3689732849597931,0.2620534300804138
00-0037256,Rachaad White,RB,WAS,2026,3,2026,5,NYG,11/10,period_1_2_receiving_yds,period_1_2_receiving_yds,10.0,0.3691646746183681,0.3691646746183681,0.2616706507632638
00-0038976,Marvin Mims Jr.,WR,DEN,2026,4,2026,5,LAC,11/10,period_1_2_receiving_yds,period_1_2_receiving_yds,10.0,0.3691646746183681,0.3691646746183681,0.2616706507632638
00-0033908,Cooper Kupp,WR,SEA,2026,4,2026,5,SF,11/10,receiving_yards,receiving_yds,35.7,0.36926910281181335,0.36926910281181335,0.2614617943763733
00-0040666,Omarion Hampton,RB,LAC,2026,4,2026,5,DEN,11/10,rush_rec_tds,rush_rec_tds,0.5,0.3693103134612199,0.3693103134612199,0.2613793730775602
00-0033119,Jacoby Brissett,QB,ARI,2026,4,2026,5,DET,11/10,rushing_yards_qb,rushing_yds,13.1,0.369332494450278,0.369332494450278,0.261335011099444
00-0040598,Mark Redman,TE,GB,2026,4,2026,5,CHI,11/10,receptions,receptions,2.0,0.3693353533744812,0.3693353533744812,0.2613292932510376
00-0040667,Matthew Golden,WR,GB,2026,18,2026,5,CHI,11/10,season_rush_yards,season_rush_yards,6.0,0.36948534078417145,0.36948534078417145,0.2610293184316571
00-0040715,Cam Skattebo,RB,NYG,2026,18,2026,5,WAS,11/10,season_rec_tds,season_rec_tds,0.0,0.3695495166427363,0.3695495166427363,0.26090096671452745
00-0037741,Jahan Dotson,WR,ATL,2026,18,2026,5,BAL,11/10,season_receiving_yards,season_receiving_yards,95.0,0.6304059306113613,0.6304059306113613,0.2608118612227226
00-0032392,Austin Hooper,TE,ATL,2026,4,2026,5,BAL,11/10,period_1_2_receiving_yds,period_1_2_receiving_yds,6.7,0.36963179977160193,0.36963179977160193,0.26073640045679614
00-0037840,Kyren Williams,RB,LA,2026,4,2026,5,BUF,12/10,rushing_yards,rushing_yds,71.4,0.3696777820587158,0.3696777820587158,0.26064443588256836
00-0034960,Jakobi Meyers,WR,JAX,2026,4,2026,5,PHI,11/10,period_1_2_receiving_yds,period_1_2_receiving_yds,14.8,0.36975080200618854,0.36975080200618854,0.2604983959876229
00-0036422,Adam Trautman,TE,DEN,2026,4,2026,5,LAC,11/10,period_1_2_receiving_yds,period_1_2_receiving_yds,5.0,0.3698656456142904,0.3698656456142904,0.26026870877141917
00-0038824,Ryan Miller,WR,MIA,2026,3,2026,5,CIN,11/10,period_1_2_receiving_yds,period_1_2_receiving_yds,5.0,0.3698656456142904,0.3698656456142904,0.26026870877141917
00-0039391,Kimani Vidal,RB,LAC,2026,4,2026,5,DEN,11/10,receiving_yards_rb,receiving_yds,11.3,0.37017659690825483,0.37017659690825483,0.25964680618349034
00-0035264,Jarrett Stidham,QB,DEN,2025,21,2026,5,LAC,11/10,passing_tds,passing_tds,0.6,0.3701931283506734,0.3701931283506734,0.25961374329865317
00-0036309,Darnell Mooney,WR,NYG,2026,18,2026,5,WAS,11/10,season_rec_tds,season_rec_tds,0.0,0.37019907551103537,0.37019907551103537,0.25960184897792926
00-0036887,Luke Farrell,TE,SF,2026,3,2026,5,SEA,11/10,period_1_2_receiving_yds,period_1_2_receiving_yds,2.5,0.3702167666068821,0.3702167666068821,0.25956646678623585
00-0036646,Simi Fehoko,WR,LAC,2024,9,2026,5,DEN,11/10,period_1_2_receiving_yds,period_1_2_receiving_yds,10.2,0.3702787432988379,0.3702787432988379,0.25944251340232416
00-0037247,George Pickens,WR,DAL,2026,18,2026,5,TB,08/10,season_receiving_yards,season_receiving_yards,225.0,0.6296239513158569,0.6296239513158569,0.2592479026317138
00-0023459,Aaron Rodgers,QB,GB,2020,1,2026,5,CHI,11/10,rushing_yards_qb,rushing_yds,12.0,0.3705587844612303,0.3705587844612303,0.2588824310775394
00-0038573,Derius Davis,WR,LAC,2026,4,2026,5,DEN,11/10,period_1_2_receiving_yds,period_1_2_receiving_yds,0.0,0.3705683082798044,0.3705683082798044,0.25886338344039117
00-0038498,E.J. Jenkins,TE,PHI,2024,18,2026,5,JAX,11/10,period_1_2_receiving_yds,period_1_2_receiving_yds,0.0,0.3705683082798044,0.3705683082798044,0.25886338344039117
00-0033217,Mo Alie-Cox,TE,IND,2026,3,2026,5,PIT,11/10,period_1_2_receiving_yds,period_1_2_receiving_yds,0.0,0.3705683082798044,0.3705683082798044,0.25886338344039117
00-0039021,Roschon Johnson,RB,CHI,2026,4,2026,5,GB,11/10,period_1_2_receiving_yds,period_1_2_receiving_yds,0.0,0.3705683082798044,0.3705683082798044,0.25886338344039117
00-0039518,Treyton Welch,TE,NO,2026,4,2026,5,MIN,11/10,period_1_2_receiving_yds,period_1_2_receiving_yds,0.0,0.3705683082798044,0.3705683082798044,0.25886338344039117
00-0039050,Payne Durham,TE,TB,2026,3,2026,5,DAL,08/10,period_1_2_receiving_yds,period_1_2_receiving_yds,0.0,0.3705683082798044,0.3705683082798044,0.25886338344039117
00-0031484,Chris Manhertz,TE,NYG,2026,4,2026,5,WAS,11/10,period_1_2_receiving_yds,period_1_2_receiving_yds,0.0,0.3705683082798044,0.3705683082798044,0.25886338344039117
00-0039824,Jared Wiley,TE,KC,2025,13,2026,6,LAC,18/10,period_1_2_receiving_yds,period_1_2_receiving_yds,0.0,0.3705683082798044,0.3705683082798044,0.25886338344039117
00-0041132,Deion Burks,WR,IND,2026,4,2026,5,PIT,11/10,period_1_2_receiving_yds,period_1_2_receiving_yds,0.0,0.3705683082798044,0.3705683082798044,0.25886338344039117
00-0038643,Brayden Willis,TE,SF,2025,2,2026,5,SEA,11/10,period_1_2_receiving_yds,period_1_2_receiving_yds,0.0,0.3705683082798044,0.3705683082798044,0.25886338344039117
00-0038640,Jalen Brooks,WR,ARI,2026,3,2026,5,DET,11/10,period_1_2_receiving_yds,period_1_2_receiving_yds,0.0,0.3705683082798044,0.3705683082798044,0.25886338344039117
00-0038576,Charlie Jones,WR,CIN,2025,12,2026,5,MIA,11/10,period_1_2_receiving_yds,period_1_2_receiving_yds,0.0,0.3705683082798044,0.3705683082798044,0.25886338344039117
00-0037317,Nick Muse,TE,MIN,2023,18,2026,5,NO,11/10,period_1_2_receiving_yds,period_1_2_receiving_yds,0.0,0.3705683082798044,0.3705683082798044,0.25886338344039117
00-0034272,Marquez Valdes-Scantling,WR,LAC,2026,4,2026,5,DEN,11/10,period_1_2_receiving_yds,period_1_2_receiving_yds,0.0,0.3705683082798044,0.3705683082798044,0.25886338344039117
00-0037666,Jalen Tolbert,WR,MIA,2026,4,2026,5,CIN,11/10,period_1_2_receiving_yds,period_1_2_receiving_yds,0.0,0.3705683082798044,0.3705683082798044,0.25886338344039117
00-0037231,Kevin Austin Jr.,WR,NO,2026,2,2026,5,MIN,11/10,period_1_2_receiving_yds,period_1_2_receiving_yds,0.0,0.3705683082798044,0.3705683082798044,0.25886338344039117
00-0037524,Tay Martin,WR,WAS,2025,5,2026,5,NYG,11/10,period_1_2_receiving_yds,period_1_2_receiving_yds,0.0,0.3705683082798044,0.3705683082798044,0.25886338344039117
00-0040142,Kaleb Johnson,RB,GB,2026,4,2026,5,CHI,11/10,period_1_2_receiving_yds,period_1_2_receiving_yds,0.0,0.3705683082798044,0.3705683082798044,0.25886338344039117
00-0036429,Charlie Woerner,TE,ATL,2026,4,2026,5,BAL,11/10,period_1_2_receiving_yds,period_1_2_receiving_yds,0.0,0.3705683082798044,0.3705683082798044,0.25886338344039117
00-0040194,Jackson Hawes,TE,BUF,2026,3,2026,5,LA,12/10,period_1_2_receiving_yds,period_1_2_receiving_yds,0.0,0.3705683082798044,0.3705683082798044,0.25886338344039117
00-0040058,Nick Kallerup,TE,SEA,2025,10,2026,5,SF,11/10,period_1_2_receiving_yds,period_1_2_receiving_yds,0.0,0.3705683082798044,0.3705683082798044,0.25886338344039117
00-0036188,Antonio Williams,RB,BUF,2020,17,2026,5,LA,12/10,period_1_2_receiving_yds,period_1_2_receiving_yds,0.0,0.3705683082798044,0.3705683082798044,0.25886338344039117
00-0040739,Elijah Arroyo,TE,SEA,2026,2,2026,5,SF,11/10,period_1_2_receiving_yds,period_1_2_receiving_yds,0.0,0.3705683082798044,0.3705683082798044,0.25886338344039117
00-0040390,Jackson Meeks,WR,DET,2026,3,2026,5,ARI,11/10,period_1_2_receiving_yds,period_1_2_receiving_yds,0.0,0.3705683082798044,0.3705683082798044,0.25886338344039117
00-0040277,Jahdae Walker,WR,CHI,2026,1,2026,5,GB,11/10,period_1_2_receiving_yds,period_1_2_receiving_yds,0.0,0.3705683082798044,0.3705683082798044,0.25886338344039117
00-0040890,Cyrus Allen,WR,KC,2026,4,2026,6,LAC,18/10,period_1_2_receiving_yds,period_1_2_receiving_yds,0.0,0.3705683082798044,0.3705683082798044,0.25886338344039117
00-0041041,Oscar Delp,TE,NO,2026,2,2026,5,MIN,11/10,period_1_2_receiving_yds,period_1_2_receiving_yds,0.0,0.3705683082798044,0.3705683082798044,0.25886338344039117
00-0032104,Ameer Abdullah,RB,JAX,2026,3,2026,5,PHI,11/10,period_1_2_receiving_yds,period_1_2_receiving_yds,0.0,0.3705683082798044,0.3705683082798044,0.25886338344039117
00-0031236,Brandin Cooks,WR,SF,2026,4,2026,5,SEA,11/10,period_1_2_receiving_yds,period_1_2_receiving_yds,0.0,0.3705683082798044,0.3705683082798044,0.25886338344039117
00-0033757,Robert Tonyan,TE,PIT,2026,3,2026,5,IND,11/10,period_1_2_receiving_yds,period_1_2_receiving_yds,0.0,0.3705683082798044,0.3705683082798044,0.25886338344039117
00-0040730,RJ Harvey,RB,DEN,2026,4,2026,5,LAC,11/10,period_1_2_rushing_yds,period_1_2_rushing_yds,9.7,0.3706039813571069,0.3706039813571069,0.25879203728578615
00-0040208,Tahj Brooks,RB,CIN,2025,9,2026,5,MIA,11/10,rushing_yards,rushing_yds,9.0,0.6292185187339783,0.6292185187339783,0.25843703746795654
00-0041194,Jack Strand,QB,ATL,2026,2,2026,5,BAL,11/10,period_1_2_passing_yds,period_1_2_passing_yds,0.0,0.6292116329915163,0.6292116329915163,0.25842326598303256
00-0034577,Kyle Allen,QB,DET,2025,10,2026,5,ARI,11/10,passing_tds,passing_tds,0.4,0.3708116392288177,0.3708116392288177,0.2583767215423646
00-0039851,Drake Maye,QB,NE,2026,4,2026,5,LV,11/10,passing_yards,passing_yds,236.9,0.37100808731779206,0.37100808731779206,0.2579838253644159
00-0040584,Gunnar Helm,TE,TEN,2026,4,2026,5,HOU,11/10,receptions,receptions,2.9,0.37124794721603394,0.37124794721603394,0.25750410556793213
00-0038505,Tavius Robinson,LB,BAL,2025,18,2026,5,ATL,11/10,sacks,sacks,0.4,0.3712784945964813,0.3712784945964813,0.25744301080703735
00-0035640,DK Metcalf,WR,PIT,2026,18,2026,5,IND,11/10,season_receiving_yards,season_receiving_yards,213.0,0.6285745422965371,0.6285745422965371,0.2571490845930742
00-0039849,Marvin Harrison Jr.,WR,ARI,2026,18,2026,5,DET,11/10,season_rec_tds,season_rec_tds,1.0,0.371445783835555,0.371445783835555,0.25710843232889
00-0041326,CJ Donaldson,RB,NO,2026,4,2026,5,MIN,11/10,period_1_2_receiving_yds,period_1_2_receiving_yds,-0.5,0.371464154171683,0.371464154171683,0.257071691656634
00-0038102,Kenny Pickett,QB,CAR,2026,2,2026,6,PHI,18/10,period_1_2_passing_yds,period_1_2_passing_yds,0.0,0.3716223913844645,0.3716223913844645,0.256755217231071
00-0040177,Jordan James,RB,SF,2026,2,2026,5,SEA,11/10,period_1_rushing_yds,period_1_rushing_yds,0.0,0.37174864564331583,0.37174864564331583,0.25650270871336833
00-0039021,Roschon Johnson,RB,CHI,2026,4,2026,5,GB,11/10,period_1_rushing_yds,period_1_rushing_yds,0.0,0.37174864564331583,0.37174864564331583,0.25650270871336833
00-0035228,Kyler Murray,QB,MIN,2026,4,2026,5,NO,11/10,passing_yards,passing_yds,215.9,0.3718324247068424,0.3718324247068424,0.2563351505863152
00-0036407,Jerry Jeudy,WR,CLE,2026,4,2026,5,NYJ,11/10,receiving_yards,receiving_yds,30.1,0.3721421957015991,0.3721421957015991,0.25571560859680176
00-0033288,George Kittle,TE,SF,2026,4,2026,5,SEA,11/10,receptions,receptions,4.6,0.372279554605484,0.372279554605484,0.255440890789032
00-0038685,Chris Brooks,RB,GB,2026,4,2026,5,CHI,11/10,period_1_2_receiving_yds,period_1_2_receiving_yds,1.2,0.37232764117734163,0.37232764117734163,0.25534471764531674
00-0032951,Laquon Treadwell,WR,IND,2026,4,2026,5,PIT,11/10,receptions,receptions,3.0,0.3723944127559662,0.3723944127559662,0.2552111744880676
00-0038621,DeMario Douglas,WR,NE,2026,18,2026,5,LV,11/10,season_rush_yards,season_rush_yards,0.0,0.6275354300482714,0.6275354300482714,0.2550708600965428
00-0040676,Cam Ward,QB,TEN,2026,4,2026,5,HOU,11/10,period_1_2_passing_yds,period_1_2_passing_yds,67.8,0.6273492262969212,0.6273492262969212,0.2546984525938425
00-0040676,Cam Ward,QB,TEN,2026,4,2026,5,HOU,11/10,period_1_passing_yds,period_1_passing_yds,22.5,0.6272921734750032,0.6272921734750032,0.2545843469500064
00-0040242,Jacory Croskey-Merritt,RB,WAS,2026,18,2026,5,NYG,11/10,season_rush_tds,season_rush_tds,1.0,0.3727139270181621,0.3727139270181621,0.25457214596367583
00-0041027,Jeremiyah Love,RB,ARI,2026,4,2026,5,DET,11/10,rush_rec_tds,rush_rec_tds,0.5,0.3729426422258822,0.3729426422258822,0.2541147155482356
00-0036333,Alex Highsmith,LB,PIT,2025,19,2026,5,IND,11/10,sacks,sacks,0.7,0.3731108605861664,0.3731108605861664,0.25377827882766724
00-0033376,Patrick Ricard,RB,NYG,2026,4,2026,5,WAS,11/10,period_1_2_rushing_yds,period_1_2_rushing_yds,0.0,0.37315793483169485,0.37315793483169485,0.2536841303366103
00-0041436,DJ Herman,RB,MIA,2026,2,2026,5,CIN,11/10,period_1_2_rushing_yds,period_1_2_rushing_yds,0.0,0.37315793483169485,0.37315793483169485,0.2536841303366103
00-0040078,Brashard Smith,RB,KC,2026,3,2026,6,LAC,18/10,period_1_2_rushing_yds,period_1_2_rushing_yds,0.0,0.37315793483169485,0.37315793483169485,0.2536841303366103
00-0040238,LeQuint Allen Jr.,RB,JAX,2026,3,2026,5,PHI,11/10,period_1_2_rushing_yds,period_1_2_rushing_yds,0.0,0.37315793483169485,0.37315793483169485,0.2536841303366103
00-0036187,Reggie Gilliam,RB,NE,2026,2,2026,5,LV,11/10,period_1_2_rushing_yds,period_1_2_rushing_yds,0.0,0.37315793483169485,0.37315793483169485,0.2536841303366103
00-0038488,Brady Russell,RB,SEA,2026,3,2026,5,SF,11/10,period_1_2_rushing_yds,period_1_2_rushing_yds,0.0,0.37315793483169485,0.37315793483169485,0.2536841303366103
00-0040131,Kyle Williams,WR,NE,2026,4,2026,5,LV,11/10,receptions,receptions,0.8,0.6264879107475281,0.6264879107475281,0.25297582149505615
00-0027973,Andy Dalton,QB,CIN,2016,13,2026,5,MIA,11/10,rushing_yards_qb,rushing_yds,13.2,0.3736720697067065,0.3736720697067065,0.25265586058658696
00-0040138,Jaylin Noel,WR,HOU,2026,18,2026,5,TEN,11/10,season_rec_tds,season_rec_tds,0.0,0.626248947983432,0.626248947983432,0.252497895966864
00-0038558,Darnell Washington,TE,PIT,2026,18,2026,5,IND,11/10,season_rec_tds,season_rec_tds,1.0,0.3739520716400761,0.3739520716400761,0.2520958567198478
00-0036407,Jerry Jeudy,WR,CLE,2026,4,2026,5,NYJ,11/10,receptions,receptions,2.6,0.37399759888648987,0.37399759888648987,0.25200480222702026
00-0031610,Darren Waller,TE,CAR,2026,18,2026,6,PHI,18/10,season_receiving_yards,season_receiving_yards,148.0,0.3740390869759608,0.3740390869759608,0.25192182604807845
00-0038041,Jake Ferguson,TE,DAL,2026,4,2026,5,TB,08/10,receptions,receptions,3.3,0.37421128153800964,0.37421128153800964,0.2515774369239807
00-0038797,Emanuel Wilson,RB,SEA,2026,4,2026,5,SF,11/10,period_1_2_rushing_yds,period_1_2_rushing_yds,20.0,0.6257609610460536,0.6257609610460536,0.2515219220921072
00-0033921,Chris Godwin Jr.,WR,TB,2026,4,2026,5,DAL,08/10,receptions,receptions,4.5,0.37464532256126404,0.37464532256126404,0.2507093548774719
00-0032764,Derrick Henry,RB,BAL,2026,18,2026,5,ATL,11/10,season_rush_tds,season_rush_tds,7.0,0.37466546621788543,0.37466546621788543,0.25066906756422913
00-0036963,Amon-Ra St. Brown,WR,DET,2026,18,2026,5,ARI,11/10,season_rush_yards,season_rush_yards,0.0,0.6252121271286504,0.6252121271286504,0.25042425425730075
00-0040563,Efton Chism III,WR,NE,2025,17,2026,5,LV,11/10,receptions,receptions,2.0,0.3749103546142578,0.3749103546142578,0.2501792907714844
00-0040078,Brashard Smith,RB,KC,2025,11,2026,6,LAC,18/10,rushing_yards,rushing_yds,9.1,0.37509825825691223,0.37509825825691223,0.24980348348617554
00-0033921,Chris Godwin Jr.,WR,TB,2026,4,2026,5,DAL,08/10,period_1_2_receiving_yds,period_1_2_receiving_yds,16.2,0.3753294676445085,0.3753294676445085,0.24934106471098305
00-0040398,Brady Cook,QB,NYJ,2025,15,2026,5,CLE,11/10,rushing_yards_qb,rushing_yds,19.5,0.37550653525105177,0.37550653525105177,0.24898692949789647
00-0036410,Tee Higgins,WR,CIN,2026,18,2026,5,MIA,11/10,season_receiving_yards,season_receiving_yards,401.0,0.6243748072084221,0.6243748072084221,0.24874961441684418
00-0033307,Kendrick Bourne,WR,ARI,2026,3,2026,5,DET,11/10,period_1_2_receiving_yds,period_1_2_receiving_yds,17.7,0.37570665579134477,0.37570665579134477,0.24858668841731046
00-0036265,AJ Dillon,RB,CAR,2026,4,2026,6,PHI,18/10,period_1_rushing_yds,period_1_rushing_yds,0.0,0.3758655902973148,0.3758655902973148,0.24826881940537038
00-0033090,Hunter Henry,TE,NE,2026,4,2026,5,LV,11/10,receptions,receptions,3.2,0.3759380280971527,0.3759380280971527,0.24812394380569458
00-0039751,Jordan Whittington,WR,LA,2026,4,2026,5,BUF,12/10,period_1_2_receiving_yds,period_1_2_receiving_yds,2.0,0.37600478079618804,0.37600478079618804,0.24799043840762391
00-0040189,Oronde Gadsden II,TE,LAC,2026,4,2026,5,DEN,11/10,receiving_yards,receiving_yds,39.8,0.37604138255119324,0.37604138255119324,0.24791723489761353
00-0037545,Rashid Shaheed,WR,SEA,2026,4,2026,5,SF,11/10,period_1_2_receiving_yds,period_1_2_receiving_yds,14.0,0.3760752329964703,0.3760752329964703,0.24784953400705945
00-0035208,Olamide Zaccheaus,WR,ATL,2026,4,2026,5,BAL,11/10,period_1_2_receiving_yds,period_1_2_receiving_yds,3.5,0.3764389800208501,0.3764389800208501,0.24712203995829984
00-0032764,Derrick Henry,RB,BAL,2026,4,2026,5,ATL,11/10,rush_rec_tds,rush_rec_tds,0.5,0.6233981636648912,0.6233981636648912,0.2467963273297824
00-0039746,Will Shipley,RB,PHI,2025,16,2026,5,JAX,11/10,rushing_yards,rushing_yds,13.6,0.3766199052333832,0.3766199052333832,0.24676018953323364
00-0037261,Khalil Shakir,WR,BUF,2026,18,2026,5,LA,12/10,season_rush_yards,season_rush_yards,0.0,0.6233679244559149,0.6233679244559149,0.24673584891182987
00-0038640,Jalen Brooks,WR,ARI,2026,3,2026,5,DET,11/10,receptions,receptions,1.0,0.6233065128326416,0.6233065128326416,0.2466130256652832
00-0039424,Devaughn Vele,WR,NO,2026,18,2026,5,MIN,11/10,season_rush_yards,season_rush_yards,0.0,0.623177418358415,0.623177418358415,0.24635483671683
00-0040784,Quinshon Judkins,RB,CLE,2026,4,2026,5,NYJ,11/10,rush_rec_tds,rush_rec_tds,0.5,0.37685012399615303,0.37685012399615303,0.24629975200769394
00-0031565,Danielle Hunter,DE,HOU,2025,20,2026,5,TEN,11/10,sacks,sacks,0.9,0.37685683369636536,0.37685683369636536,0.2462863326072693
00-0038547,Luke Schoonmaker,TE,DAL,2025,14,2026,5,TB,08/10,receiving_yards,receiving_yds,12.8,0.3768855035305023,0.3768855035305023,0.24622899293899536
00-0040715,Cam Skattebo,RB,NYG,2026,4,2026,5,WAS,11/10,period_1_rushing_yds,period_1_rushing_yds,10.5,0.6230330507348144,0.6230330507348144,0.24606610146962882
00-0038542,Bijan Robinson,RB,ATL,2026,4,2026,5,BAL,11/10,rush_rec_tds,rush_rec_tds,0.5,0.6229926782574968,0.6229926782574968,0.24598535651499365
00-0037240,Jameson Williams,WR,DET,2026,18,2026,5,ARI,11/10,season_receiving_yards,season_receiving_yards,229.0,0.6226817316033177,0.6226817316033177,0.2453634632066355
00-0038454,Keaton Mitchell,RB,LAC,2026,4,2026,5,DEN,11/10,period_1_2_rushing_yds,period_1_2_rushing_yds,17.2,0.3773551054639894,0.3773551054639894,0.24528978907202115
00-0026158,Joe Flacco,QB,CIN,2025,18,2026,5,MIA,11/10,period_1_passing_yds,period_1_passing_yds,26.4,0.3774629536587036,0.3774629536587036,0.24507409268259284
00-0037228,Jaylen Warren,RB,PIT,2026,4,2026,5,IND,11/10,period_1_2_rushing_yds,period_1_2_rushing_yds,35.0,0.3775705506576785,0.3775705506576785,0.24485889868464294
00-0040198,Ollie Gordon II,RB,MIA,2026,4,2026,5,CIN,11/10,period_1_rushing_yds,period_1_rushing_yds,9.3,0.3777162788302407,0.3777162788302407,0.24456744233951855
00-0038608,Kayshon Boutte,WR,HOU,2026,18,2026,5,TEN,11/10,season_rush_yards,season_rush_yards,0.0,0.6222125587485191,0.6222125587485191,0.2444251174970382
00-0039737,Tip Reiman,TE,ARI,2025,5,2026,5,DET,11/10,period_1_2_receiving_yds,period_1_2_receiving_yds,2.7,0.3778240531520318,0.3778240531520318,0.24435189369593635
00-0037085,Tyler Badie,RB,DEN,2025,21,2026,5,LAC,11/10,receiving_yards_rb,receiving_yds,9.2,0.37792052587255187,0.37792052587255187,0.24415894825489626
00-0038994,Jordan Addison,WR,MIN,2026,4,2026,5,NO,11/10,receptions,receptions,2.8,0.6220386028289795,0.6220386028289795,0.24407720565795898
00-0041040,Antonio Williams,WR,WAS,2026,4,2026,5,NYG,11/10,receptions,receptions,3.0,0.37801992893218994,0.37801992893218994,0.24396014213562012
00-0038621,DeMario Douglas,WR,NE,2026,4,2026,5,LV,11/10,period_1_2_receiving_yds,period_1_2_receiving_yds,14.2,0.3780519764139453,0.3780519764139453,0.24389604717210944
00-0038579,Aidan O'Connell,QB,LV,2023,4,2026,5,NE,11/10,rush_rec_tds_qb,rush_rec_tds,0.5,0.378072273011472,0.378072273011472,0.243855453977056
00-0036900,Ja'Marr Chase,WR,CIN,2026,4,2026,5,MIA,11/10,period_1_receiving_yds,period_1_receiving_yds,13.2,0.3781038374717833,0.35424531067343457,0.24379232505643345
00-0036875,Rhamondre Stevenson,RB,NE,2026,4,2026,5,LV,11/10,period_1_receiving_yds,period_1_receiving_yds,1.2,0.3781038374717833,0.35293061149338834,0.24379232505643345
00-0037238,Drake London,WR,ATL,2026,4,2026,5,BAL,11/10,period_1_receiving_yds,period_1_receiving_yds,10.0,0.3781038374717833,0.35644261986751935,0.24379232505643345
00-0040128,Tyler Warren,TE,IND,2026,4,2026,5,PIT,11/10,period_1_receiving_yds,period_1_receiving_yds,11.2,0.3781038374717833,0.3628419238791952,0.24379232505643345
00-0040124,Tetairoa McMillan,WR,CAR,2026,4,2026,6,PHI,18/10,period_1_receiving_yds,period_1_receiving_yds,22.8,0.3781038374717833,0.3602910188799365,0.24379232505643345
00-0040590,Konata Mumpfield,WR,LA,2026,4,2026,5,BUF,12/10,period_1_receiving_yds,period_1_receiving_yds,0.0,0.3781038374717833,0.35243732769720204,0.24379232505643345
00-0038544,Quentin Johnston,WR,LAC,2026,4,2026,5,DEN,11/10,period_1_receiving_yds,period_1_receiving_yds,3.2,0.3781038374717833,0.35389267634142507,0.24379232505643345
00-0033293,Aaron Jones,RB,MIN,2026,4,2026,5,NO,11/10,period_1_receiving_yds,period_1_receiving_yds,0.0,0.3781038374717833,0.36761023013924576,0.24379232505643345
00-0033288,George Kittle,TE,SF,2026,4,2026,5,SEA,11/10,period_1_receiving_yds,period_1_receiving_yds,6.8,0.3781038374717833,0.35183747089188006,0.24379232505643345
00-0038728,Jared Wayne,WR,HOU,2026,3,2026,5,TEN,11/10,period_1_receiving_yds,period_1_receiving_yds,0.0,0.3781038374717833,0.36677797986303434,0.24379232505643345
00-0035544,Tom Kennedy,WR,DET,2025,13,2026,5,ARI,11/10,period_1_receiving_yds,period_1_receiving_yds,0.0,0.3781038374717833,0.36677797986303434,0.24379232505643345
00-0040784,Quinshon Judkins,RB,CLE,2026,4,2026,5,NYJ,11/10,period_1_receiving_yds,period_1_receiving_yds,1.2,0.3781038374717833,0.3589293338747922,0.24379232505643345
00-0037132,Britain Covey,WR,PHI,2025,18,2026,5,JAX,11/10,period_1_receiving_yds,period_1_receiving_yds,0.0,0.3781038374717833,0.36677797986303434,0.24379232505643345
00-0040129,Emeka Egbuka,WR,TB,2026,4,2026,5,DAL,08/10,period_1_receiving_yds,period_1_receiving_yds,7.8,0.3781038374717833,0.3602334129533883,0.24379232505643345
00-0038041,Jake Ferguson,TE,DAL,2026,4,2026,5,TB,08/10,period_1_receiving_yds,period_1_receiving_yds,0.5,0.3781038374717833,0.3549136547055189,0.24379232505643345
00-0033921,Chris Godwin Jr.,WR,TB,2026,4,2026,5,DAL,08/10,period_1_receiving_yds,period_1_receiving_yds,2.2,0.3781038374717833,0.3629156752719307,0.24379232505643345
00-0041489,Germie Bernard,WR,PIT,2026,4,2026,5,IND,11/10,period_1_receiving_yds,period_1_receiving_yds,0.0,0.3781038374717833,0.3483810807282924,0.24379232505643345
00-0040663,Harold Fannin Jr.,TE,CLE,2026,4,2026,5,NYJ,11/10,period_1_receiving_yds,period_1_receiving_yds,8.5,0.3781038374717833,0.35347762118991105,0.24379232505643345
00-0039793,AJ Barner,TE,SEA,2026,18,2026,5,SF,11/10,season_rush_yards,season_rush_yards,1.0,0.6217932036085045,0.6217932036085045,0.24358640721700908
00-0039915,Ladd McConkey,WR,LAC,2026,4,2026,5,DEN,11/10,receptions,receptions,3.8,0.3783229887485504,0.3783229887485504,0.24335402250289917
00-0039923,J.J. McCarthy,QB,MIN,2025,18,2026,5,NO,11/10,passing_tds,passing_tds,1.1,0.3783526213923205,0.3783526213923205,0.24329475721535898
00-0033662,Cooper Rush,QB,ATL,2026,2,2026,5,BAL,11/10,passing_tds,passing_tds,0.8,0.37870139751484627,0.37870139751484627,0.24259720497030746
00-0033881,Evan Engram,TE,DEN,2026,18,2026,5,LAC,11/10,season_rush_yards,season_rush_yards,0.0,0.6212813344340866,0.6212813344340866,0.24256266886817324
00-0039356,Ja'Tavion Sanders,TE,CAR,2025,16,2026,6,PHI,18/10,period_1_2_receiving_yds,period_1_2_receiving_yds,7.3,0.37878074243742665,0.37878074243742665,0.2424385151251467
00-0040666,Omarion Hampton,RB,LAC,2026,18,2026,5,DEN,11/10,season_rec_tds,season_rec_tds,0.0,0.37880325040935225,0.37880325040935225,0.2423934991812955
00-0038705,Emari Demercado,RB,DAL,2026,2,2026,5,TB,08/10,period_1_2_rushing_yds,period_1_2_rushing_yds,5.5,0.3792417651356039,0.3792417651356039,0.24151646972879215
00-0036555,Chuba Hubbard,RB,CAR,2026,4,2026,6,PHI,18/10,rush_rec_tds,rush_rec_tds,0.5,0.37931173966922194,0.37931173966922194,0.24137652066155613
00-0039798,Isaiah Davis,RB,NYJ,2025,17,2026,5,CLE,11/10,period_1_2_receiving_yds,period_1_2_receiving_yds,4.4,0.37932638918240874,0.37932638918240874,0.24134722163518252
00-0040237,Tez Johnson,WR,TB,2026,4,2026,5,DAL,08/10,period_1_2_receiving_yds,period_1_2_receiving_yds,6.2,0.37939967316558537,0.37939967316558537,0.24120065366882926
00-0037834,Brock Purdy,QB,SF,2026,4,2026,5,SEA,11/10,passing_yards,passing_yds,247.1,0.3794152455608008,0.3794152455608008,0.2411695088783984
00-0033662,Cooper Rush,QB,ATL,2026,2,2026,5,BAL,11/10,period_1_2_passing_yds,period_1_2_passing_yds,79.5,0.3794830962828868,0.3794830962828868,0.24103380743422642
00-0034975,Justice Hill,RB,BAL,2026,18,2026,5,ATL,11/10,season_rush_yards,season_rush_yards,60.0,0.3794852116150199,0.3794852116150199,0.24102957676996017
00-0034365,Ian Thomas,TE,CAR,2023,12,2026,6,PHI,18/10,receiving_yards,receiving_yds,11.8,0.3794986307621002,0.3794986307621002,0.24100273847579956
00-0039139,Jahmyr Gibbs,RB,DET,2026,4,2026,5,ARI,11/10,receiving_yards_rb,receiving_yds,43.2,0.3796389524486862,0.3796389524486862,0.24072209510262765
00-0039874,Jaylen Wright,RB,MIA,2026,4,2026,5,CIN,11/10,rushing_yards,rushing_yds,21.2,0.3801029920578003,0.3801029920578003,0.23979401588439941
00-0039164,Anthony Richardson,QB,IND,2025,5,2026,5,PIT,11/10,period_1_2_passing_yds,period_1_2_passing_yds,0.0,0.38014241793385106,0.38014241793385106,0.23971516413229788
00-0040668,Shedeur Sanders,QB,CLE,2026,3,2026,5,NYJ,11/10,period_1_2_passing_yds,period_1_2_passing_yds,0.0,0.38014241793385106,0.38014241793385106,0.23971516413229788
00-0034577,Kyle Allen,QB,DET,2025,10,2026,5,ARI,11/10,period_1_2_passing_yds,period_1_2_passing_yds,0.0,0.38014241793385106,0.38014241793385106,0.23971516413229788
00-0034771,Mason Rudolph,QB,PIT,2026,2,2026,5,IND,11/10,period_1_2_passing_yds,period_1_2_passing_yds,0.0,0.38014241793385106,0.38014241793385106,0.23971516413229788
00-0027973,Andy Dalton,QB,PHI,2026,3,2026,5,JAX,11/10,period_1_2_passing_yds,period_1_2_passing_yds,0.0,0.38014241793385106,0.38014241793385106,0.23971516413229788
00-0034857,Josh Allen,QB,BUF,2026,4,2026,5,LA,12/10,passing_ints,passing_ints,0.7,0.38016355105003297,0.38016355105003297,0.23967289789993407
00-0038728,Jared Wayne,WR,HOU,2026,3,2026,5,TEN,11/10,receptions,receptions,1.2,0.6197912693023682,0.6197912693023682,0.23958253860473633
00-0040719,Bhayshul Tuten,RB,JAX,2026,4,2026,5,PHI,11/10,period_1_2_rushing_yds,period_1_2_rushing_yds,35.0,0.38024482965609635,0.38024482965609635,0.2395103406878073
00-0033246,Johnny Mundt,TE,JAX,2025,3,2026,5,PHI,11/10,receptions,receptions,1.4,0.3802548348903656,0.3802548348903656,0.2394903302192688
00-0036894,Pat Freiermuth,TE,PIT,2026,4,2026,5,IND,11/10,receptions,receptions,3.0,0.38046887516975403,0.38046887516975403,0.23906224966049194
00-0038090,Skyy Moore,WR,GB,2026,18,2026,5,CHI,11/10,season_rec_tds,season_rec_tds,0.0,0.3808805887931407,0.3808805887931407,0.23823882241371863
00-0041117,Athan Kaliakmanis,QB,WAS,2026,4,2026,5,NYG,11/10,rushing_yards_qb,rushing_yds,16.0,0.3809187480571346,0.3809187480571346,0.2381625038857308
00-0039041,Elijah Higgins,TE,ARI,2026,4,2026,5,DET,11/10,period_1_2_receiving_yds,period_1_2_receiving_yds,6.5,0.38111794396885257,0.38111794396885257,0.23776411206229486
00-0035631,Drew Sample,TE,CIN,2026,3,2026,5,MIA,11/10,period_1_2_receiving_yds,period_1_2_receiving_yds,6.5,0.38111794396885257,0.38111794396885257,0.23776411206229486
00-0035228,Kyler Murray,QB,MIN,2026,4,2026,5,NO,11/10,passing_tds,passing_tds,1.1,0.3812263588183608,0.3812263588183608,0.23754728236327838
00-0034973,Maxx Crosby,DE,LV,2025,16,2026,5,NE,11/10,sacks,sacks,0.7,0.38131335377693176,0.38131335377693176,0.23737329244613647
00-0034960,Jakobi Meyers,WR,JAX,2026,4,2026,5,PHI,11/10,receiving_yards,receiving_yds,45.1,0.3814629316329956,0.3814629316329956,0.2370741367340088
00-0040598,Mark Redman,TE,GB,2026,4,2026,5,CHI,11/10,period_1_2_receiving_yds,period_1_2_receiving_yds,4.0,0.38147299769729726,0.38147299769729726,0.2370540046054055
00-0040187,Mitchell Evans,TE,CAR,2026,4,2026,6,PHI,18/10,period_1_2_receiving_yds,period_1_2_receiving_yds,2.8,0.38147328912280765,0.38147328912280765,0.2370534217543847
00-0039376,Spencer Rattler,QB,NO,2025,15,2026,5,MIN,11/10,passing_ints,passing_ints,0.6,0.3815536652590357,0.3815536652590357,0.23689266948192855
00-0035719,Deebo Samuel Sr.,WR,SF,2026,4,2026,5,SEA,11/10,receiving_yards,receiving_yds,44.2,0.3815762400627136,0.3815762400627136,0.23684751987457275
00-0036997,Javonte Williams,RB,DAL,2026,4,2026,5,TB,08/10,rushing_yards,rushing_yds,70.0,0.3816424310207367,0.3816424310207367,0.2367151379585266
00-0036244,Colby Parkinson,TE,LA,2026,3,2026,5,BUF,12/10,period_1_2_receiving_yds,period_1_2_receiving_yds,2.3,0.38170991646246644,0.38170991646246644,0.23658016707506713
00-0039746,Will Shipley,RB,PHI,2026,4,2026,5,JAX,11/10,period_1_2_receiving_yds,period_1_2_receiving_yds,1.5,0.38173932667580274,0.38173932667580274,0.23652134664839453
00-0041032,Kenyon Sadiq,TE,NYJ,2026,4,2026,5,CLE,11/10,receiving_yards,receiving_yds,35.8,0.3817414343357086,0.3817414343357086,0.23651713132858276
00-0038519,Nikko Remigio,WR,KC,2025,3,2026,6,LAC,18/10,receiving_yards,receiving_yds,23.0,0.3819356858730316,0.3819356858730316,0.23612862825393677
00-0032950,Carson Wentz,QB,MIN,2026,2,2026,5,NO,11/10,rushing_yards_qb,rushing_yds,10.6,0.38201848430234464,0.38201848430234464,0.23596303139531072
00-0039359,Cade Stover,TE,HOU,2026,4,2026,5,TEN,11/10,period_1_2_receiving_yds,period_1_2_receiving_yds,-1.0,0.3821842699090227,0.3821842699090227,0.23563146018195458
00-0033555,Mack Hollins,WR,NE,2026,18,2026,5,LV,11/10,season_rec_tds,season_rec_tds,0.0,0.6176481586162985,0.6176481586162985,0.23529631723259703
00-0036997,Javonte Williams,RB,DAL,2026,18,2026,5,TB,08/10,season_receiving_yards,season_receiving_yards,77.0,0.6175583034804178,0.6175583034804178,0.2351166069608357
00-0036040,Juwan Johnson,TE,NO,2026,4,2026,5,MIN,11/10,receiving_yards,receiving_yds,56.2,0.38246336579322815,0.38246336579322815,0.2350732684135437
00-0039796,Rasheen Ali,RB,BAL,2025,18,2026,5,ATL,11/10,period_1_2_rushing_yds,period_1_2_rushing_yds,0.6,0.3824846949456666,0.3824846949456666,0.23503061010866677
00-0035689,Dawson Knox,TE,BUF,2026,18,2026,5,LA,12/10,season_rush_yards,season_rush_yards,0.0,0.6173950533736664,0.6173950533736664,0.2347901067473328
00-0033293,Aaron Jones,RB,MIN,2026,4,2026,5,NO,11/10,rush_rec_tds,rush_rec_tds,0.5,0.382722083459906,0.382722083459906,0.23455583308018801
00-0037263,Tyler Allgeier,RB,ARI,2026,4,2026,5,DET,11/10,period_1_2_receiving_yds,period_1_2_receiving_yds,6.5,0.38280772360391696,0.38280772360391696,0.23438455279216608
00-0038551,Kendre Miller,RB,NO,2026,4,2026,5,MIN,11/10,rushing_yards,rushing_yds,24.6,0.3828546404838562,0.3828546404838562,0.2342907190322876
00-0035264,Jarrett Stidham,QB,DEN,2025,21,2026,5,LAC,11/10,period_1_2_passing_yds,period_1_2_passing_yds,61.5,0.3828598510102439,0.3828598510102439,0.23428029797951222
00-0036275,D'Andre Swift,RB,CHI,2026,4,2026,5,GB,11/10,rushing_yards,rushing_yds,69.3,0.3832447826862335,0.3832447826862335,0.23351043462753296
00-0036555,Chuba Hubbard,RB,CAR,2026,4,2026,6,PHI,18/10,receiving_yards_rb,receiving_yds,14.1,0.3832920396827907,0.3832920396827907,0.23341592063441863
00-0028118,Tyrod Taylor,QB,NYJ,2025,14,2026,5,CLE,11/10,rushing_yards_qb,rushing_yds,21.9,0.38334109622392987,0.38334109622392987,0.23331780755214027
00-0038041,Jake Ferguson,TE,DAL,2026,18,2026,5,TB,08/10,season_receiving_yards,season_receiving_yards,83.0,0.6166570144755069,0.6166570144755069,0.23331402895101383
00-0036893,Najee Harris,RB,NYG,2026,4,2026,5,WAS,11/10,period_1_rushing_yds,period_1_rushing_yds,5.7,0.3838321456090884,0.3838321456090884,0.2323357087818232
00-0034869,Sam Darnold,QB,SEA,2025,4,2026,5,SF,11/10,rushing_yards_qb,rushing_yds,10.6,0.38394170258446714,0.38394170258446714,0.23211659483106573
00-0038542,Bijan Robinson,RB,ATL,2026,4,2026,5,BAL,11/10,rushing_yards,rushing_yds,93.0,0.3842378854751587,0.3842378854751587,0.23152422904968262
00-0039337,Malik Nabers,WR,NYG,2026,4,2026,5,WAS,11/10,receiving_yards,receiving_yds,70.4,0.3845370411872864,0.3845370411872864,0.23092591762542725
00-0034348,Courtland Sutton,WR,DEN,2026,18,2026,5,LAC,11/10,season_rush_yards,season_rush_yards,0.0,0.6153774952842368,0.6153774952842368,0.2307549905684736
00-0039793,AJ Barner,TE,SEA,2026,18,2026,5,SF,11/10,season_receiving_yards,season_receiving_yards,102.0,0.6153147273742212,0.6153147273742212,0.23062945474844243
00-0036919,Kenny Gainwell,RB,TB,2026,4,2026,5,DAL,08/10,period_1_2_rushing_yds,period_1_2_rushing_yds,6.0,0.384754086147049,0.384754086147049,0.23049182770590204
00-0036275,D'Andre Swift,RB,CHI,2026,18,2026,5,GB,11/10,season_rec_tds,season_rec_tds,0.0,0.3850279244884448,0.3850279244884448,0.2299441510231104
00-0034857,Josh Allen,QB,BUF,2026,4,2026,5,LA,12/10,passing_tds,passing_tds,1.5,0.3851208190950539,0.3851208190950539,0.22975836180989218
00-0036252,Michael Pittman,WR,PIT,2026,4,2026,5,IND,11/10,receiving_yards,receiving_yds,40.5,0.3851352035999298,0.3851352035999298,0.22972959280014038
00-0026164,Chris Johnson,RB,ARI,2017,5,2026,5,DET,11/10,period_1_2_receiving_yds,period_1_2_receiving_yds,2.0,0.38528721970000285,0.38528721970000285,0.2294255605999943
00-0039648,David Martin-Robinson,TE,TEN,2025,18,2026,5,HOU,11/10,period_1_2_receiving_yds,period_1_2_receiving_yds,1.5,0.385302848878091,0.385302848878091,0.22939430224381796
00-0037742,Treylon Burks,WR,WAS,2026,4,2026,5,NYG,11/10,period_1_2_receiving_yds,period_1_2_receiving_yds,3.7,0.3853731574203377,0.3853731574203377,0.22925368515932465
00-0041547,KC Concepcion,WR,CLE,2026,18,2026,5,NYJ,11/10,season_rush_yards,season_rush_yards,9.0,0.6143741151108819,0.6143741151108819,0.22874823022176383
00-0031381,Davante Adams,WR,LA,2026,4,2026,5,BUF,12/10,receiving_yards,receiving_yds,62.9,0.3856474757194519,0.3856474757194519,0.2287050485610962
00-0038120,Breece Hall,RB,NYJ,2026,3,2026,5,CLE,11/10,rush_rec_tds,rush_rec_tds,0.5,0.3858804062398707,0.3858804062398707,0.22823918752025862
00-0038544,Quentin Johnston,WR,LAC,2026,18,2026,5,DEN,11/10,season_rush_yards,season_rush_yards,3.0,0.6139609063180942,0.6139609063180942,0.22792181263618838
00-0039424,Devaughn Vele,WR,NO,2026,18,2026,5,MIN,11/10,season_receiving_yards,season_receiving_yards,226.0,0.6138752099142629,0.6138752099142629,0.22775041982852584
00-0033869,Mitchell Trubisky,QB,BUF,2024,19,2026,5,LA,12/10,passing_yards,passing_yds,79.1,0.613783313704574,0.613783313704574,0.2275666274091479
00-0037248,James Cook,RB,BUF,2026,4,2026,5,LA,12/10,rushing_yards,rushing_yds,90.8,0.38631492853164673,0.38631492853164673,0.22737014293670654
00-0032951,Laquon Treadwell,WR,IND,2026,4,2026,5,PIT,11/10,receiving_yards,receiving_yds,37.3,0.38645732402801514,0.38645732402801514,0.22708535194396973
00-0037085,Tyler Badie,RB,DEN,2026,4,2026,5,LAC,11/10,period_1_2_rushing_yds,period_1_2_rushing_yds,3.0,0.38672795558948864,0.38672795558948864,0.22654408882102273
00-0033555,Mack Hollins,WR,NE,2026,18,2026,5,LV,11/10,season_receiving_yards,season_receiving_yards,209.0,0.38673299718405024,0.38673299718405024,0.22653400563189952
00-0036637,Noah Gray,TE,KC,2026,18,2026,6,LAC,18/10,season_rush_yards,season_rush_yards,0.0,0.6132137853730472,0.6132137853730472,0.22642757074609432
00-0038400,Tanner McKee,QB,PHI,2025,18,2026,5,JAX,11/10,passing_yards,passing_yds,99.5,0.6131885131064856,0.6131885131064856,0.22637702621297118
00-0037261,Khalil Shakir,WR,BUF,2026,18,2026,5,LA,12/10,season_rec_tds,season_rec_tds,0.0,0.6131273910280474,0.6131273910280474,0.22625478205609473
00-0037238,Drake London,WR,ATL,2026,4,2026,5,BAL,11/10,receiving_yards,receiving_yds,80.6,0.3871292173862457,0.3871292173862457,0.22574156522750854
00-0038544,Quentin Johnston,WR,LAC,2026,4,2026,5,DEN,11/10,receiving_yards,receiving_yds,44.6,0.38718295097351074,0.38718295097351074,0.22563409805297852
00-0036894,Pat Freiermuth,TE,PIT,2026,18,2026,5,IND,11/10,season_receiving_yards,season_receiving_yards,125.0,0.6127253421242478,0.6127253421242478,0.22545068424849557
00-0040363,Keleki Latu,TE,BUF,2025,18,2026,5,LA,12/10,period_1_2_receiving_yds,period_1_2_receiving_yds,3.5,0.38732880966652417,0.38732880966652417,0.22534238066695167
00-0040667,Matthew Golden,WR,GB,2026,4,2026,5,CHI,11/10,receptions,receptions,2.8,0.6126604676246643,0.6126604676246643,0.2253209352493286
00-0036158,J.K. Dobbins,RB,DEN,2026,4,2026,5,LAC,11/10,period_1_2_rushing_yds,period_1_2_rushing_yds,13.0,0.6123683447096819,0.6123683447096819,0.22473668941936387
00-0040126,Colston Loveland,TE,CHI,2026,4,2026,5,GB,11/10,receiving_yards,receiving_yds,55.1,0.3876475393772125,0.3876475393772125,0.22470492124557495
00-0038618,Xavier Hutchinson,WR,HOU,2026,18,2026,5,TEN,11/10,season_receiving_yards,season_receiving_yards,166.0,0.6122935722876369,0.6122935722876369,0.22458714457527384
00-0039814,Erick All,TE,CIN,2026,2,2026,5,MIA,11/10,receptions,receptions,2.4,0.38775119185447693,0.38775119185447693,0.22449761629104614
00-0039361,Bucky Irving,RB,TB,2026,4,2026,5,DAL,08/10,period_1_2_rushing_yds,period_1_2_rushing_yds,35.0,0.38775836702798583,0.38775836702798583,0.22448326594402834
00-0031503,Jameis Winston,QB,NO,2022,3,2026,5,MIN,11/10,rushing_yards_qb,rushing_yds,12.3,0.38782726944099777,0.38782726944099777,0.22434546111800446
00-0038416,Tyson Bagent,QB,CHI,2026,4,2026,5,GB,11/10,period_1_2_passing_tds,period_1_2_passing_tds,0.0,0.3878510618001952,0.3878510618001952,0.22429787639960963
00-0037077,Sam Howell,QB,SEA,2024,15,2026,5,SF,11/10,period_1_2_passing_yds,period_1_2_passing_yds,0.0,0.6121025054225574,0.6121025054225574,0.2242050108451148
00-0040584,Gunnar Helm,TE,TEN,2026,4,2026,5,HOU,11/10,receiving_yards,receiving_yds,22.1,0.38807201385498047,0.38807201385498047,0.22385597229003906
00-0037277,Teagan Quitoriano,TE,HOU,2022,18,2026,5,TEN,11/10,receptions,receptions,1.0,0.6119081974029541,0.6119081974029541,0.2238163948059082
00-0041489,Germie Bernard,WR,PIT,2026,4,2026,5,IND,11/10,period_1_2_receiving_yds,period_1_2_receiving_yds,11.7,0.38809704625594116,0.38809704625594116,0.22380590748811768
00-0038559,Michael Wilson,WR,ARI,2026,4,2026,5,DET,11/10,receptions,receptions,5.9,0.388204962015152,0.388204962015152,0.22359007596969604
00-0039918,Caleb Williams,QB,CHI,2026,2,2026,5,GB,11/10,passing_ints,passing_ints,0.7,0.3884107021435957,0.3884107021435957,0.22317859571280863
00-0030506,Travis Kelce,TE,KC,2026,18,2026,6,LAC,18/10,season_rec_tds,season_rec_tds,2.0,0.388553565223566,0.388553565223566,0.22289286955286802
00-0039032,Tyjae Spears,RB,TEN,2026,18,2026,5,HOU,11/10,season_receiving_yards,season_receiving_yards,40.0,0.6112280544550548,0.6112280544550548,0.22245610891010958
00-0034981,Foster Moreau,TE,HOU,2026,4,2026,5,TEN,11/10,receiving_yards,receiving_yds,19.1,0.38903605937957764,0.38903605937957764,0.22192788124084473
00-0038117,Wan'Dale Robinson,WR,TEN,2026,18,2026,5,HOU,11/10,season_rush_yards,season_rush_yards,1.0,0.6107891560089818,0.6107891560089818,0.22157831201796352
00-0041523,Caleb Douglas,WR,MIA,2026,2,2026,5,CIN,11/10,receiving_yards,receiving_yds,56.5,0.3893068730831146,0.3893068730831146,0.22138625383377075
00-0040668,Shedeur Sanders,QB,CLE,2026,3,2026,5,NYJ,11/10,passing_yards,passing_yds,155.6,0.3893794457557287,0.3893794457557287,0.22124110848854261
00-0035993,Tyler Huntley,QB,BAL,2026,4,2026,5,ATL,11/10,passing_tds,passing_tds,0.5,0.3894648424642086,0.3894648424642086,0.2210703150715828
00-0036754,Brock Wright,TE,DET,2026,4,2026,5,ARI,11/10,period_1_2_receiving_yds,period_1_2_receiving_yds,1.7,0.38952680299513,0.38952680299513,0.22094639400974003
00-0040646,Jalen Royals,WR,KC,2026,4,2026,6,LAC,18/10,period_1_2_receiving_yds,period_1_2_receiving_yds,1.7,0.38952680299513,0.38952680299513,0.22094639400974003
00-0036963,Amon-Ra St. Brown,WR,DET,2026,4,2026,5,ARI,11/10,receiving_yards,receiving_yds,81.1,0.3895737826824188,0.3895737826824188,0.22085243463516235
00-0032268,Marcus Mariota,QB,WAS,2026,4,2026,5,NYG,11/10,period_1_passing_yds,period_1_passing_yds,24.0,0.38958554917398386,0.38958554917398386,0.22082890165203228
00-0030565,Geno Smith,QB,NYJ,2026,4,2026,5,CLE,11/10,passing_ints,passing_ints,0.8,0.38965453061191513,0.38965453061191513,0.22069093877616974
00-0038120,Breece Hall,RB,NYJ,2026,3,2026,5,CLE,11/10,period_1_2_rushing_yds,period_1_2_rushing_yds,24.3,0.6101871733906152,0.6101871733906152,0.22037434678123047
00-0035250,Devin Singletary,RB,NYG,2026,2,2026,5,WAS,11/10,period_1_2_rushing_yds,period_1_2_rushing_yds,9.5,0.3898794182222855,0.3898794182222855,0.220241163555429
00-0041048,Ted Hurst III,WR,TB,2026,4,2026,5,DAL,08/10,receiving_yards,receiving_yds,32.0,0.38991400599479675,0.38991400599479675,0.2201719880104065
00-0039732,Bo Nix,QB,DEN,2026,4,2026,5,LAC,11/10,rushing_yards_qb,rushing_yds,17.9,0.39001304705166606,0.39001304705166606,0.21997390589666788
00-0035537,Ty Johnson,RB,BUF,2026,4,2026,5,LA,12/10,period_1_2_rushing_yds,period_1_2_rushing_yds,0.0,0.3900800468047342,0.3900800468047342,0.21983990639053164
00-0037091,Bo Melton,WR,GB,2026,18,2026,5,CHI,11/10,season_receiving_yards,season_receiving_yards,10.0,0.6095751858900131,0.6095751858900131,0.21915037178002628
00-0037120,Tyler Goodson,RB,DAL,2026,4,2026,5,TB,08/10,period_1_rushing_yds,period_1_rushing_yds,0.0,0.39049304496297405,0.39049304496297405,0.2190139100740519
00-0041251,Jalon Daniels,QB,TB,2026,4,2026,5,DAL,08/10,passing_yards,passing_yds,74.0,0.6094261835663503,0.6094261835663503,0.2188523671327005
00-0034796,Lamar Jackson,QB,BAL,2026,4,2026,5,ATL,11/10,passing_ints,passing_ints,0.5,0.3905765081261405,0.3905765081261405,0.21884698374771905
00-0039851,Drake Maye,QB,NE,2026,4,2026,5,LV,11/10,period_1_2_passing_tds,period_1_2_passing_tds,0.5,0.39062163660807336,0.39062163660807336,0.21875672678385327
00-0036158,J.K. Dobbins,RB,DEN,2026,18,2026,5,LAC,11/10,season_receiving_yards,season_receiving_yards,16.0,0.6092079086341714,0.6092079086341714,0.2184158172683428
00-0032104,Ameer Abdullah,RB,JAX,2026,3,2026,5,PHI,11/10,period_1_2_rushing_yds,period_1_2_rushing_yds,6.7,0.39083678801761856,0.39083678801761856,0.21832642396476287
00-0033908,Cooper Kupp,WR,SEA,2026,18,2026,5,SF,11/10,season_receiving_yards,season_receiving_yards,114.0,0.39095939833503335,0.39095939833503335,0.2180812033299333
00-0040556,Corey Kiner,RB,NE,2026,3,2026,5,LV,11/10,rushing_yards,rushing_yds,12.4,0.6090083718299866,0.6090083718299866,0.21801674365997314
00-0037744,Trey McBride,TE,ARI,2026,18,2026,5,DET,11/10,season_rec_tds,season_rec_tds,2.0,0.6089073882389924,0.6089073882389924,0.21781477647798475
00-0038589,Josh Whyle,TE,GB,2025,18,2026,5,CHI,11/10,receiving_yards,receiving_yds,13.8,0.39121168851852417,0.39121168851852417,0.21757662296295166
00-0037746,Brian Robinson,RB,WAS,2024,19,2026,5,NYG,11/10,receiving_yards_rb,receiving_yds,11.9,0.3912697634303706,0.3912697634303706,0.21746047313925876
00-0039111,Tuli Tuipulotu,LB,LAC,2025,19,2026,5,DEN,11/10,sacks,sacks,0.8,0.39142441749572754,0.39142441749572754,0.21715116500854492
00-0039851,Drake Maye,QB,NE,2026,4,2026,5,LV,11/10,rushing_yards_qb,rushing_yds,30.9,0.39144258329197257,0.39144258329197257,0.21711483341605486
00-0033090,Hunter Henry,TE,NE,2026,4,2026,5,LV,11/10,receiving_yards,receiving_yds,40.3,0.3914462625980377,0.3914462625980377,0.21710747480392456
00-0034857,Josh Allen,QB,BUF,2026,4,2026,5,LA,12/10,period_1_2_rush_rec_tds_qb,period_1_2_rush_rec_tds,0.5,0.3915622249103851,0.3915622249103851,0.21687555017922977
00-0038794,Jaleel McLaughlin,RB,DEN,2024,10,2026,5,LAC,11/10,receiving_yards_rb,receiving_yds,7.8,0.39156287914751287,0.39156287914751287,0.21687424170497427
00-0039361,Bucky Irving,RB,TB,2026,4,2026,5,DAL,08/10,rush_rec_tds,rush_rec_tds,0.5,0.3915768114694221,0.3915768114694221,0.21684637706115584
00-0039917,Michael Penix Jr.,QB,ATL,2026,4,2026,5,BAL,11/10,passing_ints,passing_ints,0.4,0.3918155551408195,0.3918155551408195,0.216368889718361
00-0036879,Sam Ehlinger,QB,IND,2022,18,2026,5,PIT,11/10,period_1_2_passing_yds,period_1_2_passing_yds,49.5,0.6081650218313102,0.6081650218313102,0.21633004366262032
00-0038416,Tyson Bagent,QB,CHI,2026,4,2026,5,GB,11/10,period_1_2_passing_yds,period_1_2_passing_yds,85.0,0.39184905483864463,0.39184905483864463,0.21630189032271074
00-0037091,Bo Melton,WR,GB,2024,19,2026,5,CHI,11/10,receiving_yards,receiving_yds,18.8,0.391935259103775,0.391935259103775,0.21612948179244995
00-0036040,Juwan Johnson,TE,NO,2026,4,2026,5,MIN,11/10,receptions,receptions,4.6,0.3919599950313568,0.3919599950313568,0.21608000993728638
00-0038621,DeMario Douglas,WR,NE,2026,18,2026,5,LV,11/10,season_receiving_yards,season_receiving_yards,82.0,0.607980886222709,0.607980886222709,0.21596177244541792
00-0033869,Mitchell Trubisky,QB,PIT,2022,6,2026,5,IND,11/10,rushing_yards_qb,rushing_yds,9.4,0.39203326445554465,0.39203326445554465,0.2159334710889107
00-0032951,Laquon Treadwell,WR,IND,2026,18,2026,5,PIT,11/10,season_rush_yards,season_rush_yards,0.0,0.6077714367129967,0.6077714367129967,0.21554287342599343
00-0035535,Darius Slayton,WR,NYG,2025,18,2026,5,WAS,11/10,receiving_yards,receiving_yds,35.6,0.39222976565361023,0.39222976565361023,0.21554046869277954
00-0040583,Woody Marks,RB,HOU,2026,4,2026,5,TEN,11/10,period_1_rushing_yds,period_1_rushing_yds,3.5,0.3923563687346165,0.3923563687346165,0.21528726253076702
00-0038129,Cade Otton,TE,TB,2026,4,2026,5,DAL,08/10,receptions,receptions,4.2,0.39238956570625305,0.39238956570625305,0.2152208685874939
00-0040236,Kyle Monangai,RB,CHI,2026,4,2026,5,GB,11/10,rushing_yards,rushing_yds,61.5,0.39263734221458435,0.39263734221458435,0.2147253155708313
00-0039075,Puka Nacua,WR,LA,2026,4,2026,5,BUF,12/10,receptions,receptions,7.2,0.392713725566864,0.392713725566864,0.21457254886627197
00-0037093,Dareke Young,WR,SEA,2022,18,2026,5,SF,11/10,receiving_yards,receiving_yds,24.0,0.3927983343601227,0.3927983343601227,0.21440333127975464
00-0036554,Nico Collins,WR,HOU,2026,4,2026,5,TEN,11/10,receiving_yards,receiving_yds,78.4,0.3930038511753082,0.3930038511753082,0.21399229764938354
00-0036898,Davis Mills,QB,HOU,2025,18,2026,5,TEN,11/10,period_1_passing_yds,period_1_passing_yds,20.0,0.6069922429133644,0.6069922429133644,0.2139844858267288
00-0039923,J.J. McCarthy,QB,MIN,2025,18,2026,5,NO,11/10,period_1_2_passing_yds,period_1_2_passing_yds,104.0,0.3933860326192917,0.3933860326192917,0.21322793476141655
00-0039410,Ryan Flournoy,WR,DAL,2026,4,2026,5,TB,08/10,period_1_receiving_yds,period_1_receiving_yds,4.8,0.3935483870967742,0.4042294906329665,0.2129032258064516
00-0038117,Wan'Dale Robinson,WR,TEN,2026,4,2026,5,HOU,11/10,period_1_receiving_yds,period_1_receiving_yds,3.2,0.3935483870967742,0.41616547510007706,0.2129032258064516
00-0038563,Tre Tucker,WR,LV,2026,4,2026,5,NE,11/10,period_1_receiving_yds,period_1_receiving_yds,5.2,0.3935483870967742,0.39578841872955167,0.2129032258064516
00-0036358,CeeDee Lamb,WR,DAL,2026,4,2026,5,TB,08/10,period_1_receiving_yds,period_1_receiving_yds,27.5,0.3935483870967742,0.4133731295072441,0.2129032258064516
00-0039067,Rashee Rice,WR,KC,2026,3,2026,6,LAC,18/10,period_1_receiving_yds,period_1_receiving_yds,5.3,0.3935483870967742,0.38024199418060106,0.2129032258064516
00-0040727,Tre Harris,WR,LAC,2026,4,2026,5,DEN,11/10,period_1_receiving_yds,period_1_receiving_yds,3.2,0.3935483870967742,0.38455650505340244,0.2129032258064516
00-0041040,Antonio Williams,WR,WAS,2026,4,2026,5,NYG,11/10,period_1_receiving_yds,period_1_receiving_yds,0.0,0.3935483870967742,0.41374918704079566,0.2129032258064516
00-0035640,DK Metcalf,WR,PIT,2026,4,2026,5,IND,11/10,period_1_receiving_yds,period_1_receiving_yds,12.0,0.3935483870967742,0.4161563559366666,0.2129032258064516
00-0035659,Terry McLaurin,WR,WAS,2026,3,2026,5,NYG,11/10,period_1_receiving_yds,period_1_receiving_yds,11.7,0.3935483870967742,0.37865527109051855,0.2129032258064516
00-0041547,KC Concepcion,WR,CLE,2026,4,2026,5,NYJ,11/10,period_1_receiving_yds,period_1_receiving_yds,9.8,0.3935483870967742,0.4000116632692626,0.2129032258064516
00-0039491,Jalen Coker,WR,CAR,2026,3,2026,6,PHI,18/10,period_1_receiving_yds,period_1_receiving_yds,11.3,0.3935483870967742,0.383710757510247,0.2129032258064516
00-0037247,George Pickens,WR,DAL,2026,4,2026,5,TB,08/10,period_1_receiving_yds,period_1_receiving_yds,9.5,0.3935483870967742,0.3972314867605704,0.2129032258064516
00-0036040,Juwan Johnson,TE,NO,2026,4,2026,5,MIN,11/10,period_1_receiving_yds,period_1_receiving_yds,8.2,0.3935483870967742,0.39723624291108317,0.2129032258064516
00-0040730,RJ Harvey,RB,DEN,2026,4,2026,5,LAC,11/10,period_1_receiving_yds,period_1_receiving_yds,9.7,0.3935483870967742,0.39013100590768635,0.2129032258064516
00-0033110,Tyler Higbee,TE,LA,2026,4,2026,5,BUF,12/10,period_1_receiving_yds,period_1_receiving_yds,6.7,0.3935483870967742,0.3979393352878934,0.2129032258064516
00-0034753,Mark Andrews,TE,BAL,2026,4,2026,5,ATL,11/10,period_1_receiving_yds,period_1_receiving_yds,6.0,0.3935483870967742,0.3898383828962694,0.2129032258064516
00-0034829,Mike Gesicki,TE,CIN,2026,4,2026,5,MIA,11/10,period_1_receiving_yds,period_1_receiving_yds,0.7,0.3935483870967742,0.41371200849948214,0.2129032258064516
00-0031381,Davante Adams,WR,LA,2026,4,2026,5,BUF,12/10,period_1_receiving_yds,period_1_receiving_yds,20.5,0.3935483870967742,0.3892956638032106,0.2129032258064516
00-0040669,Isaac TeSlaa,WR,DET,2026,4,2026,5,ARI,11/10,period_1_receiving_yds,period_1_receiving_yds,0.0,0.3935483870967742,0.3987288367825787,0.2129032258064516
00-0040506,Myles Price,WR,MIN,2026,4,2026,5,NO,11/10,period_1_2_receiving_yds,period_1_2_receiving_yds,0.5,0.39357675934662806,0.39357675934662806,0.21284648130674388
00-0036556,Brevin Jordan,TE,HOU,2026,4,2026,5,TEN,11/10,receptions,receptions,1.5,0.39374592900276184,0.39374592900276184,0.21250814199447632
00-0034869,Sam Darnold,QB,SEA,2026,4,2026,5,SF,11/10,passing_yards,passing_yds,220.4,0.3937907463511117,0.3937907463511117,0.21241850729777656
00-0039361,Bucky Irving,RB,TB,2026,18,2026,5,DAL,08/10,season_rec_tds,season_rec_tds,0.0,0.394022298401634,0.394022298401634,0.211955403196732
00-0040206,Riley Leonard,QB,IND,2025,18,2026,5,PIT,11/10,period_1_passing_yds,period_1_passing_yds,15.8,0.3942575852991677,0.3942575852991677,0.21148482940166458
00-0040715,Cam Skattebo,RB,NYG,2026,18,2026,5,WAS,11/10,season_rush_tds,season_rush_tds,1.0,0.6055841716710851,0.6055841716710851,0.21116834334217027
00-0034827,DJ Moore,WR,BUF,2026,4,2026,5,LA,12/10,receiving_yards,receiving_yds,40.1,0.3944631814956665,0.3944631814956665,0.211073637008667
00-0039299,George Holani,RB,SEA,2026,4,2026,5,SF,11/10,period_1_2_receiving_yds,period_1_2_receiving_yds,3.5,0.39455087300286257,0.39455087300286257,0.21089825399427486
00-0032764,Derrick Henry,RB,BAL,2026,4,2026,5,ATL,11/10,period_1_2_rushing_yds,period_1_2_rushing_yds,50.0,0.3945847014785376,0.3945847014785376,0.21083059704292484
00-0039851,Drake Maye,QB,NE,2026,4,2026,5,LV,11/10,period_1_passing_yds,period_1_passing_yds,52.0,0.3947618731541601,0.3947618731541601,0.21047625369167977
00-0037247,George Pickens,WR,DAL,2026,4,2026,5,TB,08/10,receiving_yards,receiving_yds,81.1,0.3948976397514343,0.3948976397514343,0.21020472049713135
00-0041326,CJ Donaldson,RB,NO,2026,4,2026,5,MIN,11/10,period_1_2_rushing_yds,period_1_2_rushing_yds,2.5,0.3948984020013583,0.3948984020013583,0.21020319599728343
00-0037666,Jalen Tolbert,WR,MIA,2026,4,2026,5,CIN,11/10,receiving_yards,receiving_yds,22.6,0.39490219950675964,0.39490219950675964,0.2101956009864807
00-0036879,Sam Ehlinger,QB,IND,2022,18,2026,5,PIT,11/10,period_1_passing_yds,period_1_passing_yds,15.0,0.605075292582685,0.605075292582685,0.21015058516537
00-0035640,DK Metcalf,WR,PIT,2026,4,2026,5,IND,11/10,period_1_2_receiving_yds,period_1_2_receiving_yds,15.2,0.6048884390891743,0.6048884390891743,0.20977687817834867
00-0038134,Kenneth Walker III,RB,KC,2026,4,2026,6,LAC,18/10,rush_rec_tds,rush_rec_tds,0.5,0.6048073617192602,0.6048073617192602,0.2096147234385204
00-0039150,Bryce Young,QB,CAR,2026,4,2026,6,PHI,18/10,period_1_2_passing_tds,period_1_2_passing_tds,1.2,0.39520638359150817,0.39520638359150817,0.20958723281698366
00-0036879,Sam Ehlinger,QB,IND,2022,18,2026,5,PIT,11/10,period_1_2_passing_tds,period_1_2_passing_tds,0.2,0.3953804920096973,0.3953804920096973,0.20923901598060535
00-0035644,Noah Fant,TE,NO,2026,3,2026,5,MIN,11/10,receiving_yards,receiving_yds,26.1,0.3954327404499054,0.3954327404499054,0.2091345191001892
00-0038476,Tommy DeVito,QB,NE,2026,3,2026,5,LV,11/10,passing_ints,passing_ints,0.2,0.3955689453044053,0.3955689453044053,0.20886210939118943
00-0036970,Kyle Pitts,TE,ATL,2026,18,2026,5,BAL,11/10,season_rec_tds,season_rec_tds,0.0,0.39563360773632134,0.39563360773632134,0.20873278452735733
00-0038597,Chase Brown,RB,CIN,2026,18,2026,5,MIA,11/10,season_receiving_yards,season_receiving_yards,103.0,0.6042957390263013,0.6042957390263013,0.20859147805260259
00-0038579,Aidan O'Connell,QB,LV,2025,18,2026,5,NE,11/10,period_1_2_passing_tds,period_1_2_passing_tds,0.0,0.39582669857108727,0.39582669857108727,0.20834660285782547
00-0036879,Sam Ehlinger,QB,IND,2022,18,2026,5,PIT,11/10,passing_ints,passing_ints,0.4,0.395847898814907,0.395847898814907,0.208304202370186
00-0038685,Chris Brooks,RB,GB,2025,1,2026,5,CHI,11/10,rushing_yards,rushing_yds,18.1,0.3960168957710266,0.3960168957710266,0.20796620845794678
00-0034981,Foster Moreau,TE,HOU,2026,18,2026,5,TEN,11/10,season_rush_yards,season_rush_yards,0.0,0.6038988427645909,0.6038988427645909,0.20779768552918187
00-0039751,Jordan Whittington,WR,LA,2025,20,2026,5,BUF,12/10,receptions,receptions,1.5,0.3961225152015686,0.3961225152015686,0.2077549695968628
00-0032398,Chris Moore,WR,BAL,2026,3,2026,5,ATL,11/10,receptions,receptions,1.4,0.3961389660835266,0.3961389660835266,0.20772206783294678
00-0040234,Quinn Ewers,QB,MIA,2025,18,2026,5,CIN,11/10,passing_ints,passing_ints,0.8,0.3961657671605357,0.3961657671605357,0.2076684656789286
00-0036543,Spencer Brown,RB,CAR,2022,9,2026,6,PHI,18/10,rushing_yards,rushing_yds,21.5,0.39624840021133423,0.39624840021133423,0.20750319957733154
00-0037228,Jaylen Warren,RB,PIT,2026,4,2026,5,IND,11/10,period_1_2_receiving_yds,period_1_2_receiving_yds,18.2,0.39631768202365125,0.39631768202365125,0.2073646359526975
00-0033921,Chris Godwin Jr.,WR,TB,2026,4,2026,5,DAL,08/10,receiving_yards,receiving_yds,47.2,0.39639654755592346,0.39639654755592346,0.20720690488815308
00-0036389,Jalen Hurts,QB,PHI,2026,4,2026,5,JAX,11/10,period_1_passing_yds,period_1_passing_yds,48.8,0.3965524350108874,0.3965524350108874,0.20689512997822523
00-0038558,Darnell Washington,TE,PIT,2026,4,2026,5,IND,11/10,receptions,receptions,2.5,0.39656969904899597,0.39656969904899597,0.20686060190200806
00-0033906,Alvin Kamara,RB,NO,2026,4,2026,5,MIN,11/10,receiving_yards_rb,receiving_yds,20.4,0.39660469072709503,0.39660469072709503,0.20679061854580993
00-0036555,Chuba Hubbard,RB,CAR,2026,18,2026,6,PHI,18/10,season_rush_yards,season_rush_yards,306.0,0.6033087698561677,0.6033087698561677,0.20661753971233532
00-0037256,Rachaad White,RB,WAS,2026,3,2026,5,NYG,11/10,receiving_yards_rb,receiving_yds,14.7,0.3967629174832539,0.3967629174832539,0.20647416503349225
00-0040556,Corey Kiner,RB,NE,2026,3,2026,5,LV,11/10,period_1_rushing_yds,period_1_rushing_yds,0.0,0.3968168045753386,0.3968168045753386,0.20636639084932284
00-0041096,Kaytron Allen,RB,WAS,2026,4,2026,5,NYG,11/10,rushing_yards,rushing_yds,13.7,0.6030008792877197,0.6030008792877197,0.20600175857543945
00-0030801,Brandon Coleman,WR,NO,2017,18,2026,5,MIN,11/10,receiving_yards,receiving_yds,26.0,0.397022008895874,0.397022008895874,0.20595598220825195
00-0039851,Drake Maye,QB,NE,2026,4,2026,5,LV,11/10,passing_tds,passing_tds,1.5,0.3970407356518914,0.3970407356518914,0.20591852869621718
00-0038606,Parker Washington,WR,JAX,2026,4,2026,5,PHI,11/10,receiving_yards,receiving_yds,66.0,0.3970884084701538,0.3970884084701538,0.20582318305969238
00-0039811,MarShawn Lloyd,RB,GB,2026,4,2026,5,CHI,11/10,rushing_yards,rushing_yds,19.2,0.3974248468875885,0.3974248468875885,0.205150306224823
00-0040666,Omarion Hampton,RB,LAC,2026,4,2026,5,DEN,11/10,period_1_2_rushing_yds,period_1_2_rushing_yds,35.0,0.3975382746881224,0.3975382746881224,0.20492345062375517
00-0040785,Dohnte Meyers,WR,CIN,2026,4,2026,5,MIA,11/10,period_1_2_receiving_yds,period_1_2_receiving_yds,14.5,0.3975893700394928,0.3975893700394928,0.2048212599210144
00-0034753,Mark Andrews,TE,BAL,2026,18,2026,5,ATL,11/10,season_rush_yards,season_rush_yards,0.0,0.6023107633871608,0.6023107633871608,0.20462152677432166
00-0035710,Daniel Jones,QB,IND,2026,4,2026,5,PIT,11/10,rushing_yards_qb,rushing_yds,9.9,0.39772590009879477,0.39772590009879477,0.20454819980241046
00-0038117,Wan'Dale Robinson,WR,TEN,2026,4,2026,5,HOU,11/10,receptions,receptions,5.6,0.39794427156448364,0.39794427156448364,0.20411145687103271
00-0036223,Jonathan Taylor,RB,IND,2026,18,2026,5,PIT,11/10,season_rec_tds,season_rec_tds,0.0,0.39794980993320694,0.39794980993320694,0.2041003801335861
00-0034351,Dallas Goedert,TE,PHI,2026,2,2026,5,JAX,11/10,receiving_yards,receiving_yds,39.2,0.3981270492076874,0.3981270492076874,0.20374590158462524
00-0032764,Derrick Henry,RB,BAL,2026,4,2026,5,ATL,11/10,period_1_rushing_yds,period_1_rushing_yds,20.5,0.6018678095975944,0.6018678095975944,0.2037356191951889
00-0031408,Mike Evans,WR,SF,2026,18,2026,5,SEA,11/10,season_rec_tds,season_rec_tds,2.0,0.39813230845978514,0.39813230845978514,0.2037353830804297
00-0038128,Malik Willis,QB,MIA,2026,18,2026,5,CIN,11/10,season_rush_yards,season_rush_yards,112.0,0.3981351921308444,0.3981351921308444,0.20372961573831116
00-0037012,Trey Lance,QB,LAC,2025,18,2026,5,DEN,11/10,passing_ints,passing_ints,0.3,0.39817232268108954,0.39817232268108954,0.20365535463782092
00-0030565,Geno Smith,QB,NYJ,2026,18,2026,5,CLE,11/10,season_rush_yards,season_rush_yards,36.0,0.39817608204278976,0.39817608204278976,0.20364783591442048
00-0036527,D.J. Turner,WR,LV,2024,13,2026,5,NE,11/10,receptions,receptions,1.3,0.6016760468482971,0.6016760468482971,0.20335209369659424
00-0038102,Kenny Pickett,QB,LV,2025,17,2026,5,NE,11/10,passing_yards,passing_yds,66.0,0.6016527867117517,0.6016527867117517,0.20330557342350342
00-0026498,Matthew Stafford,QB,LA,2026,18,2026,5,BUF,12/10,season_rush_yards,season_rush_yards,21.0,0.39841726022683416,0.39841726022683416,0.20316547954633168
00-0033555,Mack Hollins,WR,NE,2026,4,2026,5,LV,11/10,receiving_yards,receiving_yds,52.9,0.39844849705696106,0.39844849705696106,0.20310300588607788
00-0039361,Bucky Irving,RB,TB,2026,18,2026,5,DAL,08/10,season_rush_yards,season_rush_yards,241.0,0.601544308826677,0.601544308826677,0.20308861765335395
00-0038400,Tanner McKee,QB,PHI,2025,18,2026,5,JAX,11/10,period_1_passing_yds,period_1_passing_yds,13.0,0.39848517042784265,0.39848517042784265,0.2030296591443147
00-0039880,Malik Washington,WR,MIA,2026,18,2026,5,CIN,11/10,season_receiving_yards,season_receiving_yards,219.0,0.6010998657872286,0.6010998657872286,0.20219973157445725
00-0036264,Jordan Love,QB,GB,2025,19,2026,5,CHI,11/10,rushing_yards_qb,rushing_yds,13.1,0.3990884006895941,0.3990884006895941,0.20182319862081177
00-0040236,Kyle Monangai,RB,CHI,2026,18,2026,5,GB,11/10,season_rush_yards,season_rush_yards,324.0,0.6008943317441515,0.6008943317441515,0.20178866348830304
00-0033873,Patrick Mahomes,QB,KC,2026,4,2026,6,LAC,18/10,passing_tds,passing_tds,1.8,0.39933083814389386,0.39933083814389386,0.20133832371221227
00-0039062,Jonathan Mingo,WR,DAL,2026,4,2026,5,TB,08/10,period_1_2_receiving_yds,period_1_2_receiving_yds,0.0,0.3994983551857232,0.3994983551857232,0.20100328962855363
00-0033376,Patrick Ricard,RB,NYG,2026,4,2026,5,WAS,11/10,period_1_2_receiving_yds,period_1_2_receiving_yds,0.0,0.3994983551857232,0.3994983551857232,0.20100328962855363
00-0039365,Jacob Cowing,WR,SF,2026,4,2026,5,SEA,11/10,period_1_2_receiving_yds,period_1_2_receiving_yds,0.0,0.3994983551857232,0.3994983551857232,0.20100328962855363
00-0033576,Eric Saubert,TE,SEA,2026,3,2026,5,SF,11/10,period_1_2_receiving_yds,period_1_2_receiving_yds,0.0,0.3994983551857232,0.3994983551857232,0.20100328962855363
00-0036849,Tutu Atwell,WR,LA,2026,4,2026,5,BUF,12/10,period_1_2_receiving_yds,period_1_2_receiving_yds,0.0,0.3994983551857232,0.3994983551857232,0.20100328962855363
00-0033280,Christian McCaffrey,RB,SF,2026,4,2026,5,SEA,11/10,period_1_2_receiving_yds,period_1_2_receiving_yds,18.5,0.3995122684497442,0.3995122684497442,0.20097546310051162
00-0033881,Evan Engram,TE,DEN,2026,4,2026,5,LAC,11/10,period_1_2_receiving_yds,period_1_2_receiving_yds,7.0,0.39955800853946954,0.39955800853946954,0.2008839829210609
00-0031408,Mike Evans,WR,SF,2026,4,2026,5,SEA,11/10,receiving_yards,receiving_yds,58.0,0.3996049165725708,0.3996049165725708,0.2007901668548584
00-0037120,Tyler Goodson,RB,DAL,2026,4,2026,5,TB,08/10,period_1_2_receiving_yds,period_1_2_receiving_yds,-2.5,0.39985988950286727,0.39985988950286727,0.20028022099426546
00-0033526,Samaje Perine,RB,CIN,2026,18,2026,5,MIA,11/10,season_rush_yards,season_rush_yards,42.0,0.4000568785397671,0.4000568785397671,0.19988624292046575
00-0032764,Derrick Henry,RB,BAL,2024,4,2026,5,ATL,11/10,receiving_yards_rb,receiving_yds,9.9,0.4000978644098538,0.4000978644098538,0.19980427118029243
00-0033090,Hunter Henry,TE,NE,2026,18,2026,5,LV,11/10,season_receiving_yards,season_receiving_yards,133.0,0.40026090937358383,0.40026090937358383,0.19947818125283234
00-0039376,Spencer Rattler,QB,NO,2025,15,2026,5,MIN,11/10,period_1_2_passing_tds,period_1_2_passing_tds,0.3,0.4002663216067463,0.4002663216067463,0.1994673567865074
00-0037013,Zach Wilson,QB,MIA,2025,18,2026,5,CIN,11/10,period_1_2_passing_yds,period_1_2_passing_yds,0.0,0.4003744889898105,0.4003744889898105,0.19925102202037903
00-0041037,Denzel Boston,WR,CLE,2026,4,2026,5,NYJ,11/10,receiving_yards,receiving_yds,71.0,0.4003862738609314,0.4003862738609314,0.1992274522781372
00-0037077,Sam Howell,QB,SEA,2024,15,2026,5,SF,11/10,passing_tds,passing_tds,1.1,0.4005495898390177,0.4005495898390177,0.19890082032196466
00-0039299,George Holani,RB,SEA,2026,4,2026,5,SF,11/10,period_1_2_rushing_yds,period_1_2_rushing_yds,9.5,0.40063687232777817,0.40063687232777817,0.19872625534444366
00-0033293,Aaron Jones,RB,MIN,2026,4,2026,5,NO,11/10,rushing_yards,rushing_yds,52.8,0.5993092656135559,0.5993092656135559,0.19861853122711182
00-0037746,Brian Robinson,RB,ATL,2026,4,2026,5,BAL,11/10,period_1_rushing_yds,period_1_rushing_yds,11.2,0.40075771855021564,0.40075771855021564,0.19848456289956873
00-0036223,Jonathan Taylor,RB,IND,2026,18,2026,5,PIT,11/10,season_receiving_yards,season_receiving_yards,69.0,0.5992351404553242,0.5992351404553242,0.19847028091064844
00-0038563,Tre Tucker,WR,LV,2026,18,2026,5,NE,11/10,season_receiving_yards,season_receiving_yards,233.0,0.5989158759265968,0.5989158759265968,0.19783175185319357
00-0029604,Kirk Cousins,QB,LV,2026,4,2026,5,NE,11/10,passing_yards,passing_yds,200.2,0.5987111051877078,0.5987111051877078,0.19742221037541552
00-0038558,Darnell Washington,TE,PIT,2026,4,2026,5,IND,11/10,receiving_yards,receiving_yds,30.2,0.40140706300735474,0.40140706300735474,0.19718587398529053
00-0039794,Braelon Allen,RB,NYJ,2026,4,2026,5,CLE,11/10,period_1_2_rushing_yds,period_1_2_rushing_yds,16.2,0.4014757494054186,0.4014757494054186,0.19704850118916284
00-0040590,Konata Mumpfield,WR,LA,2026,4,2026,5,BUF,12/10,receiving_yards,receiving_yds,14.1,0.5984379649162292,0.5984379649162292,0.1968759298324585
00-0035685,David Montgomery,RB,HOU,2026,4,2026,5,TEN,11/10,period_1_rushing_yds,period_1_rushing_yds,8.8,0.40160620890241816,0.40160620890241816,0.19678758219516368
00-0036555,Chuba Hubbard,RB,CAR,2026,4,2026,6,PHI,18/10,period_1_rushing_yds,period_1_rushing_yds,11.5,0.598329495478781,0.598329495478781,0.196658990957562
00-0040590,Konata Mumpfield,WR,LA,2026,4,2026,5,BUF,12/10,receptions,receptions,1.2,0.5983103513717651,0.5983103513717651,0.19662070274353027
00-0039361,Bucky Irving,RB,TB,2026,18,2026,5,DAL,08/10,season_rush_tds,season_rush_tds,1.0,0.5980881906014858,0.5980881906014858,0.19617638120297154
00-0037840,Kyren Williams,RB,LA,2026,4,2026,5,BUF,12/10,period_1_2_receiving_yds,period_1_2_receiving_yds,25.0,0.4020060519313723,0.4020060519313723,0.19598789613725542
00-0036275,D'Andre Swift,RB,CHI,2026,4,2026,5,GB,11/10,receiving_yards_rb,receiving_yds,15.9,0.4020323243901159,0.4020323243901159,0.19593535121976824
00-0034348,Courtland Sutton,WR,DEN,2026,4,2026,5,LAC,11/10,receptions,receptions,3.6,0.40218642354011536,0.40218642354011536,0.1956271529197693
00-0036355,Justin Herbert,QB,LAC,2026,4,2026,5,DEN,11/10,passing_tds,passing_tds,1.4,0.40236241980390325,0.40236241980390325,0.1952751603921935
00-0036862,Ben Skowronek,WR,PIT,2024,13,2026,5,IND,11/10,receiving_yards,receiving_yds,14.1,0.4024261236190796,0.4024261236190796,0.19514775276184082
00-0037228,Jaylen Warren,RB,PIT,2026,4,2026,5,IND,11/10,rush_rec_tds,rush_rec_tds,0.5,0.4024553918020739,0.4024553918020739,0.1950892163958522
00-0039919,Rome Odunze,WR,CHI,2026,18,2026,5,GB,11/10,season_receiving_yards,season_receiving_yards,233.0,0.5974723413612171,0.5974723413612171,0.19494468272243415
00-0035644,Noah Fant,TE,NO,2026,3,2026,5,MIN,11/10,receptions,receptions,2.9,0.4026104211807251,0.4026104211807251,0.1947791576385498
00-0038797,Emanuel Wilson,RB,SEA,2026,18,2026,5,SF,11/10,season_rush_tds,season_rush_tds,1.0,0.40271866896154956,0.40271866896154956,0.19456266207690087
00-0037248,James Cook,RB,BUF,2026,4,2026,5,LA,12/10,period_1_rushing_yds,period_1_rushing_yds,22.8,0.4027861520084827,0.4027861520084827,0.19442769598303455
00-0040236,Kyle Monangai,RB,CHI,2026,4,2026,5,GB,11/10,rush_rec_tds,rush_rec_tds,0.5,0.4029187547951789,0.4029187547951789,0.19416249040964217
00-0040736,Mason Taylor,TE,NYJ,2026,1,2026,5,CLE,11/10,receptions,receptions,3.3,0.4029945135116577,0.4029945135116577,0.19401097297668457
00-0036429,Charlie Woerner,TE,SF,2020,13,2026,5,SEA,11/10,receiving_yards,receiving_yds,33.0,0.40324485301971436,0.40324485301971436,0.1935102939605713
00-0036875,Rhamondre Stevenson,RB,NE,2026,18,2026,5,LV,11/10,season_rush_tds,season_rush_tds,1.0,0.40331433452410026,0.40331433452410026,0.19337133095179948
00-0035208,Olamide Zaccheaus,WR,ATL,2026,4,2026,5,BAL,11/10,receiving_yards,receiving_yds,14.2,0.40340396761894226,0.40340396761894226,0.19319206476211548
00-0036425,DeeJay Dallas,RB,MIN,2026,4,2026,5,NO,11/10,period_1_2_rushing_yds,period_1_2_rushing_yds,0.0,0.40348829208591924,0.40348829208591924,0.19302341582816152
00-0039065,Sam LaPorta,TE,DET,2026,4,2026,5,ARI,11/10,receiving_yards,receiving_yds,55.9,0.403564989566803,0.403564989566803,0.19287002086639404
00-0039901,Keon Coleman,WR,BUF,2026,18,2026,5,LA,12/10,season_rec_tds,season_rec_tds,1.0,0.5963926946286766,0.5963926946286766,0.19278538925735322
00-0037239,Chris Olave,WR,NO,2026,4,2026,5,MIN,11/10,rush_rec_tds,rush_rec_tds,0.5,0.40361137140223696,0.40361137140223696,0.19277725719552607
00-0037291,Jalen Nailor,WR,LV,2026,3,2026,5,NE,11/10,period_1_2_receiving_yds,period_1_2_receiving_yds,10.3,0.40387911826967465,0.40387911826967465,0.1922417634606507
00-0034348,Courtland Sutton,WR,DEN,2026,18,2026,5,LAC,11/10,season_receiving_yards,season_receiving_yards,86.0,0.5961041339973048,0.5961041339973048,0.19220826799460955
00-0039738,Blake Corum,RB,LA,2026,4,2026,5,BUF,12/10,period_1_2_receiving_yds,period_1_2_receiving_yds,1.8,0.4041466413343545,0.4041466413343545,0.19170671733129097
00-0039794,Braelon Allen,RB,NYJ,2026,4,2026,5,CLE,11/10,period_1_2_receiving_yds,period_1_2_receiving_yds,1.2,0.40416248394158016,0.40416248394158016,0.19167503211683967
00-0030506,Travis Kelce,TE,KC,2026,4,2026,6,LAC,18/10,receiving_yards,receiving_yds,53.4,0.4043349027633667,0.4043349027633667,0.1913301944732666
00-0040584,Gunnar Helm,TE,TEN,2026,18,2026,5,HOU,11/10,season_rec_tds,season_rec_tds,0.0,0.40466055696669634,0.40466055696669634,0.19067888606660732
00-0035993,Tyler Huntley,QB,BAL,2026,4,2026,5,ATL,11/10,rushing_yards_qb,rushing_yds,22.3,0.404832342005091,0.404832342005091,0.190335315989818
00-0038935,Brenton Strange,TE,JAX,2026,18,2026,5,PHI,11/10,season_receiving_yards,season_receiving_yards,167.0,0.5951505847990538,0.5951505847990538,0.1903011695981076
00-0033537,Deshaun Watson,QB,CLE,2026,4,2026,5,NYJ,11/10,period_1_2_passing_tds,period_1_2_passing_tds,0.5,0.40485902277392943,0.40485902277392943,0.19028195445214113
00-0039894,Xavier Worthy,WR,KC,2026,4,2026,6,LAC,18/10,receiving_yards,receiving_yds,36.4,0.4050634503364563,0.4050634503364563,0.1898730993270874
00-0032398,Chris Moore,WR,BAL,2026,3,2026,5,ATL,11/10,period_1_2_receiving_yds,period_1_2_receiving_yds,2.0,0.4050865531237126,0.4050865531237126,0.18982689375257478
00-0033246,Johnny Mundt,TE,PHI,2026,3,2026,5,JAX,11/10,period_1_2_receiving_yds,period_1_2_receiving_yds,2.0,0.4050865531237126,0.4050865531237126,0.18982689375257478
00-0037239,Chris Olave,WR,NO,2026,4,2026,5,MIN,11/10,receptions,receptions,6.8,0.4052574932575226,0.4052574932575226,0.18948501348495483
00-0039796,Rasheen Ali,RB,BAL,2024,17,2026,5,ATL,11/10,rushing_yards,rushing_yds,10.3,0.5947410464286804,0.5947410464286804,0.18948209285736084
00-0037091,Bo Melton,WR,GB,2026,18,2026,5,CHI,11/10,season_rush_yards,season_rush_yards,0.0,0.5946559255909637,0.5946559255909637,0.1893118511819274
00-0033526,Samaje Perine,RB,CIN,2026,4,2026,5,MIA,11/10,period_1_2_rushing_yds,period_1_2_rushing_yds,4.8,0.4054503339904126,0.4054503339904126,0.18909933201917484
00-0035685,David Montgomery,RB,HOU,2026,18,2026,5,TEN,11/10,season_receiving_yards,season_receiving_yards,67.0,0.4056294151599564,0.4056294151599564,0.18874116968008725
00-0033869,Mitchell Trubisky,QB,BUF,2024,19,2026,5,LA,12/10,passing_tds,passing_tds,0.4,0.4056437340834287,0.4056437340834287,0.18871253183314263
00-0038933,Dalton Kincaid,TE,BUF,2026,4,2026,5,LA,12/10,receptions,receptions,3.4,0.40580135583877563,0.40580135583877563,0.18839728832244873
00-0040179,DJ Giddens,RB,IND,2025,18,2026,5,PIT,11/10,period_1_rushing_yds,period_1_rushing_yds,0.0,0.4058318832337771,0.4058318832337771,0.18833623353244577
00-0037263,Tyler Allgeier,RB,ARI,2026,18,2026,5,DET,11/10,season_receiving_yards,season_receiving_yards,35.0,0.5941140055879991,0.5941140055879991,0.1882280111759982
00-0036321,Chase Young,DE,NO,2025,18,2026,5,MIN,11/10,sacks,sacks,0.8,0.4058922827243805,0.4058922827243805,0.188215434551239
00-0037240,Jameson Williams,WR,DET,2026,4,2026,5,ARI,11/10,receptions,receptions,4.4,0.40600666403770447,0.40600666403770447,0.18798667192459106
00-0036223,Jonathan Taylor,RB,IND,2026,4,2026,5,PIT,11/10,rushing_yards,rushing_yds,91.1,0.4060260057449341,0.4060260057449341,0.18794798851013184
00-0028118,Tyrod Taylor,QB,NYJ,2025,14,2026,5,CLE,11/10,passing_ints,passing_ints,0.5,0.4061482661111952,0.4061482661111952,0.1877034677776096
00-0036919,Kenny Gainwell,RB,TB,2026,18,2026,5,DAL,08/10,season_receiving_yards,season_receiving_yards,44.0,0.5936574824691727,0.5936574824691727,0.18731496493834543
00-0039021,Roschon Johnson,RB,CHI,2026,4,2026,5,GB,11/10,rushing_yards,rushing_yds,12.7,0.4063680171966553,0.4063680171966553,0.18726396560668945
00-0040494,Max Brosmer,QB,MIN,2025,18,2026,5,NO,11/10,passing_tds,passing_tds,0.0,0.40641405590920976,0.40641405590920976,0.18717188818158048
00-0037304,Connor Heyward,TE,PIT,2024,17,2026,5,IND,11/10,receiving_yards,receiving_yds,12.1,0.4064672589302063,0.4064672589302063,0.1870654821395874
00-0040737,Terrance Ferguson,TE,LA,2026,3,2026,5,BUF,12/10,receptions,receptions,1.2,0.5934650897979736,0.5934650897979736,0.18693017959594727
00-0035643,Jeffery Simmons,DT,TEN,2025,18,2026,5,HOU,11/10,sacks,sacks,0.7,0.40654972195625305,0.40654972195625305,0.1869005560874939
00-0040668,Shedeur Sanders,QB,CLE,2026,3,2026,5,NYJ,11/10,passing_tds,passing_tds,0.8,0.4067296193763378,0.4067296193763378,0.18654076124732444
00-0034857,Josh Allen,QB,BUF,2026,18,2026,5,LA,12/10,season_rush_yards,season_rush_yards,118.0,0.5932419078512102,0.5932419078512102,0.18648381570242045
00-0034844,Saquon Barkley,RB,PHI,2026,4,2026,5,JAX,11/10,period_1_2_receiving_yds,period_1_2_receiving_yds,0.5,0.4070483288171286,0.4070483288171286,0.1859033423657428
00-0031408,Mike Evans,WR,SF,2026,4,2026,5,SEA,11/10,receptions,receptions,4.8,0.40707632899284363,0.40707632899284363,0.18584734201431274
00-0036275,D'Andre Swift,RB,CHI,2026,18,2026,5,GB,11/10,season_rush_tds,season_rush_tds,3.0,0.5928617033616073,0.5928617033616073,0.18572340672321452
00-0038996,Tucker Kraft,TE,GB,2026,4,2026,5,CHI,11/10,receiving_yards,receiving_yds,50.9,0.40734681487083435,0.40734681487083435,0.1853063702583313
00-0040134,Pat Bryant,WR,DEN,2026,18,2026,5,LAC,11/10,season_rec_tds,season_rec_tds,1.0,0.4074318091851915,0.4074318091851915,0.185136381629617
00-0033307,Kendrick Bourne,WR,ARI,2026,3,2026,5,DET,11/10,receiving_yards,receiving_yds,36.8,0.4075557291507721,0.4075557291507721,0.1848885416984558
00-0031588,Stefon Diggs,WR,WAS,2026,4,2026,5,NYG,11/10,receiving_yards,receiving_yds,49.1,0.40763774514198303,0.40763774514198303,0.18472450971603394
00-0035261,Tony Pollard,RB,TEN,2026,18,2026,5,HOU,11/10,season_receiving_yards,season_receiving_yards,24.0,0.5922353435614947,0.5922353435614947,0.1844706871229893
00-0037746,Brian Robinson,RB,ATL,2026,18,2026,5,BAL,11/10,season_rush_yards,season_rush_yards,194.0,0.5920622815756513,0.5920622815756513,0.18412456315130266
00-0041326,CJ Donaldson,RB,NO,2026,18,2026,5,MIN,11/10,season_rush_yards,season_rush_yards,29.0,0.4079545977928289,0.4079545977928289,0.18409080441434222
00-0034753,Mark Andrews,TE,BAL,2026,18,2026,5,ATL,11/10,season_rec_tds,season_rec_tds,1.0,0.40813728219562473,0.40813728219562473,0.18372543560875054
00-0038543,Jaxon Smith-Njigba,WR,SEA,2026,4,2026,5,SF,11/10,receiving_yards,receiving_yds,95.3,0.4083555340766907,0.4083555340766907,0.18328893184661865
00-0037594,Julius Chestnut,RB,TEN,2025,1,2026,5,HOU,11/10,rushing_yards,rushing_yds,10.5,0.5916052460670471,0.5916052460670471,0.18321049213409424
00-0032950,Carson Wentz,QB,MIN,2026,2,2026,5,NO,11/10,period_1_2_passing_yds,period_1_2_passing_yds,74.5,0.4083980948336016,0.4083980948336016,0.18320381033279676
00-0041550,Brenen Thompson,WR,LAC,2026,2,2026,5,DEN,11/10,receptions,receptions,1.0,0.5915982723236084,0.5915982723236084,0.1831965446472168
00-0039150,Bryce Young,QB,CAR,2026,4,2026,6,PHI,18/10,passing_yards,passing_yds,224.5,0.5913701471450349,0.5913701471450349,0.18274029429006977
00-0040719,Bhayshul Tuten,RB,JAX,2026,4,2026,5,PHI,11/10,rushing_yards,rushing_yds,34.2,0.591285228729248,0.591285228729248,0.1825704574584961
00-0039074,Davis Allen,TE,LA,2026,4,2026,5,BUF,12/10,receptions,receptions,1.6,0.40873801708221436,0.40873801708221436,0.1825239658355713
00-0031381,Davante Adams,WR,LA,2026,4,2026,5,BUF,12/10,rush_rec_tds,rush_rec_tds,0.5,0.4089348274425704,0.4089348274425704,0.18213034511485915
00-0033949,Joshua Dobbs,QB,NE,2025,18,2026,5,LV,11/10,period_1_2_passing_yds,period_1_2_passing_yds,0.0,0.409043922961244,0.409043922961244,0.18191215407751204
00-0040563,Efton Chism III,WR,NE,2025,17,2026,5,LV,11/10,receiving_yards,receiving_yds,40.0,0.4091310203075409,0.4091310203075409,0.1817379593849182
00-0037252,Greg Dulcich,TE,MIA,2026,3,2026,5,CIN,11/10,receiving_yards,receiving_yds,28.5,0.40914347767829895,0.40914347767829895,0.1817130446434021
00-0037311,Ko Kieft,TE,TB,2023,15,2026,5,DAL,08/10,period_1_2_receiving_yds,period_1_2_receiving_yds,0.0,0.40931111744721926,0.40931111744721926,0.18137776510556147
00-0036331,Devin Duvernay,WR,CHI,2025,17,2026,5,GB,11/10,period_1_2_receiving_yds,period_1_2_receiving_yds,0.0,0.40931111744721926,0.40931111744721926,0.18137776510556147
00-0038454,Keaton Mitchell,RB,LAC,2026,18,2026,5,DEN,11/10,season_receiving_yards,season_receiving_yards,34.0,0.590650309468765,0.590650309468765,0.1813006189375299
00-0039849,Marvin Harrison Jr.,WR,ARI,2026,4,2026,5,DET,11/10,period_1_2_receiving_yds,period_1_2_receiving_yds,8.2,0.40936413848159403,0.40936413848159403,0.18127172303681194
00-0037745,Velus Jones Jr.,RB,SEA,2025,20,2026,5,SF,11/10,period_1_rushing_yds,period_1_rushing_yds,0.0,0.4095662718359367,0.4095662718359367,0.18086745632812662
00-0039150,Bryce Young,QB,CAR,2026,4,2026,6,PHI,18/10,period_1_passing_yds,period_1_passing_yds,53.0,0.5903850203511436,0.5903850203511436,0.1807700407022872
00-0034383,Dalton Schultz,TE,HOU,2026,18,2026,5,TEN,11/10,season_rush_yards,season_rush_yards,0.0,0.59016340531731,0.59016340531731,0.18032681063462008
00-0039849,Marvin Harrison Jr.,WR,ARI,2026,4,2026,5,DET,11/10,receptions,receptions,2.9,0.4098447561264038,0.4098447561264038,0.18031048774719238
00-0038544,Quentin Johnston,WR,LAC,2026,18,2026,5,DEN,11/10,season_rec_tds,season_rec_tds,0.0,0.5898789264602279,0.5898789264602279,0.17975785292045576
00-0036613,Jaylen Waddle,WR,DEN,2026,18,2026,5,LAC,11/10,season_rec_tds,season_rec_tds,1.0,0.5898458022226927,0.5898458022226927,0.17969160444538534
00-0036898,Davis Mills,QB,HOU,2025,18,2026,5,TEN,11/10,period_1_2_passing_tds,period_1_2_passing_tds,0.3,0.41031281561880534,0.41031281561880534,0.17937436876238932
00-0036389,Jalen Hurts,QB,PHI,2026,4,2026,5,JAX,11/10,period_1_2_passing_yds,period_1_2_passing_yds,112.0,0.41049559161512855,0.41049559161512855,0.1790088167697429
00-0039732,Bo Nix,QB,DEN,2026,4,2026,5,LAC,11/10,passing_tds,passing_tds,1.5,0.410739427629791,0.410739427629791,0.17852114474041803
00-0033908,Cooper Kupp,WR,SEA,2026,4,2026,5,SF,11/10,receptions,receptions,2.9,0.4108339548110962,0.4108339548110962,0.17833209037780762
00-0033106,Jared Goff,QB,DET,2026,4,2026,5,ARI,11/10,period_1_2_passing_yds,period_1_2_passing_yds,122.2,0.5890918586316897,0.5890918586316897,0.17818371726337934
00-0026498,Matthew Stafford,QB,DET,2016,14,2026,5,ARI,11/10,rushing_yards_qb,rushing_yds,13.3,0.411099632036021,0.411099632036021,0.17780073592795798
00-0034351,Dallas Goedert,TE,PHI,2026,2,2026,5,JAX,11/10,receptions,receptions,3.8,0.41112229228019714,0.41112229228019714,0.1777554154396057
00-0035710,Daniel Jones,QB,IND,2026,4,2026,5,PIT,11/10,passing_ints,passing_ints,0.8,0.4111422053907729,0.4111422053907729,0.1777155892184542
00-0036997,Javonte Williams,RB,DAL,2026,4,2026,5,TB,08/10,period_1_rushing_yds,period_1_rushing_yds,19.2,0.41175685108070614,0.41175685108070614,0.1764862978385877
00-0038129,Cade Otton,TE,TB,2026,18,2026,5,DAL,08/10,season_rec_tds,season_rec_tds,0.0,0.588213099061206,0.588213099061206,0.176426198122412
00-0036425,DeeJay Dallas,RB,SEA,2023,1,2026,5,SF,11/10,rushing_yards,rushing_yds,13.8,0.4117886424064636,0.4117886424064636,0.17642271518707275
00-0040719,Bhayshul Tuten,RB,JAX,2026,18,2026,5,PHI,11/10,season_rush_tds,season_rush_tds,2.0,0.5882031173838093,0.5882031173838093,0.17640623476761852
00-0035289,Gardner Minshew,QB,KC,2025,16,2026,6,LAC,18/10,period_1_2_passing_yds,period_1_2_passing_yds,3.8,0.4119193125785424,0.4119193125785424,0.17616137484291516
00-0038454,Keaton Mitchell,RB,LAC,2026,18,2026,5,DEN,11/10,season_rush_yards,season_rush_yards,124.0,0.4120041729564802,0.4120041729564802,0.17599165408703965
00-0039074,Davis Allen,TE,LA,2026,18,2026,5,BUF,12/10,season_receiving_yards,season_receiving_yards,39.0,0.5879018904773179,0.5879018904773179,0.17580378095463578
00-0039041,Elijah Higgins,TE,ARI,2026,4,2026,5,DET,11/10,receptions,receptions,2.1,0.41212165355682373,0.41212165355682373,0.17575669288635254
00-0035993,Tyler Huntley,QB,BAL,2026,4,2026,5,ATL,11/10,passing_ints,passing_ints,0.2,0.4122842439032601,0.4122842439032601,0.17543151219347985
00-0033906,Alvin Kamara,RB,NO,2026,4,2026,5,MIN,11/10,period_1_2_rushing_yds,period_1_2_rushing_yds,5.3,0.5876201203678489,0.5876201203678489,0.17524024073569788
00-0037594,Julius Chestnut,RB,TEN,2025,16,2026,5,HOU,11/10,period_1_2_rushing_yds,period_1_2_rushing_yds,1.1,0.4125562140325175,0.4125562140325175,0.17488757193496496
00-0040129,Emeka Egbuka,WR,TB,2026,4,2026,5,DAL,08/10,receptions,receptions,3.3,0.41258201003074646,0.41258201003074646,0.17483597993850708
00-0035261,Tony Pollard,RB,TEN,2026,4,2026,5,HOU,11/10,period_1_2_rushing_yds,period_1_2_rushing_yds,20.8,0.5873958493341508,0.5873958493341508,0.17479169866830158
00-0036554,Nico Collins,WR,HOU,2026,4,2026,5,TEN,11/10,receptions,receptions,5.1,0.4126046299934387,0.4126046299934387,0.17479074001312256
00-0033288,George Kittle,TE,SF,2026,18,2026,5,SEA,11/10,season_receiving_yards,season_receiving_yards,244.0,0.412804282287955,0.412804282287955,0.17439143542408997
00-0034272,Marquez Valdes-Scantling,WR,LAC,2026,4,2026,5,DEN,11/10,receptions,receptions,1.6,0.41290614008903503,0.41290614008903503,0.17418771982192993
00-0033090,Hunter Henry,TE,NE,2026,18,2026,5,LV,11/10,season_rush_yards,season_rush_yards,0.0,0.586876567189927,0.586876567189927,0.17375313437985396
00-0023459,Aaron Rodgers,QB,PIT,2026,4,2026,5,IND,11/10,period_1_passing_yds,period_1_passing_yds,70.0,0.41334233214777233,0.41334233214777233,0.17331533570445534
00-0033106,Jared Goff,QB,DET,2026,4,2026,5,ARI,11/10,period_1_2_passing_tds,period_1_2_passing_tds,0.5,0.5865872638853511,0.5865872638853511,0.1731745277707022
00-0039065,Sam LaPorta,TE,DET,2026,4,2026,5,ARI,11/10,period_1_receiving_yds,period_1_receiving_yds,11.5,0.41365461847389556,0.41754768429349653,0.17269076305220887
00-0038994,Jordan Addison,WR,MIN,2026,4,2026,5,NO,11/10,period_1_receiving_yds,period_1_receiving_yds,3.0,0.41365461847389556,0.42656627653000057,0.17269076305220887
00-0040024,Darius Cooper,WR,PHI,2026,4,2026,5,JAX,11/10,period_1_receiving_yds,period_1_receiving_yds,0.0,0.41365461847389556,0.4241465933714032,0.17269076305220887
00-0034348,Courtland Sutton,WR,DEN,2026,4,2026,5,LAC,11/10,period_1_receiving_yds,period_1_receiving_yds,2.5,0.41365461847389556,0.4174047259086079,0.17269076305220887
00-0041037,Denzel Boston,WR,CLE,2026,4,2026,5,NYJ,11/10,period_1_receiving_yds,period_1_receiving_yds,3.2,0.41365461847389556,0.4274538944850561,0.17269076305220887
00-0037614,John Metchie III,WR,CAR,2026,4,2026,6,PHI,18/10,period_1_receiving_yds,period_1_receiving_yds,0.0,0.41365461847389556,0.4241465933714032,0.17269076305220887
00-0038134,Kenneth Walker III,RB,KC,2026,4,2026,6,LAC,18/10,period_1_receiving_yds,period_1_receiving_yds,0.0,0.41365461847389556,0.4185044472534464,0.17269076305220887
00-0041523,Caleb Douglas,WR,MIA,2026,2,2026,5,CIN,11/10,period_1_receiving_yds,period_1_receiving_yds,0.0,0.41365461847389556,0.4241465933714032,0.17269076305220887
00-0031610,Darren Waller,TE,CAR,2026,4,2026,6,PHI,18/10,period_1_receiving_yds,period_1_receiving_yds,0.0,0.41365461847389556,0.42502045647329645,0.17269076305220887
00-0040242,Jacory Croskey-Merritt,RB,WAS,2026,18,2026,5,NYG,11/10,season_receiving_yards,season_receiving_yards,40.0,0.5859609905460309,0.5859609905460309,0.1719219810920618
00-0033537,Deshaun Watson,QB,CLE,2026,4,2026,5,NYJ,11/10,passing_yards,passing_yds,185.2,0.5858790558840183,0.5858790558840183,0.17175811176803668
00-0040242,Jacory Croskey-Merritt,RB,WAS,2026,18,2026,5,NYG,11/10,season_rush_yards,season_rush_yards,157.0,0.5857732094691296,0.5857732094691296,0.17154641893825917
00-0039880,Malik Washington,WR,MIA,2026,4,2026,5,CIN,11/10,period_1_2_receiving_yds,period_1_2_receiving_yds,26.5,0.4142375269212292,0.4142375269212292,0.17152494615754155
00-0036912,DeVonta Smith,WR,PHI,2026,3,2026,5,JAX,11/10,receiving_yards,receiving_yds,65.1,0.41424334049224854,0.41424334049224854,0.17151331901550293
00-0037261,Khalil Shakir,WR,BUF,2026,4,2026,5,LA,12/10,receiving_yards,receiving_yds,49.0,0.4142569601535797,0.4142569601535797,0.17148607969284058
00-0030506,Travis Kelce,TE,KC,2026,4,2026,6,LAC,18/10,receptions,receptions,4.4,0.41426289081573486,0.41426289081573486,0.17147421836853027
00-0037740,Garrett Wilson,WR,NYJ,2026,4,2026,5,CLE,11/10,period_1_2_receiving_yds,period_1_2_receiving_yds,17.2,0.5856888619483918,0.5856888619483918,0.17137772389678352
00-0040715,Cam Skattebo,RB,NYG,2026,18,2026,5,WAS,11/10,season_receiving_yards,season_receiving_yards,67.0,0.5856334417578001,0.5856334417578001,0.17126688351560015
00-0036358,CeeDee Lamb,WR,DAL,2026,4,2026,5,TB,08/10,receptions,receptions,6.6,0.41446852684020996,0.41446852684020996,0.17106294631958008
00-0032268,Marcus Mariota,QB,WAS,2026,4,2026,5,NYG,11/10,passing_ints,passing_ints,0.4,0.41451430312200094,0.41451430312200094,0.17097139375599812
00-0036894,Pat Freiermuth,TE,PIT,2026,4,2026,5,IND,11/10,receiving_yards,receiving_yds,34.6,0.4145949184894562,0.4145949184894562,0.17081016302108765
00-0034348,Courtland Sutton,WR,DEN,2026,4,2026,5,LAC,11/10,receiving_yards,receiving_yds,44.0,0.4146016836166382,0.4146016836166382,0.17079663276672363
00-0037277,Teagan Quitoriano,TE,HOU,2022,18,2026,5,TEN,11/10,receiving_yards,receiving_yds,16.1,0.5852662920951843,0.5852662920951843,0.17053258419036865
00-0038951,Sean Tucker,RB,TB,2023,1,2026,5,DAL,08/10,receiving_yards_rb,receiving_yds,9.0,0.41485866982960196,0.41485866982960196,0.1702826603407961
00-0040663,Harold Fannin Jr.,TE,CLE,2026,4,2026,5,NYJ,11/10,receiving_yards,receiving_yds,45.2,0.41486987471580505,0.41486987471580505,0.1702602505683899
00-0039107,Stetson Bennett,QB,LA,2026,1,2026,5,BUF,12/10,period_1_2_passing_yds,period_1_2_passing_yds,0.0,0.4149299851632827,0.4149299851632827,0.17014002967343456
00-0036887,Luke Farrell,TE,JAX,2021,2,2026,5,PHI,11/10,receiving_yards,receiving_yds,6.0,0.5850419998168945,0.5850419998168945,0.17008399963378906
00-0033217,Mo Alie-Cox,TE,IND,2024,18,2026,5,PIT,11/10,receiving_yards,receiving_yds,12.8,0.41504380106925964,0.41504380106925964,0.1699123978614807
00-0038597,Chase Brown,RB,CIN,2026,18,2026,5,MIA,11/10,season_rush_yards,season_rush_yards,207.0,0.584927481215563,0.584927481215563,0.16985496243112608
00-0036849,Tutu Atwell,WR,LA,2026,4,2026,5,BUF,12/10,receptions,receptions,1.3,0.4150913655757904,0.4150913655757904,0.1698172688484192
00-0038558,Darnell Washington,TE,PIT,2026,4,2026,5,IND,11/10,period_1_2_receiving_yds,period_1_2_receiving_yds,8.2,0.41511540422880344,0.41511540422880344,0.16976919154239312
00-0040198,Ollie Gordon II,RB,MIA,2026,4,2026,5,CIN,11/10,rushing_yards,rushing_yds,18.6,0.5848820209503174,0.5848820209503174,0.16976404190063477
00-0037238,Drake London,WR,ATL,2026,4,2026,5,BAL,11/10,receptions,receptions,5.5,0.4151979386806488,0.4151979386806488,0.1696041226387024
00-0033854,Dare Ogunbowale,RB,HOU,2025,18,2026,5,TEN,11/10,period_1_2_rushing_yds,period_1_2_rushing_yds,1.4,0.4153492640584421,0.4153492640584421,0.16930147188311584
00-0041052,Kaelon Black,RB,SF,2026,4,2026,5,SEA,11/10,period_1_2_rushing_yds,period_1_2_rushing_yds,11.8,0.41537060750704446,0.41537060750704446,0.16925878498591107
00-0041558,Sam Roush,TE,CHI,2026,3,2026,5,GB,11/10,receptions,receptions,1.0,0.5846111178398132,0.5846111178398132,0.16922223567962646
00-0033908,Cooper Kupp,WR,SEA,2026,18,2026,5,SF,11/10,season_rush_yards,season_rush_yards,0.0,0.5845655829819,0.5845655829819,0.16913116596379996
00-0040669,Isaac TeSlaa,WR,DET,2026,18,2026,5,ARI,11/10,season_receiving_yards,season_receiving_yards,187.0,0.5844914106954838,0.5844914106954838,0.16898282139096765
00-0039746,Will Shipley,RB,PHI,2026,4,2026,5,JAX,11/10,period_1_2_rushing_yds,period_1_2_rushing_yds,7.0,0.4155841400032569,0.4155841400032569,0.16883171999348623
00-0037005,Tommy Tremble,TE,CAR,2026,18,2026,6,PHI,18/10,season_rec_tds,season_rec_tds,0.0,0.4158584259102838,0.4158584259102838,0.16828314817943235
00-0040277,Jahdae Walker,WR,CHI,2026,1,2026,5,GB,11/10,receptions,receptions,1.8,0.5838082432746887,0.5838082432746887,0.16761648654937744
00-0034869,Sam Darnold,QB,SEA,2026,4,2026,5,SF,11/10,passing_tds,passing_tds,1.5,0.4162149114997564,0.4162149114997564,0.16757017700048715
00-0036554,Nico Collins,WR,HOU,2026,4,2026,5,TEN,11/10,rush_rec_tds,rush_rec_tds,0.5,0.41626811679504383,0.41626811679504383,0.16746376640991234
00-0035704,Drew Lock,QB,SEA,2026,2,2026,5,SF,11/10,passing_yards,passing_yds,128.2,0.5837156782048283,0.5837156782048283,0.16743135640965656
00-0035631,Drew Sample,TE,CIN,2025,3,2026,5,MIA,11/10,receiving_yards,receiving_yds,10.2,0.4165555536746979,0.4165555536746979,0.16688889265060425
00-0038783,Nate Adkins,TE,DEN,2026,3,2026,5,LAC,11/10,period_1_2_receiving_yds,period_1_2_receiving_yds,3.5,0.4167019597060915,0.4167019597060915,0.16659608058781705
00-0041027,Jeremiyah Love,RB,ARI,2026,4,2026,5,DET,11/10,period_1_2_receiving_yds,period_1_2_receiving_yds,6.8,0.41681126464473806,0.41681126464473806,0.1663774707105239
00-0036410,Tee Higgins,WR,CIN,2026,4,2026,5,MIA,11/10,period_1_2_receiving_yds,period_1_2_receiving_yds,42.2,0.4168416069531575,0.4168416069531575,0.16631678609368505
00-0036212,Tua Tagovailoa,QB,MIA,2025,15,2026,5,CIN,11/10,period_1_2_passing_yds,period_1_2_passing_yds,97.1,0.41687970942091945,0.41687970942091945,0.1662405811581611
00-0038120,Breece Hall,RB,NYJ,2026,3,2026,5,CLE,11/10,rushing_yards,rushing_yds,66.9,0.4170286953449249,0.4170286953449249,0.16594260931015015
00-0036422,Adam Trautman,TE,DEN,2026,4,2026,5,LAC,11/10,receptions,receptions,1.5,0.4170505106449127,0.4170505106449127,0.16589897871017456
00-0036158,J.K. Dobbins,RB,DEN,2025,8,2026,5,LAC,11/10,receiving_yards_rb,receiving_yds,6.8,0.41708449484087423,0.41708449484087423,0.16583101031825154
00-0038611,Chris Rodriguez Jr.,RB,JAX,2026,4,2026,5,PHI,11/10,period_1_2_rushing_yds,period_1_2_rushing_yds,12.5,0.41709572792396676,0.41709572792396676,0.16580854415206647
00-0037231,Kevin Austin Jr.,WR,NO,2026,2,2026,5,MIN,11/10,receptions,receptions,1.8,0.5826520323753357,0.5826520323753357,0.1653040647506714
00-0034796,Lamar Jackson,QB,BAL,2026,4,2026,5,ATL,11/10,rushing_yards_qb,rushing_yds,26.4,0.4173847665594969,0.4173847665594969,0.16523046688100618
00-0041013,Emmett Johnson,RB,KC,2026,4,2026,6,LAC,18/10,period_1_2_rushing_yds,period_1_2_rushing_yds,4.5,0.41757671680469577,0.41757671680469577,0.16484656639060846
00-0038542,Bijan Robinson,RB,ATL,2026,4,2026,5,BAL,11/10,period_1_2_rush_rec_tds,period_1_2_rush_rec_tds,0.5,0.41771740670502233,0.41771740670502233,0.16456518658995534
00-0039915,Ladd McConkey,WR,LAC,2026,18,2026,5,DEN,11/10,season_receiving_yards,season_receiving_yards,183.0,0.582267988046362,0.582267988046362,0.16453597609272408
00-0038705,Emari Demercado,RB,ARI,2025,3,2026,5,DET,11/10,receiving_yards_rb,receiving_yds,9.6,0.41776296414013603,0.41776296414013603,0.16447407171972794
00-0037005,Tommy Tremble,TE,CAR,2026,18,2026,6,PHI,18/10,season_receiving_yards,season_receiving_yards,82.0,0.5821725448597721,0.5821725448597721,0.1643450897195442
00-0038134,Kenneth Walker III,RB,KC,2026,4,2026,6,LAC,18/10,period_1_2_rush_rec_tds,period_1_2_rush_rec_tds,0.5,0.4178845746949517,0.4178845746949517,0.16423085061009657
00-0026498,Matthew Stafford,QB,LA,2026,4,2026,5,BUF,12/10,passing_tds,passing_tds,2.3,0.4179318317715778,0.4179318317715778,0.16413633645684444
00-0037236,Aidan Hutchinson,DE,DET,2025,18,2026,5,ARI,11/10,sacks,sacks,0.9,0.41795462369918823,0.41795462369918823,0.16409075260162354
00-0038129,Cade Otton,TE,TB,2026,18,2026,5,DAL,08/10,season_receiving_yards,season_receiving_yards,157.0,0.5818879616287065,0.5818879616287065,0.16377592325741297
00-0037012,Trey Lance,QB,LAC,2025,18,2026,5,DEN,11/10,passing_tds,passing_tds,0.3,0.4184703693753735,0.4184703693753735,0.16305926124925296
00-0032268,Marcus Mariota,QB,WAS,2026,4,2026,5,NYG,11/10,passing_tds,passing_tds,1.0,0.4184737946417813,0.4184737946417813,0.1630524107164374
00-0038115,Daniel Bellinger,TE,TEN,2026,18,2026,5,HOU,11/10,season_receiving_yards,season_receiving_yards,25.0,0.5814882666994413,0.5814882666994413,0.16297653339888263
00-0039064,Zay Flowers,WR,BAL,2026,4,2026,5,ATL,11/10,receiving_yards,receiving_yds,78.6,0.41858798265457153,0.41858798265457153,0.16282403469085693
00-0038393,Dontayvion Wicks,WR,PHI,2026,4,2026,5,JAX,11/10,receiving_yards,receiving_yds,31.2,0.418720543384552,0.418720543384552,0.162558913230896
00-0040128,Tyler Warren,TE,IND,2026,18,2026,5,PIT,11/10,season_rush_yards,season_rush_yards,5.0,0.5812601035293556,0.5812601035293556,0.16252020705871129
00-0023459,Aaron Rodgers,QB,PIT,2026,4,2026,5,IND,11/10,passing_yards,passing_yds,215.4,0.5811984889453315,0.5811984889453315,0.1623969778906631
00-0038621,DeMario Douglas,WR,NE,2026,18,2026,5,LV,11/10,season_rec_tds,season_rec_tds,0.0,0.4188269158738778,0.4188269158738778,0.16234616825224435
00-0036188,Antonio Williams,RB,BUF,2020,17,2026,5,LA,12/10,rush_rec_tds,rush_rec_tds,0.5,0.5810958972415058,0.5810958972415058,0.16219179448301158
00-0036980,Elijah Moore,WR,DEN,2025,21,2026,5,LAC,11/10,period_1_2_receiving_yds,period_1_2_receiving_yds,0.2,0.4189125373187917,0.4189125373187917,0.16217492536241662
00-0035891,Cody White,WR,LV,2026,4,2026,5,NE,11/10,receptions,receptions,1.3,0.5807521343231201,0.5807521343231201,0.16150426864624023
00-0039798,Isaiah Davis,RB,NYJ,2025,17,2026,5,CLE,11/10,period_1_2_rushing_yds,period_1_2_rushing_yds,7.3,0.4192797753028544,0.4192797753028544,0.16144044939429125
00-0036309,Darnell Mooney,WR,NYG,2026,18,2026,5,WAS,11/10,season_receiving_yards,season_receiving_yards,95.0,0.41928890428455423,0.41928890428455423,0.16142219143089154
00-0040878,Mike Washington Jr.,RB,LV,2026,4,2026,5,NE,11/10,period_1_rushing_yds,period_1_rushing_yds,1.0,0.41931123825226096,0.41931123825226096,0.16137752349547807
00-0036422,Adam Trautman,TE,DEN,2026,4,2026,5,LAC,11/10,receiving_yards,receiving_yds,13.2,0.4195227026939392,0.4195227026939392,0.16095459461212158
00-0038606,Parker Washington,WR,JAX,2026,18,2026,5,PHI,11/10,season_receiving_yards,season_receiving_yards,228.0,0.5804699868270626,0.5804699868270626,0.16093997365412527
00-0039355,Luke McCaffrey,WR,WAS,2025,5,2026,5,NYG,11/10,receptions,receptions,1.4,0.5804644227027893,0.5804644227027893,0.1609288454055786
00-0038046,Charlie Kolar,TE,BAL,2024,5,2026,5,ATL,11/10,receiving_yards,receiving_yds,21.6,0.4195899963378906,0.4195899963378906,0.16082000732421875
00-0038597,Chase Brown,RB,CIN,2026,4,2026,5,MIA,11/10,rushing_yards,rushing_yds,66.6,0.4196191728115082,0.4196191728115082,0.16076165437698364
00-0036425,DeeJay Dallas,RB,MIN,2026,18,2026,5,NO,11/10,season_rush_yards,season_rush_yards,10.0,0.4197339453191432,0.4197339453191432,0.16053210936171358
00-0038559,Michael Wilson,WR,ARI,2026,4,2026,5,DET,11/10,rush_rec_tds,rush_rec_tds,0.5,0.41976049043501795,0.41976049043501795,0.1604790191299641
00-0035261,Tony Pollard,RB,TEN,2026,4,2026,5,HOU,11/10,receiving_yards_rb,receiving_yds,10.2,0.41987518209699554,0.41987518209699554,0.16024963580600893
00-0040172,Jordan Watkins,WR,SF,2025,8,2026,5,SEA,11/10,receiving_yards,receiving_yds,7.0,0.5799838900566101,0.5799838900566101,0.15996778011322021
00-0036924,Michael Carter,RB,ARI,2025,18,2026,5,DET,11/10,period_1_2_receiving_yds,period_1_2_receiving_yds,6.8,0.4203134640468139,0.4203134640468139,0.15937307190637218
00-0040078,Brashard Smith,RB,KC,2026,3,2026,6,LAC,18/10,receiving_yards_rb,receiving_yds,11.0,0.4203648902629591,0.4203648902629591,0.15927021947408182
00-0040583,Woody Marks,RB,HOU,2026,18,2026,5,TEN,11/10,season_rush_yards,season_rush_yards,87.0,0.5795606166294909,0.5795606166294909,0.15912123325898175
00-0036875,Rhamondre Stevenson,RB,NE,2026,18,2026,5,LV,11/10,season_rec_tds,season_rec_tds,0.0,0.42060525409824945,0.42060525409824945,0.1587894918035011
00-0034348,Courtland Sutton,WR,DEN,2026,4,2026,5,LAC,11/10,period_1_2_receiving_yds,period_1_2_receiving_yds,5.5,0.5793823744166063,0.5793823744166063,0.15876474883321268
00-0038559,Michael Wilson,WR,ARI,2026,4,2026,5,DET,11/10,period_1_2_receiving_yds,period_1_2_receiving_yds,34.8,0.579198848873656,0.579198848873656,0.15839769774731205
00-0034960,Jakobi Meyers,WR,JAX,2026,18,2026,5,PHI,11/10,season_rush_yards,season_rush_yards,2.0,0.42126762120182376,0.42126762120182376,0.15746475759635248
00-0036410,Tee Higgins,WR,CIN,2026,4,2026,5,MIA,11/10,rush_rec_tds,rush_rec_tds,0.5,0.4213229534559739,0.4213229534559739,0.15735409308805215
00-0040719,Bhayshul Tuten,RB,JAX,2026,4,2026,5,PHI,11/10,period_1_2_receiving_yds,period_1_2_receiving_yds,-0.2,0.4214708111408112,0.4214708111408112,0.1570583777183776
00-0036971,Trevor Lawrence,QB,JAX,2026,4,2026,5,PHI,11/10,passing_ints,passing_ints,0.7,0.42147491301494533,0.42147491301494533,0.15705017397010934
00-0040494,Max Brosmer,QB,MIN,2025,18,2026,5,NO,11/10,period_1_passing_yds,period_1_passing_yds,5.1,0.42148628868023486,0.42148628868023486,0.1570274226395303
00-0035208,Olamide Zaccheaus,WR,ATL,2026,4,2026,5,BAL,11/10,receptions,receptions,1.9,0.42162513732910156,0.42162513732910156,0.15674972534179688
00-0036876,Kylen Granson,TE,PHI,2025,18,2026,5,JAX,11/10,period_1_2_receiving_yds,period_1_2_receiving_yds,2.5,0.4217849430840089,0.4217849430840089,0.15643011383198224
00-0040784,Quinshon Judkins,RB,CLE,2026,4,2026,5,NYJ,11/10,period_1_2_rushing_yds,period_1_2_rushing_yds,22.8,0.5781943406581062,0.5781943406581062,0.1563886813162123
00-0038090,Skyy Moore,WR,SF,2025,5,2026,5,SEA,11/10,receiving_yards,receiving_yds,11.5,0.4219329357147217,0.4219329357147217,0.15613412857055664
00-0038935,Brenton Strange,TE,JAX,2026,4,2026,5,PHI,11/10,receiving_yards,receiving_yds,41.1,0.42221248149871826,0.42221248149871826,0.15557503700256348
00-0041117,Athan Kaliakmanis,QB,WAS,2026,4,2026,5,NYG,11/10,period_1_2_passing_tds,period_1_2_passing_tds,0.0,0.5776813154716085,0.5776813154716085,0.155362630943217
00-0041550,Brenen Thompson,WR,LAC,2026,2,2026,5,DEN,11/10,receiving_yards,receiving_yds,13.0,0.5775803923606873,0.5775803923606873,0.1551607847213745
00-0041032,Kenyon Sadiq,TE,NYJ,2026,18,2026,5,CLE,11/10,season_rush_yards,season_rush_yards,3.0,0.5775446706640556,0.5775446706640556,0.15508934132811114
00-0038710,Blake Whiteheart,TE,CLE,2024,12,2026,5,NYJ,11/10,receptions,receptions,2.0,0.4224855303764343,0.4224855303764343,0.15502893924713135
00-0036543,Spencer Brown,RB,CAR,2022,9,2026,6,PHI,18/10,receiving_yards_rb,receiving_yds,5.0,0.42257338068721195,0.42257338068721195,0.1548532386255761
00-0040590,Konata Mumpfield,WR,LA,2026,18,2026,5,BUF,12/10,season_receiving_yards,season_receiving_yards,112.0,0.5773931628788322,0.5773931628788322,0.1547863257576645
00-0036626,Dyami Brown,WR,WAS,2026,18,2026,5,NYG,11/10,season_rec_tds,season_rec_tds,0.0,0.42266312156651153,0.42266312156651153,0.15467375686697693
00-0040734,TreVeyon Henderson,RB,NE,2026,4,2026,5,LV,11/10,rushing_yards,rushing_yds,56.2,0.42268428206443787,0.42268428206443787,0.15463143587112427
00-0037248,James Cook,RB,BUF,2026,4,2026,5,LA,12/10,period_1_2_receiving_yds,period_1_2_receiving_yds,2.2,0.422754415430683,0.422754415430683,0.15449116913863403
00-0036250,Tyler Davis,TE,JAX,2020,6,2026,5,PHI,11/10,receptions,receptions,0.0,0.5770328044891357,0.5770328044891357,0.15406560897827148
00-0039811,MarShawn Lloyd,RB,GB,2026,4,2026,5,CHI,11/10,period_1_2_receiving_yds,period_1_2_receiving_yds,5.2,0.4230189576444628,0.4230189576444628,0.15396208471107442
00-0032951,Laquon Treadwell,WR,IND,2026,4,2026,5,PIT,11/10,period_1_2_receiving_yds,period_1_2_receiving_yds,5.2,0.4230189576444628,0.4230189576444628,0.15396208471107442
00-0036543,Spencer Brown,RB,CAR,2022,9,2026,6,PHI,18/10,period_1_2_receiving_yds,period_1_2_receiving_yds,0.5,0.42309615733198735,0.42309615733198735,0.1538076853360253
00-0041052,Kaelon Black,RB,SF,2026,4,2026,5,SEA,11/10,period_1_rushing_yds,period_1_rushing_yds,2.0,0.4231642305934361,0.4231642305934361,0.15367153881312778
00-0040134,Pat Bryant,WR,DEN,2026,18,2026,5,LAC,11/10,season_receiving_yards,season_receiving_yards,133.0,0.5768100233578731,0.5768100233578731,0.15362004671574625
00-0040124,Tetairoa McMillan,WR,CAR,2026,4,2026,6,PHI,18/10,receiving_yards,receiving_yds,68.8,0.42320969700813293,0.42320969700813293,0.15358060598373413
00-0040739,Elijah Arroyo,TE,SEA,2025,14,2026,5,SF,11/10,receiving_yards,receiving_yds,13.8,0.42321503162384033,0.42321503162384033,0.15356993675231934
00-0033757,Robert Tonyan,TE,CHI,2023,17,2026,5,GB,11/10,receptions,receptions,1.4,0.42322051525115967,0.42322051525115967,0.15355896949768066
00-0031408,Mike Evans,WR,SF,2026,18,2026,5,SEA,11/10,season_rush_yards,season_rush_yards,0.0,0.5766720499098583,0.5766720499098583,0.15334409981971664
00-0036626,Dyami Brown,WR,WAS,2026,4,2026,5,NYG,11/10,receiving_yards,receiving_yds,22.2,0.42371922731399536,0.42371922731399536,0.15256154537200928
00-0037256,Rachaad White,RB,WAS,2026,3,2026,5,NYG,11/10,rushing_yards,rushing_yds,35.2,0.42398345470428467,0.42398345470428467,0.15203309059143066
00-0036264,Jordan Love,QB,GB,2026,4,2026,5,CHI,11/10,period_1_2_passing_yds,period_1_2_passing_yds,101.8,0.5759921125066045,0.5759921125066045,0.15198422501320907
00-0041489,Germie Bernard,WR,PIT,2026,4,2026,5,IND,11/10,receptions,receptions,2.3,0.4240975081920624,0.4240975081920624,0.15180498361587524
00-0038454,Keaton Mitchell,RB,LAC,2026,4,2026,5,DEN,11/10,period_1_rushing_yds,period_1_rushing_yds,3.2,0.4242147907043159,0.4242147907043159,0.15157041859136822
00-0035659,Terry McLaurin,WR,WAS,2026,3,2026,5,NYG,11/10,receiving_yards,receiving_yds,59.4,0.42433327436447144,0.42433327436447144,0.15133345127105713
00-0040237,Tez Johnson,WR,TB,2026,4,2026,5,DAL,08/10,receiving_yards,receiving_yds,24.2,0.42433345317840576,0.42433345317840576,0.15133309364318848
00-0031503,Jameis Winston,QB,NYG,2026,4,2026,5,WAS,11/10,passing_yards,passing_yds,197.9,0.42436904431798583,0.42436904431798583,0.15126191136402833
00-0039893,Brian Thomas Jr.,WR,JAX,2026,18,2026,5,PHI,11/10,season_rec_tds,season_rec_tds,1.0,0.42442782145263686,0.42442782145263686,0.1511443570947263
00-0036980,Elijah Moore,WR,DEN,2025,21,2026,5,LAC,11/10,receptions,receptions,1.8,0.4246520698070526,0.4246520698070526,0.15069586038589478
00-0041037,Denzel Boston,WR,CLE,2026,4,2026,5,NYJ,11/10,period_1_2_receiving_yds,period_1_2_receiving_yds,20.5,0.42481602151737335,0.42481602151737335,0.1503679569652533
00-0040715,Cam Skattebo,RB,NYG,2026,4,2026,5,WAS,11/10,rush_rec_tds,rush_rec_tds,0.5,0.42537054608625285,0.42537054608625285,0.1492589078274943
00-0033873,Patrick Mahomes,QB,KC,2026,4,2026,6,LAC,18/10,passing_ints,passing_ints,0.8,0.4253757107802846,0.4253757107802846,0.14924857843943085
00-0031450,Josh Harris,RB,PIT,2014,18,2026,5,IND,11/10,period_1_rushing_yds,period_1_rushing_yds,1.0,0.42541497901606573,0.42541497901606573,0.14917004196786854
00-0041067,Bryce Lance,WR,NO,2026,4,2026,5,MIN,11/10,period_1_2_receiving_yds,period_1_2_receiving_yds,6.5,0.4256790897209979,0.4256790897209979,0.14864182055800423
00-0039919,Rome Odunze,WR,CHI,2026,4,2026,5,GB,11/10,receiving_yards,receiving_yds,51.1,0.4256817102432251,0.4256817102432251,0.1486365795135498
00-0040129,Emeka Egbuka,WR,TB,2026,18,2026,5,DAL,08/10,season_rec_tds,season_rec_tds,1.0,0.5742524999761884,0.5742524999761884,0.14850499995237687
00-0039918,Caleb Williams,QB,CHI,2026,2,2026,5,GB,11/10,passing_yards,passing_yds,236.8,0.4258299054521264,0.4258299054521264,0.1483401890957472
00-0030565,Geno Smith,QB,NYJ,2026,4,2026,5,CLE,11/10,period_1_passing_yds,period_1_passing_yds,31.0,0.5741128337283495,0.5741128337283495,0.14822566745669907
00-0037816,Romeo Doubs,WR,NE,2026,18,2026,5,LV,11/10,season_rec_tds,season_rec_tds,2.0,0.4258912087249183,0.4258912087249183,0.14821758255016337
00-0039376,Spencer Rattler,QB,NO,2025,15,2026,5,MIN,11/10,passing_yards,passing_yds,181.4,0.4258921929576757,0.4258921929576757,0.14821561408464856
00-0040784,Quinshon Judkins,RB,CLE,2026,4,2026,5,NYJ,11/10,period_1_2_receiving_yds,period_1_2_receiving_yds,11.5,0.42596786808283554,0.42596786808283554,0.1480642638343289
00-0037524,Tay Martin,WR,TEN,2024,18,2026,5,HOU,11/10,receptions,receptions,1.0,0.5740051865577698,0.5740051865577698,0.14801037311553955
00-0038994,Jordan Addison,WR,MIN,2026,18,2026,5,NO,11/10,season_rec_tds,season_rec_tds,1.0,0.5740034098664251,0.5740034098664251,0.14800681973285013
00-0032392,Austin Hooper,TE,ATL,2026,4,2026,5,BAL,11/10,receiving_yards,receiving_yds,15.7,0.4261611998081207,0.4261611998081207,0.14767760038375854
00-0039032,Tyjae Spears,RB,TEN,2026,4,2026,5,HOU,11/10,period_1_2_rushing_yds,period_1_2_rushing_yds,5.8,0.42619116324482903,0.42619116324482903,0.14761767351034194
00-0039811,MarShawn Lloyd,RB,GB,2026,18,2026,5,CHI,11/10,season_rush_yards,season_rush_yards,81.0,0.5737829321292057,0.5737829321292057,0.14756586425841145
00-0036355,Justin Herbert,QB,LAC,2026,18,2026,5,DEN,11/10,season_rush_yards,season_rush_yards,88.0,0.426230502383818,0.426230502383818,0.14753899523236402
00-0040242,Jacory Croskey-Merritt,RB,WAS,2026,4,2026,5,NYG,11/10,period_1_2_rushing_yds,period_1_2_rushing_yds,28.0,0.4262780655425465,0.4262780655425465,0.14744386891490702
00-0040206,Riley Leonard,QB,IND,2025,18,2026,5,PIT,11/10,passing_yards,passing_yds,83.0,0.5736850330035691,0.5736850330035691,0.1473700660071382
00-0040242,Jacory Croskey-Merritt,RB,WAS,2026,4,2026,5,NYG,11/10,rushing_yards,rushing_yds,42.4,0.4263591766357422,0.4263591766357422,0.14728164672851562
00-0036543,Spencer Brown,RB,CAR,2022,9,2026,6,PHI,18/10,period_1_2_rushing_yds,period_1_2_rushing_yds,7.0,0.4263918717467896,0.4263918717467896,0.14721625650642078
00-0038041,Jake Ferguson,TE,DAL,2026,4,2026,5,TB,08/10,receiving_yards,receiving_yds,25.7,0.42649197578430176,0.42649197578430176,0.14701604843139648
00-0041042,Malachi Fields,WR,NYG,2026,4,2026,5,WAS,11/10,receptions,receptions,2.0,0.4266435503959656,0.4266435503959656,0.14671289920806885
00-0038608,Kayshon Boutte,WR,HOU,2026,18,2026,5,TEN,11/10,season_rec_tds,season_rec_tds,0.0,0.426648302480522,0.426648302480522,0.14670339503895602
00-0032950,Carson Wentz,QB,MIN,2026,2,2026,5,NO,11/10,period_1_passing_yds,period_1_passing_yds,26.0,0.4267414592178784,0.4267414592178784,0.14651708156424315
00-0039163,C.J. Stroud,QB,HOU,2026,4,2026,5,TEN,11/10,period_1_passing_yds,period_1_passing_yds,66.5,0.4268492083645019,0.4268492083645019,0.14630158327099618
00-0040948,J. Michael Sturdivant,WR,GB,2026,4,2026,5,CHI,11/10,receiving_yards,receiving_yds,11.0,0.5730921030044556,0.5730921030044556,0.14618420600891113
00-0033537,Deshaun Watson,QB,CLE,2026,4,2026,5,NYJ,11/10,passing_ints,passing_ints,0.5,0.4269157372183722,0.4269157372183722,0.14616852556325555
00-0041438,Carnell Tate,WR,TEN,2026,4,2026,5,HOU,11/10,receptions,receptions,5.5,0.42709487676620483,0.42709487676620483,0.14581024646759033
00-0039139,Jahmyr Gibbs,RB,DET,2026,4,2026,5,ARI,11/10,period_1_2_receiving_yds,period_1_2_receiving_yds,26.2,0.4271390452177764,0.4271390452177764,0.1457219095644472
00-0039067,Rashee Rice,WR,KC,2026,3,2026,6,LAC,18/10,receiving_yards,receiving_yds,70.9,0.4271891117095947,0.4271891117095947,0.14562177658081055
00-0039139,Jahmyr Gibbs,RB,DET,2026,4,2026,5,ARI,11/10,rushing_yards,rushing_yds,78.2,0.4272214472293854,0.4272214472293854,0.14555710554122925
00-0040669,Isaac TeSlaa,WR,DET,2026,4,2026,5,ARI,11/10,receiving_yards,receiving_yds,24.0,0.5725122690200806,0.5725122690200806,0.14502453804016113
00-0038998,Jake Haener,QB,NO,2024,15,2026,5,MIN,11/10,period_1_2_passing_yds,period_1_2_passing_yds,6.1,0.42749676763711525,0.42749676763711525,0.1450064647257695
00-0037252,Greg Dulcich,TE,MIA,2026,3,2026,5,CIN,11/10,period_1_2_receiving_yds,period_1_2_receiving_yds,10.0,0.4276750593426716,0.4276750593426716,0.14464988131465684
00-0040646,Jalen Royals,WR,KC,2026,4,2026,6,LAC,18/10,receptions,receptions,1.2,0.4276810586452484,0.4276810586452484,0.14463788270950317
00-0037805,Jeremy Ruckert,TE,NYJ,2026,3,2026,5,CLE,11/10,receiving_yards,receiving_yds,14.2,0.42773687839508057,0.42773687839508057,0.14452624320983887
00-0028118,Tyrod Taylor,QB,NYJ,2025,14,2026,5,CLE,11/10,passing_tds,passing_tds,0.8,0.4278101323443116,0.4278101323443116,0.14437973531137682
00-0039364,Sione Vaki,RB,DET,2026,18,2026,5,ARI,11/10,season_rush_yards,season_rush_yards,40.0,0.42791915429052446,0.42791915429052446,0.14416169141895108
00-0034829,Mike Gesicki,TE,CIN,2026,4,2026,5,MIA,11/10,receiving_yards,receiving_yds,33.1,0.42805635929107666,0.42805635929107666,0.14388728141784668
00-0033555,Mack Hollins,WR,NE,2026,18,2026,5,LV,11/10,season_rush_yards,season_rush_yards,0.0,0.5719002583883565,0.5719002583883565,0.1438005167767129
00-0033288,George Kittle,TE,SF,2026,4,2026,5,SEA,11/10,receiving_yards,receiving_yds,54.9,0.4281429946422577,0.4281429946422577,0.14371401071548462
00-0037247,George Pickens,WR,DAL,2026,4,2026,5,TB,08/10,receptions,receptions,5.5,0.4282274544239044,0.4282274544239044,0.14354509115219116
00-0023459,Aaron Rodgers,QB,PIT,2026,4,2026,5,IND,11/10,period_1_2_passing_tds,period_1_2_passing_tds,1.0,0.4283355010591414,0.4283355010591414,0.14332899788171716
00-0037291,Jalen Nailor,WR,LV,2026,3,2026,5,NE,11/10,receiving_yards,receiving_yds,24.9,0.4284141957759857,0.4284141957759857,0.14317160844802856
00-0037228,Jaylen Warren,RB,PIT,2026,4,2026,5,IND,11/10,period_1_rushing_yds,period_1_rushing_yds,15.5,0.4284228202042589,0.4284228202042589,0.14315435959148215
00-0037005,Tommy Tremble,TE,CAR,2026,4,2026,6,PHI,18/10,receptions,receptions,1.9,0.5715343356132507,0.5715343356132507,0.14306867122650146
00-0039491,Jalen Coker,WR,CAR,2026,3,2026,6,PHI,18/10,receptions,receptions,4.2,0.4285139739513397,0.4285139739513397,0.14297205209732056
00-0038608,Kayshon Boutte,WR,HOU,2026,4,2026,5,TEN,11/10,receiving_yards,receiving_yds,33.3,0.42852669954299927,0.42852669954299927,0.14294660091400146
00-0039732,Bo Nix,QB,DEN,2026,4,2026,5,LAC,11/10,period_1_2_passing_yds,period_1_2_passing_yds,100.0,0.5714045216233042,0.5714045216233042,0.14280904324660848
00-0038643,Brayden Willis,TE,SF,2024,18,2026,5,SEA,11/10,receptions,receptions,0.0,0.571317195892334,0.571317195892334,0.14263439178466797
00-0039451,Isaiah Williams,WR,NYJ,2026,18,2026,5,CLE,11/10,season_receiving_yards,season_receiving_yards,135.0,0.42869099571735847,0.42869099571735847,0.14261800856528306
00-0036628,John Bates,TE,WAS,2026,3,2026,5,NYG,11/10,period_1_2_receiving_yds,period_1_2_receiving_yds,2.5,0.42877907054521286,0.42877907054521286,0.14244185890957428
00-0027973,Andy Dalton,QB,PHI,2026,3,2026,5,JAX,11/10,passing_yards,passing_yds,131.9,0.42885937902072824,0.42885937902072824,0.14228124195854353
00-0040583,Woody Marks,RB,HOU,2026,4,2026,5,TEN,11/10,period_1_2_receiving_yds,period_1_2_receiving_yds,2.0,0.428985007087046,0.428985007087046,0.14202998582590798
00-0039365,Jacob Cowing,WR,SF,2026,3,2026,5,SEA,11/10,receiving_yards,receiving_yds,20.0,0.42906612157821655,0.42906612157821655,0.1418677568435669
00-0038542,Bijan Robinson,RB,ATL,2026,18,2026,5,BAL,11/10,season_rec_tds,season_rec_tds,1.0,0.42910113333440086,0.42910113333440086,0.14179773333119827
00-0034613,Tanner Hudson,TE,CIN,2026,3,2026,5,MIA,11/10,receiving_yards,receiving_yds,15.8,0.4291207790374756,0.4291207790374756,0.14175844192504883
00-0036875,Rhamondre Stevenson,RB,NE,2026,18,2026,5,LV,11/10,season_receiving_yards,season_receiving_yards,90.0,0.5708637192608101,0.5708637192608101,0.14172743852162029
00-0040948,J. Michael Sturdivant,WR,GB,2026,4,2026,5,CHI,11/10,period_1_2_receiving_yds,period_1_2_receiving_yds,0.0,0.4291475574115973,0.4291475574115973,0.14170488517680535
00-0038551,Kendre Miller,RB,NO,2026,4,2026,5,MIN,11/10,period_1_2_receiving_yds,period_1_2_receiving_yds,0.0,0.4291475574115973,0.4291475574115973,0.14170488517680535
00-0039847,Theo Johnson,TE,NYG,2026,4,2026,5,WAS,11/10,period_1_2_receiving_yds,period_1_2_receiving_yds,0.0,0.4291475574115973,0.4291475574115973,0.14170488517680535
00-0033699,Austin Ekeler,RB,WAS,2026,4,2026,5,NYG,11/10,period_1_2_receiving_yds,period_1_2_receiving_yds,0.0,0.4291475574115973,0.4291475574115973,0.14170488517680535
00-0033589,David Moore,WR,CAR,2026,3,2026,6,PHI,18/10,period_1_2_receiving_yds,period_1_2_receiving_yds,0.0,0.4291475574115973,0.4291475574115973,0.14170488517680535
00-0039589,Kameron Johnson,WR,TB,2026,4,2026,5,DAL,08/10,period_1_2_receiving_yds,period_1_2_receiving_yds,0.0,0.4291475574115973,0.4291475574115973,0.14170488517680535
00-0036463,Chris Blair,WR,ATL,2026,3,2026,5,BAL,11/10,period_1_2_receiving_yds,period_1_2_receiving_yds,0.0,0.4291475574115973,0.4291475574115973,0.14170488517680535
00-0036187,Reggie Gilliam,RB,NE,2026,2,2026,5,LV,11/10,period_1_2_receiving_yds,period_1_2_receiving_yds,0.0,0.4291475574115973,0.4291475574115973,0.14170488517680535
00-0040198,Ollie Gordon II,RB,MIA,2026,4,2026,5,CIN,11/10,period_1_2_receiving_yds,period_1_2_receiving_yds,-1.7,0.42939334715306865,0.42939334715306865,0.1412133056938627
00-0033280,Christian McCaffrey,RB,SF,2026,18,2026,5,SEA,11/10,season_rush_yards,season_rush_yards,218.0,0.5705737996041578,0.5705737996041578,0.14114759920831554
00-0036894,Pat Freiermuth,TE,PIT,2026,18,2026,5,IND,11/10,season_rush_yards,season_rush_yards,3.0,0.5705177651915654,0.5705177651915654,0.14103553038313077
00-0036972,Mac Jones,QB,SF,2026,2,2026,5,SEA,11/10,rushing_yards_qb,rushing_yds,6.5,0.4297767820873702,0.4297767820873702,0.14044643582525962
00-0039917,Michael Penix Jr.,QB,ATL,2026,4,2026,5,BAL,11/10,passing_tds,passing_tds,0.9,0.4298615699507088,0.4298615699507088,0.14027686009858242
00-0038128,Malik Willis,QB,MIA,2026,4,2026,5,CIN,11/10,period_1_2_passing_yds,period_1_2_passing_yds,90.2,0.4299097466641539,0.4299097466641539,0.14018050667169224
00-0036971,Trevor Lawrence,QB,JAX,2026,4,2026,5,PHI,11/10,passing_yards,passing_yds,233.3,0.43021225944856245,0.43021225944856245,0.1395754811028751
00-0036527,D.J. Turner,WR,LV,2024,13,2026,5,NE,11/10,receiving_yards,receiving_yds,13.2,0.569696307182312,0.569696307182312,0.13939261436462402
00-0040782,Isaiah Bond,WR,CLE,2026,4,2026,5,NYJ,11/10,receptions,receptions,1.2,0.43044182658195496,0.43044182658195496,0.1391163468360901
00-0033921,Chris Godwin Jr.,WR,TB,2026,18,2026,5,DAL,08/10,season_receiving_yards,season_receiving_yards,142.0,0.43054092523949467,0.43054092523949467,0.13891814952101067
00-0038797,Emanuel Wilson,RB,SEA,2026,4,2026,5,SF,11/10,rushing_yards,rushing_yds,36.8,0.5693738460540771,0.5693738460540771,0.1387476921081543
00-0040719,Bhayshul Tuten,RB,JAX,2026,18,2026,5,PHI,11/10,season_receiving_yards,season_receiving_yards,54.0,0.5693657847876344,0.5693657847876344,0.1387315695752689
00-0032764,Derrick Henry,RB,BAL,2026,4,2026,5,ATL,11/10,period_1_2_rush_rec_tds,period_1_2_rush_rec_tds,0.5,0.4308706033323868,0.4308706033323868,0.1382587933352264
00-0033077,Dak Prescott,QB,DAL,2026,4,2026,5,TB,08/10,rushing_yards_qb,rushing_yds,12.1,0.43089565544441905,0.43089565544441905,0.1382086891111619
00-0039910,Jayden Daniels,QB,WAS,2026,2,2026,5,NYG,11/10,passing_yards,passing_yds,193.3,0.4310008619691425,0.4310008619691425,0.137998276061715
00-0031610,Darren Waller,TE,CAR,2026,4,2026,6,PHI,18/10,receiving_yards,receiving_yds,37.4,0.43100520968437195,0.43100520968437195,0.1379895806312561
00-0040876,Elijah Sarratt,WR,BAL,2026,4,2026,5,ATL,11/10,receptions,receptions,1.0,0.5687661170959473,0.5687661170959473,0.13753223419189453
00-0035710,Daniel Jones,QB,IND,2026,4,2026,5,PIT,11/10,passing_tds,passing_tds,1.3,0.4313094727454032,0.4313094727454032,0.13738105450919358
00-0037012,Trey Lance,QB,LAC,2025,18,2026,5,DEN,11/10,rushing_yards_qb,rushing_yds,22.6,0.4313098598204816,0.4313098598204816,0.13738028035903682
00-0037256,Rachaad White,RB,WAS,2026,3,2026,5,NYG,11/10,period_1_rushing_yds,period_1_rushing_yds,3.0,0.4313852321483649,0.4313852321483649,0.13722953570327023
00-0026498,Matthew Stafford,QB,LA,2026,4,2026,5,BUF,12/10,period_1_2_passing_yds,period_1_2_passing_yds,139.8,0.5685461064338848,0.5685461064338848,0.13709221286776963
00-0026498,Matthew Stafford,QB,LA,2026,4,2026,5,BUF,12/10,period_1_passing_yds,period_1_passing_yds,60.0,0.5685373172522528,0.5685373172522528,0.13707463450450552
00-0034383,Dalton Schultz,TE,HOU,2026,4,2026,5,TEN,11/10,receiving_yards,receiving_yds,46.4,0.4315128028392792,0.4315128028392792,0.13697439432144165
00-0036875,Rhamondre Stevenson,RB,NE,2026,4,2026,5,LV,11/10,period_1_rushing_yds,period_1_rushing_yds,6.8,0.43156453015599366,0.43156453015599366,0.13687093968801267
00-0040737,Terrance Ferguson,TE,LA,2026,3,2026,5,BUF,12/10,period_1_2_receiving_yds,period_1_2_receiving_yds,9.7,0.43171790510498675,0.43171790510498675,0.1365641897900265
00-0041438,Carnell Tate,WR,TEN,2026,4,2026,5,HOU,11/10,period_1_receiving_yds,period_1_receiving_yds,11.2,0.4318181818181818,0.43477408632474185,0.13636363636363635
00-0033873,Patrick Mahomes,QB,KC,2026,4,2026,6,LAC,18/10,passing_yards,passing_yds,261.2,0.43193841773800207,0.43193841773800207,0.13612316452399587
00-0037238,Drake London,WR,ATL,2026,18,2026,5,BAL,11/10,season_rush_yards,season_rush_yards,4.0,0.5679118298761441,0.5679118298761441,0.13582365975228816
00-0033526,Samaje Perine,RB,CIN,2026,18,2026,5,MIA,11/10,season_receiving_yards,season_receiving_yards,51.0,0.4323005155192453,0.4323005155192453,0.13539896896150938
00-0033537,Deshaun Watson,QB,CLE,2026,4,2026,5,NYJ,11/10,rushing_yards_qb,rushing_yds,23.2,0.43238089307577837,0.43238089307577837,0.13523821384844326
00-0041104,Demond Claiborne,RB,MIN,2026,4,2026,5,NO,11/10,period_1_2_rushing_yds,period_1_2_rushing_yds,0.7,0.4323852460245252,0.4323852460245252,0.13522950795094957
00-0030279,Keenan Allen,WR,IND,2026,3,2026,5,PIT,11/10,receiving_yards,receiving_yds,38.3,0.43245112895965576,0.43245112895965576,0.13509774208068848
00-0036997,Javonte Williams,RB,DAL,2026,4,2026,5,TB,08/10,receiving_yards_rb,receiving_yds,8.8,0.5675310679788454,0.5675310679788454,0.1350621359576909
00-0039424,Devaughn Vele,WR,NO,2026,4,2026,5,MIN,11/10,receiving_yards,receiving_yds,37.2,0.4325379431247711,0.4325379431247711,0.13492411375045776
00-0036970,Kyle Pitts,TE,ATL,2026,18,2026,5,BAL,11/10,season_receiving_yards,season_receiving_yards,67.0,0.5673806840686171,0.5673806840686171,0.13476136813723416
00-0040894,Malik Benson,WR,LV,2026,1,2026,5,NE,11/10,receiving_yards,receiving_yds,6.0,0.5672920346260071,0.5672920346260071,0.13458406925201416
00-0037091,Bo Melton,WR,GB,2024,19,2026,5,CHI,11/10,receptions,receptions,1.4,0.43282753229141235,0.43282753229141235,0.1343449354171753
00-0035993,Tyler Huntley,QB,BAL,2026,4,2026,5,ATL,11/10,passing_yards,passing_yds,95.1,0.5671338946172118,0.5671338946172118,0.1342677892344235
00-0040189,Oronde Gadsden II,TE,LAC,2026,4,2026,5,DEN,11/10,period_1_2_receiving_yds,period_1_2_receiving_yds,8.5,0.4329946722041062,0.4329946722041062,0.1340106555917876
00-0041040,Antonio Williams,WR,WAS,2026,4,2026,5,NYG,11/10,receiving_yards,receiving_yds,31.0,0.43302619457244873,0.43302619457244873,0.13394761085510254
00-0041125,Seth McGowan,RB,IND,2026,4,2026,5,PIT,11/10,period_1_2_rushing_yds,period_1_2_rushing_yds,4.5,0.433036842549586,0.433036842549586,0.13392631490082796
00-0036389,Jalen Hurts,QB,PHI,2026,4,2026,5,JAX,11/10,rushing_yards_qb,rushing_yds,22.4,0.43309788002804234,0.43309788002804234,0.13380423994391533
00-0037840,Kyren Williams,RB,LA,2026,18,2026,5,BUF,12/10,season_rush_yards,season_rush_yards,294.0,0.5667468087946105,0.5667468087946105,0.13349361758922096
00-0037740,Garrett Wilson,WR,NYJ,2026,4,2026,5,CLE,11/10,receptions,receptions,5.4,0.433257520198822,0.433257520198822,0.13348495960235596
00-0036898,Davis Mills,QB,HOU,2025,18,2026,5,TEN,11/10,passing_tds,passing_tds,0.4,0.566631614182592,0.566631614182592,0.133263228365184
00-0036389,Jalen Hurts,QB,PHI,2026,18,2026,5,JAX,11/10,season_rush_yards,season_rush_yards,105.0,0.43341751017762803,0.43341751017762803,0.13316497964474394
00-0040129,Emeka Egbuka,WR,TB,2026,4,2026,5,DAL,08/10,receiving_yards,receiving_yds,40.4,0.4334656596183777,0.4334656596183777,0.13306868076324463
00-0033106,Jared Goff,QB,DET,2021,4,2026,5,ARI,11/10,rushing_yards_qb,rushing_yds,9.5,0.43361909523396697,0.43361909523396697,0.13276180953206607
00-0040785,Dohnte Meyers,WR,CIN,2026,4,2026,5,MIA,11/10,receiving_yards,receiving_yds,32.2,0.4336768388748169,0.4336768388748169,0.1326463222503662
00-0040138,Jaylin Noel,WR,HOU,2026,4,2026,5,TEN,11/10,receptions,receptions,1.8,0.5662057995796204,0.5662057995796204,0.13241159915924072
00-0040735,Luther Burden III,WR,CHI,2026,4,2026,5,GB,11/10,receiving_yards,receiving_yds,49.2,0.43381524085998535,0.43381524085998535,0.1323695182800293
00-0039062,Jonathan Mingo,WR,DAL,2026,1,2026,5,TB,08/10,receptions,receptions,0.6,0.43382686376571655,0.43382686376571655,0.1323462724685669
00-0040122,Ashton Jeanty,RB,LV,2026,4,2026,5,NE,11/10,rush_rec_tds,rush_rec_tds,0.5,0.4338401796400299,0.4338401796400299,0.13231964071994018
00-0039910,Jayden Daniels,QB,WAS,2026,2,2026,5,NYG,11/10,passing_ints,passing_ints,0.4,0.43397688982915206,0.43397688982915206,0.13204622034169589
00-0028118,Tyrod Taylor,QB,NYJ,2025,14,2026,5,CLE,11/10,passing_yards,passing_yds,139.6,0.5659939984662609,0.5659939984662609,0.13198799693252172
00-0040785,Dohnte Meyers,WR,CIN,2026,18,2026,5,MIA,11/10,season_receiving_yards,season_receiving_yards,129.0,0.5659731121372996,0.5659731121372996,0.13194622427459923
00-0036442,Joe Burrow,QB,CIN,2026,4,2026,5,MIA,11/10,passing_ints,passing_ints,0.7,0.43404515766324414,0.43404515766324414,0.13190968467351172
00-0041042,Malachi Fields,WR,NYG,2026,18,2026,5,WAS,11/10,season_rec_tds,season_rec_tds,1.0,0.434167076805917,0.434167076805917,0.13166584638816603
00-0041052,Kaelon Black,RB,SF,2026,18,2026,5,SEA,11/10,season_rush_yards,season_rush_yards,120.0,0.5656702876597073,0.5656702876597073,0.13134057531941457
00-0036900,Ja'Marr Chase,WR,CIN,2026,4,2026,5,MIA,11/10,rush_rec_tds,rush_rec_tds,0.5,0.43460618281110486,0.43460618281110486,0.13078763437779029
00-0033881,Evan Engram,TE,DEN,2026,18,2026,5,LAC,11/10,season_receiving_yards,season_receiving_yards,66.0,0.5653829564668075,0.5653829564668075,0.13076591293361495
00-0039064,Zay Flowers,WR,BAL,2026,4,2026,5,ATL,11/10,receptions,receptions,5.1,0.4346252679824829,0.4346252679824829,0.13074946403503418
00-0037746,Brian Robinson,RB,ATL,2026,4,2026,5,BAL,11/10,period_1_2_rushing_yds,period_1_2_rushing_yds,23.2,0.4347275189625591,0.4347275189625591,0.13054496207488175
00-0033119,Jacoby Brissett,QB,ARI,2026,4,2026,5,DET,11/10,passing_ints,passing_ints,0.8,0.43473051849662064,0.43473051849662064,0.1305389630067587
00-0039164,Anthony Richardson,QB,IND,2025,5,2026,5,PIT,11/10,passing_yards,passing_yds,136.1,0.43493395399194923,0.43493395399194923,0.13013209201610154
00-0040876,Elijah Sarratt,WR,BAL,2026,4,2026,5,ATL,11/10,receiving_yards,receiving_yds,13.0,0.5650581121444702,0.5650581121444702,0.13011622428894043
00-0036626,Dyami Brown,WR,WAS,2026,18,2026,5,NYG,11/10,season_receiving_yards,season_receiving_yards,86.0,0.5650420485876757,0.5650420485876757,0.1300840971753514
00-0038840,Brycen Tremayne,WR,CAR,2026,4,2026,6,PHI,18/10,receptions,receptions,1.8,0.5649179816246033,0.5649179816246033,0.12983596324920654
00-0036223,Jonathan Taylor,RB,IND,2026,4,2026,5,PIT,11/10,period_1_2_rushing_yds,period_1_2_rushing_yds,39.5,0.5648506611489982,0.5648506611489982,0.12970132229799636
00-0037816,Romeo Doubs,WR,NE,2026,4,2026,5,LV,11/10,receiving_yards,receiving_yds,51.1,0.43535563349723816,0.43535563349723816,0.12928873300552368
00-0035631,Drew Sample,TE,CIN,2025,3,2026,5,MIA,11/10,receptions,receptions,1.8,0.43552887439727783,0.43552887439727783,0.12894225120544434
00-0037805,Jeremy Ruckert,TE,NYJ,2026,3,2026,5,CLE,11/10,receptions,receptions,1.9,0.5641799569129944,0.5641799569129944,0.12835991382598877
00-0039794,Braelon Allen,RB,NYJ,2026,4,2026,5,CLE,11/10,rushing_yards,rushing_yds,20.9,0.5641123056411743,0.5641123056411743,0.12822461128234863
00-0040948,J. Michael Sturdivant,WR,GB,2026,4,2026,5,CHI,11/10,receptions,receptions,1.5,0.5639305710792542,0.5639305710792542,0.1278611421585083
00-0040894,Malik Benson,WR,LV,2026,1,2026,5,NE,11/10,receptions,receptions,1.0,0.563821017742157,0.563821017742157,0.12764203548431396
00-0028986,Case Keenum,QB,LA,2016,4,2026,5,BUF,12/10,rushing_yards_qb,rushing_yds,6.4,0.4362069422541019,0.4362069422541019,0.12758611549179621
00-0026164,Chris Johnson,RB,ARI,2017,5,2026,5,DET,11/10,period_1_rushing_yds,period_1_rushing_yds,4.2,0.5635728521993177,0.5635728521993177,0.12714570439863548
00-0037744,Trey McBride,TE,ARI,2026,4,2026,5,DET,11/10,receiving_yards,receiving_yds,75.4,0.43644294142723083,0.43644294142723083,0.12711411714553833
00-0035535,Darius Slayton,WR,NYG,2025,18,2026,5,WAS,11/10,receptions,receptions,2.4,0.4365791976451874,0.4365791976451874,0.12684160470962524
00-0030279,Keenan Allen,WR,IND,2026,3,2026,5,PIT,11/10,receptions,receptions,4.2,0.43672558665275574,0.43672558665275574,0.12654882669448853
00-0032764,Derrick Henry,RB,BAL,2026,18,2026,5,ATL,11/10,season_receiving_yards,season_receiving_yards,44.0,0.4367798884233306,0.4367798884233306,0.1264402231533388
00-0031381,Davante Adams,WR,LA,2026,18,2026,5,BUF,12/10,season_rush_yards,season_rush_yards,0.0,0.5631914110935381,0.5631914110935381,0.1263828221870762
00-0039451,Isaiah Williams,WR,NYJ,2026,4,2026,5,CLE,11/10,receptions,receptions,2.7,0.43699318170547485,0.43699318170547485,0.1260136365890503
00-0036223,Jonathan Taylor,RB,IND,2026,18,2026,5,PIT,11/10,season_rush_tds,season_rush_tds,6.0,0.437027775840829,0.437027775840829,0.12594444831834195
00-0038400,Tanner McKee,QB,PHI,2025,18,2026,5,JAX,11/10,period_1_2_passing_yds,period_1_2_passing_yds,37.0,0.4370505412317482,0.4370505412317482,0.12589891753650362
00-0035710,Daniel Jones,QB,IND,2026,4,2026,5,PIT,11/10,passing_yards,passing_yds,223.9,0.43713860192561554,0.43713860192561554,0.1257227961487689
00-0040138,Jaylin Noel,WR,HOU,2026,18,2026,5,TEN,11/10,season_receiving_yards,season_receiving_yards,186.0,0.43724987928155507,0.43724987928155507,0.12550024143688987
00-0037840,Kyren Williams,RB,LA,2026,18,2026,5,BUF,12/10,season_receiving_yards,season_receiving_yards,173.0,0.5627280911372619,0.5627280911372619,0.1254561822745237
00-0041558,Sam Roush,TE,CHI,2026,3,2026,5,GB,11/10,receiving_yards,receiving_yds,12.5,0.5626890659332275,0.5626890659332275,0.12537813186645508
00-0034844,Saquon Barkley,RB,PHI,2026,18,2026,5,JAX,11/10,season_rush_tds,season_rush_tds,0.0,0.5626699559432385,0.5626699559432385,0.12533991188647708
00-0038104,Tyquan Thornton,WR,KC,2026,18,2026,6,LAC,18/10,season_rec_tds,season_rec_tds,2.0,0.43750631410972035,0.43750631410972035,0.1249873717805593
00-0035993,Tyler Huntley,QB,BAL,2026,4,2026,5,ATL,11/10,period_1_passing_yds,period_1_passing_yds,0.0,0.43759392125620833,0.43759392125620833,0.12481215748758334
00-0040730,RJ Harvey,RB,DEN,2026,4,2026,5,LAC,11/10,period_1_2_receiving_yds,period_1_2_receiving_yds,24.0,0.4376138767346738,0.4376138767346738,0.12477224653065244
00-0038102,Kenny Pickett,QB,LV,2025,17,2026,5,NE,11/10,passing_tds,passing_tds,0.2,0.4376734057645198,0.4376734057645198,0.12465318847096041
00-0032951,Laquon Treadwell,WR,IND,2026,18,2026,5,PIT,11/10,season_rec_tds,season_rec_tds,0.0,0.4378370572091632,0.4378370572091632,0.12432588558167357
00-0031588,Stefon Diggs,WR,WAS,2026,4,2026,5,NYG,11/10,receptions,receptions,4.5,0.4378732740879059,0.4378732740879059,0.12425345182418823
00-0030801,Brandon Coleman,WR,NO,2017,18,2026,5,MIN,11/10,receptions,receptions,1.8,0.5621168613433838,0.5621168613433838,0.12423372268676758
00-0039407,Dylan Laube,RB,LV,2025,15,2026,5,NE,11/10,period_1_2_rushing_yds,period_1_2_rushing_yds,0.5,0.43789739430071656,0.43789739430071656,0.12420521139856688
00-0032950,Carson Wentz,QB,MIN,2026,2,2026,5,NO,11/10,passing_tds,passing_tds,0.9,0.4379457136332416,0.4379457136332416,0.12410857273351683
00-0040583,Woody Marks,RB,HOU,2026,4,2026,5,TEN,11/10,receiving_yards_rb,receiving_yds,8.9,0.4380510838196025,0.4380510838196025,0.12389783236079499
00-0033110,Tyler Higbee,TE,LA,2026,4,2026,5,BUF,12/10,period_1_2_receiving_yds,period_1_2_receiving_yds,20.7,0.4381057654719921,0.4381057654719921,0.12378846905601582
00-0037740,Garrett Wilson,WR,NYJ,2026,4,2026,5,CLE,11/10,receiving_yards,receiving_yds,62.9,0.4383389353752136,0.4383389353752136,0.12332212924957275
00-0040736,Mason Taylor,TE,NYJ,2026,1,2026,5,CLE,11/10,receiving_yards,receiving_yds,26.2,0.4383402168750763,0.4383402168750763,0.12331956624984741
00-0035229,T.J. Hockenson,TE,MIN,2026,18,2026,5,NO,11/10,season_receiving_yards,season_receiving_yards,195.0,0.5616326331545198,0.5616326331545198,0.12326526630903967
00-0040122,Ashton Jeanty,RB,LV,2026,18,2026,5,NE,11/10,season_rec_tds,season_rec_tds,2.0,0.43844825564053463,0.43844825564053463,0.12310348871893073
00-0035644,Noah Fant,TE,NO,2026,3,2026,5,MIN,11/10,period_1_2_receiving_yds,period_1_2_receiving_yds,9.0,0.5614455610433585,0.5614455610433585,0.12289112208671704
00-0035229,T.J. Hockenson,TE,MIN,2026,4,2026,5,NO,11/10,receptions,receptions,4.0,0.4386107623577118,0.4386107623577118,0.12277847528457642
00-0038606,Parker Washington,WR,JAX,2026,18,2026,5,PHI,11/10,season_rush_yards,season_rush_yards,3.0,0.43865471623973507,0.43865471623973507,0.12269056752052987
00-0038400,Tanner McKee,QB,PHI,2025,18,2026,5,JAX,11/10,passing_ints,passing_ints,0.2,0.4387095506425037,0.4387095506425037,0.12258089871499256
00-0040189,Oronde Gadsden II,TE,LAC,2026,4,2026,5,DEN,11/10,receptions,receptions,2.9,0.4387834072113037,0.4387834072113037,0.12243318557739258
00-0041438,Carnell Tate,WR,TEN,2026,4,2026,5,HOU,11/10,receiving_yards,receiving_yds,67.0,0.43897923827171326,0.43897923827171326,0.12204152345657349
00-0035264,Jarrett Stidham,QB,DEN,2025,21,2026,5,LAC,11/10,passing_yards,passing_yds,96.3,0.5609325648685277,0.5609325648685277,0.12186512973705543
00-0040024,Darius Cooper,WR,PHI,2026,4,2026,5,JAX,11/10,period_1_2_receiving_yds,period_1_2_receiving_yds,14.0,0.43909070856763277,0.43909070856763277,0.12181858286473446
00-0034857,Josh Allen,QB,BUF,2026,4,2026,5,LA,12/10,period_1_passing_yds,period_1_passing_yds,48.2,0.4392064793965952,0.4392064793965952,0.12158704120680963
00-0035704,Drew Lock,QB,SEA,2026,2,2026,5,SF,11/10,passing_tds,passing_tds,0.8,0.43930765031614094,0.43930765031614094,0.12138469936771812
00-0038640,Jalen Brooks,WR,ARI,2026,3,2026,5,DET,11/10,receiving_yards,receiving_yds,14.3,0.5606685876846313,0.5606685876846313,0.1213371753692627
00-0038621,DeMario Douglas,WR,NE,2026,4,2026,5,LV,11/10,receiving_yards,receiving_yds,21.9,0.4394136667251587,0.4394136667251587,0.12117266654968262
00-0036223,Jonathan Taylor,RB,IND,2026,4,2026,5,PIT,11/10,period_1_2_rush_rec_tds,period_1_2_rush_rec_tds,0.5,0.43946713952185074,0.43946713952185074,0.12106572095629853
00-0040676,Cam Ward,QB,TEN,2026,4,2026,5,HOU,11/10,passing_tds,passing_tds,1.0,0.43957465727490397,0.43957465727490397,0.12085068545019206
00-0041529,Kevin Coleman Jr.,WR,MIA,2026,4,2026,5,CIN,11/10,receiving_yards,receiving_yds,2.0,0.560424268245697,0.560424268245697,0.12084853649139404
00-0038558,Darnell Washington,TE,PIT,2026,18,2026,5,IND,11/10,season_receiving_yards,season_receiving_yards,119.0,0.560308715165949,0.560308715165949,0.12061743033189809
00-0028986,Case Keenum,QB,CHI,2026,3,2026,5,GB,11/10,passing_tds,passing_tds,0.5,0.5601435034992539,0.5601435034992539,0.1202870069985078
00-0033119,Jacoby Brissett,QB,ARI,2026,18,2026,5,DET,11/10,season_rush_yards,season_rush_yards,43.0,0.44014052140772064,0.44014052140772064,0.11971895718455872
00-0036212,Tua Tagovailoa,QB,MIA,2025,15,2026,5,CIN,11/10,period_1_passing_yds,period_1_passing_yds,42.9,0.44021412371785873,0.44021412371785873,0.11957175256428254
00-0039918,Caleb Williams,QB,CHI,2026,2,2026,5,GB,11/10,passing_tds,passing_tds,1.5,0.440425487713656,0.440425487713656,0.11914902457268794
00-0040598,Mark Redman,TE,GB,2026,4,2026,5,CHI,11/10,receiving_yards,receiving_yds,29.0,0.440492182970047,0.440492182970047,0.119015634059906
00-0039355,Luke McCaffrey,WR,WAS,2025,5,2026,5,NYG,11/10,receiving_yards,receiving_yds,18.5,0.5594255924224854,0.5594255924224854,0.1188511848449707
00-0034857,Josh Allen,QB,BUF,2026,4,2026,5,LA,12/10,rushing_yards_qb,rushing_yds,33.9,0.4407800640679856,0.4407800640679856,0.11843987186402882
00-0034975,Justice Hill,RB,BAL,2026,18,2026,5,ATL,11/10,season_receiving_yards,season_receiving_yards,44.0,0.4408002326140617,0.4408002326140617,0.11839953477187659
00-0036040,Juwan Johnson,TE,NO,2026,18,2026,5,MIN,11/10,season_rush_yards,season_rush_yards,0.0,0.5591810083748712,0.5591810083748712,0.11836201674974234
00-0035891,Cody White,WR,LV,2026,18,2026,5,NE,11/10,season_rush_yards,season_rush_yards,0.0,0.5591810083748712,0.5591810083748712,0.11836201674974234
00-0038618,Xavier Hutchinson,WR,HOU,2026,4,2026,5,TEN,11/10,receptions,receptions,2.5,0.5591724514961243,0.5591724514961243,0.11834490299224854
00-0039732,Bo Nix,QB,DEN,2026,4,2026,5,LAC,11/10,period_1_passing_yds,period_1_passing_yds,42.5,0.5590843762799544,0.5590843762799544,0.11816875255990889
00-0033537,Deshaun Watson,QB,CLE,2026,18,2026,5,NYJ,11/10,season_rush_tds,season_rush_tds,0.0,0.44108832912121165,0.44108832912121165,0.1178233417575767
00-0040206,Riley Leonard,QB,IND,2025,18,2026,5,PIT,11/10,passing_tds,passing_tds,0.4,0.4413992008580868,0.4413992008580868,0.11720159828382637
00-0040122,Ashton Jeanty,RB,LV,2026,4,2026,5,NE,11/10,period_1_receiving_yds,period_1_receiving_yds,3.5,0.44140625,0.44386138708424,0.1171875
00-0037840,Kyren Williams,RB,LA,2026,4,2026,5,BUF,12/10,period_1_receiving_yds,period_1_receiving_yds,4.5,0.44140625,0.44540090837322205,0.1171875
00-0039890,Adonai Mitchell,WR,NYJ,2026,2,2026,5,CLE,11/10,period_1_receiving_yds,period_1_receiving_yds,7.5,0.44140625,0.4533102547750847,0.1171875
00-0038597,Chase Brown,RB,CIN,2026,4,2026,5,MIA,11/10,period_1_receiving_yds,period_1_receiving_yds,3.0,0.44140625,0.4360301432893373,0.1171875
00-0035229,T.J. Hockenson,TE,MIN,2026,4,2026,5,NO,11/10,period_1_receiving_yds,period_1_receiving_yds,4.8,0.44140625,0.445890429987523,0.1171875
00-0035644,Noah Fant,TE,NO,2026,3,2026,5,MIN,11/10,period_1_receiving_yds,period_1_receiving_yds,3.0,0.44140625,0.4357599098248107,0.1171875
00-0039424,Devaughn Vele,WR,NO,2026,4,2026,5,MIN,11/10,period_1_receiving_yds,period_1_receiving_yds,8.2,0.44140625,0.44897905081505846,0.1171875
00-0041032,Kenyon Sadiq,TE,NYJ,2026,4,2026,5,CLE,11/10,period_1_2_receiving_yds,period_1_2_receiving_yds,12.2,0.44152550056256695,0.44152550056256695,0.1169489988748661
00-0041052,Kaelon Black,RB,SF,2026,18,2026,5,SEA,11/10,season_rush_tds,season_rush_tds,0.0,0.44178753045413927,0.44178753045413927,0.11642493909172147
00-0039424,Devaughn Vele,WR,NO,2026,4,2026,5,MIN,11/10,receptions,receptions,3.2,0.44194477796554565,0.44194477796554565,0.11611044406890869
00-0033106,Jared Goff,QB,DET,2026,4,2026,5,ARI,11/10,passing_yards,passing_yds,286.9,0.4420255410623697,0.4420255410623697,0.11594891787526063
00-0037120,Tyler Goodson,RB,IND,2024,6,2026,5,PIT,11/10,receiving_yards_rb,receiving_yds,9.0,0.4421361788707492,0.4421361788707492,0.11572764225850163
00-0039139,Jahmyr Gibbs,RB,DET,2026,18,2026,5,ARI,11/10,season_rush_tds,season_rush_tds,5.0,0.5578141530836858,0.5578141530836858,0.11562830616737152
00-0035685,David Montgomery,RB,HOU,2026,18,2026,5,TEN,11/10,season_rush_yards,season_rush_yards,127.0,0.557753515503856,0.557753515503856,0.11550703100771198
00-0037157,Bam Knight,RB,ARI,2026,2,2026,5,DET,11/10,period_1_2_rushing_yds,period_1_2_rushing_yds,0.0,0.44230851519138237,0.44230851519138237,0.11538296961723526
00-0038896,Jacob Saylors,RB,DET,2025,4,2026,5,ARI,11/10,period_1_2_rushing_yds,period_1_2_rushing_yds,0.0,0.44230851519138237,0.44230851519138237,0.11538296961723526
00-0037746,Brian Robinson,RB,ATL,2026,4,2026,5,BAL,11/10,rushing_yards,rushing_yds,30.6,0.5576578378677368,0.5576578378677368,0.11531567573547363
00-0032464,Kalif Raymond,WR,CHI,2026,18,2026,5,GB,11/10,season_rec_tds,season_rec_tds,1.0,0.44270244186390256,0.44270244186390256,0.11459511627219487
00-0038824,Ryan Miller,WR,MIA,2026,3,2026,5,CIN,11/10,receptions,receptions,1.2,0.442778617143631,0.442778617143631,0.11444276571273804
00-0038102,Kenny Pickett,QB,LV,2025,17,2026,5,NE,11/10,passing_ints,passing_ints,0.1,0.4427805637155736,0.4427805637155736,0.11443887256885277
00-0039139,Jahmyr Gibbs,RB,DET,2026,4,2026,5,ARI,11/10,period_1_receiving_yds,period_1_receiving_yds,5.5,0.4427934621099554,0.4661554053675942,0.11441307578008919
00-0037239,Chris Olave,WR,NO,2026,4,2026,5,MIN,11/10,period_1_receiving_yds,period_1_receiving_yds,19.2,0.4427934621099554,0.5314247890731355,0.11441307578008919
00-0037838,Isaiah Likely,TE,NYG,2026,4,2026,5,WAS,11/10,period_1_receiving_yds,period_1_receiving_yds,9.2,0.4427934621099554,0.5029915666288628,0.11441307578008919
00-0037740,Garrett Wilson,WR,NYJ,2026,4,2026,5,CLE,11/10,period_1_receiving_yds,period_1_receiving_yds,4.8,0.4427934621099554,0.5332457920378678,0.11441307578008919
00-0030279,Keenan Allen,WR,IND,2026,3,2026,5,PIT,11/10,period_1_receiving_yds,period_1_receiving_yds,2.3,0.4427934621099554,0.4861678207559849,0.11441307578008919
00-0039338,Brock Bowers,TE,LV,2026,4,2026,5,NE,11/10,period_1_receiving_yds,period_1_receiving_yds,21.0,0.4427934621099554,0.5064843457419381,0.11441307578008919
00-0037744,Trey McBride,TE,ARI,2026,4,2026,5,DET,11/10,period_1_receiving_yds,period_1_receiving_yds,21.5,0.4427934621099554,0.45540689251629923,0.11441307578008919
00-0036912,DeVonta Smith,WR,PHI,2026,3,2026,5,JAX,11/10,period_1_receiving_yds,period_1_receiving_yds,10.0,0.4427934621099554,0.503090979511389,0.11441307578008919
00-0036613,Jaylen Waddle,WR,DEN,2026,4,2026,5,LAC,11/10,period_1_receiving_yds,period_1_receiving_yds,0.8,0.4427934621099554,0.5383376925157337,0.11441307578008919
00-0040667,Matthew Golden,WR,GB,2026,4,2026,5,CHI,11/10,period_1_receiving_yds,period_1_receiving_yds,11.2,0.4427934621099554,0.48365853729424957,0.11441307578008919
00-0031588,Stefon Diggs,WR,WAS,2026,4,2026,5,NYG,11/10,period_1_receiving_yds,period_1_receiving_yds,6.8,0.4427934621099554,0.4721848046366848,0.11441307578008919
00-0038618,Xavier Hutchinson,WR,HOU,2026,4,2026,5,TEN,11/10,period_1_receiving_yds,period_1_receiving_yds,0.0,0.4427934621099554,0.5165420269927332,0.11441307578008919
00-0039918,Caleb Williams,QB,CHI,2026,2,2026,5,GB,11/10,rushing_yards_qb,rushing_yds,27.6,0.44318580607800917,0.44318580607800917,0.11362838784398166
00-0041040,Antonio Williams,WR,WAS,2026,18,2026,5,NYG,11/10,season_rec_tds,season_rec_tds,1.0,0.44335617459382626,0.44335617459382626,0.11328765081234748
00-0030565,Geno Smith,QB,NYJ,2026,4,2026,5,CLE,11/10,passing_tds,passing_tds,1.2,0.44338219139732155,0.44338219139732155,0.11323561720535691
00-0033906,Alvin Kamara,RB,NO,2026,4,2026,5,MIN,11/10,period_1_2_receiving_yds,period_1_2_receiving_yds,12.0,0.4434048329674176,0.4434048329674176,0.11319033406516477
00-0035229,T.J. Hockenson,TE,MIN,2026,18,2026,5,NO,11/10,season_rec_tds,season_rec_tds,1.0,0.5563232134962336,0.5563232134962336,0.11264642699246719
00-0036945,Justin Fields,QB,NYJ,2025,11,2026,5,CLE,11/10,rushing_yards_qb,rushing_yds,32.9,0.4441376988776519,0.4441376988776519,0.11172460224469616
00-0040234,Quinn Ewers,QB,MIA,2025,18,2026,5,CIN,11/10,period_1_2_passing_yds,period_1_2_passing_yds,84.2,0.44419052506217693,0.44419052506217693,0.11161894987564613
00-0031408,Mike Evans,WR,SF,2026,18,2026,5,SEA,11/10,season_receiving_yards,season_receiving_yards,213.0,0.4444341352433407,0.4444341352433407,0.11113172951331862
00-0038129,Cade Otton,TE,TB,2026,4,2026,5,DAL,08/10,receiving_yards,receiving_yds,43.4,0.44449755549430847,0.44449755549430847,0.11100488901138306
00-0037742,Treylon Burks,WR,WAS,2026,4,2026,5,NYG,11/10,receptions,receptions,1.1,0.4445328116416931,0.4445328116416931,0.11093437671661377
00-0038124,Christian Watson,WR,GB,2026,4,2026,5,CHI,11/10,receiving_yards,receiving_yds,61.1,0.4445785880088806,0.4445785880088806,0.11084282398223877
00-0028986,Case Keenum,QB,CHI,2026,3,2026,5,GB,11/10,passing_ints,passing_ints,0.3,0.4446242621727031,0.4446242621727031,0.11075147565459376
00-0039923,J.J. McCarthy,QB,MIN,2025,18,2026,5,NO,11/10,passing_yards,passing_yds,163.2,0.5553027787721649,0.5553027787721649,0.11060555754432988
00-0036212,Tua Tagovailoa,QB,MIA,2025,15,2026,5,CIN,11/10,passing_yards,passing_yds,191.9,0.4447130750167549,0.4447130750167549,0.11057384996649022
00-0039338,Brock Bowers,TE,LV,2026,4,2026,5,NE,11/10,receiving_yards,receiving_yds,63.1,0.44483035802841187,0.44483035802841187,0.11033928394317627
00-0036887,Luke Farrell,TE,JAX,2021,2,2026,5,PHI,11/10,receptions,receptions,1.0,0.5551527142524719,0.5551527142524719,0.11030542850494385
00-0034857,Josh Allen,QB,BUF,2026,4,2026,5,LA,12/10,rush_rec_tds_qb,rush_rec_tds,0.5,0.5550406937003102,0.5550406937003102,0.11008138740062035
00-0031450,Josh Harris,RB,PIT,2014,18,2026,5,IND,11/10,period_1_2_rushing_yds,period_1_2_rushing_yds,2.0,0.5550389834433037,0.5550389834433037,0.11007796688660743
00-0039793,AJ Barner,TE,SEA,2026,4,2026,5,SF,11/10,receptions,receptions,2.9,0.4449992775917053,0.4449992775917053,0.11000144481658936
00-0036442,Joe Burrow,QB,CIN,2026,4,2026,5,MIA,11/10,period_1_2_passing_tds,period_1_2_passing_tds,1.0,0.4451055725524411,0.4451055725524411,0.1097888548951178
00-0037012,Trey Lance,QB,LAC,2025,18,2026,5,DEN,11/10,period_1_2_passing_yds,period_1_2_passing_yds,22.2,0.5548881248741123,0.5548881248741123,0.10977624974822464
00-0038543,Jaxon Smith-Njigba,WR,SEA,2026,4,2026,5,SF,11/10,receptions,receptions,6.9,0.4452521502971649,0.4452521502971649,0.10949569940567017
00-0035640,DK Metcalf,WR,PIT,2026,4,2026,5,IND,11/10,receiving_yards,receiving_yds,52.8,0.4454885721206665,0.4454885721206665,0.10902285575866699
00-0037252,Greg Dulcich,TE,MIA,2026,3,2026,5,CIN,11/10,receptions,receptions,2.6,0.4455060064792633,0.4455060064792633,0.10898798704147339
00-0036442,Joe Burrow,QB,CIN,2026,4,2026,5,MIA,11/10,passing_tds,passing_tds,2.1,0.4456175437441574,0.4456175437441574,0.10876491251168519
00-0033662,Cooper Rush,QB,ATL,2026,2,2026,5,BAL,11/10,passing_yards,passing_yds,148.1,0.44583873474625685,0.44583873474625685,0.1083225305074863
00-0040128,Tyler Warren,TE,IND,2026,4,2026,5,PIT,11/10,receiving_yards,receiving_yds,40.0,0.44587215781211853,0.44587215781211853,0.10825568437576294
00-0033288,George Kittle,TE,SF,2026,18,2026,5,SEA,11/10,season_rush_yards,season_rush_yards,0.0,0.5540971324766307,0.5540971324766307,0.10819426495326145
00-0036613,Jaylen Waddle,WR,DEN,2026,4,2026,5,LAC,11/10,period_1_2_receiving_yds,period_1_2_receiving_yds,24.8,0.4459126857385791,0.4459126857385791,0.10817462852284176
00-0035710,Daniel Jones,QB,IND,2026,18,2026,5,PIT,11/10,season_rush_yards,season_rush_yards,21.0,0.5539428202812464,0.5539428202812464,0.10788564056249283
00-0038551,Kendre Miller,RB,NO,2026,4,2026,5,MIN,11/10,period_1_rushing_yds,period_1_rushing_yds,0.7,0.44612584235921277,0.44612584235921277,0.10774831528157447
00-0034348,Courtland Sutton,WR,DEN,2026,18,2026,5,LAC,11/10,season_rec_tds,season_rec_tds,0.0,0.44618503498184914,0.44618503498184914,0.10762993003630172
00-0039065,Sam LaPorta,TE,DET,2026,18,2026,5,ARI,11/10,season_rec_tds,season_rec_tds,2.0,0.5537587422402512,0.5537587422402512,0.10751748448050247
00-0037816,Romeo Doubs,WR,NE,2026,18,2026,5,LV,11/10,season_receiving_yards,season_receiving_yards,203.0,0.5533752353455952,0.5533752353455952,0.10675047069119037
00-0041525,Chris Bell,WR,MIA,2026,4,2026,5,CIN,11/10,receiving_yards,receiving_yds,23.0,0.44686898589134216,0.44686898589134216,0.10626202821731567
00-0040363,Keleki Latu,TE,BUF,2025,18,2026,5,LA,12/10,receiving_yards,receiving_yds,17.5,0.4469960331916809,0.4469960331916809,0.10600793361663818
00-0039917,Michael Penix Jr.,QB,ATL,2026,4,2026,5,BAL,11/10,passing_yards,passing_yds,202.2,0.4470170845857716,0.4470170845857716,0.10596583082845679
00-0030565,Geno Smith,QB,NYJ,2026,2,2026,5,CLE,11/10,rushing_yards_qb,rushing_yds,7.7,0.44702080221619134,0.44702080221619134,0.10595839556761733
00-0040648,Tory Horton,WR,SEA,2026,4,2026,5,SF,11/10,receptions,receptions,1.9,0.5529720783233643,0.5529720783233643,0.10594415664672852
00-0035537,Ty Johnson,RB,BUF,2025,18,2026,5,LA,12/10,rushing_yards,rushing_yds,11.0,0.5529265403747559,0.5529265403747559,0.10585308074951172
00-0026498,Matthew Stafford,QB,LA,2026,4,2026,5,BUF,12/10,passing_yards,passing_yds,292.8,0.5528162553251662,0.5528162553251662,0.10563251065033241
00-0038608,Kayshon Boutte,WR,HOU,2026,4,2026,5,TEN,11/10,period_1_2_receiving_yds,period_1_2_receiving_yds,5.5,0.44721361553253247,0.44721361553253247,0.10557276893493506
00-0033119,Jacoby Brissett,QB,ARI,2026,4,2026,5,DET,11/10,period_1_2_passing_yds,period_1_2_passing_yds,112.2,0.5527399551446908,0.5527399551446908,0.10547991028938153
00-0039811,MarShawn Lloyd,RB,GB,2026,4,2026,5,CHI,11/10,receiving_yards_rb,receiving_yds,10.4,0.44743480103359007,0.44743480103359007,0.10513039793281986
00-0033906,Alvin Kamara,RB,NO,2026,4,2026,5,MIN,11/10,period_1_rushing_yds,period_1_rushing_yds,4.0,0.44743956503924914,0.44743956503924914,0.10512086992150171
00-0036442,Joe Burrow,QB,CIN,2026,4,2026,5,MIA,11/10,passing_yards,passing_yds,262.0,0.5524603760290421,0.5524603760290421,0.10492075205808415
00-0036590,Quintin Morris,TE,BUF,2022,12,2026,5,LA,12/10,receiving_yards,receiving_yds,14.0,0.44758424162864685,0.44758424162864685,0.1048315167427063
00-0038606,Parker Washington,WR,JAX,2026,4,2026,5,PHI,11/10,receptions,receptions,4.4,0.44761109352111816,0.44761109352111816,0.10477781295776367
00-0040208,Tahj Brooks,RB,CIN,2025,17,2026,5,MIA,11/10,period_1_2_rushing_yds,period_1_2_rushing_yds,1.7,0.4476697643639369,0.4476697643639369,0.10466047127212619
00-0041523,Caleb Douglas,WR,MIA,2026,2,2026,5,CIN,11/10,receptions,receptions,3.5,0.44775182008743286,0.44775182008743286,0.10449635982513428
00-0041027,Jeremiyah Love,RB,ARI,2026,4,2026,5,DET,11/10,rushing_yards,rushing_yds,55.8,0.4480603337287903,0.4480603337287903,0.10387933254241943
00-0035228,Kyler Murray,QB,MIN,2026,4,2026,5,NO,11/10,period_1_2_passing_yds,period_1_2_passing_yds,80.7,0.4480815242178893,0.4480815242178893,0.10383695156422135
00-0037261,Khalil Shakir,WR,BUF,2026,18,2026,5,LA,12/10,season_receiving_yards,season_receiving_yards,176.0,0.5518922663331793,0.5518922663331793,0.10378453266635868
00-0040676,Cam Ward,QB,TEN,2026,4,2026,5,HOU,11/10,passing_ints,passing_ints,0.4,0.44826137353529505,0.44826137353529505,0.1034772529294099
00-0039062,Jonathan Mingo,WR,DAL,2026,1,2026,5,TB,08/10,receiving_yards,receiving_yds,7.4,0.551683247089386,0.551683247089386,0.10336649417877197
00-0036637,Noah Gray,TE,KC,2026,4,2026,6,LAC,18/10,receiving_yards,receiving_yds,14.8,0.44875195622444153,0.44875195622444153,0.10249608755111694
00-0038128,Malik Willis,QB,MIA,2026,4,2026,5,CIN,11/10,period_1_passing_yds,period_1_passing_yds,36.5,0.4487996605896377,0.4487996605896377,0.10240067882072457
00-0036355,Justin Herbert,QB,LAC,2026,4,2026,5,DEN,11/10,period_1_2_passing_yds,period_1_2_passing_yds,79.5,0.5511677735825027,0.5511677735825027,0.10233554716500537
00-0038685,Chris Brooks,RB,GB,2026,18,2026,5,CHI,11/10,season_receiving_yards,season_receiving_yards,24.0,0.5508064952015688,0.5508064952015688,0.10161299040313754
00-0040563,Efton Chism III,WR,NE,2026,4,2026,5,LV,11/10,period_1_2_receiving_yds,period_1_2_receiving_yds,0.0,0.44921420455530425,0.44921420455530425,0.1015715908893915
00-0040131,Kyle Williams,WR,NE,2026,4,2026,5,LV,11/10,period_1_2_receiving_yds,period_1_2_receiving_yds,0.0,0.44921420455530425,0.44921420455530425,0.1015715908893915
00-0033858,Jonnu Smith,TE,GB,2026,4,2026,5,CHI,11/10,period_1_2_receiving_yds,period_1_2_receiving_yds,0.0,0.44921420455530425,0.44921420455530425,0.1015715908893915
00-0037132,Britain Covey,WR,PHI,2025,18,2026,5,JAX,11/10,period_1_2_receiving_yds,period_1_2_receiving_yds,0.0,0.5507114648668526,0.5507114648668526,0.10142292973370526
00-0033090,Hunter Henry,TE,NE,2026,18,2026,5,LV,11/10,season_rec_tds,season_rec_tds,0.0,0.44937302754635644,0.44937302754635644,0.10125394490728712
00-0038117,Wan'Dale Robinson,WR,TEN,2026,4,2026,5,HOU,11/10,receiving_yards,receiving_yds,56.2,0.44963160157203674,0.44963160157203674,0.10073679685592651
00-0038544,Quentin Johnston,WR,LAC,2026,4,2026,5,DEN,11/10,period_1_2_receiving_yds,period_1_2_receiving_yds,11.8,0.4496371059342902,0.4496371059342902,0.10072578813141964
00-0039794,Braelon Allen,RB,NYJ,2026,18,2026,5,CLE,11/10,season_rush_yards,season_rush_yards,120.0,0.550360783781948,0.550360783781948,0.10072156756389594
00-0037545,Rashid Shaheed,WR,SEA,2026,18,2026,5,SF,11/10,season_receiving_yards,season_receiving_yards,73.0,0.5502281060024024,0.5502281060024024,0.1004562120048047
00-0040126,Colston Loveland,TE,CHI,2026,18,2026,5,GB,11/10,season_rec_tds,season_rec_tds,0.0,0.5500531181452795,0.5500531181452795,0.10010623629055893
00-0037614,John Metchie III,WR,CAR,2026,4,2026,6,PHI,18/10,period_1_2_receiving_yds,period_1_2_receiving_yds,5.0,0.549969602942089,0.549969602942089,0.09993920588417793
00-0034855,Baker Mayfield,QB,TB,2026,3,2026,5,DAL,08/10,passing_yards,passing_yds,212.8,0.5499302019451153,0.5499302019451153,0.09986040389023065
00-0037741,Jahan Dotson,WR,ATL,2026,4,2026,5,BAL,11/10,period_1_2_receiving_yds,period_1_2_receiving_yds,4.8,0.4501743818630877,0.4501743818630877,0.09965123627382455
00-0035710,Daniel Jones,QB,IND,2026,4,2026,5,PIT,11/10,period_1_2_passing_yds,period_1_2_passing_yds,98.8,0.5497784689656582,0.5497784689656582,0.09955693793131637
00-0029604,Kirk Cousins,QB,MIN,2019,3,2026,5,NO,11/10,rushing_yards_qb,rushing_yds,7.9,0.45024694196879755,0.45024694196879755,0.09950611606240489
00-0040743,Tyler Shough,QB,NO,2026,4,2026,5,MIN,11/10,rushing_yards_qb,rushing_yds,17.2,0.450332644330809,0.450332644330809,0.09933471133838201
00-0033873,Patrick Mahomes,QB,KC,2026,18,2026,6,LAC,18/10,season_rush_yards,season_rush_yards,41.0,0.45037573759141963,0.45037573759141963,0.09924852481716073
00-0041067,Bryce Lance,WR,NO,2026,18,2026,5,MIN,11/10,season_rec_tds,season_rec_tds,0.0,0.4504225009804685,0.4504225009804685,0.09915499803906302
00-0037745,Velus Jones Jr.,RB,SEA,2025,20,2026,5,SF,11/10,period_1_2_rushing_yds,period_1_2_rushing_yds,0.0,0.5494796183422543,0.5494796183422543,0.09895923668450868
00-0033119,Jacoby Brissett,QB,ARI,2026,4,2026,5,DET,11/10,period_1_2_passing_tds,period_1_2_passing_tds,0.5,0.5494711398270195,0.5494711398270195,0.0989422796540389
00-0038476,Tommy DeVito,QB,NE,2026,3,2026,5,LV,11/10,period_1_2_passing_yds,period_1_2_passing_yds,0.0,0.45060145713284167,0.45060145713284167,0.09879708573431667
00-0040122,Ashton Jeanty,RB,LV,2026,4,2026,5,NE,11/10,period_1_2_receiving_yds,period_1_2_receiving_yds,11.0,0.5493751839309587,0.5493751839309587,0.09875036786191749
00-0039491,Jalen Coker,WR,CAR,2026,3,2026,6,PHI,18/10,receiving_yards,receiving_yds,50.8,0.4508098363876343,0.4508098363876343,0.09838032722473145
00-0039451,Isaiah Williams,WR,NYJ,2026,4,2026,5,CLE,11/10,receiving_yards,receiving_yds,23.9,0.450880229473114,0.450880229473114,0.09823954105377197
00-0039451,Isaiah Williams,WR,NYJ,2026,4,2026,5,CLE,11/10,period_1_2_receiving_yds,period_1_2_receiving_yds,4.0,0.4509031120974253,0.4509031120974253,0.09819377580514943
00-0031610,Darren Waller,TE,CAR,2026,4,2026,6,PHI,18/10,receptions,receptions,3.3,0.4509977698326111,0.4509977698326111,0.09800446033477783
00-0037545,Rashid Shaheed,WR,SEA,2026,4,2026,5,SF,11/10,receiving_yards,receiving_yds,21.2,0.45104438066482544,0.45104438066482544,0.09791123867034912
00-0034383,Dalton Schultz,TE,HOU,2026,4,2026,5,TEN,11/10,receptions,receptions,4.8,0.4511251151561737,0.4511251151561737,0.09774976968765259
00-0036527,D.J. Turner,WR,LV,2024,13,2026,5,NE,11/10,period_1_2_receiving_yds,period_1_2_receiving_yds,2.1,0.45119168448580543,0.45119168448580543,0.09761663102838913
00-0035685,David Montgomery,RB,HOU,2026,4,2026,5,TEN,11/10,rushing_yards,rushing_yds,33.3,0.45140618085861206,0.45140618085861206,0.09718763828277588
00-0035261,Tony Pollard,RB,TEN,2026,4,2026,5,HOU,11/10,rushing_yards,rushing_yds,60.9,0.4514247477054596,0.4514247477054596,0.09715050458908081
00-0040189,Oronde Gadsden II,TE,LAC,2026,18,2026,5,DEN,11/10,season_rush_yards,season_rush_yards,2.0,0.5482711586397708,0.5482711586397708,0.09654231727954166
00-0041044,Zachariah Branch,WR,ATL,2026,4,2026,5,BAL,11/10,receptions,receptions,1.7,0.5482068657875061,0.5482068657875061,0.09641373157501221
00-0034857,Josh Allen,QB,BUF,2026,4,2026,5,LA,12/10,passing_yards,passing_yds,241.6,0.45185550821502074,0.45185550821502074,0.09628898356995852
00-0037744,Trey McBride,TE,ARI,2026,4,2026,5,DET,11/10,rush_rec_tds,rush_rec_tds,0.5,0.4520670566887957,0.4520670566887957,0.09586588662240858
00-0029604,Kirk Cousins,QB,LV,2026,4,2026,5,NE,11/10,passing_ints,passing_ints,0.8,0.452176066917519,0.452176066917519,0.09564786616496201
00-0039032,Tyjae Spears,RB,TEN,2026,18,2026,5,HOU,11/10,season_rush_yards,season_rush_yards,65.0,0.4522162913980272,0.4522162913980272,0.09556741720394557
00-0038393,Dontayvion Wicks,WR,PHI,2026,18,2026,5,JAX,11/10,season_receiving_yards,season_receiving_yards,197.0,0.5477494807913253,0.5477494807913253,0.0954989615826507
00-0034827,DJ Moore,WR,BUF,2026,4,2026,5,LA,12/10,receptions,receptions,2.9,0.45227423310279846,0.45227423310279846,0.09545153379440308
00-0038416,Tyson Bagent,QB,CHI,2026,4,2026,5,GB,11/10,passing_tds,passing_tds,0.2,0.4523689264600931,0.4523689264600931,0.09526214707981384
00-0037834,Brock Purdy,QB,SF,2026,4,2026,5,SEA,11/10,rushing_yards_qb,rushing_yds,21.4,0.45240481070363003,0.45240481070363003,0.09519037859273993
00-0037840,Kyren Williams,RB,LA,2026,4,2026,5,BUF,12/10,rush_rec_tds,rush_rec_tds,0.5,0.5475816682614162,0.5475816682614162,0.09516333652283238
00-0033288,George Kittle,TE,SF,2026,4,2026,5,SEA,11/10,period_1_2_receiving_yds,period_1_2_receiving_yds,7.8,0.5474909674625704,0.5474909674625704,0.09498193492514084
00-0036158,J.K. Dobbins,RB,DEN,2026,18,2026,5,LAC,11/10,season_rush_yards,season_rush_yards,161.0,0.5474287046363837,0.5474287046363837,0.09485740927276742
00-0036223,Jonathan Taylor,RB,IND,2026,4,2026,5,PIT,11/10,period_1_2_receiving_yds,period_1_2_receiving_yds,6.2,0.4528205618782966,0.4528205618782966,0.09435887624340678
00-0039361,Bucky Irving,RB,TB,2026,4,2026,5,DAL,08/10,rushing_yards,rushing_yds,62.2,0.45291560888290405,0.45291560888290405,0.0941687822341919
00-0037838,Isaiah Likely,TE,NYG,2026,18,2026,5,WAS,11/10,season_rec_tds,season_rec_tds,2.0,0.45302447776724486,0.45302447776724486,0.09395104446551028
00-0041125,Seth McGowan,RB,IND,2026,18,2026,5,PIT,11/10,season_rush_yards,season_rush_yards,45.0,0.45307227457053706,0.45307227457053706,0.09385545085892588
00-0036275,D'Andre Swift,RB,CHI,2026,4,2026,5,GB,11/10,rush_rec_tds,rush_rec_tds,0.5,0.45315360126448945,0.45315360126448945,0.0936927974710211
00-0039732,Bo Nix,QB,DEN,2026,4,2026,5,LAC,11/10,passing_ints,passing_ints,0.7,0.4532346182292536,0.4532346182292536,0.09353076354149281
00-0041194,Jack Strand,QB,ATL,2026,2,2026,5,BAL,11/10,period_1_passing_yds,period_1_passing_yds,0.0,0.5466344684195649,0.5466344684195649,0.09326893683912973
00-0039739,Roman Wilson,WR,PIT,2026,18,2026,5,IND,11/10,season_rec_tds,season_rec_tds,2.0,0.4534960026581901,0.4534960026581901,0.09300799468361975
00-0041013,Emmett Johnson,RB,KC,2026,4,2026,6,LAC,18/10,rushing_yards,rushing_yds,14.0,0.4535655081272125,0.4535655081272125,0.09286898374557495
00-0037291,Jalen Nailor,WR,LV,2026,3,2026,5,NE,11/10,receptions,receptions,1.6,0.5464025139808655,0.5464025139808655,0.09280502796173096
00-0041100,Josh Cameron,WR,JAX,2026,4,2026,5,PHI,11/10,receiving_yards,receiving_yds,24.7,0.45372775197029114,0.45372775197029114,0.09254449605941772
00-0040466,Raheim Sanders,RB,CLE,2026,18,2026,5,NYJ,11/10,season_receiving_yards,season_receiving_yards,73.0,0.546113997536001,0.546113997536001,0.09222799507200197
00-0026498,Matthew Stafford,QB,LA,2026,4,2026,5,BUF,12/10,period_1_2_passing_tds,period_1_2_passing_tds,0.8,0.5460660866383642,0.5460660866383642,0.0921321732767284
00-0041489,Germie Bernard,WR,PIT,2026,4,2026,5,IND,11/10,receiving_yards,receiving_yds,20.0,0.45402130484580994,0.45402130484580994,0.09195739030838013
00-0041547,KC Concepcion,WR,CLE,2026,4,2026,5,NYJ,11/10,receptions,receptions,4.2,0.4542263150215149,0.4542263150215149,0.09154736995697021
00-0040075,LaJohntay Wester,WR,BAL,2026,2,2026,5,ATL,11/10,receptions,receptions,1.5,0.5457468628883362,0.5457468628883362,0.09149372577667236
00-0034753,Mark Andrews,TE,BAL,2026,4,2026,5,ATL,11/10,receiving_yards,receiving_yds,26.3,0.5457395315170288,0.5457395315170288,0.09147906303405762
00-0038840,Brycen Tremayne,WR,CAR,2026,4,2026,6,PHI,18/10,receiving_yards,receiving_yds,22.8,0.4543052315711975,0.4543052315711975,0.09138953685760498
00-0030565,Geno Smith,QB,NYJ,2026,4,2026,5,CLE,11/10,period_1_2_passing_yds,period_1_2_passing_yds,86.0,0.5455291943709716,0.5455291943709716,0.09105838874194316
00-0036410,Tee Higgins,WR,CIN,2026,4,2026,5,MIA,11/10,period_1_receiving_yds,period_1_receiving_yds,9.0,0.5454545454545454,0.5862626163437663,0.09090909090909083
00-0038559,Michael Wilson,WR,ARI,2026,4,2026,5,DET,11/10,period_1_receiving_yds,period_1_receiving_yds,11.8,0.5454545454545454,0.6175862096508917,0.09090909090909083
00-0036963,Amon-Ra St. Brown,WR,DET,2026,4,2026,5,ARI,11/10,period_1_receiving_yds,period_1_receiving_yds,14.2,0.5454545454545454,0.5695006955364174,0.09090909090909083
00-0040727,Tre Harris,WR,LAC,2026,4,2026,5,DEN,11/10,period_1_2_receiving_yds,period_1_2_receiving_yds,6.5,0.5453424576764294,0.5453424576764294,0.09068491535285883
00-0041067,Bryce Lance,WR,NO,2026,4,2026,5,MIN,11/10,receptions,receptions,1.2,0.5452802181243896,0.5452802181243896,0.0905604362487793
00-0037741,Jahan Dotson,WR,ATL,2026,4,2026,5,BAL,11/10,receptions,receptions,1.2,0.5451186895370483,0.5451186895370483,0.09023737907409668
00-0038935,Brenton Strange,TE,JAX,2026,4,2026,5,PHI,11/10,receptions,receptions,3.6,0.45488932728767395,0.45488932728767395,0.0902213454246521
00-0035208,Olamide Zaccheaus,WR,ATL,2026,18,2026,5,BAL,11/10,season_rush_yards,season_rush_yards,0.0,0.5450681676727622,0.5450681676727622,0.09013633534552445
00-0034613,Tanner Hudson,TE,CIN,2026,3,2026,5,MIA,11/10,receptions,receptions,1.8,0.4550459384918213,0.4550459384918213,0.08990812301635742
00-0036389,Jalen Hurts,QB,PHI,2026,4,2026,5,JAX,11/10,passing_ints,passing_ints,0.6,0.45509923119626317,0.45509923119626317,0.08980153760747367
00-0036425,DeeJay Dallas,RB,MIN,2026,18,2026,5,NO,11/10,season_receiving_yards,season_receiving_yards,23.0,0.45526626534576864,0.45526626534576864,0.08946746930846272
00-0035710,Daniel Jones,QB,IND,2026,4,2026,5,PIT,11/10,period_1_passing_yds,period_1_passing_yds,51.8,0.4553995108501516,0.4553995108501516,0.08920097829969675
00-0038104,Tyquan Thornton,WR,KC,2026,18,2026,6,LAC,18/10,season_receiving_yards,season_receiving_yards,219.0,0.45553625096684036,0.45553625096684036,0.08892749806631928
00-0036613,Jaylen Waddle,WR,DEN,2026,4,2026,5,LAC,11/10,receptions,receptions,3.9,0.5442327857017517,0.5442327857017517,0.08846557140350342
00-0033537,Deshaun Watson,QB,CLE,2026,4,2026,5,NYJ,11/10,passing_tds,passing_tds,1.1,0.544217810663848,0.544217810663848,0.088435621327696
00-0038102,Kenny Pickett,QB,PHI,2024,22,2026,5,JAX,11/10,rushing_yards_qb,rushing_yds,3.3,0.4558361691437793,0.4558361691437793,0.08832766171244144
00-0033293,Aaron Jones,RB,MIN,2026,18,2026,5,NO,11/10,season_rush_yards,season_rush_yards,297.0,0.544135069172091,0.544135069172091,0.08827013834418196
00-0039163,C.J. Stroud,QB,HOU,2026,4,2026,5,TEN,11/10,passing_ints,passing_ints,0.6,0.4559217307665751,0.4559217307665751,0.08815653846684979
00-0040126,Colston Loveland,TE,CHI,2026,4,2026,5,GB,11/10,receptions,receptions,4.4,0.455933153629303,0.455933153629303,0.08813369274139404
00-0033537,Deshaun Watson,QB,CLE,2026,4,2026,5,NYJ,11/10,period_1_passing_yds,period_1_passing_yds,34.5,0.5439790726213043,0.5439790726213043,0.08795814524260859
00-0040237,Tez Johnson,WR,TB,2026,18,2026,5,DAL,08/10,season_rush_yards,season_rush_yards,6.0,0.45603060675874263,0.45603060675874263,0.08793878648251474
00-0041251,Jalon Daniels,QB,TB,2026,4,2026,5,DAL,08/10,passing_tds,passing_tds,0.5,0.45607827494205777,0.45607827494205777,0.08784345011588446
00-0038128,Malik Willis,QB,MIA,2026,4,2026,5,CIN,11/10,period_1_2_passing_tds,period_1_2_passing_tds,0.0,0.4561708263158895,0.4561708263158895,0.08765834736822098
00-0033119,Jacoby Brissett,QB,ARI,2026,4,2026,5,DET,11/10,period_1_passing_yds,period_1_passing_yds,50.5,0.5437431479977886,0.5437431479977886,0.08748629599557711
00-0041048,Ted Hurst III,WR,TB,2026,18,2026,5,DAL,08/10,season_rec_tds,season_rec_tds,1.0,0.45637899247108427,0.45637899247108427,0.08724201505783147
00-0040646,Jalen Royals,WR,KC,2026,4,2026,6,LAC,18/10,receiving_yards,receiving_yds,5.2,0.5435886979103088,0.5435886979103088,0.08717739582061768
00-0036290,Cole Kmet,TE,CHI,2026,18,2026,5,GB,11/10,season_receiving_yards,season_receiving_yards,48.0,0.5435147711943022,0.5435147711943022,0.0870295423886045
00-0033280,Christian McCaffrey,RB,SF,2026,4,2026,5,SEA,11/10,rush_rec_tds,rush_rec_tds,0.5,0.5432430467380077,0.5432430467380077,0.08648609347601544
00-0035500,Greg Dortch,WR,ARI,2025,13,2026,5,DET,11/10,receiving_yards,receiving_yds,21.9,0.5428853631019592,0.5428853631019592,0.08577072620391846
00-0035689,Dawson Knox,TE,BUF,2026,18,2026,5,LA,12/10,season_receiving_yards,season_receiving_yards,30.0,0.5428368823839849,0.5428368823839849,0.08567376476796973
00-0037545,Rashid Shaheed,WR,SEA,2026,4,2026,5,SF,11/10,receptions,receptions,1.6,0.5428104996681213,0.5428104996681213,0.08562099933624268
00-0040206,Riley Leonard,QB,IND,2025,18,2026,5,PIT,11/10,period_1_2_passing_yds,period_1_2_passing_yds,35.8,0.4572588162662347,0.4572588162662347,0.08548236746753057
00-0038579,Aidan O'Connell,QB,LV,2025,18,2026,5,NE,11/10,passing_tds,passing_tds,1.1,0.4573676807682194,0.4573676807682194,0.08526463846356125
00-0034383,Dalton Schultz,TE,HOU,2026,4,2026,5,TEN,11/10,period_1_2_receiving_yds,period_1_2_receiving_yds,21.0,0.4574656389403384,0.4574656389403384,0.08506872211932315
00-0039338,Brock Bowers,TE,LV,2026,4,2026,5,NE,11/10,receptions,receptions,5.7,0.4574696719646454,0.4574696719646454,0.08506065607070923
00-0036613,Jaylen Waddle,WR,DEN,2026,4,2026,5,LAC,11/10,receiving_yards,receiving_yds,56.9,0.457632839679718,0.457632839679718,0.08473432064056396
00-0037746,Brian Robinson,RB,ATL,2026,18,2026,5,BAL,11/10,season_receiving_yards,season_receiving_yards,21.0,0.5421730791772242,0.5421730791772242,0.08434615835444847
00-0039739,Roman Wilson,WR,PIT,2026,4,2026,5,IND,11/10,receptions,receptions,2.0,0.5421410799026489,0.5421410799026489,0.08428215980529785
00-0036139,Rico Dowdle,RB,PIT,2026,2,2026,5,IND,11/10,period_1_2_rushing_yds,period_1_2_rushing_yds,12.0,0.457939050929228,0.457939050929228,0.08412189814154403
00-0031236,Brandin Cooks,WR,SF,2026,4,2026,5,SEA,11/10,receiving_yards,receiving_yds,22.3,0.45815086364746094,0.45815086364746094,0.08369827270507812
00-0038579,Aidan O'Connell,QB,LV,2025,18,2026,5,NE,11/10,passing_ints,passing_ints,0.3,0.5417735582755043,0.5417735582755043,0.08354711655100866
00-0040583,Woody Marks,RB,HOU,2026,4,2026,5,TEN,11/10,period_1_2_rushing_yds,period_1_2_rushing_yds,9.5,0.4582916354497104,0.4582916354497104,0.08341672910057918
00-0037247,George Pickens,WR,DAL,2026,4,2026,5,TB,08/10,period_1_2_receiving_yds,period_1_2_receiving_yds,16.0,0.5416316960543577,0.5416316960543577,0.08326339210871536
00-0039793,AJ Barner,TE,SEA,2026,4,2026,5,SF,11/10,receiving_yards,receiving_yds,28.2,0.45866307616233826,0.45866307616233826,0.08267384767532349
00-0033555,Mack Hollins,WR,NE,2026,4,2026,5,LV,11/10,receptions,receptions,3.8,0.4589436650276184,0.4589436650276184,0.08211266994476318
00-0037838,Isaiah Likely,TE,NYG,2026,4,2026,5,WAS,11/10,period_1_2_receiving_yds,period_1_2_receiving_yds,23.2,0.5410243440268984,0.5410243440268984,0.08204868805379673
00-0039410,Ryan Flournoy,WR,DAL,2026,4,2026,5,TB,08/10,period_1_2_receiving_yds,period_1_2_receiving_yds,10.5,0.5408086523868764,0.5408086523868764,0.08161730477375273
00-0040666,Omarion Hampton,RB,LAC,2026,4,2026,5,DEN,11/10,period_1_rushing_yds,period_1_rushing_yds,15.5,0.4592435766828376,0.4592435766828376,0.08151284663432479
00-0037742,Treylon Burks,WR,WAS,2026,4,2026,5,NYG,11/10,receiving_yards,receiving_yds,14.0,0.45928454399108887,0.45928454399108887,0.08143091201782227
00-0035250,Devin Singletary,RB,NYG,2026,2,2026,5,WAS,11/10,period_1_2_receiving_yds,period_1_2_receiving_yds,0.0,0.4593140297985198,0.4593140297985198,0.08137194040296036
00-0036754,Brock Wright,TE,DET,2026,4,2026,5,ARI,11/10,receptions,receptions,1.5,0.45940452814102173,0.45940452814102173,0.08119094371795654
00-0040730,RJ Harvey,RB,DEN,2026,4,2026,5,LAC,11/10,receiving_yards_rb,receiving_yds,28.0,0.45942013024971134,0.45942013024971134,0.08115973950057731
00-0040666,Omarion Hampton,RB,LAC,2026,4,2026,5,DEN,11/10,rushing_yards,rushing_yds,55.9,0.45960578322410583,0.45960578322410583,0.08078843355178833
00-0029604,Kirk Cousins,QB,LV,2026,4,2026,5,NE,11/10,period_1_2_passing_yds,period_1_2_passing_yds,142.2,0.45963219209762024,0.45963219209762024,0.08073561580475952
00-0039851,Drake Maye,QB,NE,2026,18,2026,5,LV,11/10,season_rush_yards,season_rush_yards,136.0,0.45968415939926777,0.45968415939926777,0.08063168120146447
00-0038543,Jaxon Smith-Njigba,WR,SEA,2026,4,2026,5,SF,11/10,rush_rec_tds,rush_rec_tds,0.5,0.5402260623988939,0.5402260623988939,0.08045212479778785
00-0039894,Xavier Worthy,WR,KC,2026,4,2026,6,LAC,18/10,receptions,receptions,3.2,0.46031907200813293,0.46031907200813293,0.07936185598373413
00-0033077,Dak Prescott,QB,DAL,2026,4,2026,5,TB,08/10,passing_ints,passing_ints,0.5,0.5396523329947908,0.5396523329947908,0.07930466598958152
00-0031503,Jameis Winston,QB,NYG,2026,4,2026,5,WAS,11/10,passing_tds,passing_tds,1.1,0.4603674857768757,0.4603674857768757,0.07926502844624861
00-0039530,Brevyn Spann-Ford,TE,DAL,2025,2,2026,5,TB,08/10,receiving_yards,receiving_yds,11.4,0.46050164103507996,0.46050164103507996,0.07899671792984009
00-0041067,Bryce Lance,WR,NO,2026,4,2026,5,MIN,11/10,receiving_yards,receiving_yds,14.2,0.4605746567249298,0.4605746567249298,0.07885068655014038
00-0036555,Chuba Hubbard,RB,CAR,2026,18,2026,6,PHI,18/10,season_rush_tds,season_rush_tds,3.0,0.5394076160151581,0.5394076160151581,0.07881523203031615
00-0036590,Quintin Morris,TE,BUF,2022,12,2026,5,LA,12/10,receptions,receptions,1.4,0.4607769846916199,0.4607769846916199,0.07844603061676025
00-0039915,Ladd McConkey,WR,LAC,2026,18,2026,5,DEN,11/10,season_rec_tds,season_rec_tds,1.0,0.5390754031282374,0.5390754031282374,0.07815080625647486
00-0040719,Bhayshul Tuten,RB,JAX,2026,4,2026,5,PHI,11/10,period_1_rushing_yds,period_1_rushing_yds,15.0,0.46114516839708836,0.46114516839708836,0.07770966320582329
00-0038104,Tyquan Thornton,WR,KC,2026,4,2026,6,LAC,18/10,receiving_yards,receiving_yds,42.3,0.4613167941570282,0.4613167941570282,0.0773664116859436
00-0033537,Deshaun Watson,QB,CLE,2026,18,2026,5,NYJ,11/10,season_rush_yards,season_rush_yards,127.0,0.4613896930583411,0.4613896930583411,0.0772206138833178
00-0040784,Quinshon Judkins,RB,CLE,2026,4,2026,5,NYJ,11/10,period_1_rushing_yds,period_1_rushing_yds,15.2,0.46142018823389314,0.46142018823389314,0.07715962353221373
00-0039901,Keon Coleman,WR,BUF,2026,4,2026,5,LA,12/10,receptions,receptions,2.7,0.5385244488716125,0.5385244488716125,0.0770488977432251
00-0038519,Nikko Remigio,WR,KC,2025,3,2026,6,LAC,18/10,receptions,receptions,1.0,0.5384199619293213,0.5384199619293213,0.07683992385864258
00-0037005,Tommy Tremble,TE,CAR,2026,4,2026,6,PHI,18/10,receiving_yards,receiving_yds,17.1,0.461665540933609,0.461665540933609,0.07666891813278198
00-0035500,Greg Dortch,WR,ARI,2025,13,2026,5,DET,11/10,receptions,receptions,2.5,0.5382665991783142,0.5382665991783142,0.07653319835662842
00-0034844,Saquon Barkley,RB,PHI,2026,18,2026,5,JAX,11/10,season_rush_yards,season_rush_yards,182.0,0.46182373508476543,0.46182373508476543,0.07635252983046914
00-0038597,Chase Brown,RB,CIN,2026,18,2026,5,MIA,11/10,season_rec_tds,season_rec_tds,0.0,0.46185289217351005,0.46185289217351005,0.07629421565297989
00-0026158,Joe Flacco,QB,BAL,2014,4,2026,5,ATL,11/10,rushing_yards_qb,rushing_yds,4.8,0.4618862841234021,0.4618862841234021,0.0762274317531958
00-0038476,Tommy DeVito,QB,NE,2026,3,2026,5,LV,11/10,passing_yards,passing_yds,115.7,0.5380497286495718,0.5380497286495718,0.07609945729914358
00-0039163,C.J. Stroud,QB,HOU,2026,4,2026,5,TEN,11/10,passing_yards,passing_yds,238.2,0.5379894457413037,0.5379894457413037,0.07597889148260739
00-0036945,Justin Fields,QB,NYJ,2025,11,2026,5,CLE,11/10,period_1_passing_yds,period_1_passing_yds,18.6,0.5377908631651296,0.5377908631651296,0.07558172633025917
00-0036945,Justin Fields,QB,NYJ,2025,11,2026,5,CLE,11/10,period_1_2_passing_yds,period_1_2_passing_yds,55.7,0.5377223509256277,0.5377223509256277,0.0754447018512554
00-0041525,Chris Bell,WR,MIA,2026,4,2026,5,CIN,11/10,receptions,receptions,1.2,0.5377211570739746,0.5377211570739746,0.07544231414794922
00-0039910,Jayden Daniels,QB,WAS,2026,2,2026,5,NYG,11/10,period_1_2_passing_yds,period_1_2_passing_yds,69.5,0.5376204198867933,0.5376204198867933,0.07524083977358664
00-0038416,Tyson Bagent,QB,CHI,2026,4,2026,5,GB,11/10,passing_yards,passing_yds,95.3,0.5376146296417988,0.5376146296417988,0.0752292592835977
00-0040179,DJ Giddens,RB,IND,2025,18,2026,5,PIT,11/10,period_1_2_rushing_yds,period_1_2_rushing_yds,0.6,0.5376111797728321,0.5376111797728321,0.07522235954566425
00-0041048,Ted Hurst III,WR,TB,2026,4,2026,5,DAL,08/10,receptions,receptions,2.0,0.4624684154987335,0.4624684154987335,0.07506316900253296
00-0039910,Jayden Daniels,QB,WAS,2026,2,2026,5,NYG,11/10,period_1_passing_yds,period_1_passing_yds,35.0,0.46249328762030095,0.46249328762030095,0.0750134247593981
00-0026164,Chris Johnson,RB,ARI,2017,5,2026,5,DET,11/10,period_1_2_rushing_yds,period_1_2_rushing_yds,15.5,0.5372598475225426,0.5372598475225426,0.07451969504508527
00-0040743,Tyler Shough,QB,NO,2026,4,2026,5,MIN,11/10,passing_yards,passing_yds,239.1,0.5367984839061335,0.5367984839061335,0.07359696781226699
00-0040142,Kaleb Johnson,RB,GB,2026,4,2026,5,CHI,11/10,period_1_2_rushing_yds,period_1_2_rushing_yds,9.7,0.4633037307263678,0.4633037307263678,0.07339253854726435
00-0037228,Jaylen Warren,RB,PIT,2026,4,2026,5,IND,11/10,receiving_yards_rb,receiving_yds,18.5,0.463721068375996,0.463721068375996,0.07255786324800795
00-0031588,Stefon Diggs,WR,WAS,2026,4,2026,5,NYG,11/10,period_1_2_receiving_yds,period_1_2_receiving_yds,18.8,0.5362357127420501,0.5362357127420501,0.07247142548410013
00-0036212,Tua Tagovailoa,QB,MIA,2022,9,2026,5,CIN,11/10,rushing_yards_qb,rushing_yds,6.9,0.46392595949063525,0.46392595949063525,0.07214808101872949
00-0034796,Lamar Jackson,QB,BAL,2026,4,2026,5,ATL,11/10,passing_yards,passing_yds,206.7,0.4641075938240061,0.4641075938240061,0.07178481235198775
00-0036355,Justin Herbert,QB,LAC,2026,4,2026,5,DEN,11/10,period_1_passing_yds,period_1_passing_yds,34.0,0.535709970226735,0.535709970226735,0.07141994045347011
00-0039150,Bryce Young,QB,CAR,2026,4,2026,6,PHI,18/10,passing_tds,passing_tds,1.6,0.4643322714377183,0.4643322714377183,0.07133545712456335
00-0038606,Parker Washington,WR,JAX,2026,18,2026,5,PHI,11/10,season_rec_tds,season_rec_tds,2.0,0.4646602608176503,0.4646602608176503,0.07067947836469946
00-0036842,Kene Nwangwu,RB,NYJ,2025,18,2026,5,CLE,11/10,period_1_2_rushing_yds,period_1_2_rushing_yds,4.5,0.5353345016730036,0.5353345016730036,0.07066900334600712
00-0036139,Rico Dowdle,RB,PIT,2026,2,2026,5,IND,11/10,period_1_2_receiving_yds,period_1_2_receiving_yds,4.5,0.46471774421705736,0.46471774421705736,0.07056451156588528
00-0038393,Dontayvion Wicks,WR,PHI,2026,18,2026,5,JAX,11/10,season_rec_tds,season_rec_tds,1.0,0.5351676477500742,0.5351676477500742,0.07033529550014839
00-0041100,Josh Cameron,WR,JAX,2026,4,2026,5,PHI,11/10,receptions,receptions,1.7,0.5350403785705566,0.5350403785705566,0.07008075714111328
00-0036264,Jordan Love,QB,GB,2026,4,2026,5,CHI,11/10,passing_tds,passing_tds,1.7,0.46499964423222545,0.46499964423222545,0.0700007115355491
00-0036876,Kylen Granson,TE,PHI,2025,18,2026,5,JAX,11/10,receptions,receptions,1.2,0.5349938869476318,0.5349938869476318,0.06998777389526367
00-0038117,Wan'Dale Robinson,WR,TEN,2026,4,2026,5,HOU,11/10,period_1_2_receiving_yds,period_1_2_receiving_yds,10.0,0.534924984636472,0.534924984636472,0.06984996927294396
00-0040669,Isaac TeSlaa,WR,DET,2026,4,2026,5,ARI,11/10,period_1_2_receiving_yds,period_1_2_receiving_yds,4.2,0.5348156178659056,0.5348156178659056,0.06963123573181118
00-0038454,Keaton Mitchell,RB,LAC,2026,4,2026,5,DEN,11/10,period_1_2_receiving_yds,period_1_2_receiving_yds,0.8,0.46518960455597475,0.46518960455597475,0.06962079088805051
00-0037838,Isaiah Likely,TE,NYG,2026,4,2026,5,WAS,11/10,receiving_yards,receiving_yds,35.6,0.46529051661491394,0.46529051661491394,0.06941896677017212
00-0033280,Christian McCaffrey,RB,SF,2026,18,2026,5,SEA,11/10,season_receiving_yards,season_receiving_yards,122.0,0.5346521297077359,0.5346521297077359,0.0693042594154718
00-0040676,Cam Ward,QB,TEN,2026,4,2026,5,HOU,11/10,passing_yards,passing_yds,188.5,0.5344961877179927,0.5344961877179927,0.06899237543598535
00-0040398,Brady Cook,QB,NYJ,2025,18,2026,5,CLE,11/10,passing_tds,passing_tds,0.4,0.4655585123379173,0.4655585123379173,0.06888297532416543
00-0036410,Tee Higgins,WR,CIN,2026,4,2026,5,MIA,11/10,receptions,receptions,4.8,0.46568089723587036,0.46568089723587036,0.06863820552825928
00-0034753,Mark Andrews,TE,BAL,2026,4,2026,5,ATL,11/10,period_1_2_receiving_yds,period_1_2_receiving_yds,16.8,0.4658113124077418,0.4658113124077418,0.06837737518451636
00-0031503,Jameis Winston,QB,NYG,2026,4,2026,5,WAS,11/10,period_1_passing_yds,period_1_passing_yds,35.3,0.46584643995258657,0.46584643995258657,0.06830712009482687
00-0038041,Jake Ferguson,TE,DAL,2026,4,2026,5,TB,08/10,period_1_2_receiving_yds,period_1_2_receiving_yds,6.5,0.4658652520877979,0.4658652520877979,0.06826949582440422
00-0036924,Michael Carter,RB,ARI,2025,18,2026,5,DET,11/10,period_1_2_rushing_yds,period_1_2_rushing_yds,13.2,0.46596566095822634,0.46596566095822634,0.06806867808354733
00-0040648,Tory Horton,WR,SEA,2026,4,2026,5,SF,11/10,receiving_yards,receiving_yds,23.9,0.4660688638687134,0.4660688638687134,0.06786227226257324
00-0038120,Breece Hall,RB,NYJ,2026,3,2026,5,CLE,11/10,period_1_rushing_yds,period_1_rushing_yds,15.0,0.533710294676186,0.533710294676186,0.06742058935237205
00-0039299,George Holani,RB,SEA,2026,18,2026,5,SF,11/10,season_rush_yards,season_rush_yards,70.0,0.4663328761381095,0.4663328761381095,0.06733424772378105
00-0040138,Jaylin Noel,WR,HOU,2026,4,2026,5,TEN,11/10,receiving_yards,receiving_yds,28.5,0.4665285348892212,0.4665285348892212,0.06694293022155762
00-0032268,Marcus Mariota,QB,WAS,2026,4,2026,5,NYG,11/10,period_1_2_passing_yds,period_1_2_passing_yds,47.7,0.4666160358254089,0.4666160358254089,0.06676792834918222
00-0040172,Jordan Watkins,WR,SF,2025,8,2026,5,SEA,11/10,receptions,receptions,1.0,0.5332498550415039,0.5332498550415039,0.06649971008300781
00-0035710,Daniel Jones,QB,IND,2026,4,2026,5,PIT,11/10,period_1_2_passing_tds,period_1_2_passing_tds,0.5,0.4667846949555484,0.4667846949555484,0.06643061008890316
00-0036158,J.K. Dobbins,RB,DEN,2026,18,2026,5,LAC,11/10,season_rush_tds,season_rush_tds,0.0,0.5331219191795171,0.5331219191795171,0.06624383835903425
00-0039901,Keon Coleman,WR,BUF,2026,18,2026,5,LA,12/10,season_receiving_yards,season_receiving_yards,217.0,0.5331196459391756,0.5331196459391756,0.0662392918783512
00-0039075,Puka Nacua,WR,LA,2026,4,2026,5,BUF,12/10,rush_rec_tds,rush_rec_tds,0.5,0.5331017941850513,0.5331017941850513,0.06620358837010265
00-0041032,Kenyon Sadiq,TE,NYJ,2026,18,2026,5,CLE,11/10,season_rec_tds,season_rec_tds,1.0,0.5330882480079248,0.5330882480079248,0.06617649601584952
00-0037614,John Metchie III,WR,CAR,2026,4,2026,6,PHI,18/10,receiving_yards,receiving_yds,24.6,0.4669763147830963,0.4669763147830963,0.06604737043380737
00-0039150,Bryce Young,QB,CAR,2026,18,2026,6,PHI,18/10,season_rush_yards,season_rush_yards,19.0,0.5329026014337856,0.5329026014337856,0.0658052028675713
00-0038579,Aidan O'Connell,QB,LV,2023,4,2026,5,NE,11/10,rushing_yards_qb,rushing_yds,3.0,0.4671646142531916,0.4671646142531916,0.06567077149361678
00-0037258,Dameon Pierce,RB,KC,2025,18,2026,6,LAC,18/10,period_1_2_rushing_yds,period_1_2_rushing_yds,4.7,0.4671667256207328,0.4671667256207328,0.0656665487585344
00-0033280,Christian McCaffrey,RB,SF,2026,4,2026,5,SEA,11/10,period_1_rushing_yds,period_1_rushing_yds,11.2,0.4672931612923682,0.4672931612923682,0.0654136774152636
00-0040663,Harold Fannin Jr.,TE,CLE,2026,4,2026,5,NYJ,11/10,receptions,receptions,4.5,0.467375785112381,0.467375785112381,0.06524842977523804
00-0036875,Rhamondre Stevenson,RB,NE,2026,18,2026,5,LV,11/10,season_rush_yards,season_rush_yards,163.0,0.5325689792295366,0.5325689792295366,0.06513795845907322
00-0039732,Bo Nix,QB,DEN,2026,4,2026,5,LAC,11/10,period_1_2_passing_tds,period_1_2_passing_tds,0.2,0.5324821811603612,0.5324821811603612,0.06496436232072234
00-0030279,Keenan Allen,WR,IND,2026,3,2026,5,PIT,11/10,period_1_2_receiving_yds,period_1_2_receiving_yds,14.7,0.5323465410501099,0.5323465410501099,0.06469308210021985
00-0041194,Jack Strand,QB,ATL,2026,2,2026,5,BAL,11/10,passing_yards,passing_yds,59.0,0.5323238564745817,0.5323238564745817,0.06464771294916338
00-0039410,Ryan Flournoy,WR,DAL,2026,4,2026,5,TB,08/10,receptions,receptions,3.2,0.4676893353462219,0.4676893353462219,0.06462132930755615
00-0033293,Aaron Jones,RB,MIN,2026,4,2026,5,NO,11/10,period_1_rushing_yds,period_1_rushing_yds,18.8,0.5318269982390597,0.5318269982390597,0.06365399647811931
00-0036875,Rhamondre Stevenson,RB,NE,2026,4,2026,5,LV,11/10,rushing_yards,rushing_yds,51.6,0.4682040810585022,0.4682040810585022,0.0635918378829956
00-0038997,Josh Downs,WR,IND,2026,4,2026,5,PIT,11/10,receiving_yards,receiving_yds,40.4,0.46828368306159973,0.46828368306159973,0.06343263387680054
00-0033077,Dak Prescott,QB,DAL,2026,4,2026,5,TB,08/10,period_1_passing_yds,period_1_passing_yds,55.2,0.5316974157315115,0.5316974157315115,0.06339483146302305
00-0039299,George Holani,RB,SEA,2026,4,2026,5,SF,11/10,rushing_yards,rushing_yds,13.6,0.5316828489303589,0.5316828489303589,0.06336569786071777
00-0033293,Aaron Jones,RB,MIN,2026,4,2026,5,NO,11/10,receiving_yards_rb,receiving_yds,16.7,0.46833283949797305,0.46833283949797305,0.0633343210040539
00-0023459,Aaron Rodgers,QB,PIT,2026,4,2026,5,IND,11/10,passing_ints,passing_ints,0.6,0.46840237721639555,0.46840237721639555,0.0631952455672089
00-0040237,Tez Johnson,WR,TB,2026,18,2026,5,DAL,08/10,season_receiving_yards,season_receiving_yards,74.0,0.5315839971414665,0.5315839971414665,0.06316799428293307
00-0040236,Kyle Monangai,RB,CHI,2026,18,2026,5,GB,11/10,season_rush_tds,season_rush_tds,3.0,0.5313285272797628,0.5313285272797628,0.06265705455952553
00-0041547,KC Concepcion,WR,CLE,2026,4,2026,5,NYJ,11/10,period_1_2_receiving_yds,period_1_2_receiving_yds,22.8,0.4687835861018344,0.4687835861018344,0.06243282779633119
00-0037012,Trey Lance,QB,LAC,2025,18,2026,5,DEN,11/10,period_1_passing_yds,period_1_passing_yds,3.8,0.5311668837402398,0.5311668837402398,0.062333767480479585
00-0038797,Emanuel Wilson,RB,SEA,2026,18,2026,5,SF,11/10,season_rush_yards,season_rush_yards,190.0,0.5310553752859981,0.5310553752859981,0.06211075057199622
00-0037238,Drake London,WR,ATL,2026,18,2026,5,BAL,11/10,season_receiving_yards,season_receiving_yards,370.0,0.5309735668998263,0.5309735668998263,0.061947133799652665
00-0040743,Tyler Shough,QB,NO,2026,4,2026,5,MIN,11/10,passing_ints,passing_ints,0.6,0.5308668702374871,0.5308668702374871,0.061733740474974264
00-0040170,Elic Ayomanor,WR,TEN,2026,18,2026,5,HOU,11/10,season_receiving_yards,season_receiving_yards,113.0,0.5307697984324424,0.5307697984324424,0.06153959686488486
00-0039890,Adonai Mitchell,WR,NYJ,2026,2,2026,5,CLE,11/10,receptions,receptions,2.4,0.5304827690124512,0.5304827690124512,0.060965538024902344
00-0036355,Justin Herbert,QB,LAC,2026,4,2026,5,DEN,11/10,period_1_2_passing_tds,period_1_2_passing_tds,0.2,0.4695623051848397,0.4695623051848397,0.060875389630320575
00-0038933,Dalton Kincaid,TE,BUF,2026,18,2026,5,LA,12/10,season_receiving_yards,season_receiving_yards,270.0,0.5304053357746102,0.5304053357746102,0.060810671549220485
00-0032464,Kalif Raymond,WR,CHI,2026,4,2026,5,GB,11/10,receiving_yards,receiving_yds,31.8,0.4696744978427887,0.4696744978427887,0.06065100431442261
00-0040179,DJ Giddens,RB,IND,2025,18,2026,5,PIT,11/10,rushing_yards,rushing_yds,19.2,0.5303134918212891,0.5303134918212891,0.060626983642578125
00-0040024,Darius Cooper,WR,PHI,2026,4,2026,5,JAX,11/10,receptions,receptions,1.9,0.5298755764961243,0.5298755764961243,0.059751152992248535
00-0040676,Cam Ward,QB,TEN,2026,18,2026,5,HOU,11/10,season_rush_yards,season_rush_yards,57.0,0.5297773154818326,0.5297773154818326,0.0595546309636652
00-0040187,Mitchell Evans,TE,CAR,2025,4,2026,6,PHI,18/10,receptions,receptions,1.7,0.5293736457824707,0.5293736457824707,0.058747291564941406
00-0039139,Jahmyr Gibbs,RB,DET,2026,18,2026,5,ARI,11/10,season_rec_tds,season_rec_tds,2.0,0.4708786586049867,0.4708786586049867,0.058242682790026645
00-0035261,Tony Pollard,RB,TEN,2026,18,2026,5,HOU,11/10,season_rush_yards,season_rush_yards,221.0,0.528951182143281,0.528951182143281,0.057902364286561925
00-0038621,DeMario Douglas,WR,NE,2026,4,2026,5,LV,11/10,receptions,receptions,1.9,0.528849184513092,0.528849184513092,0.05769836902618408
00-0038710,Blake Whiteheart,TE,CLE,2024,12,2026,5,NYJ,11/10,receiving_yards,receiving_yds,21.0,0.4713206887245178,0.4713206887245178,0.057358622550964355
00-0037077,Sam Howell,QB,SEA,2024,15,2026,5,SF,11/10,period_1_passing_yds,period_1_passing_yds,0.0,0.5284897861656087,0.5284897861656087,0.05697957233121742
00-0040784,Quinshon Judkins,RB,CLE,2026,4,2026,5,NYJ,11/10,receiving_yards_rb,receiving_yds,16.0,0.47154035357645907,0.47154035357645907,0.05691929284708186
00-0039410,Ryan Flournoy,WR,DAL,2026,4,2026,5,TB,08/10,receiving_yards,receiving_yds,34.9,0.4715884327888489,0.4715884327888489,0.056823134422302246
00-0036646,Simi Fehoko,WR,LAC,2024,9,2026,5,DEN,11/10,receptions,receptions,1.2,0.5284006595611572,0.5284006595611572,0.05680131912231445
00-0038124,Christian Watson,WR,GB,2026,4,2026,5,CHI,11/10,receptions,receptions,3.6,0.5281838774681091,0.5281838774681091,0.05636775493621826
00-0030565,Geno Smith,QB,NYJ,2026,4,2026,5,CLE,11/10,period_1_2_passing_tds,period_1_2_passing_tds,0.2,0.4718976496055316,0.4718976496055316,0.0562047007889368
00-0038797,Emanuel Wilson,RB,SEA,2026,18,2026,5,SF,11/10,season_receiving_yards,season_receiving_yards,39.0,0.47205974425912944,0.47205974425912944,0.05588051148174111
00-0040398,Brady Cook,QB,NYJ,2025,18,2026,5,CLE,11/10,passing_yards,passing_yds,147.8,0.47209069879059234,0.47209069879059234,0.05581860241881531
00-0040784,Quinshon Judkins,RB,CLE,2026,4,2026,5,NYJ,11/10,rushing_yards,rushing_yds,53.1,0.5278740525245667,0.5278740525245667,0.0557481050491333
00-0041438,Carnell Tate,WR,TEN,2026,4,2026,5,HOU,11/10,period_1_2_receiving_yds,period_1_2_receiving_yds,23.0,0.5277913814508763,0.5277913814508763,0.05558276290175268
00-0034827,DJ Moore,WR,BUF,2026,18,2026,5,LA,12/10,season_receiving_yards,season_receiving_yards,178.0,0.5277904623950918,0.5277904623950918,0.055580924790183506
00-0029604,Kirk Cousins,QB,LV,2026,4,2026,5,NE,11/10,passing_tds,passing_tds,1.4,0.5277094836419941,0.5277094836419941,0.05541896728398821
00-0036250,Tyler Davis,TE,JAX,2020,6,2026,5,PHI,11/10,receiving_yards,receiving_yds,0.0,0.5276904702186584,0.5276904702186584,0.055380940437316895
00-0037840,Kyren Williams,RB,LA,2026,18,2026,5,BUF,12/10,season_rec_tds,season_rec_tds,1.0,0.4725148974383582,0.4725148974383582,0.054970205123283655
00-0034829,Mike Gesicki,TE,CIN,2026,4,2026,5,MIA,11/10,receptions,receptions,2.9,0.52736496925354,0.52736496925354,0.05472993850708008
00-0039163,C.J. Stroud,QB,HOU,2026,4,2026,5,TEN,11/10,period_1_2_passing_tds,period_1_2_passing_tds,0.8,0.4728840495852165,0.4728840495852165,0.05423190082956697
00-0030506,Travis Kelce,TE,KC,2026,18,2026,6,LAC,18/10,season_rush_yards,season_rush_yards,0.0,0.5270351606837884,0.5270351606837884,0.054070321367576835
00-0039066,Michael Mayer,TE,LV,2026,4,2026,5,NE,11/10,receptions,receptions,3.4,0.47315269708633423,0.47315269708633423,0.05369460582733154
00-0035719,Deebo Samuel Sr.,WR,SF,2026,4,2026,5,SEA,11/10,period_1_2_receiving_yds,period_1_2_receiving_yds,6.0,0.47328661706692254,0.47328661706692254,0.05342676586615491
00-0035719,Deebo Samuel Sr.,WR,SF,2026,18,2026,5,SEA,11/10,season_receiving_yards,season_receiving_yards,185.0,0.4733998819212621,0.4733998819212621,0.05320023615747582
00-0040676,Cam Ward,QB,TEN,2026,4,2026,5,HOU,11/10,period_1_2_passing_tds,period_1_2_passing_tds,0.0,0.5265552136302193,0.5265552136302193,0.053110427260438575
00-0031588,Stefon Diggs,WR,WAS,2026,18,2026,5,NYG,11/10,season_receiving_yards,season_receiving_yards,170.0,0.47365971159199416,0.47365971159199416,0.05268057681601168
00-0036637,Noah Gray,TE,KC,2026,18,2026,6,LAC,18/10,season_receiving_yards,season_receiving_yards,61.0,0.47379238442220123,0.47379238442220123,0.05241523115559754
00-0039365,Jacob Cowing,WR,SF,2026,3,2026,5,SEA,11/10,receptions,receptions,1.0,0.4738476872444153,0.4738476872444153,0.052304625511169434
00-0040122,Ashton Jeanty,RB,LV,2026,4,2026,5,NE,11/10,receiving_yards_rb,receiving_yds,28.1,0.47389094300957196,0.47389094300957196,0.052218113980856073
00-0036626,Dyami Brown,WR,WAS,2026,4,2026,5,NYG,11/10,receptions,receptions,1.9,0.5260883569717407,0.5260883569717407,0.052176713943481445
00-0033119,Jacoby Brissett,QB,ARI,2026,4,2026,5,DET,11/10,passing_tds,passing_tds,1.8,0.4739579706168147,0.4739579706168147,0.05208405876637057
00-0040715,Cam Skattebo,RB,NYG,2026,4,2026,5,WAS,11/10,rushing_yards,rushing_yds,53.8,0.5259928703308105,0.5259928703308105,0.051985740661621094
00-0036963,Amon-Ra St. Brown,WR,DET,2026,4,2026,5,ARI,11/10,rush_rec_tds,rush_rec_tds,0.5,0.47401895212557726,0.47401895212557726,0.05196209574884547
00-0040024,Darius Cooper,WR,PHI,2026,4,2026,5,JAX,11/10,receiving_yards,receiving_yds,20.0,0.4741186499595642,0.4741186499595642,0.05176270008087158
00-0031588,Stefon Diggs,WR,WAS,2026,18,2026,5,NYG,11/10,season_rush_yards,season_rush_yards,0.0,0.5258424997288542,0.5258424997288542,0.051684999457708436
00-0040187,Mitchell Evans,TE,CAR,2025,4,2026,6,PHI,18/10,receiving_yards,receiving_yds,13.7,0.47422516345977783,0.47422516345977783,0.051549673080444336
00-0039794,Braelon Allen,RB,NYJ,2026,4,2026,5,CLE,11/10,period_1_rushing_yds,period_1_rushing_yds,2.2,0.4746013109227498,0.4746013109227498,0.05079737815450036
00-0039364,Sione Vaki,RB,DET,2026,18,2026,5,ARI,11/10,season_receiving_yards,season_receiving_yards,52.0,0.4751243166866052,0.4751243166866052,0.049751366626789584
00-0036358,CeeDee Lamb,WR,DAL,2026,4,2026,5,TB,08/10,rush_rec_tds,rush_rec_tds,0.5,0.475161858279602,0.475161858279602,0.049676283440796
00-0035208,Olamide Zaccheaus,WR,ATL,2026,18,2026,5,BAL,11/10,season_receiving_yards,season_receiving_yards,17.0,0.5247783989827085,0.5247783989827085,0.04955679796541701
00-0039424,Devaughn Vele,WR,NO,2026,18,2026,5,MIN,11/10,season_rec_tds,season_rec_tds,2.0,0.4752426886544888,0.4752426886544888,0.04951462269102236
00-0041251,Jalon Daniels,QB,TB,2026,4,2026,5,DAL,08/10,period_1_2_passing_yds,period_1_2_passing_yds,37.0,0.4754378649707038,0.4754378649707038,0.049124270058592434
00-0035261,Tony Pollard,RB,TEN,2026,18,2026,5,HOU,11/10,season_rush_tds,season_rush_tds,1.0,0.5244374775166579,0.5244374775166579,0.04887495503331585
00-0036912,DeVonta Smith,WR,PHI,2026,3,2026,5,JAX,11/10,receptions,receptions,4.9,0.4755873382091522,0.4755873382091522,0.04882532358169556
00-0037816,Romeo Doubs,WR,NE,2026,4,2026,5,LV,11/10,receptions,receptions,3.6,0.47570714354515076,0.47570714354515076,0.048585712909698486
00-0035261,Tony Pollard,RB,TEN,2026,4,2026,5,HOU,11/10,period_1_rushing_yds,period_1_rushing_yds,11.5,0.5241467620005631,0.5241467620005631,0.04829352400112619
00-0039851,Drake Maye,QB,NE,2026,4,2026,5,LV,11/10,period_1_2_passing_yds,period_1_2_passing_yds,88.5,0.524065413683799,0.524065413683799,0.048130827367597995
00-0033077,Dak Prescott,QB,DAL,2026,4,2026,5,TB,08/10,period_1_2_passing_tds,period_1_2_passing_tds,0.8,0.47600023283592513,0.47600023283592513,0.04799953432814974
00-0038997,Josh Downs,WR,IND,2026,4,2026,5,PIT,11/10,receptions,receptions,3.8,0.5238983035087585,0.5238983035087585,0.04779660701751709
00-0041117,Athan Kaliakmanis,QB,WAS,2026,4,2026,5,NYG,11/10,passing_ints,passing_ints,1.0,0.4762672243546322,0.4762672243546322,0.0474655512907356
00-0036875,Rhamondre Stevenson,RB,NE,2026,4,2026,5,LV,11/10,period_1_2_receiving_yds,period_1_2_receiving_yds,2.5,0.5236560480492564,0.5236560480492564,0.047312096098512724
00-0040584,Gunnar Helm,TE,TEN,2026,4,2026,5,HOU,11/10,period_1_2_receiving_yds,period_1_2_receiving_yds,1.5,0.4763677475582457,0.4763677475582457,0.04726450488350864
00-0036919,Kenny Gainwell,RB,TB,2026,4,2026,5,DAL,08/10,period_1_2_receiving_yds,period_1_2_receiving_yds,2.0,0.4764493486655362,0.4764493486655362,0.04710130266892765
00-0038611,Chris Rodriguez Jr.,RB,JAX,2026,18,2026,5,PHI,11/10,season_rush_yards,season_rush_yards,108.0,0.47651336373345593,0.47651336373345593,0.04697327253308814
00-0038134,Kenneth Walker III,RB,KC,2026,4,2026,6,LAC,18/10,period_1_rushing_yds,period_1_rushing_yds,24.8,0.4765572704559822,0.4765572704559822,0.04688545908803565
00-0033077,Dak Prescott,QB,DAL,2026,4,2026,5,TB,08/10,passing_tds,passing_tds,1.8,0.4765944307396679,0.4765944307396679,0.04681113852066421
00-0038608,Kayshon Boutte,WR,HOU,2026,4,2026,5,TEN,11/10,receptions,receptions,2.1,0.47660812735557556,0.47660812735557556,0.04678374528884888
00-0038728,Jared Wayne,WR,HOU,2026,3,2026,5,TEN,11/10,period_1_2_receiving_yds,period_1_2_receiving_yds,6.0,0.4766732679279352,0.4766732679279352,0.04665346414412963
00-0035993,Tyler Huntley,QB,BAL,2026,4,2026,5,ATL,11/10,period_1_2_passing_yds,period_1_2_passing_yds,0.0,0.5231380943900282,0.5231380943900282,0.04627618878005646
00-0034753,Mark Andrews,TE,BAL,2026,18,2026,5,ATL,11/10,season_receiving_yards,season_receiving_yards,149.0,0.5229871237224285,0.5229871237224285,0.04597424744485701
00-0028118,Tyrod Taylor,QB,NYJ,2025,14,2026,5,CLE,11/10,period_1_passing_yds,period_1_passing_yds,19.3,0.5227028475044961,0.5227028475044961,0.045405695008992275
00-0039391,Kimani Vidal,RB,LAC,2026,4,2026,5,DEN,11/10,period_1_2_receiving_yds,period_1_2_receiving_yds,1.0,0.477422559142449,0.477422559142449,0.04515488171510196
00-0033110,Tyler Higbee,TE,LA,2026,4,2026,5,BUF,12/10,receptions,receptions,3.2,0.47749289870262146,0.47749289870262146,0.04501420259475708
00-0037614,John Metchie III,WR,CAR,2026,4,2026,6,PHI,18/10,receptions,receptions,2.8,0.4775155186653137,0.4775155186653137,0.04496896266937256
00-0033854,Dare Ogunbowale,RB,HOU,2024,7,2026,5,TEN,11/10,rushing_yards,rushing_yds,9.4,0.47754791378974915,0.47754791378974915,0.04490417242050171
00-0037231,Kevin Austin Jr.,WR,NO,2026,2,2026,5,MIN,11/10,receiving_yards,receiving_yds,21.3,0.4776199460029602,0.4776199460029602,0.04476010799407959
00-0038976,Marvin Mims Jr.,WR,DEN,2026,4,2026,5,LAC,11/10,receiving_yards,receiving_yds,28.2,0.47763919830322266,0.47763919830322266,0.04472160339355469
00-0039139,Jahmyr Gibbs,RB,DET,2026,4,2026,5,ARI,11/10,period_1_2_rush_rec_tds,period_1_2_rush_rec_tds,0.5,0.5222099534309469,0.5222099534309469,0.04441990686189379
00-0039299,George Holani,RB,SEA,2026,18,2026,5,SF,11/10,season_receiving_yards,season_receiving_yards,52.0,0.5221711633987084,0.5221711633987084,0.04434232679741679
00-0036158,J.K. Dobbins,RB,DEN,2026,4,2026,5,LAC,11/10,period_1_rushing_yds,period_1_rushing_yds,7.5,0.5219436348003947,0.5219436348003947,0.04388726960078948
00-0031236,Brandin Cooks,WR,SF,2026,4,2026,5,SEA,11/10,receptions,receptions,1.8,0.5219051837921143,0.5219051837921143,0.043810367584228516
00-0040784,Quinshon Judkins,RB,CLE,2026,18,2026,5,NYJ,11/10,season_rush_tds,season_rush_tds,1.0,0.5217433218838681,0.5217433218838681,0.043486643767736144
00-0038393,Dontayvion Wicks,WR,PHI,2026,4,2026,5,JAX,11/10,receptions,receptions,2.5,0.4783858060836792,0.4783858060836792,0.0432283878326416
00-0041525,Chris Bell,WR,MIA,2026,18,2026,5,CIN,11/10,season_rec_tds,season_rec_tds,0.0,0.5215937338219967,0.5215937338219967,0.043187467643993394
00-0037258,Dameon Pierce,RB,KC,2025,18,2026,6,LAC,18/10,rushing_yards,rushing_yds,23.1,0.47841742634773254,0.47841742634773254,0.04316514730453491
00-0032392,Austin Hooper,TE,ATL,2026,4,2026,5,BAL,11/10,receptions,receptions,1.4,0.47869250178337097,0.47869250178337097,0.04261499643325806
00-0035261,Tony Pollard,RB,TEN,2026,4,2026,5,HOU,11/10,period_1_2_receiving_yds,period_1_2_receiving_yds,0.0,0.47896475750656214,0.47896475750656214,0.04207048498687571
00-0036879,Sam Ehlinger,QB,IND,2022,18,2026,5,PIT,11/10,passing_tds,passing_tds,0.4,0.5209682301950066,0.5209682301950066,0.0419364603900132
00-0039739,Roman Wilson,WR,PIT,2026,4,2026,5,IND,11/10,receiving_yards,receiving_yds,27.2,0.5208401679992676,0.5208401679992676,0.041680335998535156
00-0038996,Tucker Kraft,TE,GB,2026,18,2026,5,CHI,11/10,season_rec_tds,season_rec_tds,1.0,0.47923294958152324,0.47923294958152324,0.041534100836953525
00-0034383,Dalton Schultz,TE,HOU,2026,18,2026,5,TEN,11/10,season_receiving_yards,season_receiving_yards,214.0,0.47935718777734876,0.47935718777734876,0.04128562444530248
00-0035500,Greg Dortch,WR,ARI,2025,13,2026,5,DET,11/10,period_1_2_receiving_yds,period_1_2_receiving_yds,4.3,0.47942022858967404,0.47942022858967404,0.04115954282065193
00-0031503,Jameis Winston,QB,NYG,2026,4,2026,5,WAS,11/10,period_1_2_passing_yds,period_1_2_passing_yds,84.7,0.4794525668812024,0.4794525668812024,0.04109486623759517
00-0038134,Kenneth Walker III,RB,KC,2026,4,2026,6,LAC,18/10,period_1_2_receiving_yds,period_1_2_receiving_yds,10.0,0.4795295389469271,0.4795295389469271,0.04094092210614575
00-0031381,Davante Adams,WR,LA,2026,4,2026,5,BUF,12/10,receptions,receptions,4.4,0.4795379638671875,0.4795379638671875,0.040924072265625
00-0036265,AJ Dillon,RB,CAR,2026,18,2026,6,PHI,18/10,season_rush_yards,season_rush_yards,43.0,0.5202534661482245,0.5202534661482245,0.04050693229644908
00-0036322,Justin Jefferson,WR,MIN,2026,3,2026,5,NO,11/10,receiving_yards,receiving_yds,56.3,0.4798206090927124,0.4798206090927124,0.040358781814575195
00-0033280,Christian McCaffrey,RB,SF,2026,4,2026,5,SEA,11/10,period_1_2_rushing_yds,period_1_2_rushing_yds,21.0,0.5201781005311817,0.5201781005311817,0.040356201062363484
00-0032268,Marcus Mariota,QB,WAS,2026,4,2026,5,NYG,11/10,passing_yards,passing_yds,137.2,0.519988329506463,0.519988329506463,0.03997665901292602
00-0036040,Juwan Johnson,TE,NO,2026,18,2026,5,MIN,11/10,season_receiving_yards,season_receiving_yards,232.0,0.4800787691927076,0.4800787691927076,0.03984246161458482
00-0036322,Justin Jefferson,WR,MIN,2026,3,2026,5,NO,11/10,receptions,receptions,4.7,0.48011553287506104,0.48011553287506104,0.03976893424987793
00-0039066,Michael Mayer,TE,LV,2026,18,2026,5,NE,11/10,season_rec_tds,season_rec_tds,1.0,0.5198549091796457,0.5198549091796457,0.03970981835929144
00-0040126,Colston Loveland,TE,CHI,2026,4,2026,5,GB,11/10,period_1_2_receiving_yds,period_1_2_receiving_yds,9.8,0.4802535801399117,0.4802535801399117,0.03949283972017659
00-0038935,Brenton Strange,TE,JAX,2026,18,2026,5,PHI,11/10,season_rec_tds,season_rec_tds,1.0,0.5193133303110377,0.5193133303110377,0.038626660622075315
00-0041117,Athan Kaliakmanis,QB,WAS,2026,4,2026,5,NYG,11/10,passing_tds,passing_tds,1.0,0.5193036365646806,0.5193036365646806,0.038607273129361186
00-0034827,DJ Moore,WR,BUF,2026,18,2026,5,LA,12/10,season_rec_tds,season_rec_tds,1.0,0.519220400003799,0.519220400003799,0.038440800007597975
00-0038104,Tyquan Thornton,WR,KC,2026,4,2026,6,LAC,18/10,receptions,receptions,2.0,0.519065797328949,0.519065797328949,0.03813159465789795
00-0029604,Kirk Cousins,QB,LV,2026,4,2026,5,NE,11/10,period_1_passing_yds,period_1_passing_yds,58.8,0.48093469252810095,0.48093469252810095,0.0381306149437981
00-0039917,Michael Penix Jr.,QB,ATL,2026,4,2026,5,BAL,11/10,period_1_passing_yds,period_1_passing_yds,26.0,0.48099976908729786,0.48099976908729786,0.038000461825404286
00-0033873,Patrick Mahomes,QB,KC,2026,4,2026,6,LAC,18/10,period_1_2_passing_yds,period_1_2_passing_yds,118.2,0.4810384161824895,0.4810384161824895,0.037923167635021016
00-0039732,Bo Nix,QB,DEN,2026,4,2026,5,LAC,11/10,passing_yards,passing_yds,234.5,0.5189050160447738,0.5189050160447738,0.037810032089547585
00-0036264,Jordan Love,QB,GB,2026,4,2026,5,CHI,11/10,passing_yards,passing_yds,234.1,0.48111656679099063,0.48111656679099063,0.03776686641801874
00-0034855,Baker Mayfield,QB,TB,2026,3,2026,5,DAL,08/10,period_1_2_passing_tds,period_1_2_passing_tds,0.3,0.4811685624299442,0.4811685624299442,0.037662875140111574
00-0036355,Justin Herbert,QB,LAC,2026,4,2026,5,DEN,11/10,passing_yards,passing_yds,217.1,0.4813789199657786,0.4813789199657786,0.03724216006844283
00-0036945,Justin Fields,QB,NYJ,2025,11,2026,5,CLE,11/10,passing_tds,passing_tds,0.6,0.48157752652224384,0.48157752652224384,0.036844946955512325
00-0036555,Chuba Hubbard,RB,CAR,2026,18,2026,6,PHI,18/10,season_receiving_yards,season_receiving_yards,84.0,0.5183659590869341,0.5183659590869341,0.03673191817386812
00-0038597,Chase Brown,RB,CIN,2026,4,2026,5,MIA,11/10,rush_rec_tds,rush_rec_tds,0.5,0.48172754624000386,0.48172754624000386,0.03654490751999229
00-0034981,Foster Moreau,TE,HOU,2026,4,2026,5,TEN,11/10,receptions,receptions,1.8,0.5180855393409729,0.5180855393409729,0.0361710786819458
00-0039880,Malik Washington,WR,MIA,2026,4,2026,5,CIN,11/10,receiving_yards,receiving_yds,30.6,0.5180619955062866,0.5180619955062866,0.03612399101257324
00-0023459,Aaron Rodgers,QB,PIT,2026,4,2026,5,IND,11/10,passing_tds,passing_tds,1.3,0.5180103946132109,0.5180103946132109,0.03602078922642171
00-0033921,Chris Godwin Jr.,WR,TB,2026,18,2026,5,DAL,08/10,season_rec_tds,season_rec_tds,0.0,0.4820684769640898,0.4820684769640898,0.03586304607182045
00-0040735,Luther Burden III,WR,CHI,2026,4,2026,5,GB,11/10,receptions,receptions,3.8,0.5178417563438416,0.5178417563438416,0.035683512687683105
00-0037666,Jalen Tolbert,WR,MIA,2026,4,2026,5,CIN,11/10,receptions,receptions,1.8,0.5178372859954834,0.5178372859954834,0.0356745719909668
00-0039851,Drake Maye,QB,NE,2026,18,2026,5,LV,11/10,season_rush_tds,season_rush_tds,0.0,0.482179875016504,0.482179875016504,0.035640249966992
00-0038840,Brycen Tremayne,WR,CAR,2026,4,2026,6,PHI,18/10,period_1_2_receiving_yds,period_1_2_receiving_yds,8.0,0.4824744875255048,0.4824744875255048,0.03505102494899037
00-0039811,MarShawn Lloyd,RB,GB,2026,4,2026,5,CHI,11/10,period_1_2_rushing_yds,period_1_2_rushing_yds,8.0,0.48252880890045013,0.48252880890045013,0.03494238219909973
00-0040122,Ashton Jeanty,RB,LV,2026,4,2026,5,NE,11/10,rushing_yards,rushing_yds,55.6,0.4826676547527313,0.4826676547527313,0.034664690494537354
00-0036626,Dyami Brown,WR,WAS,2026,4,2026,5,NYG,11/10,period_1_2_receiving_yds,period_1_2_receiving_yds,2.5,0.4827283738943827,0.4827283738943827,0.034543252211234554
00-0040237,Tez Johnson,WR,TB,2026,4,2026,5,DAL,08/10,receptions,receptions,1.9,0.48280060291290283,0.48280060291290283,0.034398794174194336
00-0033858,Jonnu Smith,TE,GB,2026,4,2026,5,CHI,11/10,receptions,receptions,1.8,0.4828026592731476,0.4828026592731476,0.034394681453704834
00-0040398,Brady Cook,QB,NYJ,2025,18,2026,5,CLE,11/10,period_1_2_passing_tds,period_1_2_passing_tds,0.2,0.48316236907600685,0.48316236907600685,0.033675261847986304
00-0037809,Chig Okonkwo,TE,WAS,2026,4,2026,5,NYG,11/10,period_1_2_receiving_yds,period_1_2_receiving_yds,3.0,0.4832243020137771,0.4832243020137771,0.03355139597244583
00-0033307,Kendrick Bourne,WR,ARI,2026,3,2026,5,DET,11/10,receptions,receptions,2.6,0.5167178511619568,0.5167178511619568,0.033435702323913574
00-0023459,Aaron Rodgers,QB,PIT,2026,4,2026,5,IND,11/10,period_1_2_passing_yds,period_1_2_passing_yds,135.8,0.48331432017506176,0.48331432017506176,0.033371359649876475
00-0036389,Jalen Hurts,QB,PHI,2026,4,2026,5,JAX,11/10,passing_yards,passing_yds,201.0,0.4833596187393669,0.4833596187393669,0.033280762521266216
00-0040737,Terrance Ferguson,TE,LA,2026,3,2026,5,BUF,12/10,receiving_yards,receiving_yds,19.6,0.4835320711135864,0.4835320711135864,0.03293585777282715
00-0034855,Baker Mayfield,QB,TB,2026,3,2026,5,DAL,08/10,period_1_2_passing_yds,period_1_2_passing_yds,108.0,0.4835818890864637,0.4835818890864637,0.032836221827072576
00-0039919,Rome Odunze,WR,CHI,2026,4,2026,5,GB,11/10,receptions,receptions,3.1,0.48365524411201477,0.48365524411201477,0.03268951177597046
00-0033293,Aaron Jones,RB,MIN,2026,18,2026,5,NO,11/10,season_receiving_yards,season_receiving_yards,68.0,0.48368497801266924,0.48368497801266924,0.032630043974661516
00-0039793,AJ Barner,TE,SEA,2026,18,2026,5,SF,11/10,season_rec_tds,season_rec_tds,0.0,0.48376046959891233,0.48376046959891233,0.03247906080217533
00-0037228,Jaylen Warren,RB,PIT,2026,18,2026,5,IND,11/10,season_receiving_yards,season_receiving_yards,143.0,0.516062978158952,0.516062978158952,0.032125956317903936
00-0038597,Chase Brown,RB,CIN,2026,4,2026,5,MIA,11/10,period_1_2_receiving_yds,period_1_2_receiving_yds,15.5,0.4839378233897007,0.4839378233897007,0.03212435322059859
00-0039041,Elijah Higgins,TE,ARI,2026,4,2026,5,DET,11/10,receiving_yards,receiving_yds,21.1,0.4840030372142792,0.4840030372142792,0.03199392557144165
00-0033106,Jared Goff,QB,DET,2026,4,2026,5,ARI,11/10,passing_ints,passing_ints,0.4,0.5159959570225299,0.5159959570225299,0.031991914045059744
00-0033537,Deshaun Watson,QB,CLE,2026,4,2026,5,NYJ,11/10,period_1_2_passing_yds,period_1_2_passing_yds,92.8,0.5158823045509764,0.5158823045509764,0.03176460910195278
00-0034855,Baker Mayfield,QB,TB,2026,3,2026,5,DAL,08/10,passing_tds,passing_tds,1.2,0.4841711160921615,0.4841711160921615,0.031657767815676974
00-0039150,Bryce Young,QB,CAR,2026,4,2026,6,PHI,18/10,passing_ints,passing_ints,0.6,0.4843312113145014,0.4843312113145014,0.03133757737099718
00-0036997,Javonte Williams,RB,DAL,2026,4,2026,5,TB,08/10,period_1_2_receiving_yds,period_1_2_receiving_yds,6.5,0.48436447604332694,0.48436447604332694,0.03127104791334612
00-0034827,DJ Moore,WR,BUF,2026,18,2026,5,LA,12/10,season_rush_yards,season_rush_yards,5.0,0.4846490084198921,0.4846490084198921,0.030701983160215773
00-0039894,Xavier Worthy,WR,KC,2026,18,2026,6,LAC,18/10,season_rec_tds,season_rec_tds,1.0,0.5151295657769154,0.5151295657769154,0.030259131553830754
00-0035891,Cody White,WR,LV,2026,4,2026,5,NE,11/10,period_1_2_receiving_yds,period_1_2_receiving_yds,0.0,0.48489102768018144,0.48489102768018144,0.030217944639637118
00-0031610,Darren Waller,TE,CAR,2026,18,2026,6,PHI,18/10,season_rush_yards,season_rush_yards,0.0,0.5148807704119863,0.5148807704119863,0.029761540823972643
00-0037228,Jaylen Warren,RB,PIT,2026,18,2026,5,IND,11/10,season_rec_tds,season_rec_tds,0.0,0.5148459671180633,0.5148459671180633,0.029691934236126594
00-0038124,Christian Watson,WR,GB,2026,18,2026,5,CHI,11/10,season_rec_tds,season_rec_tds,4.0,0.514662781260509,0.514662781260509,0.029325562521018034
00-0037840,Kyren Williams,RB,LA,2026,4,2026,5,BUF,12/10,receiving_yards_rb,receiving_yds,22.4,0.5146004549951977,0.5146004549951977,0.029200909990395374
00-0033106,Jared Goff,QB,DET,2026,4,2026,5,ARI,11/10,passing_tds,passing_tds,1.9,0.4853999672563712,0.4853999672563712,0.02920006548725762
00-0040736,Mason Taylor,TE,NYJ,2026,1,2026,5,CLE,11/10,period_1_2_receiving_yds,period_1_2_receiving_yds,-2.0,0.5145191089466481,0.5145191089466481,0.029038217893296192
00-0039359,Cade Stover,TE,HOU,2026,4,2026,5,TEN,11/10,receptions,receptions,1.8,0.5144579410552979,0.5144579410552979,0.028915882110595703
00-0038994,Jordan Addison,WR,MIN,2026,4,2026,5,NO,11/10,receiving_yards,receiving_yds,38.6,0.4856082499027252,0.4856082499027252,0.02878350019454956
00-0040128,Tyler Warren,TE,IND,2026,4,2026,5,PIT,11/10,receptions,receptions,4.8,0.48563143610954285,0.48563143610954285,0.028737127780914307
00-0035544,Tom Kennedy,WR,DET,2025,13,2026,5,ARI,11/10,receptions,receptions,1.4,0.48563942313194275,0.48563942313194275,0.028721153736114502
00-0036265,AJ Dillon,RB,CAR,2026,4,2026,6,PHI,18/10,period_1_2_rushing_yds,period_1_2_rushing_yds,0.2,0.5140659751301865,0.5140659751301865,0.028131950260372962
00-0034577,Kyle Allen,QB,DET,2025,10,2026,5,ARI,11/10,passing_yards,passing_yds,68.2,0.5139246387093668,0.5139246387093668,0.027849277418733553
00-0039021,Roschon Johnson,RB,CHI,2026,4,2026,5,GB,11/10,period_1_2_rushing_yds,period_1_2_rushing_yds,0.0,0.5137771012313123,0.5137771012313123,0.027554202462624522
00-0040177,Jordan James,RB,SF,2026,2,2026,5,SEA,11/10,period_1_2_rushing_yds,period_1_2_rushing_yds,0.0,0.5137771012313123,0.5137771012313123,0.027554202462624522
00-0041326,CJ Donaldson,RB,NO,2026,1,2026,5,MIN,11/10,receiving_yards_rb,receiving_yds,-2.0,0.5136359077907595,0.5136359077907595,0.027271815581519032
00-0036442,Joe Burrow,QB,CIN,2026,18,2026,5,MIA,11/10,season_rush_yards,season_rush_yards,38.0,0.4864061373263619,0.4864061373263619,0.027187725347276204
00-0040187,Mitchell Evans,TE,CAR,2026,18,2026,6,PHI,18/10,season_receiving_yards,season_receiving_yards,66.0,0.5135571038319373,0.5135571038319373,0.027114207663874623
00-0032394,Nick Vannett,TE,TEN,2024,9,2026,5,HOU,11/10,receptions,receptions,1.5,0.486461341381073,0.486461341381073,0.027077317237854004
00-0041040,Antonio Williams,WR,WAS,2026,4,2026,5,NYG,11/10,period_1_2_receiving_yds,period_1_2_receiving_yds,9.0,0.48652950523823146,0.48652950523823146,0.026940989523537073
00-0039814,Erick All,TE,CIN,2026,2,2026,5,MIA,11/10,receiving_yards,receiving_yds,18.1,0.48655644059181213,0.48655644059181213,0.026887118816375732
00-0038551,Kendre Miller,RB,NO,2026,4,2026,5,MIN,11/10,period_1_2_rushing_yds,period_1_2_rushing_yds,7.3,0.48657311605075376,0.48657311605075376,0.026853767898492475
00-0038728,Jared Wayne,WR,HOU,2026,3,2026,5,TEN,11/10,receiving_yards,receiving_yds,17.0,0.5133247971534729,0.5133247971534729,0.0266495943069458
00-0039738,Blake Corum,RB,LA,2026,18,2026,5,BUF,12/10,season_rush_tds,season_rush_tds,0.0,0.5132305873272316,0.5132305873272316,0.026461174654463182
00-0035640,DK Metcalf,WR,PIT,2026,4,2026,5,IND,11/10,receptions,receptions,3.9,0.5131326913833618,0.5131326913833618,0.026265382766723633
00-0038996,Tucker Kraft,TE,GB,2026,18,2026,5,CHI,11/10,season_rush_yards,season_rush_yards,3.0,0.4868859470699931,0.4868859470699931,0.026228105860013784
00-0036550,Rashod Bateman,WR,BAL,2026,18,2026,5,ATL,11/10,season_receiving_yards,season_receiving_yards,171.0,0.513008854999881,0.513008854999881,0.02601770999976205
00-0037840,Kyren Williams,RB,LA,2026,18,2026,5,BUF,12/10,season_rush_tds,season_rush_tds,3.0,0.48699367421590956,0.48699367421590956,0.02601265156818089
00-0040556,Corey Kiner,RB,NE,2026,3,2026,5,LV,11/10,period_1_2_rushing_yds,period_1_2_rushing_yds,3.3,0.48728634140071464,0.48728634140071464,0.02542731719857072
00-0031610,Darren Waller,TE,CAR,2026,4,2026,6,PHI,18/10,period_1_2_receiving_yds,period_1_2_receiving_yds,8.0,0.512648049217674,0.512648049217674,0.02529609843534808
00-0037228,Jaylen Warren,RB,PIT,2026,18,2026,5,IND,11/10,season_rush_yards,season_rush_yards,309.0,0.487408326546415,0.487408326546415,0.025183346907169946
00-0039065,Sam LaPorta,TE,DET,2026,4,2026,5,ARI,11/10,period_1_2_receiving_yds,period_1_2_receiving_yds,22.5,0.5124801126418819,0.5124801126418819,0.024960225283763737
00-0035228,Kyler Murray,QB,MIN,2026,4,2026,5,NO,11/10,period_1_passing_yds,period_1_passing_yds,26.7,0.4877334603759265,0.4877334603759265,0.02453307924814696
00-0034855,Baker Mayfield,QB,TB,2026,3,2026,5,DAL,08/10,period_1_passing_yds,period_1_passing_yds,42.3,0.5122216971501724,0.5122216971501724,0.024443394300344812
00-0036997,Javonte Williams,RB,DAL,2026,4,2026,5,TB,08/10,period_1_2_rushing_yds,period_1_2_rushing_yds,30.8,0.4880802007129513,0.4880802007129513,0.023839598574097454
00-0036754,Brock Wright,TE,DET,2026,4,2026,5,ARI,11/10,receiving_yards,receiving_yds,11.2,0.4882092773914337,0.4882092773914337,0.02358144521713257
00-0036997,Javonte Williams,RB,DAL,2026,4,2026,5,TB,08/10,rush_rec_tds,rush_rec_tds,0.5,0.5112987556314226,0.5112987556314226,0.02259751126284515
00-0035659,Terry McLaurin,WR,WAS,2026,3,2026,5,NYG,11/10,period_1_2_receiving_yds,period_1_2_receiving_yds,19.7,0.5112698858144908,0.5112698858144908,0.022539771628981686
00-0031381,Davante Adams,WR,LA,2026,18,2026,5,BUF,12/10,season_receiving_yards,season_receiving_yards,390.0,0.5111155866820346,0.5111155866820346,0.022231173364069212
00-0040743,Tyler Shough,QB,NO,2026,4,2026,5,MIN,11/10,passing_tds,passing_tds,1.3,0.5111079044240909,0.5111079044240909,0.02221580884818186
00-0040785,Dohnte Meyers,WR,CIN,2026,18,2026,5,MIA,11/10,season_rec_tds,season_rec_tds,0.0,0.5110295950171143,0.5110295950171143,0.022059190034228626
00-0041052,Kaelon Black,RB,SF,2026,4,2026,5,SEA,11/10,rushing_yards,rushing_yds,30.0,0.4890510141849518,0.4890510141849518,0.021897971630096436
00-0038597,Chase Brown,RB,CIN,2026,4,2026,5,MIA,11/10,period_1_rushing_yds,period_1_rushing_yds,12.0,0.4891578668551803,0.4891578668551803,0.021684266289639376
00-0039424,Devaughn Vele,WR,NO,2026,4,2026,5,MIN,11/10,period_1_2_receiving_yds,period_1_2_receiving_yds,21.2,0.5107855438473898,0.5107855438473898,0.021571087694779667
00-0036875,Rhamondre Stevenson,RB,NE,2026,4,2026,5,LV,11/10,period_1_2_rushing_yds,period_1_2_rushing_yds,15.0,0.4892208529972414,0.4892208529972414,0.02155829400551723
00-0040124,Tetairoa McMillan,WR,CAR,2026,4,2026,6,PHI,18/10,receptions,receptions,4.6,0.51060551404953,0.51060551404953,0.02121102809906006
00-0038608,Kayshon Boutte,WR,HOU,2026,18,2026,5,TEN,11/10,season_receiving_yards,season_receiving_yards,115.0,0.48957850299879974,0.48957850299879974,0.020842994002400528
00-0039163,C.J. Stroud,QB,HOU,2026,4,2026,5,TEN,11/10,passing_tds,passing_tds,1.4,0.5103536181774198,0.5103536181774198,0.02070723635483951
00-0038643,Brayden Willis,TE,SF,2024,18,2026,5,SEA,11/10,receiving_yards,receiving_yds,0.0,0.510297417640686,0.510297417640686,0.02059483528137207
00-0040242,Jacory Croskey-Merritt,RB,WAS,2026,4,2026,5,NYG,11/10,period_1_rushing_yds,period_1_rushing_yds,10.2,0.5102879451606381,0.5102879451606381,0.02057589032127627
00-0036945,Justin Fields,QB,NYJ,2025,11,2026,5,CLE,11/10,passing_ints,passing_ints,0.1,0.4897457826440793,0.4897457826440793,0.020508434711841383
00-0037744,Trey McBride,TE,ARI,2026,4,2026,5,DET,11/10,period_1_2_receiving_yds,period_1_2_receiving_yds,38.2,0.5102389357582525,0.5102389357582525,0.020477871516505042
00-0039814,Erick All,TE,CIN,2026,2,2026,5,MIA,11/10,period_1_2_receiving_yds,period_1_2_receiving_yds,0.0,0.48978096223980544,0.48978096223980544,0.02043807552038912
00-0037741,Jahan Dotson,WR,ATL,2026,4,2026,5,BAL,11/10,receiving_yards,receiving_yds,17.9,0.49021613597869873,0.49021613597869873,0.01956772804260254
00-0040666,Omarion Hampton,RB,LAC,2026,18,2026,5,DEN,11/10,season_rush_tds,season_rush_tds,3.0,0.49025105180963086,0.49025105180963086,0.01949789638073829
00-0039359,Cade Stover,TE,HOU,2026,4,2026,5,TEN,11/10,receiving_yards,receiving_yds,11.4,0.5097324848175049,0.5097324848175049,0.019464969635009766
00-0041027,Jeremiyah Love,RB,ARI,2026,4,2026,5,DET,11/10,receiving_yards_rb,receiving_yds,9.0,0.5097056449881728,0.5097056449881728,0.01941128997634567
00-0037248,James Cook,RB,BUF,2026,4,2026,5,LA,12/10,rush_rec_tds,rush_rec_tds,0.5,0.49035737326872875,0.49035737326872875,0.019285253462542506
00-0040590,Konata Mumpfield,WR,LA,2026,4,2026,5,BUF,12/10,period_1_2_receiving_yds,period_1_2_receiving_yds,3.8,0.49054142738139866,0.49054142738139866,0.01891714523720267
00-0040878,Mike Washington Jr.,RB,LV,2026,4,2026,5,NE,11/10,rushing_yards,rushing_yds,30.0,0.4905998110771179,0.4905998110771179,0.01880037784576416
00-0039361,Bucky Irving,RB,TB,2026,4,2026,5,DAL,08/10,period_1_2_receiving_yds,period_1_2_receiving_yds,2.0,0.49064191771557686,0.49064191771557686,0.018716164568846283
00-0034753,Mark Andrews,TE,BAL,2026,4,2026,5,ATL,11/10,receptions,receptions,3.1,0.5092397332191467,0.5092397332191467,0.018479466438293457
00-0038618,Xavier Hutchinson,WR,HOU,2026,4,2026,5,TEN,11/10,receiving_yards,receiving_yds,33.5,0.5092070698738098,0.5092070698738098,0.01841413974761963
00-0039738,Blake Corum,RB,LA,2026,18,2026,5,BUF,12/10,season_rush_yards,season_rush_yards,162.0,0.5091724822141804,0.5091724822141804,0.018344964428360866
00-0039163,C.J. Stroud,QB,HOU,2026,4,2026,5,TEN,11/10,period_1_2_passing_yds,period_1_2_passing_yds,127.0,0.5089359335028533,0.5089359335028533,0.017871867005706532
00-0040236,Kyle Monangai,RB,CHI,2026,18,2026,5,GB,11/10,season_receiving_yards,season_receiving_yards,39.0,0.5089097471106141,0.5089097471106141,0.017819494221228194
00-0036898,Davis Mills,QB,HOU,2025,18,2026,5,TEN,11/10,period_1_2_passing_yds,period_1_2_passing_yds,83.8,0.49129652860617645,0.49129652860617645,0.017406942787647095
00-0035544,Tom Kennedy,WR,DET,2025,13,2026,5,ARI,11/10,receiving_yards,receiving_yds,17.8,0.49132415652275085,0.49132415652275085,0.01735168695449829
00-0040867,Makai Lemon,WR,PHI,2026,4,2026,5,JAX,11/10,receiving_yards,receiving_yds,16.2,0.5086649060249329,0.5086649060249329,0.017329812049865723
00-0036040,Juwan Johnson,TE,NO,2026,4,2026,5,MIN,11/10,period_1_2_receiving_yds,period_1_2_receiving_yds,19.0,0.4913390891300522,0.4913390891300522,0.017321821739895604
00-0033576,Eric Saubert,TE,DEN,2022,17,2026,5,LAC,11/10,receiving_yards,receiving_yds,11.3,0.5085290670394897,0.5085290670394897,0.017058134078979492
00-0040131,Kyle Williams,WR,NE,2026,4,2026,5,LV,11/10,receiving_yards,receiving_yds,15.4,0.5085005164146423,0.5085005164146423,0.017001032829284668
00-0026498,Matthew Stafford,QB,LA,2026,4,2026,5,BUF,12/10,passing_ints,passing_ints,0.8,0.49152082400657277,0.49152082400657277,0.01695835198685447
00-0041037,Denzel Boston,WR,CLE,2026,4,2026,5,NYJ,11/10,receptions,receptions,3.2,0.49162647128105164,0.49162647128105164,0.01674705743789673
00-0038976,Marvin Mims Jr.,WR,DEN,2026,4,2026,5,LAC,11/10,receptions,receptions,2.8,0.4917231500148773,0.4917231500148773,0.01655369997024536
00-0035229,T.J. Hockenson,TE,MIN,2026,4,2026,5,NO,11/10,period_1_2_receiving_yds,period_1_2_receiving_yds,17.8,0.4919016567785943,0.4919016567785943,0.01619668644281136
00-0038611,Chris Rodriguez Jr.,RB,JAX,2026,4,2026,5,PHI,11/10,rushing_yards,rushing_yds,38.0,0.4923548102378845,0.4923548102378845,0.015290379524230957
00-0040727,Tre Harris,WR,LAC,2026,4,2026,5,DEN,11/10,receiving_yards,receiving_yds,30.1,0.49236729741096497,0.49236729741096497,0.015265405178070068
00-0036264,Jordan Love,QB,GB,2026,4,2026,5,CHI,11/10,passing_ints,passing_ints,0.5,0.5076202752443082,0.5076202752443082,0.015240550488616389
00-0040128,Tyler Warren,TE,IND,2026,4,2026,5,PIT,11/10,period_1_2_receiving_yds,period_1_2_receiving_yds,19.8,0.49239669105268336,0.49239669105268336,0.01520661789463329
00-0036898,Davis Mills,QB,HOU,2025,18,2026,5,TEN,11/10,passing_ints,passing_ints,0.1,0.49240663397580625,0.49240663397580625,0.015186732048387497
00-0038618,Xavier Hutchinson,WR,HOU,2026,4,2026,5,TEN,11/10,period_1_2_receiving_yds,period_1_2_receiving_yds,16.2,0.5075864122345336,0.5075864122345336,0.015172824469067203
00-0041013,Emmett Johnson,RB,KC,2026,18,2026,6,LAC,18/10,season_rush_yards,season_rush_yards,56.0,0.5074205527845471,0.5074205527845471,0.014841105569094237
00-0039880,Malik Washington,WR,MIA,2026,4,2026,5,CIN,11/10,receptions,receptions,3.2,0.4926365911960602,0.4926365911960602,0.014726817607879639
00-0033293,Aaron Jones,RB,MIN,2026,4,2026,5,NO,11/10,period_1_2_receiving_yds,period_1_2_receiving_yds,3.8,0.5073009095924977,0.5073009095924977,0.01460181918499548
00-0039890,Adonai Mitchell,WR,NYJ,2026,2,2026,5,CLE,11/10,receiving_yards,receiving_yds,33.4,0.49271366000175476,0.49271366000175476,0.014572679996490479
00-0033106,Jared Goff,QB,DET,2026,18,2026,5,ARI,11/10,season_rush_yards,season_rush_yards,15.0,0.5072568137749136,0.5072568137749136,0.014513627549827213
00-0040867,Makai Lemon,WR,PHI,2026,18,2026,5,JAX,11/10,season_rec_tds,season_rec_tds,0.0,0.5072250615114501,0.5072250615114501,0.014450123022900163
00-0040277,Jahdae Walker,WR,CHI,2026,1,2026,5,GB,11/10,receiving_yards,receiving_yds,22.0,0.5070083737373352,0.5070083737373352,0.01401674747467041
00-0038824,Ryan Miller,WR,MIA,2026,3,2026,5,CIN,11/10,receiving_yards,receiving_yds,18.1,0.506767749786377,0.506767749786377,0.013535499572753906
00-0036637,Noah Gray,TE,KC,2026,4,2026,6,LAC,18/10,receptions,receptions,1.6,0.5067238807678223,0.5067238807678223,0.013447761535644531
00-0038579,Aidan O'Connell,QB,LV,2025,18,2026,5,NE,11/10,passing_yards,passing_yds,186.6,0.4932932798394924,0.4932932798394924,0.013413440321015213
00-0036550,Rashod Bateman,WR,BAL,2026,4,2026,5,ATL,11/10,receiving_yards,receiving_yds,24.1,0.506363034248352,0.506363034248352,0.012726068496704102
00-0033757,Robert Tonyan,TE,CHI,2023,17,2026,5,GB,11/10,receiving_yards,receiving_yds,15.0,0.5063531398773193,0.5063531398773193,0.012706279754638672
00-0038597,Chase Brown,RB,CIN,2026,4,2026,5,MIA,11/10,period_1_2_rushing_yds,period_1_2_rushing_yds,25.5,0.4938011014644728,0.4938011014644728,0.012397797071054373
00-0041251,Jalon Daniels,QB,TB,2026,4,2026,5,DAL,08/10,period_1_passing_yds,period_1_passing_yds,6.5,0.49382646479397513,0.49382646479397513,0.012347070412049743
00-0040234,Quinn Ewers,QB,MIA,2025,18,2026,5,CIN,11/10,passing_yards,passing_yds,155.5,0.5061716694961058,0.5061716694961058,0.012343338992211628
00-0033280,Christian McCaffrey,RB,SF,2026,18,2026,5,SEA,11/10,season_rec_tds,season_rec_tds,0.0,0.5061151952848327,0.5061151952848327,0.012230390569665461
00-0039901,Keon Coleman,WR,BUF,2026,4,2026,5,LA,12/10,receiving_yards,receiving_yds,33.1,0.5060858726501465,0.5060858726501465,0.012171745300292969
00-0036924,Michael Carter,RB,ARI,2025,18,2026,5,DET,11/10,rushing_yards,rushing_yds,29.0,0.49391478300094604,0.49391478300094604,0.01217043399810791
00-0038618,Xavier Hutchinson,WR,HOU,2026,18,2026,5,TEN,11/10,season_rush_yards,season_rush_yards,4.0,0.5058177182583861,0.5058177182583861,0.011635436516772124
00-0039066,Michael Mayer,TE,LV,2026,4,2026,5,NE,11/10,receiving_yards,receiving_yds,31.1,0.49432262778282166,0.49432262778282166,0.01135474443435669
00-0037239,Chris Olave,WR,NO,2026,4,2026,5,MIN,11/10,period_1_2_receiving_yds,period_1_2_receiving_yds,43.8,0.4943243601904229,0.4943243601904229,0.011351279619154164
00-0036876,Kylen Granson,TE,PHI,2025,18,2026,5,JAX,11/10,receiving_yards,receiving_yds,13.3,0.5056475400924683,0.5056475400924683,0.011295080184936523
00-0036971,Trevor Lawrence,QB,JAX,2026,18,2026,5,PHI,11/10,season_rush_yards,season_rush_yards,34.0,0.5056263728017314,0.5056263728017314,0.011252745603462788
00-0038046,Charlie Kolar,TE,BAL,2024,5,2026,5,ATL,11/10,receptions,receptions,1.5,0.49438491463661194,0.49438491463661194,0.011230170726776123
00-0033576,Eric Saubert,TE,DEN,2022,17,2026,5,LAC,11/10,receptions,receptions,1.3,0.4945259988307953,0.4945259988307953,0.010948002338409424
00-0038090,Skyy Moore,WR,GB,2026,4,2026,5,CHI,11/10,period_1_2_receiving_yds,period_1_2_receiving_yds,2.0,0.49460649692916997,0.49460649692916997,0.01078700614166006
00-0040234,Quinn Ewers,QB,MIA,2025,18,2026,5,CIN,11/10,passing_tds,passing_tds,0.8,0.4946354599665624,0.4946354599665624,0.01072908006687523
00-0038597,Chase Brown,RB,CIN,2026,18,2026,5,MIA,11/10,season_rush_tds,season_rush_tds,1.0,0.5052933243287943,0.5052933243287943,0.010586648657588515
00-0039912,Ben Sinnott,TE,WAS,2024,7,2026,5,NYG,11/10,receiving_yards,receiving_yds,6.0,0.5052240490913391,0.5052240490913391,0.010448098182678223
00-0041117,Athan Kaliakmanis,QB,WAS,2026,4,2026,5,NYG,11/10,passing_yards,passing_yds,186.0,0.5051219204217654,0.5051219204217654,0.010243840843530805
00-0040743,Tyler Shough,QB,NO,2026,18,2026,5,MIN,11/10,season_rush_yards,season_rush_yards,72.0,0.5050752977883654,0.5050752977883654,0.010150595576730703
00-0036275,D'Andre Swift,RB,CHI,2026,18,2026,5,GB,11/10,season_receiving_yards,season_receiving_yards,84.0,0.5050199538063911,0.5050199538063911,0.010039907612782173
00-0040727,Tre Harris,WR,LAC,2026,4,2026,5,DEN,11/10,receptions,receptions,2.4,0.49509483575820923,0.49509483575820923,0.009810328483581543
00-0040198,Ollie Gordon II,RB,MIA,2026,4,2026,5,CIN,11/10,period_1_2_rushing_yds,period_1_2_rushing_yds,14.7,0.49522542170439215,0.49522542170439215,0.00954915659121569
00-0039880,Malik Washington,WR,MIA,2026,18,2026,5,CIN,11/10,season_rush_yards,season_rush_yards,12.0,0.49540363544946425,0.49540363544946425,0.009192729101071495
00-0038134,Kenneth Walker III,RB,KC,2026,4,2026,6,LAC,18/10,rushing_yards,rushing_yds,87.8,0.49549391865730286,0.49549391865730286,0.009012162685394287
00-0040177,Jordan James,RB,SF,2026,2,2026,5,SEA,11/10,rushing_yards,rushing_yds,21.5,0.4955972731113434,0.4955972731113434,0.008805453777313232
00-0038597,Chase Brown,RB,CIN,2026,4,2026,5,MIA,11/10,receiving_yards_rb,receiving_yds,27.8,0.49567569951927637,0.49567569951927637,0.008648600961447261
00-0035891,Cody White,WR,LV,2026,18,2026,5,NE,11/10,season_receiving_yards,season_receiving_yards,64.0,0.5042857976175334,0.5042857976175334,0.008571595235066898
00-0040886,Nicholas Singleton,RB,TEN,2026,4,2026,5,HOU,11/10,period_1_2_rushing_yds,period_1_2_rushing_yds,0.0,0.4958485858959552,0.4958485858959552,0.008302828208089585
00-0036309,Darnell Mooney,WR,NYG,2026,4,2026,5,WAS,11/10,receptions,receptions,1.9,0.5039514303207397,0.5039514303207397,0.007902860641479492
00-0033110,Tyler Higbee,TE,LA,2026,4,2026,5,BUF,12/10,receiving_yards,receiving_yds,35.0,0.4961702823638916,0.4961702823638916,0.007659435272216797
00-0036442,Joe Burrow,QB,CIN,2026,4,2026,5,MIA,11/10,period_1_2_passing_yds,period_1_2_passing_yds,138.8,0.49624387921649166,0.49624387921649166,0.0075122415670166864
00-0041096,Kaytron Allen,RB,WAS,2026,4,2026,5,NYG,11/10,period_1_2_rushing_yds,period_1_2_rushing_yds,0.7,0.5036994621299369,0.5036994621299369,0.0073989242598737626
00-0038563,Tre Tucker,WR,LV,2026,4,2026,5,NE,11/10,receptions,receptions,3.3,0.5036084651947021,0.5036084651947021,0.007216930389404297
00-0036646,Simi Fehoko,WR,LAC,2024,9,2026,5,DEN,11/10,receiving_yards,receiving_yds,17.4,0.5035187602043152,0.5035187602043152,0.007037520408630371
00-0040075,LaJohntay Wester,WR,BAL,2026,2,2026,5,ATL,11/10,receiving_yards,receiving_yds,14.5,0.49650323390960693,0.49650323390960693,0.006993532180786133
00-0039075,Puka Nacua,WR,LA,2026,4,2026,5,BUF,12/10,period_1_2_receiving_yds,period_1_2_receiving_yds,36.5,0.4965237669703121,0.4965237669703121,0.006952466059375828
00-0038454,Keaton Mitchell,RB,LAC,2026,4,2026,5,DEN,11/10,rushing_yards,rushing_yds,29.1,0.4965567886829376,0.4965567886829376,0.006886422634124756
00-0036550,Rashod Bateman,WR,BAL,2026,18,2026,5,ATL,11/10,season_rec_tds,season_rec_tds,1.0,0.5033737545925915,0.5033737545925915,0.006747509185182965
00-0037263,Tyler Allgeier,RB,ARI,2026,18,2026,5,DET,11/10,season_rush_yards,season_rush_yards,112.0,0.5031727267757469,0.5031727267757469,0.0063454535514937405
00-0029604,Kirk Cousins,QB,LV,2026,18,2026,5,NE,11/10,season_rush_yards,season_rush_yards,-2.0,0.49685422990983286,0.49685422990983286,0.006291540180334287
00-0041044,Zachariah Branch,WR,ATL,2026,4,2026,5,BAL,11/10,receiving_yards,receiving_yds,10.3,0.503106415271759,0.503106415271759,0.006212830543518066
00-0041547,KC Concepcion,WR,CLE,2026,4,2026,5,NYJ,11/10,receiving_yards,receiving_yds,36.0,0.4971759021282196,0.4971759021282196,0.005648195743560791
00-0038128,Malik Willis,QB,MIA,2026,4,2026,5,CIN,11/10,passing_ints,passing_ints,0.1,0.5027961319617174,0.5027961319617174,0.005592263923434704
00-0040494,Max Brosmer,QB,MIN,2025,18,2026,5,NO,11/10,period_1_2_passing_yds,period_1_2_passing_yds,11.4,0.49731928606951525,0.49731928606951525,0.005361427860969492
00-0040878,Mike Washington Jr.,RB,LV,2026,18,2026,5,NE,11/10,season_rush_yards,season_rush_yards,120.0,0.497509606957929,0.497509606957929,0.004980786084141986
00-0038128,Malik Willis,QB,MIA,2026,4,2026,5,CIN,11/10,passing_tds,passing_tds,0.4,0.4975158215860702,0.4975158215860702,0.004968356827859566
00-0033293,Aaron Jones,RB,MIN,2026,4,2026,5,NO,11/10,period_1_2_rushing_yds,period_1_2_rushing_yds,37.5,0.49753360860899565,0.49753360860899565,0.0049327827820087045
00-0040785,Dohnte Meyers,WR,CIN,2026,4,2026,5,MIA,11/10,receptions,receptions,2.8,0.5024425387382507,0.5024425387382507,0.004885077476501465
00-0034981,Foster Moreau,TE,HOU,2026,18,2026,5,TEN,11/10,season_receiving_yards,season_receiving_yards,57.0,0.49757665819034874,0.49757665819034874,0.0048466836193025165
00-0032464,Kalif Raymond,WR,CHI,2026,18,2026,5,GB,11/10,season_rush_yards,season_rush_yards,0.0,0.5024021938209429,0.5024021938209429,0.004804387641885732
00-0035229,T.J. Hockenson,TE,MIN,2026,4,2026,5,NO,11/10,receiving_yards,receiving_yds,34.8,0.5023587942123413,0.5023587942123413,0.004717588424682617
00-0033873,Patrick Mahomes,QB,KC,2026,4,2026,6,LAC,18/10,period_1_passing_yds,period_1_passing_yds,47.8,0.5022981600289644,0.5022981600289644,0.004596320057928871
00-0041529,Kevin Coleman Jr.,WR,MIA,2026,4,2026,5,CIN,11/10,period_1_2_receiving_yds,period_1_2_receiving_yds,1.0,0.4977774410362521,0.4977774410362521,0.004445117927495801
00-0039746,Will Shipley,RB,PHI,2026,18,2026,5,JAX,11/10,season_rush_yards,season_rush_yards,51.0,0.49780998839517393,0.49780998839517393,0.00438002320965214
00-0040667,Matthew Golden,WR,GB,2026,4,2026,5,CHI,11/10,receiving_yards,receiving_yds,40.7,0.4978606104850769,0.4978606104850769,0.004278779029846191
00-0033858,Jonnu Smith,TE,GB,2026,4,2026,5,CHI,11/10,receiving_yards,receiving_yds,13.6,0.5020239949226379,0.5020239949226379,0.004047989845275879
00-0037816,Romeo Doubs,WR,NE,2026,4,2026,5,LV,11/10,period_1_2_receiving_yds,period_1_2_receiving_yds,10.2,0.5018814870998711,0.5018814870998711,0.0037629741997422528
00-0036264,Jordan Love,QB,GB,2026,4,2026,5,CHI,11/10,period_1_passing_yds,period_1_passing_yds,55.2,0.5018517767003293,0.5018517767003293,0.0037035534006586435
00-0030565,Geno Smith,QB,NYJ,2026,4,2026,5,CLE,11/10,passing_yards,passing_yds,193.5,0.49830005227574004,0.49830005227574004,0.0033998954485199295
00-0032950,Carson Wentz,QB,MIN,2026,2,2026,5,NO,11/10,passing_yards,passing_yds,179.9,0.5016404964763531,0.5016404964763531,0.00328099295270623
00-0036919,Kenny Gainwell,RB,TB,2026,18,2026,5,DAL,08/10,season_rush_yards,season_rush_yards,26.0,0.5015485838100822,0.5015485838100822,0.0030971676201643206
00-0033077,Dak Prescott,QB,DAL,2026,4,2026,5,TB,08/10,passing_yards,passing_yds,266.3,0.49856611462099165,0.49856611462099165,0.0028677707580166967
00-0040663,Harold Fannin Jr.,TE,CLE,2026,4,2026,5,NYJ,11/10,period_1_2_receiving_yds,period_1_2_receiving_yds,14.8,0.4986095830447275,0.4986095830447275,0.0027808339105449553
00-0035659,Terry McLaurin,WR,WAS,2026,3,2026,5,NYG,11/10,receptions,receptions,3.9,0.49866488575935364,0.49866488575935364,0.0026702284812927246
00-0035891,Cody White,WR,LV,2026,4,2026,5,NE,11/10,receiving_yards,receiving_yds,19.4,0.5012788772583008,0.5012788772583008,0.0025577545166015625
00-0038996,Tucker Kraft,TE,GB,2026,4,2026,5,CHI,11/10,receptions,receptions,3.8,0.4988635182380676,0.4988635182380676,0.002272963523864746
00-0038563,Tre Tucker,WR,LV,2026,4,2026,5,NE,11/10,receiving_yards,receiving_yds,40.2,0.5010162591934204,0.5010162591934204,0.0020325183868408203
00-0037085,Tyler Badie,RB,DEN,2024,4,2026,5,LAC,11/10,rushing_yards,rushing_yds,21.5,0.5009793639183044,0.5009793639183044,0.0019587278366088867
00-0039410,Ryan Flournoy,WR,DAL,2026,18,2026,5,TB,08/10,season_rec_tds,season_rec_tds,0.0,0.5008542331349063,0.5008542331349063,0.0017084662698125808
00-0032464,Kalif Raymond,WR,CHI,2026,4,2026,5,GB,11/10,receptions,receptions,2.8,0.5007717609405518,0.5007717609405518,0.0015435218811035156
00-0040784,Quinshon Judkins,RB,CLE,2026,18,2026,5,NYJ,11/10,season_rec_tds,season_rec_tds,0.0,0.499382412359229,0.499382412359229,0.0012351752815420447
00-0036358,CeeDee Lamb,WR,DAL,2026,4,2026,5,TB,08/10,period_1_2_receiving_yds,period_1_2_receiving_yds,45.5,0.5005350592212927,0.5005350592212927,0.0010701184425854215
00-0037838,Isaiah Likely,TE,NYG,2026,4,2026,5,WAS,11/10,receptions,receptions,3.3,0.5005205273628235,0.5005205273628235,0.0010410547256469727
00-0037228,Jaylen Warren,RB,PIT,2026,4,2026,5,IND,11/10,rushing_yards,rushing_yds,62.4,0.49998342990875244,0.49998342990875244,3.314018249511719e-05
